#key	synopsis
10-Pin Bowling (USA) (Proto)	10-PIN BOWLING traz toda a diversão do boliche em miniatura para o seu Game Boy Color. Jogue sozinho ou com um amigo em 10 rodadas de pura ação de boliche tradicional. Desafie seu amigo para ver quem é melhor ou tente bater seus próprios recordes para ver se consegue superá-los. Mire com cuidado e aplique a força certa para acumular strikes rapidamente. Este cartucho também utiliza a tecnologia Rumble, para que você sinta cada strike e spare na pista. 10-PIN BOWLING tem tudo, menos o aluguel dos sapatos fedorentos. Você vai dominar a pista ou vai acabar fazendo só bola na canaleta?
3 Choume no Tama - Tama and Friends - 3 Choume Obake Panic!! (Japan)	Você está jogando como um gatinho correndo por uma cidade. Tente evitar carros e cães maus enquanto encontra todos os seus amigos animais. Aumente a quantidade de acertos que você pode receber jogando alguns minijogos.
3-pun Yosou - Umaban Club (Japan)	O jogo permite que os jogadores façam apostas em corridas de cavalos.
4-in-1 Fun Pak (USA, Europe)	4-em-1 Fun Pak combina quatro jogos de tabuleiro para jogar contra a CPU ou um colega jogador. Os títulos incluídos são Xadrez, Damas, Reversi e Gamão. Cada jogo apresenta uma série de diferentes configurações de dificuldade (1 sendo o mais fácil, 6 o mais difícil), com visuais simples em preto e branco e um oponente de CPU desafiador para enfrentar. Multiplayer está disponível, usando o mesmo Game Boy entre dois jogadores ou usando a opção de link do sistema para jogar com dois Game Boys.
4-in-1 Funpak - Volume II (USA, Europe)	Agora você pode ter quatro dos jogos de tabuleiro mais populares de todos os tempos no seu GAME BOY... todos juntos em um pacote cheio de diversão! Xadrez Sargão... Damas... Gamão... Reversi... a qualquer hora, em qualquer lugar. O Fun Pak 4 em 1 da Interplay é o adversário perfeito, em casa ou na estrada. Todos os quatro jogos podem ser jogados sozinho, cara a cara ou via GAME BOY's GAME LINK. Então, sempre que você estiver procurando por uma competição acirrada, basta ligar seu GAME BOY e dar o seu melhor.
A-mazing Tater (USA)	Este jogo de quebra-cabeça é o sucessor do Kwirk. O jogador deve guiar uma pequena batata até a saída de cada nível, o que é dificultado por uma série de obstáculos. As caixas devem ser empurradas para fora do caminho ou para dentro dos orifícios para que possam ser empurradas. A dificuldade é aumentada pelo fato de haver caixas e buracos de diferentes formas e tamanhos, e muitos níveis conterem diferentes tipos de portas giratórias. O jogo apresenta quatro modos de jogo diferentes: Modo iniciante no qual o básico é explicado e o jogador recebe dicas sobre como resolver cada nível. Modo de prática que permite ao jogador escolher o tamanho dos níveis que são selecionados aleatoriamente. Modo de quebra-cabeça no qual o jogador deve completar 40 níveis e recebe uma pontuação baseada no tempo que leva para completar o nível. E o modo Action, que é um modo de história que contém duas histórias. O jogo também possui um sistema de senha e quatro níveis de dificuldade diferentes.
Aa Harimanada (Japan)	Aa Harimanada é um jogo de luta de sumô baseado no mangá e anime criado por Kei Sadayasu. Como no esporte real, o objetivo é tirar o adversário do ringue. No entanto, não é uma interpretação particularmente realista do sumô, jogando muito como um tradicional jogo de luta 1 contra 1. Existem agarramentos, arremessos e movimentos especiais, e o jogador também pode vencer por nocaute, drenando a resistência do oponente. Existe um modo single-player que segue a história do protagonista Harimanada, bem como um modo versus para um ou dois jogadores, onde qualquer um dos 15 personagens pode ser usado.
Addams Family, The (USA)	&quot;The Addams Family&quot; é um jogo de plataforma lançado em 1991 pela Ocean Software para diversos consoles, incluindo o Game Boy. O jogo é baseado na série de televisão e filmes de mesmo nome, que apresenta uma família excêntrica e macabra vivendo em uma estranha mansão.
Addams Family, The - Pugsley's Scavenger Hunt (USA, Europe)	A mansão da família vai ser demolida e substituída por um parque de diversões, e assim a família será despejada. Enquanto os adultos tentam encontrar uma solução, as crianças andam pela casa ajudando da sua maneira peculiar. Somente se encontrarem os documentos de propriedade da Mansão é que os empreiteiros podem ser parados.
Adventure Island (USA, Europe)	No Pacífico Sul, o Mestre Higgins vive pacificamente vestindo apenas uma saia de grama e um boné. Isso até que o Feiticeiro Maligno decida capturar Tina e segurá-la como sua. Cabe ao Mestre Higgins reunir machados, bolas de fogo e skates para ajudar em sua nobre missão. O jogo é um side scroller, Master Higgins se move pela tela da esquerda para a direita e encontra seus power-ups em ovos gigantes. Isso inclui um skate que resulta em um grande aumento de velocidade - até que Master Higgins seja atingido e perca seu poder. Se ele não estiver em um skate, um golpe significa morte instantânea. Outra mecânica de jogo é a fome que é indicada através de um medidor que diminui constantemente. Se chegar a zero, o herói morre e a única maneira de preenchê-lo é coletando comida no caminho. Os chefes esperam por ele no final dos níveis, até o próprio Evil Witch Doctor.
Adventure Island II - Aliens in Paradise (USA, Europe)	Jeannie Jungle foi capturada por alienígenas! Ela está presa em algum lugar em uma das oito ilhas e você, como o heróico Mestre Higgins, deve encontrá-la. Mas tenha cuidado - cada ilha é guardada por uma enorme criatura que está com muita fome! Explore 8 níveis Colete itens como: Machados, Skates e bumerangues Conte com a ajuda dos dinossauros locais Salve sua namorada dos alienígenas ameaçadores Felizmente, você tem uma pequena ajuda. Existem cinco tipos de dinossauros amigáveis esperando para lhe dar uma carona. Eles estão presos em ovos que você precisará abrir! Ovos escondidos estão espalhados por todas as ilhas. Ao encontrá-los e abri-los, você pode obter um bônus, ou até mesmo um caminho secreto para a próxima ilha! Só não coma a berinjela... Então suba em um de seus amigos dinossauros e vá para o resgate de Jeannie!
Adventures of Rocky and Bullwinkle and Friends, The (USA)	Moose on the Loose ou Squirrely Heroes! Um novo episódio na vida de Bullwinkle quando ele descobre que é o Perdido Conde de Moosechester! Ele e seu amigo, Rocket J. Squirrel, precisam ir de Frostbite Falls, Minnesota até a Abombinable Manor na Inglaterra para que ele possa receber sua herança. O problema é que aqueles dois malfeitores, Boris Badenov e Natasha Fatale, estão atrás da mesma fortuna. Como Bullwinkle, você irá enfrentar inimigos terríveis enquanto evita os ataques bombásticos de Boris e Natasha. Ou, como Rocky, o Esquilo Voador, você voará para a ação contra vilões armados com gás bobo. Você é moose o suficiente para esse desafio? Fique ligado! Dê poderosos cabeçadas como um alce enfurecido! Mergulhe nos inimigos em grande estilo de esquilo! Troque instantaneamente de Bullwinkle para Rocky - o que a situação exigir!
Aerostar (USA, Europe)	Aerostar é um shooter de rolagem vertical de cima para baixo. O jogador controla uma aeronave, mas em vez de percorrer toda a tela, ela só pode permanecer ou voar sobre uma estrada predefinida. No entanto, ele pode subir ao custo de desativar suas armas antes de descer de volta para outra estrada ou para a que estava antes. Como a maioria dos atiradores de cima para baixo, existem pods de power-up que fornecem uma variedade de mísseis, lasers e pods de guardiões. No final de cada nível há chefes extremamente difíceis. Nenhum enredo é fornecido.
After Burst (Japan) (En)	Em After Burst, o jogador assume o papel de um robô de combate que deve destruir um orbe em cada nível de tela. Mas antes que isso possa acontecer, uma série de obstáculos deve ser eliminada, por exemplo. robôs errantes, desafios de plataforma ou pequenos quebra-cabeças (quando os blocos não destrutíveis são colocados diretamente acima dos destrutíveis, eles caem quando seu suporte acaba). Além de andar e pular, o robô também tem uma arma à sua disposição. O ângulo pode ser alterado e segurando o botão de disparo por mais tempo, a distância de vôo do tiro pode ser definida. Cada nível tem um limite de tempo e às vezes há um chefe para derrotar. Além disso, há um modo de duelo, também em níveis mostrados de lado, no qual dois oponentes (o segundo controlado por um humano ou pela IA) tentam se matar.
Aladdin (World) (Disney Classic Games) (SGB Enhanced)	O jogador controla Aladdin, que deve atravessar vários níveis inspirados no filme: das ruas e telhados de Agrabah, a Caverna das Maravilhas e a masmorra do Sultão até o confronto final no palácio do Grande Vizir Jafar. Os guardas do sultão e também os animais do deserto querem bloquear o caminho de Aladdin, que pode se defender com sua espada ou atirando maçãs. Junto com as maçãs, Aladdin também pode coletar joias que podem ser trocadas por vidas e &quot;continues&quot; com os mercadores. Encontrar ícones Gênio ou Abu permite o acesso a níveis de bônus.
Alfred Chicken (USA)	Alfred, o frango, precisa resgatar seus amigos e seu pássaro (com o perdão do trocadilho) Floella das Galinhas Meka. O resultado é um jogo de plataforma com níveis temáticos diferentes, que são concluídos subindo até o topo do nível ou matando um chefe. Jogos bônus e salas secretas foram incluídos, e a progressão às vezes requer a resolução de quebra-cabeças posicionais. Alfred não pode voar, mas pode usar rampas para pular e atingir os inimigos com seu bico biônico — isso os mata, mas qualquer outro contato machucará Alfred. Cuidado com os caracóis espinhosos. Outros inimigos incluem baleias armadas com armas de fogo e bombas perdidas.
Alien vs Predator - The Last of His Clan (USA)	No ano de 2593, no planeta Alfa Centauri 3, Predadores à procura de um terreno de caça plantam ovos Alienígenas. Os Aliens depressa eclodem do ovo e exterminam toda a população humana. No entanto, quando os predadores iniciam a caçada, percebem que estão em grande desvantagem numérica e sofrem o mesmo destino. Apenas um deles sobrevive. Ele pensa que entre os ovos plantados, havia uma rainha que punha ovos adicionais, o que explicaria o grande número de Aliens. O último sobrevivente promete destruir a rainha e recuperar a honra do seu clã. O Predador deve atravessar vários níveis para chegar até à rainha, enquanto destrói Alienígenas em todas as suas formas - Facehuggers, Aliens e Guerreiros Adultos.
Alleyway (World)	Alleyway é um jogo de quebra de tijolos desenvolvido pela Nintendo e Intelligent Systems para o Game Boy. É um clone do Breakout e um dos primeiros jogos desenvolvidos para o Game Boy. O objetivo do jogador em Alleyway é limpar todos os tijolos em cada fase usando uma bola e uma raquete enquanto evita que a bola caia no fosso abaixo, semelhante ao de Breakout. A velocidade da raquete pode ser ajustada segurando o botão B ou A no controlador enquanto move a raquete, que pode se mover apenas horizontalmente em uma altura fixa. No início de cada vida, o jogador pode reposicionar a raquete antes de soltar a bola e iniciar o jogo. Quando lançada, a bola sempre começará em um ângulo de 45° acima da raquete voltada para o centro. O jogador inicia o jogo com cinco raquetes; cada vez que a bola cai no poço abaixo da raquete, uma raquete é removida e a bola é reiniciada.
Amazing Penguin (World) (Limited Run Games)	&quot;Amazing Penguin&quot; é um jogo de quebra-cabeça para Game Boy lançado pela Natsume em 1991. No jogo, o jogador controla um pinguim chamado Penta, que deve coletar todos os peixes em cada nível para avançar para o próximo. O jogo apresenta mais de 90 fases desafiadoras, cada uma com um layout diferente.
Amazing Spider-Man, The (USA, Europe)	Mary Jane foi sequestrada! Um dos inimigos do Homem-Aranha descobriu sua verdadeira identidade, Peter Parker. Infelizmente para o Aranha, exatamente quem sequestrou Mary Jane é um mistério. Então, você deve guiar o Homem-Aranha por 5 níveis para descobrir onde ela está escondida. Esta versão de 1990 é um jogo de ação side-scrolling. O Homem-Aranha pode usar suas habilidades de fazer teias para se pendurar no teto ou atirar teias como balas, mas a maioria de seus ataques são socos ou chutes. Também estão incluídos dois segmentos de escalada de edifícios com rolagem vertical.
America Oudan Ultra Quiz Part 3 - Champion Taikai (Japan)	O conteúdo é basicamente o mesmo da versão do Super Nintendo &quot;America Oudan Ultra Quiz&quot;, lançada na mesma época, mas além do modo normal, há um modo de campeonato que você pode jogar se concluí-lo.
Amida (Japan) (En)	Amida é um videogame japonês de quebra-cabeça de escalada. O jogo exige que os jogadores naveguem com segurança pelo personagem principal por várias pontes pré-definidas. Cada ponte é composta por vários obstáculos pelos quais o personagem navegará cegamente. O jogador pode utilizar uma plataforma animada para redirecionar o personagem principal enquanto ele se move pelo palco.
Another Bible (Japan) (SGB Enhanced)	Era uma vez uma grande guerra entre os humanos e os demônios. Após batalhas prolongadas, ambos os lados chegaram a um acordo e estabeleceram a paz. Mas agora, as coisas começam a mudar. Um culto demoníaco está se tornando popular e os demônios não desejam mais viver em paz com os humanos. Somente você, o Herói do jogo (sem nome), auxiliado pela Heroína (também sem nome) e outros amigos, é capaz de trazer a paz de volta ao planeta. A heroína tem uma habilidade especial: ela pode falar com os demônios que você encontra em batalhas aleatórias e convencê-los a se juntar ao seu grupo. Você pode armazenar esses demônios, coletá-los e convocá-los em batalhas. Os demônios são divididos em várias raças e espécies. Caso contrário, o jogo usa um combate baseado em turnos padrão com ataques físicos e feitiços mágicos. O jogo faz parte do universo Megaten, mas ao contrário da maioria dos outros jogos Megaten (com exceção da série Last Bible), ele se passa em um mundo medieval.
Asterix & Obelix (Europe) (En,Es) (SGB Enhanced)	Para mostrar a César o poder e a liberdade de sua aldeia, você deve coletar vários troféus de toda a Europa. Para fazer isso, você pode selecionar Asterix ou Obelix e movê-los através de vários níveis enquanto bate em soldados romanos, coleta moedas e evita lacunas ou outros obstáculos. Vários níveis especiais, como cruzar o mar para a Grã-Bretanha de barco (e derrotar alguns romanos novamente) ou libertar jogadores de Rugby capturados pelos romanos, estão espalhados pelo jogo e oferecem variedade entre os níveis clássicos de Jump 'n Run. A maioria dos níveis também tem um limite de tempo para tornar as coisas um pouco mais difíceis, embora a dificuldade do jogo possa ser ajustada.
Asterix (Europe) (En,Fr,De,Es,It)	No ano 50 a. C. toda a Gália é ocupada pelos romanos. Tudo? Não! Uma pequena cidade gaulesa continua a desafiar a invasão, graças a uma poção mágica que os torna invencíveis. Mas agora Obelix desapareceu! O jogador joga Asterix e progride em um jogo de plataforma clássico, derrotando vários inimigos (romanos e animais). O objetivo do jogo é resgatar Obelix, que foi sequestrado por Júlio César.
Asteroids (USA, Europe)	Asteroids é uma conversão do jogo de arcade de mesmo nome. Desempenhe o papel de um piloto de nave espacial preso em uma gigantesca nuvem de asteroides e pulverize os asteroides que chegam com o canhão de fótons da nave. Quando todos os asteroides forem destruídos, o jogador pode prosseguir para a próxima rodada. Além dos asteroides, o jogador também enfrentará discos voadores que disparam aleatoriamente pela tela.
Atomic Punk (USA)	Dynablaster, conhecido como Bomberman na América do Norte, é um jogo de ação e estratégia lançado para Game Boy em 1991 pela Hudson Soft. O jogador controla Bomberman, um personagem que deve eliminar seus inimigos utilizando bombas. O objetivo é explodir obstáculos e inimigos, coletar power-ups para melhorar a velocidade e poder das bombas, e encontrar a porta que leva ao próximo nível. O jogo é bastante desafiador, com inimigos inteligentes e labirintos complexos que exigem estratégia para serem superados. Além do modo para um jogador, Dynablaster também possui um modo de jogo para dois jogadores, com batalhas explosivas no qual os jogadores devem sobreviver até o final. Com gráficos coloridos e uma jogabilidade viciante, Dynablaster é um grande clássico do Game Boy.
Attack of the Killer Tomatoes (USA, Europe)	Attack of The Killer Tomatoes é um videogame de plataforma lançado em 1992 para a Game Boy. O jogo retoma os eventos e personagens da série animada &quot;Tomato War&quot;, ela própria baseada no filme &quot;Return of the Killer Tomatoes&quot;.
Avenging Spirit (USA, Europe)	Em Avenging Spirit, o protagonista é um espírito em busca de vingança. Ele foi assassinado por um grupo de bandidos e sua namorada foi feita refém. Seu pai usa sua nova máquina para chamar o espírito do homem de volta dos mortos, dizendo-lhe que eles estão segurando o resgate de sua filha, a menos que ele entregue sua pesquisa de energia fantasma. No estilo de rolagem lateral, o jogo apresenta seis fases diferentes - a cidade, os telhados, uma fábrica, os esgotos da cidade e dois níveis que lidam com a base de operação dos mafiosos. O jogador é capaz de possuir inimigos, 20 ao todo, e usar quaisquer habilidades ou armas que possua, para completar o nível. A saúde do jogador é representada pela energia fantasma e é drenada quando ele não está dentro de um hospedeiro. A história leva a dois finais diferentes.
Balloon Kid (USA, Europe)	Balloon Kid é um jogo de plataforma de rolagem lateral único. Você controla uma garotinha cujo irmão flutua em um grande monte de balões. Cabe a você persegui-lo por 8 níveis traiçoeiros. Em vez do habitual salto de plataforma em plataforma, tens um par de balões que te permitem flutuar pelo nível. Você deve controlar sua altura cuidadosamente tocando no botão 'A'. Enquanto isso, a tela está sempre rolando para a esquerda e você precisa acompanhá-la. Além da aventura para um jogador, há um modo para 2 jogadores que permite competir contra um amigo por meio do cabo de ligação do Game Boy. Neste modo, você tenta fazer com que seu oponente manobre seu garoto de balão nos vários perigos de nível.
Barbie - Game Girl (USA, Europe)	A boneca Barbie tem de se preparar para o seu encontro com Ken. Mas as suas roupas favoritas estão todas espalhadas por diferentes níveis. Ajude o modelo nesta plataforma Gameboy e recolha cada peça de roupa nos diferentes níveis. Cuidado com os inimigos que vão tentar bloquear o seu caminho. Alguns níveis têm lugar debaixo de água e permitem-lhe dirigir a sereia Barbie.
Bart Simpson's Escape from Camp Deadly (USA, Europe)	Bart e Lisa Simpson foram enviados para o pior acampamento de verão de todos os tempos:O Acampamento Mortal. O acampamento é administrado por Ironfist Burns, que aparentemente é membro da nefasta família de Monty Burns. Bart deve levar os campistas à liberdade, percorrendo vários níveis de rolagem lateral. Bart vai fazer o seu caminho através de uma floresta e um refeitório do acampamento e além antes de alcançar a liberdade. Felizmente, suas armas incluem cuspe e bumerangues.
Baseball (World)	Beisebol é um jogo de arremessar, rebater, arremessar e correr... como em um jogo de beisebol real. O jogador pode escolher entre os modos EUA e Japão, dois times diferentes e entre uma escalação de jogadores únicos. No jogo de 1 jogador, o jogador está contra o computador, e no jogo de 2 jogadores, seu amigo é seu oponente.
Batman - Return of the Joker (USA, Europe)	Batman: Return of the Joker é um jogo de ação/plataforma no Gameboy. O Coringa escapou do Asilo Arkham e cabe a Batman detê-lo mais uma vez. Percorra os diferentes níveis do jogo enquanto coleta bônus para melhorar suas armas e dispositivos.
Batman - The Animated Series (USA, Europe)	Batman: The Animated Series é um jogo de ação no Gameboy. Nesta nova aventura 2D, seu papel será ajudar Batman a lutar contra seus inimigos mais poderosos e perigosos. Você terá que conviver com, entre outros, o Coringa, o Pinguim, o Mr Freeze e a Mulher-Gato. Você também tem a opção de jogar com Robin em certos níveis.
Batman - The Video Game (World)	Batman on Gameboy é um jogo de ação/plataforma inspirado no filme Batman lançado em 1989. Seis níveis estão disponíveis (incluindo dois com fases de tiro), incluindo Gotham City, o Museu Flugelheim e a Catedral. Lute e use os muitos gadgets do Batman para chegar até o Coringa e fazê-lo morder a poeira.
Batman Forever (USA, Europe)	Batman Forever é o jogo oficialmente licenciado baseado no filme de 1995. Os inimigos desta vez são o Charada e o Duas-Caras. Este jogo é um híbrido de plataforma de rolagem lateral e lutador um-a-um. O jogador avança através de níveis que incluem alguns elementos de plataforma de salto, mas enfrenta um oponente de cada vez, como em um jogo de luta. O arsenal do jogador inclui muitos dispositivos de morcego (um deve ser escolhido antes do início do nível) e uma coleção de movimentos de luta que são desencadeados com combinações de botões especiais. Em contraste com a versão para console / DOS, não há quebra-cabeças para resolver.
Battle Arena Toshinden (USA) (SGB Enhanced)	Jogo de luta onde 8 karatekas disponíveis têm suas próprias armas e técnicas. Está presente um modo de torneio que permite enfrentar cada oponente. Seu objetivo final é se tornar o lutador do século enfrentando Gaia.
Battle Bull (USA)	Battle Bull é um emocionante jogo de ação e estratégia desenvolvido para o console Game Boy. Neste jogo, os jogadores são imersos em um mundo futurista, onde robôs gigantes conhecidos como &quot;Bulls&quot; competem ferozmente em batalhas épicas.
Battle of Olympus, The (Europe) (En,Fr,De,Es,It)	Este jogo é muito parecido com &quot;Zelda II: The Adventure of Link&quot;, porém na Grécia antiga. Você joga com Orpheus, cuja namorada Helene, foi sequestrada pelo governante demoníaco do submundo chamado Hades, e assim começa a jornada. Assim como em Zelda II, há um mapa da Grécia de cima para baixo com cidades e outros locais para explorar. Cada um deles tem seções nas quais Orfeu luta contra os adeptos de Hades. Existem vários itens que devem ser obtidos para continuar para o próximo local, incluindo espadas, escudos e cristais. Existem três fragmentos de amor escondidos pelo mapa e Orfeu tem que encontrá-los antes que ele possa entrar no Tártaro e lutar contra Hades para salvar sua amada Helene. Os monstros do jogo também são baseados na mitologia grega e é bem divertido enfrentar ciclopes, minotauros e pégasos.
Battle Pingpong (Japan) (En)	No Battle Ping Pong, o jogador pode lutar contra dez inimigos de IA em um jogo de tênis de mesa. Esses oponentes representam dez países que são retratados com humor, por ex. o atleta dos EUA usa um chapéu de cowboy. O objetivo de um jogo para um jogador é vencer todos eles. Em relação à jogabilidade, o jogador só precisa acertar a bola com o tempo correto e pode realizar alguns movimentos básicos. O jogo é jogado em primeira pessoa: apenas a raquete de tênis de mesa é visível.
BattleCity (Japan) (En)	Battle City é uma versão refinada do antigo jogo de arcade Tank Battalion da Namco. Destrua diferentes tanques inimigos, enquanto tenta mantê-los longe de sua base. Depois de destruir 20 tanques inimigos, você avança para o próximo nível com um layout diferente. Em cada nível há alguns obstáculos que você pode usar a seu favor. Obstáculos incluem tijolos vermelhos que você pode atirar fora do seu caminho, tijolos de prata que são altamente blindados, água e gelo. Você começa o jogo com um tanque básico, que pode melhorar aos poucos. Depois de terminar todos os 35 níveis é desbloqueado um modo de construção, para que você possa criar seus próprios níveis.
Battleship (USA, Europe)	Esta é uma versão shareware do clássico jogo de tabuleiro Battleship de Milton Bradley. Dois jogadores têm uma grade de caixas. Use o mouse para decidir para onde seus navios devem ir e competir para tentar encontrar e afundar os navios de seu oponente. Existe um menu de registro de vitórias que indica quantas vezes você ganhou e quantas vezes perdeu ou empatou. As opções incluem se o jogo tem um tabuleiro de 10 x 10 ou 15 x 15 e permite escolher entre um único tiro ou um tiro de salva, e se você pode usar bombas de fragmentação, mísseis de cruzeiro e bombas inteligentes, e se você pode usar navios recursos ou recursos da frota. Existem níveis de habilidade iniciante, intermediário ou especialista, e você pode decidir quem vai primeiro, com a opção de decidir aleatoriamente.
Battletoads (USA, Europe)	A Dark Queen atacou e sequestrou (ou seria sapoestrou?) seu melhor amigo. Para piorar as coisas, ela pegou a garota mais bonita do mundo! Então o que você vai fazer? Chorar? Espernear? Esconder? Chamar os policiais das estrelas? NÃO! Porque você é um Battletoad! Battletoads não choram, se escondem ou pedem ajuda! E eles certamente não choramingam! Eles ficam BRAVOS e quebram tudo e todos! Então pegue seu blaster, suba no Toadster e vá buscá-los! Você controlará um battletoad através de 13 níveis (cinco dos quais estão faltando no port Game Boy). Alguns são beat-em-ups de rolagem lateral, outros são quedas verticais em um poço, lutando enquanto avança, outros fazem você andar de foguete ou prancha de surfe, atirando ou evitando inimigos. No final de cada área, há um chefe. Em algumas áreas, na metade do caminho, você poderá enfrentar um mini-chefe.
Battletoads in Ragnarok's World (USA)	Pimple e Princesa Angélica são sequestradas pela Dark Queen, enquanto caminhavam juntas. O Professor T. Bird informa aos Battletoads (Zitz e Rash) sobre o ocorrido, para que vão socorrê-los, em sua nave &quot;Vulture&quot;, ao planeta &quot;Ragnarok&quot;, que os leva a uma aventura complexa, onde terão que enfrentar muitos inimigos, em diferentes cenários, até que derrotem Dark Queen e cumpram seu objetivo.
Battletoads-Double Dragon (USA)	A Terra está sob o fogo de Colossus, um navio de guerra do tamanho de uma cidade. Usando poderosos canhões de laser, destruiu a maioria das forças de defesa da Terra, enquanto suas muitas tropas limpam o resto do planeta. Todos esperam por 5 guerreiros. Os Battletoads, que estão bem cientes das forças do mal na galáxia, unem forças com Billy e Jimmy Lee de Double Dragon para defender a Terra da nave mortal e suas tropas. Usando uma variedade de movimentos especiais, você deve abrir caminho pelas ruas até o coração do navio e destruí-lo.
Beavis and Butt-head (USA, Europe)	Beavis and Butt-Head é a adaptação para Gameboy da série animada americana exibida na MTV nos anos 90. Você joga como as duas pessoas e embarca em várias travessuras na escola, no hospital ou em Highland, a cidade fictícia do desenho animado. A vulgaridade, a violência e a estupidez estão sempre presentes, sem esquecer do riso icônico dos doisprotagonistas.
Beetlejuice (USA)	O jogo começa com o jogador a tomar o controlo do Beetlejuice enquanto tenta livrar-se de todos os fantasmas que convidou para a casa de Lydia Deetz (onde vive com a sua mãe e o seu pai). Usando magia bio-exorcista, os jogadores devem derrotar os mortos-vivos em todo o cemitério e mesmo dentro do Norworld. Os jogadores também podem montar um carrinho de mina e uma cobra Pogosnake (que funciona de forma semelhante a Yoshi do Super Mario World). O tema do jogo é bastante sombrio (explorar o reino dos fantasmas).
Best of the Best - Championship Karate (USA)	Toda a sua vida você sonhou em ser o melhor. Você estudou e treinou a arte do karatê desde cedo, mesmo quando tinha dificuldade para andar, aprendendo não só os aspectos físicos do esporte, mas também os espirituais. Depois de uma vida de total dedicação ao Karate, chegou a sua hora. Você está em 16º lugar no ranking mundial. você pode chegar ao topo? Treine seu karateca para ser uma máquina imparável em diferentes técnicas de luta e domine os 55 movimentos que você possui.
Bill & Ted's Excellent Game Boy Adventure - A Bogus Journey! (USA, Europe)	Um mundo sem nossos compatriotas mais excelentes Bill e Ted? De jeito nenhum! Sim, de jeito sim - se a Morte Sinistra e os robôs malignos Bill e Ted conseguirem o que querem! DeNomolos quer mudar completamente o futuro, e a única maneira de deter esse cara mais hediondo é viajar pelos &quot;circuitos do tempo&quot; e coletar os fragmentos de tempo roubados! 10 aventuras - 50 missões. Mas cuidado! Caras históricos como Billy the Kid estão rolando por aí com ervas daninhas assassinas, enquanto o Carrasco tem uma conta a ajustar com você. Napoleão tem um temperamento &quot;curto&quot; e até a Vovó S. Preston Esquire tenta te pegar. Mais do que falacioso! O tempo está se esgotando... então sejam excelentes um com o outro e festejem, rapazes! Um plano maligno para destruir totalmente o seu futuro? Falacioso! Colete fragmentos históricos roubados, como a estrela de xerife do incrível Billy the Kid. Se o tempo acabar, a Morte Sinistra mais hedionda te envia para as profundezas.
Bionic Commando (USA)	Você joga com um soldado que possui um braço biônico que se extende e contrai. Seus braços o permitem agarrar objetos fixos para balançar e subir níveis -- pulos não são permitidos! O braço também pode ser usado para puxar inimigos para sua direção. Sua missão é se infiltrar no forte inimigo, encontrar seu camarada desaparecido, &quot;Super Joe&quot;, e derrotar o líder do mal, &quot;Generalissimo Kilt&quot;, da força de invasão que vem atacando seu povo pelos últimos 2 anos. Após a maioria dos níveis, seu personagem Bionic Commando receberá itens. Normalmente estes itens são necessários para completar com sucesso outros níveis. Adicionalmente, cada nível requerirá um comunicador de cor diferente para se conseguir dar sentido às mensagens trocadas.
Black Bass - Lure Fishing (USA)	PESQUE EM QUALQUER LUGAR, A QUALQUER HORA! PESCARIA DA ISCA DO ROBALO NEGRO para o Game Boy combina ação 3-D e pescaria da vida real tudo em um! Abra sua caixa de iscas eletrônica e escolha entre 8 diferentes iscas, escolha seu ponto de pescaria favorito e jogue sua linha. Ai segure sua respiração ao mergulhar em um mundo submerso para obter uma visão panorâmica da ação. Agora é sua chance de praticar os movimentos de todas as suas iscas favoritas, como o sapo pulador e a minhoca balançante. Você não terá que esperar muito até um robalo negro notar sua isca e EXPLODIR em batalha! SE VOCÊ AMA PESCAR, ENTÃO ESTE É O GAME QUE VOCÊ PRECISA FISGAR!
Blades of Steel (USA)	Blades of Steel difere do jogo profissional da NHL do final dos anos 1980 porque não possui uma regra de impedimento e sua interpretação dos pênaltis é um tanto única. Os oficiais do jogo marcam apenas duas penalidades. Os jogadores que perdem uma briga são penalizados por dois minutos, uma reformulação abstrata da compensação de cinco minutos normalmente atribuída em caso de luta. Se ocorrer uma briga na frente da rede de um time, o jogador que sofreu a falta recebe um pênalti. A cobrança de pênalti é administrada no estilo de cobrança de pênalti no futebol, em que o arremessador deve ficar na linha azul, em vez de se mover em direção ao goleiro. O jogo também reconhece as infrações de gelo, com uma repetição apropriada do jogo e confronto na zona da equipe responsável.
Blaster Master Boy (USA)	A energia radioativa está destruindo todos os seres vivos na Terra. Apenas Jason pode pará-lo. E desta vez, ele não pode usar seu carro superequipado. Ele tem que fazer isso sozinho. Armado com lanternas devastadoras, hiperbombas de megapotência e superbombas de chocalhar caveiras, Jason deve abrir um caminho vertiginoso nas profundezas do planeta para procurar os Mutant Bosses - e depois destruí-los! Você pode ajudar Jason a abrir caminho até o centro da Terra? Ele está ficando sem luz. Ele está ficando sem tempo. E só você pode garantir que Jason exploda seus inimigos - antes que eles o explodam.
Blodia (Japan) (En)	Blodia é um jogo de quebra-cabeças com similaridades a quebra-cabeças de blocos deslizantes. Cada nível é composto por um número de peças e cada uma possui uma parte de um cano (reto ou angular) nela - exceto uma que é apenas um buraco negro. Em uma peça uma bola vermelha começa a rolar e todas as peças pelas quais ela rola se tornam vazias. O objetivo de cada nível é deixar a bola rolar por todas as partes do cano sem que passe pelo buraco ou uma peça vazia. Para garantir isso, o jogador pode mover as partes enquanto usando o buraco como um resguardo. Então, por exemplo, se o jogador clica em uma peça que está algumas peças distantes de um buraco, todas as peças entre a peça clicada e o buraco são movidas um espaço em direção ao buraco. E então o buraco é posicionado onde o jogador clicou. No começo do quebra-cabeça, rolando fora dos limites do nível também é fatal, mas após uma certa quantidade de peças são eliminadas a bola sai pelo lado oposto do campo de batalha. O jogo apresenta todos os níveis da versão TurboGrafix-16 além de adicionais.
Blues Brothers, The (USA, Europe)	Os irmãos Blues estão fugindo da lei. Assuma o controle de Jake Volumoso ou Elwood Ligeiro neste jogo de plataforma de cinco níveis. Você deve atravessar uma prisão, um rio e a grande cidade para alcançar a liberdade. Você também deve encontrar seus discos e coletá-los. Tudo e todos estão contra você, mas você pode pegar e jogar caixas de armazém para derrotar seus oponentes.
Blues Brothers, The - Jukebox Adventure (Europe)	Jukebox Adventure é a continuação de The Blues Brothers. Mais uma vez, o jogador deve escolher um Blues Brother favorito e conduzi-lo por diferentes níveis de plataforma de rolagem lateral. Ele precisa coletar registros e usá-los como defesa, jogando-os contra os inimigos. Existem também power-ups que podem ser coletados até que a jukebox para avançar para o próximo nível seja encontrada.
Bomb Jack (Europe)	Em Bomb Jack, o jogador controla Jack, que deve coletar todas as bombas para completar a rodada atual e ir para a próxima. Parece fácil, né? Errado! Tornando difícil a tarefa de Jack estão numerosos inimigos, como pássaros, múmias, tartarugas e orbes. nnEm cada rodada, coletar um número de bombas resulta no aparecimento de uma moeda de bônus e coletar essa moeda fará com que a pontuação do jogador aumente de 2 a 4 vezes. Não mais frequentemente, a &quot;bola de poder&quot; aparece, e quando você coleta, poderá derrotar todos os inimigos de uma vez e ter mais tempo para coletar todas as bombas. Há também a moeda &quot;E&quot;, que dá a Jack uma vida adicional, mas raramente esta moeda aparece. nnQuanto mais você progride no jogo, mais difícil se torna, à medida que os inimigos viajam mais rapidamente para chegar até você.
Bomberman GB (USA, Europe) (SGB Enhanced)	Bomberman GB coloca você na pele do protagonista icônico em uma jornada para derrotar a Ring Gang e recuperar o tesouro roubado no Planeta Pipira. O título apresenta a mecânica clássica de labirinto e estratégia, onde o objetivo principal é eliminar inimigos e destruir obstáculos utilizando bombas de tempo para encontrar a saída de cada estágio. O jogo introduz o sistema de montarias (Louies), que concedem habilidades especiais e maior mobilidade. Composta por múltiplos mundos e confrontos contra chefes ao final de cada setor, a jogabilidade exige gerenciamento de power-ups como incremento de alcance de explosão e quantidade de bombas. É um expoente do gênero ação e puzzle para o portátil da Nintendo.
Bonk's Adventure (USA)	Embarque nesta aventura de cabeçadas e divisões de cabeça. Como Bonk, o Homem das Cavernas, use a sua cabeça contra Kongo Zilla, Tractorhead e a mais maluca variedade de inimigos pré-históricos já vistos. Certifique-se de comer carne e legumes para fortalecer-se e enfrentar o próprio Rei Drool do Mal. É uma verdadeira loucura de cabeçadas!
Boomer's Adventure in ASMIK World (USA)	Boomer deve atravessar a Torre de Zoozoon de 8 andares para derrotar o próprio senhor das trevas Zoozoon. Ao cavar, prender inimigos e encontrar itens úteis, como chaves e patins, ele pode recuperar o controle do ASMIK World das garras do maligno Zoozoon.
Boulder Dash (Europe)	Você é Rockford, e você tem que cavar cavernas infestadas de monstros em busca de diamantes. Em cada nível você deve coletar um certo número desses diamantes, a fim de abrir um portal para o próximo estágio. Os inimigos podem ser esmagados por pedregulhos que caem, que são liberados quando o chão abaixo deles é removido ou são empurrados para um terreno vazio, mas tenha cuidado porque eles também podem esmagá-lo. Nos níveis posteriores, a dificuldade é aumentada por muitos elementos de quebra-cabeça e prazos mais curtos. Existem 16 níveis a serem concluídos e cinco níveis de habilidade diferentes disponíveis, que afetam o número de jóias que devem ser coletadas e o limite de tempo.
Boxxle (USA)	Assim como em Soko-Ban, o teu objetivo é empurrar várias caixas para determinados pontos para passar de nível. Encontrar a forma certa de mover todas as caixas para os locais corretos torna-se cada vez mais difícil e precisas planear várias etapas com antecedência para não bloqueares o teu caminho. O jogo apresenta mais de 25 níveis com 10 sub-níveis cada um. Podes escolher a ordem com que concluis os subníveis, mas precisas concluir todos eles se quiseres avançar para o nível seguinte. Se terminaste o jogo ou ficaste irremediavelmente preso, podes também criar os teus próprios níveis.
Boxxle II (USA, Europe)	Uma sequência desafiadora do jogo original BOXXLE, BOXXLE II é um jogo de quebra-cabeça desafiador e estimulante baseado no movimento de caixas em um depósito. O tempo passou desde que Willy conheceu Wanda na história original de BOXXLE. Willy está trabalhando duro no depósito quando um alienígena sequestra Wanda! Como ele pode salvá-la? Ele precisa construir sua própria nave espacial! Cada vez que você ajuda Willy a mover as caixas para seus lugares corretos e limpa um nível, ele pode comprar peças para seu foguete. Mas o trabalho manual não vai salvar o dia. Você também vai precisar de poder cerebral para vencer BOXXLE II! Existem mais de 120 telas diferentes em formato de labirinto para manter sua concentração. BOXXLE II vai &quot;boxxle&quot; sua mente novamente. - Amplie ou reduza qualquer tela para uma melhor visualização - Três opções de música tema - Crie seus próprios quebra-cabeças com três telas de edição - Modo de resposta instantânea especial permite que você refaça seus erros - Salve com recursos de memória de senha - Mais de 120 telas diferentes em formato de labirinto.
Brain Bender (USA)	Um jogo de quebra-cabeça incomum que envolve manipular espelhos para completar objetivos. Você avançará por 120 fases enquanto tenta eliminar obstáculos específicos, como esferas de gás, satélites e &quot;eletrocérebros&quot; controlados por computador, direcionando os espelhos para refletir raios laser. Um sistema de senha é usado para retomar o progresso.
Brain Drain (USA) (SGB Enhanced)	Brain Drain é um jogo de puzzle em que o jogador tem de recriar um padrão, composto por diferentes símbolos, tais como maçãs ou corações, que é exibido no canto do ecrã. A área de jogo principal consiste nestes mesmos símbolos, mas eles são trocados aleatoriamente. O jogador controla uma moldura que rodeia quatro dos símbolos. Ao premir um botão, os símbolos rodam no sentido dos ponteiros do relógio à volta da moldura. Evidentemente, os níveis devem ser resolvidos dentro de um período de tempo limitado.
Bram Stoker's Dracula (USA, Europe)	Embora baseado no filme de mesmo nome de 1992, o jogo tinha muito pouco a ver com o filme real. Várias armas podem ser usadas, desde a faca básica até a espingarda avançada. O jogador controla um jovem advogado chamado Jonathan Harker. Harker deve se libertar da captura de Drácula, segui-lo até Londres e acabar com seu reinado de terror.
BreakThru! (USA)	Aqui temos um quebra-cabeça de ritmo frenético que o obriga a pensar rápido. A diversão começa com um relógio e uma sólida parede de tijolos coloridos. Elimine os tijolos clicando em dois ou mais tijolos vizinhos da mesma cor. Derrube parede após parede enquanto corre contra o relógio para aumentar sua pontuação. Atenção! Aranhas irritantes, latas de refrigerante e pedregulhos desagradáveis podem tornar a vida difícil. Derrube-os com foguetes e bombas antes que o relógio acabe com você.
Bubble Bobble (USA, Europe)	Bubble Bobble é a história de dois humanos, Bub e Bob, que vagam pela misteriosa caverna de monstros e que se transformam magicamente em dinossauros. A única maneira de se transformar de volta é chegar ao final da caverna... Bubble Bobble é um jogo de plataforma, com cada nível sendo uma única tela. Os inimigos devem ser eliminados de um nível para ir para o próximo. Com um jogador controlando Bub e o outro controlando Bob, o jogador pode pular e coletar itens para ganhar pontos (como frutas). O verdadeiro poder que Bub e Bob têm, no entanto, é a capacidade de soprar bolhas. Essas bolhas podem ser plataformas para pular ou para prender inimigos. Inimigos presos em uma bolha devem ser estourados pulando neles, onde eles se transformarão em frutas. Além disso, os power-ups às vezes flutuam em bolhas. Eles incluem relâmpagos, que voam horizontalmente para os inimigos, e água, que arrasta o jogador e os inimigos para baixo, fluindo sobre as plataformas. Levar muito tempo para completar qualquer nível convocará Baron Von Blubba, que flutuará pela tela tentando destruir o jogador.
Bubble Bobble Part 2 (USA, Europe)	Bubble Bobble - Part 2 é um jogo de plataforma desenvolvido pela Taito para o Game Boy em 1993. É a sequência do jogo original Bubble Bobble, lançado em 1986. Os jogadores controlam dois dinossauros, Bub e Bob, que precisam superar vários níveis cheios de criaturas inimigas enquanto tentam resgatar suas namoradas. Os personagens são capazes de disparar bolhas para capturar os inimigos e, em seguida, saltar sobre eles para destruí-los. O jogo conta com 100 fases, divididas em quatro mundos diferentes. Bubble Bobble - Part 2 é conhecido por sua jogabilidade cativante e por ser um grande sucesso na plataformaGameBoy.
Bubble Ghost (USA, Europe)	Em Bubble Ghost sua tarefa é guiá-lo para direcionar a bolha pelas aberturas de cada cômodo. A direção da bolha é afetada por qual parte do fantasma a atinge. Velas, ventiladores e outros obstáculos servem para dificultar a tarefa do pequeno Bubble Ghost. O Bubble Ghost é invencível, mas a bolha pode estourar se atingir alguma coisa no ritmo. Você tem cinco bolhas antes do jogo terminar.
Bugs Bunny Crazy Castle 2, The (USA)	Lola Bunny foi sequestrada por uma bruxa má, que a colocou em um enorme castelo. Pernaloga deverá encontrar um caminho através do castelo para salvar Lola em sua segunda aventura no Game Boy. Desta vez, Pernalonga deverá coletar 8 chaves em cada um dos 28 níveis para avançar. Ao longo do caminho, Frangolino, Wile E. Coyote, Eufrazino Puxa-Briga, e outros tentarão impedir seu progresso.
Bugs Bunny Crazy Castle, The (USA, Europe)	Bugs Bunny Crazy Castle é um jogo de plataformas lançado para o Game Boy em 1989. O jogador assume o controle de Bugs Bunny, que deve explorar vários castelos para coletar cenouras enquanto evita inimigos como Sylvester, Tweety e Wile E. Coyote. O jogo possui cerca de 60 fases, com um aumento gradual da dificuldade ao longo do jogo. Para avançar para o próximo nível, o jogador deve coletar todas as cenouras e encontrar a chave de saída. Bugs Bunny Crazy Castle foi bem recebido pelo público e pela crítica pelo seu nível de desafio e jogabilidadedivertida.
Burai Fighter Deluxe (USA, Europe)	Os Burai, uma raça de alienígenas super-cerebrais malignos, lançaram seu plano para conquistar o universo com seu exército de criaturas meio orgânicas e meio robôs - os mutantes-robôs. Cabe ao jogador detê-los! Coloque o seu jet pack e prepare-se para se tornar o melhor lutador Burai. Burai Fighter Deluxe é um jogo de tiro com rolagem. Os níveis são de rolagem lateral e vertical com layouts pré-projetados. O jogador está armado com uma variedade de armas, incluindo armas diferentes (laser, míssil, anel) e a poderosa bomba de cobalto que mata tudo na tela. Os estágios descendentes da versão NES não estão incluídos. A parte &quot;Deluxe&quot; refere-se ao modo adicionado versus multijogador através da funcionalidade do cabo de ligação incluída nesta versão do Game Boy.
BurgerTime Deluxe (World)	Aqui, o jogador controla um chef de cozinha que deve subir escadas para chegar a plataformas e passar por cima de pedaços de comida, para fazê-los cair e criar hambúrgueres completos em pratos na parte inferior da tela. O cozinheiro deve evitar tocar nos inimigos errantes, condimentos antropomórficos e ovos fritos que matam o personagem principal. A garrafa de ketchup mata todos os inimigos no nível, o saleiro interrompe seus movimentos por alguns segundos, o cubo de gelo torna o chef invulnerável por alguns momentos e congela os adversários, o coquetel em chamas também torna o cozinheiro invulnerável por um curto período de tempo e queima os inimigos que se aproximam, a bolha eleva o personagem diretamente a um nível superior e a bebida energética torna o chef temporariamente mais rápido. Batatas fritas, casquinhas de sorvete, xícaras de café e chá dão pontos de bônus, enquanto as batatas fritas dão vidas extras.
Bust-A-Move 2 - Arcade Edition (USA, Europe)	Puzzle Bobble 2, intitulado na Europa para Gameboy como Bust-A-Move 2 Arcade Edition, é um jogo de quebra-cabeça da Taito originalmente lançado como um jogo de arcade em julho de 1995. É a primeira sequência de Puzzle Bobble, continuando uma série que surgiu como um spin-off de Bubble Bobble. O objetivo do jogo é acumular 3 ou mais bolhas da mesma cor e fazê-las explodir, repetindo esse processo até que o palco se esvazie completamente. Com o passar do tempo, o teto desta cai, com o perigo de algumas das bolhas acumuladas tocarem o fundo da tela, encerrando assim o jogo. Encontraremos bolhas especiais que terão diferentes efeitos, o que dá mais variedade à jogabilidade.
Buster Bros. (USA)	O jogador controla uma personagem que está confinada a um tabuleiro do tamanho de um ecrã no qual saltam bolas gigantes que ameaçam a personagem. O personagem só pode mover-se para a esquerda e para a direita e lançar ganchos para cima em ângulos rectos para rebentar as bolas. Quando uma bola grande é atingida, divide-se em duas outras bolas de tamanho intermédio, que por sua vez se dividem em duas bolas mais pequenas, que podem ser destruídas definitivamente. Quanto mais pequena for a bola, mais pequeno é o ressalto e mais apertado é o tempo para passar por baixo da bola. O objectivo do jogo é destruir as bolas antes do fim do tempo sem ser atingido.
Caesars Palace (USA)	Em Caesars Palace para Game Boy, você entra no glamouroso mundo dos cassinos de Las Vegas sem sair do sofá. Este jogo simula a experiência de estar no icônico hotel Caesars Palace, oferecendo uma variedade de jogos de azar clássicos. eu objetivo é simples: começar com uma quantia de dinheiro e tentar multiplicá-la jogando com estratégia (ou sorte!). Conforme acumula ganhos, você pode ser convidado para mesas VIP exclusivas, onde os valores são mais altos e os riscos também. O jogo não tem uma narrativa tradicional, mas oferece uma experiência envolvente de simulação de cassino com gráficos simples e jogabilidade acessível.
Captain America and the Avengers (USA)	Capitão América e os Vingadores é um beat 'em up de rolagem lateral de um a quatro jogadores (simultâneo), no qual quatro heróis licenciados da Marvel Comics (Capitão América, Homem de Ferro, Gavião Arqueiro e Visão) enfrentam o malvado Caveira Vermelha, que, reunindo uma equipe de super-vilões, busca conquistar o mundo. O jogo consiste em cinco estágios, focando principalmente na jogabilidade de brawler de rolagem lateral, mas alguns dos níveis também apresentam estágios de tiro de rolagem lateral, onde os heróis lutam contra ameaças no ar (estágio 2), sob o mar (estágio 3), e no espaço (Estágio 5). Os vilões chefes do jogo consistem em Living Laser e Klaw, Whirlwind, Grim Reaper, Wizard, Mandarin, Juggernaut, Ultron, Controller, Crossbones e Red Skull. Além dos quatro Vingadores jogáveis, Mercúrio faz breves aparições para liberar reabastecimentos de energia, e a Vespa pode adicionar proteção e poder de fogo nas áreas de tiro.
Casino FunPak (USA, Europe)	No Casino FunPak, você anda em um cassino, participando de uma infinidade de jogos e competindo em torneios para ganhar o máximo de dinheiro que puder. Você pode jogar Roleta, Video Poker, Slot Machines, Blackjack e Craps. O modo torneio contém um grande tour dos cinco jogos.
Casper (USA)	Baseado no filme Casper (Gasparzinho), o jogo coloca você no papel do fantasminha camarada que tenta fazer um amigo e uma segunda chance na vida em vez de assustar a todos. A trama gira em torno da &quot;herdeira mimada e gananciosa de Whipstaff Manor&quot; - Carrigan Crittenden. Ela está atrás do tesouro que ela acha que está escondido nas paredes. Casper precisará da ajuda do Dr. James Harvey - terapeuta dos mortos - se tiver alguma esperança de sucesso em suas aventuras. Casper também terá que lidar com seus tios - Stretch, Stinkie e Fatso, que adoram assustar &quot;Fleshies&quot; e frustrar os esforços de Casper. A jogabilidade é em 3D - e consiste principalmente na resolução de quebra-cabeças, com Casper capaz de assumir uma variedade de formas e manipular objetos.
Castlevania - The Adventure (USA)	Um desafio que você não pode perder! Depois de ter suas asas cortadas em Castlevania and Simon's Quest, o Conde que desafia a morte ressuscitou novamente. Seu desejo de vingança é maior do que o de sangue, ele chega ao seu Game Boy, com presas brilhantes em plena luz da lua cheia prateada. Para sobreviver ao seu labirinto de câmaras de tortura e criptas de vampiros, você deve desvendar os segredos do castelo localizando corações, cristais e cruzes. Você também deve possuir a força para dominar o Mystic Whip, que afasta males sobrenaturais como o She Worm. Então arrisque seu pescoço e aceite o desafio do Drácula. Porque se você falhar em destruí-lo agora, ele governará a noite para sempre.
Castlevania II - Belmont's Revenge (USA, Europe)	Após o Dracula ter sido derrotado por Christopher Belmont em 1576 no jogo Castlevania: The Adventure, Dracula joga uma maldição na família Belmont e 15 anos mais tarde ele sai de seu esconderijo, sequestra o filho do Belmont, Soleiyu, e o transforma num demônio. Com os poderes místicos do garoto, Dracula consegue restaurar sua forma humana e reconstrói o castelo, forçando a Christopher a enfrentá-lo novamente para salvar seu filho e Transilvânia.
Castlevania Legends (USA, Europe) (SGB Enhanced)	Faça uma viagem até o início de tudo, quando Drácula surgiu para aterrorizar o pacato povo da Transilvânia. Ninguém ousava desafiá-lo, e o povo do país vivia com medo e aterrorizado - até que uma jovem se levantou e decidiu resolver o problema com as próprias mãos. Essa jovem era Sônia Belmont, a primeira na linhagem do lendário clã Belmont. Embora Castlevania Legends seja semelhante aos títulos anteriores de Castlevania (o protagonista está armado apenas com um chicote e precisa abrir caminho por cinco estágios, além de um estágio oculto), também existem alguns recursos exclusivos. Embora seja impossível percorrer os estágios livremente, muitas vezes o jogador pode escolher ir para um lado ou outro e, ao fazê-lo, pular algumas áreas ou encontrar itens valiosos, coletando todos os quais desbloquearão o melhor final. Sônia também possui um poder especial chamado Modo Burning: uma vez em um nível (e uma vez por vida), ela pode aumentar sua velocidade, poder de ataque e se tornar invencível por um curto período de tempo.
Catrap (USA)	Cat Rap (conhecido como Pitman no Japão) é um jogo de quebra-cabeça no qual o jogador controla um gato antropomórfico por vários níveis, evitando obstáculos e eliminando inimigos. Assim que o jogador eliminar todos os inimigos na tela, ele passa para o próximo nível. O avanço em muitos níveis é baseado em tentativa e erro, pois um movimento errado pode fazer com que você fique preso, não alcance um inimigo ou não consiga terminar o nível. Você pode pressionar o botão 'A' para inverter seus movimentos e tentar novamente de uma maneira diferente. O jogo é creditado por originar a mecânica de retrocesso no tempo. Os jogadores também podem criar seus próprios labirintos se os pré-fabricados não forem suficientes.
Cave Noire (Japan)	Jovem aventureiro recém-chegado na vila de Karuzu, você é informado de que, para provar seu valor, deverá enfrentar os quatro masmorras localizadas na região. É somente após superar esses subterrâneos úmidos que parecem não ter fim que você será definitivamente aceito na Guilda. Para ajudá-lo em sua missão, o Mestre da Floresta, o espírito silvestre, lhe dará quatro objetos antes de cada uma de suas novas aventuras.
Chase H.Q. (USA, Europe)	&quot;Chase H.Q.&quot; é um jogo de corrida e perseguição no qual o jogador assume o papel de um polícia infiltrado chamado Tony Gibson neste jogo inspirado no &quot;Miami Vice&quot; de Taito. Gibson conduz um poderoso carro policial sem marca (parecido com um Porsche 911) com o seu parceiro, &quot;Raymond Broady&quot;, e deve perseguir e prender vários criminosos.O jogador tem entre cinquenta e cinco e setenta segundos (dependendo da configuração 'Dip' do jogo) para apanhar o criminoso em fuga, e depois o mesmo tempo para bater novamente no carro do criminoso até que este esteja demasiado danificado para avançar. O carro do criminoso está constantemente a afastar-se, por isso, se o jogador bater repetidamente ou conduzir demasiado devagar, o criminoso irá escapar e o jogo termina.
Chessmaster, The (USA, Europe)	Chessmaster é um simulador de xadrez que lhe permite o desfrute das alegrias da disciplina em seu console. Competir contra mais de 150 adversários diferentes adequados para todos os níveis e todos os estilos de jogo. Obtenha ajuda e conselhos dos maiores nomes do gênero e desfrute de um modo de campeonato para se tornar o mestre virtual do xadrez.
Choplifter III (Europe)	Nesta terceira parcela da série Choplifter, é mais uma vez seu trabalho pilotar seu helicóptero pelo território inimigo para resgatar reféns. O helicóptero não sofre apenas dano do fogo inimigo, mas também do contato com edifícios, árvores, paredes etc., o que torna alguns níveis difíceis de navegar. Os inimigos podem ser destruídos usando a arma padrão do helicóptero ou armas mais poderosas que podem ser coletadas ao longo dos níveis. A principal tarefa de cada nível, no entanto, é pegar um certo número de reféns e levá-los para sua base.
Chuck Rock (USA, Europe)	Chuck Rock é o típico homem das cavernas. Ele gosta de passar as tardes de domingo assistindo futebol e bebendo cerveja. Infelizmente, sua existência pacífica é interrompida um dia quando sua esposa, Ophelia Rock, é sequestrada pelo wierdo da vila, Gary Gritter. Então, Chuck está bastante chateado com toda essa situação e você tem que ajudá-lo a consertar as coisas. O jogo é um jogo de plataforma side-scrolling. Chuck luta contra uma variedade de dinossauros usando seu ataque de barriga e um chute de salto. Ocasionalmente, ele tem que pegar e jogar pedras para derrotar os inimigos e permitir que ele salte para alturas maiores.
College Slam (USA)	Parte da série de jogos de basquete NBA Jam, College Slam permite que você escolha entre mais de 40 times universitários reais e participe de jogos frente a frente, jogos de torneio e jogos ao longo da temporada. A jogabilidade é de ação rápida dois contra dois no estilo arcade, com enterradas selvagens quebrando a tabela, power-ups e outros movimentos malucos. O jogo também traz gritos de guerra de todos os times disponíveis.
Contra - The Alien Wars (USA) (SGB Enhanced)	Bem-vindo a 2636, o ano em que o notório Red Falcon se vingou - com um ataque alienígena sem precedentes orquestrado para levar as forças Contra a seus limites. Mergulhe em um massacre derretido em uma viagem em alta velocidade até as entranhas do arquiinimigo alienígena. Confira as perspectivas laterais e superiores que o envolvem em uma sensação 3-D. Elimine cães de lodo solar enquanto escala paredes balançando de vigas e cordas o que for preciso para derrotar os aliados do Red Falcon. Sue por cinco estágios de partir o estômago, incluindo as ruas da cidade Neo e os ermos de Mucho Grande. A intensidade é tão real que as explosões quase o derrubam. E os Chefes são tão gigantescos que sua tela mal conseguem segurá-los. Você precisará colocar ambas as mãos em uma artilharia poderosa o suficiente para fazer as armas de hoje parecerem pistolas de água. O legado de Contra está vivo e perigoso.
Cool Spot (USA)	O Cool Spot no Gameboy é um conjunto de plataforma colorido onde a &quot;atitude legal&quot; reina. Você joga a mascote da marca de bebida 7UP. O objetivo é coletar um máximo de plugues através do nível para passar para o próximo.
Cosmo Tank (USA)	CosmoTank é um jogo de batalha de tanque espacial. Você é o comandante do tanque &quot;Tiger a-1&quot; e sua missão é lutar em terra e no espaço contra o Mestre Inseto e seus lacaios. O jogo apresenta níveis com visão de cima para baixo e níveis em primeira pessoa, nos quais você pode se mover livremente em todas as direções. Os cenários incluem ambientes ao ar livre, cavernas e o espaço. À medida que avança, você pode melhorar lentamente seu canhão e armadura para ter mais poder de fogo e a capacidade de suportar mais danos.
Crayon Shin-chan 4 - Ora no Itazura Daihenshin (Japan) (SGB Enhanced)	A série segue as aventuras de um menino de cinco anos chamado Shinnosuke Nohara (apelidado de Shin-chan) e sua família, vizinhos, amigos e parentes em Kasukabe, Prefeitura de Saitama, Japão. A família de Shinnosuke foi inicialmente composta por quatro membros, incluindo Shinnosuke, Misae Nohara (a mãe), Hiroshi Nohara (o pai) e Shiro (o cachorro). Os membros da família chegam a cinco quando chega o último, a irmã mais nova de Shinnosuke, Himawari Nohara. Também do lado da família, seu avô irado e muitas vezes autoritário Yoshiji é o oposto de seu outro avô, Ginnosuké, apelidado de &quot;Ginny&quot;, que é brincalhão e também perverso. Shinnosuke passa a maior parte do tempo com quatro de seus amigos: Nene, Kazama, Masao e Bo. Ele vai para a creche, onde frequenta professores como Mademoiselle Yoshinaga e Mademoiselle Matsuzaka, bem como o diretor da escola, Sr. Takakura, a quem ele e seus amigos apelidam de &quot;O padrinho&quot; por causa de seu vestido e sua aparência de máfia. Shin-chan está secretamente apaixonado por seu ex-professor, Nanako Ōhara, e também é fã de dois super-heróis que ele particularmente aprecia, Action Kamen e Cuntom Robo.
Crystal Quest (USA)	Em um futuro estilo Star Trek, um soro a ser criado a partir de três cristais localizados em terras distantes é necessário para salvar a humanidade. Somente o USS Spectrum e seu bravo capitão (você) podem fazer isso. Infelizmente, o motor de dobra da nave está com defeito e logo será inútil, então você deve chegar rapidamente à sala de máquinas e se dirigir para uma galáxia distante usando o sistema de coordenadas. Uma vez lá, você encontrará alienígenas e robôs e deverá visitar alguns desses planetas hostis. Mate inimigos, navegue por planetas e use interruptores na aventura QUILLed usando a entrada VERB NOUN.
Cyraid (USA)	Assuma o controle de Warrior ou Fighter (sem diferença entre os personagens) enquanto resgata sua mãe Natasia de um cientista maligno que tenta conquistar a Terra de sua fortaleza Cyraid. Persiga seu captor por quatro estágios contendo várias salas, quebrando blocos e chutando escadas para alcançar cápsulas de energia que revelam uma saída para a próxima sala. Os inimigos em cada nível tiram vidas quando tocam em você. Existem vidas extras e pods de atualização que podem ser coletados para aumentar a velocidade, destruir blocos densos, pular e até disparar mísseis. A cada dois minutos, um grande monstro de rocha entra em cena, reaparecendo blocos destruídos anteriormente, então tome cuidado para não ocupar o mesmo espaço. As fases também apresentam caminhos alternativos e lutas contra chefes. As senhas permitem que você retome no início de cada etapa.
Daedalian Opus (USA)	Neste jogo você joga como Daedaleanopus. Sua missão é resolver quebra-cabeças. Esses quebra-cabeças consistem em colocar peças moldadas em um espaço e preencher completamente a área com todas as peças - como o Tetris, exceto que você tenta preencher todo o espaço no tabuleiro. Cada quebra-cabeça é cronometrado e, após cada quebra-cabeça, você recebe uma senha para poder continuar o jogo mais tarde.
Darkman (USA, Europe)	Darkman é um jogo de ação lançado para o Game Boy em 1992, baseado no filme de mesmo nome lançado em 1990. O jogo segue a história do filme, onde o protagonista, Peyton Westlake, interpretado por Liam Neeson, é um cientista que sofre um acidente e é dado como morto. No entanto, ele retorna como Darkman, um herói com habilidades especiais, em busca de vingança contra aqueles que o prejudicaram.
Darkwing Duck (USA)	Darkwing Duck é um jogo de plataforma 2D em 3ª pessoa com este super-herói da Disney, amigo de Lauchpad McQuack (o personagem de Duck Tales que trabalhou como piloto para Scrooge McDuck). Como um super-herói decente, seu papel é salvar a cidade de seus inimigos. Os gráficos são caricaturais, como outras licenças da Disney desenvolvidas pela Capcom, mas mais escuros. A jogabilidade é semelhante a Mega Man e Duck Tales, no mesmo estilo de pular e correr. Os controles são fáceis de manusear.
David Crane's The Rescue of Princess Blobette (World) (Limited Run Games)	&quot;David Crane's The Rescue of Princess Blobette&quot; é um jogo de plataforma lançado pela Imagineering em 1990 para o Game Boy. O jogo segue a história do personagem principal Blob, que deve salvar a princesa Blobette do malvado Imperador. Blob pode se transformar em diferentes formas, como um balão, para navegar pelos níveis e superar obstáculos.
Days of Thunder (USA, Europe)	O filme de Tom Cruise trouxe as corridas de NASCAR para as massas, e a Mindscape fez o mesmo para os jogadores de games com essa licença. Se você mentalmente alterar os nomes dos pilotos, pode ser considerado como uma recriação das corridas reais de NASCAR em vez de uma recriação direta do filme. Você joga com o personagem Cole Trickle de Cruise (seu nome, assim como o de muitos outros, é ligeiramente diferente do de um piloto de NASCAR real da época) contra seus rivais em 8 pistas, baseadas em pistas reais. As corridas são todas em ovais, embora os comprimentos exatos, tipos de curva e inclinações variem. Isso significa que a linha de corrida ideal em uma pista pode fazer você bater no muro em outra. A qualificação é incorporada junto com as corridas em si. De tempos em tempos, você terá que entrar na área de pit stop. Ao fazer isso, você controla os cinco membros da equipe de pit stop. Perder tempo no pit fará você perder posições na corrida. Os outros pilotos, no entanto, nunca fazem pit stop. A versão NES tem apenas perspectiva de terceira pessoa.
Dead Heat Scramble (USA)	Dead Heat Scramble é um jogo de corrida relativamente simples. O jogador escolhe entre três carros (bugue de areia, trilho de areia ou caminhão off-truck) e corre contra o relógio enquanto desvia de obstáculos como outros carros ou barricadas. As 10 pistas, que devem ser desbloqueadas em uma ordem linear, acontecem em um tubo e são mostradas em uma vista transversal do alto. Os carros podem se mover a direita e a esquerda na curva. Além disso existem alguns poderes para colecionar no caminho que trazem vantagens como um nitro boost.
Desert Strike - Return to the Gulf (USA) (SGB Enhanced)	O primeiro jogo da série Strike. Um ano após a Guerra do Golfo, um autodenominado General chamado Kilbaba (Muababa na versão GBA) assume um Emirado Árabe e ameaça iniciar a Terceira Guerra Mundial contra seu inimigo no Ocidente, os EUA. O mundo inteiro elege-te para destruir Kilbaba e o seu exército terrorista antes que ele lance um ataque nuclear ao mundo! Deves pilotar um Apache AH-64A especialmente projetado numa série de missões, desde resgatar MIAs, destruir usinas de energia, até explodir mísseis SCUD! Elimina as suas defesas enquanto tentas descobrir os planos de Kilbaba. Enfrenta o Louco e livra-te dessa ameaça para sempre... no deserto!
Dick Tracy (USA)	Você joga como o detetive de mandíbula quadrada Dick Tracy enquanto ele tenta resolver cinco crimes diferentes que variam em dificuldade. Este jogo é principalmente um jogo de plataforma com algumas partes de direção aérea para chegar aos diferentes prédios em busca de pistas. Existem cinco armas diferentes no jogo: pistola, metralhadora Tommy, super soco, gás lacrimogêneo e os punhos de Tracy. Também há kits médicos que podem ser encontrados. Os inimigos podem estar armados ou desarmados. Se Tracy atirar em um bandido desarmado, ele perde saúde. O objetivo principal do jogo é coletar cinco pistas; o suficiente para poder prender o culpado. As pistas estão espalhadas por toda a cidade em diversos prédios, geralmente cheios de bandidos que odeiam Tracy. Você começa visualizando as fotos dos criminosos conhecidos, indo até seus últimos paradeiros e interrogando-os.
Dig Dug (USA)	Em Dig Dug, faça uma guerra subterrânea com o seu arpão de confiança! Vai precisar de derrotar o duro Pooka e o feroz Fygar para avançar para o próximo nível. Rebenta com os teus inimigos para que eles rebentem ou atirem pedras sobre eles! Receberá pontos por se livrar deles ou por recolher itens de bónus. Este jogo clássico é tanto um jogo de acção arcade da velha escola como um jogo de estratégia. Atraia os seus inimigos para onde quer que eles estejam e esmague-os com as rochas!
Donkey Kong (Japan, USA) (En) (SGB Enhanced)	Donkey Kong é um jogo de ação de plataforma onde Mario sobe quatro níveis temáticos diferentes (zona de construção, fábrica de cimento, um nível de elevador e remoção de vigas) na tentativa de salvar a princesa Pauline em perigo do grande macaco antes que o tempo acabe. Uma vez que os Rivets são removidos do nível final, Donkey Kong cai e os dois amantes se reencontram. A partir daí, os níveis começam de novo em uma dificuldade maior. Ao longo do caminho, Mario deve evitar um fluxo constante de barris, bolas de fogo e pesos de mola. Embora não seja tão poderoso quanto em outros jogos, Mario pode encontrar um martelo que lhe permite destruir os barris e bolas de fogo por um tempo limitado. Além disso, Mario também pode encontrar o chapéu, a bolsa e o guarda-chuva de Pauline para pontos de bônus adicionais.
Donkey Kong Land (USA, Europe) (SGB Enhanced)	Donkey Kong junta-se ao seu fiel companheiro Diddy Kong numa nova aventura neste jogo de plataformas inspirado no clássico Donkey Kong Country. Você Enfrentará porcos voadores, perigosos Zingers e Kremlings manhosos enquanto percorre um misterioso barco de piratas, atravessando uma perigosa paisagem coberta de neve, explorando um fantástico templo subaquático e fazes divertidas com piruetas no céu. Uma curiosidade: a versão original para a Game Boy foi lançada com um cartucho de jogo especial em tom amarelo-banana!
Donkey Kong Land 2 (USA, Europe) (SGB Enhanced)	Em Donkey Kong Land 2, Donkey Kong foi capturado pelo malvado Kaptain K. Rool, deixando para Diddy e Dixie Kong salvar o dia nesta aventura de rolagem lateral. Felizmente, eles terão muita ajuda ao longo do caminho de seus amigos. Como o Donkey Kong Land original, todos os gráficos neste jogo são modelos tridimensionais pré-renderizados. A jogabilidade também é semelhante, com saltos de plataforma e coleta de bananas permanecendo uma parte central da experiência do jogo.
Donkey Kong Land III (USA, Europe) (SGB Enhanced)	Donkey Kong e Diddy Kong aventuram-se e partem em busca do lendário Mundo Perdido, deixando Dixie Kong sozinha com o bebê. No entanto, Dixie está decidida a encontrar o Mundo Perdido antes de todos os outros e a levar o seu pequeno primo Kiddy Kong consigo. Jogue com Dixie ou Kiddy ao longo de 36 níveis ao estilo de Kong, repletos de aventura e ação de plataformas. Conte com o apoio dos seus amigos animais, como a aranha Squitter, o papagaio Squawks, o elefante Ellie e o peixe-espada Enguarde, à medida que tenta desvendar os segredos ocultos do Mundo Perdido!
Double Dragon (USA, Europe)	Situado em uma Nova York pós-apocalíptica, Double Dragon é a história de Billy e Jimmy Lee, irmãos gêmeos treinados no estilo de luta de Sou-Setsu-Ken. Juntos, eles administram uma pequena escola de treinamento de artes marciais, ensinando autodefesa a seus alunos. Um dia, a namorada de Billy, Marian, é sequestrada na rua pelos &quot;Black Warriors&quot;, uma gangue de rua selvagem liderada por um homem chamado Willy. Os Black Warriors exigem que os irmãos Lee revelem seus segredos das artes marciais em troca da liberdade de Marian. Os irmãos Lee partiram em uma missão de resgate para esmagar os Black Warriors e salvar Marian.
Double Dragon 3 - The Arcade Game (USA, Europe)	&quot;Double Dragon III: The Arcade Game&quot; para Gameboy, apresenta mais uma vez os irmãos Lee em um beat'em all. Um grande inimigo os espera desta vez no Egito e a pedra de Roseta pode ajudá-los a superá-lo. Neste jogo podes ir á loja e comprar vidas extras e bónus para ajudá-los em cada nível. Billy e Jimmy Lee estão de volta no maior desafio de arcade Double Dragon de todos os tempos: a busca pelas pedras de Roseta! Derrota o implacável Ninja Japonês com novas manobras de artes marciais como a &quot;Spinning Cyclone&quot;, &quot;Flying Knee Drop&quot; e muito mais! Esmaga os inimigos traiçoeiros das florestas escuras da China com os teus &quot;Nunchakus&quot; letais! Devasta os arqueiros impiedosos de Roma com a tua Espada Guerreira! Mas cuidado! No Egito, os guardiões sobrenaturais desafiam as almas mais corajosas na aventura de artes marciais de uma vida!
Double Dragon II (USA, Europe)	Billy e Jimmy Lee resgataram a adorável Marian da gangue Black Warriors no primeiro jogo de Double Dragon, mas agora a gangue a matou em retaliação por sua derrota precoce. Os Dragões devem agora embarcar em uma missão para vingar sua morte e derrotar os Guerreiros Negros pela segunda e última vez. A versão arcade original de &quot;Double Dragon II&quot; era essencialmente uma versão atualizada do primeiro jogo. Além de oferecer áudio e visuais renovados, bem como novas armadilhas, movimentos e personagens inimigos, &quot;Double Dragon II&quot; abandonou os botões convencionais de soco e chute em favor de um sistema de ataque orientado para a direção semelhante ao beat-em original da Technos. mesmo renegado.
Double Dribble - 5 on 5 (USA)	É HORA DE UM POUCO HARDWOOD HISTERIA Seu treinador lidera a equipe em um momento de silêncio antes do jogo. O único som ouvido do vestiário é o gotejamento metódico de um chuveiro com vazamento. Então, com intensidade em seus olhos, o treinador olha para cima e rosna &quot;Hora de quebrar as pranchas!&quot; Os gritos de 40.000 pessoas reverberam pela arena lotada enquanto você sai do túnel e entra na luz ofuscante da câmera da mídia nacional. Bem-vindo ao único jogo de estilo profissional, cinco contra cinco, que já atingiu a madeira! Nessa conquista para ser o melhor, você precisa ter mais talento nos dedinhos do que a concorrência ao tentar acertar, passar, roubar, lance livre, arremessar em salto e dirigir pela pista contra oito times diferentes. Cada um com jogadores de diferentes forças e fraquezas. As câmeras vão aumentar o zoom até mesmo quando você estiver no ar para o rim rockin' slams! Mas você não se torna um machado feliz ou os árbitros farão com que você vire a bola mais do que um cozinheiro de panquecas em um Empório de Panquecas. Aumente o nível de alta tecnologia, você está tocando com os meninos grandes agora!
Dr. Franken (USA)	Franky, uma das muitas criações do Dr. Von Frankenbone, despertou para descobrir que seu amor, Bitsy, desapareceu. Descobrindo que as outras criações malignas do castelo levaram Bitsy e deixaram pedaços dela espalhados pelo castelo, Franky deve encontrar seu caminho através dos muitos níveis e reconstruir Bitsy. Franky pode atirar para se livrar de muitas das criaturas malignas, mas você também deve desviar de objetos que caem e pular sobre armadilhas para se manter vivo. Tomadas de energia podem recarregar Franky para a saúde completa, enquanto lâmpadas devem ser usadas para ver através dos sombrios calabouços.
Dr. Franken II (USA, Europe) (En,Fr,De,Es,It,Nl,Sv)	Seis anos se passaram após a morte do Dr. Von Frankenbone, e as coisas ao redor do castelo estão começando a desmoronar. A conta de eletricidade não foi paga há algum tempo, e agora Franky precisa encontrar dinheiro para quitá-la. Os moradores prenderam Franky dentro da antiga mansão do doutor, e você (como Franky) deve escapar e juntar a tábua dourada que retrata sua linda namorada Bitsy para pagar as contas. Dr. Franken II é um jogo de plataforma em scrolling lateral que coloca você no controle de um personagem semelhante a Frankenstein chamado Franky. O objetivo é coletar diferentes objetos em vários níveis para montar algo novamente. Para que Franky recarregue sua saúde, você precisa encontrar as peças para consertar a máquina de eletricidade que faz isso. Você também será levado a locais exóticos, como o Egito e o fundo do oceano, para encontrar pedaços da tábua dourada de Bitsy.
Dr. Mario (World)	Neste jogo no estilo Tetris, você joga como Dr. Mario, que deve jogar comprimidos de cores diferentes sobre vírus para removê-los do frasco. Cada comprimido é dividido em dois, com cada lado sendo de uma das três cores diferentes, vermelho, azul ou amarelo. Alinhe três comprimidos da mesma cor a um vírus da cor correspondente (ou qualquer combinação de comprimidos e vírus totalizando quatro ou mais) e ele será removido do frasco, junto com os comprimidos alinhados. O nível é limpo quando não há mais vírus e o jogo termina quando os comprimidos chegam ao topo e o Dr. Mario não consegue mais derrubar nenhum comprimido. Incluído no jogo está o modo normal, um contra-relógio e um modo de batalha para dois jogadores para ver quem pode remover a maioria dos vírus.
Dragon Slayer I (Japan) (En)	Em Dragon Slayer, o jogador assume o controlo de um cavaleiro que deve lutar pelo seu caminho através de masmorras em forma de labirinto. O combate é completamente orientado para a acção: o jogador deve aproximar-se do monstro e atingi-lo para infligir danos, enquanto tenta evitar os seus golpes. O jogador pode recolher pedras para aumentar a força do herói e moedas para aumentar a sua saúde. A derrota de inimigos também produz pontos de experiência, que determinam o HP máximo do herói. O cavaleiro é capaz de lançar feitiços mágicos, embora estes sejam utilizados principalmente fora do combate, por exemplo, para derrubar muros ou teleportar.
Dragon's Lair - The Legend (World) (Incube8 Games)	Dragon's Lair: Legend é uma versão complementar da versão NES. Ambos foram desenvolvidos pela Motivetime e publicados pela CSG Imagesoft. Este é um jogo de plataforma em preto e branco inspirado exclusivamente nos personagens do jogo.
Dropzone (Europe)	Dropzone é basicamente uma variante de Defender, recriando de perto a jogabilidade frenética e rolagem rápida. O jogador controla um astronauta com um jet-pack, voando por uma paisagem árida cujos céus são habitados por vários alienígenas diferentes, desde o simples Planter até o Blunder Storm que avança lentamente ou o rápido e agressivo Nemesite. Plantadores e Nemesitas tentarão pegar os homenzinhos que andam na superfície, que devem ser resgatados. O jogador deve abater o alienígena, evitando acertar o homem. Às vezes, os alienígenas carregam um andróide, que é semelhante ao humano, mas mortal. Deve-se tomar cuidado para não pegar os andróides. Todos os homens devem ser transportados para uma base de superfície, onde são colocados em segurança - este é o Dropzone.
Druaga no Tou (Japan) (En)	O jogador assume o papel do Príncipe Gilgamesh (Gil), um valente cavaleiro que tem de salvar a sacerdotisa Ki que está presa pelo demónio Druaga. O jogador está armado com uma espada e um escudo para atacar e defender-se. Desloca-te de um andar para outro, que são construídos como labirintos, em busca da chave que te permitirá sair do nível. A Tower of Druaga tem cerca de 60 andares, com o confronto final a ter lugar no topo. Os itens podem ser encontrados ao completar várias tarefas em cada andar, algumas das quais serão necessárias para completar o jogo.
DuckTales (USA)	Enquanto no porão da mansão do tio Scrooge, Huey, Dewey e Louie descobrem um velho pedaço de papel. Quando eles mostram para o tio Scrooge, ele o reconhece como parte de seu grande mapa de tesouro lendário de seu grande e grande Tio Fergus McDuck! Com as partes restantes do mapa escondidas em todo o mundo, cabe ao tio Scrooge para encontrá-los e descobrir o tesouro secreto de Fergus McDuck!
DuckTales 2 (USA)	Duck Tales 2 é a sequência de Duck Tales para o NES e Game Boy. Baseado nos famosos personagens da Disney, os jogadores controlam o Tio Patinhas enquanto ele explora o mundo por grandes quantidades de riqueza, enquanto tenta descobrir partes ocultas do mapa. O principal método de ataque de Scrooge é seu bastão. Pulando no ar e segurando o botão B, o bastão se torna um saltador, permitindo aos jogadores saltar sobre a cabeça da maioria dos inimigos e cruzar o terreno. Diante de paredes e outros objetos, Scrooge os acertará com seu bastão como um morcego, para disparar contra inimigos ou revelar objetos secretos. Uma novidade em Duck Tales 2 é a capacidade de empurrar e agarrar certos objetos depois de acertá-los com a bengala.
Earthworm Jim (USA)	Um corvo está perseguindo um verme chamado Jim enquanto no espaço Psy-Crow está perseguindo uma nave renegada. O capitão da nave roubou um traje cibernético ultra-mega-tecnológico-indestrutível-super-espacial e a Rainha Slug-for-a-Butt ordenou que Psy-Crow o pegasse, já que isso pode torná-la mais bonita do que a princesa-What's-Her-Name. Psy-Crow explode o capitão e o traje cai no Planeta Terra. De volta à Terra, Jim se pergunta se ele está finalmente seguro quando um traje cibernético ultra-mega-tecnológico-indestrutível-super-espacial pousa sobre ele. Felizmente, Jim descansa no colarinho do terno. Então as partículas espaciais começam a interagir com Jim, causando uma evolução na velocidade da luz. Jim logo percebe que está no controle do processo. Jim ouve os planos da Rainha para o traje e decide conhecer essa Princesa...
Elevator Action (USA, Europe)	É o Agente 17 (nome de código: &quot;Otto&quot;). A sua missão é recuperar todos os documentos ultra-secretos de um edifício de segurança e escapar no carro de fuga, localizado na cave do edifício. nnOs espiões inimigos estão espalhados pelo edifício de 30 andares e têm apenas uma missão: executar o Agente 17 a todo o custo. O agente 17 pode matá-los de várias maneiras: disparando-lhes com a sua arma, dando-lhes pontapés enquanto salta sobre eles, disparando uma luz no tecto enquanto está num elevador, deixando cair a luz sobre um deles e atropelando-os com um elevador. nnSempre que uma luz tiver sido lançada, os corredores ficarão escuros por um curto período de tempo, tornando mais difícil para os espiões inimigos verem.
Extra Bases (USA)	Extra Bases no Game Boy é um jogo de beisebol desenvolvido pela Namco, lançado em 1991. Extra Bases possui um modo para um jogador e um modo para dois jogadores. Em ambos os casos, você pode escolher jogar com 5 ou 9 entradas. Existem 14 equipes diferentes disponíveis na &quot;Bandai League&quot; e cada uma delas é representada por uma simples letra do alfabeto. Extra Bases também possui um sistema de salvamento por senha e oferece dois estádios diferentes: Cidade ou Parque.
F-1 Race (World)	F-1 Race é um jogo de corrida estilo arcade com pistas em locais ao redor do mundo. Você encontrará faixas da Austrália, Canadá, Portugal, Índia, Rússia e até do Egito. A jogabilidade é vista de uma perspectiva atrás do carro usando bitmaps dimensionados. Existem três modos de jogo. O primeiro é um modo de campeonato, onde você compete em uma série de corridas e deve ficar em primeiro lugar em cada uma para avançar para a próxima. O segundo é um modo de contra-relógio, no qual você tenta alcançar seu menor tempo de volta na pista de sua escolha. Por fim, há o modo multiplicador para até quatro motoristas.
F-15 Strike Eagle (USA, Europe)	As sete missões apresentadas neste simulador F-15 são todas missões da vida real onde o avião foi originalmente usado. Eles vagam pelo Oriente Médio e Ásia na década de 1970 e início de 1980, e têm alvos aéreos e terrestres para destruir. Você tem à sua disposição metralhadoras, mísseis guiados e bombas. Existe um modo arcade e 3 níveis de dificuldade adicionais. O jogo apresenta 3 aeronaves e 3 tipos de SAMs inimigos.
Faceball 2000 (USA)	Faceball 2000 é um jogo de tiro em primeira pessoa. Você controla a H.A.P.P.Y.F.A.C.E., ou &quot;Holographically Assisted Physical Pattern Yielded For Active Computerized Embarkation&quot; (modelo físico holograficamente assistido para embarcação computadorizadamente ativa). Os gráficos consistem de corredores planos sombreados. Inimigos são figuras geométricas simples com carinhas sorridentes nelas. Embora os gráficos sejam simples, eles permitem completa liberdade de movimento, não muito diferente de Wolfenstein 3-D. Há dois modos de jogo. Primeiro há um modo de um jogador onde seu objetivo é encontrar a saída de cada nível. Há 70 labirintos neste modo. O segundo modo é a arena multijogador. Para o Game Boy: até 4 Game Boys podem ser ligados juntos neste modo.
Felix the Cat (USA, Europe)	&quot;Felix The Cat&quot; é um jogo de plataforma de ação lançado em 1992. Ele foi desenvolvido por Hudson Soft e publicado pela Electro Brain Corp. O jogo é baseado na história em quadrinhos e desenho animado de mesmo nome, que remonta a década de 1920.
Ferrari Grand Prix Challenge (USA, Europe)	Ferrari Grand Prix Challenge é um jogo de corrida no Gameboy. O jogador encarna um piloto da equipe Ferrari cujo objetivo é se tornar campeão da Fórmula 1. Durante as dezesseis etapas até a vitória, você terá que competir contra vinte e cinco competidores controlados pelo computador. Também será necessário lembrar de parar no sinal de stop para reabastecer e trocar os pneus.
FIFA International Soccer (USA, Europe) (En,Fr,De,Es) (SGB Enhanced)	O jogo que deu início à série mais vendida licenciada pela entidade reguladora do futebol mundial, esta primeira edição da série longa-metragem usou um ponto de vista dimétrico (coloquialmente conhecido como &quot;isométrico&quot;), incomum em jogos de futebol, mas rapidamente imitado por vários títulos. A apresentação televisual, um dos pontos únicos dos primeiros títulos da EA Sports, com os apresentadores apresentando os jogos, foi outra coisa que fez o jogo se destacar de um mercado dominado pelos jogos Sensible Soccer e Kick Off. Com base em equipes internacionais (com nomes de jogadores fictícios), suas habilidades em cada área de habilidade são avaliadas em 10 para dar ao jogador uma impressão geral de como elas são boas. As opções disponíveis seguem o conjunto padrão: faltas e offsides podem ser ativadas e desativadas, a duração da partida pode ser definida e se o cronômetro operar continuamente, ou somente enquanto a bola estiver em jogo. A jogabilidade privilegia corridas rápidas, passes curtos e tacadas explosivas fora da área de penalidade, e as peças paradas são controladas movendo uma caixa para a área alvo da bola, e então passam, arremessam ou chutam diretamente. No lado tático, as formações podem ser selecionadas, com 5 estratégias diferentes também disponíveis (embora nem todas essas combinações façam sentido), assim como a cobertura da equipe - as áreas que os defensores, meio-campistas e atacantes cobrem.
FIFA Soccer 96 (USA, Europe) (En,Fr,De,Es) (SGB Enhanced)	FIFA Soccer 96 é um simulador de futebol. O jogo inclui onze ligas de todo o mundo, desde os jogadores desconhecidos da liga malaia até as famosas estrelas das ligas inglesa e italiana. Também são 59 seleções em destaque, sendo possível jogar com qualquer time e contra qualquer time em amistosos, além de disputar torneios nacionais ou internacionais como a Copa do Mundo. Se você não está satisfeito com seus jogadores de futebol, pode criar seu próprio time dos sonhos graças ao construtor de times personalizado.
Fighting Simulator 2 in 1 - Flying Warriors (USA, Europe)	Existem 7 esportes de contato diferentes para escolher neste pacote de jogos, incluindo luta livre, kung-fu e boxe. Escolha seu esporte favorito e jogue pelo Campeonato Mundial! Usando o recurso GameLink, você pode desfrutar de um torneio vs com seus amigos. As intensas lutas pelo título de mais forte do mundo começam agora! Além do modo simulador de combate, também há um jogo de ação em scroll. Nosso super-herói Rick luta contra um inimigo misterioso, o Dragão Sombrio. Lute contra numerosos inimigos formidáveis e armadilhas e recupere o lendário tesouro das garras do mal.
Final Fantasy Adventure (USA)	No Império de Glaive, um gladiador-escravo é forçado a lutar contra monstros malignos controlados pelo Lorde das Trevas. Mas quando seu melhor amigo é mortalmente ferido, ele descobre um pingente secreto que lhe dará grande poder. Como o herói, você deve lutar para sair do castelo do Cavaleiro das Trevas e procurar em um mundo perigoso pela garota que tem o pingente. Mas você descobre que ela foi capturada pelos homens do Cavaleiro das Trevas. Para libertá-la, você deve encontrar a espada lendária e lutar contra as feras e senhores do Cavaleiro das Trevas através de desertos, campos de neve, lagos, florestas e cavernas. Você está pronto para a aventura da sua vida?
Final Fantasy Legend II (USA)	O segundo da série Final Fantasy Legend aumenta a quantidade de detalhes em relação ao original na jogabilidade e nos gráficos. As principais mudanças estão nas classes de personagens e nos membros do grupo. Semelhante ao FFL, iniciar um jogo de Legends II permite que você escolha seu personagem principal entre Humanos, Monstros, Mutantes e uma nova classe: Robôs. A partir daqui, você constrói seu grupo de 4 das mesmas classes de personagens. Durante o jogo, personagens secundários especiais se juntarão a você na batalha para ajudar a derrotar certos inimigos. A outra melhoria está na estratégia. Em FFL você ganha pontos de experiência após cada batalha, aumentando sua força, etc. Em FFLII, você ganha pontos e habilidades diferentes dependendo de como derrotou o inimigo. Se você vencer usando uma espada, sua força aumenta. Se você usar magia, seu mana aumenta. Isso adiciona uma abordagem mais estratégica para derrotar os inimigos.
Final Fantasy Legend III (USA)	O título final (sem brincadeira) de Final Fantasy Legend para agraciar o Game Boy, FFLIII conta a história de uma grande inundação que destrói cidades no passado, presente e futuro. Você controla um grupo de 4, com uma escolha de classes humanas e mutantes, e viaja para trás e para frente no tempo coletando peças do grande navio Talon para derrotar o inimigo que inundou as terras. A inclusão de um enredo de viagem no tempo significa que tudo o que você faz em um período de tempo pode afetar o que acontece em outro momento. Outras mudanças importantes em comparação com os 2 originais da série são a capacidade de mudar ainda mais seus personagens e uma mudança no sistema de atualização. Itens recolhidos após a batalha podem ser anexados aos seus mutantes ou humanos para transformá-los em monstros ou robôs, aumentando o poder e as habilidades do seu grupo.
Final Fantasy Legend, The (USA)	O primeiro título de 'Final Fantasy' no Game Boy, Legend permite que você escolha entre 8 personagens diferentes, desde o humano masculino ou feminino usual até zumbi, homem-rato, redbull (não a bebida), clipper ou mutante masculino ou feminino. Não importa qual você escolha, o objetivo permanece o mesmo: Aumente seus pontos de experiência e habilidades derrotando muitos inimigos variados por toda a terra. Assim como a série FF antiga (e nova), você pode escolher membros para se juntar ao seu grupo e à missão que está por vir (guerreiros, mutantes ou criaturas). Cada personagem tem um limite para a quantidade de movimentos disponíveis durante cada batalha e pontos de experiência são ganhos após cada luta, aumentando a resistência, poder, etc.
Final Reverse (Japan) (En)	Este shoot'em up é bastante original. De fato, não se trata aqui de cruzar níveis destruindo embarcações inimigas, mas de competir com um rival em um lugar que se resume a uma arena fechada. No final, Final Reverse se resume a uma mistura entre Arkanoid e Snake na medida em que as linhas de deslocamento são por vezes impostas. Um título jogável para dois, certamente particular, mas não desinteressante.
Fire Fighter (Europe)	Neste jogo você desempenha o papel de um bombeiro que tem que resgatar bebês de prédios em chamas. A jogabilidade envolve você apagar incêndios com sua mangueira para prosseguir para salvar os bebês. Existem várias coisas que podem prejudicá-lo, incluindo soldados de brinquedo e plugues nas caixas que podem ser mortos com seu machado de fogo. Os bebês são salvos por você pegá-los um de cada vez e devolvê-los ao seu caminhão. Cada nível tem mais bebês para você salvar e mais inimigos matar. As casas também têm vários andares, então você precisa fazer muito rastreamento para salvar todos os bebês.
Fish Dude (USA)	Fish Dude é um jogo de ação. O jogador é &quot;Fish Dude&quot;, um peixe de tamanho médio em uma pequena área aquática. As Leis da Natureza são brutais: &quot;comer ou ser comido?. O jogador deve comer outros peixes menores e evitar inimigos mais fortes: peixes maiores e pássaros. Quando nosso herói, Fish Dude, comer muitos peixes, ele ficará mais forte e poderá defender-se com sucesso contra peixes maiores. O jogador tem apenas 3 vidas. Perdê-las todas resulta em &quot;game over&quot;.
Fist of the North Star (USA)	Este é um jogo de plataforma &quot;beat-'em-up&quot; baseado na série de animê Hokuto no Ken. De acordo com a história mencionada no manual, Kenshirou, o personagem principal, deve salvar as pessoas do maligno Imperador Heaven. O jogo em si, no entanto, não apresenta nenhuma história em particular, mas sim muita ação em plataforma. Você deve correr rapidamente pelos níveis (há um limite de tempo), socando e chutando seus inimigos, fazendo com que eles voem para longe ou explodam, ocasionalmente enfrentando chefes, visitando áreas secretas atrás de portas e coletando vários power-ups. Este é de fato o segundo jogo da série; o primeiro nunca foi lançado fora do Japão.
Flappy Special (Japan) (En)	Flappy Special é uma versão do Flappy. A principal diferença é que o jogo apresenta dois modos de jogo com 80 níveis cada: um é voltado para quebra-cabeças enquanto o outro apresenta mais inimigos. Os próprios níveis são uma mistura entre os níveis apresentados nas versões PC-88 e NES. O jogo em si é um jogo de quebra-cabeça no qual o jogador controla uma toupeira que deve empurrar uma pedra azul em um local especialmente marcado. A pedra só pode ser empurrada, mas não puxada. Embora Flappy não se importe com a gravidade, as pedras azuis e vermelhas sim: elas caem se empurradas para fora de uma borda. Isso deve ser usado para abrir caminho para a pedra azul e para esmagar os inimigos que tentam ferir Flappy. Tocá-los ou ser esmagado por uma pedra resulta na perda de uma vida.
Flash, The (USA, Europe)	Na história do jogo, Barry Allen, o homem por trás do alter ego do Flash, descobre que vários inimigos estão se unindo para destruir Central City. Para impedir os planos dos vilões, o Flash precisa correr contra o tempo e enfrentar diversos obstáculos em diferentes partes da cidade. O jogador assume o controle do Flash e precisa percorrer as fases, coletando power-ups e desviando dos obstáculos, enquanto enfrenta os diversos inimigos, incluindo o Capitão Frio, o Trapaceiro, o Flash Reverso e o Gorila Grodd. Ao final de cada fase, o jogador enfrenta um chefe, e ao vencer todos os obstáculos, é possível chegar ao confronto final com o vilão responsável por todos os planos.
Flintstones, The (USA, Europe)	É A VIDA DE FRED...E VOCÊ TEM QUE YABB-DABBA-DOO! O que é mais divertido do que assistir Os Flintstones? Jogar Os Flintstones, bobo! O malvado Cliff Vandercave sequestrou Pebbles e Bamm-Bamm. Adivinhe quem vai resgatar?!? Vista sua pele de tigre, tire os sapatos e seja seu fantoche favorito da Idade da Pedra na aventura mais rochosa deste lado do Jurassic Park. Viva em Bedrock. Saia com Barney, Wilma, Betty e Dino. Lute com dinossauros famintos. Coma hambúrgueres de brontossauro. E traga os mais pequenos para casa, em segurança. Afinal, é a vida de Fred... e você tem que YABBA-DABBA-DOO!
Flipull (USA)	Flipull é um jogo arcade de lógica, onde o objetivo principal é destruir o maior número possível de blocos no campo de jogo. Quanto mais blocos você destruir, mais pontos você acumulará. Indo de nível para nível, o número de blocos aumenta, assim como a dificuldade. O jogo contém mais de 100 níveis e também oferece a capacidade de adicionar novos níveis. O jogo suporta várias skins.
Fortified Zone (USA, Europe)	Um comando formado por Masato e Mizuki são enviados para a selva em uma missão para destruir uma base inimiga e todos nela. É necessário ser discreto, já que a força bruta só levará à sua captura. É possível alternar entre os dois personagens a qualquer momento, algo raramente visto em videogames até hoje.
Frank Thomas Big Hurt Baseball (USA, Europe)	O jogador de beisebol Frank Thomas licenciou um dos primeiros jogos de beisebol a usar gráficos 3D capturados por movimento e vários ângulos de câmera. 28 estádios foram renderizados em 3D e cada um tem suas próprias diferenças visíveis e significativas. Existem 6 modos de jogo distintos, permitindo partidas de exibição única, além de temporadas completas nos playoffs. Há também o modo Home Run Derby, permitindo que o jogador atire a bola no chão para ganhar pontos. Você pode escolher jarros e batedores, com base em suas estatísticas e forma. As opções de boliche são definidas para definir a entrega, com bolas rápidas e curvas, além de configurações mais precisas de ritmo e altura. O campo é opcional - é melhor deixar isso para o computador primeiro. Você sempre pode alterar a profundidade e a mudança do campo interno e externo.
Frogger (USA)	&quot;Frogger&quot; é um clássico jogo de arcade que foi adaptado para o console Game Boy. Nele, os jogadores controlam um sapo que deve atravessar uma movimentada rua e um rio cheio de obstáculos, evitando carros em alta velocidade, troncos flutuantes, crocodilos e outros perigos. Cada nível tem suas próprias armadilhas e desafios, exigindo habilidade e rapidez do jogador para alcançar a plataforma do outro lado. O jogo apresenta gráficos coloridos e uma trilha sonora animada que acrescenta à atmosfera frenética e divertida do jogo. Com desafios progressivamente mais difíceis, &quot;Frogger&quot; é um jogo clássico que continua a divertir jogadores de todasasidades.
Game & Watch Gallery (USA) (SGB Enhanced)	Game & Watch Gallery é a primeira compilação dos portáteis da Nintendo que reúne alguns dos jogos originais dos anos 80, como o popular &quot;Mr. Game & Watch&quot;, e também com Mario e seus amigos como protagonistas. A compilação consta de quatro títulos, cada um com uma versão &quot;Clásica&quot; e &quot;Moderna&quot;
Game Boy Wars (Japan)	Durante os anos 90, Nintendo lançou uma série de jogos Nintendo Wars para seu console/a de bolso, Game Boy. Estes mudaram pelo tipo de divisão de chão; Famicom Wars era numa divisão quadrada, enquanto Game Boy Wars era numa divisão hexagonalnnA segunda entrada da série Guerra da Nintendo coloca dois partidos um contra o outro: é o exército da Estrela Vermelha contra o exército da Lua Branca em batalhas por turnos sobre 16 mapas, que, ao contrário do jogo anterior, estão dispostas em redes hexagonais. Em cada mapa, o objetivo é destruir todas as forças inimigas ou capturar a capital do inimigo. Estão disponíveis 24 tipos de tropas diferentes, que podem receber ordens de atacar unidades inimigas para apoiar amigas a sitiar ou capturar cidades ou instalações inimigas. As batalhas são mostradas como pequenas sequências animadas. Construir (e reparar) unidades requer renda, que é gerada pela ocupação de cidades ou instalações de produção. Quais unidades podem ser construídas dependendo do tipo de construção: fábricas e cidades construídas unidades terrestres, aeroportos e portos são necessários para as unidades aéreas e marítimas, respectivamente.
Game Boy Wars Turbo (Japan) (SGB Enhanced)	O Game Boy Wars Turbo é uma versão aprimorada do Game Boy Wars original lançado em 24 de junho de 1997. A principal novidade do Game Boy Wars Turbo é que a CPU agora possui um algoritmo de tomada de decisão melhor durante seus turnos, permitindo batalhas para prosseguir mais rapidamente do que no original. Turbo também apresenta 50 novos mapas, bem como suporte para Super Game Boy. Uma versão alternativa do Game Boy Wars Turbo foi lançada como brinde promocional pela Weekly Famitsu apresentando um conjunto de mapas enviados pelos leitores da revista.
Gargoyle's Quest (USA, Europe)	O pacífico Reino Ghoul foi invadido por alienígenas conhecidos como Destroyers anos atrás. Os Destroyers quase conquistaram o Reino Ghoul, mas um poderoso fogo caiu do céu e os destruiu. O Reino está mais uma vez ameaçado e o segredo do incêndio deve ser recuperado. Você joga como Firebrand, uma gárgula com garras poderosas que permitem que ela se agarre a paredes e outras superfícies em um plano vertical. Firebrand também pode flutuar e voar por um tempo com suas asas. Destrua os inimigos com seu sopro de fogo. O jogo também contém uma história do tipo aventura que se desenrola ao interagir com os personagens de uma perspectiva elevada.
Gauntlet II (USA, Europe)	Baseado no jogo de arcade, Gauntlet II é muito semelhante ao original. Até quatro jogadores (um mago, um guerreiro, um elfo e uma valquíria) percorrem vários labirintos, coletam tesouros e poções mágicas e afastam diversas criaturas e fantasmas.
Gerry Anderson's Thunderbirds (Japan)	Baseado no filme de ação ao vivo lançado em 2004 (que por sua vez foi baseado na série dos anos 1960 estrelada por marionetes), Thunderbirds é estrelado por Alan, Tin-Tin e Fermat, três crianças cujos tutores fazem parte da equipe de Resgate Internacional. O jogador assume o controle de todas as três crianças enquanto elas passam pelo treinamento e são forçadas a viajar pelo mundo para salvar membros do Resgate Internacional de um vilão malvado conhecido como The Hood. O jogo se passa em locais como a ilha International Rescue, na África e até no espaço sideral. Cada um dos três personagens tem suas próprias habilidades únicas que o jogador deve usar para resolver quebra-cabeças e avançar de nível. Alan tem força e capacidade de pular, Tin-Tin tem poderes telecinéticos que são usados ​​para mover objetos e Fermat pode hackear computadores e rolar por buracos. Embora a maior parte da jogabilidade seja composta principalmente pela resolução de quebra-cabeças de uma visão aérea, também existem sequências de ação de voo em que o jogador pode pilotar um dos muitos veículos conhecidos como Thunderbirds.
Ghostbusters II (USA, Europe)	Vagamente baseado no filme de mesmo nome, Ghostbusters II mostra Vigo, o Cárpato, aparecendo na cidade de Nova York. Ele captura o bebê de Diana e cabe aos Caça-Fantasmas recuperá-lo. Para conseguir isso, os Caça-Fantasmas: Igon, Ray, Peter e Winston devem perseguir Vigo pelos tribunais, esgotos, apartamentos, metrô e museu de arte.
Go! Go! Tank (USA)	Uma nação pacífica foi invadida por um exército inimigo, e você deve ajudar a abrir caminho para suas próprias forças através de um avião. Você deve guiar seu tanque até o final de cada fase arranjando caixas com um gancho preso na parte inferior do seu avião, além de atirar em aviões inimigos e baterias que o ameaçam. O tanque avançará por conta própria e subirá qualquer parede que tenha apenas um bloco de altura - se for mais alta, ele colidirá e dará meia-volta, sofrendo danos. Se o tanque sofrer muitos danos, ele será destruído e o jogo terminará. Se você for atingido, perderá um avião, e se ficar sem aviões, o jogo também será encerrado. Existem vários itens especiais para ajudá-lo em seu caminho, incluindo um gancho de energia que permite transportar diretamente o tanque, uma bomba que pode destruir todos os inimigos na tela e uma opção que faz com que um segundo avião siga o seu e reproduza suas ações. O jogo possui dez fases, além de um modo cooperativo para dois jogadores (dois aviões) quando jogado através de cabo de conexão.
Godzilla (USA, Europe)	Esta interpretação do famoso monstro gigante da indústria cinematográfica japonesa toma a forma de um jogo de luta, só que em vez dos bravos artistas marciais habituais, os jogadores controlam monstros horríveis da linhagem Toho tradicional: a própria besta titular, Rodan, Anguirus, Ghidorah e outros. O jogo tem dois modos: Normal e Vs. O último é essencialmente um modo para dois jogadores, que permite que os jogadores se envolvam em batalhas de monstros gigantes em uma variedade de cenários. A maioria dos monstros, no entanto, está bloqueada no Vs. modo antes que o jogador tenha concluído o modo Normal. O modo Normal coloca o jogador no controle de Godzilla, que deve passar por cinco fases antes de chegar ao chefe final.
Golf (World)	Golf apresenta dois desafiadores campos de 18 buracos onde os jogadores podem jogar uma partida de golfe e permite que os jogadores escolham um taco, ajustem a postura e controlem o swing. O jogo apresenta três visualizações alternadas; uma visão aérea de longo alcance de todo o buraco, uma visão aérea de médio alcance da localização atual da bola e uma visão aérea de curto alcance do green. Os modos de jogo incluem 1 jogador ou 2 jogadores com um cabo de link.
Great Greed (USA)	Quando Great Greed começa, você é acidentalmente levado a outra dimensão por um mago chamado &quot;Microondas&quot;... Sem possibilidade de retorno imediato, você ajuda as pessoas a combater um flagelo chamado &quot;Bio-Haz&quot; que está consumindo essa dimensão com maldade e destruição. Essa nova dimensão em que você se encontra não é muito diferente da sua, exceto pelo fato de que todo mundo tem o nome de alimentos ou itens relacionados à comida, e a maioria dos monstros parece ser vegetais mutantes e similares.
Gremlins 2 - The New Batch (World)	Gizmo está preso dentro do Centro Clamp pelos malignos Gremlins. Sua missão? Ajudá-lo a lutar até o centro de controle e livrar a cidade para sempre da ameaça dos Gremlins! Não será fácil. Você terá que usar astúcia e inteligência para sobreviver com apenas as armas que encontrar dentro do Centro Clamp... fósforos, uma lanterna, tomates e um arco e flecha caseiros. Mas, se tiver sorte, a porta da Loja de Magia do Sr. Wing pode aparecer misticamente... e permitir que você compre itens muito especiais - e poderosos - para ajudá-lo. Este jogo tem todas as armadilhas, labirintos e movimentos extremamente rápidos para levar suas habilidades ao limite. E tem gráficos que parecem ganhar vida na tela. Gremlins. Pará-los não será fácil. Não diga que não avisamos você!
HAL Wrestling (USA)	Hal Wrestling é um jogo de luta livre 2D, derivado da série Fire Pro Wrestling. O jogador luta em uma partida de um contra um (o jogo possui dois tipos de partidas: partida simples e partida de eliminação 4 contra 4) contra um oponente controlado pelo computador. Os personagens utilizam diversos golpes de luta livre, imobilizações, entre outros.
Hammerin' Harry (Europe)	É a sequência de Hammerin' Harry. Aqui Harry tem que derrotar um exército de fantasmas em uma série de ambientes, incluindo canteiro de obras, esgoto, dirigível, selva e, finalmente, o quartel-general onde encontra a máquina de construção fantasma do mal. Em vez de usar seu martelo, Harry pode obter uma bola com pontas que causa mais dano do que o martelo. São cinco fases, e cada uma termina com Harry lutando contra um chefe. Após a conclusão de um estágio, a jogabilidade muda de um beat-em-up para um atirador horizontal onde Harry voa pelo ar, derrotando inimigos no ar e evitando objetos perigosos.
Harvest Moon GB (USA) (SGB Enhanced)	&quot;Harvest Moon Gb&quot; é um jogo de simulação de fazenda lançado pela Natsume em 1997 para o Game Boy. No jogo, os jogadores assumem o papel de um jovem que herdou uma fazenda de seu avô e agora deve gerenciá-la e fazê-la prosperar.
Heiankyo Alien (USA)	Mil anos atrás, a cidade de Kyo foi repentinamente invadida por alienígenas. Um Kebiishi (cavaleiro do passado) foi encarregado de defender a cidade. O jogo começa com um labirinto onde o kebiishi e alguns alienígenas aparecem. Os alienígenas começam a se mover pelo labirinto onde quiserem. Enquanto tenta evitar ser devorado, o kebiishi cava buracos onde os alienígenas provavelmente irão passar. Se um alienígena chegar a um buraco acabado, ele cairá e ficará preso por um tempo. Enquanto o alienígena estiver preso no buraco, você pode preenchê-lo para enterrá-lo. Se todos os alienígenas forem enterrados, a rodada termina e você pode prosseguir para a próxima rodada.
Hiden Inyou Kikouhou - Ca Da (Japan)	Toca como uma personagem que muda de cor de acordo com as bolas que tocam. Estes estados permitem-lhe utilizar as setas coloridas correspondentes para saltar muito alto e alcançar todos os balões pequenos. Ao fazê-lo, a porta para a fase seguinte é destrancada. Embora haja inimigos em Ca Da, não é possível morrer. Eles só o atiram para trás. Cada um contém vários mapas com 10 tábuas cada e dispõe de um sistema de salvar palavras.
Home Alone (USA, Europe)	Kevin fica sozinho em casa enquanto sua família comemora o feriado em outro lugar. Infelizmente para ele, dois ladrões entraram na casa para lhe fazer companhia. Kevin deve evitar ser pego pelos ladrões enquanto reúne todos os pertences da família e os leva para um local seguro. Para ajudá-lo em sua busca, Kevin tem um estilingue e uma pistola d'água, mas igualmente importante é o manejo adequado do ambiente - uma banana colocada no lugar certo ou uma bola de boliche em cima de um armário ajudarão Kevin em sua causa contra os ladrões.
Home Alone 2 - Lost in New York (USA, Europe)	Vagamente baseado no filme de mesmo nome, Kevin McAllister chega a Nova York sem seus pais. Ele se hospeda em um hotel e começa a se divertir. Não demora muito para que o hotel descubra que ele está usando cartões de crédito roubados e comece a persegui-lo! Além disso, Harry e Marv, os ladrões que ele derrotou anteriormente, estão na cidade e em busca de vingança.
Hong Kong (Japan)	Hong Kong é uma variante de Shanghai na qual os jogadores devem remover peças específicas de um padrão. O jogador pode selecionar qual padrão (de pirâmides e ampulhetas a designs mais complexos) a partir do qual desenhar peças, bem como inserir um código de três letras que oferece vários milhares de combinações possíveis das peças dentro desse padrão. Em vez de remover as peças aos pares na borda do padrão para acessar as peças enterradas, como é a norma em Shanghai, o jogador pode selecionar qualquer peça do tabuleiro, desde que corresponda à peça solicitada pelo jogo. No entanto, os pontos são marcados com base em quantas outras peças cercam a peça selecionada: Um máximo de 320 pontos são concedidos para peças completamente cercadas em todos os seis lados por outras peças. Quaisquer ladrilhos que não estiverem &quot;em pé&quot; em pelo menos um outro ladrilho cairão do tabuleiro, causando um fim prematuro do jogo: os jogadores precisam equilibrar os pontos ganhos removendo os ladrilhos entrincheirados, garantindo que nenhum ladrilho caia da mesa como resultado de a remoção.
Hook (USA)	Nesta emocionante versão de Hook para Game Boy, você se torna Peter Pan e retorna à Terra do Nunca para libertar seus filhos do malvado Capitão Gancho. Você viajará por florestas misteriosas, cavernas, lagoas e regiões geladas e enfrentará inimigos que vão desde piratas e fantasmas até o abominável boneco de neve e a cobra pendurada. Armado com uma espada de madeira, bolinhas de gude mágicas e pó mágico, seu desafio é enganar, escapar ou derrotar todos eles. E você deve desenvolver suas habilidades em todas as etapas de sua jornada para a luta final de espadas com Hook. A luta que vai ganhar de volta... ou perder seus filhos para sempre.
Hudson Hawk (USA)	Hudson Hawk é um jogo de ação para Gameboy baseado no filme de mesmo nome. Você assume o papel de um ladrão astuto chamado Hudson Hawk. Sua missão é roubar três obras de arte de Da Vinci. Mas cuidado, não será tão fácil, guardas de segurança e cães bloquearão o seu caminho!
Hugo (Europe) (SGB Enhanced)	Hugo coloca você na pele do carismático troll em uma missão de resgate desesperada. A vilã Scylla (ou Afskylia) sequestrou a esposa de Hugo, Hugolina, e seus três filhos, levando-os para o seu esconderijo na Montanha da Caveira. O jogo adapta os minijogos clássicos do programa de televisão para o formato de plataforma portátil, onde você deve atravessar florestas perigosas, cavernas e trilhos de trem. Cada fase exige reflexos rápidos para desviar de armadilhas e obstáculos enquanto coleta sacos de ouro. O objetivo final é confrontar a bruxa e escolher a alavanca certa para libertar sua família, mantendo o clima de &quot;escolha sua aventura&quot; que tornou o personagem um ícone dos anos 90.
Humans, The (USA)	The Humans coloca o jogador em uma ação que envolve raciocínio e determinação para cumprir as tarefas. Inspirado no clássico Lemmings, você precisa conduzir os homens das cavernas em tarefas como: pegar itens, atirar a lança, formar uma escada humana, entre outras coisas, para superar os desafios. o botão C alterna as ações e o botão B as executa. O número de humanos não é alto e você precisa evitar que eles se machuquem na tarefa. A versão de Mega Drive, por alguma razão, obriga o jogador a escolher entre ouvir os efeitos sonoros ou a trilha musical da fase.
Hunt for Red October, The (USA, Europe)	Baseado no filme de mesmo nome, a União Soviética está construindo em segredo um submarino da classe Typhoon com capacidade de ataque nuclear. Esta máquina de guerra foi batizada de Outubro Vermelho. Durante o teste, o capitão Marko Ramius sequestrou o submarino junto com sua tripulação. Eles planejam desertar para os Estados Unidos. Naturalmente, tal arma não deve cair nos planos americanos, e assim são emitidas ordens entre as forças soviéticas para destruir o Outubro Vermelho. Você controla o Outubro Vermelho durante sua corrida pela liberdade. O jogo funciona como um sidescroller subaquático. O submarino Outubro Vermelho pode se mover em qualquer uma das quatro direções. O botão A dispara torpedos horizontalmente para a direita e o botão B dispara mísseis verticalmente, para cima. Além disso, o drive Caterpillar (invisibilidade) pode ser ativado por curtos períodos de tempo. O jogador também pode ativar uma explosão ECM que destruirá todas as armas ofensivas próximas. Na tela, o tempo todo, estão exibidos Armor (saúde) e Power (combustível); deve ficar baixo, o Outubro Vermelho em perigo de ser destruído. Power-Ups para aumentar ou diminuir o poder de mísseis e torpedos podem ser encontrados destruindo inimigos.
Hyper Lode Runner (World) (Rev 1)	O Hyper Lode Runner joga de forma semelhante ao Lode Runner. Você deve correr em plataformas de tijolos coletando todo o ouro, evitando inimigos, conhecidos como Mad Monks, que seguem cada movimento seu. Você pode destruir blocos para criar buracos temporários para prender inimigos ou escapar pelas plataformas abaixo. Para tornar os níveis mais interessantes, existem escadas e cordas verticais para escalar, mas os inimigos também podem usá-las. Existem 50 níveis para jogar, e também há um editor e um modo VS.
Incredible Crash Dummies, The (USA, Europe)	Um jogo de plataforma padrão com um toque de gosto e propósito questionáveis. Você interpreta um manequim de teste de colisão, tentando progredir por níveis cheios de perigos, como carros e bolas de fogo, dentro dos limites de tempo. O contato com cada um deles faz com que você perca um membro e, uma vez que você não tenha mais nenhum, o contato significa o fim do jogo. Como o personagem não é prejudicado por membros perdidos de forma alguma, em termos práticos, você pode pensar nisso como pontos de vida, especialmente porque há chaves de fenda para pegar que restauram um membro.
Indien dans la Ville, Un (Europe) (SGB Enhanced)	Um índio na cidade é a adaptação do filme francês homônimo de Hervé Palud lançado em 1994. Neste jogo de ação e plataforma você joga com Mimi-Siku, a jovem indiana que deve avançar pelos níveis de rolagem horizontal. Para combater os animais que se interpõem em seu caminho, ele conta com sua pistola e seus saltos milimétricos.
Ishido - The Way of Stones (USA)	&quot;Ishido: The Way of Stones&quot; é um jogo de puzzle lançado originalmente em 1990 para computadores Macintosh. Em 1991, o jogo foi lançado para Game Boy e outras plataformas. O objetivo do jogo é percorrer as peças de pedra em um tabuleiro para criar combinações de pedras com símbolos ou cores correspondentes. O jogador deve pensar estrategicamente para criar combinações que permitam que mais peças sejam deslocadas e assim conseguir uma alta pontuação. O jogo também inclui um modo de meditação, que permite ao jogador jogar sem pressão de tempo ou pontuação, apenas para relaxar e criar sequências de pedras. Até hoje, &quot;Ishido: The Way of Stones&quot; é considerado como um desafiador e viciante jogo de quebra-cabeça.
James Bond 007 (USA, Europe) (SGB Enhanced)	Bond está mais uma vez em meio a uma grande aventura, desta vez viajando pelo hemisfério oriental para parar um elite de contrabando de armas. Para isso, Bond deve usar todas as armas e gadgets disponíveis, incluindo seu confiável relógio a laser, pistolas, AK-47 e mais. Bond também terá a chance de visitar um cassino, onde pode gastar um pouco de dinheiro em blackjack e outras atividades, enquanto alguns dos vilões mais famosos de Bond fazem aparições na esperança de impedir que o agente secreto complete sua missão.
Jelly Boy (Europe)	Jelly Boy é uma gosma humanoide rosa gelatinosa em uma missão por mundos estranhos. Durante sua jornada, ele atravessa paisagens como fábricas de brinquedos gigantes e campos de neve ártica, enfrentando todos os tipos de inimigos e obstáculos perigosos. Ele pode pular e lançar um grande punho a partir do estômago (afinal, ele é uma bolha). Além disso, diferentes níveis possuem power-ups especiais que permitem que o blob assuma diferentes formas que são úteis em circunstâncias específicas. Estes incluem um balão de ar quente (para flutuar até itens especiais), um martelo (para quebrar blocos obstrutivos), um submarino (para navegar de forma mais eficaz em um nível de bônus submarino), um skate (para passar de um nível dentro de um prazo), e um pula-pula (para salto extra alto). Porém, nem todos os power-ups são úteis. Um item transforma Jelly Boy em um bloco que o impede de se mover por vários segundos. Jelly Boy coleta notas musicais em vez de ter um medidor de potência. Ser atingido derruba todas as suas notas coletadas e se ele for atingido novamente sem ter nenhuma nota, perderá uma vida. Jelly Boy também coleta uma variedade de frutas ao longo de sua missão. Acumule frutas suficientes para ganhar vidas extras. Certos tipos de frutas têm outros efeitos colaterais (laranja = mais tempo no relógio, abacate = invencibilidade).
Joe & Mac (USA)	Jogue Joe and Mac como ninjas das cavernas numa área de plataformas multi-nível onde o jogador deve pular e atacar inimigos.
Jordan vs Bird - One on One (USA, Europe)	Michael Jordan do Chicago Bulls e Larry Bird do Boston Celtics foram os únicos dois jogadores no jogo, o que permitiu ao jogador participar de um jogo de basquete individual. Os minijogos incluíam um concurso de slam dunk (utilizando Jordan) e um concurso de três pontos (utilizando Bird).
Judge Dredd (USA, Europe)	Juiz Dredd é um jogo de plataforma de ação baseado no personagem da história em quadrinhos britânico de mesmo nome e no filme de 1995 que manchou esse nome. O jogo foi lançado para vários consoles e se encaixa na fórmula padrão de pular/atirar/se abaixar, embora adicione alguns toques únicos, como ferir inimigos para que se rendam e possam ser presos. Os níveis iniciais seguem a trama do filme com o justiceiro futurista Juiz Dredd sendo incriminado e enviado para a colônia penal de Aspen, de onde ele deve escapar e provar sua inocência. Após a luta no topo da Estátua da Liberdade que encerrou o filme, o jogo continua com fases e personagens inspirados na história em quadrinhos, culminando em uma batalha contra os Juízes Negativos em Deadworld.
Jungle Strike (USA)	Jungle Strike coloca você na pele de um piloto de elite da unidade Strike para impedir um ataque nuclear contra Washington. Nesta versão para o portátil da Nintendo, a visão isométrica clássica é mantida, exigindo precisão cirúrgica para gerenciar combustível, munição e blindagem enquanto você alterna entre o helicóptero Comanche e outros veículos. O desafio técnico aqui é o gerenciamento de recursos em um mapa denso. O jogo brilha ao adaptar a complexidade dos consoles de mesa para a tela monocromática, mantendo a estrutura de missões variadas que vão de resgates a sabotagens táticas. É um port impressionante que preserva a dificuldade punitiva e a estratégia militar que definiram a franquia nos anos 90.
Jurassic Park (World) (Limited Run Games)	Um jogo baseado no filme de sucesso &quot;Jurassic Park&quot;. O jogo começa logo depois que o T-Rex empurra a van do visitante para dentro do poço. Você faz o papel do Dr. Alan Grant, então você tem que encontrar Tim e Lex, levá-los ao centro do Visitante e tirar todos da ilha. Mas desta vez não será tão fácil como foi no filme. O jogo é dividido em duas missões, jogadas de duas maneiras diferentes. A primeira missão é levar Tim e Lex de volta para seu avô e é (quase exclusivamente) jogada de cima para baixo. A segunda missão envolve colocar a energia de volta na rede e voltar vivo, para que todos possam deixar a ilha e é jogado como um FPS (First Person Shooter).
Jurassic Park Part 2 - The Chaos Continues (World) (En,Fr,De,It) (Limited Run Games)	Um ano após os eventos do Jurassic Park, John Hammond quer trazer o Jurassic Park de volta e envia o Dr. Alan Grant para ajudar uma equipe de homens armados até o antigo parque para restaurar a ordem. Enquanto isso, a Biosyn Corp enviou homens ao antigo parque para que a empresa pudesse obter o controle do parque por conta própria. Neste jogo de tiro 2D, o jogador 1 controla o Dr. Alan Grant e o jogador 2 controla o sargento tático Michael Wolfskin e, sozinho ou em conjunto, você enfrenta os dinossauros errantes do outrora conhecido Jurassic Park junto com os membros da Biosyn Corp. Seu jogador sempre tem seis armas. Sua metralhadora principal e aguilhão de gado são ilimitados e a maioria derruba humanos e dinossauros, mas alguns funcionam apenas nos dinossauros, como o aguilhão de gado. A maioria dos níveis não é linear, então você deve explorar diferentes caminhos para completar a missão que você selecionou depois de escolher o modo de um ou dois jogadores.
Kaeru no Tame ni Kane wa Naru (Japan)	Em uma terra muito distante, dois príncipes, Richard e o Príncipe de Sablé (o protagonista do jogo), compartilham uma rivalidade amigável desde a infância. Um dia, um mensageiro vindo do reino vizinho chega para alertar os dois príncipes. O rei Delarin invadiu o Reino Mille-Feuille e capturou a princesa Tiramisu. A partir desse momento, o príncipe Richard, vendo a oportunidade de ganhar o favor da princesa, parte imediatamente de barco para resgatá-la. O Príncipe de Sablé o segue nessa aventura. Durante essa jornada, os dois príncipes acabam sendo transformados em sapos enquanto buscam por ela.
Keitai Keiba Eight Special (Japan)	Keitai Keiba Eight Special é um jogo de previsão de corridas de cavalos. Tem dois modos de jogo: o modo simples e o modo avançado. Também é possível guardar os dados introduzidos no modo simples e utilizá-los no modo detalhado. Embora tenha sido portado da Super Nintendo, foi bem recebido, ao contrário do original, porque era mais fácil fazer previsões com um Game Boy em qualquer lugar (na pista de corridas, por exemplo).
Kid Dracula (USA, Europe)	Kid Dracula é um side-scroller. Uma paródia da série Castlevania. A diferença é que você joga como um jovem vampiro ao invés de um assassino de vampiros. A jogabilidade consiste em pular e atirar em ação de plataforma. Conforme você avança através dos 8 níveis, você ganha a habilidade de realizar feitiços, como se tornar um morcego. Você também receberá orientação de seu amigo, o Grim Reaper.
Kid Icarus - Of Myths and Monsters (USA, Europe)	Kid Icarus: Of Myths and Monsters é um jogo da série da Nintendo, Kid Icarus. Kid Icarus: Of Myths and Monsters foi lançado para Game Boy em 1992, esse jogo entrou para a lista dos 18 melhores jogos do Game Boy segundo a Nintendo Power. No jogo você controla Icarus em uma jogabilidade de plataforma lateral enfrentando armadilhas e monstros mitológicos e melhorando seu arco flecha, explore muito pois você poderá encontrar salas secretas colete corações e aprenda a voar.
Killer Instinct (USA, Europe) (SGB Enhanced)	Em um futuro distante, uma corporação monopolista e tecnológica chamada Ultratech organiza um torneio de luta conhecido como &quot;Killer Instinct&quot;. Muitos lutadores aceitam o desafio de participar, incluindo vários dos guerreiros experimentais da Ultratech. Para aumentar o desafio do torneio, a Ultratech utiliza uma tecnologia que pode criar pontes entre dimensões alternativas, liberando uma criatura conhecida como Eyedol. Eyedol é um antigo guerreiro de duas cabeças que foi preso junto com seu amargo rival, Gargos. Alguns guerreiros entram no torneio em busca de glória ou fuga. Outros lutadores estão tentando acabar com a corrupção da Ultratech. Killer Instinct é um jogo de luta 2D versus que apresenta gráficos baseados em sprites renderizados em 3D. Os jogadores escolhem entre dez personagens: Orchid, Cinder, Jago, Glacius, Fulgore, Riptor, Sabrewulf, Spinal, T.J. Combo e Trovão. O jogo é conhecido por seu pesado sistema de luta baseado em combos, permitindo aos jogadores realizar movimentos que acertam um grande número de golpes em seu oponente, sendo o mais alto o &quot;Ultra Combo&quot;. O jogo também apresenta disjuntores de combo, movimentos finais e fatalidades de palco, barras de energia duplas e uma trilha sonora techno inspirada em dance music.
King of Fighters '95, The (USA) (SGB Enhanced)	A primeira sequência da série King of Fighters começa um ano após o final do primeiro torneio. Mais uma vez, lutadores de todo o mundo recebem um convite misterioso para um torneio de luta em equipe. E assim como no ano passado, parece que o notório criminoso Rugal Bernstein está por trás disso, aparentemente voltando dos mortos para causar estragos mais uma vez... The King of Fighters '95 apresenta o rival de Kyo Kusanagi, Iori Yagami, e coloca Kyo firmemente como o personagem principal para o resto da série. A jogabilidade de The King of Fighters '95 é essencialmente inalterada em relação ao título anterior, embora introduza o conceito de &quot;edição de equipe&quot; que permaneceria como um recurso padrão da série. Usando o recurso &quot;team edit&quot;, é possível criar um time totalmente personalizado usando qualquer um dos lutadores disponíveis, ou usar um dos times padrão se desejar.
Kingdom Crusade (USA)	Sua missão, bravo herói, é de extrema urgência. O destino do reino repousa em suas mãos, e você deve derrotar seu inimigo tomando o controle de seu exército e fortalezas. Use seu exército sabiamente, pois, embora você tenha sua própria legião de feiticeiros, gigantes, paladinos e cavaleiros, o exército inimigo está igualmente equipado e lutará pela sua própria cruzada. Boa sorte, e que a força mística de Merlin guie seu caminho.
Kirby's Block Ball (USA, Europe) (SGB Enhanced)	Kirby aceita um novo desafio, o blockball. O campo de jogo contém uma variedade de blocos e, usando a técnica de rolagem de Kirby, você deve colocá-lo em movimento (com pás posicionadas ao redor do campo de jogo, semelhante ao pinball) para remover os blocos do campo. Cada nível contém mais e mais blocos para remover e, após algumas rodadas, você enfrenta os chefes em uma rodada individual para ver se consegue remover mais blocos.
Kirby's Dream Land (USA, Europe)	Dedede, Rei da Terra dos Sonhos, é uma criatura parecida com um pinguim que é gulosa demais para seu próprio bem. Reunindo comida para a festa da meia-noite, ele se empolgou e acabou levando toda a comida dos habitantes de seu país. Um deles, um rapazinho rosa chamado Kirby, decide viajar todo o caminho até o palácio do Rei Dedede e recuperar a comida perdida de qualquer maneira. Kirby's Dream Land é um jogo de ação de plataforma de rolagem lateral e o primeiro da série Kirby. Embora o protagonista pareça ser um pequeno marshmallow fraco, ele é bastante poderoso: ele tem a capacidade de sugar seus inimigos como um vácuo e, em seguida, atirar em outros inimigos. Kirby também pode engolir ar e inflar-se, o que lhe permite voar. Existem quatro níveis no jogo; nenhum recurso de salvar está disponível.
Kirby's Dream Land 2 (USA, Europe) (SGB Enhanced)	O adorável Kirby está de volta ao Game Boy! Desta vez, as pontes que ligam as pontes do arco-íris desapareceram e King Dedede é o culpado, como sempre... ou é ele? O malvado Dark Matter o tem sob seu controle e planeja transformar a Dream Land em um mundo sombrio. O objetivo de Kirby é pegar a lendária espada arco-íris e derrotá-lo! A jogabilidade consiste em um jogo de plataforma. Kirby é diferente de qualquer outro personagem de plataforma de seu tempo, porque ele pode voar sem power-ups e pode engolir inimigos e obter seus poderes. Além disso, Kirby agora pode se juntar a seus amigos: Rick, o hamster, Kine, o peixe, e Coo, a coruja. Cada equipe tem suas vantagens e desvantagens, mas Kirby ainda pode engolir inimigos, disponibilizando mais poderes diferentes dependendo do poder.
Kirby's Pinball Land (USA, Europe)	Kirby's Pinball Land é um Jogo desenvolvido para Game Boy, é o terceiro jogo de Kirby, foi lançado em 28 de novembro de 1993, é um jogo, como o nome sugere, de pinball. Foi desenvolvido pelo Laboratório HAL. É o primeiro jogo da série alternativa. O jogo é como um simples jogo de pinball, ao começar com um canhão devemos escolher entre os três níveis e cada nível consiste em três tabuleiros de pinball, você tem que lidar com Kirby como se ele fosse uma bola de pinball normal, você tem que levá-lo até no topo de tudo. Devemos ser habilidosos, pois haverá inimigos nas pranchas que nos impedirão de escalar Kirby. No final enfrentaremos o chefe final do nível e derrotá-lo nos dará pontos que podemos superar na próxima vez que jogarmos. Se Kirby cair no final de tudo, podemos reverter novamente se pressionarmos o botão A, caso contrário, passaremos uma das três vidas disponíveis, então tome cuidado.
Kirby's Star Stacker (USA, Europe) (SGB Enhanced)	Kirby's Star Stacker é um jogo de quebra-cabeça tipo Tetris. Existem vários modos de jogo, como Time Trial, Challenge e Story Mode, mas a ideia básica do jogo é a mesma: você deve intercalar Star Blocks entre dois como Friend Blocks, horizontalmente ou verticalmente. Os Friend Blocks e quaisquer Star Blocks intermediários são removidos do jogo. Semelhante ao Tetris, os conjuntos de blocos caem na lixeira que contém dois dos seguintes tipos: Blocos Estelares: O bloco mais importante, pois todos os tipos de jogo dependem dele. Coloque esses blocos entre dois Blocos Amigos horizontalmente ou verticalmente e eles serão limpos. Quanto mais estrelas você limpar, maior será a pontuação. Blocos de Amigos: Esses blocos têm fotos dos amigos de Kirby - Rick, o Hamster, Kine, o Peixe e Coo, a Coruja (todos de Kirby's Dream Land 2) - neles.
Klax (USA) (Mindscape)	Klax é um jogo de quebra-cabeça desenvolvido pela Atari Games e lançado para Game Boy em 1990. O objetivo do jogo é receber as telhas coloridas que caem do topo da tela e colocá-las em pilhas de mesmo esquema de cor. O jogador controla uma plataforma e pode pegar ou soltar as telhas que caem no momento certo. À medida que o jogo avança, a velocidade das telhas aumenta e é necessário fazer combinações cada vez maiores para marcar pontos. Além disso, o jogo também possui modos de jogo desafiadores, como &quot;Modo Maratona&quot;, onde o jogador deve completar tantos níveis quanto possível sem perder, e &quot;Modo 2 Jogadores&quot;, onde os jogadores podem competir uns com os outros em uma tela dividida. Klax é um jogo divertido e desafiador que testa a habilidade do jogador em fazer combinações rapidamente e manter o ritmo com a velocidade crescente das telhas. Esperoqueissoajude!
Koro Dice (Japan) (En)	Korodice é um jogo de quebra-cabeça no qual você controla um ponteiro que move um dado em um tabuleiro quadrado. Sua missão consiste em levar o dado na posição correta até sua casa final, evitando bloquear o caminho com os blocos fixos, e usar a seu favor as casas que levam o dado para outra posição.
Krusty's Fun House (USA, Europe)	A Fun House de Krusty, o Palhaço, foi invadida por ratos. Você deve ajudá-lo a agrupar os ratos em armadilhas para eliminá-los. Para fazer isso, Krusty deve manipular seu ambiente para criar caminhos para que os ratos sigam na direção certa. Os objetos que Krusty move incluem blocos, ventiladores e pedaços de canos. As armadilhas são operadas por outros personagens reconhecíveis de Simpson: Bart, Homer, Sideshow Mel e Corporal Punishment.
Kung-Fu Master (USA, Europe)	Vagamente baseado em um filme, Kung-Fu Master é um jogo de ação de rolagem lateral para um ou dois jogadores, que alternam turnos. O Sr. X capturou a batedora de carteiras Sylvia e cabe a Thomas, um mestre de kung-fu dono de um restaurante, recuperá-la. Ela está localizada no último andar do castelo do Sr. X e Thomas precisará lutar para chegar ao topo. Claro, isso não será fácil, pois cada andar tem muitos oponentes para superar e um chefe de andar no final de cada nível. Thomas é capaz de se mover para a esquerda e para a direita, pular, abaixar e socar e chutar. Projéteis inimigos, como facas, podem ser chutados no ar para rebatê-los em direção ao inimigo. No último andar reside o próprio Sr. X.
Kuusou Kagaku Sekai Gulliver Boy - Kuusou Kagaku Puzzle Purittopon!! (Japan) (SGB Enhanced)	É um jogo de quebra-cabeça no qual você deve alinhar quatro blocos da mesma cor, chamados de minipreparações, para fazê-los desaparecer. Use as cápsulas switch para criar superbombas com uma ampla variedade de efeitos. Você tem a emoção básica de um jogo caindo até o limite. Os personagens não têm nada a ver com o conteúdo do jogo. As regras do jogo podem parecer complicadas, mas se você jogar sem reclamar, poderá dominá-las em 5 minutos. No entanto, parece um pouco exagerado e incomum.
Kwirk - He's A-maze-ing! (USA, Europe)	Kwirk é um jogo de quebra-cabeça em que você deve ajudar um tomate a chegar à saída de vários níveis. O caminho até a saída é bloqueado por caixas, buracos e portas giratórias. As caixas podem ser empurradas para o lado ou para dentro dos buracos para torná-los transitáveis, e há diferentes tipos de portas giratórias. Em alguns níveis, também é possível (e necessário) controlar outros personagens para ajudar o personagem principal a alcançar a saída. Conforme o jogo avança, os níveis ficam maiores e mais complexos.
Last Action Hero (USA, Europe)	Last Action Hero é baseado no filme de mesmo nome. Tomando a forma de um beat-'em-up de rolagem lateral. Você é Jack Slater, um herói de filmes de ação, que deve fazer de tudo para impedir que o cruel Benedict se apodere do ingresso mágico do cinema, permitindo-lhe ir da tela para a realidade.
Lawnmower Man, The (Europe)	O Lawnmower Man é o jogo baseado no filme de 1992 com o mesmo nome (que por sua vez é vagamente baseado em um conto de Stephen King), estrelado por Pierce Brosnan antes de interpretar James Bond, como Dr. Lawrence Angelo, um cientista que trabalha para a Virtual Space Industries no &quot;Projeto 5&quot;, uma pesquisa secreta que tenta aumentar a inteligência de primatas usando drogas psicotrópicas e treinamento de realidade virtual. Devido à sua relutância em direcionar a pesquisa para fins militares, depois que um dos macacos escapa e atira em um guarda durante o processo, ele é obrigado a tirar férias forçadas. Enquanto anota a necessidade de experimentar em um ser humano, ele observa Jobe Smith (Jeff Fahey), um simplório que ganha a vida com trabalhos estranhos, como cortar a grama (daí o título do jogo). Os primeiros experimentos rapidamente aumentam a inteligência de Jobe, e embora após um acidente Angelo tenha interrompido os experimentos, The Shop, uma agência secreta responsável pelo Projeto 5, reinseriu as drogas responsáveis ​​por comportamento violento no programa e acelerou o tratamento. À medida que Jobe começa a desenvolver poderes telecinéticos, ele começa a se vingar daqueles que o maltrataram antes de iniciar os tratamentos e planeja tomar controle de todos os computadores do mundo. Enquanto a versão em CD do jogo (PC, Mega CD) é um filme interativo, as versões em cartucho são jogos de plataforma, em que o jogador assume o controle do Dr. Angelo ou de Carla Parkette (mãe do melhor amigo de Jobe) em ação típica de tiro lateral. O jogador pode coletar armas melhores ou discos de dados, que, depois de coletar um certo número deles, permitem se transformar no Traje Virtual, que oferece proteção contra o primeiro golpe. O jogador visita vários locais vistos no filme, como o posto de gasolina e a sede da VSI. As reviravoltas do jogo são os conectores de níveis em verdadeiro 3D, baseados nas sequências de CG do filme, geralmente envolvendo evitar obstáculos (e ocasionalmente atirar) em alta velocidade no mundo da realidade virtual. Existem quatro tipos diferentes (Virtual World, Cyber War, Cyber Run e Cyber Tube), cada um com uma abordagem ligeiramente diferente (Virtual World é visto em primeira pessoa, o objetivo é desviar de obstáculos como árvores e arcos e chegar à saída, Cyber War é semelhante a Virtual World, mas com algumas paradas para tiros, Cyber Run é visto em terceira pessoa e requer tiros ocasionais em obstáculos, enquanto Cyber Tube é uma viagem rápida com muitos inimigos em um túnel de realidade virtual).
Legend of the River King GB (USA) (SGB Enhanced)	Legend of the River King no Game Boy é um jogo de RPG em que você deve capturar o máximo de peixes diferentes possível. Várias etapas são necessárias: comprar a isca, selecionar a melhor de acordo com o tipo de peixe, escolher bem o local de pesca, entre outros. Seu quadro de conquistas inclui também insetos e até plantas. Um prato cheio para colecionadores!
Legend of Zelda, The - Link's Awakening (USA, Europe)	Uma aventura no mundo de fantasia no Game Boy como nenhuma outra! O herói da Nintendo em um mundo de fantasia, Link de Hyrule, retorna nesta nova jornada épica... Link's Awakening. O mais novo jogo do Link onde o desafio é ambientado na misteriosa Ilha Koholint, um lugar onde sonhos e realidade se colidem. Como um náufrago, Link deve encontrar uma maneira de escapar da ilha e voltar para sua amada terra de Hyrule. Mas não será tão fácil quanto alugar um barco. Os habitantes das ilhas não têm conhecimento do mundo exterior. Uma criatura, uma coruja falante, pode saber a solução para o dilema, mas primeiro Link deve enfrentar oito masmorras cheias de monstros traiçoeiros e armadilhas complicadas. Seu objetivo: encontrar os oito instrumentos das sereias e despertar o onipotente Wind Fish que governa a ilha.
Lemmings (USA)	Sua tarefa é resgatar os Lemmings através de 120 níveis de quebra-cabeças de ritmo rápido. Estas criaturas simplesmente caminham cegamente pelo mundo na esperança de alcançar a segurança no final do nível - infelizmente estes níveis incluem quedas íngremes, brechas no solo, barreiras e rios, entre outros perigos. Você está no controle não de nenhum Lemming individual, mas de um cabelo cruzado, que pode ser movido sobre qualquer um dos Lemmings. Ao longo do fundo há uma seleção de funções que podem ser atribuídas a um Lemming, incluindo escalada, flutuação e batida. Você deve clicar para selecionar a função apropriada, depois clicar no Lemming para ativá-lo. Cada nível tem uma gama diferente de habilidades em oferta, uma quantidade diferente de Lemmings e uma meta percentual diferente a fim de progredir.
Lemmings 2 - The Tribes (Europe)	A sequencia de um dos jogos mais famosos tem um enredo muito mais significativo. Os Lemmings foram divididos em 12 tribos distintas, cada uma com sua própria paisagem e sua própria identidade cultural: elas incluem o egípcio, o circo e o altiplano. No entanto, a Ilha dos Lemming está agora em perigo, e você deve completar 10 níveis para cada tribo para reunir e remontar o Talismã das 12 peças. Nos 120 níveis, existem mais de 60 habilidades, embora não mais que 10 estejam em uso em cada tela. A tribo clássica possui aqueles na forma original e é talvez a melhor opção para os jogadores iniciantes.
Lock n' Chase (World)	&quot;Lock'n Chase&quot; é um jogo clássico de Game Boy onde você assume o papel de um ladrão que precisa coletar todas as moedas em cada fase enquanto evita ser capturado pelos policiais. Divirta-se com esse desafiante jogo de estratégia e furtividade!
Looney Tunes (USA, Europe)	Este jogo de rolagem lateral permite ao jogador controlar diferentes personagens de Looney Tunes e suas diferentes habilidades para avançar pelos níveis, que são sete no total. O jogador pode usar o Patolino (jogando um frisbee para derrotar os inimigos com jogabilidade estilo Mario), Piu-Piu (iludir Frajola ao longo do nível), Gaguinho (controle um biplano para derrubar inimigos), Taz (apenas um jogo bônus em que ele tem que coletar o máximo de bifes possível em 60 segundos), Ligeirinho (iludir fantasmas e ghouls em uma mansão assombrada), Papa-Léguas (claro fugindo de seu arqui-inimigo, Coiote) e finalmente Pernalonga (jogabilidade semelhante ao Patolino).
Looney Tunes 2 - Tasmanian Devil in Island Chase (USA, Europe)	Uma noite, o pai de Taz está contando uma história intrigante. Em algum lugar da Tazmânia existe um Vale Perdido. E nesse vale encontra-se uma enorme ave marinha, tão grande que um de seus ovos poderia alimentar uma família por um ano! Pense no tamanho da omelete que um deles poderia fazer! Assim, Taz fica fascinado e sai em busca de um daqueles ovos antes de seu pai terminar a história... Taz pode pular, executar um salto giratório e um ataque giratório. Comer frangos assados para reabastecer a vida. Ganhe pontos extras movendo-se rapidamente pelos níveis - há seis estágios e cada estágio tem duas rodadas. Existem alguns outros itens e captadores, como: Molas: arremessa Taz até bordas altas; Blocos: destrutíveis; 1-UP: vida extra; Estrela: invencibilidade (a não ser que você encontre uma bomba); Bomba: faz exatamente o que o nome diz! rá-rá
Lost World, The - Jurassic Park (USA, Europe) (SGB Enhanced)	The Lost World: Jurassic Park no Gameboy é um jogo de plataforma inspirado no 2º longa-metragem da série Jurassic Park. Você joga como Alan Grant, um cientista dos laboratórios InGen enviado para a ilha de Isla Sorna, onde os dinossauros ainda estão à solta. Através dos 8 níveis do software, você terá que coletar objetos como ovos de dinossauro, disquetes ou amostras de DNA enquanto observa animais pré-históricos e rivais dos laboratórios BioSyn.
Lucky Luke (Europe) (En,Fr,De,Es)	Baseado na famosa série de quadrinhos sobre o bom cowboy Lucky Luke. No jogo você como Lucky Luke tem que prender quatro irmãos Dalton? Averell, William, Jack e Joe. Em sua missão, você progredirá de um nível para outro, atirando em vaqueiros malvados, criminosos e criminosos com seu revólver; coletar balas, dinamites, estrelas de xerife e outros itens úteis; correndo, pulando, se abaixando e subindo. Os locais variam de Fortes, cidades e cadeias para minas, trem e salão com fantasmas. Em todos os níveis você tem que completar diferentes submissões para progredir? seja para libertar um Diretor do Banco, ou para coletar Três Nuggets para Mineiro para obter uma Nitroglicerina, ou para construir um Totem para Apaches, etc. No final de alguns níveis você enfrenta o grande chefe, é frequentemente o de Daltons. Sequências de arcada diferentes entre os níveis permitem perseguir os irmãos Dalton ou treinar montando seu fiel cavalo Jolly; fugir do Tornado; e andar na jangada.
Magic Knight Rayearth (Japan) (SGB Enhanced)	A princesa Esmeralda, guardiã da paz no reino de Cephiro, foi sequestrada! Magic Knight Rayearth oferece a você a encarnação de três cavaleiros que irão derrotar Lord Zagato e todas as criaturas que invadiram o reino para salvar a princesa e restaurar a paz.
Mahoujin GuruGuru - Yuusha to Kukuri no Daibouken (Japan) (SGB Enhanced)	Embora seja um RPG, a originalidade deste título reside no facto de as batalhas decorrerem em forma de minijogos. Além disso, existe um modo de cenário e um modo onde você pode desfrutar dos minijogos apenas em forma de compilação. Basicamente, o enredo segue a história original. O jogo consiste em 13 rodadas para explorar e você pode escolher jogar Nike ou Kukuri. Mahōjin Guru é essencialmente um mangá de piada e os gráficos e a atmosfera geral do jogo refletem isso bem. No entanto, o nível de dificuldade dos minijogos em si não é alto; Se você é fã de RPG, pode ficar um pouco insatisfeito com o fato de terminar rápido demais.
Makaimura Gaiden - The Demon Darkness (Japan)	Firebrand é um jovem guerreiro em treinamento da cidade de Etruria. Um dia, enquanto treina em uma pequena dimensão alternativa, a Luz Negra aparece repentinamente e destrói sua casa. Quando Firebrand retorna de seu treinamento, é instruído a ir até o Rei por outro espectro, que morre logo em seguida. Após derrotar Nagus, Firebrand finalmente encontra o Rei Morock, que revela estar à beira da morte. Antes de morrer, o rei entrega a Firebrand a Unha do Espectro, e ele parte em uma jornada para desvendar o mistério da Luz Negra.
Marble Madness (USA, Europe)	Uma adaptação do jogo arcade. Marble Madness é um jogo de labirinto abstracto para um ou dois jogadores, dependendo da plataforma. O objectivo é guiar um pequeno mármore de vidro através de um labirinto tridimensional e alcançar a linha de chegada antes que o tempo se esgote. Os segundos restantes no cronómetro quando a linha de chegada é atravessada são transferidos para o nível seguinte. Para além de ter de navegar no mármore sobre perigosas passadeiras e rampas, numerosos obstáculos e criaturas hostis tentarão atrasar o progresso do mármore ou derrubá-lo da borda de uma plataforma, desperdiçando segundos ainda mais preciosos até aparecer um mármore de substituição.
Mario's Picross (USA, Europe) (SGB Enhanced)	Os nonogramas são quebra-cabeças numéricos em que a lógica é usada para encontrar a solução. As pistas são fornecidas ao longo dos lados da grade do tabuleiro, informando ao jogador quantos quadrados cada linha e coluna deve completar. Com lógica, o jogador pode descobrir exatamente quais quadrados da grade preencher. O processo de pensamento é semelhante à resolução de quebra-cabeças de Sudoku. Mario's Picross (de PICture CROSSword) é a abordagem da Nintendo aos nonogramas. Neste jogo, Mario assume o papel de um arqueólogo que esculpe os quadrados em cada tabuleiro. O resultado é uma imagem pequena. São 256 quebra-cabeças diferentes para resolver, divididos em quatro fases com níveis de dificuldade crescentes.
Maru's Mission (USA)	Jogue como o ninja Maru neste jogo de ação e deslocamento lateral que o levará a uma jornada ao redor do mundo. Enquanto Maru passeia com sua namorada Cori, um samurai maligno chamado Muramasa aparece de repente e a sequestra. Na tentativa de localizá-la e resgatá-la, Maru deve enfrentar uma série de monstros mitológicos e obter novas e poderosas armas para derrotá-los. Usando as pistas deixadas por seus inimigos, Maru seguirá um caminho que o levará por seis locais diferentes, incluindo as florestas infestadas de insetos da América e os desertos escaldantes do Egito. Ajude nosso herói em sua missão para resgatar Cori.
Mega Man - Dr. Wily's Revenge (USA)	Mega Man é a criação robótica do Dr. Light, cujo arquiinimigo Dr. Wily passa inúmeros jogos tentando causar problemas com seus próprios robôs estranhos. Como Mega Man, você corre e pula através de níveis futuristas, atirando em bandidos com seu blaster e derrotando cada um dos Robôs Mestres do Dr. Wily. Ao derrotá-los, você pode usar a habilidade deles como sua, o que pode ser uma vantagem contra outros tipos de robôs malvados. Nesta versão para Game Boy, Mega Man deve lutar contra Ice Man, Electric Man, Cut Man e Fire Man. Depois de derrotar os quatro, ele luta contra Quick Man, Heat Man, Bubble Man e Flash Man. E depois disso, há o Nodo Espacial do Dr. Wily. Parece muito, mas as senhas salvarão seu progresso, se você passar de certos marcos.
Mega Man II (USA)	Depois de derrotar os seis robôs do Dr. Light que foram reprogramados pelo vilão Dr. Wily em Mega Man, parecia que o mundo estava seguro. Mas não por muito tempo. O Dr. Wily escapou da prisão e está mais furioso do que nunca, desta vez criando oito novos Robots Masters para dominar o mundo e esmagar Mega Man! O mundo está condenado? Mega Man 2 é a sequencia do jogo Mega Man do NES. Novas adições ao jogo incluem o 'E-Tank' - um item que pode ser usado a qualquer momento para recarregar completamente a energia do herói, e um sistema de senha, que permite aos jogadores continuarem seus jogos de onde pararam. Mega Man 2 também remove o sistema de pontuação do jogo original.
Mega Man III (USA)	Mega Man 3 acontece em um ano não especificado durante o século XXI (20XX). O cientista louco Dr. Wily, tendo duas vezes seus planos frustrados para dominar o mundo, afirma ter se reformado e começa a trabalhar com o Dr. Light em um projeto para construir um robô de manutenção da paz chamado &quot;Gamma&quot;. Oito Robot Masters encarregados de tarefas de mineração enlouquecem e fogem com os oito cristais de energia de Gamma. Mega Man é chamado à ação, desta vez com um companheiro canino chamado Rush, para recuperar os cristais dos locais. Ao longo de sua missão, o protagonista continuamente encontra e luta com Proto Man, um inimigo mascarado que tem habilidades comparáveis às do próprio Mega Man. Depois que Mega Man destrói os oito Robot Masters, ele revisita quatro dos locais de mineração para enfrentar oito &quot;Doc Robots&quot;, que possuem as habilidades dos Robot Masters de Mega Man II. Depois que os cristais são recuperados, Wily retorna aos seus maus caminhos, rouba Gama e se retira para sua nova fortaleza. Para deter o mais novo plano de Wily para conquistar o mundo, Mega Man destrói Gamma e derrota Wily em um confronto final. Como a fortaleza começa a desmoronar, Proto Man aparece em tempo suficiente para salvar Mega Man, mas é tarde demais para salvar Wily, que é visto sendo esmagado sob os escombros. Quando Mega Man recupera a consciência no laboratório do Dr. Light, seu criador informa que ele deve ter sido resgatado pelo Proto Man, e suas anotações revelam que o Proto Man é, de fato, o irmão mais velho de Mega Man.
Mega Man IV (USA)	O caos instalou-se subitamente na Feira Mundial de Robótica. O Dr. Wily, com a sua máquina de controle da mente, ordena a todos os robôs que ataquem! O único que não sucumbiu ao seu controle é Mega Man, que tudo fará para deter o Dr. Wily. Mega Man terá que combater fortalezas com torres de lasers, hordas de androides armados e temíveis Robôs. Dispare para abrir caminho enquanto adiciona novas armas ao seu inventário, e enfrente o Dr. Wily mais uma vez!
Mega Man V (USA) (SGB Enhanced)	O Dr. Cossack, humilhado por sua derrota, decide ajudar o Dr. Light, fornecendo a ele e a Rockman armas para ajudar o Dr. Wily para sempre. Tudo parece calmo e pacífico, até que... Ocorre um tumulto repentino, e a causa é um grupo de robôs liderados por uma figura misteriosa. Quando o Dr. Light investiga esse tumulto e tenta encontrar uma maneira de pará-lo, ele é sequestrado pelo líder dos robôs. Rockman tenta salvar o Dr. Light, mas é tarde demais... a única coisa que ele encontra no local é um lenço amarelo... que parece ser do... Blues!? Poderia o suposto irmão de Rockman, o estranho mas bondoso Blues, ser aquele que sequestrou o Dr. Light? Blues é responsável pelos tumultos? Com essas perguntas em mente, Rockman sai em busca de Blues e obtém as respostas de que precisa.
Megami Tensei Gaiden - Last Bible II (Japan)	&quot;Megami Tensei Gaiden - Last Bible 2&quot; é um jogo de RPG para Game Boy desenvolvido e publicado pela Atlus em 1993 exclusivamente no Japão. Ambientado em um mundo com temática de fantasia medieval, o jogo segue as aventuras de El e sua equipe de companheiros enquanto eles tentam impedir um novo mal que ameaça destruir o mundo. Para isso, eles devem explorar vários locais, incluindo masmorras misteriosas, vilarejos remotos e templos antigos, enquanto enfrentam inimigos poderosos e resolvem quebra-cabeças desafiadores. A jogabilidade apresenta combate baseado em turnos, onde o jogador seleciona ações para cada personagem da equipe, incluindo ataques físicos e mágicos, além de habilidades especiais. O jogo também inclui um sistema de evolução para os personagens, onde eles podem aprender novas habilidades e evoluir para formas mais poderosas à medida que ganham experiência em batalha.
Mercenary Force (USA, Europe)	Mercenary Force é um jogo de ação e tiro em terceira pessoa para Game Boy. No coração do Japão medieval, você deve formar uma equipe de mercenários sedentos por dinheiro e sangue. Sua equipe pode ter até quatro membros, cada um com suas características e ataques.
Metal Masters (World) (Limited Run Games)	Metal Masters para GameBoy é um jogo de combate de robôs. O jogador controla um robô, que no início é um modelo muito simples, e o jogo pode ser &quot;melhorado&quot; com os créditos concedidos ao longo da partida. Existem quatro zonas nas quais o robô pode ser configurado: Corpo, Braço Esquerdo, Braço Direito e Pernas. Há combinações adicionais de diferentes partes que podem beneficiar o robô, permitindo que ele alcance um estado de combate ideal. Durante uma luta, cada zona mencionada é controlada por seu próprio computador. O objetivo do jogo é proteger os computadores no local.
Metroid II - Return of Samus (World)	Metroid II: Return of Samus é um jogo eletrônico de ação-aventura desenvolvido pela Nintendo Research & Development 1 e publicado pela Nintendo. É o segundo título da série Metroid e o primeiro para um console portátil, tendo sido lançado exclusivamente para Game Boy em novembro de 1991 na América do Norte, em janeiro de 1992 no Japão e em maio na Europa. A história acompanha a caçadora de recompensas Samus Aran em sua missão para exterminar os organismos metroid em seu planeta natal antes que os Piratas Espaciais (Space Pirates) possam obtê-los. Metroid II recebeu críticas principalmente positivas. Os críticos elogiaram seu enredo e cenários, mas criticaram seus gráficos e áudio. No final de 2003, o jogo vendeu 1,72 milhão de cópias em todo o mundo. Uma sequência, Super Metroid, foi lançado para o Super Nintendo em 1994. Metroid II foi re-lançado como parte da biblioteca do Virtual Console do Nintendo 3DS em 2011. Um recriação foi lançada para o console portátil Nintendo 3DS em 2017.
Mickey Mouse - Magic Wands! (USA, Europe) (SGB Enhanced)	Um dia, Mickey e seus amigos saíram para caminhar na floresta. Eles ficaram tão distraídos pela beleza natural que os cercava, que se perderam. Logo após, eles descobriram um castelo assombrado. &quot;Este é o castelo da bruxa Yashja&quot;, eles disseram uns aos outros. &quot;Uma vez que você entre, você jamais poderá escapar! O castelo é cheio de truques e armadilhas e até mesmo varinhas mágicas para criar gelo e fogo. Não vamos nem chegar perto!&quot; Toda essa conversa despertou Yashja de sua soneca. &quot;Então! Quem ousa perturbar o meu sono?&quot; ela gritou. &quot;Vocês todos pagarão!&quot; Repentinamente, um buraco se abriu sob os amigos de Mickey e todos eles caíram. Agora Mickey tem que salvar seus amigos que foram capturados pela bruxa! Para salvar seus amigos, Mikey deve coletar peças de quebra-cabeça que completem imagens de seus amigos da Disney, incluindo Minnie Mouse, Pato Donald, Pateta e até mesmo personagens obscuros como a Vovó Pato da série em quadrinhos. Para isso, Mickey deve balançar sua varinha sobre cristais que abrigam não somente pedaços da imagem, mas também ítens e ocasionalmente inimigos. Cada grande nível tem dez pequenos estágios, cada um com pelo menos uma imagem a ser completada. Cada décimo estágio tem um chefe final para ser derrotado. E também, a image a ser completada em cada décimo estágio de cada nível revela o personagem da Disney sendo mantido aprisionado pelo chefe final daquele nível.
Mickey's Dangerous Chase (USA)	Em Mickey's Dangerous Chase, o jogador assume o controle de Mickey ou Minnie Mouse. No caminho para entregar um presente muito especial para sua namorada Minnie, Mickey é atacado por Pete que rouba o presente e foge e cabe à dupla de ratos parar Pete e pegar o presente de volta. A jogabilidade é de rolagem lateral,onde os jogadores pegam caixas para jogar nos inimigos, bem como descobrem power-ups que incluem rajadas curtas de invencibilidade, vidas extras e aumentos de energia que ajudarão o jogador em sua missão. Existem cinco níveis diferentes para jogar, incluindo um lago, o topo de uma montanha, uma floresta e um shopping center e vários inimigos para evitar, como aranhas, esquilos voadores e até bolas de neve.
Mickey's Ultimate Challenge (USA, Europe)	Uma noite, enquanto Mickey (ou Minnie) estava deitado na cama lendo um livro de contos de fadas, ele começou a se perguntar como seria viver em uma terra distante, em um castelo mágico. Ao adormecer, ele acordou no Reino de Beanwick, que é constantemente atormentado por terremotos. Em seguida, ele oferece sua ajuda para resolver o mistério por trás desses terremotos. Mickey's Ultimate Challenge é um jogo de quebra-cabeça no qual o jogador escolhe Mickey ou Minnie para jogar. Eles encontrarão cinco personagens do universo Disney no reino e serão solicitados a ajudá-los em várias tarefas.
Micro Machines (USA, Europe)	Se estiver farto de carros de corrida de Fórmula 1, carros de rali ou motas nos seus habitats naturais, a série Micro Machines pode ser para si. Estes são brinquedos em miniatura que representam vários tipos de veículos em circuitos à volta da casa. Os carros desportivos correm na secretária, 4x4 na caixa de areia, carros de Fórmula 1 numa mesa de bilhar, e assim por diante. Estes níveis estão cheios de características únicas. As mesas de bilhar têm bordos pintados, embora isto signifique que se pode sair do caminho (como na maioria dos níveis) e correr à volta dos bordos da mesa. Também pode correr com tanques com a capacidade de disparar contra o seu oponente se este se atravessar no seu caminho. Os níveis de secretária incluem pastas para saltar, apontadores de lápis para evitar e muitas mordaças visuais.
Micro Machines 2 - Turbo Tournament (Europe)	segundo jogo da série Micro Machines. Como em seu antecessor, você atrás do volante de um carro extremamente pequeno. Você corre em lugares interessantes, como uma mesa, uma casa na árvore e muito mais. O controle dos carros às vezes é bastante difícil, principalmente se você não conhece as pistas (a visão de cima para baixo não é muito clara). A versão em CD-ROM apresenta adicionalmente música em CD-Áudio e um editor de faixas. Micro Machines 2: Turbo Tournament é um jogo de Driving, desenvolvido pela Codemasters e publicado pela Ocean, que foi lançado na Europa em 1996.
Mighty Morphin Power Rangers (USA, Europe) (SGB Enhanced)	Em Mighty Morphin Power Rangers o jogador pode jogar com qualquer um dos rangers (Jason, Trini, Billy, Kimberly, e Zack) percorrendo 7 níveis. Exceto pelos últimos, todos os outros níveis permitem ao jogador escolher com qual Ranger ele quer jogar. Cada um tem seu proprio &quot;super movimento&quot;. Ao final de cada nível, o ranger escolhido pelo jogador irá morfar automaticamente e o jogador tera que enfrentar o Chefe do nível.
Mighty Morphin Power Rangers - The Movie (USA, Europe) (SGB Enhanced)	Mighty Morphin Power Rangers - The Movie é um jogo para Game Boy baseado no filme de mesmo nome. Neste jogo de ação e plataforma, os jogadores assumem o controle dos Power Rangers para enfrentar inimigos e salvar o mundo do mal.
Milon's Secret Castle (USA, Europe)	Milon, um filho do Reino de Hudson, deve partir em uma jornada para resgatar a Rainha Eliza de um mago maligno que tomou conta de seu castelo, bem como dos instrumentos musicais que os súditos da rainha usam para se comunicar. Milon precisa recuperar os instrumentos roubados e resgatar a rainha do mago. Armado apenas com uma habilidade mágica de atirar bolhas, Milon percorre os cômodos do castelo em busca de itens e dinheiro que podem ajudá-lo a progredir. Este é um jogo de plataforma que mistura ação estilo Mario com resolução de quebra-cabeças e exploração.
Mini Yonku GB Let's & Go!! - All-Star Battle Max (Japan) (SGB Enhanced)	Mini-Yonku GB Let´s & Go!! - All-Star Battle MAX é um jogo de estratégia, desenvolvido pela Jupiter Multimedia e publicado pela ASCII Entertainment, lançado no Japão em 1998.
Missile Command (USA, Europe)	Defenda cidades ao redor do mundo de um ataque alienígena aéreo. Este é um remake do jogo de fliperama dos anos 70 e apresenta gráficos 3D, capacidades de contra-ataque, novos inimigos e power-ups, e funcionalidade multiplayer. O jogo está disponível no modo Clássico, que possui jogabilidade ligeiramente retocada. O modo Ultimate possui novos gráficos, locais e outros recursos.
Mole Mania (USA, Europe) (SGB Enhanced)	A esposa e sete filhos de Muddy Mole foram sequestrados pelo malvado fazendeiro Jinbei! Cabe a você ajudar Muddy a resolver os muitos quebra-cabeças de Jinbei Land. Pegue todos os repolhos de Jinbei em todos os níveis e, se ficar preso, cave no subsolo e crie seus próprios caminhos subterrâneos secretos. Uma palavra de advertência, no entanto - Jinbei tem seus melhores capangas protegendo sua família, então é melhor você tomar cuidado! Mole Mania joga de uma perspectiva aérea. Embora em cada sala você tenha que destruir todos os inimigos para progredir, o jogo é muito mais voltado para quebra-cabeças do que para a ação. É bastante comum em níveis posteriores ficar 'preso', o que pode ser consertado saindo e retornando à tela para reiniciar o quebra-cabeça. Um dos 'ganchos' inteligentes do jogo é que os jogadores podem cavar no subsolo em cada estágio para encontrar um mapa completamente diferente do que encontram acima do solo. Muddy deve roubar o máximo de repolhos possível e Jinbei deve detê-lo. No final da rodada, os jogadores trocam de papéis e, em seguida, o jogador que conseguiu mais repolhos vence.
Money Idol Exchanger (Japan) (SGB Enhanced)	Jogo de puzzle, similar aos de combinações, entretanto, desafiador por causa de precisa conectar as moedas conforme suas categorias para formar uma de maior valor até chegar ao maior valor que vai se eliminar a combinação. Cada jogador controla uma Chibi do personagem muito fofa que recolhe, acumula moedas de mesmo valor e retorna para a tela.
Monster Max (Europe) (En,Fr,De,Es,It,Nl)	Um poderoso homem chamado Krond conquista o planeta dos monstros, proíbe qualquer música e se autoproclama rei. Max, um músico de rock monstro, decide se rebelar. Para derrotar o maligno monarca, ele se inscreve na Mega Hero Academy. Monster Max é uma aventura isométrica surreal do mesmo duo que criou o clássico de 8 bits Head Over Heels. Não é surpreendente que este jogo seja muito semelhante em termos de controle e design geral, além de ser graficamente quase idêntico. O personagem se move por uma paisagem bizarra, onde precisa coletar e usar objetos (usando o botão A ou B) para atingir os objetivos das missões.
Montezuma's Return! (Europe) (En,Fr,De,Es,It)	Max Montezuma é um soldado que também é descendente de um lendário imperador asteca. Um dia, o avião de Max cai em uma ilha deserta e desconhecida. Max descobre ruínas antigas lá e se aventura a explorá-las, tentando conectar o mistério do passado com os eventos do presente. Montezuma's Return é uma sequência de Montezuma's Revenge, e também se concentra na jogabilidade de plataforma que inclui resolução de quebra-cabeças, evitando obstáculos e lutando contra inimigos. Ao contrário de seu antecessor, é um jogo 3D em primeira pessoa. O jogador consegue ver os pés do protagonista ao mover a câmera, para facilitar o salto preciso da plataforma. Cada nível termina com uma batalha de chefe, e cada chefe deve ser derrotado de uma maneira específica. Max pode socar e chutar inimigos e também usar riscos ambientais para danificá-los; empurrar os inimigos para a água ou atraí-los para armadilhas os matará. Algumas áreas exigem que Max pule em plataformas móveis, suba em cordas, nade, evite cair na lava ou em espinhos mortais, etc. Max pode coletar tesouros em cada nível, bananas ou fatias de melancia para se curar e itens especiais para desbloquear barreiras. A versão completa de Montezuma's Revenge está incluída no CD.
Mortal Kombat (USA, Europe)	Quinhentos anos atrás, um antigo e respeitado torneio de luta Shaolin, realizado a cada 50 anos, foi corrompido por um feiticeiro malvado e idoso chamado Shang Tsung. Shang foi acompanhado pelo Príncipe Goro, um guerreiro da raça Shokan (um meio-humano/meio-dragão de quatro braços). Sabendo que se dez torneios seguidos fossem vencidos pelo campeão de Outworld, o Reino da Terra seria conquistado pelo mal e cairia na escuridão, Shang entrou Goro no torneio e o fez derrotar o grande Kung Lao. Goro reina supremo como o campeão de luta invicto há quinhentos anos. À medida que o último torneio necessário se aproxima, Raiden, Deus do Trovão e protetor do Reino da Terra, decreta um plano para inclinar a balança a favor dos humanos, Sete lutadores entram na arena na misteriosa ilha de Shang Tsung: o guerreiro Shaolin Liu Kang, Forças Especiais Sonya Blade, o bandido mercenário Kano, o ator em busca de fama Johnny Cage, o guerreiro de gelo Lin Kuei Sub-Zero e seu adversário morto-vivo Scorpion, e o próprio Raiden.
Mortal Kombat 3 (USA, Europe)	Shao Kahn ganhou. O Earthrealm não existe mais. A fim de reviver sua Rainha Sindel, o imperador Shao Kahn usou o Torneio Outworld de Mortal Kombat 2 como uma diversão enquanto seus Shadow Priests revivem sua Rainha caída na Terra. Uma vez conjurada, a ponte dimensional entre os dois reinos se conecta, permitindo que os esquadrões de extermínio de Kahn invadam e destruam a Terra e escravizem as almas da população. Uma pequena equipe de &quot;Chosen Warriors&quot; de Raiden sobrevive ao ataque: o campeão de Mortal Kombat Liu Kang e seu aliado Kung Lao, os agentes das Forças Especiais Sonya Blade e Jax, o xamã Nightwolf, o policial Stryker, o nômade Kabal e o ex-guerreiro Lin Kuei Sub-Zero, que se tornou desonesto de seu clã. Enfrentando os guerreiros estão o mercenário Kano, os ciber-ninjas Smoke, Sektor e Cyrax, Sheeva, uma fêmea Shokan, o feiticeiro Shang Tsung e a própria rainha Sindel.
Mortal Kombat II (USA, Europe)	Nada, NADA pode te preparar! Os ferozes combatentes do fliperama número um se reúnem para Mortal Kombat II, uma batalha para derrotar o demônio metamorfo Shang Tsung e seu mestre implacável, Shao Kahn. Movimentos especiais brutais, tolices, surpresas ocultas, movimentos de finalização ultrajantes... TUDO seu para o comando. Que o Kombat continue...
Motocross Maniacs (USA)	Motocross Maniacs é um jogo de corrida em 2D com percursos extremamente perigosos. Você manobra seu piloto por muitos saltos, loops e obstáculos de lama para alcançar um tempo recorde. Para ajudá-lo, há vários power-ups que fornecem mais tempo para correr, mais impulsos de nitro e maior velocidade máxima. O jogo principal é uma experiência solo. Você tenta completar o percurso antes que o tempo acabe. Também é possível competir em corridas um a um contra o computador ou contra um amigo via cabo de link.
Mouse Trap Hotel (USA)	&quot;Mouse Trap Hotel&quot; é um jogo de quebra-cabeças lançado em 1990 pela Altron Corporation para o Game Boy. O jogo apresenta um cenário de hotel, onde os jogadores controlam um personagem chamado Harry, que deve coletar queijo em cada nível enquanto evita os gatos que patrulham o hotel.
Mr. Nutz (Europe)	Você é o esquilo fantástico do título e deve derrotar o malvado Yeti antes que ele congele o mundo inteiro. Sua missão o levará a explorar muitas áreas como uma floresta, uma cabana de bruxa, um vulcão, nuvens, um circo... Sr. Nutz é um jogo de plataforma, no qual Nutz deve pular sobre seus inimigos para matá-los. Você também pode usar sua cauda para várias tarefas. Você pode se mover pelos níveis usando saliências, escadas e plataformas. Existem também quebra-cabeças simples que requerem a manipulação de vários objetos.
Ms. Pac-Man (USA)	Ms. Pac-Man está aqui para deixá-lo totalmente selvagem e louco com mais diversão do que você jamais imaginou! Quatro fantasmas mal-humorados perseguem o MS. PAC-MAN. Use sua habilidade e estratégia para acumular pontos enquanto supera os fantasmas devoradores. Tome uma pílula de energia e ganhe ainda mais pontos. Agora devore todos aqueles fantasmas intrépidos!
Mulan (USA) (SGB Enhanced)	Sem medo e valente Junte-se a Mulan enquanto ela tenta recuperar a honra de seu nome de família. Disfarçada de soldado, Mulan viaja para o campo de treinamento do Exército Imperial para provar que está pronta para a batalha. Ela deve então partir para salvar o Império resolvendo quebra-cabeças, lutando contra inimigos e derrotando Shan-Yu no confronto final. - Horas de jogabilidade repleta de ação - Muitos de seus personagens favoritos do filme - Jogabilidade diversificada, incluindo batalhas, natação e &quot;shieldboarding&quot; - Um sistema de senha para salvar seu progresso
Mystical Ninja Starring Goemon (USA) (SGB Enhanced)	Essa não! O maligno Rei Caveira e seu exército de piratas malignos estão planejando dominar o Japão Antigo! Apenas Goemon, Ebisumaru, Sasuke e Yae estão em seu caminho. Lute em Gadget Castle, The Black Ship Skull, The Demon Cave e Skeleton Island enquanto enfrenta o próprio Rei Caveira. Mystical Ninja Starring Goemon é um jogo de ação aérea com elementos leves de RPG, semelhante a Link's Awakening. Os jogadores exploram cidades, masmorras, castelos e muito mais, procurando baús de tesouro e atacando inimigos. Há também lojas e pousadas onde você pode comprar itens ou descansar para recuperar as forças. No final de cada nível, há um chefe esperando por você. No entanto, para derrotá-los, você deve competir em um minijogo chamado 'The Surprise Match'. Esses minijogos geralmente apresentam algum tipo de esmagamento de botões ou uma variação de um jogo de correspondência de memória.
Nail 'n Scale (USA, Europe)	Nail'N Scale é uma mistura de Jump'n Run e jogo de quebra-cabeça. O personagem do jogador pode pular e atirar pregos em seus inimigos. Além de matar inimigos, os pregos também podem servir de plataforma quando são jogados em blocos. Alguns blocos podem ser destruídos quando você joga um prego neles e pula sobre o prego, enquanto outros blocos nem mesmo podem ser penetrados pelos pregos. Conforme o jogo avança, os níveis ficam cada vez mais complicados e novos tipos de pregos, como pregos explosivos que removem blocos particularmente resistentes, ficam disponíveis.
Namco Classic (Japan)	Namco Classic é na verdade um jogo de golfe. Este último é muito preciso, pois oferece diversos parâmetros como 19 escolhas de tacos, o ângulo de chute, sua potência e a escolha do local preciso onde a bola será rebatida. Também oferece um modo de jogo para competir contra os melhores jogadores do mundo. Como na realidade, só falta uma testemunha que indique antecipadamente a distância que a bola percorrerá após um remate, o que pode causar alguns transtornos!
NBA Jam (USA, Europe)	NBA Jam é um jogo de basquete lançado originalmente em 1993 pela Midway para arcade, mas que também recebeu versões para diversos consoles, incluindo o Game Boy. O jogo se destaca por ter uma jogabilidade mais rápida e arcade, com jogadores que possuem habilidades e números exagerados e podem executar movimentos especiais e enterradas incríveis. Além disso, há regras mais flexíveis, como ausência de faltas, tornando as partidas mais divertidas e intensas. NBA Jam para Game Boy apresenta a mesma jogabilidade e diversão que a versão arcade, porém com gráficos mais simples e menos detalhados. O jogo também possui uma lista de jogadores atualizada para a época, com as estrelas da NBA da época, e diversos modos de jogo, incluindo o modo torneio e o modo versus para dois jogadores.
NBA Jam - Tournament Edition (USA, Europe)	NBA JAM Tournament Edition traz para você mais emoção do que nunca! Mais do que o dobro de superestrelas da NBA TE, mais do que o dobro de personagens secretos, Hot Spots, Super Jam Power-Ups e -OH MY- nove enterradas inéditas, além de todas as jams originais!
Nemesis (USA)	Nemesis é a primeira entrada da longa série Gradius no Game Boy. Sua jogabilidade de tiro com rolagem lateral segue de perto o modelo da série. Os jogadores controlam o Vic Viper através de cinco níveis, a maioria baseados em níveis de entradas anteriores, para uma espécie de 'maiores sucessos' da série. Há um nível de caverna (como no nível 1 do Gradius original), o estágio Moai obrigatório, um nível orgânico Gigeresco, um cemitério (semelhante aos estágios bônus na versão MSX e PC Engine do Gradius original) e uma base de alta tecnologia. Além da nave central clássica do primeiro nível, todos os chefes inimigos são inteiramente novos. O sistema de power-up cíclico do Gradius é reutilizado aqui: os power-ups coletados avançam o medidor de potência que pode ser ativado a qualquer momento para ganhar o item destacado. A linha inclui a seleção clássica de aceleradores, mísseis, disparos duplos, lasers, satélites opcionais e campos de força. O jogo permite aos jogadores começar em qualquer um dos cinco níveis e até definir o número de vidas para um máximo de 99.
Nigel Mansell's World Championship Racing (USA)	O tempo sorriu para Gremlin com esta simulação licenciada da Fórmula 1, já que a longa busca de Nigel por um campeonato finalmente deu certo. O jogo foi lançado em algum lugar entre uma simulação completa como F1 GP e jogos de ação como Continental Circus. Apenas 12 carros estavam em cada corrida, que poderia durar entre 3 e 20 voltas. Antes de cada corrida, você pode personalizar a força descendente da asa, a relação de transmissão, a seleção de pneus e as opções de carga de combustível - os pitstops são uma característica padrão das corridas mais longas. As versões de 16 bits incluem um modo exclusivo 'Improve With Mansell', no qual uma versão digitalizada da cabeça de Nigel aparece no canto superior da tela, oferecendo instruções e elogios.
Ninja Boy (USA, Europe)	Ninja Boy é baseado no Super Chinese. Assim, os jogadores controlam um jovem herói de Kung-Fu de uma perspectiva panorâmica e são capazes de se mover e atacar para cima, para baixo, para a esquerda e para a direita. Os jogadores usam as habilidades de soco e chute do herói para derrotar os inimigos. Os jogadores também podem encontrar armas e outros itens espalhados pelo jogo para usar contra as hordas de inimigos. Depois de derrotar um determinado número de inimigos, os jogadores podem correr para uma saída e avançar para o próximo nível. Conforme os níveis progridem, os inimigos difíceis se tornam mais numerosos.
Ninja Gaiden Shadow (USA)	Shadow Warriors (ou Ninja Gaiden: Shadow nos EUA) é um jogo de ação para Gameboy no qual você terá que empunhar a espada para abrir caminho por 5 níveis até chegar ao chefe final. Este é um ditador que ameaça a liberdade do país.
Nintendo World Cup (USA, Europe)	Você joga a Copa do Mundo com um dos melhores países do futebol da época e enfrenta os times rivais em uma ordem fixa. Camarões na primeira partida e na final contra a Alemanha Ocidental. No jogo, você sempre comanda apenas um personagem, que você escolhe antes do início da partida. Você pode então dar comandos simples aos seus companheiros de equipe, como passe, ataque e chute. Seus movimentos também se limitam a esses movimentos. O jogo não tem leis, então fique à vontade para dar uma cotovelada e chutar sem se preocupar com o árbitro. Provavelmente foi feito desta forma para ser mais divertido de jogar contra amigos.
Nobunaga's Ambition (USA)	No século XVI, o período Sengoku do Japão dividiu a nação em muitos estados feudais, cada um governado por um daimyo. Muitos sonhavam conquistar o país, tornar-se Shogun e governar todo o país. Um destes daimyos era o ambicioso Nobunaga Oda, um governante impiedoso e estratega de renome. Os jogadores assumem o papel de Nobunaga Oda ou de um dos muitos outros daimyos enquanto tentam conquistar o Japão. Nobunaga's Ambition é um jogo de estratégia baseado em turnos que pode ser jogado em vários modos diferentes. Os jogadores começam por seleccionar um cenário de 17 regiões ou um cenário maior de 50 regiões. Em seguida, o jogador deve escolher um daimyo, cujos atributos são classificados em várias categorias: idade, saúde, ambição, sorte, encanto e QI. À medida que o jogo avança, estes valores mudam de acordo com os acontecimentos do jogo.
Oddworld Adventures (USA, Europe)	Neste jogo de rolagem lateral, você controla Abe de Oddworld: Abe's Oddysee. Você tem que impedir que Ruptured Farms transformem paramitas e scrabs em comida. Você terá que chegar e destrancar a porta externa do templo, acender todas as velas e finalmente passar por ela para salvar os paramitas e os scrabs. Este é essencialmente um jogo de resolução de quebra-cabeças onde você usará carne para distrair os paramitas, pedras para detonar explosivos, cantos hipnóticos para controlar a barreira e alavancas para abrir portas e túneis.
Oni III - Kuro no Hakaishin (Japan)	Houve uma altura em que as batalhas ferozes do passado eram consideradas lendárias. Mas agora, no ano 300, um selo está prestes a ser quebrado. Há um pequeno armazém numa aldeia. Diz-se que a porta nunca deve ser aberta. Tokoyamaru, criado pelo seu avô que geria uma loja de antiguidades, abre a porta. Terá sido ele a provocar isto ou será o destino? A fonte do mal, o Deus Negro da Destruição, está aqui. Apenas o lendário demónio &quot;Mafuu Doji&quot;, que em tempos salvou as pessoas das garras do mal quando o mundo estava à beira da escuridão, o pode derrotar. Agora que o mundo está de novo em crise, será que o lendário &quot;Mafuu Doji&quot; alguma vez voltará à vida? E qual será o destino de Tokohamaru?
Operation C (USA)	Operation C é uma sequência para Game Boy dos populares títulos da NES, (Contra e Super C) e é essencialmente um jogo de tiro de rolagem lateral. Você joga como um personagem do estilo Rambo que atira em tudo à vista, coletando atualizações de armas e bônus. O jogo apresenta o personagem Black Viper à série, que mais tarde retornaria no título do Nintendo DS Contra 4 como o vilão principal. O jogo tem apenas cinco níveis, dois dos quais são jogados de uma perspectiva por trás do personagem. Operation C apresenta várias novas pistolas como novidades. Você também terá que pular plataformas móveis e, claro, derrotar um chefe no final de cada nível.
Pac-Attack (USA) (SGB Enhanced)	Pac-Attack é um jogo do tipo Tetris no Gameboy com o personagem Pac-Man. Blocos de diferentes formas descem, consistindo em peças de linha de uma cor, fantasmas e o famoso Pac-Man. O objetivo é fazer linhas com as peças, enquanto devora com Pac-Man os fantasmas que se interpõem no caminho. Um modo Versus permite que você enfrente o computador ou outro jogador.
Pac-In-Time (USA) (SGB Enhanced)	&quot;Pac-in-Time&quot; para Game Boy é um divertido jogo de plataforma onde os jogadores controlam o icônico personagem Pac-Man. Embarque em uma aventura no tempo, ajudando Pac-Man a resgatar sua namorada e derrotar os inimigos ao longo de vários níveis desafiadores. Com gráficos coloridos e jogabilidade viciante, prepare-se para uma jornada emocionante cheia de diversão e nostalgia!
Pac-Man (USA)	Um dos jogos mais populares e influentes da década de 1980, Pac-Man, abre caminho para limpar o labirinto de pontos e frutas. O objetivo de Pac-Man é continuamente desafiado por quatro fantasmas: o tímido fantasma azul Envergonhado (Inky), o fantasma rastejante vermelho Shadow (Blinky), o rápido fantasma rosa Speedy (Pinky) e o esquecido fantasma laranja Pokey (Clyde). Um toque de qualquer um desses fantasmas significa uma perda de vida para o Pac-Man.
Pagemaster, The (USA) (SGB Enhanced)	The Pagemaster foi lançado em conjunto com o longa-metragem de Macaulay Culkin parte ação/parte desenho animado lançado em 1994. Guie seu personagem através de uma seleção de níveis baseados em livros temáticos, variando de mundos de terror a aventura e fantasia. Você pode usar magia e pisotear os inimigos até a morte pulando em suas cabeças. Os inimigos incluem morcegos, livros voadores, mãos gigantes, fantasmas, piratas e muitos mais.
Paperboy (USA, Europe)	O objetivo do Paperboy é entregar papéis a seus clientes enquanto inflige o máximo possível de danos às casas de seus não clientes. Para tornar as coisas mais difíceis, inúmeros obstáculos se colocam em seu caminho, incluindo operários da construção civil, pneus desonestos, skatistas, cães e gatos, carros, e até mesmo o ocasional tornado.
Paperboy 2 (USA, Europe)	Você é o jornaleiro, então suba na sua bicicleta e evite obstáculos na estrada, como cachorros, carros e basicamente qualquer coisa que você possa imaginar. Inferno, algumas pessoas atiram balas de canhão em você! Certifique-se de jogar os jornais apenas nas casas corretas!
Parodius (Europe)	Esta é principalmente a paródia de Gradius (Nemesis em alguns sistemas), com algum sabor de outros shoot-em-ups, como Twinbee. A série está disponível em várias plataformas. O jogo é um shoot-em-up de rolagem da direita para a esquerda. Você pode escolher entre 4 criaturas voadoras diferentes, com armas diferentes. Você deve terminar 7 etapas, cada uma com um chefe no final. Você pode começar em qualquer um, mas deve completar todos os níveis para avançar para o estágio final.
Penguin Land (Japan)	Penguin Land é um jogo de quebra-cabeça para Game Boy lançado em 1990 pela Sega. O jogo se passa em um mundo de gelo, onde o jogador assume o papel de um pinguim que deve salvar o seu filho preso em uma gaiola, situada no topo de uma torre. Para chegar até o topo, o jogador precisa resolver quebra-cabeças em cada um dos 50 níveis do jogo. Esses quebra-cabeças incluem desafios como empurrar cubos de gelo, evitar inimigos e encontrar chaves escondidas para desbloquear portas. O jogo apresenta gráficos simples, porém charmosos, em preto e branco, e uma trilha sonora minimalista. A jogabilidade é divertida e desafiadora, com uma boa variedade de quebra-cabeças que mantêm o jogador engajado do início ao fim. Penguin Land é um jogo clássico do Game Boy que ainda é lembrado pelos fãs do console.
Penguin Wars (USA)	O jogador controla um dos cinco (pinguim, urso, panda, coala e castor...). Em cada jogo os animais participantes ficam em lados opostos de uma mesa quadrada com cinco bolas de cada lado. O objetivo do jogo é rolar essas bolas na mesa. Assim que todas as dez bolas estiverem do lado de um jogador, esse jogador perde o jogo. Cada jogo também tem um limite de tempo de 60 segundos; Se isso for alcançado, o jogador com menos bolas do seu lado vence.
Penta Dragon (Japan)	Penta Dragon é um jogo de ação, desenvolvido pela Japan Art Media (JAM) e publicado pela Yanoman, que foi lançado no Japão em 1992.
PGA European Tour (USA, Europe) (SGB Enhanced)	&quot;Pga European Tour&quot; é um jogo de golfe lançado para Game Boy em 1994. O jogo é baseado no circuito de golfe europeu, o European Tour, e permite que os jogadores joguem como um dos 60 jogadores profissionais disponíveis no jogo, incluindo nomes conhecidos como Nick Faldo e Severiano Ballesteros.
Pinball - Revenge of the 'Gator (USA, Europe)	&quot;Pinball - Revenge of the Gator&quot; é um jogo de pinball lançado para o Game Boy em 1990. O jogador controla a bola por meio de flippers em uma mesa de pinball, tentando marcar pontos e evitar que a bola caia. O tema do jogo é um jacaré que foi perturbado de seu sono no pântano e agora está furioso e guarda sua terra natal na forma de uma mesa de pinball. O jogo apresenta objetivos de pontuação diferentes e inclui vários recursos, como lançamento multibolaemini-jogos.
Pinball Fantasies (USA, Europe)	Após o sucesso de Pinball Dreams em vários sistemas, uma sequência com quatro novas mesas foi lançada. A jogabilidade é muito parecida com a presente nos primeiros jogos, com física realista, opções multijogador e uma tabela de recordes se correr atrás. As mesas são Partyland, Speed Devils, Billion Dollar Gameshow e Stones 'n' Bones, incluindo um parque de diversões, carros de corrida, um game show brega e um cemitério. Cada um tem uma variedade de rampas, combos, sequências com luzes e alvos a serem alvejados, bem como temas gerais que são menos influenciados por mesas reais do que os de Pinball Dreams.
Pinocchio (USA)	Ao longo do jogo, o jogador assume o controle de Pinocchio e deve passar por uma variedade de níveis, cada um com seus próprios objetivos e desafios. O jogo conta com elementos de plataforma e de ação, em que o jogador precisa enfrentar diversos inimigos e obstáculos para progredir.
Pit-Fighter (USA, Europe)	Pit-Fighter é um jogo de luta em terceira pessoa que apresenta gráficos digitalizados de lutadores reais e efeitos de zoom. Os jogadores selecionam um dos três lutadores (Buzz, Ty ou Kato) para enfrentar qualquer um que ousar. Ao final de uma partida, os jogadores recebem individualmente um Bônus de Nocaute, Bônus de Brutalidade e uma Bolsa de Luta. Cada terceira partida é a &quot;Grudge Match&quot;, onde os jogadores testam as habilidades uns dos outros. O último homem em pé é o vencedor desta partida de três knockdowns. Os jogadores abrem caminho para a Elimination Match para decidir quem ganha a oportunidade de destronar o campeão, o Masked Warrior.
Pocahontas (USA, Europe) (SGB Enhanced)	Pocahontas é um jogo de plataforma side-scrolling baseado no índio nativo americano que mais tarde ficou famoso em um filme da Disney com o mesmo nome. O jogador alterna entre Pocahontas e John Smith para completar sete missões. Nos níveis um, dois e quatro, Pocahontas precisa coletar penas para uma mulher xamã receber cartas mágicas, viajar pela floresta evitando a batida do espírito e se livrar de um menino que a persegue para impedi-la de chegar ao acampamento do homem branco, respectivamente . John Smith pode ser jogado nos níveis três, cinco e seis. No terceiro nível, o explorador americano precisa atirar em animais que correm e passam, em planos separados, apontando sua arma com o mouse. Ele precisa atirar em animais suficientes para alimentar seus homens antes que escureça. O objetivo é o mesmo no quinto nível, mas lá está ele em uma canoa e precisa pescar.
Pocket Monsters - Midori (Japan) (SGB Enhanced)	No Japão, Pocket Monsters foi lançado pela primeira vez como Pocket Monsters Aka (Poketto Monsuta Aka, &quot;Pocket Monsters Vermelho&quot;) e Pocket Monsters Midori (Poketto Monsuta Midori, &quot;Pocket Monsters Verde&quot;) enquanto Red e Blue, que foram lançadas na América do Norte e em outros países. No Japão, Pocket Monsters Ao (Poketto Monsuta Ao, &quot;Pocket Monsters Azul&quot;), com a melhoria gráfica em oposição aos mais velhos primeira geração de jogos, foi libertado após o original Aka e Midori. Tinha Pokémon que pode ser encontrado em locais não originalmente no Aka e Midori versões. Um exemplo disso é que Ditto foi adicionado ao Rock Tunnel. Além disso, Unknown Dungeon foi totalmente redesenhado, e da sua disposição foi utilizada pelas versões Red e Blue.
Pokemon - Blue Version (USA, Europe) (SGB Enhanced)	O jogador começa em Cidade de Pallet, em Kanto e pode escolher entre um Charmander, Bulbasaur ou um Squirtle, recebido do Professor Carvalho, um cientista que estuda os Pokémon e entrega a novos treinadores um de seus Pokémon . Após essa escolha, o jogador não poderá conseguir os outros dois senão através de trocas. O objetivo básico é ser o melhor treinador de Kanto. Isso é possível através de treinar os Pokémon, derrotando líderes de ginásio para ganhar Insígnias e enfrentar a Elite 4 e o Campeão da Liga, conjunto dos cinco maiores treinadores do Continente.
Pokemon - Red Version (USA, Europe) (SGB Enhanced)	O jogador começa em Cidade de Pallet, em Kanto e pode escolher entre um Charmander, Bulbasaur ou um Squirtle, recebido do Professor Carvalho, um cientista que estuda os Pokémon e entrega a novos treinadores um de seus Pokémon . Após essa escolha, o jogador não poderá conseguir os outros dois senão através de trocas. O objetivo básico é ser o melhor treinador de Kanto. Isso é possível através de treinar os Pokémon, derrotando líderes de ginásio para ganhar Insígnias e enfrentar a Elite 4 e o Campeão da Liga, conjunto dos cinco maiores treinadores do Continente.
Pokemon - Yellow Version - Special Pikachu Edition (USA, Europe) (CGB+SGB Enhanced)	Em Pokémon Red & Blue, Pikachu era um Pokémon encontrado normalmente na Floresta de Viridiana ou na Usina Elétrica. Em Yellow, Pikachu é muito mais do que isso: ele é o seu amigo! Não e possível encontra outros Pikachus no jogo, tendo que trocar um Pokémon por um Raichu para poder conseguir catalogá-lo. O Pikachu foi criado com base no do animê. Ele odeia Pokébolas, por isso fica fora dela, andando logo atrás do protagonista.
Pop'n TwinBee (Europe)	Mais um jogo de tiro vertical da franquia Twinbee. Os heróis Light e Pastel decidem ajudar uma jovem garota a recuperar a memória de seu pai, que, após bater sua cabeça, passou a utilizar seus conhecimentos como cientista para dominar o mundo. Como os demais jogos da série, você e um amigo controlarão Twinbee e Winbee, as mais fofas aeronaves estelares já criadas, tentando erradicar os inimigos de cada fase, com um arsenal muito variado.
Power Mission (USA)	Power Mission é um jogo de estratégia baseado em turnos ambientado no mar. Ambos os jogadores escolhem uma das cinco frotas que consistem em combinações de oito unidades diferentes. Diferentes tipos de unidades têm atributos variados, como força de ataque ou alcance. No início de uma batalha, ambos os oponentes colocam suas unidades em sua própria metade do campo de batalha. Então, em cada turno, eles têm uma certa quantidade de movimentos disponíveis que podem ser usados para mover as unidades, explorar a frente ou atacar. A posição das unidades inimigas é desconhecida até que uma unidade própria esteja ao alcance e use seu radar. O objetivo é destruir completamente a frota inimiga. O single-player consiste em jogar todos os onze mapas em ordem.
Power Pro GB (Japan) (SGB Enhanced)	Power Pro GB é um jogo de basebol, com o amigável &quot;Pawapuro&quot;, aqueles pequenos jogadores de basebol gordinhos que se podem encontrar em todos os episódios. A jogabilidade é clássica mas muito precisa. No ataque, é preciso posicionar-se e ter um timing demoníaco para conseguir colocar um bom taco. Um rectângulo é exibido em frente do batedor delimitando a zona em que o lançador pode colocar a bola sem que esta seja defeituosa, e um pequeno quadrado, como um visor, mostra onde se vai bater. No topo do ecrã, uma vista &quot;espelho&quot; mostra o nosso batedor à frente e, atrás dele, o apanhador da equipa adversária: é preciso observar onde este último coloca a luva para ter uma ideia de onde o lançador vai atirar. Na defesa, é preciso correr, mergulhar e lançar a bola rapidamente para esperar eliminar os adversários que tenham conseguido acertar na bola.
Prehistorik Man (USA, Europe)	Em Prehistorik Man, o jogador assume o controle de um neandertal que está em uma jornada para viajar por vários níveis, coletando itens de comida para preparar sua vila para o banquete de outono que se aproxima rapidamente. Ao longo do caminho, o jogador encontrará uma variedade de inimigos que vão desde aranhas, ratos gigantes e até o poderoso T-Rex. Existem cinco níveis no total e o jogador pode atualizar suas armas para machados e marretas ao longo do jogo, bem como adquirir uma asa delta, dando ao jogador a vantagem de voar e percorrendo longas distâncias. O objetivo principal do jogo é derrotar os inimigos, coletar itens de comida e enfrentar um chefe no final de cada nível.
Primal Rage (USA, Europe)	Um meteoro atingiu a Terra e causou um grande caos. Sete deuses dos tempos antigos acordaram e agora estão tentando assumir o controle do mundo pós-apocalíptico. Primal Rage é um jogo de luta individual com dinossauros e macacos gigantes como lutadores. Os gráficos são feitos com animação digitalizada em stop-motion. A jogabilidade é semelhante ao Mortal Kombat, pois é visto de uma perspectiva lateral e apresenta movimentos mortais de finalização no final da partida.
Prince of Persia (USA)	Enquanto o sultão da Pérsia está lutando uma guerra em um país estrangeiro, seu grão-vizir Jaffar orquestra um golpe de Estado. Seu caminho para o trono está através da adorável filha do sultão. Jaffar a sequestra e ameaça matá-la se ela se recusar a se casar com ele. Enquanto isso, o homem que a princesa ama é jogado na masmorra. Ele tem apenas uma hora para escapar de sua prisão, derrotar os guardas em seu caminho e parar Jaffar antes que o terrível casamento ocorra. Prince of Persia é um jogo de plataforma 2D que é comumente considerado como um progenitor do gênero plataforma cinematográfica.
Prophecy - The Viking Child (USA)	Um &quot;cartoon side-scroller&quot; em que jogas, como o título sugere, como um rapaz viking, na sua missão de libertar os seus amigos e família, presos pelo malvado deus Loki nos grandes salões de Valhalla. Luta através de 16 níveis de cenários variados, incluindo castelos medievais e montanhas. Os níveis estão repletos de lojas onde podes comprar poções e outros itens mágicos para te ajudar a avançar. Antes de enfrentares o Senhor das Trevas Loki, tens de derrotar os 8 Aprendizes das Trevas. No geral, este é um excelente híbrido de plataforma/puzzle que deve agradar a todos os fãs do género, especialmente devido à extensão dos níveis que terás de percorrer.
Puzznic (Japan) (En)	Puzznic é um jogo de quebra-cabeça desenvolvido pela Taito Corporation e lançado para o Game Boy em 1990. O jogo apresenta uma mecânica simples, porém desafiadora, onde o jogador precisa combinar peças coloridas em um tabuleiro para removê-las.
Q Billion (USA)	Q Billion é um jogo de quebra-cabeça. Na quadrícula existem blocos com números, onde estes indicam a sua altura. Seu objetivo é definir todos os blocos como 1, movendo números altos para números baixos e criando novos blocos.
Q-bert for Game Boy (USA, Europe)	Q*Bert é uma conversão do popular jogo de arcade. O objetivo é alterar todos os ladrilhos em uma pirâmide para a cor alvo. Para fazer isso, você guia q*bert em torno da pirâmide, e todos os ladrilhos em que ele pula mudarão de cor. Nos níveis iniciais, um único salto mudará o ladrilho para a cor desejada, mas nos níveis posteriores você pode precisar pular em um ladrilho várias vezes ou até evitar pular em um ladrilho várias vezes! Tentando parar Q*Bert são muitas criaturas diferentes que vagam pelo tabuleiro, incluindo Coily the Snake, Slick e Sam, e Bolls caindo. Na beira do quadro, estão discos flutuantes; Se Q*Bert pular em um desses discos quando a cobra estiver em perseguição, a cobra cairá do quadro enquanto Q*Bert é transportado com segurança para o topo.
QIX (World)	No jogo &quot;Qix&quot;, o jogador controla um marcador que pode ser movido em torno da tela. O objetivo é reivindicar a maior área possível do espaço de jogo, desenhando linhas fechando formas geométricas. No entanto, há inimigos que se movem pela tela e tentam colidir com o marcador do jogador. Se eles conseguirem fazer isso enquanto o jogador está desenhando sua linha, o jogador perde uma vida.
R-Type (USA, Europe)	Jogo de nave de rolagem lateral mais conhecido por sua jogabilidade extremamente difícil e estratégica. Você controla a espaçonave R-9 enquanto ela lança um último esforço para repelir o malvado império Bydo. O R-9 vem equipado de série com uma pequena arma que só pode derrubar o menor dos inimigos sem disparar vários tiros. Mantendo pressionado o botão de disparo, ele pode ser carregado para liberar uma grande explosão de energia, eliminando todos, exceto os inimigos mais fortes em seu caminho. De tempos em tempos, vagens virão voando em sua direção. Ao serem baleados, eles liberam uma atualização. Os estágios do R-Type são feitos em estilo orgânico, certamente inspirados na arte de H. R. Giger para os filmes Alien. Em parte, os próprios níveis são seus inimigos, o que é exemplificado pelo quarto, onde criaturas parecidas com aranhas tecem teias que cobrem a tela e bloqueiam seu caminho, ou níveis com intrincados sistemas de túneis. Ainda assim, os níveis são melhor administrados com uma combinação de estratégia e reflexos.
R-Type II (Europe)	O segundo R-Type traz mais da mesma ação shoot-em up. A jogabilidade é idêntica ao R-Type anterior, exceto que agora você tem duas novas armas. São seis níveis, com temas semelhantes ao jogo anterior. Partes notáveis ​​incluem uma batalha submarina no nível 2 e uma frota gigante de Bydo no nível 3. A versão para Game Boy do R-Type 2 falta 1 nível e ambas as novas armas do jogo de arcade original.
Race Drivin' (USA, Europe)	Race Drivin' é uma sequência do simulador de condução Hard Drivin'. A jogabilidade é semelhante ao primeiro jogo. O jogador deve completar voltas ao redor da pista de corrida antes que um cronômetro expire. Existem vários pontos de controle ao redor da pista que aumentam o tempo do jogador à medida que ele passa. Race Drivin' tem três percursos, um dos quais é a pista de Hard Drivin'. Há uma nova pista de super-dublês e um percurso de autocross. O jogador também pode escolher entre três tipos de carros.
Raging Fighter (USA, Europe)	Raging Fighter é um jogo de luta um contra um. O cenário de fundo é a Liga Omega, que deve selecionar o melhor lutador do universo. Cada um dos sete lutadores tem uma variedade de socos e mortes - qual deles é executado depende de quais direções no d-pad são pressionadas. Cada lutador difere dos outros com dois ataques especiais que são acionados pressionando a combinação do botão direito e algumas estatísticas como velocidade ou defesa. Além do modo história, o jogador também pode participar do modo de treinamento com um oponente imóvel, um torneio ou partidas de dois jogadores. O vencedor de uma partida é quem vencer duas rodadas em três.
Rampart (USA, Europe)	Tetris encontra shoot-'em-up, Rampart é um jogo que combina estratégia e ação de artilharia. Construa seu castelo com peças estilo Tetris, posicione seus canhões, bombardeie o inimigo, tente consertar, faça tudo de novo. O lançamento original do arcade tem um modo para um jogador e outro para dois jogadores; revisões posteriores incorporam jogabilidade para três jogadores.
Real Ghostbusters, The (USA)	The Real Ghostbusters, conhecidos como Garfield Labyrinth na Europa e Mickey Mouse IV: Mahou no Labyrinth no Japão, é um jogo de quebra-cabeças e plataforma. A história é bem simples. Venkman (ou Garfield e Odie ou Mickey e Mini Mouse, dependendo da versão que você joga) caminham por uma ponte um dia, uma telha se solta e Venkman/Garfiend/Mickey cai em um poço profundo, que acaba em um bizarro labirinto, de onde Venkman/Garfield/Mickey devem escapar. Não há outro objetivo além desse, o jogador só deve procurar a saída em cada nível. Além de chegar lá, a saída deve também ser desbloqueada. Para o último, o jogador deve colecionar todas as gemas do nível.
Reservoir Rat (Europe) (En,Fr,De,Es,It)	O Sr. Raz costumava ser um assassino terrível. Felizmente ele encontrou sua namorada Loretta Mozzarella e parou a matança. Virando uma nova página em sua vida, ele e Loretta se mudaram para o campo e começaram uma fazenda. No entanto, quando o mafioso Don Marlon Mozzarella descobriu que sua filha havia desaparecido, ele ficou furioso e ordenou que seus capangas fossem buscá-la. Então, se o Sr. Raz quiser ver sua namorada novamente, ele não tem escolha a não ser pegar sua arma novamente e ir para a cidade.
Road Rash (USA, Europe)	Você sabe como nasceu Road Rash? Tudo começou quando dois garotos, eternos rivais, conhecidos por Fang e Polygon, resolveram &quot;correr&quot; em busca da fama. Participavam de competições oficiais até que um resolveu sabotar o outro, levando essa rivalidade ao extremo. A partir de então, surgiram os rachas de estrada, bem diferentes das antigas competições: sem princípios e sem leis, com muitos chutes, socos e pauladas à 150 por hora!! Você está convidado a participar deste grande desafio: corra por sua vida - não há limites de velocidade e não há regras para esta aventura sem volta! Fique atento com o óleo na pista, além de obstáculos (vacas, carros, árvores, etc.) e policiais!! Escolha antes a sua moto. Lembre-se de que algumas têm grande potência, mas perdem na facilidade de manejo. São oito opções ao todo!! Quanto às estradas, você poderá correr no Deserto de Palm (não vá derreter...), na Floresta de Redwood (cuidado com as pedras!) e muito mais!
RoboCop (USA)	O patrulheiro Alex Murphy foi morto nas ruas de Detroit. A maior corporação lá, Omni Consumer Products (OCP) viu uma oportunidade de vender um novo tipo de agente da lei para a cidade problemática. Eles pegaram o que restava de Murphy, o envolveram em uma armadura de titânio, apagaram sua memória e criaram o RoboCop. Agora cabe a RoboCop limpar as ruas de Detroit e eliminar o responsável por seu assassinato, Clarence Boddicker. Mas parece que Clarence pode não ser o chefão desta cidade... Baseado no filme de mesmo nome de 1987, RoboCop permite ao jogador controlar o RoboCop. A maior parte do jogo é um side scroller.
RoboCop 2 (USA, Europe)	RoboCop 2 é um jogo de plataforma baseado em missões. As missões têm vários objetivos, como destruir latas de drogas Nuke ou matar todos os inimigos. Se você não destruiu
Roger Clemens' MVP Baseball (USA)	Roger Clemens é conhecido por alguns como o maior lançador da história do beisebol. No MPV Baseball de Roger Clemens, os jogadores jogam um jogo de beisebol padrão de 9 entradas no modo Exhibition e uma temporada regular completa pode ser disputada, incluindo os Playoffs do Campeonato Mundial no modo Temporada Regular.
Rolan's Curse (USA)	Certa vez, o povo de Rolan foi aterrorizado pelo malvado rei Barius antes de ser preso em um castelo nas profundezas da floresta. Quando o rei, muitos anos depois, foi libertado, ele imediatamente liberou legiões de monstros em regeneração sobre os cidadãos da terra. Agora, um herói (ou dois, se você jogar no modo multijogador) é necessário para derrotá-lo e a seus asseclas. O jogo é um RPG baseado em ação jogado com uma perspectiva isométrica. Enquanto você luta pelo território inimigo, você tem duas armas, a espada com a qual você inicia o jogo e uma Varinha de Fogo que lança bolas de fogo. Você também encontrará alguns itens para usar, ou seja, um machado mágico que pode ser usado para limpar passagens bloqueadas, anel de camaleão que o torna parte do terreno e o escudo para ajudar na defesa.
seaQuest DSV (USA, Europe) (SGB Enhanced)	&quot;SeaQuest DSV&quot; é um jogo de ação e aventura lançado para Game Boy em 1994, baseado na série de televisão de mesmo nome. O jogador controla o capitão Nathan Bridger e sua equipe de mergulhadores enquanto exploram os oceanos em um futuro próximo.
Selection I & II - Erabareshi Mono & Ankoku no Fuuin (Japan) (SGB Enhanced)	Este software une o primeiro e o segundo títulos do nostálgico RPG &quot;The Sword of Hope&quot;. O Príncipe deve se livrar dos desastres que ocorrem no reino!
Serpent (USA)	Em um futuro distante, o esporte individual mais popular é a Serpente. Neste jogo para dois jogadores, ambos controlam seus veículos, em forma de cobras. Para vencer, os jogadores devem cortar uns aos outros cercando-os com o rabo. O jogo pega emprestado elementos do jogo clássico Snake, mas o converte em um jogo multiplayer. Quando os jogadores formam áreas fechadas com suas caudas, eles geram power-ups, como foguetes, que podem ser disparados contra o oponente.
Shanghai (USA)	Shanghai é uma das primeiras adaptações de videogame do jogo baseado em blocos jogado com as pedras chinesas de Mahjong - essencialmente um jogo de quebra-cabeça que tem pouco a ver com as regras reais. A jogabilidade envolve 144 peças, cada uma representando imagens diferentes, que devem ser removidas combinando-as em pares. As telhas são dispostas em um padrão de grade, que é mais alto perto do centro. Uma peça só pode ser removida se não tiver nenhuma peça próxima a ela em pelo menos um lado. Esta implementação de computador pode gerar um layout de tabuleiro aleatório para enfrentar e apresenta cinco desafios predefinidos, alguns dos quais com limites de tempo de cinco ou dez minutos, bem como um modo multijogador.
Shanghai Pocket (Japan) (SGB Enhanced)	Esta é uma edição portátil do jogo de paciência Shanghai, o jogo usa peças tradicionais de Mah Jong. O objetivo do jogo é combinar as peças, quatro de cada tipo serão colocadas no campo de jogo, quando duas peças forem combinadas, elas serão removidas quando não sobrar nenhuma, você ganha. Apenas as peças que podem ser movidas livremente para a esquerda ou para a direita podem ser combinadas. Um movimento errado pode fazer com que você não consiga limpar o campo. Um pequeno modo de história é apresentado no modo Xangai; cada configuração de peça é baseada em um animal do zodíaco que precisa ter sua energia restaurada. O objetivo é completar todos os doze estágios restaurando o poder do animal.
Shaq Fu (USA) (SGB Enhanced)	Shaq Fu é um jogo de luta estrelado por Shaquille O'Neal, um dos maiores jogadores de basquete de todos os tempos, como personagem principal. Enquanto Shaq viaja para um jogo beneficente, ele é sugado para outra dimensão, onde um velho lhe pede para salvar seu neto. Ele então terá que enfrentar onze criaturas para conseguir isso.
Shikinjou (Japan)	Shikinjou, ou Shikinjoh, é um jogo de puzzle inspirado em Mahjong solitaire e Sokoban. Como a maioria das variantes de Mahjong solitaire, tem o nome de uma região da China: neste caso, o antigo Palácio Imperial da China, também conhecido como A Cidade Proibida. O objectivo do jogo é levar o protagonista, que é um jiang shi por defeito, até à saída. Para tal, têm de empurrar os azulejos de mahjong para longe. A maioria dos mahjong tiles desaparecem quando tocam num ou mais tiles do mesmo tipo, e estes tiles também desaparecerão juntamente com ele. Alguns, como o dragão ou as telhas de vento, são barricadas que transformarão qualquer telha que entre em contacto noutra barricada.
Shin Keiba Kizoku Pocket Jockey (Japan) (SGB Enhanced)	Software de previsão de corridas de cavalos que permite prever o cavalo vencedor inserindo os dados da corrida. No modo Racehorse Training, você pode até jogar contra seus amigos usando um cabo de link!
Shin Nihon Pro Wrestling - Toukon Sanjuushi (Japan)	Shin Nippon Pro Wrestling: Toukon Sanjushi para Game Boy é um jogo de luta livre lançado exclusivamente no Japão. Oferecendo três lutadores com jogabilidade semelhante, o jogo oferece partidas estratégicas nas quais você deve derrubar o adversário e bloqueá-lo por pelo menos três segundos. Todos os golpes são permitidos: socos, chutes, ataques ao solo, etc. O objetivo é fazer o competidor vacilar esvaziando seu medidor de resistência para alcançar a vitória. Shin Nippon Pro Wrestling: Toukon Sanjushi não possui um modo para dois jogadores. O espírito de luta portátil do New Japan Pro Wrestling em suas mãos!
Side Pocket (World)	O principal objetivo é cruzar diferentes cidades dos EUA e atingir as pontuações pré-determinadas para seguir em frente. Mas lembre-se: você terá apenas 16 bolas e cada erro pode ser letal! O jogo também vem com modos para 2 jogadores com duas variantes: 2P Pocket Game (o modo tradicional) e 2P 9-Ball Game, onde a premissa é afundar 9 bolas antes que o outro jogador as faça primeiro. Se preferir, teste seu alvo no Trick Game ou até mesmo ouça sua música favorita na Jukebox. Após cada etapa concluída (e um pouco de sorte), uma etapa bônus aparecerá, assim como a chance de ganhar bolas extras. Você só precisará de um bom alvo no bloco de parquet!
Skate or Die - Bad 'N Rad (USA)	Skate Or Die: Bad'N Rad é um Jump'N Run que consiste em 7 níveis, três dos quais são vistos de uma perspectiva de cima para baixo. Os níveis de rolagem lateral são semelhantes a outros Jump'N Runs, pois você deve evitar obstáculos e matar inimigos pulando sobre eles. No entanto, como você está em um skate, a velocidade desempenha um papel importante, o que significa que você não pode parar imediatamente e às vezes precisa dirigir a toda velocidade para conseguir saltos mais largos. Os níveis de cima para baixo são mais semelhantes a outros jogos Skate Or Die, pois os gradientes influenciam sua direção enquanto você tenta evitar obstáculos, inimigos e picos mortais.
Skate or Die - Tour de Thrash (USA)	Skate Or Die: Tour de Thrash é um jogo de esportes, desenvolvido pela Realtime Associates e publicado pela EA Sports, lançado em 1991. Nele você faz uma tour mundial na companhia de diversos profissionais do skate. Demonstre o que você sabe enfrentando seus rivais e realizando truques em diferentes cenários como Califórnia, Bagdá, Ilha de Páscoa e Hanói.
Sneaky Snakes (USA, Europe)	Jogo de plataforma/aventura no GameBoy. Attila e Genghis, duas cobras devem salvar Sonia Snake das garras de Nasty Nibbler. Percorra os dezesseis níveis, sozinho ou aos pares, através do cabo Link, e tente comer o número de Nibbleys necessário para terminar o nível e sair para o próximo nível.
Snoopy's Magic Show (USA, Europe)	Snoopy's Magic Show é um jogo de quebra-cabeça para Gameboy que permite jogar Snoopy, o famoso cachorro. Nesta versão, Snoopy deve encontrar o Woodstock, o pássaro que costuma acompanhá-lo. Mas isso sem contar com as armadilhas presentes que deixarão seus neurônios nervosos.
Soccer Mania (USA)	Jogo de futebol com gráficos de desenho animado. O jogo traz seis times (Japão, EUA, Brasil, Inglaterra, Alemanha e França) e o jogador escolhe um deles. O objetivo é ganhar um campeonato derrotando todos os outros cinco times, seguido por uma partida final contra o All-Star Team. Há apenas uma parte do campo de jogo mostrada de cada vez e o restante do campo de jogo rola - os gols são posicionados verticalmente.
SolarStriker (World)	Você está no controle do navio de combate de alto desempenho, o SolarStriker. É sua missão atacar e destruir a base principal do Reticulon. Existem seis estágios de rolagem vertical pelos quais você deve progredir para destruir o Reticulon. Cada estágio está sob o controle de um chefe que deve ser destruído para limpar a área. Um dos primeiros atiradores para GameBoy.
Solomon's Club (USA)	O jogo Solomon's Club é uma sequência de Solomon's Key, que possui uma jogabilidade semelhante combinando plataforma com elementos de quebra-cabeça. Existem cinco níveis, cada um com dez salas. Em cada sala, você deve pegar a chave e ir até a saída. Você pode criar ou remover blocos à sua esquerda e direita, ou enquanto estiver agachado nos cantos inferiores esquerdo e direito. Você pode usar esses blocos como plataformas para subir ou usá-los para bloquear inimigos ou bolas de fogo. Você também pode quebrar blocos pulando de baixo para cima, como se estivesse dando uma cabeçada. Existem vários inimigos, como dragões cuspidores de fogo, gárgulas atiradoras e fantasmas. Colete sinos para libertar fadas da saída e ganhar pontos extras, e colete moedas para usar como dinheiro nas lojas. Algumas salas têm uma loja onde você pode comprar itens, como bolas de fogo ou martelos.
Space Invaders (Japan) (En)	Em 1978, a Terra repeliu com sucesso uma invasão do espaço sideral graças ao &quot;tanque&quot;. O Tanque foi baseado em tecnologia alienígena encontrada quando uma nave de reconhecimento caiu anos antes. Agora, mais de 20 anos depois, um novo tanque foi criado com base na tecnologia recuperada durante a invasão de 1978. E não tão cedo, porque os Invasores estão de volta! Space Invaders é mais um remake clássico de arcade da Activision (veja Battlezone e Asteroids). Mas desta vez, a Activision licenciou um jogo da Taito em vez da Atari. O jogo fica perto de suas raízes enquanto adiciona muitos power-ups e inimigos. Você pode jogar com um ou dois jogadores contra os Invasores, que marcham pela tela em fileiras e colunas ordenadas, em um dos três níveis de habilidade. Você começará em Plutão e percorrerá o Sistema Solar até Marte, depois Vênus e, finalmente, a Terra. Existem quatro alienígenas comuns (vermelho, verde, azul e amarelo), além de sete outros menos comuns. Você recebe power-ups especiais de um tiro atirando em quatro do mesmo tipo de invasores seguidos. Como no jogo original, também existem naves-mãe que voam acima da ação, mas nesta versão, se você acertá-las, pode pegar outros power-ups úteis, como escudos ou tiros duplos. Além disso, depois de enfrentar várias ondas em cada planeta, você enfrentará um chefe único. Se você conseguir terminar o jogo, poderá jogar uma reprodução do fliperama original.
Space Invaders (USA) (SGB Enhanced)	Em 1978, a Terra repeliu com sucesso uma invasão do espaço sideral graças ao &quot;tanque&quot;. O Tanque foi baseado em tecnologia alienígena encontrada quando uma nave de reconhecimento caiu anos antes. Agora, mais de 20 anos depois, um novo tanque foi criado com base na tecnologia recuperada durante a invasão de 1978. E não tão cedo, porque os Invasores estão de volta! Space Invaders é mais um remake clássico de arcade da Activision (veja Battlezone e Asteroids). Mas desta vez, a Activision licenciou um jogo da Taito em vez da Atari. O jogo fica perto de suas raízes enquanto adiciona muitos power-ups e inimigos. Você pode jogar com um ou dois jogadores contra os Invasores, que marcham pela tela em fileiras e colunas ordenadas, em um dos três níveis de habilidade. Você começará em Plutão e percorrerá o Sistema Solar até Marte, depois Vênus e, finalmente, a Terra. Existem quatro alienígenas comuns (vermelho, verde, azul e amarelo), além de sete outros menos comuns. Você recebe power-ups especiais de um tiro atirando em quatro do mesmo tipo de invasores seguidos. Como no jogo original, também existem naves-mãe que voam acima da ação, mas nesta versão, se você acertá-las, pode pegar outros power-ups úteis, como escudos ou tiros duplos. Além disso, depois de enfrentar várias ondas em cada planeta, você enfrentará um chefe único. Se você conseguir terminar o jogo, poderá jogar uma reprodução do fliperama original.
Spanky's Quest (USA)	Spanky's Quest é um jogo sobre um macaco que decide fazer um piquenique. Enquanto caminha pela floresta, ele vê uma bruxa no céu e do nada tijolos começam a fazer uma torre ao redor da área em que Spanky está. A bruxa desafia Spanky a chegar à torre final e ela o libertará, mas antes que ela voe longe, ela transforma as frutas em sua mochila em monstros de frutas vivas. Sem saber, ela deixa cair uma bola mágica que concorda em ajudar Spanky em sua busca. O objetivo do jogo é passar por todas as seis torres que consistem em 10 níveis, bem como uma batalha de chefe. Para avançar para o próximo nível, você deve adquirir a quantidade de chaves que a porta trancada requer. As chaves são encontradas por aí até que um monstro as pegue, caso em que você deve usar sua bola nelas para pegá-las. A bola tem para diferentes ataques: beisebol, bola de futebol, vôlei e basquete. Para obter uma bola mais forte, a bola deve ser quicada na cabeça de Spankey. Spanky também recebe chapéus diferentes que lhe dão um poder específico até que ele o perca ou o nível termine.
Spider-Man 2 (USA, Europe)	Baseado na sequência do popular filme de 2002 com o mesmo título, Spider-Man 2 coloca o jogador de volta nas calças do lançador de teias enquanto ele enfrenta o Dr. Octopus neste jogo de aventura em 3D. Ao contrário do primeiro jogo, no entanto, a sequência é muito mais aberta (à la Grand Theft Auto: Vice City), dando ao Homem-Aranha rédea solta para explorar a cidade de Nova York e realizar tarefas heróicas como; impedir assaltos, assaltos a bancos e roubos de carros, bem como outros mais mundanos, como entregar pizzas e tirar fotos para o Clarim Diário.
Spirou (Europe) (En,Fr,De,Es) (SGB Enhanced)	&quot;Spirou&quot; é um jogo para Game Boy baseado na série de quadrinhos belga do mesmo nome criada por André Franquin. No jogo, o jogador controla o personagem Spirou, um jornalista aventureiro que é acompanhado por seu fiel amigo, o esquilo Spip. O enredo gira em torno da busca de Spirou por uma fórmula misteriosa que foi roubada pelo vilão Zorglub. Para recuperá-la, ele deve viajar por vários locais diferentes, incluindo uma cidade subterrânea e um templo antigo. O jogo combina elementos de plataforma e ação, com Spirou pulando sobre obstáculos e inimigos, além de atacá-los com sua pistola de brinquedo. O jogo também inclui uma variedade de mini-jogos e quebra-cabeças para resolução de problemas. &quot;Spirou&quot; foi lançado em 1996 exclusivamente na Europa.
Spot - The Cool Adventure (USA)	Cool Spot para Gameboy é um jogo de plataforma colorido onde reina a &quot;atitude legal&quot;. Você joga o mascote da marca de bebidas 7up. O objetivo é coletar o máximo de tampas do nível para passar para o próximo. A estrutura do jogo é baseada em M.C. Kids; embora a tela do mapa se assemelhe a Super Mario Bros 3. Ser atingido faz com que os jogadores percam a saúde. Além de evitar inimigos, o Spot pode pular ou coletar blocos necessários para coletar pontos e corações difíceis de alcançar.
Spud's Adventure (USA)	Em Spud's Adventure, o jogador assume o papel de uma batata encarregada de resgatar a filha sequestrada do rei. Para isso, ele precisa escalar uma torre com vários andares. Existem dois tipos de jogabilidade: encontrar a saída em uma fase labiríntica enquanto atira nos inimigos (tocá-los consome energia vital e eventualmente leva à morte) ou uma variante Soko-Ban. Aqui, o jogador precisa empurrar blocos para posições específicas marcadas, mas não pode puxá-los. Nessas fases, o nível pode ser reiniciado sem penalidade. Atirar nos inimigos concede pontos de experiência, que eventualmente levam a uma melhoria de saúde. O protagonista também encontra vários personagens amigáveis ​​com quem se pode conversar e que dão dicas.
Square Deal - The Game of Two-Dimensional Poker (USA)	O Square Deal é um jogo de cartas baseado no pôquer. 52 cartas são embaralhadas e, em seguida, as 4 primeiras cartas são mostradas. As cartas caem da tela, uma de cada vez. Esses cartões são colocados em uma grade 5 x 5. Para que as cartas desapareçam, uma mão de pôquer deve ser alinhada. As mãos só podem aparecer verticalmente ou horizontalmente. O objetivo é eliminar todas as 52 cartas. Se isso for feito, você avança para o próximo nível. Os níveis variam em dificuldade, pois aceleram a descida das cartas e limitam a quantidade de tempo que você pode pausar o jogo para tomar decisões.
Star Trek - 25th Anniversary (USA, Europe)	Star Trek: 25th Anniversary é um jogo de aventura lançado originalmente em 1992 para computadores e que foi posteriormente adaptado para diversas plataformas, incluindo o Game Boy. O jogo é baseado na série de televisão Star Trek e acompanha o Capitão Kirk e sua tripulação em diversas missões intergalácticas. Como um jogo de aventura, muitos desafios são resolvidos através da observação e interação com personagens e objetos do ambiente. O jogador também precisa tomar decisões importantes que afetam o resultado da história. Além disso, o jogo oferece batalhas espaciais em 3D, onde o jogador deve navegar pela galáxia e destruir inimigos com a ajuda da nave Enterprise e de sua tripulação. O jogo é considerado um sucesso entre os fãs da série e é um clássico pelos jogadores mais nostálgicos.
Star Trek - The Next Generation (USA, Europe)	Os cadetes da Starfleet Academy devem passar algumas de suas aulas no simulador de nave estelar. Este ano é uma simulação do U.S.S. Empreendimento. Substituindo Jean-Luc Picard, os cadetes assumirão o papel de capitão e deverão acessar diferentes membros da tripulação (funções do navio) para concluir as missões. Star Trek: The Next Generation é dividido em uma série de missões. Os jogadores começarão na tela principal da ponte e de lá poderão acessar Navegação, Tática, Operações, Engenharia, Sistemas de Transporte e Controle de Missão. Às vezes, os minijogos são usados para concluir certas funções da nave (como redirecionar a energia para os escudos).
Star Wars (World) (Limited Run Games)	Este jogo para Gameboy é amplamente baseado no filme &quot;A New Hope&quot; da saga Star Wars, lançado em 1977. Ele combina muitos estilos de jogo, mas principalmente um jogo de plataforma de rolagem horizontal. O jogo começa em Tatooine, onde você joga como Luke Skywalker. Você terá então a oportunidade de controlar a Princesa Leia e Han Solo.
Star Wars - The Empire Strikes Back (World) (Limited Run Games)	Baseado no filme, a história é basicamente a mesma. Você joga como Luke Skywalker e, usando suas habilidades de blaster, sabre de luz e o poder da força, deve viajar por Hoth, Echo Base, Dagobah, Bespin e Cloud City. Inimigos como Darth Vader e Boba Fett aparecerão ao longo do caminho, enquanto R2, Yoda e Obi-Wan aparecem para dar dicas sobre a fraqueza do inimigo. Também fique de olho nas coisas que você não verá no filme, como tentar vencer o Slave 1 (navio de Boba Fett) e lutar contra a Cloud Cars.
Stargate (USA, Europe)	Stargate do Gameboy é um jogo de ação/plataforma baseado no filme de mesmo nome dirigido por Roland Emmerich. O jogador interpreta o Coronel O'Neil e sua primeira missão é encontrar sua equipe, assim como o Doutor Jackson, que cruzaram o Stargate para chegar ao distante planeta deserto de Abydos. Será então necessário liderar o ataque contra Râ e suas tropas para esperar retornar à Terra inteiro.
Street Fighter II (USA, Europe) (SGB Enhanced)	Em Street Fighter II, o líder da organização terrorista Shadaloo organizou um torneio de artes marciais e reuniu os lutadores mais fortes e perigosos do mundo todo. Mas tudo não passa de uma farsa, onde, M. Bison tem um plano maligno de capturar os melhores guerreiros para poder lavar suas mentes e usá-los como soldados para dominar o mundo. A franquia melhorou os muitos conceitos introduzidos desde o primeiro jogo, incluindo o uso de movimentos especiais baseados em comandos. Oferecendo aos jogadores uma seleção de vários personagens jogáveis, cada um com suas próprias habilidades e estilo de luta único. Mostre toda sua força e esteja pronto para vivenciar grandes batalhas no mundo de Street Fighter II.
Street Racer (USA, Europe)	Street Racer é um jogo de corrida de kart semelhante ao Super Mario Kart. Até quatro jogadores podem jogar em tela dividida. Se não houver oponentes humanos, o jogador pode competir contra sete oponentes de computador em três ligas. Se o jogador vencer a primeira liga, pode jogar a segunda e assim sucessivamente. O jogo apresenta oito veículos diferentes com capacidades variadas de velocidade, aceleração ou resistência. Existem também alguns power-ups nas pistas como bombas, nitros e vida.
Sumo Fighter (USA)	Apesar do que o título pode indicar, Sumo Fighter não é um jogo de esportes, mas um jogo de plataformas de rolagem lateral. O jogador assume o papel de um lutador de sumô que precisa atravessar cinco níveis (cada um com três fases mais um chefe) para resgatar sua namorada sequestrada (novidade). O protagonista tem dois meios de ataque: os punhos e um ataque de pisão que, além do dano, pode atordoar os inimigos. Os pontos de experiência são concedidos por matar inimigos, resolver minijogos ocultos e coletar power-ups como refrescos de saúde ou invencibilidade temporária. Eventualmente, isso leva a um aumento de nível e o jogador pode optar por atualizar um dos dois ataques ou aumentar sua saúde máxima. Os minijogos são lutas de sumô, queda de braço e queda de polegar. Todos são testes de reação nos quais um botão deve ser pressionado para parar um cursor que se move para a esquerda e para a direita no local correto.
Super Breakout (USA)	O Super Breakout tem uma jogabilidade semelhante à do original, mas com novas variações. O seu objectivo é marcar o máximo de pontos possível, destruindo os tijolos no topo do ecrã. Para o fazer, tem de utilizar a raquete na parte inferior do ecrã para manter uma bola a saltar dentro do campo de jogo. Estão incluídas quatro variações de jogo. A primeira é &quot;Breakout&quot; e é jogada como o jogo original.
Super Hunchback (USA)	&quot;Super Hunchback&quot; é um jogo de plataforma desenvolvido pela Ocean Software e lançado em 1991 para o Game Boy. O jogo é baseado no personagem Quasimodo, o campanário corcunda de Notre-Dame, apresentado no livro &quot;O Corcunda de Notre-Dame&quot; de Victor Hugo.
Super Mario Land (World)	Era uma vez um mundo pacífico chamado Sarasaland. Neste mundo havia 4 reinos chamados Birabuto, Muda, Easton e Chai. Um dia, os céus de Sarasaland foram repentinamente cobertos por uma enorme nuvem negra. De uma fenda nesta nuvem, o monstro espacial desconhecido Tatanga emergiu para tentar conquistar Sarasaland. Tatanga hipnotizou as pessoas de todos os reinos para que pudesse controlá-los da maneira que quisesse. Desta forma, ele assumiu Sarasaland. Agora, ele quer se casar com a princesa Margarida de Sarasaland e torná-la sua rainha. Mario soube desses eventos e iniciou uma viagem ao Reino de Chai, onde a princesa Margarida está mantida em cativeiro, a fim de restaurar a paz em Sarasaland. Mario pode derrotar Tatanga, libertar as pessoas de sua hipnose interestelar e resgatar a Princesa Daisy? Depende de você e da habilidade de Mario. Vá em frente, Mario!
Super Mario Land 2 - 6 Golden Coins (USA, Europe)	Segundo na linha de jogos Mario do Game Boy, este segue os passos evolutivos que Super Mario 3 para o NES deu com seus predecessores. Novos gráficos, power-ups, desafios e um enredo totalmente original. Uma versão ruim de Mario, Wario, assume o castelo de Mario e o tranca usando 6 moedas de ouro. Mario deve procurar por tais moedas em toda a Mario Land para retomar seu castelo e enfrentar o próprio Wario.
Super R.C. Pro-Am (USA, Europe)	Super R.C. Pro-Am é uma atualização para Game Boy do clássico jogo de carrinhos de controle remoto da Rare. 4 corredores humanos ou controlados por computador tentam dar a volta na pista o mais rapido possível enquanto evitam perigos como poças de óleo e cones de transito. Também existem armas que você pode usar para desativar os outros carros temporariamente. O objetivo do jogo é coletar os icones de letras encontrados na pista para soletrar &quot;NINTENDO.&quot; Coletar as letras permite que você consiga carros mais rápidos e eventualmente ganhar o campeonato.
Super Robot Taisen (Japan)	Super Robot Taisen é um jogo de ação polvilhado com estratégia no Gameboy. Você controla um exército de robôs orgânicos que vivem no planeta dos super robôs. Os habitantes desta estrela são atacados e envenenados por um monstro galáctico de Gil Gil Gan que assume o controle deles. A interface do jogo representa um mapa do mundo no qual você move seus robôs e dá ordens de combate que são jogadas turno a turno, cada robô tem suas características.
Super Star Wars - Return of the Jedi (USA, Europe) (SGB Enhanced)	Você seleciona seu personagem do filme (Luke Skywalker, Han Solo, Princesa Leia ou Chewbacca) antes de cada nível, pois cada um tem habilidades diferentes, e vai tentando vencer os níveis com base nas cenas do filme brandindo sabres de luz, blasters ou bestas, etc. .dependendo da sua escolha de personagem. A jogabilidade consiste em ação de plataforma padrão temperada com algumas sequências ligeiramente diferentes (em termos de jogabilidade). Corra para o palácio de Jabba the Hutt em um speeder, lute contra os lacaios de Jabba the Hutt antes de matar o próprio Jabba, controle speeder bikes e a Millennium Falcon e muito mais.
Sword of Hope II, The (USA)	500 anos atrás o rei Winder selou o demônio maligno Zakdos dentro de um caixão, assim encerrando a guerra sombria. O grande mago Colin prometeu que ele e seus descendentes construiriam e protegeriam um templo ao redor da prisão de Zakdos. Entretanto, quando um ladrão entra no templo e quebra o caixão, Zakdos é libertado e assassina todos que restam no clã de Colin exceto por um jovem garoto chamado Mute. Para piorar as coisas, a Espada da Esperança (Sword of Hope), que selou um dragão maligno, também foi roubada. O jogador controla o Príncipe Theo que, com a ajuda de Mute e outros personagens, deve impedir Zakdos e recuperar a Espada da Esperança antes do dragão despertar.
Sword of Hope, The (USA)	Uma feitiçaria maligna cobre a terra. Um dragão monstruoso, tendo possuído o rei, agora governa atrás de um exército de criaturas horríveis. Você é o escolhido, o príncipe do destino, que deve salvar o verdadeiro monarca e restaurar seu reino. Reúna sua coragem e inteligência para os inúmeros desafios que esperam por você. Você deve lutar contra ogros, ciclopes e esqueletos indescritíveis. Encontre as chaves dos portões dos mágicos que guardam a invencível &quot;Espada da Esperança&quot;. Solte a espada e use sua magia para derrotar o dragão mortal.
T2 - The Arcade Game (USA, Europe)	Como o título indica, esta é a conversão caseira do jogo de tiro em trilhos de arcade baseado no filme &quot;O Exterminador do Futuro 2: O Julgamento Final&quot;. Até dois jogadores atiram em níveis futuros e presentes como assassinos robóticos reprogramados para servir à resistência humana. Ambos os jogadores empunham uma metralhadora com munição infinita que diminui sua taxa de disparo (sobreaquece) conforme é continuamente disparada. Uma arma secundária (lançadores de mísseis no futuro, espingardas no presente) tem munição limitada, mas causa grande dano. Power-ups dentro do mundo do jogo incluem munição para a arma secundária e refrigerante para as metralhadoras, e devem ser acertados para serem coletados.
Tail 'Gator (World) (Limited Run Games)	Tail Gator para Gameboy é um jogo de plataforma no qual você joga como um crocodilo se movendo por ambientes cheios de monstros. Você só será capaz de pular e dar um golpe de cauda em seus inimigos, no entanto, se você coletar símbolos &quot;P&quot; suficientes, poderá acertar à distância. Muitos baús estão espalhados, cabe a você abri-los para aumentar sua pontuação no jogo!
Taito Variety Pack (Japan)	Este cartucho é uma compilação destes quatro jogos: Bubble Bobble, Chase HQ, Elevator Action e Sagaia.
Tarzan - Lord of the Jungle (USA, Europe)	Segundo a lenda africana, um bebê humano foi abandonado na floresta. Encontrado e criado por um macaco chamado Kala, ele cresceu para aprender os costumes da selva e a linguagem das feras. Anos depois, como John Clayton, Lorde de Greystoke, ele foi levado de volta à Inglaterra para reivindicar sua herança legítima. No entanto, de vez em quando ele retorna à selva para se tornar Tarzan, o Senhor da Selva. Agora é uma dessas ocasiões. Tarzan voltou para a selva com sua esposa, Lady Jane Greystoke, mas suas férias acabaram quando Usanga, o malvado chefe dos Wamabo, sequestra Jane para forçar Tarzan a recuperar as sete joias que foram roubadas de seu santuário tribal. Acredita-se que essas pedras sejam os Olhos do Arco-íris, representando cada cor do espectro. Tarzan tem três dias para encontrar as joias, caso contrário, Jane será comida pelo mascote da tribo, Sheeta, a Pantera.
Taz-Mania 2 (USA)	Taz Mania 2 é o segundo jogo de Game Boy baseado no programa de TV animado. O jogador assume o papel de Taz que tem que libertar sua família que foi sequestrada pelos dois caçadores Bull Gator e Axl. Este é basicamente um jogo de plataforma padrão em que o jogador atravessa os 16 níveis, salta sobre lacunas e se esquiva dos inimigos. No entanto, a característica única do desenho animado Taz foi convertida para o jogo: sua capacidade de girar. Isso permite que ele atinja alta aceleração e seja invulnerável - mas cada segundo tira uma parte da barra de energia associada. Ele pode ser reabastecido pegando um dos power-ups no caminho. Cada nível tem que ser resolvido dentro de um limite de tempo e Taz perde um dos quatro corações quando atingido por um inimigo ou tocando água.
Tecmo Bowl (USA)	Tecmo Bowl coloca você na pele do estrategista e dos jogadores de elite em busca do touchdown decisivo. Diferente das versões mais complexas, este título de bolso foca na agilidade e na escolha tática rápida entre quatro jogadas ofensivas principais. O objetivo é avançar pelo campo utilizando passes precisos ou corridas explosivas para superar a defesa adversária. No Game Boy, o jogo mantém a essência competitiva do original, permitindo que você dispute temporadas completas ou partidas rápidas contra o computador. Com um sistema de controle intuitivo e sprites detalhados para a tela monocromática, o jogo captura a adrenalina do esporte, provando que a estratégia do futebol americano funciona perfeitamente em qualquer lugar.
Teenage Mutant Ninja Turtles - Fall of the Foot Clan (USA)	Em cumplicidade com o mestre alienígena exilado Krang, o malvado Shredder sequestrou mais uma vez a elegante donzela da redação, April O'Neil. Para resgatar a encantadora reporter, você deve voltar aos esgotos e tirar aqueles répteis que gostam de pizza e todo o trabalho inteligente de faca de um &quot;chef chop suey&quot;. Você controlará cada movimento de Leonardo, Michelangelo, Donatello e Raphael, enquanto eles se armam com Nunchakus, espadas Sai traiçoeiras com lâminas Katana destruidoras de fígado. Claro, esta aventura única de ano-luz começará a ruir no nanossegundo em que você passar por 5 níveis nunca antes vistos do caos de Manhattan, incluindo o engarrafamento, a ravina de depósito de lixo e a torre do tecnódromo. Aqui você vai aperfeiçoar a antiga arte de congelar, cortar em cubos e fatiar shuriken. Você terá a chance de limpar os sorrisos dos rostos dos novos fenômenos da série, como Roadkill Rodney, Shell Shocker e o vilão Filet O'Filth.
Tennis (World)	Tennis é, como o nome indica, a versão Nintendo deste desporto. Um jogador contra o computador, ou, dois jogadores competirão entre si no Tenis com um conjunto de regras mais ou menos padrão (pontuação, sets, etc.). Os jogadores são controlados pelos botões de movimento, enquanto o botão &quot;A&quot; indica um golpe baixo, o botão &quot;B&quot; indica um golpe alto. Tens quatro níveis de IA de computador, ou, joga com o teu adversário via cabo de link do Game Boy. A variedade usual de tacadas é exibida, incluindo Backhands(Esquedas), Forehands(Direitas), lobs e voleios quando perto da rede.
Terminator 2 - Judgment Day (USA, Europe)	Terminator 2: Judgment Day é um jogo de plataforma/ação em terceira pessoa para Game Boy. Foi desenvolvido por B.I.T.S. O jogo é um side-scroller. O jogador se move da esquerda para a direita, atirando nos inimigos e saltando sobre os obstáculos nas fases de plataforma. Existem também minijogos com limite de tempo, como reorganizar os fios para formar um caminho conectado, bem como outros tipos de fases. Os estágios são baseados em cenas-chave do filme. No início do jogo, o jogador parece estar no futuro, com Exterminadores atacando o jogador, e um robô do tipo Hunter Killer jogando explosivos ao redor do jogador.
Tetris (Japan) (En)	Esta versão de Tetris é uma das muitas conversões do famoso jogo de empilhamento de blocos e foi incluída com o Game Boy após seu lançamento em vários territórios. O objetivo é colocar peças compostas por quatro peças em um poço de dez por vinte, organizando-as em fileiras completas, que depois desaparecem. Conforme as linhas são eliminadas, o ritmo do jogo aumenta e o fundo muda, e o jogo termina se a pilha atingir o topo do poço. O jogo é muito semelhante à versão NES da própria Nintendo do jogo, apresentando os mesmos modos &quot;Type A&quot; infinito e &quot;Type B&quot; set-clear. O jogo também possui um modo de 2 jogadores versus que pode ser jogado com dois Game Boys, duas cópias de Tetris e um cabo de link de Game Boy. Limpar as linhas neste modo fará com que a pilha do outro jogador aumente, com o objetivo de fazer o outro jogador perder.
Tetris 2 (USA)	Tetris 2, conhecido no Japão como Tetris Flash, é um jogo de quebra-cabeça desenvolvido pela Nintendo e Tose e publicado pela Nintendo para o Nintendo Entertainment System. Foi portado para o Game Boy em 1993 e para o Super Nintendo Entertainment System em 1994 pela Bullet Proof Software. Como uma variação do conceito do Tetris, ao invés de ter o objetivo de combinar linhas horizontais de blocos que descem do topo da tela como tetraminós, o jogador combina as cores dos blocos descendentes (que incluem formas irregulares de tetraminós) com blocos já fixados no tabuleiro do jogo, o que faz com que os blocos desapareçam do tabuleiro quando três blocos da mesma cor são combinados, de maneira semelhante ao jogo Dr. Mario.
Tetris Attack (USA, Europe) (SGB Enhanced)	Nem tudo está bem na Ilha de Yoshi! O desonesto rei Bowser lançou um feitiço sobre os habitantes da ilha, transformando-os em seus escravos irracionais. Apenas Yoshi escapou de seus efeitos e, portanto, ele deve partir para libertar seus amigos, derrotar Bowser e quebrar o feitiço. Tetris Attack é um quebra-cabeças de ação baseado em fatos, apresentando o colorido elenco de personagens da Ilha de Yoshi. Uma pilha de blocos sobe continuamente da parte inferior da tela e o jogador controla um cursor que pode trocar quaisquer dois blocos horizontalmente. Faça uma linha ou coluna de três ou mais e eles vão limpar, potencialmente criando combos de novos blocos caindo para tomar seu lugar. Os combos enviarão grandes blocos de lixo para o seu oponente, que deve ser eliminado limpando uma peça que esteja tocando nele, transformando-o em blocos normais.
Tetris Blast (USA, Europe) (SGB Enhanced)	Nesta versão de Tetris, o elemento básico 'limpar a linha dos blocos' ainda está aqui, mas com uma elemento adicional: dentro das muitas formas de blocos estão as bombas. Ao conectar as bombas enquanto limpa o campo de jogo (criando uma linha de blocos), mais do campo é limpo à medida que as bombas explodem. Os modos de jogo usuais estão incluídos, ou seja, desafio, limpe o máximo de linhas possível, contra o relógio, limpe o máximo de linhas possível antes que o tempo acabe e batalha de 2 jogadores.
Tetris Plus (USA, Europe) (SGB Enhanced)	Esta versão apresenta o modo Classic, o modo Puzzle, o modo Versus e o modo Edit. No modo Puzzle, você deve salvar o professor que sobe até o topo. Para fazer isso, você deve limpar os blocos e trazê-lo para o fundo. O modo Versus coloca você frente a frente com outro jogador. O modo de edição permite que você crie e salve seus próprios níveis personalizados.
Tintin in Tibet (Europe) (En,Fr,De,Nl) (SGB Enhanced)	As Aventuras de Tintin narra as histórias de um repórter que não tem medo do perigo. Neste jogo baseado nos quadrinhos, Tintin está de férias nos Alpes Franceses e acaba vendo pelo jornal um acidente aéreo na região do Tibete. À noite, o repórter sonha que seu amigo Chang estava na aeronave e precisava de sua ajuda. Após confirmar suas suspeitas, o jovem parte ao resgate de seu amigo encarando fases de progressão com quebra-cabeças pelo caminho. Você precisará ultrapassar penhascos, ribanceiras, lagos perigosos e até mesmo escalar a geleira junto de seu amigo Capitão Haddock em busca de Chang.
Tiny Toon Adventures - Babs' Big Break (USA, Europe)	Tiny Toon Adventures é baseado em uma série animada de mesmo nome. Os Tiny Toons são versões infantis da Warner Bros. personagens de desenhos animados famosos. Babs é uma aspirante a atriz. Ela sai um dia para aperfeiçoar seu ofício e ir para o teatro. Buster Bunny e seus amigos Plucky e Hampton percebem que Babs está saindo e decidem segui-la até o teatro. Assim, o jogo começa, enquanto você controla Buster, Plucky ou Hampton enquanto eles seguem Babs por 4 níveis de rolagem lateral.
Tiny Toon Adventures 2 - Montana's Movie Madness (USA, Europe)	Um novo cinema acaba de abrir em Acme Acres! Mas, infelizmente, é propriedade de ninguém menos que o pirralho rico e mimado de Acme Acres, Montana Max, e ele lançou filmes nos quais ele é o herói, e Buster Bunny é seu arqui-inimigo! Claro, Buster não pode permitir isso, então ele tentará entrar no teatro e mudar as fitas para que Montana Max não estrague a reputação de Buster.
Titus the Fox (USA, Europe)	Junta-te à Raposa Titus e a sua aventura hilariante 'Ir a Marrocos e Voltar'. A pé, de skate ou a voar no seu tapete mágico, atravessa o Deserto Saara para libertar o seu amor sequestrado - Foxy! Vais encontrar muitos inimigos, como Babyboon, o garoto com a garrafa mortífera, e Toyo, a cobra de óculos. Este mega-jogo foi aclamado pela crítica como a referência para &quot;Jump'n'Runs&quot; no mundo dos jogos de computador. Jogo de plataforma de tamanho excepcional: Mais de 900 telas em 15 níveis com 54 inimigos extraordinários. Salas secretas, bônus escondidos e armadilhas mortais. Sistema único de interação: jogador - inimigos - objetos - fundos. Opções: códigos de nível, continuar, direção ajustável de 8 direções.
Toy Story (USA) (SGB Enhanced)	Toy Story para Gameboy é um jogo de plataforma baseado no filme de animação de mesmo nome. Coloca o jogador na pele de Woody, que deve pular e usar sua corda para atravessar os diferentes níveis que são tirados diretamente do longa-metragem. Entre cada nível, a história é contada através de textos e fotos do filme.
Track & Field (USA, Europe)	Track & Field para o Game Boy foi lançado pela Konami em 1992. Foi também lançado como &quot;Konamic Sports in Barcelona&quot; no Japão. Nem todas as partes do jogo são sobre atletismo, mas todos eles são desportos olímpicos. A versão Game Boy apresenta eventos diferentes das outras versões do jogo. São 11 eventos no total: 100 metros, salto em distância, lançamento de martelo, 110m com barreiras, lançamento de dardo, levantamento de peso, tiro com arco, salto triplo, natação, lançamento de disco, salto com vara. Todos exigem reflexos rápidos e cronometrados. Modos de jogo: 1 Evento (jogo rápido), Competição (modo história) e modo Versus (jogar com um amigo).
Trax (USA, Europe)	Trax é um jogo de tiro com rolagem lateral que coloca você no comando de um pequeno tanque em alguns níveis clássicos de ação. Colocando seu tanque contra um mestre de tanques (vilão) que está criando uma máquina de destruição que tomou conta da terra. Você pode atirar de vários ângulos, mas devido às limitações de controle do Game Boy, seu veículo só pode girar a torre no sentido horário. Existem alguns power-ups que aumentam suas armas, como balas de canhão explosivas, tiros multidirecionais ou projéteis anti-blindagem. O jogo também apresenta algumas lutas contra chefes conforme você avança pelos vários ambientes diferentes do jogo, floresta, deserto, caverna, cidade e fábrica de tanques.
Trip World (World) (Limited Run Games)	Trip World é um jogo de plataforma de 1992 desenvolvido e publicado pela Sunsoft para o Game Boy. Foi lançado no Japão em 27 de novembro de 1992, e na Europa em 1993. A trama do jogo se concentra no coelho Yakopoo e sua busca para recuperar a flor da paz, a fim de trazer a paz de volta ao mundo confuso de Yakopoo. A capacidade de assinatura do protagonista é a de se transformar em formas diferentes. Em Trip World, você joga como uma estranha criatura chamada Yakopoo, que tem que recuperar a flor roubada de sua tribo para evitar que os aldeões lutem entre si.
True Lies (USA, Europe)	Os jogadores controlam o agente secreto Harry Tasker, que procura salvar o mundo livre do malvado Aziz, líder do grupo terrorista islâmico Crimson Jihad. Todos os níveis são baseados em cenas de acção do filme e incluem a infiltração no castelo, a perseguição de Aziz pelo centro comercial e parque e o confronto final no edifício de escritórios. Em cada nível, Harry tem de realizar uma tarefa específica: ligar um modem a um computador para descarregar dados, encontrar Aziz ou desarmar um dispositivo nuclear. Hordas de terroristas estão no seu caminho e devem ser eliminadas com várias armas. Harry começa um nível com uma pistola padrão que tem munições ilimitadas mas que deve ser recarregada após 15 tiros. Tem de obter armas mais poderosas como uma metralhadora, uma espingarda, granadas e minas.
Tumble Pop (USA, Europe)	&quot;Tumblepop&quot; é um jogo de arcade lançado originalmente pela Data East em 1991 e, posteriormente, portado para o Game Boy em 1992. O jogo apresenta mecânica de plataforma com elementos de jogabilidade de tiro.
Turok - Battle of the Bionosaurs (USA, Europe) (En,Fr,De,Es)	Battle of the Bionosaurs é a contraparte do jogo de N64 e PC Turok: Dinosaur Hunter. Como Turok, você tem a tarefa de lutar contra dinossauros, ciborgues e mercenários implacáveis para alcançar a vitória final sobre o mal. Você obtém uma grande variedade de armas através dos oito níveis de batalha e objetivos. Use as armas com cuidado, pois diferentes adversários reagem de maneira diferente a cada um. Você pode explorar grandes níveis e usar um sistema de senha para salvar seu progresso.
Turrican (USA, Europe)	O demônio de três cabeças Morgul tem influenciado os sonhos das pessoas para criar pesadelos, mas, mais recentemente, esses pesadelos se tornaram reais. Somente Turrican pode salvá-los neste jogo de rolagem lateral rápido. Possui 5 mundos e 13 níveis de jogabilidade desafiadora. A jogabilidade é conceitualmente simples: basta pular, atirar e explorar. No entanto, este jogo coloca muita ênfase em encontrar e usar as 10 armas diferentes que Turrican pode coletar.
Universal Soldier (USA, Europe)	Universal Soldier é o videogame licenciado baseado no filme de 1992 estrelado por Jean-Claude Van Damme. Você controla o personagem de Van Damme enquanto ele se volta contra seu pelotão e tenta derrubar a organização governamental corrupta que o criou. Este jogo é uma versão altamente modificada de Turrican II com diferentes sprites de jogadores e inimigos e cenas cortadas removidas para vinculá-lo ao filme Soldado Universal.
Urban Strike (USA, Europe) (SGB Enhanced)	Urban Strike é o terceiro da longa série de jogos de ação de helicóptero da EA. Um gênio do mal chamado H. R. Malone iniciou um culto e conseguiu reunir milhões de seguidores. Malone está usando sua influência e riqueza para construir uma super arma com a qual derrubará o governo. Mais uma vez, você se vestirá e assumirá o controle de vários tipos de helicópteros para impedir o esquema maligno de Malone. Urban Strike é o primeiro e único jogo da série Strike a apresentar combate não veicular. Em alguns níveis, você deixará seu helicóptero e seguirá a pé.
V-Rally - Championship Edition (Europe) (En,Fr,De)	A melhor simulação de rali agora está disponível no Game Boy! Você está pronto para conquistar o título supremo de CAMPEÃO MUNDIAL DE RALLY? No asfalto da Córsega e na neve da Suécia, sob a chuva inglesa e o sol queniano, e em mais 6 países, você terá que usar todas as suas habilidades de direção para dominar o incrível poder dos quatro carros de rali autênticos disponíveis ao longo das vinte desafiadoras etapas especiais, no modo Arcade ou Campeonato. Sua única obsessão: cruzar a linha de chegada antes de seus concorrentes. 3, 2, 1,... VAI!!!
Vegas Stakes (USA, Europe) (SGB Enhanced)	Vegas Stakes é um jogo de simulação de cassino desenvolvido pela HAL Laboratory e lançado em 1993 para o Game Boy. O jogo permite que os jogadores explorem um cassino virtual e apostem dinheiro em uma variedade de jogos de azar, como pôquer, roleta, blackjack, caça-níqueis, entre outros. A história do jogo é centrada em torno de um grupo de amigos que vão para Las Vegas para se divertir e tentar a sorte no cassino. Os jogadores podem personalizar as aparências dos personagens e escolher apostas adequadas ao seu estilo de jogo. Vegas Stakes é conhecido por sua jogabilidade viciante e pela simulação realista de cassinos, tornando-se um clássicodoGameBoy.
Wario Blast Featuring Bomberman! (USA, Europe) (SGB Enhanced)	O jogo é uma combinação única de dois personagens famosos, Wario e Bomberman. A história começa quando Wario se perde acidentalmente no mundo de Bomberman, inerentemente ganancioso, Wario tem a intenção de roubar tudo para depois destruir este mundo. Neste momento, apenas Bomberman pode salvar seu próprio mundo. Junte-se ao jogo, você controlará os personagens familiares na partida com o jogo dos jogos normais do Bomberman. Sua missão é explodir todos os inimigos que aparecem nas fases do jogo com suas bombas. Haverá muitos itens aleatórios que você pode pegar e usar durante o jogo, eles terão muitos efeitos interessantes para ajudá-lo a lutar
Wario Land - Super Mario Land 3 (World)	Wario Land: Super Mario Land 3 é um jogo de plataforma para Game Boy. Alguns piratas roubaram uma estátua da Princesa Peach. Wario quer roubar a estátua dos piratas para vendê-la à família real por uma quantia muito maior de dinheiro. Você joga como Wario através de uma série de níveis cheios de ação e plataformas. Você terá que enfrentar muitos inimigos e obstáculos que deverá superar para alcançar seu objetivo.
Wario Land II (USA, Europe) (SGB Enhanced)	Buscando vingança contra Wario após este roubar seu tesouro em Wario Land: Super Mario Land 3, agentes especiais da Black Sugar Gang de Kitchen Island infiltram-se no no castelo construído por Wario, roubam de volta o tesouro e deixam o castelo e as áreas ao redor uma bagunça. Como Wario, você deve limpar o lugar e pegar de volta o que agora você chama de seu. Ao contrário do Wario Land original, Wario é agora imortal, até um certo ponto. Ao invés de morrer ao ser atingido por um inimigo, Wario perde as moedas que ele coletou durante sua passagem em cada nível. E ele pode também se transformar em outros Warios; Por exemplo, ao ser atingido por uma abelha, Wario incha em uma grande bola de ar e flutua até o limite da fase. Somente quando atingido por um objeto afiado ele retornará ao normal.
Wayne's World (USA)	Wayne's World é um jogo de aventura baseado no filme de mesmo nome. O jogo é uma aventura clássica de apontar e clicar e não deve ser confundido com o jogo de plataforma baseado no filme. Você joga com Wayne e Garth e pode alternar entre eles a qualquer momento. O enredo é simples; Na tentativa de salvar seu programa de TV, Wayne e Garth decidem realizar uma maratona de pizza (um programa de caridade com o tema pizza) para arrecadar dinheiro. Para conseguir manter o evento, Wayne e Garth devem embarcar em várias missões para coletar itens e contratar as pessoas de que precisam para o show. A aventura inclui participar de campeonatos de perguntas e respostas, juntar-se a uma gangue de motoqueiros e assar pizzas. Os gráficos são em 2D e o som contém vários samples do filme.
Who Framed Roger Rabbit (USA)	Uma Cilada Para Roger Rabbit é baseado no filme de mesmo nome. Roger Rabbit vive em Toontown, onde personagens de desenho animado como ele e pessoas reais convivem juntos. Roger foi incriminado pelo assassinato do suposto amante de sua esposa e agora, com a ajuda do detetive particular Eddie Valiant, precisa provar sua inocência. Trata-se de um jogo de ação com elementos de resolução de quebra-cabeças. Roger Rabbit pode se mover livremente por Toontown (e por alguns de seus edifícios), e a jogabilidade principal consiste em conversar com personagens que fornecem pistas sobre para onde ele deve ir em seguida. Ele também precisa coletar e usar diversos itens para avançar. No entanto, ao andar pela cidade, Roger é atacado por inimigos que reduzem sua barra de vida ao atingi-lo; também há algumas batalhas contra chefes. Alguns itens (em quantidade limitada) podem ser usados para derrotar os inimigos.
World Heroes 2 Jet (USA, Europe) (SGB Enhanced)	World Heroes 2 JET é o terceiro jogo da série World Heroes. Um terceiro torneio com guerreiros de todo o mundo (e diferentes períodos no tempo) começou, e cabe a você lutar até o fim para descobrir quem o está organizando. O jogo é uma atualização/ajuste do World Heroes 2 e contém muitos novos recursos: dois novos lutadores, Jack e Ryofu, foram adicionados ao jogo; dois novos modos de luta foram adicionados. Agora você pode correr em direção ao seu oponente ou para longe dele. Todas as novas fases e músicas também foram incluídas. No modo &quot;Entry to the Tournament&quot; você luta em várias rodadas de eliminação contra três oponentes diferentes; você tem que vencer duas das três partidas de uma rodada para seguir em frente. Já no modo &quot;The Forging of Warriors&quot; é um modo de treinamento onde você pode lutar contra quatro inimigos diferentes para aprimorar suas habilidades.
Worms (Europe)	Worms é um jogo de estratégia por turnos. São 4 equipes com 4 minhocas, o objetivo é destruir as outras equipes no mapa gerado. Cada minhoca tem 100 de vida e morrem quando a vida chega a zero. Depois da morte, uma minhoca explode, causando dano a quem está ao redor.
WWF King of the Ring (USA, Europe)	WWF King of the Ring é um jogo de luta livre que usa a licença da World Wrestling Federation. Cada lutador possui atributos pessoais em três categorias: força, velocidade e resistência. Os lutadores compartilham o mesmo conjunto de movimentos, consistindo em socos, chutes, body slam, arremesso, dropkick, suplex, stomps, cotoveladas e um movimento fora do esticador. Não há movimentos de assinatura exclusivos para cada lutador. São onze lutadores no total: Hulk Hogan, Randy Savage, Lex Luger, Yokozuna, Razor Ramon, Bret Hart, Shawn Michaels, Mr. Perfect, Bam Bam Bigelow, The Undertaker (os dois últimos estão ausentes da versão GameBoy) e um lutador que o jogador pode criar com atributos personalizados. O jogo apresenta partidas individuais, partidas de campeonato, partidas de duplas e o torneio King of the Ring.
WWF Superstars (USA, Europe)	WWF Superstars é um jogo de luta livre licenciado. Os jogadores podem escolher entre cinco superestrelas do WWF: Ultimate Warrior, Hulk Hogan, Macho King Randy Savage, Mr. Perfect e o Million Dollar Man para enfrentar os oponentes no ringue. Existem muitos movimentos que podem ser executados por todos os lutadores: body slam, suplex, varal e outros. Além disso, existem movimentos de assinatura exclusivos para cada superstar. Dois jogadores podem competir entre si através do Game Boy Gamelink.
WWF Superstars 2 (USA, Europe)	Um jogo de luta livre com uma lista de seis lutadores WWF diferentes: Hulk Hogan, Macho Man Randy Savage, Sid Justice, Jake the Snake Roberts, Undertaker e Mountie. Os modos de jogo incluem uma partida individual, uma partida de tag team e um torneio. As partidas podem ocorrer em um ringue de luta livre regular ou na jaula de aço. O nível de dificuldade dos oponentes do computador pode ser definido como fácil, médio ou difícil. A jogabilidade envolve fazer manobras típicas de luta livre contra um oponente no ringue. Cada lutador tem uma barra de energia que se esgota quando eles se machucam. Quanto menor a energia, maior a chance de serem imobilizados. O objetivo da partida é imobilizar o adversário até que o árbitro conte até três.
WWF War Zone (USA, Europe)	ENTRE NA ZONA DE GUERRA! Mais de uma dúzia de Superstars do WWF: Stone Cold Steve Austin, Kane e The Undertaker, Shawn Michaels e muito mais! 4 modos de jogo ultrajantes: Cage Match! Desafio do Campeonato! vs. e Tag Team! Ação dentro e fora do ringue: Mais de 40 movimentos por personagem! Movimentos de assinatura e finalização! Rixas, brigas e vinganças pessoais!
Xenon 2 (USA, Europe)	Xenon 2: Megablast é um jogo de tiro espacial com rolagem vertical, no qual você tem que passar vários níveis, cheios de ondas de inimigos, que terminam todos com uma criatura chefe de nível. Cada grupo de inimigos que você destrói lhe concede uma recompensa em dinheiro e de vez em quando você entra no Porão de Pechincha de Colin, onde você pode usar esse dinheiro para comprar upgrades para sua nave como melhores armas, atualizações de velocidade e saúde, etc. Alguns upgrades também podem ser pegos durante os níveis. A primeira parte do jogo tem uma sensação orgânica, enquanto a segunda parte do jogo apresenta inimigos mecânicos. Como há algumas seções tipo labirinto com becos sem saída no jogo, sua espaçonave rola para trás quando você continua pressionando a tecla para baixo. Um típico sucesso dos Bitmap Brothers, o jogo também é famoso por sua trilha sonora pelo grupo britânico de eletrônica Bomba-Bomba The Bass.
Yoshi (USA)	Você precisa ajudar Mario a lidar com a queda de Goombas, Bloopers, Boo Buddies e Plantas Piranha. À medida que caem, capture-os em bandejas. Troque e organize para salvar o dia. Empilhe dois do mesmo tipo para que ambos desapareçam, ou capture vários de uma vez entre duas metades de casca de ovo. Um tipo diferente de Yoshi aparecerá dependendo de quantos inimigos estiverem entre as metades da casca. O jogo possui um sistema de senha para salvar seu progresso.
Yoshi's Cookie (USA, Europe)	Yoshi's Cookie é um jogo de quebra-cabeça rápido. O jogador move os cookies que estão em uma grade para formar uma linha ou coluna com o mesmo tipo de cookies. Quando isso acontece, esses cookies desaparecem. O cookie do Yoshi é um cookie especial que só aparece de vez em quando.
Zool - Ninja of the 'Nth' Dimension (USA)	Seu nome é Zool, e ele é uma criatura parecida com um gremlin de outra dimensão. Ele é forçado a aterrissar na Terra, mas seu único objetivo é alcançar a prestigiosa classificação de Ninja. Para fazer isso, Zool terá que viajar por seis mundos, cada um dividido em três estágios, derrotar seus inimigos e provar-se digno desse título. Zool é um plataforma acelerado de deslocamento lateral. O protagonista pode correr, pular, escalar paredes e atirar nos inimigos. Power-ups para Zool são espalhados pelos níveis. Estes incluem corações que gastam vidas, bombas inteligentes, escudos, habilidades de salto mais poderosas e um Zool gêmeo. Esse &quot;gêmeo&quot; imita os movimentos do original alguns segundos depois que ele os realiza. No menu de opções, o jogador pode alterar a dificuldade e a velocidade do jogo (duas vezes), o número de continues e a música de fundo (rock ou funk).
Zoop (USA, Europe)	Zoop para Game Boy é um jogo de quebra-cabeça rápido e frenético, onde o jogador controla um triângulo colorido que deve eliminar outras formas geométricas de cores correspondentes para evitar que a tela encha. Com várias fases e desafios, Zoop é um jogo divertido e viciante para jogadores de todas as idades.
