#key	name	year	genre	developer	players
007 - The World Is Not Enough (USA, Europe)	007: The World is Not Enough	2001	Shooter	2n Productions	1-2
10-Pin Bowling (USA) (Rumble Version)	10-Pin Bowling	1999	Sports / Bowling/Sports	Morning Star Multimedia	1-2
102 Dalmatians - Puppies to the Rescue (USA, Europe)	102 Dalmatians : Puppies to the Rescue	2000	Platform	Crystal Dynamics	1
1942 (USA, Europe)	1942	2000	Shoot'em Up / Vertical/Shoot'em Up	Capcom	1-2
3-D Ultra Pinball - Thrillride (USA) (Rumble Version)	3-D Ultra Pinball : Thrillride	2001	Pinball	Left Field Productions	2-4
3D Pocket Pool (Europe) (En,Fr,De,Es,It,Nl)	3D Pocket Pool	2001	Sports / Pool/Sports	Aardvark Technical Services	1-2
720 Degrees (USA, Europe) (GB Compatible)	720 Degrees	1999	Sports / Skateboard/Sports	Atari	1
Action Man - Search for Base X (USA, Europe)	Action Man: Search for Base X	2001	Platform	Natsume	1
Adventures of the Smurfs, The (Europe) (En,Fr,De,Es,It,Nl)	The Adventures of the Smurfs	2000	Adventure	Infogrames	1
AirForce Delta (USA)	Airforce Delta	2000	Shooter / Plane/Shooter	Climax	1-2
Aladdin (USA)	Aladdin	2000	Platform	Virgin	1
Alfred's Adventure (Europe) (En,Fr,De,Es,It)	Alfred's Adventure	2000	Adventure	Mobius Entertainment	1
Alice in Wonderland (USA, Australia)	Alice in Wonderland	2000	Platform	Digital Eclipse	1-2
Aliens - Thanatos Encounter (USA, Europe)	Aliens : Thanatos Encounter	2001	Shooter	Crawfish Interactive	1
All Star Tennis 2000 (Europe) (AZTP) (GB Compatible)	All Star Tennis 2000	1999	Sports / Tennis/Sports	Smart Dog	1-2
All-Star Baseball 2000 (USA, Europe)	All-Star Baseball 2000	1999	Sports / Baseball/Sports	Realtime Associates	1
All-Star Baseball 2001 (USA)	All-Star Baseball 2001	2000	Sports / Baseball/Sports	Griptonite Games	1
Alone in the Dark - The New Nightmare (USA) (En,Fr,Es)	Alone in the Dark : The New Nightmare	2001	Adventure / Survival Horror/Adventure	Pocket Studios	1
Animal Breeder 3 (Japan) (SGB Enhanced) (GB Compatible)	Animal Breeder 3	1999	Japanese RPG/Role Playing Game	J-Wing	1
Animal Breeder 4 (Japan)	Animal Breeder 4	2001	Role Playing Game	J-Wing	1
Animastar GB (Japan)	Animastar GB	2001	Role Playing Game	AKI Corporation	1-2
Animorphs (USA)	Animorphs	2000	Role Playing Game	Run and Gun!	1
Antz (USA) (En,Fr,Es) (GB Compatible)	Antz	1999	Platform	Light & Shadow Productions (LSP)	1
Antz Racing (USA) (En,Fr,De,Es,It,Nl)	Antz Racing	2001	Racing, Driving	RFX Interactive	1
Antz World Sportz (Europe) (En,Fr,De,Es,It,Nl)	Antz World Sportz	2001	Sports / Multisports/Role Playing Game/Sports	M4	1
Aqualife (Japan) (SGB Enhanced) (GB Compatible)	Aqualife	1999	Strategy	Tamsoft	1
Arle no Bouken - Mahou no Jewel (Japan) (SGB Enhanced) (GB Compatible)	Arle no Bouken: Mahou no Jewel	2000	Role Playing Game	Compile	1-2
Armada - FX Racers (USA)	Armada : FX Racers	2000	Racing, Driving	Metro3D	1
Armorines - Project S.W.A.R.M. (USA, Europe) (En,De)	Armorines : Project S.W.A.R.M.	1999	Shooter / FPV/Shooter	NEON Software	1
Army Men (USA, Europe) (En,Fr,De)	Army Men	2000	Strategy	Digital Eclipse	1
Army Men - Air Combat (USA, Europe) (En,Fr,De)	Army Men : Air Combat	2000	Shooter / Vehicle, TPV/Shooter	Fluid	1
Army Men - Sarge's Heroes 2 (USA, Europe) (En,Fr,De)	Army Men : Sarge's Heroes 2	2000	Shooter	3d6 Games	1
Army Men 2 (USA, Europe) (En,Fr,De)	Army Men 2	2000	Strategy	Digital Eclipse	1-2
Arthur's Absolutely Fun Day! (USA)	Arthur's Absolutely Fun Day!	2000	Casual Game	Ed Magnin and Associates	1
Asterix & Obelix (Europe) (En,Fr,De,Es)	Asterix & Obelix	1999	Platform	Bit Managers	1
Asterix & Obelix Contre Cesar (Europe) (En,Fr,De,Es,Nl) (GB Compatible)	Asterix & Obelix vs Caesar	2000	Adventure	Tek 5	1
Asterix - Sur la Trace D'Idefix (Europe) (En,Fr,De,Es,It,Nl)	Astérix : Search for Dogmatix	2000	Platform	Rebellion	1
Asteroids (World) (ModRetro Chromatic)	Asteroids	1999	Shoot'em Up	Syrox Developments	1-2
Atlantis - The Lost Empire (USA, Europe)	Atlantis : The Lost Empire	2001	Platform	Eurocom	1
Austin Powers - Oh, Behave! (USA)	Austin Powers : Oh, Behave!	2000	Platform	Tarantula	1-2
Austin Powers - Welcome to My Underground Lair! (USA)	Austin Powers : Welcome to my Underground Lair!	2000	Platform	Tarantula	1-2
Azarashi Sentai Inazuma - Dokidoki Daisakusen! (Japan)	Azarashi Sentai Inazuma : Dokidoki Daisakusen!	2002		Omega Micott	1
Azure Dreams (USA) (SGB Enhanced) (GB Compatible)	Azure Dreams	2000	Role Playing Game/Dungeon Crawler RPG	Konami	1
B-Daman Bakugaiden - Victory e no Michi (Japan) (SGB Enhanced) (GB Compatible)	B-Daman Bakugaiden : Victory e no Michi	1999	Role Playing Game	C.P. Brain	1-2
B-Daman Bakugaiden V - Final Mega Tune (Japan)	B-Daman Bakugaiden V - Final Mega Tune	2000	Strategy	Mirai-Keikaku	1-2
Babe and Friends (USA) (GB Compatible)	Babe and Friends	1999	Puzzle/Strategy	Aqua Pacific	1
Baby Felix - Halloween (Europe) (En,Fr,De,Es,It,Nl)	Baby Felix : Halloween	2001	Platform	Bit Managers	1
Backgammon (Europe) (En,Fr,De,Es) (GB Compatible)	Backgammon	2000	Board game/Puzzle	Altron	1
Bad Badtz-Maru Robo Battle (Japan)	Bad Badtz-Maru Robo Battle	2001		TOSE	1
Bakukyuu Renpatsu!! Super B-Daman - Gekitan! Rising Valkyrie!! (Japan) (SGB Enhanced) (GB Compatible)	Bakukyuu Renpatsu!! Super B-Daman - Gekitan! Risin	2000		Alpha Unit	
Bakusou Dekotora Densetsu GB Special - Otoko Dokyou no Tenka Touitsu (Japan)	Bakusou Dekotora Densetsu GB Special - Otoko Dokyo	2000	Racing, Driving / Racing/Racing, Driving	Kid	
Bakuten Shoot Beyblade (Japan)	Bakuten Shoot Beyblade	2001		Rokumendo	
Ballistic (USA) (GB Compatible)	Ballistic	1999	Puzzle/Strategy	Mitchell	1-2
Balloon Fight GB (Japan) (SGB Enhanced, GB Compatible) (NP)	Balloon Fight GB	2000	Platform	Pax Softnica	1-2
Barbie - Fashion Pack Games (USA, Europe) (GB Compatible)	Barbie : Fashion Pack Games	2000	Casual Game	Hyperspace Cowgirls	1
Barbie - Magic Genie Adventure (USA)	Barbie : Magic Genie Adventure	2000	Adventure	Vicarious Vision	1
Barbie - Ocean Discovery (USA) (GB Compatible)	Barbie - Ocean Discovery	1999	Action / Adventure/Action	Realtime Associates	1
Barbie - Pet Rescue (USA)	Barbie : Pet Rescue	2001	Adventure/Various	HotGen	1
Barca Total 2000 (Europe) (En,Fr,De,Es,It,Nl,Ca)	O'Leary Manager 2000	2000	Simulation/Sports / Football (Soccer)/Sports	LiveMedia UK	1
Barcode Taisen Bardigun (Japan) (SGB Enhanced) (GB Compatible)	Barcode Taisen Bardigun	1998	Role Playing Game	Graphic Research	
Bass Masters Classic (USA, Europe) (GB Compatible)	Bass Masters Classic	1999	Fishing/Hunting and Fishing	Natsume	1
Batman - Chaos in Gotham (USA)	The New Batman Adventures : Chaos in Gotham	2001	Platform	Digital Eclipse	1
Batman Beyond - Return of the Joker (USA)	Batman of the Future : Return of the Joker	2000	Fighting	Kemco	1
Battle Fishers (Japan)	Gakuen Battle Fishers - Yoky Shiimono Wa Tsure	2000	Fishing/Hunting and Fishing	Konami Computer Entertainment	
Battleship (USA, Europe) (GB Compatible)	Battleship	1999	Strategy	Pack In Video	1
BattleTanx (USA)	BattleTanx	2000	Shooter	Lucky Chicken Games	1
Beatmania GB (Japan) (SGB Enhanced) (GB Compatible)	Beatmania GB	1999	Rhythm/Music and Dancing	KCEK	1
Beatmania GB - Gotcha Mix 2 (Japan)	Beatmania GB : Gotcha Mix 2	2000	Rhythm/Music and Dancing	KCEJ	1-2
Beatmania GB 2 - Gotcha Mix (Japan) (SGB Enhanced) (GB Compatible)	Beatmania GB2 : Gotcha Mix	1999	Rhythm/Music and Dancing	Konami	1
Beauty and the Beast - A Board Game Adventure (USA, Australia) (SGB Enhanced) (GB Compatible)	Beauty and the Beast : A Board Game Adventure	1999	Board game	Left Field Productions	1
Benjamin Bluemchen - Ein verrueckter Tag im Zoo (Germany)	Benjamin Bluemchen - Ein Verrueckter Tag Im Zoo	2001	Platform	BVM Produktion	1
Beyblade - Fighting Tournament (Japan)	Beyblade : Fighting Tournament	2000		Rokumendo	1
Bibi Blocksberg - Im Bann der Hexenkugel (Germany)	Bibi Blocksberg: Im Bann der Hexenkugel		Adventure	BVM Produktion	1
Bibi und Tina - Fohlen Felix in Gefahr (Germany)	Bibi Und Tina - Fohlen Felix In Gefahr	2002		Kiddinx Entertainment	
Bikkuriman 2000 - Charging Card GB (Japan) (SGB Enhanced) (GB Compatible)	Bikkuriman 2000 : Charging Card GB	2000	Role Playing Game		
Billy Bob's Huntin' 'n' Fishin' (USA, Europe)	Billy Bob's Huntin' 'n' Fishin'	1999	Fishing/Hunting and Fishing	Saffire	1
Bionic Commando - Elite Forces (USA, Australia)	Bionic Commando : Elite Forces	2000	Fighting	Nintendo	1
Black Bass - Lure Fishing (USA, Europe) (GB Compatible)	Black Bass : Lure Fishing	1999	Fishing/Hunting and Fishing	Hot-B	1
Black Onyx, The (Japan)	The Black Onyx	2001	Role Playing Game	Atelier Double	1
Blade (USA, Europe)	Blade	2000	Beat'em Up	HAL Laboratory	1
Blaster Master - Enemy Below (USA, Europe) (SGB Enhanced) (GB Compatible)	Blaster Master : Enemy Below	2000	Platform	Sunsoft	1
Blue's Clues - Blue's Alphabet Book (USA)	Blue's Clues : Blue's Alphabet Book	2001	Educational	Vicarious Vision	1
Boarder Zone (USA)	Boarder Zone	1999	Sports / Skiing/Sports	Infogrames	1
Bob et Bobette - Les Dompteurs du Temps (Europe) (Fr,Nl)	Bob Et Bobette - Les Dompteurs Du Temps	2001	Platform / Run & Jump/Platform	Witan Entertainment BV	1
Bob the Builder - Fix it Fun! (USA)	Bob the Builder : Fix it Fun!	2001	Educational	Tiertex	1
Boku no Camp-jou (Japan)	Boku no Camp-jou	2000	Strategy	Kouyousha	1
Bomberman Max - Ain Version (Japan)	Bomber Man Max : Ain Version	1999	Role Playing Game	Vatical Entertainment	1-2
Bomberman Max - Blue Champion (USA)	Bomberman Max : Blue Champion	2000	Puzzle/Action	Hudson Soft	1-2
Bomberman Max - Red Challenger (USA)	Bomberman Max : Red Challenger	2000	Puzzle	Hudson Soft	1-2
Bomberman Quest (USA) (SGB Enhanced) (GB Compatible)	Bomberman Quest	1999	Role Playing Game	Hudson Soft	1-2
Bomberman Selection (Korea)	Bomberman Selection				
Bouken! Dondoko Shima (Japan)	Bouken! Dondoko Shima	2002	Simulation	D-1000 Project	
Brave Saga - Shinshou Astaria (Japan)	Brave Saga : Shinshou Astaria	2001	Role Playing Game	Takara	1
Buffy the Vampire Slayer (USA, Europe)	Buffy the Vampire Slayer	2000	Fighting	Game Brains	1
Bug's Life, A (USA) (SGB Enhanced) (GB Compatible)	A Bug's Life	1998	Platform/Racing, Driving	Tiertex	1
Bugs Bunny - Crazy Castle 3 (USA, Europe) (GB Compatible)	Bugs Bunny : Crazy Castle 3	1999	Puzzle/Strategy	Kemco	1
Bugs Bunny in - Crazy Castle 4 (USA)	Bugs Bunny in Crazy Castle 4	2000	Puzzle	Kemco	1
Burger Burger Pocket - Hamburger Simulation (Japan) (SGB Enhanced) (GB Compatible)	Burger Burger Pocket	1999	Build And Management/Simulation	Biox	
Burger Paradise International (Japan)	Burger Paradise International	2000	Simulation	Biox	1
Bust-A-Move 4 (USA, Europe) (GB Compatible)	Bust-A-Move 4	1999	Puzzle / Throw/Puzzle	Taito	1-2
Bust-A-Move Millennium (USA, Europe)	Bust-A-Move Millennium	2000	Puzzle / Throw/Puzzle	Dreams	1-2
Buzz Lightyear of Star Command (USA, Europe)	Buzz Lightyear of Star Command	2000	Platform	Traveller's Tales	1
Caesars Palace II (USA, Europe)	Caesars Palace II	1999	Casino	Runecraft	1
Cannon Fodder (USA) (En,Fr,De,Es,It)	Cannon Fodder	2000	Strategy	Sensible Software	1
Card Sharks (USA) (Proto)	Card Sharks	2000	Playing cards	Bonsai Entertainment	1
Cardcaptor Sakura - Itsumo Sakura-chan to Issho (Japan) (GB Compatible)	Cardcaptor Sakura : Itsumo Sakura-chan to Issho	1999	Adventure / Point and Click/Adventure	MTO Co	1
Cardcaptor Sakura - Tomoeda Shougakkou Daiundoukai (Japan)	Cardcaptor Sakura : Tomoeda Shougakkou Daiundoukai	2000	Sports	MTO Co	1-2
Carl Lewis Athletics 2000 (Europe) (En,Fr,De,Es,It,Nl)	Carl Lewis Athletics 2000	2000	Sports / Multisports/Sports	Planet Interactive	
Carmageddon - Carpocalypse Now (USA, Europe) (En,Fr,Es,It)	Carmageddon : Carpocalypse Now	2000	Racing, Driving	Aqua Pacific	1
Casper (USA)	Casper	2000	Adventure	Funcom	1
Caterpillar Construction Zone (USA, Europe) (GB Compatible)	Matchbox Caterpillar Construction Zone	2000	Simulation	Realtime Associates	1
Catwoman (USA)	Catwoman	1999	Platform	Kemco	1
Catz (USA)	Catz : Your Virtual Petz Palz	1999	Simulation / Life/Simulation	Saffire	1
Centipede (World) (ModRetro Chromatic)	Centipede	1998	Shooter / Space Invaders Like/Shooter	Morning Star Multimedia	1
Championship Motocross 2001 featuring Ricky Carmichael (USA, Europe)	Championship Motocross 2001 featuring Ricky Carmic	2000	Racing, Driving	Tiertex	
Chase H.Q. - Secret Police (USA) (SGB Enhanced) (GB Compatible)	Chase H.Q. : Secret Police	1999	Racing, Driving	Dreams	1-2
Checkmate (Japan) (En,Ja) (GB Compatible)	Checkmate	1999	Board game	Altron	1
Chee-Chai Alien (Japan) (Rumble Version)	Chee-Chai Alien	2001		Creatures	1
Chessmaster (USA, Europe) (GB Compatible)	Chessmaster	1999	Board game/Strategy	Park Place Productions	1-2
Chi to Ase to Namida no Koukou Yakyuu (Japan)	Chi to Ase to Namida no Koukou Yakyuu	2000	Sports / Baseball/Simulation/Sports		1
Chibi Maruko-chan - Go Chounai Minna de Game Da yo! (Japan)	Chibi Maruko-chan - Go Chounai Minna de Game Da yo	2001			
Chicken Run (USA, Europe) (En,Fr,De,Es,It)	Chicken Run	2000	Action / Adventure/Action	Blitz Games	1-2
Choro Q - Hyper Customable GB (Japan) (SGB Enhanced) (GB Compatible)	Choro Q : Hyper Customable GB	1999	Role Playing Game	Eleca	
Classic Bubble Bobble (USA) (SGB Enhanced) (GB Compatible)	Classic Bubble Bobble	1999	Platform/Puzzle	Taito	1
Colin McRae Rally (Europe)	Colin McRae Rally	2001	Racing, Driving	Spellbound	1
Columns GB - Tezuka Osamu Characters (Japan) (SGB Enhanced) (GB Compatible)	Columns GB: Tezuka Osamu Characters	1999	Puzzle / Fall/Puzzle/Strategy	GAME	1-2
Command Master (Japan)	Command Master	2000	Role Playing Game	Brain Dock	1-2
Commander Keen (USA, Europe)	Commander Keen	2001	Adventure	David A. Palmer Productions	1
Conker's Pocket Tales (USA, Europe) (En,Fr,De) (SGB Enhanced) (GB Compatible)	Conker's Pocket Tales	1999	Puzzle/Adventure	Rareware	1
Cool Bricks (Europe) (En,Fr,De,Es,It)	Cool Bricks	1999	Action / Breakout games/Action	Pukka Games	1
Croc (USA, Europe)	Croc	2000	Platform	Virtucraft	1
Croc 2 (World) (ModRetro Chromatic)	Croc 2	2001	Platform	Natsume	1
Cross Hunter - Monster Hunter Version (Japan)	Cross Hunter : Monster Hunter Version	2001	Role Playing Game	Game Village	1
Cross Hunter - Treasure Hunter Version (Japan)	Cross Hunter : Treasure Hunter Version	2001	Role Playing Game	Game Village	1
Cross Hunter - X Hunter Version (Japan)	Cross Hunter : X Hunter Version	2001	Role Playing Game	Game Village	1
Cruis'n Exotica (USA)	Cruis'n Exotica	2000	Racing, Driving	Crawfish Interactive	1
Crystalis (USA)	Crystalis	2000	Role Playing Game	Nintendo	1
Cubix - Robots for Everyone - Race 'n Robots (USA) (En,Fr,De,Es,It)	Cubix : Robots for Everyone, Race 'n Robots	2001	Racing, Driving	Blitz Games	1
CyberTiger (USA, Europe)	CyberTiger	2000	Sports / Golf/Sports	Xantera	1-2
Cyborg Kuro-chan - Devil Fukkatsu (Japan)	Cyborg Kuro-chan : Devil Fukkatsu	2000		Konami Computer Entertainment Nagoya	1
Cyborg Kuro-chan 2 - White Woods no Gyakushuu (Japan)	Cyborg Kuro-chan 2 : White Woods no Gyakushuu	2000		ITL	1
Daa! Daa! Daa! - Totsuzen Card de Battle de Uranai de! (Japan)	Daa! Daa! Daa! : Totsuzen Card de Battle de Uranai de!	2000		Video System	1
Daffy Duck - Fowl Play (USA, Europe) (GB Compatible)	Daffy Duck : Fowl Play	1999	Platform	Sunsoft	1
Daikaijuu Monogatari - Poyon no Dungeon Room (Japan) (SGB Enhanced) (GB Compatible)	Daikaijuu Monogatari : Poyon no Dungeon Room	1999	Dungeon Crawler RPG/Role Playing Game	Birthday	1
Daikaijuu Monogatari - Poyon no Dungeon Room 2 (Japan)	Daikaijuu Monogatari : Poyon no Dungeon Room 2	2000	Action / Labyrinth/Action	A.I	1
Daikaijuu Monogatari - The Miracle of the Zone II (Japan) (SGB Enhanced) (GB Compatible)	Daikaijuu Monogatari - The Miracle of the Zone II	1999	Strategy		
Daiku no Gen-san - Kachikachi no Tonkachi ga Kachi (Japan) (SGB Enhanced) (GB Compatible)	Daiku no Gen-san : Kachikachi no Tonkachi ga Kachi	2000	Platform	Biox	1
Dance Dance Revolution GB (Japan)	Dance Dance Revolution GB	2000	Dancing/Music and Dancing	Now Production	1-2
Dance Dance Revolution GB - Disney Mix (Japan)	Dance Dance Revolution GB : Disney Mix	2001	Dancing/Music and Dancing	Now Production	
Dance Dance Revolution GB 2 (Japan)	Dance Dance Revolution GB2	2000	Dancing/Music and Dancing	Now Production	
Dance Dance Revolution GB 3 (Japan)	Dance Dance Revolution GB3	2001	Dancing/Music and Dancing	Now Production	
Dancing Furby (Japan) (GB Compatible)	Dancing Furby	1999	Rhythm/Music and Dancing	Tomy	1-2
Data-Navi Pro Yakyuu (Japan)	Data-Navi Pro Yakyuu	2000	Sports / Baseball/Simulation/Sports	Now Production	
Data-Navi Pro Yakyuu 2 (Japan)	Data-Navi Pro Yakyuu 2	2001	Sports / Baseball/Simulation/Sports	Now Production	
Dave Mirra Freestyle BMX (USA, Europe)	Dave Mirra Freestyle BMX	2000	Sports / Cycling/Sports	NEON Software	1
David Beckham Soccer (Europe) (En,Fr,De,Es,It)	David Beckham Soccer	2002	Sports / Football (Soccer)/Sports	YoYo Games	1
Dear Daniel no Sweet Adventure - Kitty-chan o Sagashite (Japan) (SGB Enhanced) (GB Compatible)	Dear Daniel no Sweet Adventure - Kitty-chan o Saga	2000	Adventure	TOSE	1-2
Deer Hunter (USA)	Deer Hunter	1999	Hunting/Hunting and Fishing	Morning Star Multimedia	
Deja Vu I & II - The Casebooks of Ace Harding (USA)	Deja Vu I & II: The Casebooks of Ace Harding	1999	Puzzle/Adventure	Infinite Ventures	1
Dejiko no Mahjong Party (Japan)	Dejiko no Mahjong Party	2000	Mahjong/Asiatic board game		
Denki Blocks! (Europe) (En,Fr,De,Es,It)	Denki Blocks!	2001	Puzzle/Strategy	Denki	1-2
Densha de Go! (Japan)	Densha de Go!	1999	Simulation / Vehicle/Simulation	CyberFront Corporation	1-2
Densha de Go! 2 (Japan)	Densha de Go! 2	2000	Simulation / Vehicle/Simulation	Taito	1-2
Dexter's Laboratory - Robot Rampage (USA, Europe)	Dexter's Laboratory : Robot Rampage	2000	Platform	Altron	1
Dino Breeder 3 - Gaia Fukkatsu (Japan) (SGB Enhanced) (GB Compatible)	Dino Breeder 3 : Gaia Fukkatsu	1999	Simulation	Digital Kids	1
Dino Breeder 4 (Japan) (SGB Enhanced) (GB Compatible)	Dino Breeder 4	2000	Simulation	Digital Kids	1
Dinosaur (USA)	Dinosaur	2000	Adventure	Ubisoft	1
Dinosaur'us (Europe) (En,Fr,De,Es,It,Nl)	Dinosaur'us	2001	Platform	Electronic Arts	
Diva Starz - Mall Mania (USA)	Diva Starz : Mall Mania	2001	Simulation/Educational	Dice	1-4
Dogz (USA)	Dogz : Your Virtual Petz Palz	1999	Simulation / Life/Simulation	Mindscape	1
Dokapon! - Millennium Quest (Japan) (SGB Enhanced) (GB Compatible)	Dokapon! : Millennium Quest	2000	Role Playing Game		
Doki x Doki Sasete!! (Japan)	Doki x Doki Sasete!!	2001	Adventure		
Dokidoki Densetsu - Mahoujin Guruguru (Japan)	Dokidoki Densetsu : Mahoujin Guruguru	2000	Role Playing Game		
Donald Duck - Goin' Quackers (USA) (En,Fr,De,Es,It)	Donald Duck : Goin' Quackers	2000	Platform	Ubisoft	1
Donkey Kong Country (USA, Europe) (En,Fr,De,Es,It)	Donkey Kong Country	2000	Platform	Rareware	1-2
Donkey Kong GB - Dinky Kong & Dixie Kong (Japan)	Donkey Kong GB - Dinky Kong & Dixie Kong	2000	Platform	Rareware	1
Doraemon - Aruke Aruke Labyrinth (Japan) (GB Compatible)	Doraemon : Aruke Aruke Labyrinth	1999		Epoch	1
Doraemon - Kimi to Pet no Monogatari (Japan) (GB Compatible)	Doraemon : Kimi to Pet no Monogatari	2001	Role Playing Game	Epoch	1
Doraemon Kart 2 (Japan) (SGB Enhanced) (GB Compatible)	Doraemon Kart 2	1999	Racing, Driving / Racing/Racing, Driving	Epoch	1
Doraemon Memories - Nobita no Omoide Daibouken (Japan) (GB Compatible)	Doraemon Memories : Nobita no Omoide Daibouken	2000	Platform	SAS Sakata	1
Doraemon no Quiz Boy (Japan)	Doraemon no Quiz Boy	2000	Quiz / Japanese/Quiz	Epoch	1
Doraemon no Quiz Boy 2 (Japan)	Doraemon no Quiz Boy 2	2002	Quiz / Japanese/Quiz	Epoch	1
Doraemon no Study Boy - Gakushuu Kanji Game (Japan)	Doraemon no Study Boy : Gakushuu Kanji Game	2001			1
Doraemon no Study Boy - Kanji Yomikaki Master (Japan)	Doraemon no Study Boy : Kanji Yomikaki Master	2003	Educational		1
Doraemon no Study Boy - Kuku Game (Japan)	Doraemon no Study Boy : Kuku Game	2000	Educational		1
Doug's Big Game (USA)	Doug's Big Game	2000	Adventure	NewKidCo	1
Dr. Rin ni Kiitemite! - Koi no Rin Fuusui (Japan)	Dr. Rin ni Kiitemite! : Koi no Rin Fuusui	2002	Adventure	Will	1
Dracula - Crazy Vampire (USA)	Dracula : Crazy Vampire	2001	Adventure	Planet Interactive	1
Dragon Ball Z - Legendary Super Warriors (USA)	Dragon Ball Z : Legendary Super Warriors	2002	Role Playing Game	Banpresto	1
Dragon Dance (USA) (SGB Enhanced) (GB Compatible)	Dragon Dance	2000	Action / Breakout games/Action	Natsume	1-2
Dragon Tales - Dragon Adventures (USA)	Dragon Tales : Dragon Adventures	2001	Platform	Handheld Games	1
Dragon Tales - Dragon Wings (USA)	Dragon Tales : Dragon Wings	2000	Puzzle	Zed Two	1
Dragon Warrior I & II (USA) (SGB Enhanced) (GB Compatible)	Dragon Warrior I & II	2000	Compilation/Various/Role Playing Game	Enix	1
Dragon Warrior III (USA)	Dragon Warrior III	2001	Role Playing Game	Enix	1
Dragon Warrior Monsters (USA, Europe) (SGB Enhanced) (GB Compatible)	Dragon Warrior Monsters	2000	Role Playing Game	Enix	1
Dragon Warrior Monsters 2 - Cobi's Journey (USA) (SGB Enhanced) (GB Compatible)	Dragon Warrior Monsters 2 : Cobi's Journey	2001	Role Playing Game	Enix	1-2
Dragon Warrior Monsters 2 - Tara's Adventure (USA) (SGB Enhanced) (GB Compatible)	Dragon Warrior Monsters 2 : Tara's Adventure	2001	Role Playing Game	Enix	1-2
Dragon's Lair (USA, Europe) (En,Ja,Fr,De,Es,Zh)	Dragon's Lair	2001	Adventure	Digital Eclipse	1
Driver - You Are the Wheelman (USA) (En,Fr,De,Es,It)	Driver : You are the Wheelman	2000	Racing, Driving	Crawfish Interactive	1-2
Dropzone (Europe) (GB Compatible)	Dropzone	1999	Shoot'em Up	Arena Graphics	1
DT - Lords of Genomes (Japan) (SGB Enhanced) (GB Compatible)	DT : Lords of Genomes	2001	Adventure	GAME	
Duke Nukem (USA) (En,Fr,De,Es,It)	Duke Nukem	1999	Platform	Torus Games	1
Dukes of Hazzard, The - Racing for Home (USA)	The Dukes of Hazzard : Racing for Home	2000	Racing, Driving	Spellbound	1
Dungeon Savior (Japan) (SGB Enhanced) (GB Compatible)	Dungeon Savior	2000	Role Playing Game	Halloween	
DX Jinsei Game (Japan)	DX Jinsei Game	2001	Board game		1-4
DX Monopoly GB (Japan) (SGB Enhanced) (GB Compatible)	DX Monopoly GB	2000	Board game	OeRSTED	
DynaMike (Europe) (Proto)	DynaMike		Puzzle	Engine Software	
E.T. - The Extra-Terrestrial - Digital Companion (USA)	E.T. : The Extra-Terrestrial, Digital Companion	2001	Various	Powerhead Games	
E.T. - The Extra-Terrestrial - Escape from Planet Earth (USA)	E.T. The Extra Terrestrial : Escape from Planet Earth	2001	Adventure	Saffire	1
E.T. - The Extra-Terrestrial and the Cosmic Garden (USA)	E.T.: The Extra-Terrestrial and the Cosmic Garden	2002	Strategy	Zed Two	1
Earthworm Jim - Menace 2 the Galaxy (USA, Europe) (GB Compatible)	Earthworm Jim : Menace 2 the Galaxy	1999	Adventure	David A. Palmer Productions	1
ECW Hardcore Revolution (USA, Europe)	ECW Hardcore Revolution	2000	Sports / Wrestling/Sports	Crawfish Interactive	1
Elemental Fighter (USA) (Proto)	Elemental Fighter			SkyRank Games	1
Elevator Action EX (Europe) (En,Fr,De,Es,It)	Elevator Action EX	2000	Platform / Shooter Scrolling/Platform	Altron	1
Elie no Atelier GB (Japan) (SGB Enhanced) (GB Compatible)	Elie no Atelier GB	2000	Role Playing Game	TOSE	1
Emperor's New Groove, The (USA)	Disney's The Emperor's New Groove	2000	Platform	Sandbox	1
ESPN International Track & Field (USA)	ESPN International Track & Field	2000	Sports / Multisports/Sports	KCEO	1
ESPN National Hockey Night (USA)	ESPN National Hockey Night	2001	Sports / Hockey/Sports	Konami	
Evel Knievel (USA) (GB Compatible)	Evel Knievel	1999	Racing, Driving	Tarantula	1
Extreme Ghostbusters (Europe) (En,Fr,De,Es,It,Pt)	Extreme Ghostbusters	2001	Platform	Magic Pockets	1
Extreme Sports with the Berenstain Bears (USA, Europe) (En,Fr,De,Es,It)	Extreme Sports with the Berenstain Bears	2000	Sports / Multisports/Sports	Ed Magnin and Associates	1
F-1 World Grand Prix (Europe) (En,Fr,De,Es)	F-1 World Grand Prix	2000	Racing, Driving	Video System	1
F-18 Thunder Strike (USA, Europe)	F-18 Thunder Strike	2000	Simulation	Morning Star Multimedia	1
F.A. Premier League Stars 2001, The (Europe)	The F.A. Premier League Stars 2001	2001	Sports/Sports / Football (Soccer)	Krisalis Software	1
F1 Championship Season 2000 (Europe) (En,Fr,De,Es,It)	F1 Championship Season 2000	2000	Racing, Driving	Tiertex	1
F1 Racing Championship (Europe) (En,Fr,De,Es,It)	F1 Racing Championship	2000	Racing, Driving	Video System	1
F1 World Grand Prix II for Game Boy Color (USA) (En,Fr,De,Es)	F1 World Grand Prix II for Game Boy Color	2000	Racing, Driving	ITL	1-2
Fairy Kitty no Kaiun Jiten - Yousei no Kuni no Uranai Shugyou (Japan) (SGB Enhanced) (GB Compatible)	Fairy Kitty no Kaiun Jiten - Yousei no Kuni no Ura	1998		TOSE	
Ferret Monogatari (Japan)	Ferret Monogatari	2000	Simulation	Culture Brain	1
FGB (USA) (Proto) (2001-05-15)	FGB			Plasma Works	1
FIFA 2000 (USA, Europe) (SGB Enhanced) (GB Compatible)	Fifa 2000	1999	Sports / Football (Soccer)/Sports	Tiertex	1
Fish Files, The (Europe) (En,Fr,De,Es,It)	The Fish Files	2001	Puzzle/Adventure	7th Sense	1
Fix & Foxi - Episode 1 - Lupo (Europe) (En,Fr,De)	Fix & Foxi - Episode 1 Lupo		Platform	Conspiracy Entertainment	
Flintstones, The - Burgertime in Bedrock (USA)	The Flintstones : Burgertime in Bedrock	2001	Platform	Conspiracy Entertainment	1-2
Flipper & Lopaka (Europe) (En,Fr,De,Es,It,Nl,Pt,Sv,No,Da)	Flipper & Lopaka	2001	Platform	Planet Interactive	1
Floracy (Europe) (Proto) (2000-10-10)	Floracy			Kritzelkratz 3000	1
Force 21 (USA) (En,Fr,De)	Force 21	2000	Strategy	The Code Monkeys	1
Formula One 2000 (USA)	Formula One 2000	2000	Racing, Driving / Racing/Racing, Driving	Tarantula	1
Fort Boyard (Europe) (En,Fr,De,Es,It,Nl,Pt)	Fort Boyard	2001	Platform	Microïds	1
Frogger (USA) (GB Compatible)	Frogger	1998	Platform	Morning Star Multimedia	1-2
Frogger 2 (USA)	Frogger 2	2000	Platform	Game Titan	1
From TV Animation One Piece - Maboroshi no Grand Line Boukenki! (Japan) (SGB Enhanced) (GB Compatible)	From TV Animation One Piece : Maboroshi no Grand Line Boukenki!	2002	Role Playing Game	Alpha Unit	
From TV Animation One Piece - Yume no Luffy Kaizokudan Tanjou! (Japan) (SGB Enhanced) (GB Compatible)	From TV Animation One Piece : Yume no Luffy Kaizokudan Tanjou!	2001	Strategy	Alpha Unit	
Front Row (Japan)	Front Row	1999	Racing, Driving / Racing/Racing, Driving	Kindle Imagine Develop	1-2
Fushigi no Dungeon - Fuurai no Shiren GB 2 - Sabaku no Majou (Japan) (AFMJ)	Shiren the Wanderer GB2: Magic Castle of the Deser	2001	Role Playing Game	Chunsoft	1
Gaiamaster Duel - Card Attackers (Japan)	Gaiamaster Duel : Card Attackers	2001			
Gakkyuu Ou Yamazaki (Japan) (Rev 1) (GB Compatible)	Gakkyuu Ou Yamazaki	1999	Role Playing Game		
Galaga - Destination Earth (USA)	Galaga : Destination Earth	2000	Shoot'em Up / Vertical/Shoot'em Up	Pipedream Interactive	1
Gambler Densetsu Tetsuya - Shinjuku Tenun Hen (Japan)	Gambler Densetsu Tetsuya : Shinjuku Tenun Hen	2001	Mahjong/Puzzle/Asiatic board game		2
Game & Watch Gallery 2 (USA, Europe) (SGB Enhanced) (GB Compatible)	Game & Watch Gallery 2	1998	Compilation	Nintendo	1
Game & Watch Gallery 3 (USA, Europe) (SGB Enhanced) (GB Compatible)	Game & Watch Gallery 3	1999	Compilation	Nintendo	1
Game Boy Wars 2 (Japan) (SGB Enhanced) (GB Compatible)	Game Boy Wars 2	1998	Strategy	Hudson Soft	
Game Boy Wars 3 (Japan)	Game Boy Wars 3	2001	Strategy	Hudson Soft	
Game Conveni 21 (Japan) (GB Compatible)	Game Conveni 21	2000	Strategy	Starfish	1
Ganbare Goemon - Mononoke Douchuu Tobidase Nabebugyou! (Japan) (SGB Enhanced) (GB Compatible)	Ganbare Goemon - Mononoke Douchuu Tobisuise Nabebu	1999	Role Playing Game	KCEK	1
Ganbare Goemon - Seikuushi Dynamites Arawaru!! (Japan)	Ganbare Goemon: Hoshizorashi Dynamites Arawaru!!	2000	Role Playing Game	Konami	1-2
Ganbare Goemon - Tengutou no Gyakushuu (Japan) (GB Compatible)	Ganbare Goemon : Tengutou no Gyakushuu	1999	Role Playing Game	TOSE	1
GB Harobots (Japan)	GB Harobots	2000	Role Playing Game	Sunrise Interactive	1
GB Karan Koron Gakuen - Hanafuda Mahjong (Japan)	GB Karan Koron Gakuen : Hanafuda Mahjong	2000	Mahjong/Hanafuda/Asiatic board game		
Geheimnis der Happy Hippo-Insel, Das (Germany)	Geheimnis Der Happy Hippo-insel, Das	2001	Platform	Kritzelkratz 3000	1
Gekido (Europe) (Proto) (2000-09-04)	Gekido			NAPS Team	
Gekisou Dangun Racer - Onsoku Buster Dangun Dan (Japan)	Gekisou Dangun Racer : Onsoku Buster Dangun Dan	2001	Simulation		
Gensou Maden Saiyuuki - Sabaku no Shijin (Japan)	Gensou Maden Saiyuuki : Sabaku no Shijin	2001	Role Playing Game		
Get Chuu Club - Minna no Konchuu Daizukan (Japan) (Rumble Version) (SGB Enhanced) (GB Compatible)	Get Chuu Club : Minna no Konchuu Daizukan	1999	Adventure		
Get!! Loto Club (Japan) (Proto) (GB Compatible)	Get!! Loto Club			Altron	
Gex - Enter the Gecko (USA, Europe) (GB Compatible)	Gex : Enter the Gecko	1998	Adventure	David A. Palmer Productions	1
Gex 3 - Deep Pocket Gecko (USA)	Gex 3 : Deep Pocket Gecko	1999	Platform	David A. Palmer Productions	1
Ghosts'n Goblins (USA, Europe) (GB Compatible)	Ghosts 'n Goblins	2000	Platform	Digital Eclipse	1
Gift (Europe)	Gift	2001	Puzzle	Cryo Interactive	1
Gimmick Land (Japan) (Proto)	Gimmick Land : Tomato Atama no Himitsu	2001	Action RPG/Role Playing Game	AlphaDream	1
Gobs of Games (USA) (En,Fr,De)	Gobs of Games	2000	Compilation	2n Productions	1-2
Godzilla - The Series (USA) (En,Fr,De) (GB Compatible)	Godzilla : The Series	1999	Beat'em Up	Crawfish Interactive	1
Godzilla - The Series - Monster Wars (USA) (En,Fr,De)	Godzilla : The Series, Monster Wars	2000	Beat'em Up	Crawfish Interactive	1
Gold and Glory - The Road to El Dorado (USA)	Gold and Glory : The Road to El Dorado	2000	Platform	Planet Interactive	1
Golden Goal (Europe) (En,Fr,De,Es,It,Nl,Sv) (GB Compatible)	Golden Goal	1999	Sports / Football (Soccer)/Sports	Tarantula	1-2
Golf Daisuki! (Japan) (En) (SGB Enhanced) (GB Compatible)	Golf Daisuki!	1999	Sports / Golf/Sports	Kindle Imagine Develop	
Golf Ou - The King of Golf (Japan) (SGB Enhanced) (GB Compatible)	Supershot Golf Robot	1999	Sports / Golf/Sports	Digital Kids	1
Gonta no Okiraku Daibouken (Japan)	Gonta no Okiraku Daibouken	2000	Adventure		
Goraku Ou Tango! (Japan) (GB Compatible)	Goraku Ou Tango!	2000	Puzzle	Studio Mebius	1
Grand Theft Auto (USA) (GB Compatible)	Grand Theft Auto	1999	Racing, Driving	Tarantula	1
Grand Theft Auto 2 (USA)	Grand Theft Auto 2	2000	Racing, Driving	Tarantula	1
Grandia - Parallel Trippers (Japan)	Grandia: Parallel Trippers	2000	Role Playing Game	Game Arts	1
Granduel - Shinki Dungeon no Hihou (Japan)	Granduel : Shinki Dungeon no Hihou	1999	Role Playing Game/Puzzle	Studio VeX	1
Great Battle Pocket, The (Japan) (SGB Enhanced) (GB Compatible)	The Great Battle Pocket	1999		Alpha-Unit	1
Gremlins - Unleashed (Europe) (En,Fr,De,Es,It,Pt)	Gremlins Unleashed	2001	Platform	Planet Interactive	1
Grinch, The (USA)	The Grinch	2000	Puzzle	Konami	1
Guruguru Garakutas (Japan) (SGB Enhanced) (GB Compatible)	Guruguru Garakutas	1999	Role Playing Game	Multimedia Intelligence Transfer	1
Guruguru Town Hanamaru-kun (Japan)	Guruguru Town Hanamaru-kun	2001			
Gute Zeiten Schlechte Zeiten Quiz (Germany) (GB Compatible)	Gute Zeiten Schlechte Zeiten Quiz		Quiz	Software 2000	1
Gyouten Ningen Batseelor - Doctor Guy no Yabou (Japan)	Gyouten Ningen Batseelor : Doctor Guy no Yabou	2001	Role Playing Game		
Halloween Racer (Europe) (En,Fr,De,Es,It,Pt)	Halloween Racer	1999	Racing, Driving	Visual Impact	1
Hamster Club (Japan) (GB Compatible)	Hamster Club	1999	Strategy	Nekogumi	
Hamster Club - Awasete Chuu (Japan)	Hamster Club : Awasete Chuu	2000	Puzzle / Fall/Puzzle	Nekogumi	
Hamster Club - Oshiema Chuu (Japan)	Hamster Club : Oshiema Chuu	2001		Nekogumi	
Hamster Club 2 (Japan) (GB Compatible)	Hamster Club 2	2000	Strategy	Nekogumi	
Hamster Monogatari GB + Magi Ham no Mahou Shoujo (Japan)	Hamster Monogatari GB + Magi Ham no Mahou Shoujo	2002	Compilation		
Hamster Paradise (Japan) (SGB Enhanced) (GB Compatible)	Hamster Paradise	1999	Simulation / Life/Simulation	Shimada Kikaku	1
Hamster Paradise 2 (Japan)	Hamster Paradise 2	2000	Simulation / Life/Simulation	Digital Kids	1
Hamster Paradise 3 (Japan)	Hamster Paradise 3	2000	Simulation / Life/Simulation	Digital Kids	1
Hamster Paradise 4 (Japan)	Hamster Paradise 4	2001	Simulation / Life/Simulation	Digital Kids	1
Hamtaro - Ham-Hams Unite! (USA)	Hamtaro : Ham-Hams Unite!	2002	Puzzle/Role Playing Game	Nintendo	1
Hana Yori Dango - Another Love Story (Japan)	Hana Yori Dango : Another Love Story	2001			
Hanasaka Tenshi Tenten-kun no Beat Breaker (Japan) (SGB Enhanced) (GB Compatible)	Hanasaka Tenshi Tenten-kun no Beat Breaker	1999	Puzzle/Strategy	Konami	1-2
Hands of Time (USA, Europe) (En,Fr,De,Es,It,Nl)	Hands of Time	2001	Adventure	Mirage Media	1-2
Harley-Davidson Motor Cycles - Race Across America (USA)	Harley-Davidson Motor Cycles : Race Across America	2000	Racing, Driving	Canopy Games	
Harry Potter and the Chamber of Secrets (USA, Europe) (En,Fr,De,Es,It,Nl,Pt,Sv,Da)	Harry Potter and the Chamber of Secrets	2002	Role Playing Game	Griptonite Games	1-2
Harry Potter and the Sorcerer's Stone (USA, Europe) (En,Fr,De,Es,It,Nl,Pt,Sv,No,Da,Fi)	Harry Potter and the Sorcerer's Stone	2001	Role Playing Game	Griptonite Games	1
Harvest Moon 2 GBC (USA) (SGB Enhanced) (GB Compatible)	Harvest Moon 2 GBC	2000	Role Playing Game/Strategy	Natsume	1
Harvest Moon 3 GBC (USA)	Harvest Moon 3 GBC	2001	Simulation	Victor Interactive Software	1
Harvest Moon GBC (USA) (SGB Enhanced) (GB Compatible)	Harvest Moon GBC	1998	Simulation	Victor Interactive Software	1-2
Hello Kitty no Beads Factory (Japan) (SGB Enhanced) (GB Compatible)	Hello Kitty no Beads Factory	1999	Puzzle		
Hello Kitty no Happy House (Japan)	Hello Kitty no Happy House	2002	Various		1-2
Hello Kitty no Magical Museum (Japan) (SGB Enhanced) (GB Compatible)	Hello Kitty no Magical Museum	1999	Puzzle	Atelier Double	1
Hello Kitty no Sweet Adventure - Daniel-kun ni Aitai (Japan) (SGB Enhanced) (GB Compatible)	Hello Kitty no Sweet Adventure - Daniel-kun ni Ait	2000		TOSE	1
Hello Kitty to Dear Daniel no Dream Adventure (Japan)	Hello Kitty to Dear Daniel no Dream Adventure	2001	Action / Adventure/Action	TOSE	1
Hello Kitty's Cube Frenzy (USA) (GB Compatible)	Hello Kitty's Cube Frenzy	1999	Puzzle	Torus Games	1
Hercules - The Legendary Journeys (Europe) (En,Fr,De,Es,It,Nl)	Hercules : The Legendary Journeys	2001	Adventure	Titus	1
Hero Hero-kun (Japan)	Hero Hero Kun	2001		TOSE	
Heroes of Might and Magic (USA) (En,Fr,De)	Heroes of Might and Magic	2000	Role Playing Game	KnowWonder Digital Mediaworks	1
Heroes of Might and Magic II (USA) (En,Fr,De)	Heroes of Might and Magic II	2000	Strategy	KnowWonder Digital Mediaworks	1
Hexcite - The Shapes of Victory (USA, Europe) (SGB Enhanced) (GB Compatible)	Hexcite : The Shapes of Victory	1999	Puzzle	Gu	1-2
Hiryuu no Ken - Retsuden GB (Japan)	Hiryuu no Ken : Retsuden GB	2000			
Hissatsu Pachinko Boy - CR Monster House (Japan)	Hissatsu Pachinko Boy : CR Monster House	2000	Casino		
Hole in One Golf (USA) (Rumble Version) (SGB Enhanced) (GB Compatible)	Hole In One Golf	1999	Sports / Golf/Sports	Natsume	1
Hollywood Pinball (Europe) (En,Fr,De,It) (GB Compatible)	Hollywood Pinball	1999	Pinball	Tarantula	1
Honkaku Hanafuda GB (Japan)	Honkaku Hanafuda GB	2000	Hanafuda/Asiatic board game		
Honkaku Shougi - Shougi Ou (Japan) (SGB Enhanced) (GB Compatible)	Honkaku Shougi : Shougi Ou	1998	Shougi/Asiatic board game	Warashi	
Honkaku Taisen Shougi Ayumu (Japan) (GB Compatible)	Honkaku Taisen Shougi Ayumu	2000	Shougi/Asiatic board game	Culture Brain	1
Honkaku Yonin Uchi Mahjong - Mahjong Ou (Japan) (SGB Enhanced) (GB Compatible)	Honkaku Yonin Uchi Mahjong : Mahjong Ou	1999	Mahjong/Asiatic board game		1
Hot Wheels - Stunt Track Driver (USA, Europe) (SGB Enhanced) (GB Compatible)	Hot Wheels : Stunt Track Driver	2000	Racing, Driving	Lucky Chicken Games	1-2
Hoyle Card Games (USA)	Hoyle Card Games	2000	Various/Strategy	Sandbox	1-2
Hoyle Casino (USA)	Hoyle Casino	2000		Pulsar Interactive	1-2
Hugo - Black Diamond Fever (Europe) (En,Fr,De,Es,It,Nl,Pt,Sv,No,Da,Fi)	Hugo : Black Diamond Fever	2001	Platform	ITE Media	1
Hugo - The Evil Mirror (Europe) (En,Fr,De,Es,It,Nl,Pt,Sv,No,Da,Fi)	Hugo : The Evil Mirror	2001	Platform	ITE Media	1
Hugo 2 1-2 (Germany) (GB Compatible)	Hugo 2 1-2		Platform		
Hunter x Hunter - Hunter no Keifu (Japan)	Hunter X Hunter : Hunter no Keifu	2000	Strategy		
Hunter x Hunter - Kindan no Hihou (Japan)	Hunter X Hunter : Kindan no Hihou	2001		ITL	1-2
Hype - The Time Quest (Europe) (En,Fr,De,Es,It,Nl,Sv,Da)	Hype: The Time Quest	2000	Adventure	Planet Interactive	1-2
Ide Yousuke no Mahjong Kyoushitsu GB (Japan)	Ide Yousuke no Mahjong Kyoushitsu GB	2000	Mahjong/Asiatic board game		1
Indiana Jones and the Infernal Machine (USA, Europe) (En,Fr,De)	Indiana Jones and the Infernal Machine	2001	Puzzle	LucasArts	1
Infinity (World) (Incube8 Games)	Infinity	2026	Role Playing Game	Incube8 Games	1
Inspector Gadget - Operation Madkactus (USA)	Inspector Gadget : Operation Madkactus	2000	Puzzle/Strategy	RFX Interactive	1
International Karate 2000 (Europe)	International Karate 2000	2000	Fighting / Versus/Fighting	Studio 3	1
International Rally (USA) (SGB Enhanced) (GB Compatible)	International Rally	2000	Racing, Driving	Konami	1-2
International Superstar Soccer 2000 (USA)	International Superstar Soccer 2000	2000	Sports / Football (Soccer)/Sports	Major A	1
International Superstar Soccer 99 (USA) (SGB Enhanced) (GB Compatible)	International Superstar Soccer 99	1999	Sports / Football (Soccer)/Sports	Konami	1
International Track & Field (USA) (SGB Enhanced) (GB Compatible)	International Track & Field	2000	Sports / Multisports/Sports	Konami	1-2
Itsudemo Pachinko GB - CR Monster House (Japan)	Itsudemo Pachinko GB : CR Monster House	2000	Casino	Graphic Research	1
J.League Excite Stage GB (Japan)	J.League Excite Stage GB	1999	Sports / Football (Soccer)/Sports	Art	
J.League Excite Stage Tactics (Japan)	J.League Excite Stage Tactics	2001	Sports / Football (Soccer)/Sports		
Jagainu-kun (Japan) (GB Compatible)	Jagainu-kun	2000			
Jaguar Mishin Sashi Senyou Soft - Mario Family (Japan)	Mario Family	2001		Natsume	
Jankyuusei - Cosplay Paradise (Japan)	Jankyuusei : Cosplay Paradise	2001	Mahjong/Asiatic board game		
Janosch - Das grosse Panama-Spiel (Germany)	Janosch - Das Grosse Panama-spiel		Educational	NEON Software	
Jay und die Spielzeugdiebe (Germany)	Jay Und Die Spielzeugdiebe		Platform	Eclipse Entertainment	1
Jeff Gordon XS Racing (USA) (GB Compatible)	Jeff Gordon XS Racing	1999	Racing, Driving	Natsume	
Jeremy McGrath Supercross 2000 (USA, Europe)	Jeremy McGrath Supercross 2000	2000	Racing, Driving / Motorcycle/Racing, Driving	M4	1
Jet de Go! - Let's Go by Airliner (Japan)	Jet de Go!	2000	Simulation / Vehicle/Simulation		
Jim Henson's Bear in the Big Blue House (USA) (En,Fr,De,Es,It,Nl)	Bear in the Big Blue House	2002	Educational	DC Studios	1
Jim Henson's Muppets (USA)	The Muppets	2000	Platform	Tarantula	1
Jimmy White's Cueball (Europe)	Jimmy White's Cueball	2000	Sports / Pool/Sports	Vicarious Vision	
Jinsei Game - Tomodachi Takusan Tsukurou yo! (Japan) (SGB Enhanced) (GB Compatible)	Jinsei Game : Tomodachi Takusan Tsukurou yo!	1999	Board game	Alpha Unit	1
Jisedai Begoma Battle Beyblade (Japan)	Jisedai Begoma Battle Beyblade	1999	Role Playing Game	Rokumendo	1
Jissen ni Yakudatsu Tsumego (Japan) (Rev 1)	Jissen ni Yakudatsu Tsumego	2000	Board game	Pony Canyon	1
John Romero's Daikatana (Europe) (En,Fr,It)	John Romero's Daikatana	2000	Role Playing Game	Will	1
Joryuu Janshi ni Chousen GB - Watashi-tachi ni Chousen Shitene! (Japan) (SGB Enhanced) (GB Compatible)	Joryuu Janshi ni Chousen GB - Watashi-tachi ni Cho	1999	Mahjong/Asiatic board game		
JumpStart Dino Adventure - Field Trip (USA)	JumpStart Dino Adventure : Field Trip	2001	Various/Educational	Dice	1
Jungle Book, The - Mowgli's Wild Adventure (USA) (En,Fr,De,Es,It)	Jungle Book : Mowgli's Wild Adventure, The	2000	Platform	Ubisoft	1
Juukou Senki Bullet Battlers (Japan) (SGB Enhanced) (GB Compatible)	Juukou Senki Bullet Battlers	1999	Role Playing Game	KCEK	1
K.O. - The Pro Boxing (Japan)	K.O. : The Pro Boxing	2000	Sports / Boxing/Sports		
Kaept'n Blaubaer - Die verrueckte Schatzsuche (Germany)	Kaept'n Blaubaer - Die Verrueckte Schatzsuche		Puzzle	Ravensburger Interactive Media	1
Kaitei Densetsu!! Treasure World (Japan) (GB Compatible)	Kaitei Densetsu!! Treasure World	2000	Strategy	Nexus Interact	1
Kakurenbo Battle - Monster Tactics (Japan)	Kakurenbo Battle Monster Tactics	2000	Role Playing Game		1
Kakutou Ryouri Densetsu Bistro Recipe - Gekitou Foodon Battle Hen (Japan) (SGB Enhanced) (GB Compatible)	Kakutou Ryouri Densetsu Bistro Recipe - Gekitou Fo	1999	Role Playing Game	Red 5 Software	1
Kakutou Ryouri Densetsu Bistro Recipe - Kettou Bistgarm Hen (Japan) (SGB Enhanced) (GB Compatible)	Kakutou Ryouri Densetsu Bistro Recipe - Kettou Bis	1999	Role Playing Game	Red 5 Software	1
Kanji Boy (Japan) (SGB Enhanced) (GB Compatible)	Kanji Boy	1999	Educational	J-Wing	1
Kanji Boy 2 (Japan) (SGB Enhanced) (GB Compatible)	Kanji Boy 2	2000	Puzzle		
Kanji Boy 3 (Japan)	Kanji Boy 3	2003	Educational	J-Wing	1
Kanji de Puzzle (Japan) (GB Compatible)	Kanji de Puzzle	2000	Puzzle	MTO	1
Kanzume Monsters Parfait (Japan) (SGB Enhanced) (GB Compatible)	Kanzume Monsters Parfait	1999	Strategy	Aisystem Tokyo	
Karamuchou wa Oosawagi! - Okawari! (Japan) (SGB Enhanced, GB Compatible) (NP)	Karamuchou wa Oosawagi! : Okawari!	2000	Puzzle	Starfish	1
Karamuchou wa Oosawagi! - Polinkies to Okashina Nakama-tachi (Japan) (SGB Enhanced) (GB Compatible)	Karamuchou wa Oosawagi! : Polinkies to Okashina Nakama-tachi	1998	Puzzle	Starfish	1
Kaseki Sousei Reborn II - Monster Digger (Japan) (SGB Enhanced) (GB Compatible)	Kaseki Sousei Reborn II - Monster Digger	1999	Role Playing Game	Starfish	1
Katakis 3D (Europe) (Proto)	Katakis 3D			Manfred Trenz, Andreas Escher	
Katou Hifumi Kudan - Shougi Kyoushitsu (Japan) (SGB Enhanced) (GB Compatible)	Katou Hifumi Kudan : Shougi Kyoushitsu	1999	Shougi/Asiatic board game		
Kawaii Pet Shop Monogatari (Japan) (SGB Enhanced) (GB Compatible)	Kawaii Pet Shop Monogatari	1999	Role Playing Game		
Kawaii Pet Shop Monogatari 2 (Japan) (GB Compatible)	Kawaii Pet Shop Monogatari 2	2000	Role Playing Game	Taito	
Keep the Balance (Europe) (En,Fr,De,Es,It)	Keep the Balance	2001	Puzzle	Karma	1
Keibajou e Ikou! Wide (Japan) (GB Compatible)	Keibajou e Ikou! Wide	2000	Horse racing/Sports with animals		
Keitai Denjuu Telefang - Power Version (Japan) (GB Compatible)	Keitai Denjuu Telefang : Power Version	2000	Role Playing Game	Smilesoft	1-2
Keitai Denjuu Telefang - Speed Version (Japan) (GB Compatible)	Keitai Denjuu Telefang : Speed Version	2000	Role Playing Game	Natsume	1-2
Kelly Club (USA)	Kelly Club : Clubhouse Fun	2001	Adventure	Vicarious Vision	1
Ken Griffey Jr.'s Slugfest (USA)	Ken Griffey Jr.'s Slugfest	1999	Sports / Baseball/Sports	Software Creations	1
Kettou Transformers Beast Wars - Beast Senshi Saikyou Ketteisen (Japan) (SGB Enhanced) (GB Compatible)	Kettou Transformers Beast Wars : Beast Senshi Saikyou Ketteisen	1999	Fighting / 2D/Fighting	Gaibrain	1-2
Kidou Senkan Nadesico - Ruri Ruri Mahjong (Japan)	Kidou Senkan Nadesico : Ruri Ruri Mahjong	1999	Mahjong/Asiatic board game	Studio Saizensen	
Kikansha Thomas - Sodor-tou no Nakama-tachi (Japan)	Kikansha Thomas : Sodor-tou no Nakama-tachi	2001			
Kindaichi Shounen no Jikenbo - 10 Nenme no Shoutaijou (Japan) (SGB Enhanced) (GB Compatible)	Kindaichi Shounen no Jikenbo - 10nenme no Shoutaij	2000	Adventure	Aspect	
Kinniku Banzuke GB - Chousensha wa Kimida! (Japan) (SGB Enhanced) (GB Compatible)	Kinniku Banzuke GB : Chousensha wa Kimida!	1999	Sports	KCE Sapporo	
Kinniku Banzuke GB 2 - Mezase! Muscle Champion (Japan) (SGB Enhanced) (GB Compatible)	Kinniku Banzuke GB2 : Mezase! Muscle Champion	2000	Sports		
Kinniku Banzuke GB 3 - Shinseiki Survival Retsuden! (Japan)	Kinniku Banzuke GB3 : Shinseiki Survival Retsuden!	2001	Sports		
Kirby - Tilt 'n' Tumble (USA)	Kirby : Tilt 'n' Tumble	2001	Puzzle	Nintendo	1
Kirikou (Europe) (En,Fr,De,Es,It,Pt)	Kirikou	2001	Platform	Wanadoo Edition	1
Kisekae Series 2 - Oshare Nikki (Japan)	Kisekae Series 2 : Oshare Nikki	2001			
Kisekae Series 3 - Kisekae Hamster (Japan)	Kisekae Series 3 : Kisekae Hamster	2001	Adventure	Kouyousha	
Klax (USA, Europe)	Klax	1999	Puzzle/Strategy	Atari	1
Klustar (USA) (GB Compatible)	Klustar	1999	Puzzle	Rebellion	1-2
Knockout Kings (USA, Europe)	Knockout Kings	1999	Sports / Boxing/Sports	Digital Eclipse	1-2
Koguru Guruguru - Guruguru to Nakayoshi (Japan) (SGB Enhanced, GB Compatible) (NP)	Koguru Guruguru : Guruguru to Nakayoshi	2001			
Konami GB Collection Vol.1 (Europe) (GB Compatible)	Konami GB Collection Vol.1	2000	Compilation/Adventure	TOSE	1
Konami GB Collection Vol.2 (Europe) (GB Compatible)	Konami GB Collection Vol.2	2000	Compilation/Adventure/Sports	Konami	1
Konami GB Collection Vol.3 (Europe) (GB Compatible)	Konami GB Collection Vol.3	2000	Compilation/Adventure/Role Playing Game/Sports	Konami	1
Konami GB Collection Vol.4 (Europe) (GB Compatible)	Konami GB Collection Vol.4	2000	Compilation/Racing, Driving	Konami	1
Konchuu Fighters (Japan)	Konchuu Fighters	2002	Role Playing Game	Digital Kids	1
Konchuu Hakase 2 (Japan) (SGB Enhanced) (GB Compatible)	Konchuu Hakase 2	1999	Role Playing Game	J-Wing	
Konchuu Hakase 3 (Japan)	Konchuu Hakase 3	2001	Strategy		
Koto Battle - Tengai no Moribito (Japan)	Koto Battle : Tengai no Moribito	2001	Role Playing Game	Alpha Dream	1
Koushien Pocket (Japan) (SGB Enhanced) (GB Compatible)	Koushien Pocket	1999	Sports / Baseball/Simulation/Sports	Magical Company	
Land Before Time, The (USA)	The Land Before Time	2001	Platform		1
Las Vegas Cool Hand (USA) (GB Compatible)	Las Vegas Cool Hand	1998	Casino / Cards/Casino	Tarantula	1
Laura (USA)	Laura	2000	Casual Game	Planet Interactive	1
Legend of the River King 2 (USA) (SGB Enhanced) (GB Compatible)	Legend of the River King 2	2001	Fishing/Sports/Hunting and Fishing	Victor Interactive Software	1-2
Legend of the River King GBC (USA) (SGB Enhanced) (GB Compatible)	Legend of the River King GB	1999	Fishing/Sports/Hunting and Fishing	Victor Interactive Software	1
Legend of Zelda, The - Link's Awakening DX (USA, Europe) (SGB Enhanced) (GB Compatible)	The Legend of Zelda : Link's Awakening DX	1998	Role Playing Game	Nintendo EAD	1
Legend of Zelda, The - Oracle of Ages (USA, Australia)	The Legend of Zelda : Oracle of Ages	2001	Role Playing Game	Capcom	1
Legend of Zelda, The - Oracle of Seasons (USA, Australia)	The Legend of Zelda : Oracle of Seasons	2001	Role Playing Game	Capcom	1
LEGO Alpha Team (USA)	LEGO Alpha Team	2000	Puzzle	Climax	1
LEGO Island 2 - The Brickster's Revenge (USA) (En,Fr,Es)	LEGO Island 2 : The Brickster's Revenge	2001	Adventure/Racing, Driving	Crawfish Interactive	1
LEGO Racers (USA) (En,Fr,Es)	LEGO Racers	2000	Racing, Driving	Climax	1
LEGO Stunt Rally (USA)	LEGO Stunt Rally	2000	Racing, Driving	Graphic State Limited	1
Lemmings & Oh No! More Lemmings (USA)	Lemmings & Oh no! More Lemmings	2000	Strategy/Puzzle	Presage Software	1
Lil' Monster (USA) (SGB Enhanced) (GB Compatible)	Lil' Monster	1999	Role Playing Game	Kindle Imagine Develop	1-2
Lion King, The - Simba's Mighty Adventure (USA, Europe)	The Lion King : Simba's Mighty Adventure	2000	Platform	Torus Games	1-2
Little Magic (Japan)	Little Magic	1999	Puzzle	Altron	1
Little Mermaid II, The - Pinball Frenzy (USA) (En,Fr,De,Es,It) (Rumble Version)	The Little Mermaid II : Pinball Frenzy	2000	Pinball	Left Field Productions	1
Little Nicky (USA)	Little Nicky	2000	Platform	Digital Eclipse	1
Lode Runner - Domudomu Dan no Yabou (Japan) (GB Compatible)	Lode Runner : Domudomu Dan no Yabou	2000	Puzzle/Platform / Run & Jump/Platform	Xing Entertainment	1
Lodoss-tou Senki - Eiyuu Kishiden GB (Japan) (SGB Enhanced) (GB Compatible)	Lodoss-tou Senki : Eiyuu Kishiden GB	1998	Strategy	Tomy	
Logical (USA)	Logical	1999	Puzzle	Conspiracy Entertainment	1
Looney Tunes (USA) (GB Compatible)	Looney Tunes	1998	Platform	Sunsoft	1
Looney Tunes - Carrot Crazy (USA) (En,Fr,Es) (GB Compatible)	Looney Tunes : Carrot Crazy	1999	Platform	Infogrames	1
Looney Tunes - Twouble! (USA) (En,Fr,Es) (GB Compatible)	Looney Tunes : Twouble!	1998	Platform	Bit Managers	1
Looney Tunes Collector - Alert! (USA) (En,Fr,Es)	Looney Tunes Collector : Alert!	2000	Action / Adventure/Action	Infogrames	1-2
Looney Tunes Racing (USA) (En,Fr,De,Es,It,Nl)	Looney Tunes Racing	2000	Racing, Driving	Xantera	1
Loppi Puzzle Magazine - Hirameku Puzzle Dai-2-gou (Japan) (SGB Enhanced, GB Compatible) (NP)	Loppi Puzzle Magazine : Hirameku Puzzle Dai-2-gou	2001	Puzzle		
Loppi Puzzle Magazine - Hirameku Puzzle Dai-3-gou (Japan) (SGB Enhanced, GB Compatible) (NP)	Loppi Puzzle Magazine : Hirameku Puzzle Dai-3-gou	2002	Puzzle		
Loppi Puzzle Magazine - Hirameku Puzzle Soukangou (Japan) (SGB Enhanced, GB Compatible) (NP)	Loppi Puzzle Magazine : Hirameku Puzzle Soukangou	2001	Puzzle	Game	
Loppi Puzzle Magazine - Kangaeru Puzzle Dai-2-gou (Japan) (SGB Enhanced, GB Compatible) (NP)	Loppi Puzzle Magazine : Kangaeru Puzzle Dai-2-gou	2001	Puzzle		
Loppi Puzzle Magazine - Kangaeru Puzzle Dai-3-gou (Japan) (SGB Enhanced, GB Compatible) (NP)	Loppi Puzzle Magazine : Kangaeru Puzzle Dai-3-gou	2001	Puzzle		
Loppi Puzzle Magazine - Kangaeru Puzzle Soukangou (Japan) (SGB Enhanced, GB Compatible) (NP)	Loppi Puzzle Magazine : Kangaeru Puzzle Soukangou	2001	Puzzle	GAME	
Love Hina Party (Japan)	Love Hina Party	2001	Adventure	Marvelous Interactive	1
Love Hina Pocket (Japan)	Love Hina Pocket	2000	Adventure	Marvelous Interactive	1
Luca no Puzzle de Daibouken! (Japan) (SGB Enhanced) (GB Compatible)	Luca no Puzzle de Daibouken!	1999	Puzzle		
Lucky Luke (USA) (En,Fr,De,Es)	Lucky Luke	1999	Platform	Infogrames	1
Lucky Luke - Desperado Train (Europe) (En,Fr,De,Es,It,Nl)	Lucky Luke: Desperado Train	2000	Puzzle/Adventure	Infogrames	1
Lufia - The Legend Returns (USA)	Lufia : The Legend Returns	2001	Role Playing Game	Neverland	1
M&M's Minis Madness (USA)	M&M's Minis Madness	2000	Platform	Pipe Dream Interactive	1
Macross 7 - Ginga no Heart o Furuwasero!! (Japan)	Macross 7 : Ginga no Heart o Furuwasero!!	2000	Shoot'em Up	Aisystem Tokyo	1
Madden NFL 2000 (USA, Europe) (SGB Enhanced) (GB Compatible)	Madden NFL 2000	1999	Sports / Football (American)/Sports	Tiertex	1
Madden NFL 2001 (USA)	Madden NFL 2001	2000	Sports / Football (American)/Sports	3d6 Games	1-2
Madden NFL 2002 (USA)	Madden NFL 2002	2001	Sports / Football (American)/Sports	3d6 Games	1-2
Magi Nation (USA)	Magi Nation	2001	Adventure/Role Playing Game/Strategy	Interactive Imagination	1
Magical Chase GB - Minarai Mahoutsukai Kenja no Tani e (Japan)	Magical Chase GB - Minarai Mahoutsukai Kenja no Ta	2000	Shoot'em Up / Horizontal/Shoot'em Up	Quest	1
Magical Drop (USA)	Magical Drop	2000	Puzzle / Throw/Puzzle	Virgin	1
Magical Tetris Challenge (USA)	Magical Tetris Challenge	2000	Puzzle / Fall/Puzzle	Capcom	1-2
Mahjong Joou (Japan) (SGB Enhanced) (GB Compatible)	Mahjong Joou	2000	Mahjong/Asiatic board game		
Mahjong Quest (Japan) (SGB Enhanced) (GB Compatible)	Mahjong Quest	1998	Mahjong/Asiatic board game	J-Wing	
Majokko Mari-chan no Kisekae Monogatari (Japan) (SGB Enhanced) (GB Compatible)	Kisekae Monogatari	1999	Role Playing Game		
Marble Madness (USA, Europe)	Marble Madness	1999	Action / Labyrinth/Action	Digital Eclipse	1
Marie no Atelier GB (Japan) (SGB Enhanced) (GB Compatible)	Marie no Atelier GB	2000	Role Playing Game	TOSE	1
Mario Golf (USA)	Mario Golf	1999	Sports / Golf/Sports	Camelot Software Planning	1-2
Mario Tennis (USA)	Mario Tennis	2000	Sports/Sports / Tennis	Camelot Software Planning	1-2
Marvin Strikes Back! (USA) (En,Fr,Es)	Marvin Strikes Back!	2000	Action / Adventure/Action	Infogrames	1
Mary-Kate & Ashley - Get a Clue! (USA, Europe) (GB Compatible)	Mary-Kate & Ashley : Get a Clue!	2000	Puzzle/Adventure	Crawfish Interactive	1
Mary-Kate and Ashley - Crush Course (USA, Europe)	Mary-Kate and Ashley : Crush Course	2001	Platform	Crawfish Interactive	
Mary-Kate and Ashley - Pocket Planner (USA, Europe) (GB Compatible)	Mary-Kate and Ashley : Pocket Planner	2000	Various	Powerhead Games	1
Mary-Kate and Ashley - Winners Circle (USA, Europe)	Mary-Kate and Ashley : Winners Circle	2001	Sports with animals/Sports	M4	1
Mask of Zorro, The (USA)	The Mask of Zorro	2000	Platform	Ubisoft	1
Mat Hoffman's Pro BMX (USA, Europe)	Mat Hoffman's Pro BMX	2001	Sports / Cycling/Sports	HotGen	1
Matchbox Emergency Patrol (USA, Europe)	Matchbox Emergency Patrol	2001	Racing, Driving	Lucky Chicken Games	1
Maus, Die (Europe) (En,Fr,De,Es)	Die Maus	1999	Puzzle	Bit Managers	1
Maus, Die - Verrueckte Olympiade (Germany)	Maus, Die - Verrueckte Olympiade	2001		NEON Software	1-4
Maya the Bee & Her Friends (Europe) (En,Fr,De) (GB Compatible)	Maya the Bee & Her Friends	2000	Puzzle/Strategy	Crawfish Interactive	1
Maya the Bee - Garden Adventures (Europe) (En,Fr,De,Es)	Maya the Bee: Garden Adventures	2000	Puzzle	NEON Software	1
McDonald's Monogatari - Honobono Tenchou Ikusei Game (Japan)	McDonald's Monogatari - Honobono Tenchou Ikusei Ga	2001	Adventure		
Medarot 2 - Kabuto Version (Japan) (SGB Enhanced) (GB Compatible)	Medarot 2 : Kabuto Version	1999	Role Playing Game	Natsume	
Medarot 2 - Kuwagata Version (Japan) (SGB Enhanced) (GB Compatible)	Medarot 2 : Kuwagata Version	1999	Role Playing Game	Natsume	
Medarot 2 - Parts Collection (Japan) (SGB Enhanced) (GB Compatible)	Medarot 2 : Parts Collection	1999	Role Playing Game	Natsume	
Medarot 3 - Kabuto Version (Japan)	Medarot 3 : Kabuto Version	2000	Role Playing Game	Natsume	
Medarot 3 - Kuwagata Version (Japan)	Medarot 3 : Kuwagata Version	2000	Role Playing Game	Natsume	
Medarot 3 - Parts Collection - Z kara no Chousenjou (Japan)	Medarot 3 - Parts Collection - Z kara no Chousenjo	2000	Role Playing Game	Natsume	
Medarot 4 - Kabuto Version (Japan)	Medarot 4 : Kabuto Version	2001	Role Playing Game	Natsume	1
Medarot 4 - Kuwagata Version (Japan)	Medarot 4 : Kuwagata Version	2001	Role Playing Game	Natsume	1
Medarot 5 - Susutake Mura no Tenkousei - Kabuto (Japan)	Medarot 5 : Susutake Mura no Tenkousei, Kabuto	2001	Role Playing Game	Natsume	1
Medarot 5 - Susutake Mura no Tenkousei - Kuwagata (Japan)	Medarot 5 : Susutake Mura no Tenkousei, Kuwagata	2001	Role Playing Game	Natsume	1
Medarot Cardrobottle - Kabuto Version (Japan) (SGB Enhanced) (GB Compatible)	Medarot Cardrobottle : Kabuto Version	2000	Strategy	TOSE	
Medarot Cardrobottle - Kuwagata Version (Japan) (SGB Enhanced) (GB Compatible)	Medarot Cardrobottle : Kuwagata Version	2000	Strategy	TOSE	
Mega Man Xtreme (USA, Europe) (GB Compatible)	Mega Man Xtreme	2001	Platform / Shooter Scrolling/Platform	Capcom	1
Mega Man Xtreme 2 (USA, Europe)	Mega Man Xtreme 2	2001	Platform / Shooter Scrolling/Platform	Capcom	1
Megami Tensei Gaiden - Last Bible II (Japan) (SGB Enhanced) (GB Compatible)	Megami Tensei Gaiden : Last Bible II	1999	Role Playing Game	Access Games	1
Meitantei Conan - Karakuri Jiin Satsujin Jiken (Japan) (SGB Enhanced) (GB Compatible)	Meitantei Conan : Karakuri Jiin Satsujin Jiken	2000	Adventure	Alpha Unit	1
Meitantei Conan - Kigantou Hihou Densetsu (Japan) (SGB Enhanced) (GB Compatible)	Meitantei Conan : Kigantou Hihou Densetsu	2000	Adventure	Alpha-Unit	1
Meitantei Conan - Norowareta Kouro (Japan) (SGB Enhanced) (GB Compatible)	Meitantei Conan : Norowareta Kouro	2001	Adventure	Alpha-Unit	
Men in Black - The Series (USA, Europe) (SGB Enhanced) (GB Compatible)	Men In Black : The Series	1998	Platform	Tiertex	1
Men in Black 2 - The Series (USA) (En,Fr,De)	Men In Black II : The Series	2000	Platform	David A. Palmer Productions	1
Merlin (Europe) (En,Fr,De,Es,It,Nl)	Merlin	2001	Platform	RFX Interactive	1
Metal Gear Solid (USA)	Metal Gear Solid	2000		Konami	1-2
Metal Walker (USA) (GB Compatible)	Metal Walker	2001	Role Playing Game	Capcom	1-2
Metamode (Japan)	Metamode	2000	Action RPG/Role Playing Game		
Mia Hamm Soccer Shootout (USA)	Mia Hamm Soccer Shootout	2000	Sports / Football (Soccer)/Sports	Aqua Pacific	
Mickey's Racing Adventure (USA, Europe) (En,Fr,De,Es,It)	Mickey's Racing Adventure	1999	Racing, Driving	Rareware	1
Mickey's Speedway USA (USA, Europe) (En,Fr,De,Es)	Mickey's Speedway USA	2001	Racing, Driving	Rareware	1-2
Micro Machines 1 and 2 - Twin Turbo (USA, Europe)	Micro Machines 1 and 2 : Twin Turbo	2000	Racing, Driving	Codemasters	1-2
Micro Machines 2 - Turbo Tournament (Europe) (Proto)	Micro Machines 2 - Turbo Tournament		Racing, Driving	Virtucraft Studios	
Micro Machines V3 (USA, Europe)	Micro Machines V3	2000	Racing, Driving	Novalicious	1-4
Micro Maniacs (Europe)	Micro Maniacs	2001	Racing, Driving	Hyperion	1-4
Microsoft - The 6 in 1 Puzzle Collection Entertainment Pack (USA)	Microsoft : The 6 in 1 Puzzle Collection Entertainment Pack	2000	Puzzle	Conspiracy Entertainment	1
Microsoft - The Best of Entertainment Pack (USA)	Microsoft : The Best of Entertainment Pack	2001	Compilation	Saffire	1
Microsoft Pinball Arcade (USA)	Microsoft Pinball Arcade	2001	Pinball	Saffire	1
Midway Presents Arcade Hits - Joust & Defender (USA, Europe) (GB Compatible)	Midway Presents Arcade Hits : Joust / Defender	1999	Compilation	Digital Eclipse	1-2
Midway Presents Arcade Hits - Moon Patrol & Spy Hunter (USA, Europe) (GB Compatible)	Midway presents Arcade Hits: Moon Patrol / Spy Hunter	1999	Compilation	Digital Eclipse	1
Millennium Winter Sports (USA)	Millenium Winter Sports	2000	Sports / Multisports/Sports	Konami	1
Minna no Shougi - Shokyuu Hen (Japan) (GB Compatible)	Minna no Shougi : Shokyuu Hen	1999	Shougi/Asiatic board game		
Minnie & Friends - Yume no Kuni o Sagashite (Japan)	Minnie & Friends - Yume no Kuni o Sagashite	2001	Adventure	Hudson Soft	
Missile Command (USA) (Rumble Version)	Missile Command	1999	Shooter / Missile Command Like/Shoot'em Up/Shooter	Atari	1-2
Mission - Impossible (USA) (En,Fr,Es)	Mission : Impossible	2000	Platform	Rebellion	1
Mizuki Shigeru no Shin Youkaiden (Japan)	Mizuki Shigeru no Shin Youkaiden	2001	Strategy		
Mobile Golf (Japan)	Mobile Golf	2001	Sports / Golf/Sports	Camelot Software Planning	1-2
Mobile Trainer (Japan)	Mobile Trainer	2001		MissingLink	
Momotarou Densetsu 1-2 (Japan)	Momotarou Densetsu 1/2	2001	Compilation/Role Playing Game	TamTam	1
Monkey Puncher (Europe) (SGB Enhanced) (GB Compatible)	Monkey Puncher	2000	Fighting/Strategy	Taito	1-2
Monopoly (USA) (GB Compatible)	Monopoly	1999	Board game	Sculptured Software	4+
Monster Race 2 (Japan) (SGB Enhanced) (GB Compatible)	Monster Race 2	1999	Role Playing Game	Koei	1
Monster Rancher Battle Card GB (USA) (SGB Enhanced) (GB Compatible)	Monster Rancher Battle Card GB	2000	Role Playing Game	Tecmo	1-2
Monster Rancher Explorer (USA)	Monster Rancher Explorer	2000	Puzzle	Graphic Research	1
Monster Traveler (Japan) (Rev 1)	Monster Traveler	2002	Strategy	Taito	
Monsters, Inc. (USA, Europe)	Monsters, Inc.	2001	Platform	Vicarious Vision	1
Montezuma's Return! (USA) (En,Es) (GB Compatible)	Montezuma's Return!	1998	Platform	Tarantula	1
Moomin's Tale (Europe) (En,Fr,De)	Moomin's Tale	2000	Platform	Pixel	1
Moorhuhn 2 - Die Jagd geht weiter (Germany)	Moorhuhn 2 - Die Jagd Geht Weiter		Shooter	Similis Software	
Moorhuhn 3 - ...Es Gibt Huhn! (Europe) (En,Fr,De,Es,It)	Moorhen 3 : The Chicken Chase!	2001	Shooter	Similis Software	1
Mortal Kombat 4 (USA, Europe) (SGB Enhanced) (GB Compatible)	Mortal Kombat 4	1998	Fighting	Digital Eclipse	1-2
Motocross Maniacs 2 (USA)	Motocross Maniacs 2	1999	Sports/Racing, Driving	Konami	1-2
Mr. Driller (USA)	Mr. Driller	2000	Puzzle/Strategy	Namco	1
Mr. Nutz (USA) (En,Fr,Es)	Mr. Nutz	1999	Platform	Planet Interactive	1
Ms. Pac-Man - Special Color Edition (USA) (SGB Enhanced) (GB Compatible)	Ms. Pac-Man: Special Color Edition	1999	Action / Labyrinth/Action	Namco	1
MTV Sports - Pure Ride (USA, Europe)	MTV Sports : Pure Ride	2000	Sports / Skiing/Sports/Racing, Driving	Visual Impact	1
MTV Sports - Skateboarding Featuring Andy MacDonald (USA, Europe)	MTV Sports : Skateboarding featuring Andy MacDonal	2000	Sports / Skateboard/Sports	Darkblack	1
MTV Sports - T.J. Lavin's Ultimate BMX (USA, Europe)	MTV Sports : T.J. Lavin's Ultimate BMX	2000	Sports / Cycling/Sports	Handheld Games	1
Mummy Returns, The (USA)	The Mummy Returns	2001	Platform	Game Brains	1
Mummy, The (USA)	The Mummy	2000	Platform	Konami	1
Muteki Ou Tri-Zenon (Japan)	Muteki Ou Tri-Zenon	2001	Adventure		
Mythri (USA) (Proto 2) (2001-03-31)	Mythri	2016	Japanese RPG/Role Playing Game	Team XKalibur	
Nakayoshi Cooking Series 1 - Oishii Cake-ya-san (Japan)	Nakayoshi Cooking Series 1 : Oishii Cake-ya-san	2000			
Nakayoshi Cooking Series 2 - Oishii Panya-san (Japan)	Nakayoshi Cooking Series 2 : Oishii Panya-san	2001	Strategy		
Nakayoshi Cooking Series 3 - Tanoshii Obentou (Japan)	Nakayoshi Cooking Series 3 : Tanoshii Obentou	2001			
Nakayoshi Cooking Series 4 - Tanoshii Dessert (Japan)	Nakayoshi Cooking Series 4 : Tanoshii Dessert	2001			
Nakayoshi Cooking Series 5 - Cake o Tsukurou (Japan)	Nakayoshi Cooking Series 5 : Cake o Tsukurou	2002	Strategy		
Nakayoshi Pet Series 1 - Kawaii Hamster (Japan) (GB Compatible)	Nakayoshi Pet Series 1 : Kawaii Hamster	2000	Simulation / Life/Simulation	MTO Co	1
Nakayoshi Pet Series 2 - Kawaii Usagi (Japan) (GB Compatible)	Nakayoshi Pet Series 2 : Kawaii Usagi	2000		MTO Co	
Nakayoshi Pet Series 3 - Kawaii Koinu (Japan)	Nakayoshi Pet Series 3 : Kawaii Koinu	2000	Strategy		
Nakayoshi Pet Series 4 - Kawaii Koneko (Japan)	Nakayoshi Pet Series 4 : Kawaii Koneko	2001	Strategy		
Nakayoshi Pet Series 5 - Kawaii Hamster 2 (Japan)	Nakayoshi Pet Series 5 : Kawaii Hamster 2	2001	Strategy		
NASCAR 2000 (USA, Europe)	NASCAR 2000	2000	Racing, Driving	Software Creations	1-2
NASCAR Challenge (USA) (Rumble Version)	NASCAR Challenge	1999	Racing, Driving	Morning Star Multimedia	
NASCAR Heat (USA)	NASCAR Heat	2000	Racing, Driving	Game Titan	
NASCAR Racers (USA)	NASCAR Racers	2000	Racing, Driving	Digital Eclipse	1
Nations, The - Land of Legends (Europe) (En,De)	The Nations : Land of Legends	2002	Adventure	NEON	1
NBA 3 on 3 Featuring Kobe Bryant (USA) (SGB Enhanced) (GB Compatible)	NBA 3 on 3 featuring Kobe Bryant	1999	Sports / Basketball/Sports	Left Field Productions	1-2
NBA Hoopz (USA)	NBA Hoopz	2001	Sports / Basketball/Sports	Torus Games	1
NBA in the Zone 2000 (USA)	Nba In The Zone 2000	2000	Sports / Basketball/Sports	Konami	1
NBA Jam 2001 (USA, Europe)	Nba Jam 2001	2000	Sports / Basketball/Sports	Digital Creations	1-2
NBA Jam 99 (USA, Europe) (GB Compatible)	Nba Jam 99	1999	Sports / Basketball/Sports	Torus Games	1
NBA Pro 99 (Europe) (SGB Enhanced) (GB Compatible)	NBA Pro '99	1999	Sports / Basketball/Sports	Konami	
NBA Show Time - NBA on NBC (USA)	NBA Show Time : NBA on NBC	2000	Sports / Basketball/Sports	Torus Games	1
Net de Get - Minigame @ 100 (Japan)	Net de Get : Minigame @ 100	2001		Mobile21	
Network Boukenki Bugsite - Alpha Version (Japan)	Network Boukenki Bugsite : Alpha Version	2001	Role Playing Game	KAZe	
Network Boukenki Bugsite - Beta Version (Japan)	Network Boukenki Bugsite : Beta Version	2001	Role Playing Game	KAZe	
New Addams Family Series, The (Europe) (En,Fr,De,Es,It,Pt)	The New Addams Family Series	2002	Puzzle/Adventure	7th Sense	1
New Adventures of Mary-Kate & Ashley, The (USA, Europe) (GB Compatible)	The New Adventures of Mary-Kate & Ashley	1999	Platform	Crawfish Interactive	
NFL Blitz (USA, Europe) (GB Compatible)	Nfl Blitz	1998	Sports / Football (American)/Sports	Digital Eclipse	1
NFL Blitz 2000 (USA)	NFL Blitz 2000	1998	Sports / Football (American)/Sports	Digital Eclipse	
NFL Blitz 2001 (USA)	NFL Blitz 2001	2000	Sports / Football (American)/Sports	Morning Star Multimedia	
NHL 2000 (USA, Europe) (SGB Enhanced) (GB Compatible)	NHL 2000	2000	Sports / Hockey/Sports	Tiertex	1
NHL Blades of Steel (USA)	NHL Blades of Steel	1999	Sports / Hockey/Sports	Konami	1-2
NHL Blades of Steel 2000 (USA)	NHL Blades of Steel 2000	2000	Sports / Hockey/Sports	Konami	1
Nicktoons Racing (USA)	Nicktoons Racing	2000	Racing, Driving	Pipedream Interactive	1-4
Ninja JaJaMaru - The Great World Adventure DX (USA, Europe) (Ninja JaJaMaru Retro Collection) (Switch)	Ninja JaJaMaru - The Great World Adventure DX		Platform	Jaleco	1
Nintama Rantarou - Ninjutsu Gakuen ni Nyuugaku Shiyou no Dan (Japan)	Nintama Rantarou - Ninjutsu Gakuen ni Nyuugaku Shi	2001		Polygon Magic	
Nisemon Puzzle da Mon! - Feromon Kyuushutsu Daisakusen! (Japan)	Nisemon Puzzle da Mon! - Feromon Kyuushutsu Daisak	2001		Prime System	
No Fear - Downhill Mountain Biking (Europe)	No Fear : Downhill Mountain Biking	2001	Sports / Cycling/Sports	Codemasters	
Nobunaga no Yabou - Game Boy Ban 2 (Japan) (SGB Enhanced) (GB Compatible)	Nobunaga no Yabou : Game Boy Ban 2	1999	Strategy	Koei	
Noddy and the Birthday Party (Europe) (En,Fr,De,Es)	Noddy and the Birthday Party	2000	Platform	Tiertex	
NSYNC - Get to the Show (USA)	NSYNC : Get to the Show	2001	Casual Game	Stunt Puppy Entertainment	
Nushi Tsuri Adventure - Kite no Bouken (Japan) (Rumble Version)	Nushi Tsuri Adventure : Kite no Bouken	2000	Role Playing Game	TOSE	1
NYR - New York Race (Europe) (En,Fr,De,Es,It,Pt)	N.Y. Race	2001	Racing, Driving	Kalisto Entertainment	1
O'Leary Manager 2000 (Europe) (En,Fr,De,Es,It,Nl,Ca)	O'Leary Manager 2000	2000	Simulation/Sports / Football (Soccer)/Sports	LiveMedia UK	1
Oddworld Adventures 2 (USA) (En,Fr,De,Es,It) (GB Compatible)	Oddworld Adventures II	2000	Platform	Saffire	1
Ohasuta Dance Dance Revolution GB (Japan)	Ohasuta Dance Dance Revolution GB	2001	Dancing/Music and Dancing	Now Production	
Ohasuta Yama-chan & Raymond (Japan) (SGB Enhanced) (GB Compatible)	Ohasuta Yama-chan & Raymond	1999	Puzzle		1
Oide Rascal (Japan)	Oide Rascal	2001	Simulation	Agatsuma Entertainment	
Ojarumaru - Mangan Jinja no Ennichi de Ojaru! (Japan) (GB Compatible)	Ojarumaru : Mangan Jinja no Ennichi de Ojaru!	2000		MTO Co	
Ojarumaru - Tsukiyo ga Ike no Takaramono (Japan) (GB Compatible)	Ojarumaru : Tsukiyo ga Ike no Takaramono	2000	Board game		
Original Moorhuhn Jagd, Die (Germany)	Original Moorhuhnjagd, Die	2000	Shooter	Similis Software	1
Othello Millennium (Japan) (GB Compatible)	Othello Millennium	1999	Othello/Asiatic board game	Tomcat System	
Ottifanten - Kommando Stoertebeker (Germany)	Ottifanten - Kommando Stoertebeker		Platform	Kritzelkratz	
Ou Dorobou Jing - Angel Version (Japan) (SGB Enhanced) (GB Compatible)	Ou Dorobou Jing : Angel Version	1999	Role Playing Game	C.P. Brain	1
Ou Dorobou Jing - Devil Version (Japan) (SGB Enhanced) (GB Compatible)	Ou Dorobou Jing : Devil Version	1999	Role Playing Game	C.P. Brain	1
Owarai Yoiko no Geemumichi - Oyaji Sagashite 3 Choume (Japan) (SGB Enhanced) (GB Compatible)	Owarai Yoiko no Geemumichi - Oyaji Sagashite 3 Cho	1999		KCEK	
Pac-Man - Special Color Edition (USA) (SGB Enhanced) (GB Compatible)	Pac-Man - Special Color Edition	1999	Action / Labyrinth/Action	Namco	1-2
Pachinko CR Mouretsu Genshijin T (Japan) (GB Compatible)	Pachinko CR Mouretsu Genshijin T	1999	Casino		
Pachinko Hisshou Guide - Data no Ousama (Japan) (GB Compatible)	Pachinko Hisshou Guide : Data no Ousama	1999	Casino		
Pachipachi Pachisurou - New Pulsar Hen (Japan) (SGB Enhanced) (GB Compatible)	Pachipachi Pachisurou : New Pulsar Hen	1999	Casino	Starfish	1
Paperboy (USA, Europe)	Paperboy	1999	Sports / Cycling/Sports	Digital Eclipse	1
Papyrus (Europe) (En,Fr,De,Es,It,Nl)	Papyrus	2000	Platform	Dupuis	1
PaZeek (USA) (Proto)	PaZeek			SkyRank Games	
Perfect Choro Q (Japan)	Perfect Choro Q	2000	Racing, Driving / Racing/Racing, Driving	Electronics Application	
Perfect Dark (USA, Europe) (En,Fr,De,Es,It) (Rumble Version)	Perfect Dark	2000	Adventure	Rareware	1-2
Phantom Zona (Japan) (SGB Enhanced) (GB Compatible)	Kaijin Zona	2000	Strategy	Vistec	1
Pia Carrot e Youkoso!! 2.2 (Japan)	Pia Carrot e Youkoso!! 2.2	2000	Adventure	TOSE	
Pitfall - Beyond the Jungle (USA, Europe) (GB Compatible)	Pitfall : Beyond the Jungle	1998	Platform	David A. Palmer Productions	1
Planet of the Apes (USA) (En,Fr,De,Es,It,Nl)	Planet of the Apes	2001	Adventure	Torus Games	1
Player Manager 2001 (Europe) (En,Fr)	Player Manager 2001	2000	Simulation/Sports	G3 Interactive	1
Pocket Billiards - Funk the 9 Ball (Japan)	Pocket Billiards : Funk the 9 Ball	2000	Sports / Pool/Sports	Suntek	1
Pocket Bomberman (USA, Europe) (SGB Enhanced) (GB Compatible)	Pocket Bomberman	1998	Puzzle	Hudson Soft	1
Pocket Bowling (USA) (GB Compatible)	Pocket Bowling	1999	Sports / Bowling/Sports	Athena	1-2
Pocket Color Billiards (Japan)	Pocket Color Billiards	1999	Sports / Pool/Sports		
Pocket Color Mahjong (Japan) (GB Compatible)	Pocket Color Mahjong	1999	Mahjong/Asiatic board game		
Pocket Color Trump (Japan) (GB Compatible)	Pocket Color Trump	1999	Playing cards		
Pocket Cooking (Japan)	Pocket Cooking	2001	Strategy		
Pocket Densha 2 (Japan) (SGB Enhanced) (GB Compatible)	Pocket Densha 2	1999	Strategy	Coconuts Japan	
Pocket Family GB 2 (Japan)	Pocket Family GB2	1999	Strategy	Hudson Soft	
Pocket GI Stable (Japan) (SGB Enhanced) (GB Compatible)	Pocket GI Stable	1999	Horse racing/Sports with animals	Konami Computer Entertainment	1
Pocket GT (USA) (Proto)	Pocket GT	1999	Racing, Driving	M2TO	1-2
Pocket Hanafuda (Japan)	Pocket Hanafuda	1999	Hanafuda/Asiatic board game	Bottom Up Interactive	
Pocket King (Japan) (SGB Enhanced) (GB Compatible)	Pocket King	2001	Strategy		
Pocket Lure Boy (Japan)	Pocket Lure Boy	1999	Role Playing Game	Kaga Tech	
Pocket Music (Europe) (En,Fr,De,Es,It)	Pocket Music	2002	Music and Dancing	Jester Interactive	
Pocket no Naka no Oukoku (Japan) (Proto)	Pocket no Naka no Oukoku		Adventure		
Pocket Pro Wrestling - Perfect Wrestler (Japan)	Pocket Pro Wrestling : Perfect Wrestler	2000	Sports / Wrestling/Sports	Dream Japan	
Pocket Pro Yakyuu (Japan)	Pocket Pro Yakyuu	2000	Sports / Baseball/Sports	Pixel	
Pocket Puyo Puyo Sun (Japan) (SGB Enhanced) (GB Compatible)	Pocket Puyo Puyo Sun	1998	Puzzle / Fall/Puzzle	Compile	1-2
Pocket Puyo Puyo-n (Japan)	Pocket Puyo Puyo-n	2000	Puzzle / Fall/Puzzle	Compile	
Pocket Racing (Europe)	Pocket GT	1999	Racing, Driving	M2TO	1-2
Pocket Soccer (Europe) (En,Fr,De,Es,It,Pt)	Pocket Soccer	2001	Sports / Football (Soccer)/Sports	Game-Play	
Pokemon - Crystal Version (USA)	Pokémon Crystal Version	2001	Role Playing Game	Game Freak	1
Pokemon - Gold Version (USA, Europe) (SGB Enhanced) (GB Compatible)	Pokémon : Gold Version	2000	Role Playing Game	Game Freak	1-2
Pokemon - Silver Version (USA, Europe) (SGB Enhanced) (GB Compatible)	Pokémon : Silver Version	2000	Role Playing Game	Game Freak	1
Pokemon Card GB 2 - GR Dan Sanjou! (Japan)	Pokémon Card GB2 : GR Dan Sanjou!	2001	Playing cards	Hudson Soft	1-2
Pokemon Picross (Japan) (Proto) (SGB Enhanced) (GB Compatible)	Pokémon Picross	2020	Puzzle	Jupiter	1
Pokemon Pinball (USA, Australia) (Rumble Version) (SGB Enhanced) (GB Compatible)	Pokémon Pinball	1999	Pinball	Jupiter	1
Pokemon Puzzle Challenge (USA, Australia)	Pokémon Puzzle Challenge	2000	Puzzle	Intelligent Systems	1-2
Pokemon Trading Card Game (USA, Australia) (SGB Enhanced) (GB Compatible)	Pokémon Trading Card Game	2000	Playing cards	Hudson Soft	1
Polaris SnoCross (USA) (Rumble Version)	Polaris SnoCross	2000	Racing, Driving	Vicarious Vision	
Pong - The Next Level (USA, Europe)	Pong : The Next Level	1999	Puzzle	Eastridge Technology	1-2
Pooh and Tigger's Hunny Safari (USA)	Pooh and Tigger's Hunny Safari	2001	Platform	Digital Eclipse	1
Pop'n Music GB (Japan)	Pop'n Music GB	2000	Rhythm/Music and Dancing	KCEK	
Pop'n Music GB - Animation Melody (Japan)	Pop'n Music GB : Animation Melody	2000	Rhythm/Music and Dancing	Konami Computer Entertainment	
Pop'n Music GB - Disney Tunes (Japan)	Pop'n Music GB : Disney Tunes	2000	Rhythm/Music and Dancing	KCEK	
Portal Runner (USA)	Portal Runner	2001	Puzzle/Adventure	Handheld Games	1
Power Pro Kun Pocket (Japan) (SGB Enhanced) (GB Compatible)	Power Pro Kun Pocket	1999	Sports / Baseball/Sports	Diamond Head	
Power Pro Kun Pocket 2 (Japan) (SGB Enhanced) (GB Compatible)	Power Pro Kun Pocket 2	2000	Sports / Baseball/Sports	Diamond Head	
Power Quest (USA) (En-US,En-GB,Fr,De,Es,It) (SGB Enhanced) (GB Compatible)	Power Quest	1998	Role Playing Game	Japan System Supply	1
Power Spike - Pro Beach Volleyball (USA)	Power Spike : Pro Beach Volleyball	2000	Sports / Volleyball/Sports	Spark	1
Powerpuff Girls, The - Bad Mojo Jojo (USA)	The Powerpuff Girls : Bad Mojo Jojo	2000	Platform	Sennari Interactive	1
Powerpuff Girls, The - Battle Him (USA)	The Powerpuff Girls : Battle Him	2001	Platform	Sennari Interactive	1
Powerpuff Girls, The - Paint the Townsville Green (USA)	The Powerpuff Girls : Paint the Townsville Green	2000	Beat'em Up	Sennari Interactive	1
Prince Naseem Boxing (Europe) (En,Fr,De)	Prince Naseem Boxing	2001	Sports / Boxing/Sports	Virtucraft	
Prince of Persia (USA, Europe) (En,Fr,De,Es,It) (GB Compatible)	Prince of Persia	1999	Platform	Ed Magnin and Associates	1
Pro Darts (USA)	Pro Darts	2002	Sports / Darts/Sports	Vicarious Vision	
Pro Mahjong Kiwame II GB (Japan) (SGB Enhanced) (GB Compatible)	Pro Mahjong Kiwame GB II	1999	Mahjong/Asiatic board game	Athena	
Pro Mahjong Tsuwamono GB (Japan) (SGB Enhanced) (GB Compatible)	Pro Mahjong Tsuwamono GB	1999	Mahjong/Asiatic board game		
Pro Mahjong Tsuwamono GB 2 (Japan)	Pro Mahjong Tsuwamono GB2	2000	Mahjong/Asiatic board game	Culture Brain	
Pro Pool (USA) (En,Fr,De)	Pro Pool	2000	Sports / Pool/Sports	Blade Interactive	1
Project S-11 (World) (ModRetro Chromatic)	Project S-11	2000	Shoot'em Up / Vertical/Shoot'em Up	Paragon Software	1
Puchi Carat (Europe) (SGB Enhanced) (GB Compatible)	Puchi Carat	1999	Puzzle	Eon Digital Entertainment	
Pumuckls Abenteuer bei den Piraten (Germany)	Pumuckls Abenteuer Bei Den Piraten	1999	Adventure	NEON Software	1
Pumuckls Abenteuer im Geisterschloss (Germany)	Pumuckls Abenteuer Im Geisterschloss	2000	Puzzle	NEON Software	1
Puyo Puyo Gaiden - Puyo Wars (Japan) (SGB Enhanced) (GB Compatible)	Puyo Puyo Gaiden : Puyo Wars	1999	Strategy	Compile	
Puzzle de Shoubuyo! - Wootama-chan (Japan) (GB Compatible)	Puzzle de Shoubuyo! Wootama-chan	2000	Puzzle	Kouyousha	
Puzzle Master (USA) (GB Compatible)	Puzzle Master	1999	Puzzle	Metro 3D	1
Puzzled (USA)	Puzzled	2001	Puzzle/Strategy	Elo Interactive Media	1
Q-bert (USA)	Q*bert	2000	Platform / Run & Jump/Platform	Pipe Dream Interactive	1-2
Qix Adventure (Europe)	QIX Adventure	2000	Puzzle	Taito	1
Quest - Brian's Journey (USA) (GB Compatible)	Quest : Brian's Journey	2000	Role Playing Game	Atelier Double	1
Quest - Fantasy Challenge (USA) (SGB Enhanced) (GB Compatible)	Quest : Fantasy Challenge	1999	Action/Action/Action / Adventure	Imagineer	1
Quest for Camelot (USA, Australia) (En,Fr,Es) (SGB Enhanced) (GB Compatible)	Quest for Camelot	1998	Adventure	Titus	1
Qui Qui (Japan) (GB Compatible)	Qui Qui	1999	Strategy	Magical Company	
R-Type DX (USA, Europe) (GB Compatible)	R-Type DX	1999	Shoot'em Up / Horizontal/Shoot'em Up	Bits Studios	1
Racin' Ratz (USA)	Tyco RC : Racin' Ratz	2000	Racing, Driving	KnowWonder Digital Mediaworks	
Radikal Bikers (Europe) (En,Fr,De,Es) (Proto)	Radikal Bikers		Racing, Driving	Bit Managers	
Rainbow Islands (Europe) (En,Fr,De,Es,It)	Rainbow Islands	2001	Platform	Dreams	1
Raku x Raku - Cut Shuu (Japan)	Raku x Raku : Cut Shuu			Natsume	
Raku x Raku - Mishin (Japan) (GB Compatible)	Raku x Raku : Mishin			Natsume	
Raku x Raku - Moji (Japan)	Raku x Raku : Moji			Natsume	
Rampage - World Tour (USA, Europe) (GB Compatible)	Rampage : World Tour	1998	Fighting / 2D/Fighting	Game Refuge	1
Rampage 2 - Universal Tour (USA, Europe)	Rampage 2 : Universal Tour	1999	Fighting / 2D/Fighting	Digital Eclipse	1-2
Rampart (USA)	Rampart	1999	Shooter/Strategy	Atari	1-2
Rats! (USA) (En,Es) (GB Compatible)	Rats!	1998	Platform	Tarantula	1
Rayman (World) (En,Fr,De,Es,It,Nl) (ModRetro Chromatic)	Rayman	2000	Platform	Ubi Soft Entertainment	1
Rayman 2 (USA) (En,Fr,De,Es,It)	Rayman 2 : The Great Escape	2002	Platform	Ubi Soft Entertainment	1
Razor Freestyle Scooter (USA)	Razor Freestyle Scooter	2001	Sports	Crawfish Interactive	1-2
Ready 2 Rumble Boxing (USA) (Rumble Version)	Ready 2 Rumble Boxing	1999	Sports / Boxing/Sports	Crawfish Interactive	1
Real Pro Yakyuu! - Central League Hen (Japan) (SGB Enhanced) (GB Compatible)	Real Pro Yakyuu! : Central League Hen	1999	Sports / Baseball/Sports	Natsume	
Real Pro Yakyuu! - Pacific League Hen (Japan) (SGB Enhanced) (GB Compatible)	Real Pro Yakyuu! : Pacific League Hen	1999	Sports / Baseball/Sports	Natsume	
Rescue Heroes - Fire Frenzy (USA)	Rescue Heroes : Fire Frenzy	2001	Action / Labyrinth/Action	Vicarious Vision	1
Resident Evil (Unknown) (Demo) (Climax Entertainment)	Resident Evil		Adventure / Survival Horror/Adventure		1
Resident Evil (World) (Proto 2)	Resident Evil		Adventure / Survival Horror/Adventure		1
Resident Evil Gaiden (USA)	Resident Evil: Gaiden	2002		M4	1
Return of the Ninja (World) (Limited Run Games)	Return of the Ninja	2001	Fighting	Natsume	1
Revelations - The Demon Slayer (USA) (SGB Enhanced) (GB Compatible)	Revelations : The Demon Slayer	1999	Role Playing Game	Atlus	1
Rhino Rumble (USA, Europe)	Rhino Rumble	2002	Racing, Driving/Adventure	Lost Boys Games	1
Rip-Tide Racer (Europe) (En,Fr,De,Es,It) (GB Compatible)	Rip-Tide Racer	2000	Racing, Driving	Cryo Interactive	
Road Champs - BXS Stunt Biking (USA, Europe)	Road Champs : BXS Stunt Biking	2000	Sports / Cycling/Sports	HotGen	1
Road Rash (USA, Europe)	Road Rash	2000	Motorcycle race TPV/Racing, Driving	3d6 Games	1-2
Roadsters '98 (USA) (Proto) (SGB Enhanced) (GB Compatible)	Roadsters '98		Racing, Driving / Racing/Racing, Driving	Genetic Fantasia	1
Roadsters (USA) (En,Fr,De,Es,It,Nl) (GB Compatible)	Roadsters	2000	Racing, Driving	Titus	
Robin Hood (Europe) (En,Fr,De,Es,It,Nl)	Robin Hood	2001	Role Playing Game	Planet Interactive	1
RoboCop (Europe) (En,Fr,De,Es,It,Nl)	RoboCop	2001	Shooter	Mirage Interactive	1
Robopon - Sun Version (USA) (SGB Enhanced) (GB Compatible)	Robopon : Sun Version	2000	Role Playing Game	Will	1
Robot Poncots - Comic Bom Bom Special Version (Japan) (SGB Enhanced) (GB Compatible)	Robot Poncots : Comic Bom Bom Special Version	1999	Role Playing Game	Hudson Soft	
Robot Poncots - Moon Version (Japan) (SGB Enhanced) (GB Compatible)	Robot Poncots : Moon Version	1999	Role Playing Game	Hudson Soft	
Robot Poncots - Star Version (Japan) (SGB Enhanced) (GB Compatible)	Robot Poncots : Star Version	1998	Role Playing Game	Will	
Robot Wars - Metal Mayhem (Europe) (En,Fr,De,It,Nl,Sv)	Robot Wars : Metal Mayhem	2000	Strategy	Tiertex	1
Rocket Power - Gettin' Air (USA, Europe)	Rocket Power : Gettin' Air	2001	Sports	Tiertex	1
Rocky Mountain - Trophy Hunter (USA)	Rocky Mountain Trophy Hunter	2000	Hunting/Hunting and Fishing	Xantera	
Rokumon Tengai Mon-Colle-Knight GB (Japan)	Rokumon Tengai Mon-Colle-Knight GB	2000	Role Playing Game		
Roland Garros French Open (Europe) (En,Fr,De,Es,It,Nl)	Roland Garros French Open	2000	Sports / Tennis/Sports	Cryo Interactive	
Ronaldo V-Soccer (USA) (En,Fr,Es,Pt) (GB Compatible)	Ronaldo V-Soccer	2001	Sports / Football (Soccer)/Sports	Bit Managers	1
Roswell Conspiracies - Aliens, Myths & Legends (USA) (En,Fr,De)	Roswell Conspiracies : Aliens, Myths & Legends	2001	Adventure	Crawfish Interactive	1
Rox (USA, Europe) (GB Compatible)	Rox	1999	Puzzle	Altron	
RPG Tsukuru GB (Japan)	RPG Tsukuru GB	2000	Role Playing Game	Kuusou Kagaku	
Rugrats - Time Travelers (USA, Europe) (GB Compatible)	Rugrats : Time Travelers	1999	Action/Action / Adventure	Software Creations	1
Rugrats - Totally Angelica (USA, Europe)	Rugrats : Totally Angelica	2000	Puzzle	Tiertex	1
Rugrats in Paris - The Movie (USA, Europe)	Rugrats in Paris : The Movie	2000	Platform	Software Creations	1
Rugrats Movie, The (USA) (SGB Enhanced) (GB Compatible)	The Rugrats Movie	1999	Platform	Software Creations	1
Saban's Power Rangers - Lightspeed Rescue (USA, Europe)	Power Rangers : Lightspeed Rescue	2000	Platform	Natsume	1
Saban's Power Rangers - Time Force (USA, Europe)	Power Rangers : Time Force	2001	Platform	Natsume	1
Sabrina - The Animated Series - Spooked! (USA, Europe)	Sabrina : The Animated Series, Spooked!	2001	Platform	Wayforward	1
Sabrina - The Animated Series - Zapped! (World) (ModRetro Chromatic)	Sabrina : The Animated Series, Zapped!	2000	Platform	Wayforward	1
Sakata Gorou Kudan no Renju Kyoushitsu (Japan) (SGB Enhanced) (GB Compatible)	Sakata Gorou Kudan no Renju Kyoushitsu	1999	Go/Asiatic board game		
Sakura Taisen GB - Geki Hanagumi Nyuutai! (Japan)	Sakura Taisen GB : Geki Hanagumi Nyuutai!	2000	Adventure	Jupiter	1
Sakura Taisen GB 2 - Thunderbolt Sakusen (Japan)	Sakura Taisen GB2 : Thunderbolt Sakusen	2001	Role Playing Game	Red Entertainment	1
Samurai Kid (Japan)	Samurai Kid	2001		Biox	1
San Francisco Rush - Extreme Racing (USA) (Proto)	San Francisco Rush - Extreme Racing			Digital Eclipse	1
San Francisco Rush 2049 (USA, Europe)	San Francisco Rush 2049	2000	Racing, Driving	Atari	1
Sangokushi - Game Boy Ban 2 (Japan) (SGB Enhanced) (GB Compatible)	Sangokushi : Game Boy Ban 2	1999	Strategy	Koei	1
Sanrio Timenet - Kako Hen (Japan) (SGB Enhanced) (GB Compatible)	Sanrio Timenet : Kako Hen	1998	Role Playing Game	TOSE	
Sanrio Timenet - Mirai Hen (Japan) (SGB Enhanced) (GB Compatible)	Sanrio Timenet : Mirai Hen	1998	Role Playing Game	TOSE	
Santa Claus Junior (Europe)	Santa Claus Junior	2001	Puzzle	NEON Software	1
Scooby-Doo! - Classic Creep Capers (USA, Europe)	Scooby-Doo! : Classic Creep Capers	2001	Adventure	Digital Eclipse	1
Scrabble (Europe)	Scrabble	2001	Board game	Ubisoft	
SD Hiryuu no Ken EX (Japan) (SGB Enhanced) (GB Compatible)	SD Hiryuu no Ken EX	1999	Fighting / Versus/Fighting	Culture Brain	1-2
Sei Hai Densetsu (Japan) (SGB Enhanced) (GB Compatible)	Sei Hai Densetsu	2000	Mahjong/Asiatic board game		
Seme COM Dungeon - Drururuaga (Japan) (GB Compatible)	Seme COM Dungeon : Drururuaga	2000	Role Playing Game	Kuusou Kagaku	
Senkai Ibunroku Juntei Taisen - TV Animation Senkaiden Houshin Engi Yori (Japan) (SGB Enhanced) (GB Compatible)	Senkai Ibunroku Juntei Taisen - TV Animation Senka	2000	Role Playing Game		
Sesame Street - Elmo's 123s (USA) (GB Compatible)	Elmo's 123s	1999	Educational	Bonsai Entertainment	
Sesame Street - Elmo's ABCs (USA) (GB Compatible)	Elmo's ABCs	1999	Educational	Bonsai Entertainment	
Sesame Street - The Adventures of Elmo in Grouchland (USA) (GB Compatible)	The Adventures of Elmo in Grouchland	1999	Platform	Bonsai Entertainment	1
Sesame Street Sports (USA)	Sesame Street Sports	2001	Sports / Multisports/Sports	Bonsai Entertainment	
Sewing Machine Operation Software (USA) (En,Fr,Es) (GB Compatible)	Sewing Machine Operation Software			Natsume	
Sgt. Rock - On the Frontline (USA)	Sgt. Rock : On the Frontline	2000	Shooter	Altron	1
Shadowgate Classic (USA, Europe) (En,Fr,De,Es,Sv) (GB Compatible)	Shadowgate Classic	1999	Puzzle/Adventure	Infinite Ventures	1
Shaman King Card Game - Chou Senjiryakketsu - Funbari Hen (Japan)	Shaman King Card Game - Chou Senjiryakketsu - Funb	2001		Studio Saizensen	1
Shaman King Card Game - Chou Senjiryakketsu - Meramera Hen (Japan)	Shaman King Card Game - Chou Senjiryakketsu - Mera	2001	Action / Adventure/Action	Studio Saizensen	
Shamus (USA, Europe) (GB Compatible)	Shamus	2000	Shooter	Vatical Entertainment	1
Shanghai Pocket (USA) (SGB Enhanced) (GB Compatible)	Shanghai Pocket	1998	Mahjong/Various/Strategy/Asiatic board game	Sunsoft	1-2
Shantae (World) (Switch)	Shantae	2002	Platform	Wayforward	1
Shaun Palmer's Pro Snowboarder (USA, Australia)	Shaun Palmer's Pro Snowboarder	2001	Sports / Skiing/Sports	ITL	
Shin Megami Tensei Devil Children - Aka no Sho (Japan) (SGB Enhanced) (GB Compatible)	Shin Megami Tensei: Devil Children - Aka no Sho	2000	Role Playing Game	Access Games	1
Shin Megami Tensei Devil Children - Kuro no Sho (Japan) (SGB Enhanced) (GB Compatible)	Shin Megami Tensei Devil Children : Kuro no Sho	2000	Role Playing Game	Access Games	1
Shin Megami Tensei Devil Children - Shiro no Sho (Japan)	Shin Megami Tensei: Devil Children - Shiro no Sho	2001	Role Playing Game	Multimedia Intelligence Transfer	1
Shin Megami Tensei Trading Card - Card Summoner (Japan)	Shin Megami Tensei Trading Card: Card Summoner	2001	Role Playing Game	Enterbrain	1
Shinseiki Evangelion - Mahjong Hokan Keikaku (Japan)	Shinseiki Evangelion : Mahjong Hokan Keikaku	2000	Mahjong/Asiatic board game	Studio Saizensen	1
Shougi 2 (Japan) (GB Compatible)	Shougi 2	1999	Shougi/Asiatic board game		
Shougi 3 (Japan) (GB Compatible)	Shougi 3	2001	Shougi/Asiatic board game		
Shrek - Fairy Tale Freakdown (USA, Europe) (En,Fr,De,Es,It)	Shrek : Fairy Tale Freakdown	2001	Fighting	Silent Software	1
Shutokou Racing, The (Japan) (SGB Enhanced) (GB Compatible)	The Shutokou Racing	1998	Racing, Driving / Racing/Racing, Driving	Opera House	1
Simpsons, The - Night of the Living Treehouse of Horror (USA, Europe)	The Simpsons : Night of the Living Treehouse of Ho	2001	Platform	Software Creations	1
Smurfs Nightmare, The (USA)	The Smurfs Nightmare	1999	Platform	Bit Managers	1
Snobow Champion (Japan)	Snowboard Champion	2000	Sports / Skiing/Sports	Dream Japan	1
Snoopy Tennis (USA) (En,Fr,Es)	Snoopy Tennis	2001	Sports / Tennis/Sports	Mermaid	1-2
Snow White and the Seven Dwarfs (USA)	Snow White and the Seven Dwarfs	2001	Platform	Disney Interactive	1
Soccer Manager (Europe) (En,Fr,De,Es)	Soccer Manager	2000	Sports / Football (Soccer)/Sports	Broadsword Interactive	1
Soreike! Anpanman - 5-tsu no Tou no Ousama (Japan)	Soreike! Anpanman : 5-tsu no Tou no Ousama	2000		Graphic Research	1
Soreike! Anpanman - Fushigina Nikoniko Album (Japan) (SGB Enhanced) (GB Compatible)	Soreike! Anpanman : Fushigi na Nikoniko Album	1999	Role Playing Game	Graphic Research	
Soukoban Densetsu - Hikari to Yami no Kuni (Japan) (SGB Enhanced) (GB Compatible)	Soukoban Densetsu : Hikari to Yami no Kuni	1999			
Soul Getter - Houkago Bouken RPG (Japan) (GB Compatible)	Soul Getter : Houkago Bouken RPG	2000	Role Playing Game		
South Park (USA) (Proto)	South Park		Platform / Run & Jump Scrolling/Platform	Crawfish Interactive	1
Space Invaders (USA, Europe) (GB Compatible)	Space Invaders	1999	Shooter/Shooter / Space Invaders Like/Shoot'em Up	Z-Axis	1-2
Space Marauder (USA)	Space Marauder	2000	Puzzle	Kindle Imagine Develop	1
Space-Net - Cosmo Blue (Japan)	Space-Net : Cosmo Blue	2001	Role Playing Game		1
Space-Net - Cosmo Red (Japan)	Space-Net : Cosmo Red	2001	Role Playing Game		1
Spacestation Silicon Valley (Europe) (En,Fr,De,Es,It,Nl,Sv) (GB Compatible)	Spacestation Silicon Valley	1999	Platform	Tarantula	1
Spawn (USA)	Spawn	1999	Platform / Shooter Scrolling/Platform	Konami	1
Speedy Gonzales - Aztec Adventure (USA, Europe) (GB Compatible)	Speedy Gonzales : Aztec Adventure	1999	Platform	Natsume	1
Spider-Man (USA, Europe)	Spider-Man	2000	Platform	Vicarious Vision	1
Spider-Man 2 - The Sinister Six (USA, Europe)	Spider-Man 2 : The Sinister Six	2001	Platform	Torus Games	1
Spirou - The Robot Invasion (Europe) (En,Fr,De,Es,It,Nl,Da)	Spirou Robbedoes : The Robot Invasion	2000	Platform	Planet Interactive	1
SpongeBob SquarePants - Legend of the Lost Spatula (USA, Europe)	SpongeBob SquarePants : Legend of the Lost Spatula	2001	Puzzle/Adventure	Vicarious Vision	1
Spy vs Spy (USA)	Spy vs. Spy	1999	Strategy	Kemco	1-2
Star Heritage (Europe) (Proto) (SRAM Version)	Star Heritage			R-Lab	1
Star Ocean - Blue Sphere (Japan) (SGB Enhanced) (GB Compatible)	Star Ocean: Blue Sphere	2001	Role Playing Game	Tri-Ace	1
Star Wars - Yoda Stories (USA, Europe) (GB Compatible)	Yoda Stories	1999	Adventure	Torus Games	1
Star Wars Episode I - Obi-Wan's Adventures (USA)	Star Wars Episode I : Obi-Wan's Adventures	2000	Adventure	HotGen	1
Star Wars Episode I - Racer (USA, Europe) (Rumble Version)	Star Wars Episode I : Racer	1999	Racing, Driving	Pax Softnica	1-2
Street Fighter Alpha - Warriors' Dreams (USA)	Street Fighter Alpha : Warriors' Dreams	2000	Fighting	Capcom	1-2
Stuart Little - The Journey Home (USA, Europe)	Stuart Little : The Journey Home	2001	Platform	Tiertex	1
Super Black Bass - Real Fight (Japan) (Rumble Version)	Super Black Bass : Real Fight	1999	Fishing/Hunting and Fishing	Hot-B	1
Super Bombliss DX (Japan) (En) (SGB Enhanced) (GB Compatible)	Super Bombliss DX	1999	Puzzle	TOSE	
Super Breakout (World) (ModRetro Chromatic)	Super Breakout!	1998	Action / Breakout games/Action	Morning Star Multimedia	1-2
Super Chinese Fighter EX (Japan)	Super Chinese Fighter EX	1999	Fighting	Culture Brain	1-2
Super Doll Licca-chan - Kisekae Daisakusen (Japan)	Super Doll Licca-chan : Kisekae Daisakusen	2000			
Super Gals! Kotobuki Ran (Japan)	Super Gals! Kotobuki Ran	2001	Adventure		
Super Gals! Kotobuki Ran 2 - Miracle Getting (Japan)	Super Gals! Kotobuki Ran 2 : Miracle Getting	2002	Puzzle		
Super Mario Bros. Deluxe (USA, Europe)	Super Mario Bros. Deluxe	1999	Platform/Platform / Run & Jump	Nintendo	1-2
Super Me-Mail GB - Me-Mail Bear no Happy Mail Town (Japan)	Super Me-Mail GB : Me-Mail Bear no Happy Mail Town	2000	Adults		
Super Real Fishing (Japan) (Rumble Version)	Super Real Fishing	1999	Fishing/Hunting and Fishing		
Super Robot Pinball (Japan)	Super Robot Pinball	2001	Pinball	Jupiter	1
Super Robot Taisen - Link Battler (Japan) (SGB Enhanced) (GB Compatible)	Super Robot Taisen : Link Battler	1999	Strategy	Amble	
Supercross Freestyle (Europe) (En,Fr,De,Es,It)	Supercross Freestyle	2000	Motorcycle race TPV/Sports/Racing, Driving	Velez & Dubail	1
Superman - Battle for Metropolis (Europe) (Proto) (2001-01-12) (GB Compatible)	Superman : Battle for Metropolis			Neon Studios	1
Survival Kids (USA) (SGB Enhanced) (GB Compatible)	Survival Kids	1999	Role Playing Game	Konami	1
Survival Kids 2 - Dasshutsu!! Futago-jima! (Japan) (SGB Enhanced) (GB Compatible)	Survival Kids 2 : Dasshutsu!! Futago-Jima!	2000	Role Playing Game	Konami	1
Sutte Hakkun GB (Japan) (Proto) (SGB Enhanced) (GB Compatible)	Sutte Hakkun GB		Puzzle	Indieszero	1
Suzuki Alstare Extreme Racing (Europe) (En,Fr,De,Es,It,Nl)	Suzuki Alstare Extreme Racing	1999	Racing, Driving / Motorcycle/Racing, Driving	Visual Impact	
Sweet Ange (Japan) (SGB Enhanced) (GB Compatible)	Sweet Ange	1999	Strategy	Koei	
Swing (Germany)	Swing	2000	Puzzle	Software 2000	1
SWiV (Europe) (En,Fr,De,Es,It)	SWIV	2001	Shoot'em Up / Vertical/Shoot'em Up	Codemasters	1
Sylvanian Families - Otogi no Kuni no Pendant (Japan) (SGB Enhanced) (GB Compatible)	Sylvanian Families : Otogi no Kuni no Pendant	1999	Adventure		1
Sylvanian Families 2 - Irozuku Mori no Fantasy (Japan)	Sylvanian Families 2 : Irozuku Mori no Fantasy	2000	Role Playing Game		
Sylvanian Families 3 - Hoshi Furu Yoru no Sunadokei (Japan)	Sylvanian Families 3 - Hoshi Furu Yoru no Sunadoke	2001	Role Playing Game		
Sylvanian Melodies - Mori no Nakama to Odori Masho! (Japan) (SGB Enhanced) (GB Compatible)	Sylvanian Melodies - Mori no Nakama to Odori Mashi	2000	Rhythm/Music and Dancing	Natsume	
Tabaluga (Germany) (GB Compatible)	Tabaluga	1999	Puzzle/Adventure	NEON Software	1
Taisen Tsume Shougi (Japan) (NP) (GB Compatible)	Taisen Tsumeshougi	2000	Shougi/Asiatic board game	Athena	
Tales of Phantasia - Narikiri Dungeon (Japan) (SGB Enhanced) (GB Compatible)	Tales of Phantasia : Narikiri Dungeon	2000	Japanese RPG/Role Playing Game	Namco	
Tanimura Hitoshi Ryuu Pachinko Kouryaku Daisakusen - Don Quijote ga Iku (Japan) (SGB Enhanced) (GB Compatible)	Tanimura Hitoshi Ryuu Pachinko Kouryaku Daisakusen	2000	Casino	Atlus	1
Tarzan (USA, Europe)	Tarzan	1999	Platform	Digital Eclipse	1
Tasmanian Devil - Munching Madness (USA) (En,Fr,De,Es,It) (GB Compatible)	Tasmanian Devil : Munching Madness	1999	Platform	M4	1
Taxi 2 (France)	Taxi 2	2000	Racing, Driving	Visual Impact	1
Taxi 3 (France)	Taxi 3	2002	Racing, Driving	Visual Impact	1
Tech Deck Skateboarding (USA, Europe)	Tech Deck Skateboarding	2001	Sports / Skateboard/Sports	Handheld Games	1
Test Drive 2001 (USA)	Test Drive 2001	2000	Racing, Driving	Xantera	1
Test Drive 6 (USA) (GB Compatible)	Test Drive 6	1999	Racing, Driving	Xantera	1
Test Drive Cycles (USA)	Test Drive Cycles	2000	Racing, Driving	Xantera	
Test Drive Le Mans (USA) (En,Fr,Es)	Test Drive Le Mans	2000	Racing, Driving	Velez & Dubail	1
Test Drive Off-Road 3 (USA) (Rumble Version) (SGB Enhanced) (GB Compatible)	Test Drive Off-Road 3	1999	Racing, Driving	Infogrames	1-2
Tetris DX (World) (SGB Enhanced) (GB Compatible)	Tetris DX	1998	Puzzle / Fall/Puzzle	Nintendo	1-2
Thunderbirds (Europe)	Thunderbirds	2000	Racing, Driving	Pukka Games	1-2
Tiger Woods PGA Tour 2000 (USA, Europe) (GB Compatible)	Tiger Woods PGA Tour 2000	2000	Sports / Golf/Sports	Xantera	1-4
Tintin - Le Temple Du Soleil (Europe) (En,Fr,De)	Tintin : Prisoners of the Sun	2000	Platform	Infogrames	1
Tintin au Tibet (Europe) (En,Fr,De,Es,It,Nl,Sv)	Tintin in Tibet	2001	Platform	Infogrames	1
Tiny Toon Adventures - Buster Saves the Day (USA)	Tiny Toon Adventures : Buster Saves the Day	2001	Platform	Warthog	1
Tiny Toon Adventures - Dizzy's Candy Quest (Europe) (En,Fr,De,Es,It,Nl)	Tiny Toon Adventures: Dizzy's Candy Quest	2001	Puzzle/Adventure	Formula	1
Titus the Fox (USA) (GB Compatible)	Titus the Fox : To Marrakech and Back	2000	Platform	Titus	1-2
TNN Outdoors Fishing Champ (USA) (SGB Enhanced) (GB Compatible)	TNN Outdoors Fishing Champ	1998	Fishing/Sports/Hunting and Fishing	Starfish	1
TOCA Touring Car Championship (USA, Europe)	TOCA Touring Car Championship	2000	Racing TPV/Racing, Driving	Codemasters	1
Toki Tori - Ultimate Edition (World) (ModRetro Chromatic)	Toki Tori	2001	Puzzle	Two Tribes B.V.	1
Tokimeki Memorial Pocket - Culture Hen - Komorebi no Melody (Japan) (SGB Enhanced) (GB Compatible)	Tokimeki Memorial Pocket - Culture Hen - Komorebi	1999	Simulation	KCEK	1
Tokimeki Memorial Pocket - Sport Hen - Koutei no Photograph (Japan) (SGB Enhanced) (GB Compatible)	Tokimeki Memorial Pocket - Sport Hen - Koutei no P	1999	Simulation	KCEK	1
Tokoro-san no Setagaya C.C. (Japan) (GB Compatible)	Tokoro-san no Setagaya C.C.	2000	Sports / Golf/Sports	Natsume	1
Tom and Jerry (USA, Europe)	Tom & Jerry	1999	Platform	Morning Star Multimedia	1-2
Tom and Jerry - Mouse Hunt (USA) (En,Fr,Es)	Tom and Jerry : Mousehunt	2001		Conspiracy Entertainment	1
Tom and Jerry in - Mouse Attacks! (USA)	Tom and Jerry in Mouse Attacks!	2000	Platform	Warthog	1
Tom Clancy's Rainbow Six (USA, Europe) (En,Fr,De)	Tom Clancy's Rainbow Six	2000	Shooter	Crawfish Interactive	1
Tomb Raider (USA, Europe) (En,Fr,De,Es,It)	Tomb Raider	2000	Puzzle	Core Design	1
Tomb Raider - Curse of the Sword (USA, Europe)	Tomb Raider : Curse of the Sword	2001	Platform	Core Design	1
Tonic Trouble (Europe) (En,Fr,De,Es,It,Nl)	Tonic Trouble	2000	Platform	RFX Interactive	1
Tonka Construction Site (USA)	Tonka Construction Site	2002	Strategy	Cosmigo	1
Tonka Raceway (USA)	Tonka Raceway	1999	Racing, Driving	Morning Star Multimedia	1-2
Tony Hawk's Pro Skater (USA, Europe)	Tony Hawk's Pro Skater	2000	Sports / Skateboard/Sports	Natsume	1-2
Tony Hawk's Pro Skater 2 (USA, Europe)	Tony Hawk's Pro Skater 2	2000	Sports / Skateboard/Sports	Natsume	1
Tony Hawk's Pro Skater 3 (USA, Europe)	Tony Hawk's Pro Skater 3	2001	Sports / Skateboard/Sports	HotGen	1
Toobin' (USA)	Toobin'	2000	Sports / Water/Sports	Digital Eclipse	1
Toonsylvania (USA)	Toonsylvania	2000	Platform	RFX Interactive	1
Tootuff (Europe) (En,Fr,De,Es,It,Nl)	Tootuff	2001	Casual Game	Planet Interactive	1
Top Gear Pocket (USA) (Rumble Version)	Top Gear Pocket	1999	Sports/Racing, Driving	Vision Works	1-2
Top Gear Pocket 2 (USA)	Top Gear Pocket 2	2000	Sports/Racing, Driving	Vision Works	1-2
Top Gun - Fire Storm (USA, Europe) (En,Fr,De,Es,It,Nl)	Top Gun : Fire Storm	2001	Shooter	Fluid	1
Totsugeki! Papparatai (Japan) (SGB Enhanced) (GB Compatible)	Totsugeki! Papparatai	2000	Strategy	J-Wing	
Tottoko Hamutarou - Tomodachi Daisakusen Dechu (Japan)	Tottoko Hamutarou : Tomodachi Daisakusen Dechu	2000		Pax Softnica	
Towers - Lord Baniff's Deceit (USA, Europe)	Towers : Lord Baniff's Deceit	2000	Role Playing Game	JV Games	1-2
Towers II - Plight of the Stargazer (USA) (Proto 3) (2001-12-09)	Towers II : Plight of the Stargazer			JV Games	1
Toy Story 2 (USA, Europe) (SGB Enhanced) (GB Compatible)	Toy Story 2	1999	Platform	Tiertex	1
Toy Story Racer (USA, Europe)	Toy Story Racer	2001	Racing, Driving	Tiertex	1
Trade & Battle Card Hero (Japan) (SGB Enhanced) (GB Compatible)	Trade & Battle Card Hero	2000	Strategy	Intelligent Systems	1
Trick Boarder (USA)	Trick Boarder	2000	Sports / Skiing/Sports	Natsume	1-2
Trip World DX (World) (Limited Run Games)	Trip World DX	2023	Platform	Sunsoft	1
Triple Play 2001 (USA, Europe)	Triple Play 2001	2000	Sports / Baseball/Sports	Handheld Games	
Trouballs (USA)	Trouballs	2001	Puzzle	Paragon Software	1
Tsuri Sensei 2 (Japan) (SGB Enhanced) (GB Compatible)	Tsuri Sensei 2	1999	Fishing/Hunting and Fishing	J-Wing	1
Tsuriiko!! (Japan)	Tsuriiko!!	2001	Fishing/Hunting and Fishing	ASCII	1
Turok - Rage Wars (USA, Europe) (En,Fr,De,Es)	Turok : Rage Wars	2000	Shooter	Bit Managers	1-4
Turok 2 - Seeds of Evil (USA, Europe) (En,Fr,De,Es) (GB Compatible)	Turok 2 : Seeds of Evil	1998	Fighting	Bit Managers	1
Turok 3 - Shadow of Oblivion (USA, Europe) (En,Fr,De,Es)	Turok 3 : Shadow of Oblivion	2000	Shooter	Bit Managers	1
Tweenies - Doodles' Bones (Europe) (En,De,Es,It)	Tweenies : Doodles' Bones	2001	Platform	Tell-Tale	
Tweety's High-Flying Adventure (USA)	Tweety's High-Flying Adventure	2000	Platform	Kemco	1-2
Tyrannosaurus Tex (World) (Piko Interactive)	Tyrannosaurus Tex	2016	Shooter/Shooter / FPV	Slitherine Software	1
Tyrian 2000 (USA) (Proto) (GB Compatible)	Tyrian 2000		Shoot'em Up / Vertical/Shoot'em Up	World Tree Games Productions	1
Uchuujin Tanaka Tarou de - RPG Tsukuru GB 2 (Japan)	Uchuujin Tanaka Tarou de RPG Tsuku-ru GB 2	2001	Role Playing Game	Enterbrain	1
UEFA 2000 (Europe) (En,Fr,De,Es,It,Nl)	UEFA 2000	2000	Sports / Football (Soccer)/Sports	Bit Managers	1-4
Ultimate Fighting Championship (USA)	Ultimate Fighting Championship	2000	Fighting / 3D/Fighting	Fluid	1
Ultimate Paintball (USA, Europe)	Ultimate Paint Ball	2000	Shooter / FPV/Shooter/Sports	Morning Star Multimedia	1
Ultimate Surfing (USA)	Ultimate Surfing	2001	Sports / Water/Sports	Natsume	1-2
Uno (USA) (GB Compatible)	Uno	1999	Playing cards/Various	HotGen	1-2
V-Rally - Edition 99 (USA) (En,Fr,Es)	V-Rally : Championship Edition	1999	Racing, Driving	Velez & Dubail	1
Vegas Games (USA)	Vegas Games	2000	Casino	Digital Eclipse	
Vigilante 8 (USA) (Rumble Version)	Vigilante 8	1999	Racing, Driving	Vicarious Vision	1-2
VIP (USA) (En,Fr,Es)	VIP	2001	Racing, Driving	Planet Interactive	1
Visiteurs, Les (France) (GB Compatible)	Visiteurs, Les	1999	Platform	Ubisoft	1
VR Sports - Powerboat Racing (USA) (Proto)	VR Sports - Powerboat Racing			Vicarious Vision	1-2
Wacky Races (USA) (En,Fr,Es)	Wacky Races	2000	Racing, Driving	Velez & Dubail	1
Walt Disney World Quest - Magical Racing Tour (USA, Europe)	Walt Disney World Quest : Magical Racing Tour	2000	Racing, Driving	Crystal Dynamics	1
Warau Inu no Bouken - Silly Go Lucky! (Japan)	Warau Inu no Bouken : Silly Go Lucky!	2001		Capcom	
Wario Land 3 (World) (En,Ja)	Wario Land 3	2000	Platform	Nintendo	1
Wario Land II (USA, Europe) (SGB Enhanced) (GB Compatible)	Wario Land II	1999	Platform / Run & Jump/Platform	Nintendo	1
Warlocked (USA)	Warlocked	2000	Strategy	Bits Studios	1-2
Warriors of Might and Magic (USA) (En,Fr,De)	Warriors of Might and Magic	2000	Action RPG/Adventure/Sports/Role Playing Game	Game Boy World	1
Watashi no Kitchen (Japan)	Watashi no Kitchen	2001	Strategy		
Watashi no Restaurant (Japan)	Watashi no Restaurant	2002	Strategy		
WCW Mayhem (USA, Europe)	WCW Mayhem	2000	Sports / Wrestling/Sports	2n Productions	1-2
WDL - World Destruction League - Thunder Tanks (USA) (En,Fr,De)	World Destruction League : Thunder Tanks	2000	Shooter/Strategy	Sunset Entertainment	1
Wendy - Der Traum von Arizona (Germany)	Wendy: Der Traum von Arizona	2002	Sports	BVM Produktion	1
Wendy - Every Witch Way (USA, Europe)	Wendy : Every Witch Way	2001	Puzzle/Strategy	Wayforward	1
Wetrix (Europe) (En,Fr,De)	Wetrix GB	2000	Puzzle	Zed Two	1
Who Wants to Be a Millionaire - 2nd Edition (USA)	Who Wants to Be a Millionaire : 2nd Edition	2000	Quiz/Puzzle	Valleycrest Productions	1
Wild Thornberrys, The - Rambler (USA)	The Wild Thornberrys : Rambler	2000	Platform	Vicarious Vision	1-2
Wings of Fury (USA) (GB Compatible)	Wings of Fury	1999	Shoot'em Up	Magnin & Associates	1
Winnie the Pooh - Adventures in the 100 Acre Wood (USA)	Winnie the Pooh : Adventures in the 100 Acre Wood	2000	Adventure	TOSE	1
Wizardry Empire (Japan)	Wizardry Empire	1999	Role Playing Game	Starfish	1
Wizardry Empire - Fukkatsu no Tsue (Japan)	Wizardry Empire : Fukkatsu no Tsue	2000	Role Playing Game	Starfish	1
Wizardry I - Proving Grounds of the Mad Overlord (Japan) (En,Ja)	Wizardry : Proving Grounds of the Mad Overlord	2001	Role Playing Game	Game Studio	1
Wizardry II - Llylgamyn no Isan (Japan) (En,Ja)	Wizardry II : Llylgamyn no Isan	2001	Role Playing Game	ASCII	1
Wizardry III - Diamond no Kishi (Japan) (En,Ja)	Wizardry III : Diamond no Kishi	2001	Role Playing Game	ASCII	1
Woody Woodpecker (USA)	Woody Woodpecker	2001	Platform	Dreamcatcher	1
Woody Woodpecker Racing (USA)	Woody Woodpecker Racing	2000	Racing, Driving	Konami	1-2
Worms Armageddon (World) (Limited Run Games)	Worms Armageddon	1999	Strategy	Infogrames	1-2
WWF Attitude (USA, Europe)	WWF Attitude	1999	Sports	Crawfish Interactive	1-2
WWF Betrayal (USA, Europe)	WWF Betrayal	2001	Sports / Fighting/Sports	Wayforward	1-2
WWF WrestleMania 2000 (USA, Europe) (GB Compatible)	WWF WrestleMania 2000	1999	Sports / Fighting/Sports	Natsume	1-2
X-Men - Mutant Academy (USA, Europe)	X-Men : Mutant Academy	2000	Fighting	Crawfish Interactive	1-2
X-Men - Mutant Wars (USA, Europe)	X-Men: Mutant Wars	2000	Fighting	HAL Laboratory	1
X-Men - Wolverine's Rage (USA)	X-Men : Wolverine's Rage	2001	Fighting	Digital Eclipse	1
Xena - Warrior Princess (USA, Europe) (En,Fr,De,Es,It,Nl)	Xena : Warrior Princess	2001	Adventure	Titus	1
Xtreme Sports (World) (Switch)	Xtreme Sports	2000	Sports / Extreme/Sports / Multisports/Sports/Various	Wayforward	1
Xtreme Wheels (USA)	Xtreme Wheels	2001	Racing, Driving	Spike Co	1
Yakouchuu GB (Japan)	Yakouchuu GB	1999	Adventure		
Yars' Revenge (USA, Europe) (GB Compatible)	Yars' Revenge	1999	Shoot'em Up	Atari	1
Yogi Bear - Great Balloon Blast (USA)	Yogi Bear : Great Balloon Blast	2000	Puzzle	Taito	1-2
Yu-Gi-Oh! - Dark Duel Stories (USA)	Yu-gi-oh! Dark Duel Stories	2002	Playing cards	Konami	1-2
Yu-Gi-Oh! - Monster Capsule GB (Japan) (SGB Enhanced) (GB Compatible)	Yu-Gi-Oh! : Monster Capsule GB	2000	Japanese RPG/Role Playing Game	Konami	1
Yu-Gi-Oh! Duel Monsters 4 - Battle of Great Duelist - Jounouchi Deck (Japan)	Yu-Gi-Oh! Duel Monsters 4 : Battle of Great Duelist - Jonouchi Deck	2000	Playing cards	Konami	1
Yu-Gi-Oh! Duel Monsters 4 - Battle of Great Duelist - Kaiba Deck (Japan)	Yu-Gi-Oh! Duel Monsters 4: Battle of Great Duelist - Kaiba Deck	2000	Playing cards	Konami	1
Yu-Gi-Oh! Duel Monsters 4 - Battle of Great Duelist - Yuugi Deck (Japan)	Yu-Gi-Oh! Duel Monsters 4 - Saikyou Kettousha Senk	2000	Playing cards	Konami	1
Yu-Gi-Oh! Duel Monsters II - Dark Duel Stories (Japan) (SGB Enhanced) (GB Compatible)	Yu-Gi-Oh! Duel Monsters II : Dark Duel Stories	1999	Playing cards	Konami	1-2
Zebco Fishing! (USA) (Rumble Version)	Zebco Fishing!	1999	Fishing/Sports/Hunting and Fishing	Vicarious Vision	1
Zen-Nihon Shounen Soccer Taikai - Mezase Nihon Ichi! (Japan)	Zen-Nihon Shounen Soccer Taikai - Mezase Nihon Ich	2001	Sports / Football (Soccer)/Sports	Boom	
Zidane - Football Generation (Europe) (En,Fr,De,Es,It)	Zidane Football Generation	2002	Sports / Football (Soccer)/Sports	Cryo Interactive	
Zoboomafoo - Playtime in Zobooland (USA)	Zoboomafoo : Playtime in Zobooland	2001	Platform	Vicarious Vision	1
Zoids - Jashin Fukkatsu! Genobreaker Hen (Japan) (SGB Enhanced) (GB Compatible)	Zoids : Jashin Fukkatsu! Genobreaker Hen	2000	Role Playing Game	Will	
Zoids - Shirogane no Juukishin Liger Zero (Japan)	Zoids - Silver Beast Machine God Liger Zero	2001	Role Playing Game	Tomy	
Zok Zok Heroes (Japan)	Zok Zok Heroes	2000	Role Playing Game	KAZe	
