#key	name	year	genre	developer	players
007 - Everything or Nothing (USA, Europe) (En,Fr,De)	007 : Everything or Nothing	2003	Shooter / TPV/Shooter	Griptonite Games	1-2
007 - NightFire (USA, Europe) (En,Fr,De)	007 : Nightfire	2003	Shooter / FPV/Shooter	JV Games	1-2
2 Disney Games - Disney Sports - Football + Disney Sports - Skateboarding (Europe) (En,Fr,De,Es,It)	2 Disney Games - Disney Sports - Football + Disney	2006	Sports / Skateboard/Sports / Football (American)/Compilation/Sports	Konami	1-2
2 Disney Games - Lilo & Stitch 2 + Peter Pan - Return to Neverland (Europe) (En,Fr,De,Es+En,Fr,De,Es,It,Nl)	2 Disney Games - Lilo & Stitch 2 + Peter Pan - Ret	2005	Compilation	Disney Interactive	1-2
2 Game Pack! - Hot Wheels - Stunt Track Challenge + Hot Wheels - World Race (USA, Europe)	2 Game Pack! : Hot Wheels, Stunt Track Challenge +	2006	Racing, Driving/Compilation	Razorback Developments	1-4
2 Game Pack! - Matchbox Missions - Emergency Response + Air, Land and Sea Rescue (USA)	2 Game Pack! : Matchbox Missions, Emergency Response + Air, Land and S	2006		Gravity-i	1
2 Game Pack! - Uno + Skip-Bo (USA)	2 Game Pack! : Uno + Skip-Bo	2006	Compilation/Playing cards	Black Lantern	1-4
2 Games in 1 - Bionicle + Knights' Kingdom (Europe) (En,Fr,De,Da+En,De)	2 Games in 1 : Bionicle + Knights' Kingdom	2005	Compilation	Mobius Entertainment	1
2 Games in 1 - Brother Bear + The Lion King (Europe) (En,Fr,De,Es,It,Nl,Sv,Da)	2 Games in 1 : Brother Bear + The Lion King	2005	Compilation/Platform	Vicarious Vision	1-2
2 Games in 1 - Cartoon Network Block Party + Cartoon Network Speedway (USA)	2 Games in 1 : Cartoon Network Block Party + Cartoon Network Speedway	2005	Compilation	Monkeystone Games	1-2
2 Games in 1 - Columns Crown + ChuChu Rocket! (Europe) (En+En,Ja,Fr,De,Es)	2 Games in 1 : Columns Crown + ChuChu Rocket!	2008	Compilation	SEGA	1-4
2 Games in 1 - Disney Princess + Brother Bear (Europe) (En+En,Fr,De,Es,It,Nl,Sv,Da)	2 Games In 1 - Disney's Brother Bear + Disney Princess	2005	Compilation	Vicarious Vision	1
2 Games in 1 - Disney Princess + Lizzie McGuire (Europe)	2 Games in 1 : Disney Princess + Lizzie McGuire	2004	Compilation	Digital Eclipse	1
2 Games in 1 - Dragon Ball Z - The Legacy of Goku I & II (USA)	2 Games in 1 - Dragon Ball Z - The Legacy of Goku I & II	2005	Compilation	Funimation	1
2 Games in 1 - Finding Nemo + Finding Nemo - The Continuing Adventures (Europe) (Fr,Nl+Fr,De,Nl)	2 Games in 1 - Finding Nemo + Finding Nemo - The C	2005	Compilation	Vicarious Vision	1
2 Games in 1 - Finding Nemo + The Incredibles (Europe)	2 Games in 1 : Finding Nemo + The Incredibles	2007	Compilation	Pixar	1
2 Games in 1 - Finding Nemo - The Continuing Adventures + The Incredibles (USA)	2 Games In 1 - Finding Nemo - The Continuing Adventures + The Incredibles	2007	Compilation	Altron	1-2
2 Games in 1 - Golden Nugget Casino + Texas Hold 'em Poker (USA)	Golden Nugget Casino / Texas Hold 'Em Double Pack	2005	Casino/Compilation/Compilation	Majesco	1
2 Games in 1 - Hot Wheels - Velocity X + Hot Wheels - World Race (USA)	2 Games in 1 : Hot Wheels, Velocity X + Hot Wheels	2005	Racing, Driving/Compilation	Saffire	1-2
2 Games in 1 - Monsters, Inc. + Finding Nemo (USA)	2 Games in 1 - Monsters, Inc. + Finding Nemo	2005	Compilation	Vicarious Vision	1
2 Games in 1 - Moto GP + GT Advance 3 - Pro Concept Racing (Europe) (En,Fr,De,Es,It+En)	2 Games in 1 - Moto GP + GT Advance 3 - Pro Concep	2004	Racing, Driving / Motorcycle/Racing, Driving/Compilation	Visual Impact	1-2
2 Games in 1 - Power Rangers - Ninja Storm + Power Rangers - Time Force (USA) (En,Fr,De+En)	2 Games in 1 : Power Rangers, Ninja Storm + Power	2005	Compilation	Buena Vista Interactive	1
2 Games in 1 - Quad Desert Fury + Monster Trucks (USA)	2 Games In 1 - Double Value! - Monster Trucks + Quad Desert Fury	2005	Compilation	Majesco	1
2 Games in 1 - Rugrats - Go Wild + SpongeBob SquarePants - SuperSponge (Europe)	2 Games In 1 - SpongeBob SquarePants - SuperSponge + Rugrats Go Wild	2005	Compilation	Imagine Engine	1
2 Games in 1 - Scooby-Doo + Scooby-Doo 2 - Monsters Unleashed (USA)	2 Games in 1 Double Pack - Scooby-Doo + Scooby-Doo 2 - Monsters Unleashed	2006	Compilation	Helixe	1
2 Games in 1 - Scooby-Doo! - Mystery Mayhem + Scooby-Doo and the Cyber Chase (USA) (En,Fr,De+En)	2 Games in 1 Double Pack - Scooby-Doo and the Cyber Chase + Scooby-Doo! Mystery Mayhem	2005	Compilation	Warner Bros. Games	1
2 Games in 1 - Sonic Advance + ChuChu Rocket! (Europe) (En,Ja,Fr,De,Es)	2 Games in 1 : Sonic Advance + ChuChu Rocket!	2005	Compilation	Sonic Team	1-4
2 Games in 1 - Sonic Advance + Sonic Battle (Europe) (En,Ja,Fr,De,Es+En,Ja,Fr,De,Es,It)	Double Pack - Sonic Advance & Sonic Battle	2005	Compilation	Sonic Team	1-4
2 Games in 1 - Sonic Battle + ChuChu Rocket! (Europe) (En,Ja,Fr,De,Es,It+En,Ja,Fr,De,Es)	2 Games in 1 : Sonic Battle + ChuChu Rocket!	2005	Compilation	Sonic Team	1-2
2 Games in 1 - Sonic Battle + Sonic Pinball Party (Europe) (En,Ja,Fr,De,Es,It)	2 Games in 1 : Sonic Battle + Sonic Pinball Party	2005	Compilation	Sonic Team	1-2
2 Games in 1 - Sonic Pinball Party + Columns Crown (Europe) (En,Ja,Fr,De,Es,It+En)	2 Games in 1 : Sonic Pinball Party + Columns Crown	2005	Compilation	Sonic Team	1-2
2 Games in 1 - SpongeBob SquarePants - Battle for Bikini Bottom + Jimmy Neutron Boy Genius (Europe) (En,Fr,De+En,Fr,De,Es)	2 Games in 1 - SpongeBob SquarePants - Battle for	2005	Compilation	Human Soft	1
2 Games in 1 - SpongeBob SquarePants - Battle for Bikini Bottom + Nicktoons - Freeze Frame Frenzy (USA)	2 Games in 1 Double Pack - SpongeBob SquarePants - Battle for Bikini Bottom + Nicktoons - Freeze Frame Frenzy	2005	Compilation	Vicarious Vision	1
2 Games in 1 - SpongeBob SquarePants - Battle for Bikini Bottom + The Fairly OddParents! - Breakin' da Rules (USA)	2 Games In 1 - Double Pack - Spongebob Squarepants - Battle For Bikini Bottom + The Fairly Oddparents! - Breakin' Da Rules	2005	Compilation	Vicarious Vision	1
2 Games in 1 - SpongeBob SquarePants - Revenge of the Flying Dutchman + SpongeBob SquarePants - SuperSponge (USA)	2 Games in 1 : SpongeBob SquarePants, Revenge of t	2005	Compilation	Nick Games	1
2 Games in 1 - SpongeBob SquarePants - SuperSponge + SpongeBob SquarePants - Battle for Bikini Bottom (Europe)	2 Games in 1 - SpongeBob SquarePants - SuperSponge	2005	Compilation	Vicarious Vision	1
2 Games in 1 - The Lion King + Disney Princess (Europe) (En,Fr,De,Es,It,Nl,Sv,Da+En)	2 Games in 1 : The Lion King + Disney Princess	2004	Compilation	Disney Interactive	1
2 Games in 1 - The SpongeBob SquarePants Movie + SpongeBob SquarePants and Friends in Freeze Frame Frenzy (Europe) (En,Fr,De,Es,It,Nl+En,Fr,De,Es,Nl)	2 Games in 1 - The SpongeBob SquarePants Movie + S	2005	Compilation	Wayforward	1
2 Games in 1! - Dragon Ball Z - Buu's Fury + Dragon Ball GT - Transformation (USA)	2 Games In 1! - Dragon Ball Z - Buu's Fury + Dragon Ball Gt - Transformation	2006	Compilation	Webfoot Technologies	1-2
2 Games in One! - Dr. Mario + Puzzle League (USA)	2 Games in 1 : Dr. Mario + Puzzle League	2005	Compilation/Puzzle	Intelligent Systems	1-2
2 Games in One! - Gauntlet + Rampart (USA)	2 Games in One! : Gauntlet + Rampart	2005	Compilation/Various	EC Interactive Games	1
2 Games in One! - Marble Madness + Klax (USA)	Marble Madness / Klax	2005	Compilation/Puzzle	Frame Studios Interactive	1
2 Games in One! - Paperboy + Rampage (USA)	2 Games in One! : Paperboy + Rampage	2005	Compilation	7th Sense	1
2 Games in One! - Spy Hunter + Super Sprint (USA)	2 Games in One! : Spy Hunter + Super Sprint	2005	Compilation/Racing, Driving	Black Lantern	1
2 Great Games! - Pac-Man World + Ms. Pac-Man - Maze Madness (USA)	2 Great Games! : Pac-Man World + Ms. Pac-Man, Maze Madness	2001	Compilation	Full Fat	1-2
2 in 1 - Asterix & Obelix - Bash Them All! + Asterix & Obelix XXL (Europe) (En,Fr,De,Es,It,Nl)	2 in 1 - Asterix & Obelix - Bash Them All! + Aster	2005	Compilation	Velez & Dubail	1-2
2 in 1 - V-Rally 3 + Stuntman (Europe) (En,Fr,De,Es,It)	2 in 1 : V-Rally 3 + Stuntman	2005	Compilation/Racing, Driving	Velez & Dubail	1-2
2 in 1 Game Pack - Shrek 2 + Shark Tale (USA)	2 in 1 Game Pack : Shrek 2 + Shark Tale	2005	Compilation	Vicarious Vision	1
2 in 1 Game Pack - Spider-Man + Spider-Man 2 (USA) (En,Fr,De+En,Fr,De,Es)	2 In 1 Game Pack - Spider-Man + Spider-Man 2	2005	Compilation	Digital Eclipse	1
2 in 1 Game Pack - Spider-Man - Mysterio's Menace + X2 - Wolverine's Revenge (USA, Europe)	2 in 1 Game Pack : Spider-Man, Mysterio's Menace +	2005	Compilation	Vicarious Vision	1
2 in 1 Game Pack - Tony Hawk's Underground + Kelly Slater's Pro Surfer (USA, Europe)	2 in 1 Game Pack : Tony Hawk's Underground + Kelly	2006	Compilation/Sports / Skateboard/Sports	Vicarious Vision	1-2
2 Jeux en 1 - Titeuf - Ze Gag Machine + Titeuf - Mega Compet (France)	2 Games In 1 - Titeuf - Ze Gagachine + Titeuf - Mega Compet	2005	Compilation	DreamOn and 3DLIGHT-Studio	1
2-in-1 Fun Pack - Shrek 2 + Madagascar (USA)	2-in-1 Fun Pack : Shrek 2 + Madagascar	2006	Compilation	Vicarious Vision	1
2-in-1 Fun Pack - Shrek 2 + Madagascar - Operation Penguin (USA)	2-in-1 Fun Pack : Shrek 2 + Madagascar, Operation	2006	Compilation	Vicarious Vision	1
2006 FIFA World Cup - Germany 2006 (USA, Europe) (En,Fr,De,Es,It)	FIFA World Cup : Germany 2006	2006	Sports / Football (Soccer)/Sports	EA Sports	1-2
2K Sports - Major League Baseball 2K7 (USA)	2K Sports : Major League Baseball 2K7	2007	Sports / Baseball/Sports	Skyworks Technologies	1
3 Game Pack! - Candy Land + Chutes and Ladders + Original Memory Game (USA)	3 Game Pack! : Candy Land + Chutes and Ladders + Original Memory Game	2005	Compilation/Board game	Black Lantern	1-4
3 Game Pack! - Ker Plunk! + Toss Across + Tip It (USA)	3 Game Pack! : Ker Plunk! + Toss Across + Tip It	2007	Compilation/Puzzle	Gravity-i	1-4
3 Game Pack! - Mouse Trap + Simon + Operation (USA)	3 Game Pack! : Mouse Trap + Simon + Operation	2005	Compilation/Board game	Gravity-i	1-4
3 Game Pack! - The Game of Life + Payday + Yahtzee (USA)	3 Game Pack! : The Game of Life + Payday + Yahtzee	2005	Compilation/Board game	Black Lantern	1-4
3 Games in 1 - Rugrats - I Gotta Go Party + SpongeBob SquarePants - SuperSponge + Tak and the Power of Juju (Europe) (En+En+En,Fr,De)	3 Games In 1 - Rugrats - I Gotta Go Party + Spongebob Squarepants - Supersponge + Tak And The Power Of Juju	2005	Compilation	Helixe	1
3 Games in One - Darts + Roll-a-Ball + Shuffle Bowl (USA)	Majesco's Rec Room Challenge: Darts / Roll-a-Ball / Shuffle Bowl	2005	Compilation	Skyworks Technologies	1-2
3 Games in One! - Breakout + Centipede + Warlords (USA)	3 Games in One! : Breakout + Centipede + Warlords	2005	Compilation	Epicenter Interactive	1-4
3 Games in One! - Super Breakout + Millipede + Lunar Lander (USA)	3 Games in One! : Super Breakout + Millipede + Lunar Lander	2005	Compilation	Gravity-i	1
3 Games in One! - Yars' Revenge + Asteroids + Pong (USA)	3 Games in One! : Yars' Revenge + Asteroids + Pong	2005	Compilation	EC-Interactive	1-2
4 Games on One Game Pak (Nicktoons) (USA)	4 Games On One Game Pak - Nicktoons	2007	Compilation	Helixe	1-2
4x4 Off-Roaders (Europe) (Proto)	4x4 Off-Roaders				
Ace Combat Advance (USA, Europe)	Ace Combat Advance	2005	Shooter	Human Soft	1
Ace Lightning (Europe)	Ace Lightning	2002	Platform	Tiertex	1
Action Man - Robot Atak (Europe) (En,Fr,De,Es,It)	Action Man : Robot Atak	2004	Platform	Magic Pockets	1
Activision Anthology (USA)	Activision Anthology	2003	Compilation	Aspyr	1-2
Advance Guardian Heroes (USA)	Advance Guardian Heroes	2004	Beat'em Up	Treasure	1-4
Advance Wars (USA)	Advance Wars	2001	Strategy	Intelligent Games	1-4
Advance Wars 2 - Black Hole Rising (USA)	Advance Wars 2 : Black Hole Rising	2003	Strategy	Intelligent Systems	1-4
Adventure of Tokyo Disney Sea (Japan)	Adventure of Tokyo Disney Sea	2001	Action / Adventure/Action	Disney Interactive	1
Adventures of Jimmy Neutron Boy Genius vs. Jimmy Negatron, The (USA, Europe)	The Adventures Of Jimmy Neutron - Boy Genius Vs. Jimmy Negatron	2002	Adventure	Human Soft	1
Adventures of Jimmy Neutron Boy Genius, The - Attack of the Twonkies (USA, Europe)	Jimmy Neutron Boy Genius : Attack of the Twonkies	2004	Platform	Tantalus Media	1
Adventures of Jimmy Neutron Boy Genius, The - Jet Fusion (USA, Europe)	The Adventures of Jimmy Neutron Boy Genius: Jet Fu	2003	Platform/Adventure	Helixe	1
Aero the Acro-Bat (USA)	Aero the Acro-Bat: Rascal Rival Revenge	2002	Platform	Atomic Planet Entertainment	1
Agassi Tennis Generation (USA)	Agassi Tennis Generation	2003	Sports / Tennis/Sports	Aqua Pacific	1-4
Agent Hugo - Roborumble (Europe) (En,Fr,De,Es,It,Nl,Pt,Sv,No,Da,Fi)	Agent Hugo : Roborumble	2007	Platform	Program-Ace	1
Aggressive Inline (USA)	Aggressive Inline	2002	Sports / Skateboard/Sports	Full Fat	1-2
AirForce Delta Storm (USA) (En,Ja,Fr,De)	AirForce Delta Storm	2002	Fighting/Shooter	Mobile 21	1
Aka-chan Doubutsuen (Japan)	Aka-chan Doubutsuen	2004	Build And Management/Strategy/Simulation	TDK Core	1
Aladdin (USA) (En,Fr,De,Es)	Aladdin	2004	Platform	Disney Interactive	1
Aleck Bordon Adventure - Tower & Shaft Advance (Japan)	Aleck Bordon Adventure : Tower & Shaft Advance	2004	Platform	Aruze	1
Alex Rider - Stormbreaker (USA)	Alex Rider : Stormbreaker	2006		Razorback Developments	1
Alien Hominid (Europe) (En,Fr,De,Es,It)	Alien Hominid	2006	Platform / Shooter Scrolling/Platform	The Behemoth	1
Alienators - Evolution Continues (USA, Europe)	Alienators : Evolution Continues	2001	Platform / Shooter Scrolling/Platform	Activision	1
All Grown Up! - Express Yourself (USA, Europe)	All Grown Up! : Express Yourself	2004	Adventure	Altron	1-2
All-Star Baseball 2003 (USA)	All-Star Baseball 2003 Featuring Derek Jeter	2002	Sports / Baseball/Sports	Software Creations	1-2
All-Star Baseball 2004 Featuring Derek Jeter (USA)	All-Star Baseball 2004 Featuring Derek Jeter	2003	Sports / Baseball/Sports	Acclaim Entertainment	1-4
Altered Beast - Guardian of the Realms (USA)	Altered Beast : Guardian of the Realms	2002	Beat'em Up	THQ	1-2
Amazing Virtual Sea-Monkeys, The (USA)	The Amazing Virtual Sea-Monkeys	2002	Simulation / Life/Simulation	Elo Interactive Media	1
American Bass Challenge (USA)	American Bass Challenge	2001	Fishing/Hunting and Fishing	Starfish	1-4
American Dragon - Jake Long - Rise of the Huntsclan (USA, Europe) (En,Fr,De,Es,It)	American Dragon : Jake Long, Rise of the Huntsclan	2006	Platform	Wayforward	1
American Idol (USA)	American Idol	2003	Rhythm/Music and Dancing	Hothouse Creations	1
American Tail, An - Fievel's Gold Rush (USA) (En,Es)	An American Tail: Fievel's Gold Rush	2003	Platform	Hokus Pokus	1
Angel Collection - Mezase! Gakuen no Fashion Leader (Japan)	Angel Collection : Mezase! Gakuen no Fashion Leader	2003	Simulation/Strategy	MTO Co	1
Angel Collection 2 - Pichimo ni Narou (Japan)	Angel Collection 2 : Pichimo ni Narou	2004	Strategy/Simulation	Gakken	1
Angelique (Japan)	Anjerīku	2002	Adventure/Simulation/Strategy	Ruby Party	1
Animal Mania - Dokidoki Aishou Check (Japan)	Animal Mania : Dokidoki Aishou Check	2002	Simulation	Jupiter Multimedia	1
Animal Snap - Rescue Them 2 by 2 (USA)	Animal Snap : Rescue Them 2 by 2	2002	Mahjong/Puzzle/Asiatic board game	Awesome Developments	1
Animal Yokochou - Doki Doki Kyuushutsu Daisakusen! no Maki (Japan)	Animal Yokochou - Doki Doki Kyushutsu Daisakusen!	2005	Platform	Konami	1
Animal Yokochou - Doki Doki Shinkyuu Shiken! no Maki (Japan)	Animal Yokochou : Doki Doki Shinkyuu Shiken! no Maki	2006	Puzzle	Konami	1-2
Animaniacs - Hollywood Hypnotics (Europe) (En,Fr,De,Es,It) (Proto)	Animaniacs - Hollywood Hypnotics				
Animaniacs - Lights, Camera, Action! (Europe) (En,Fr,De,Es,It)	Animaniacs : Lights, Camera, Action!	2005	Platform	Warthog	1-2
Ant Bully, The (USA) (En,Fr)	The Ant Bully	2006	Puzzle/Adventure	Artificial Mind & Movement	1
Antz - Extreme Racing (USA)	Antz : Extreme Racing	2002	Racing, Driving	Magic Pockets	1-2
Ao-Zora to Nakama-tachi - Yume no Bouken (Japan)	Ao-Zora to Nakama-tachi : Yume no Bouken	2002	Platform	MTO Co	1
Archer Maclean's 3D Pool (USA)	Archer Maclean's 3D Pool	2004	Sports / Pool/Sports	Awesome Productions	1-8
Arctic Tale (USA)	Arctic Tale	2007	Adventure	Atomic Planet Entertainment	1-2
Army Men - Operation Green (USA) (En,Fr,De,Es,It)	Army Men : Operation Green	2001	Shooter / TPV/Shooter	Pocket Studios	1
Army Men - Sarge's Heroes (USA, Europe) (Proto 7)	Army Men Advance	2001	Shooter	Panasonic	1
Army Men - Turf Wars (USA)	Army Men : Turf Wars	2002	Shoot'em Up / Vertical/Shoot'em Up/Shooter / Run and Gun/Shooter	Mobius Entertainment	1-4
Army Men Advance (USA, Europe) (En,Fr,De,Es,It)	Army Men Advance	2001	Shooter	Panasonic	1
Around the World in 80 Days (USA)	Around the World in 80 Days	2004	Action / Adventure/Action	Saffire	1
Arthur and the Invisibles (USA) (En,Fr,Es)	Arthur and the Invisibles	2007	Adventure	Mistic Software	1
Ashita no Joe - Makka ni Moeagare! (Japan)	Ashita no Joe : Makka ni Moeagare!	2003	Sports / Boxing/Sports	Konami	1-2
Asterix & Obelix - Bash Them All! (Europe) (En,Fr,De,Es,It,Nl)	Astérix & Obélix : Bash Them All!	2002	Platform/Fighting	Bit Managers	1-2
Asterix & Obelix XXL (Europe) (En,Fr,De,Es,It,Nl)	Astérix & Obélix XXL	2004	Beat'em Up	Velez & Dubail	1-2
Astro Boy - Omega Factor (USA) (En,Ja,Fr,De,Es,It)	Astro Boy : Omega Factor	2004	Platform/Various	SEGA	1
Atari Anniversary Advance (USA)	Atari Anniversary Advance	2002	Compilation	Atari	1-2
Atlantis - The Lost Empire (USA, Europe)	Atlantis: The Lost Empire	2001	Platform	THQ	1
Atomic Betty (USA, Europe)	Atomic Betty	2005	Platform	Big Blue Bubble	1
ATV - Quad Power Racing (USA, Europe)	ATV : Quad Power Racing	2002	Racing, Driving		1-2
ATV - Thunder Ridge Riders (USA)	ATV : Thunder Ridge Riders	2006	Racing, Driving	SkyRiver	1
Avatar - The Last Airbender (USA)	Avatar : The Last Airbender	2006	Adventure	Halfbrick	1
Avatar - The Last Airbender - The Burning Earth (USA)	Avatar : The Last Airbender - The Burning Earth	2007	Action / Adventure/Action	Halfbrick	1
Azumanga Daiou Advance (Japan)	Azumanga Daioh Advance	2003	Board game	King Records	1
Babar to the Rescue (USA) (En,Fr,Es)	Babar: To The Rescue	2006	Platform	Sirius Games	1
Back to Stone (USA) (En,Fr)	Back To Stone	2006	Role Playing Game	Hidden Floor	1
Back Track (USA, Europe)	Back Track	2001	Shooter / FPV/Shooter	JV Games	1-4
Backyard Baseball (USA)	Backyard Baseball	2002	Sports / Baseball/Sports	Game Brains	1-2
Backyard Baseball 2006 (USA)	Backyard Baseball 2006	2005	Sports / Baseball/Sports	Humongous Entertainment	1-2
Backyard Basketball (USA)	Backyard Basketball	2004	Sports / Basketball/Sports	Humongous Entertainment	1-2
Backyard Football (USA)	Backyard Football	2002	Sports/Sports / Football (American)	Torus Games	1-2
Backyard Football 2006 (USA)	Backyard Football 2006	2005	Sports/Sports / Football (American)	Humongous Entertainment	1-2
Backyard Hockey (USA)	Backyard Hockey	2003	Sports / Hockey/Sports	Mistic Software	1-2
Backyard Skateboarding (USA)	Backyard Skateboarding	2004	Sports / Skateboard/Sports	Full Fat	1-2
Backyard Sports - Baseball 2007 (USA)	Backyard Sports : Baseball 2007	2006	Sports / Baseball/Sports	Humongous Entertainment	1-2
Backyard Sports - Basketball 2007 (USA)	Backyard Sports : Basketball 2007	2006	Sports / Basketball/Sports	Humongous Entertainment	1-2
Backyard Sports - Football 2007 (USA)	Backyard Sports : Football 2007	2006	Sports/Sports / Football (American)	Humongous Entertainment	1-2
Bakuten Shoot Beyblade - Gekitou! Saikyou Blader (Japan)	Bakuten Shoot Beyblade : Gekitou! Saikyou Blader	2001		AI	1-2
Bakuten Shoot Beyblade 2002 - Gekisen! Team Battle!! Kouryuu no Shou - Daichi Hen (Japan)	Bakuten Shoot Beyblade 2002 : Gekisen! Team Battle!! Kouryuu no Shou, Daichi Hen	2002		AI	1-4
Bakuten Shoot Beyblade 2002 - Gekisen! Team Battle!! Seiryuu no Shou - Takao Hen (Japan)	Bakuten Shoot Beyblade 2002 : Gekisen! Team Battle!! Seiryuu no Shou, Takao Hen	2002	Adventure	AI	1-4
Bakuten Shoot Beyblade 2002 - Ikuze! Bakutou! Chou Jiryoku Battle!! (Japan)	Bakuten Shoot Beyblade 2002 : Ikuze! Bakutou! Chou Jiryoku Battle!!	2002	Role Playing Game	AI	1-2
Baldur's Gate - Dark Alliance (USA)	Baldur's Gate : Dark Alliance	2003	Role Playing Game	Magic Pockets	1
Ballistic - Ecks vs. Sever (USA)	Ballistic: Ecks Vs. Sever	2002	Shooter/Shooter / FPV	Crawfish Interactive	1-2
Banjo-Kazooie - Grunty's Revenge (USA, Europe)	Banjo-Kazooie: Grunty's Revenge	2003	Platform	Rareware	1
Banjo-Pilot (USA)	Banjo-Pilot	2005	Racing, Driving	Rareware	1-4
Barbarian (USA, Europe) (En,Fr) (Proto 2)	Barbarian				
Barbie - The Princess and the Pauper (USA)	Barbie - The Princess and the Pauper	2004	Platform	Wayforward	1
Barbie and the Magic of Pegasus (USA)	Barbie and the Magic of Pegasus	2005	Platform	Wayforward	1
Barbie as The Island Princess (USA)	Barbie as The Island Princess	2007	Casual Game	Activision	1-2
Barbie Diaries, The - High School Mystery (USA)	The Barbie Diaries : High School Mystery	2006	Adventure	Gorilla	1
Barbie Horse Adventures - Blue Ribbon Race (USA)	Barbie Horse Adventures : Blue Ribbon Race	2003	Racing, Driving	Mobius Entertainment	1-2
Barbie in the 12 Dancing Princesses (USA)	Barbie in the 12 Dancing Princesses	2006	Platform	Wayforward	1
Barbie Software - Groovy Games (USA)	Barbie Groovy Games	2002	Compilation/Sports	Dice	1-2
Barbie Superpack - Secret Agent + Groovy Games (USA)	Barbie Superpack - Secret Agent + Groovy Games	2005	Compilation	Digital Illusions	1
Barnyard (USA)	Barnyard	2006	Adventure	Halfbrick	1
Baseball Advance (USA)	Baseball Advance	2002	Sports / Baseball/Sports	Smilebit	1
Bass Tsuri Shiyouze! - Tournament wa Senryaku da! (Japan)	Bass Tsuri Shiyouze! : Tournament wa Senryaku da!	2002	Fishing/Hunting and Fishing	Konami	1
Batman - Rise of Sin Tzu (USA) (En,Fr,Es)	Batman : Rise of Sin Tzu	2003	Platform / Fighter Scrolling/Platform	Ubisoft	1
Batman - Vengeance (USA) (En,Fr,Es)	Batman : Vengeance	2001	Action / Adventure/Action	Ubi Soft Entertainment	1
Batman Begins (USA, Europe) (En,Fr,De,Es,It,Nl)	Batman Begins	2005	Platform	Vicarious Vision	1
Battle B-Daman (USA)	Battle B-Daman	2006	Shooter/Fighting	Takara	1-2
Battle B-Daman - Fire Spirits! (USA)	Battle B-Daman : Fire Spirits!	2006	Shooter	Atlus	1
Battle X Battle - Kyodai Gyo Densetsu (Japan)	Battle X Battle : Kyodai Gyo Densetsu	2003	Fishing/Hunting and Fishing	Starfish	1
BattleBots - Beyond the BattleBox (USA)	BattleBots - Beyond the BattleBox	2002	Fighting	Universal	1-2
BattleBots - Design & Destroy (USA)	BattleBots - Design & Destroy	2003	Fighting / 2D/Fighting	Cave Barn	1-2
Battletoads (USA) (Proto)	Battletoads	2011	Beat'em Up/Fighting	Rareware	1
BB Ball (Japan)	BB Ball	2004	Sports	Micott & Basara	1-2
Beast Shooter - Mezase Beast King! (Japan)	Beast Shooter : Mezase Beast King!	2002	Sports	Hudson Soft	1-2
Bee Game, The (USA)	The Bee Game	2007	Platform	Midway	1
Berenstain Bears and the Spooky Old Tree, The (USA)	The Berenstain Bears and the Spooky Old Tree	2005	Platform/Puzzle	Namco	1
Best Play Pro Yakyuu (Japan)	Best Play Pro Yakyuu	2002	Sports / Baseball/Sports	Parity Bit	1-2
Beyblade G-Revolution (USA)	Beyblade : GRevolution	2004	Role Playing Game	Full Fat	1
Beyblade V-Force - Ultimate Blader Jam (USA)	Beyblade V-Force : Ultimate Blader Jam	2003	Fighting	Full Fat	1-2
Bibi Blocksberg - Der Magische Hexenkreis (Germany)	Bibi Blocksberg - Der Magische Hexenkreis	2005	Action / Adventure/Action	Morgen Studios	1
Bibi und Tina - Ferien auf dem Martinshof (Germany)	Bibi Und Tina - Ferien Auf Dem Martinshof	2006	Action / Adventure/Action	Kiddinx	1
Bible Game, The (USA)	The Bible Game	2005	Adventure/Puzzle	505 Games	1-4
Big Mutha Truckers (USA)	Big Mutha Truckers	2005	Racing, Driving	Raylight	1
Bionicle (USA)	Bionicle	2003	Adventure	Mobius Entertainment	1
Bionicle - Matoran Adventures (USA, Europe) (En,Fr,De,Es,It,Nl,Sv,Da)	Bionicle : Matoran Adventures	2002	Action / Adventure/Action	Argonaut Software	1
Bionicle - Maze of Shadows (USA)	Bionicle : Maze of Shadows	2005	Role Playing Game/Fighting	THQ	1
Bionicle Heroes (USA) (En,Fr,De,Es,It,Da)	Bionicle Heroes	2006	Shooter / TPV/Shooter	Amaze Entertainment	1
bit Generations - Boundish (Japan) (En)	bit Generations : Boundish	2006	Sports / Table tennis/Sports	Skip	1-2
bit Generations - Coloris (Japan) (En)	bit Generations : Coloris	2006	Puzzle	Skip	1
bit Generations - Dialhex (Japan) (En)	bit Generations : Dialhex	2006	Puzzle	Skip	1
bit Generations - Digidrive (Japan) (En)	bit Generations : Digidrive	2006	Puzzle	Q-Games	1-2
bit Generations - Dotstream (Japan) (En)	bit Generations : Dotstream	2006	Racing, Driving	Skip	1
bit Generations - Orbital (Japan) (En)	bit Generations : Orbital	2006	Puzzle	Skip	1
bit Generations - Soundvoyager (Japan) (En)	bit Generations : Soundvoyager	2006	Puzzle	Skip	1
Black Belt Challenge (Europe)	Black Belt Challenge	2002	Fighting	Lost Boys Games	1-2
Black Black - Bura Bura (Japan)	Black Black : Bura Bura	2002	Japanese RPG/Role Playing Game	Capcom	1
Black Matrix Zero (Japan)	Black Matrix Zero	2002	Role Playing Game	Flight Plan	1
Black Sigil - Blade of the Exiled (USA) (Proto)	Black Sigil - Blade of the Exiled	2007	Role Playing Game	Studio Archcraft	1
Blackthorne (USA)	Blackthorne	2003	Platform / Shooter Scrolling/Platform	Mass Media	1
Blades of Thunder (USA)	Blades of Thunder	2005	Shooter	Interactive Vision	1
Bleach Advance - Kurenai ni Somaru Soul Society (Japan)	Bleach Advance : Kurenai ni Somaru Soul Society	2005	Fighting	Alpha Unit	1-2
Blender Bros. (USA)	Blender Bros.	2002	Platform	Hudson Soft	1-4
Blue Angelo - Angels from the Shrine (Europe) (Proto 2)	Blue Angelo - Angels From The Shrine	2004	Role Playing Game	Virtual Spaghetti	1
BMX Trick Racer (USA)	BMX Trick Racer	2003	Racing, Driving	Hypnotix	1-4
Board Game Classics (USA)	Board Game Classics	2005	Compilation/Board game/Strategy	Black Lantern	1-2
Boboboubo Boubobo - 9 Kyoku Senshi Gag Yuugou (Japan)	Boboboubo Boubobo : 9 Kyoku Senshi Gag Yuugou	2004	Role Playing Game	Hudson Soft	1-2
Boboboubo Boubobo - Bakutou Hajike Taisen (Japan)	Boboboubo Boubobo : Bakutou Hajike Taisen	2004	Adventure	Hudson Soft	1-2
Boboboubo Boubobo - Maji de!! Shinken Battle (Japan)	Boboboubo Boubobo : Maji de!! Shinken Battle	2003	Role Playing Game	Rokumendo	1-2
Boboboubo Boubobo - Ougi 87.5 Bakuretsu Hanage Shinken (Japan)	Boboboubo Boubobo : Ougi 87.5 Bakuretsu Hanage Shinken	2002	Role Playing Game	Hudson Soft	1-2
Boktai - The Sun Is in Your Hand (USA)	Boktai : The Sun Is in Your Hand	2003	Platform / Shooter Scrolling/Platform	Konami	1-4
Boktai 2 - Solar Boy Django (USA)	Boktai 2 : Solar Boy Django	2004	Platform / Shooter Scrolling/Platform	Konami	1-4
Boku wa Koukuu Kanseikan (Japan) (Rev 1)	Boku wa Koukuu Kanseikan	2001	Strategy	Graphic Research	1
Bomberman Jetters - Densetsu no Bomberman (Japan)	Bomber Man Jetters : Densetsu no Bomber Man	2002	Action RPG/Role Playing Game	AI	1-4
Bomberman Jetters - Game Collection (Japan)	Bomber Man Jetters : Game Collection	2003	Compilation	Hudson Soft	1-4
Bomberman Max 2 - Blue Advance (USA)	Bomberman Max 2 : Blue Advance	2002	Action / Labyrinth/Action	Hudson Soft	1-4
Bomberman Max 2 - Red Advance (USA)	Bomberman Max 2 : Red Advance	2002	Action / Labyrinth/Action	Hudson Soft	1-4
Bomberman Tournament (USA, Europe)	Bomberman Tournament	2001	Action / Labyrinth/Action	Hudson Soft	1-4
Bookworm (USA)	Bookworm	2003	Puzzle	PopCap Games	1
Bouken Yuuki Pluster World - Densetsu no Plust Gate (Japan)	Bouken Yuuki Pluster World : Densetsu no Plust Gate	2003	Role Playing Game	Will	1
Bouken Yuuki Pluster World - Densetsu no Plust Gate EX (Japan)	Bouken Yuuki Pluster World : Densetsu no Plust Gate EX	2003	Role Playing Game	Will	1-4
Bouken Yuuki Pluster World - Pluston GP (Japan)	Bouken Yuuki Pluster World : Pluston GP	2003	Racing, Driving	Will	1-4
Bouken-ou Beet - Busters Road (Japan)	Bouken-ou Beet : Busters Road	2005	Role Playing Game	Bandai	1
Boukyaku no Senritsu (Japan)	Boukyaku no Senritsu: The Melody of Oblivion	2004	Adventure	Alpha Unit	1
Boulder Dash EX (USA)	Boulder Dash EX	2003	Puzzle	Nobilis	1-4
Boxing Fever (USA, Europe)	Boxing Fever	2001	Sports / Boxing/Sports	Digital Fiction	1-2
Bratz (USA) (En,Fr,Es)	Bratz	2003	Rhythm/Music and Dancing	DC Studios	1-2
Bratz - Babyz (USA)	Bratz : Babyz	2006	Casual Game	THQ	1
Bratz - Forever Diamondz (USA)	Bratz : Forever Diamondz	2006	Adventure	THQ	1
Bratz - Rock Angelz (USA, Europe)	Bratz : Rock Angelz	2005		Altron	1
Bratz - The Movie (USA)	Bratz : The Movie	2007	Simulation	Disney Interactive	1
Breath of Fire (USA)	Breath of Fire	2001	Role Playing Game	Capcom	1-2
Breath of Fire II (USA)	Breath of Fire II	2002	Role Playing Game	Capcom	1-2
Britney's Dance Beat (USA)	Britney's Dance Beat	2002	Dancing/Music and Dancing	THQ	1-2
Broken Circle (Europe) (En,It) (Proto)	Broken Circle	2006	Adventure	7 Raven	1
Broken Sword - The Shadow of the Templars (USA) (En,Fr,De,Es,It)	Broken Sword: The Shadow of the Templars	2002	Adventure / Point and Click/Adventure	Revolution Software	1
Brother Bear (USA)	Brother Bear	2003	Platform	Vicarious Vision	1
Bruce Lee - Return of the Legend (USA)	Bruce Lee : Return of the Legend	2003	Platform	Vicarious Vision	1
Bubble Bobble - Old & New (USA)	Bubble Bobble : Old & New	2004	Platform	Taito	1-2
Buffy the Vampire Slayer - Wrath of the Darkhul King (USA, Europe)	Buffy the Vampire Slayer : Wrath of the Darkhul King	2003	Platform/Fighting	Natsume	1
Butt-Ugly Martians - B.K.M. Battles (USA)	Butt-Ugly Martians : B.K.M. Battles	2002	Shooter	Runecraft	1
Cabbage Patch Kids - The Patch Puppy Rescue (USA)	Cabbage Patch Kids : The Patch Puppy Rescue	2006	Platform	1st Playable Productions	1
Cabela's Big Game Hunter (USA)	Cabela's Big Game Hunter	2002	Hunting/Hunting and Fishing	ImageBuilder	1
Cabela's Big Game Hunter - 2005 Adventures (USA, Europe)	Cabela's Big Game Hunter 2005 Adventures	2004	Hunting/Hunting and Fishing	Torus Games	1
Caesars Palace Advance - Millennium Gold Edition (USA, Europe)	Caesars Palace Advance : Millennium Gold Edition	2001	Casino	Pipe Dream Interactive	1
Calciobit (Japan)	Calciobit	2006	Sports / Football (Soccer)/Sports	Parity Bit	1-2
Camp Lazlo - Leaky Lake Games (USA)	Camp Lazlo : Leaky Lake Games	2006	Adventure/Puzzle	Collision Studios	1
Capcom Classics Mini Mix (USA)	Capcom Classics Mini Mix	2006	Compilation/Fighting	Sensory Sweep	1
Captain Tsubasa - Eikou no Kiseki (Japan)	Captain Tsubasa : Eikou no Kiseki	2002	Sports / Football (Soccer)/Sports	Konami	1
Car Battler Joe (USA)	Car Battler Joe	2002	Racing, Driving	Ancient	1-4
Card Party (Japan)	Card Party	2002	Playing cards/Various	Nd Cube	1-4
Cardcaptor Sakura - Sakura Card de Mini Game (Japan)	Cardcaptor Sakura : Sakura Card de Mini Game	2003	Various	Affect	1
Cardcaptor Sakura - Sakura Card Hen - Sakura to Card to Otomodachi (Japan)	Cardcaptor Sakura : Sakura Card Hen, Sakura to Card to Otomodachi	2004	Adventure / Visual Novel/Playing cards/Adventure	MTO Co	1
Care Bears - The Care Quest (USA) (En,Fr,Es)	Care Bears: Care Quest	2005	Platform	SG Diffusion	1
Carrera Power Slide (Europe) (En,Fr,De,Es,It,Nl)	Carrera Power Slide	2003	Racing, Driving	Tiertex	1-2
Cars (USA, Europe)	Cars	2006	Racing, Driving	Helixe	1
Cars - Mater-National Championship (USA) (En,Fr)	Cars: Mater-National Championship	2007	Platform/Racing, Driving	Tantalus Media	1
Cartoon Network Block Party (USA)	Cartoon Network Block Party	2004	Board game	Monkeystone Games	1-4
Cartoon Network Speedway (USA)	Cartoon Network Speedway	2003	Racing, Driving	DC Studios	1-2
Casper (USA) (En,Fr,Es)	Casper	2002	Platform/Adventure/Puzzle	Planet Interactive	1
Castlevania - Aria of Sorrow (USA)	Castlevania : Aria of Sorrow	2003	Platform/Action / Adventure/Action	Konami	1
Castlevania - Circle of the Moon (USA)	Castlevania : Circle of the Moon	2001	Platform	Konami	1
Castlevania - Harmony of Dissonance (USA)	Castlevania : Harmony of Dissonance	2002	Adventure	Konami	1
Castlevania Double Pack (USA)	Castlevania Double Pack	2006	Compilation/Role Playing Game	Konami	1
Cat in the Hat, The (USA)	The Cat in the Hat by Dr. Seuss	2005	Platform	Game Titan	1
Catwoman (USA, Europe) (En,Fr,De,Es,It,Nl)	Catwoman	2004	Platform	Magic Pockets	1
Catz (USA, Europe)	Catz	2006	Puzzle	MTO Co	1-2
Charlie and the Chocolate Factory (USA) (En,Fr,Es,Nl)	Charlie and the Chocolate Factory	2005	Platform	Digital Eclipse	1
Charlotte's Web (USA) (En,Fr,De,Es,It)	Charlotte's Web	2006	Platform	Backbone Entertainment	1
Cheetah Girls, The (USA)	The Cheetah Girls	2006	Rhythm/Music and Dancing	Gorilla Systems	1
Chessmaster (USA)	Chessmaster	2002	Board game	Ubisoft	1-2
Chicken Little (USA, Europe) (En,Fr,De,Es,It,Nl)	Chicken Little	2005	Platform	Avalanche Software	1-2
Chicken Shoot (USA)	Chicken Shoot	2005	Shooter	Zoo Digital Publishing	1-2
Chicken Shoot 2 (USA)	Chicken Shoot 2	2005	Shooter	DSI Games	1-2
Chobits for Game Boy Advance - Atashi Dake no Hito (Japan)	Chobits : Atashi Dake no Hito	2002	Adventure / Visual Novel/Adventure	Marvelous	1
Chocobo Land - A Game of Dice (Japan)	Chocobo Land : A Game of Dice	2002	Board game	Squaresoft	1-4
Chronicles of Narnia, The - The Lion, the Witch and the Wardrobe (USA, Europe) (En,Fr,De,Es,It,Nl,Sv,Da)	The Chronicles of Narnia: The Lion, the Witch and the Wardrobe	2005	Action / Adventure/Action	Amaze Entertainment	1-2
ChuChu Rocket! (USA) (En,Ja,Fr,De,Es)	ChuChu Rocket!	2001	Puzzle/Strategy	Sonic Team	1-4
CIMA - The Enemy (USA)	CIMA : The Enemy	2003	Role Playing Game/Puzzle	Neverland	1
Cinderella - Magical Dreams (USA) (En,Fr,De,Es,It)	Disney's Cinderella: Magical Dreams	2005	Platform	DC Studios	1
Cinnamon - Fuwafuwa Daisakusen (Japan)	Cinnamon Game Series 3 : Fuwafuwa Daisakusen	2005		Rocket Company	1
Cinnamon - Yume no Daibouken (Japan)	Cinnamon Game Series 2 : Yume no Daibouken	2004		Imagineer	1
Cinnamoroll - Koko ni Iru yo (Japan)	Cinnamoroll : Koko ni Iru yo	2003	Puzzle	AI	1
Classic NES Series - Bomberman (USA, Europe)	Classic NES Series : Bomberman	2004	Puzzle	Hudson Soft	1
Classic NES Series - Castlevania (USA)	Classic NES Series : Castlevania	2004	Action / Adventure/Action	Konami	1
Classic NES Series - Donkey Kong (USA, Europe)	Classic NES Series : Donkey Kong	2004	Platform	Nintendo	1-2
Classic NES Series - Dr. Mario (USA, Europe)	Classic NES Series : Dr. Mario	2004	Puzzle / Fall/Puzzle	Nintendo	1-2
Classic NES Series - Excitebike (USA, Europe)	Classic NES Series : Excitebike	2004	Racing, Driving	Nintendo	1
Classic NES Series - Ice Climber (USA, Europe)	Classic NES Series : Ice Climber	2004	Platform / Run & Jump/Platform	Nintendo	1-2
Classic NES Series - Metroid (USA, Europe)	Classic NES Series : Metroid	2005	Platform	Nintendo	1
Classic NES Series - Pac-Man (USA, Europe)	Classic NES Series : Pac-Man	2007	Action / Labyrinth/Action	Namco	1-2
Classic NES Series - Super Mario Bros. (USA, Europe)	Classic NES Series : Super Mario Bros.	2002	Platform/Platform / Run & Jump	Nintendo	1-2
Classic NES Series - The Legend of Zelda (USA, Europe)	Classic NES Series : The Legend of Zelda	2004	Role Playing Game	Nintendo	1
Classic NES Series - Xevious (USA, Europe)	Classic NES Series : Xevious	2004	Shoot'em Up / Vertical/Shoot'em Up	Namco	1
Classic NES Series - Zelda II - The Adventure of Link (USA, Europe)	Classic NES Series : Zelda II : The Adventure of Link	2004	Action RPG/Role Playing Game	Nintendo	1
Cocoto - Kart Racer (Europe) (En,Fr,De,Es,It)	Cocoto Kart Racer	2005	Racing, Driving	Neko Entertainment	1
Cocoto - Platform Jumper (Europe) (En,Fr,De,Es,It)	Cocoto Platform Jumper	2007	Platform	Neko Entertainment	1
Codename - Kids Next Door - Operation S.O.D.A. (USA)	Codename : Kids Next Door, Operation S.O.D.A.	2004	Platform / Run & Jump/Platform	Vicarious Vision	1
Colin McRae Rally 2.0 (USA) (En,Fr,De)	Colin McRae Rally 2.0	2002	Racing, Driving/Sports	Ubisoft	1-2
Columns Crown (USA)	Columns Crown	2001	Puzzle / Fall/Puzzle	Wow Entertainment	1-2
Combat Choro Q - Advance Daisakusen (Japan)	Combat Choro Q : Advance Daisakusen	2002	Strategy	Access Games	1-2
Combo Pack - Sonic Advance + Sonic Pinball Party (USA) (En,Ja,Fr,De,Es+En,Ja,Fr,De,Es,It)	Combo Pack : Sonic Advance + Sonic Pinball Party	2005	Compilation	Sonic Team	1-2
Comix Zone (Europe) (En,Fr,De,Es,It)	Comix Zone	2002	Beat'em Up	Virtucraft	1
Contra Advance - The Alien Wars EX (USA)	Contra Advance : The Alien Wars EX	2002	Shooter / Run and Gun/Shooter	Konami	1-2
Corvette (USA) (En,Fr,De,Es,It)	Corvette	2003	Racing, Driving	Visual Impact	1
Crash & Spyro Super Pack Volume 1 (Europe) (En,Fr,De,Es,It,Nl)	Crash & Spyro Super Pack Volume 1	2005	Compilation	Vicarious Vision	1
Crash & Spyro Super Pack Volume 2 (Europe) (En,Fr,De,Es,It,Nl)	Crash & Spyro Super Pack Volume 2	2005	Compilation	Vicarious Vision	1
Crash & Spyro Superpack - Spyro - Season of Ice + Crash Bandicoot - The Huge Adventure (USA)	Crash & Spyro Superpack : Spyro, Season of Ice + Crash Bandicoot, The	2008	Compilation	Digital Eclipse	1
Crash & Spyro Superpack - Spyro Orange - The Cortex Conspiracy + Crash Bandicoot Purple - Ripto's Rampage (USA)	Crash & Spyro Super Pack Volume 3	2005	Compilation	Vicarious Vision	1-2
Crash Bandicoot - The Huge Adventure (USA)	Crash Bandicoot : The Huge Adventure	2002	Platform/Shooter	Vicarious Vision	1
Crash Bandicoot 2 - N-Tranced (USA)	Crash Bandicoot 2 : N-Tranced	2003	Platform	Vicarious Vision	1-2
Crash Bandicoot Purple - Ripto's Rampage (USA)	Crash Bandicoot Purple : Ripto's Rampage	2004	Platform	Vicarious Vision	1-4
Crash Nitro Kart (USA)	Crash Nitro Kart	2003	Racing, Driving	Vicarious Vision	1-4
Crash of the Titans (USA) (En,Fr)	Crash of the Titans	2007	Platform	Amaze Entertainment	1-4
Crash Superpack - Crash Bandicoot 2 - N-Tranced + Crash Nitro Kart (USA)	Crash Superpack	2005	Compilation/Racing, Driving	Vicarious Vision	1-4
Crayon Shin-chan - Arashi o Yobu Cinemaland no Daibouken! (Japan)	Crayon Shin-chan : Arashi o Yobu Cinemaland no Daibouken!	2004	Platform / Run & Jump/Platform	Inti Creates	1
Crayon Shin-chan - Densetsu o Yobu Omake no Miyako Shockgaan! (Japan)	Crayon Shin-chan : Densetsu o Yobu Omake no Miyako Shockgaan!	2006		Inti Creates	1
Crazy Chase (USA)	Crazy Chase	2002	Platform	Kotobuki System	1
Crazy Frog Racer (Europe) (En,Fr,De,Nl)	Crazy Frog Racer	2005	Racing, Driving	Denaris Entertainment Software	1
Crazy Taxi - Catch a Ride (USA)	Crazy Taxi : Catch a Ride	2003	Racing TPV/Racing, Driving	Graphic State Games	1
Creatures (Europe) (En,Es,It)	Creatures	2002	Simulation / Life/Simulation	Elo Interactive Media	1
Croket! - Yume no Banker Survival! (Japan)	Croket! : Yume no Banker Survival!	2002	Adventure / Visual Novel/Fighting / 2D/Fighting/Adventure	Konami	1-2
Croket! 2 - Yami no Bank to Banqueen (Japan)	Croket! 2 : Yami no Bank to Banqueen	2003	Fighting/Role Playing Game	Konami	1-2
Croket! 3 - Granu Oukoku no Nazo (Japan)	Croket! 3 : Granu Oukoku no Nazo	2003		Konami	1-4
Croket! 4 - Bank no Mori no Mamorigami (Japan)	Croket! 4 : Bank no Mori no Mamorigami	2004		Konami	1-4
Croket! Great - Toki no Boukensha (Japan)	Croket! Great : Toki no Boukensha	2004	Strategy	Jupiter	1-4
Cross Town Heroes (USA)	Matchbox Cross Town Heroes	2002		Imagine Engine	1
Crouching Tiger, Hidden Dragon (USA) (En,Fr,Es)	Crouching Tiger, Hidden Dragon	2003	Beat'em Up	Ubisoft Shanghai	1
Cruis'n Velocity (USA, Europe)	Cruis'n Velocity	2001	Racing, Driving	Graphic State Limited	1-4
Crushed Baseball (USA)	Crushed Baseball	2004	Sports / Baseball/Sports	Griptonite Games	1-2
CT Special Forces (USA) (En,Fr,De,Es,It,Nl)	CT Special Forces	2004	Shooter / Run and Gun/Shooter	Light & Shadow Productions (LSP)	1-2
CT Special Forces 2 - Back in the Trenches (USA) (En,Fr,De,Es,It,Nl)	CT Special Forces 2 : Back in the Trenches	2004	Shooter	Light & Shadow Productions (LSP)	1-2
CT Special Forces 3 - Bioterror (Europe) (En,Fr,De,Es,It,Nl)	CT Special Forces 3 : Bioterror	2004	Shooter / Run and Gun/Shooter	Hip Games	1-2
Cubix - Robots for Everyone - Clash 'N Bash (USA)	Cubix : Robots for Everyone, Clash 'N Bash	2002	Beat'em Up	Human Soft	1-4
Curious George (USA)	Curious George	2006	Platform	Torus Games	1
Custom Robo GX (Japan)	Custom Robo GX	2002	Fighting	Noise	1
Cyberdrive Zoids - Kijuu no Senshi Hyuu (Japan)	Cyberdrive Zoids : Kijuu no Senshi Hyuu	2003	Japanese RPG/Role Playing Game	Amedio	1-2
Dai-mahjong. (Japan)	Dai-mahjong.	2001	Mahjong/Asiatic board game	Success	1-4
Daisenryaku for Game Boy Advance (Japan)	Daisenryaku for Game Boy Advance	2001	Strategy	MediaKite	1-2
Daisuki Teddy (Japan)	Daisuki Teddy	2002	Japanese RPG/Role Playing Game	Future Creates	1
Dan Doh!! Tobase Shouri no Smile Shot (Japan)	Dan Doh!! Tobase Shouri no Smile Shot	2004	Sports / Golf/Sports	Takara	1-2
Dan Doh!! Xi (Japan)	Dan Doh!! Xi	2002	Sports / Golf/Sports	GameVilliage	1-4
Dancing Sword - Senkou (Japan)	Dancing Sword : Senkou	2003	Beat'em Up	MTO Co	1
Danny Phantom - The Ultimate Enemy (USA)	Danny Phantom : The Ultimate Enemy	2005	Platform	Altron	1
Danny Phantom - Urban Jungle (USA)	Danny Phantom : Urban Jungle	2006	Shoot'em Up / Horizontal/Shoot'em Up	Altron	1
Daredevil (USA, Europe)	Daredevil	2003	Beat'em Up	Griptonite Games	1
Darius R (Japan) (En)	Darius R	2002	Shoot'em Up / Horizontal/Shoot'em Up	Rideon Incorporated	1
Dark Arena (USA, Europe)	Dark Arena	2002	Shooter / FPV/Shooter	Graphic State Games	1-4
Dark Empire (Japan) (Proto)	Dark Empire		Role Playing Game	Marvelous Entertainment	
Dave Mirra Freestyle BMX 2 (USA)	Dave Mirra Freestyle BMX 2	2001	Sports / Cycling/Sports	Full Fat	1-4
Dave Mirra Freestyle BMX 3 (USA, Europe)	Dave Mirra Freestyle BMX 3	2002	Sports / Cycling/Sports	Full Fat	1-2
David Beckham Soccer (USA) (En,Es)	David Beckham Soccer	2002	Sports / Football (Soccer)/Sports	Yoko Entertainment	1
Davis Cup (USA) (En,Fr,De,Es,It)	Davis Cup Tennis	2002	Sports / Tennis/Sports	Hokus Pokus	1-2
Dead to Rights (USA)	Dead to Rights	2004	Shooter / TPV/Shooter	Torus Games	1
Deal or No Deal (USA)	Deal or No Deal	2006	Quiz/Strategy	Gravity-i	1-2
Defender (USA)	Defender	2002	Shooter	OutLook Entertainment	1-2
Defender of the Crown (USA)	Defender of the Crown	2002	Strategy	Crawfish Interactive	1
DemiKids - Dark Version (USA)	DemiKids : Dark Version	2003	Role Playing Game	Multimedia Intelligence Transfer	1-2
DemiKids - Light Version (USA)	DemiKids : Light Version	2003	Role Playing Game	Multimedia Intelligence Transfer	1-2
Demon Driver - Time to Burn Rubber! (USA)	Demon Driver : Time to Burn Rubber!	2004	Racing, Driving	AIA	1-4
Denki Blocks! (USA) (En,Es)	Denki Blocks!	2001	Puzzle/Strategy	Doki Denki	1-4
Densetsu no Stafy (Japan)	Densetsu no Stafy	2002	Platform / Run & Jump/Platform	TOSE	1
Densetsu no Stafy 2 (Japan)	Densetsu no Stafy 2	2003	Platform / Run & Jump Scrolling/Platform	TOSE	1
Densetsu no Stafy 3 (Japan)	Densetsu no Stafy 3	2004	Platform	TOSE	1
Derby Stallion Advance (Japan)	Derby Stallion Advance	2002	Simulation/Horse racing/Sports with animals	ParityBit	1
Desert Strike Advance (USA)	Desert Strike Advance	2002	Shoot'em Up	Electronic Arts	1
Dexter's Laboratory - Chess Challenge (USA)	Dexter's Laboratory : Chess Challenge	2002	Board game/Puzzle	Virtucraft	1-2
Dexter's Laboratory - Deesaster Strikes! (USA) (En,Fr,De,Es,It)	Dexter's Laboratory : Deesaster Strikes !	2001	Platform	Virtucraft	1
Di Gi Charat - DigiCommunication (Japan)	Di Gi Charat : DigiCommunication	2002	Build And Management/Simulation	M2	1
Diadroids World - Evil Teikoku no Yabou (Japan)	Diadroids World : Evil Teikoku no Yabou	2001	Adventure	Epoch	1
DigiCommunication Nyo - Datou! Black Gemagema Dan (Japan)	DigiCommunication Nyo : Datou! Black Gemagema Dan	2004	Build And Management/Simulation	M2	1-2
Digimon - Battle Spirit (USA)	Digimon : Battle Spirit	2003	Platform / Fighter Scrolling/Fighting/Platform	Dimps	1-2
Digimon - Battle Spirit 2 (USA) (En,Fr,De,Es,It)	Digimon : Battle Spirit 2	2003	Platform / Fighter Scrolling/Fighting/Platform	Dimps	1-2
Digimon Racing (USA) (En,Fr,De,Es,It)	Digimon Racing	2004	Fighting/Racing, Driving	Griptonite Games	1-4
Dinotopia - The Timestone Pirates (USA, Europe) (En,Fr,De,Es,It,Nl)	Dinotopia : The Timestone Pirates	2002	Platform	RFX Interactive	1
Disney Princess (USA, Europe)	Disney Princess	2003	Platform/Puzzle	Art	1
Disney Princess - Royal Adventure (USA)	Disney Princess: Royal Adventure	2006	Adventure	Human Soft	1
Disney Sports - Basketball (USA)	Disney Sports : Basketball	2002	Sports / Basketball/Sports	KCEO	1-4
Disney Sports - Football (USA)	Disney Sports : Football	2002	Sports / Football (American)/Sports	KCEO	1-4
Disney Sports - Motocross (USA)	Disney Sports : Motocross	2003	Racing, Driving/Racing, Driving / Motorcycle	Konami	1
Disney Sports - Skateboarding (USA)	Disney Sports : Skateboarding	2002	Sports / Skateboard/Sports	Konami	1-2
Disney Sports - Snowboarding (USA)	Disney Sports : Snowboarding	2003	Sports / Skiing/Sports	KCEO	1-2
Disney Sports - Soccer (USA)	Disney Sports : Soccer	2002	Sports / Football (Soccer)/Sports	KCEO	1-4
Disney's Party (USA, Europe) (En,Fr,De,Es,It)	Disney's Party	2003	Casual Game	Jupiter Software	1-4
DK - King of Swing (USA)	DK : King of Swing	2005	Platform/Strategy	Nintendo	1-4
Dogz (USA)	Dogz	2005	Educational/Simulation / Life/Simulation	MTO Co	1-2
Dogz - Fashion (USA)	Dogz : Fashion	2006	Simulation	MTO Co	1
Dogz 2 (USA)	Dogz 2	2007	Simulation / Life/Simulation	M2TO	1-2
Dokapon - Monster Hunter (USA)	Dokapon : Monster Hunter	2001	Adventure/Role Playing Game	Asmik	1-2
Dokidoki Cooking Series 1 - Komugi-chan no Happy Cake (Japan)	Dokidoki Cooking Series 1 : Komugi-chan no Happy Cake	2002	Strategy	Avit	1
Dokidoki Cooking Series 2 - Gourmet Kitchen - Suteki na Obentou (Japan)	Dokidoki Cooking Series 2 : Gourmet Kitchen, Suteki na Obentou	2003	Strategy	Avit-Niigata	1
Dokodemo Taikyoku - Yakuman Advance (Japan)	Dokodemo Taikyoku : Yakuman Advance	2001	Mahjong/Asiatic board game	Nd Cube	1-4
Domo-kun no Fushigi Television (Japan)	Domo-kun no Fushigi Television	2002	Role Playing Game	Suzak	1
Don-chan Puzzle - Hanabi de Doon! Advance (Japan)	Donchan Puzzle Hanabi de Dohn Advance	2004	Puzzle	Aruze	1
Donald Duck Advance (USA)	Donald Duck Advance	2001	Platform	Ubisoft	1
Donkey Kong Country (USA)	Donkey Kong Country	2003	Platform	Rareware	1-2
Donkey Kong Country 2 (USA)	Donkey Kong Country 2	2004	Platform	Rareware	1-4
Donkey Kong Country 3 (USA)	Donkey Kong Country 3	2005	Platform	Rareware	1-2
Doom (USA, Europe)	Doom	2001	Shooter / FPV/Shooter	Activision	1-4
Doom II (USA)	Doom II	2002	Shooter / FPV/Shooter	Torus Games	1-4
Dora the Explorer - Dora's World Adventure! (USA)	Dora the Explorer : Dora's World Adventure!	2006	Adventure	Black Lantern	1
Dora the Explorer - Super Spies (USA)	Dora the Explorer : Super Spies	2004		Cinegroupe	1
Dora the Explorer - Super Star Adventures! (USA)	Dora the Explorer : Super Star Adventures!	2004	Adventure	Backbone Entertainment	1
Dora the Explorer - The Search for the Pirate Pig's Treasure (USA)	Dora the Explorer : The Search for the Pirate Pig's Treasure	2002	Platform	Handheld Games	1
Dora the Explorer Double Pack (USA)	Dora the Explorer Double Pack	2007	Compilation	Cinegroupe	1
Doraemon - Dokodemo Walker (Japan)	Doraemon : Dokodemo Walker	2002	Board game	Epoch	1-4
Doraemon - Midori no Wakusei Dokidoki Daikyuushutsu! (Japan)	Doraemon : Midori no Wakusei Dokidoki Daikyuushutsu!	2001		Mobile 21	1-4
Double Dragon Advance (USA)	Double Dragon Advance	2003	Beat'em Up	Tecmo	1-2
Doubutsu-jima no Chobigurumi (Japan)	Doubutsu-jima no Chobigurumi	2003	Adventure	AI	1-2
Doubutsu-jima no Chobigurumi 2 - Tama-chan Monogatari (Japan)	Doubutsu-jima no Chobigurumi 2 : Tama-chan Monogatari	2004	Action / Adventure/Action	AI	1
Downforce (Europe) (En,Fr,De,Es,It)	Downforce	2002	Racing, Driving	Smartdog	1
Dr. Muto (Europe) (En,Fr,De,Es,It)	Dr. Muto	2003	Platform	Digital Eclipse	1-2
Dr. Seuss' The Cat in the Hat (USA)	Dr. Seuss' : The Cat in the Hat	2003	Platform	Digital Eclipse	1
Dr. Sudoku (USA)	Dr. Sudoku	2006	Puzzle	Success	1
Dragon Ball - Advanced Adventure (USA)	Dragon Ball : Advanced Adventure	2006	Platform	Dimps	1-2
Dragon Ball GT - Transformation (USA)	Dragon Ball GT : Transformation	2005	Beat'em Up	Webfoot Technologies	1-2
Dragon Ball Z - Buu's Fury (USA)	Dragon Ball Z : Buu's Fury	2004	Role Playing Game/Fighting	Webfoot Technologies	1-2
Dragon Ball Z - Collectible Card Game (USA)	Dragon Ball Z : Collectible Card Game	2002	Playing cards	Imagine Engine	1-2
Dragon Ball Z - Supersonic Warriors (USA)	Dragon Ball Z : Supersonic Warriors	2004	Fighting	Cavia	1-2
Dragon Ball Z - Taiketsu (USA)	Dragon Ball Z : Taiketsu	2003	Fighting	Webfoot Technologies	1-2
Dragon Ball Z - The Legacy of Goku (USA)	Dragon Ball Z : The Legacy of Goku	2002	Role Playing Game	Webfoot Technologies	1
Dragon Ball Z - The Legacy of Goku II (USA)	Dragon Ball Z : The Legacy of Goku 2	2003	Role Playing Game	Webfoot Technologies	1
Dragon Drive - World D Break (Japan)	Dragon Drive : World D Break	2003	Role Playing Game	Zero One	1
Dragon Quest Characters - Torneko no Daibouken 2 Advance - Fushigi no Dungeon (Japan)	Dragon Quest Characters : Torneko no Daibouken 2 Advance, Fushigi no Dungeon	2001	Role Playing Game	Chunsoft	1
Dragon Quest Characters - Torneko no Daibouken 3 Advance - Fushigi no Dungeon (Japan)	Dragon Quest Characters : Torneko no Daibouken 3 Advance, Fushigi no Dungeon	2004	Role Playing Game	Chunsoft	1
Dragon Quest Monsters - Caravan Heart (Japan)	Dragon Quest Monsters : Caravan Heart	2003	Role Playing Game	TOSE	1
Dragon Tales - Dragon Adventures (USA)	Dragon Tales : Dragon Adventures	2004	Platform	Handheld Games	1
Dragon's Rock (Europe) (En,Fr,De,Es,It)	Dragon's Rock	2006	Platform	Independent Arts	1
Drake & Josh (USA) (En,Fr)	Drake & Josh	2007	Action / Adventure/Action	Artificial Mind & Movement	1
Drill Dozer (USA)	Drill Dozer	2006	Platform	Game Freak	1
Driv3r (USA)	Driv3r	2005	Racing, Driving	Velez & Dubail	1
Driven (USA) (En,Fr,De,Es,It)	Driven	2001	Racing, Driving	Crawfish Interactive	1-4
Driver 2 Advance (USA)	Driver 2 Advance	2002	Racing, Driving	Sennari Interactive	1
Drome Racers (USA)	Drome Racers	2003	Racing, Driving	Mobius Entertainment	1
Droopy's Tennis Open (Europe) (En,Fr,De,Es,It,Nl)	Droopy's Tennis Open	2002	Sports / Tennis/Shooter/Sports	Bit Managers	1-4
Dual Blades (USA)	Dual Blades	2002	Fighting	Vivid Image	1-2
Duel Masters (Japan)	Duel Masters	2003	Strategy	Amble	1-2
Duel Masters - Kaijudo Showdown (USA)	Duel Masters : Kaijudo Showdown	2004	Playing cards	Mistic Software	1-2
Duel Masters - Sempai Legends (USA)	Duel Masters : Sempai Legends	2004	Playing cards/Role Playing Game	Mistic Software	1-2
Duel Masters - Shadow of the Code (USA)	Duel Masters : Shadow of the Code	2005	Playing cards	Mistic Software	1-2
Duel Masters 2 - Invincible Advance (Japan)	Duel Masters 2 : Invincible Advance	2004	Strategy	Amble	1-2
Duel Masters 2 - Kirifuda Shoubu Ver. (Japan)	Duel Masters 2 : Kirifuda Shoubu Ver.	2004	Adventure	Amble	1-2
Duel Masters 3 (Japan)	Duel Masters 3	2004	Strategy	Amble	1-2
Duke Nukem Advance (USA)	Duke Nukem Advance	2002	Shooter / FPV/Shooter	Torus Games	1-4
Dungeons & Dragons - Eye of the Beholder (USA)	Dungeons & Dragons : Eye of the Beholder	2002	Dungeon Crawler RPG/Role Playing Game	Pronto Games	1
Dynasty Warriors Advance (USA)	Dynasty Warriors Advance	2005	Beat'em Up	Koei	1
E.T. - The Extra-Terrestrial (USA)	E.T. The Extra-Terrestrial	2001	Adventure	Fluid	1
Earthworm Jim (USA, Europe)	Earthworm Jim	2001	Platform	Game Titan	1
Earthworm Jim 2 (USA)	Earthworm Jim 2	2002	Platform	Super Empire	1
Ecks vs Sever (USA) (En,Fr,De,Es,It)	Ecks vs. Sever	2001	Shooter/Shooter / FPV	369 Interactive	1-4
Ed, Edd n Eddy - Jawbreakers! (USA)	Ed Edd'n Eddy : Jawbreakers !	2002	Platform	Climax	1
Ed, Edd n Eddy - The Mis-Edventures (USA) (En,Fr)	Ed Edd'n Eddy : The Mis-Edventures	2005	Platform	Artificial Mind & Movement	1
Egg Mania (USA) (En,Fr,Es)	Egg Mania	2002	Puzzle	HotGen	1-2
Elemix! (Japan)	Elemix!	2003	Adventure	Sims	1
Elevator Action - Old & New (Japan)	Elevator Action : Old & New	2002	Platform / Shooter Scrolling/Platform	Taito	2
Elf - The Movie (USA) (En,Fr,De,Es,It)	Elf : The Movie	2004	Platform	Human Soft	1
Elf Bowling 1 & 2 (USA)	Elf Bowling 1 & 2	2005	Sports / Bowling/Sports	Black Lantern	1-2
Enchanted - Once Upon Andalasia (USA) (En,Fr)	Enchanted : Once Upon Andalasia	2007	Platform	Artificial Mind & Movement	1-2
Eragon (USA)	Eragon	2006	Role Playing Game	Amaze Entertainment	1
Erementar Gerad - Tozasareshi Uta (Japan)	Erementar Gerad : Tozasareshi Uta	2005	Role Playing Game	Jupiter Multimedia	1
ESPN Final Round Golf 2002 (USA)	ESPN Final Round Golf 2002	2001	Sports / Golf/Sports	Konami	1-2
ESPN Great Outdoor Games - Bass 2002 (USA)	ESPN Great Outdoor Games : Bass 2002	2001	Fishing/Hunting and Fishing	KCEO	1-2
ESPN International Winter Sports 2002 (USA)	ESPN International Winter Sports 2002	2002	Sports / Multisports/Sports	KCEO	1-4
ESPN Winter X-Games Snowboarding 2002 (USA)	ESPN Winter X-Games Snowboarding 2002	2002	Sports / Skiing/Sports	KCEO	1
ESPN X-Games Skateboarding (USA)	ESPN X Games Skateboarding	2001	Sports / Skateboard/Sports	Konami	1
European Super League (Europe) (En,Fr,De,Es,It)	European Super League	2001	Sports / Football (Soccer)/Sports	Aqua Pacific	1
everGirl (USA)	EverGirl	2005	Adventure	Artificial Mind & Movement	1
EX Monopoly (Japan)	EX Monopoly	2001	Board game	Mobile 21	1-5
Extreme Ghostbusters - Code Ecto-1 (USA)	Extreme Ghostbusters	2002	Platform	Magic Pockets	1
Extreme Skate Adventure (USA, Europe)	Disney's Extreme Skate Adventure	2003	Sports / Skateboard/Sports	Vicarious Vision	1-2
Eyeshield 21 - DevilBats DevilDays (Japan)	Eyeshield 21 Devilbats Devildays	2006	Adventure / Visual Novel/Adventure	Eighting	1
EZ-Talk - Shokyuu Hen 1 (Japan)	EZ-Talk : Shokyuu Hen 1	2001	Educational	Nd Cube	1
EZ-Talk - Shokyuu Hen 2 (Japan)	EZ-Talk : Shokyuu Hen 2	2001	Educational	Nd Cube	1
EZ-Talk - Shokyuu Hen 3 (Japan)	EZ-Talk : Shokyuu Hen 3	2001	Educational	Nd Cube	1
EZ-Talk - Shokyuu Hen 4 (Japan)	EZ-Talk : Shokyuu Hen 4	2001	Educational	Nd Cube	1
EZ-Talk - Shokyuu Hen 5 (Japan)	EZ-Talk : Shokyuu Hen 5	2001	Educational	Nd Cube	1
EZ-Talk - Shokyuu Hen 6 (Japan)	EZ-Talk : Shokyuu Hen 6	2001	Educational	Nd Cube	1
F-14 Tomcat (USA, Europe)	F-14 Tomcat	2001	Shooter / Plane, FPV/Sports/Simulation/Shooter	Virtucraft	1-4
F-Zero - Climax (Japan)	F-Zero : Climax	2004	Racing, Driving	Nintendo	1-4
F-Zero - GP Legend (USA)	F-Zero : GP Legend	2004	Racing, Driving	Nintendo	1-4
F-Zero - Maximum Velocity (USA, Europe)	F-Zero : Maximum Velocity	2001	Racing, Driving	Nintendo	1-4
F1 2002 (USA, Europe)	F1 2002	2003	Racing, Driving	Magic Pockets	1-2
F24 Stealth Fighter (USA)	F24 Stealth Fighter	2007	Shooter / Plane/Simulation/Shooter	Skyworks Technologies	1
Fairly OddParents!, The - Breakin' da Rules (USA)	The Fairly OddParents! : Breakin' da Rules	2003	Platform	Helixe	1
Fairly OddParents!, The - Clash with the Anti-World (USA)	The Fairly OddParents! : Clash with the Anti-World	2005	Platform	Razorback Developments	1
Fairly OddParents!, The - Enter the Cleft (USA)	The Fairly OddParents! : Enter the Cleft	2002	Platform	Altron	1
Fairly OddParents!, The - Shadow Showdown (USA)	The Fairly Odd Parents! : Shadow Showdown	2004	Platform	Helixe	1
Famicom Mini - Dai-2-ji Super Robot Taisen (Japan) (Promo)	Famicom Mini : Dai-2-ji Super Robot Taisen	2004	Strategy	Winky Soft	1
Famicom Mini - Kidou Senshi Z Gundam - Hot Scramble (Japan) (Promo)	Famicom Mini : Kidou Senshi Z Gundam, Hot Scramble	2004	Shoot'em Up	Bandai	1
Famicom Mini 08 - Mappy (Japan) (En)	Famicom Mini 08 : Mappy	2004	Platform	Namco	1-2
Famicom Mini 10 - Star Soldier (Japan) (En)	Famicom Mini 10 : Star Soldier	2004	Shoot'em Up / Vertical/Shoot'em Up	Hudson Soft	1
Famicom Mini 11 - Mario Bros. (Japan)	Famicom Mini 11 : Mario Bros.	2004	Platform	Nintendo	1-2
Famicom Mini 12 - Clu Clu Land (Japan)	Famicom Mini 12 : Clu Clu Land	2004	Puzzle	Nintendo	1-2
Famicom Mini 13 - Balloon Fight (Japan)	Famicom Mini 13 : Balloon Fight	2004	Platform	Nintendo	1-2
Famicom Mini 14 - Wrecking Crew (Japan)	Famicom Mini 14 : Wrecking Crew	2004	Platform	Nintendo	1-2
Famicom Mini 16 - Dig Dug (Japan)	Famicom Mini 16 : Dig Dug	2004	Action / Labyrinth/Action	Namco	1-2
Famicom Mini 17 - Takahashi Meijin no Bouken-jima (Japan)	Famicom Mini 17 : Takahashi Meijin no Bouken-jima	2004	Platform	Hudson Soft	1
Famicom Mini 18 - Makaimura (Japan)	Famicom Mini 18 : Makaimura	2004	Platform	Capcom	1-2
Famicom Mini 19 - Twin Bee (Japan)	Famicom Mini 19 : Twin Bee	2004	Shoot'em Up	Konami	1
Famicom Mini 20 - Ganbare Goemon! - Karakuri Douchuu (Japan)	Famicom Mini 20 : Ganbare Goemon!, Karakuri Douchuu	2004	Action / Adventure/Action	Konami	1
Famicom Mini 21 - Super Mario Bros. 2 (Japan)	Famicom Mini 21 : Super Mario Bros. 2	2004	Platform/Platform / Run & Jump	Nintendo	1
Famicom Mini 22 - Nazo no Murasame Jou (Japan)	Famicom Mini 22 : Nazo no Murasame Jou	2004	Action / Adventure/Action	Nintendo	1
Famicom Mini 24 - Hikari Shinwa - Palthena no Kagami (Japan)	Famicom Mini 24 : Hikari Shinwa, Palthena no Kagami	2004	Platform	Nintendo	1
Famicom Mini 26 - Famicom Mukashibanashi - Shin Onigashima - Zen, Kouhen (Japan)	Famicom Mini 26 : Famicom Mukashibanashi, Shin Onigashima, Zen, Kouhen	2004	Action RPG/Adventure/Role Playing Game	Nintendo	1
Famicom Mini 27 - Famicom Tantei Club - Kieta Koukeisha - Zen, Kouhen (Japan)	Famicom Mini 27 : Famicom Tantei Club, Kieta Koukeisha, Zen, Kouhen	2004	Adventure / Text/Compilation/Adventure	Nintendo	1
Famicom Mini 28 - Famicom Tantei Club Part II - Ushiro ni Tatsu Shoujo - Zen, Kouhen (Japan)	Famicom Mini 28 : Famicom Tantei Club Part II, Ushiro ni Tatsu Shoujo, Zen, Kouh	2004	Adventure / Text/Compilation/Adventure	Nintendo	1
Famicom Mini 30 - SD Gundam World - Gachapon Senshi Scramble Wars (Japan)	Famicom Mini 30 : SD Gundam World, Gachapon Senshi Scramble Wars	2004	Action RPG/Strategy/Role Playing Game	Bandai	1-2
Family Feud (USA)	Family Feud	2006	Casual Game	Atomic Planet Entertainment	1-2
Family Tennis Advance (Japan)	Family Tennis Advance	2002	Sports / Tennis/Sports	Natsume	1-4
Famista Advance (Japan)	Famista Advance	2002	Sports / Baseball/Sports	Namco	1-2
Fancy Pocket (Japan)	Fancy Pocket	2002	Strategy	Jorudan	1
Fantastic 4 (USA)	Fantastic 4	2005	Beat'em Up	Torus Games	1-2
Fantastic 4 - Flame On (USA)	Fantastic 4: Flame On	2005	Platform	Activision	1
Fantastic Children (Japan)	Fantastic Children	2005	Action / Adventure/Action	Inti Creates	1
Fantastic Maerchen - Cake-ya-san Monogatari + Doubutsu Chara Navi Uranai - Kosei Shinri Gaku (Japan)	Fantastic Maerchen : Cake-ya-san Monogatari	2002	Compilation	Culture Brain	1
Fear Factor - Unleashed (USA)	Fear Factor Unleashed	2004		DC Studios	1
Field of Nine - Digital Edition 2001 (Japan)	Field of Nine : Digital Edition 2001	2001	Sports / Baseball/Sports	Konami	1-2
FIFA Soccer 06 (USA, Europe) (En,Fr,De,Es,It,Nl)	FIFA Soccer 06	2005	Sports / Football (Soccer)/Sports	EA Sports	1-2
FIFA Soccer 07 (USA, Europe) (En,Fr,De,Es)	FIFA Soccer 07	2006	Sports / Football (Soccer)/Sports	EA Sports	1-2
FIFA Soccer 2003 (USA, Europe) (En,Fr,De,Es,It)	FIFA Soccer 2003	2002	Sports / Football (Soccer)/Sports	EA Sports	1-2
FIFA Soccer 2004 (USA, Europe) (En,Fr,De,Es,It)	FIFA Soccer 2004	2003	Sports / Football (Soccer)/Sports	Exient Entertainment	1-2
FIFA Soccer 2005 (USA, Europe) (En,Fr,De,Es,It,Nl)	FIFA Soccer 2005	2004	Sports / Football (Soccer)/Sports	EA Canada	1-2
FightBox (Europe)	FightBox	2004	Fighting	Gamezlab	1
FILA Decathlon (Europe) (En,Fr,De,Es,It,Sv)	FILA Decathlon	2002	Sports / Multisports/Sports	Athletic Design	1-4
Final Fantasy I & II - Dawn of Souls (USA)	Final Fantasy I & II : Dawn of Souls	2004	Role Playing Game	TOSE	1
Final Fantasy IV Advance (USA)	Final Fantasy IV Advance	2005	Role Playing Game	TOSE	1
Final Fantasy Tactics Advance (USA)	Final Fantasy Tactics Advance	2003	Tactical RPG/Role Playing Game	Square Enix	1
Final Fantasy V Advance (USA)	Final Fantasy V Advance	2006	Role Playing Game	Square Enix	1
Final Fantasy VI Advance (USA)	Final Fantasy VI Advance	2007	Role Playing Game/Fighting	TOSE	1
Final Fight One (USA)	Final Fight One	2001	Beat'em Up/Fighting	Suntek	1-2
Finding Nemo (USA, Europe)	Finding Nemo	2003	Adventure	Vicarious Vision	1
Finding Nemo - The Continuing Adventures (USA, Europe)	Finding Nemo: The Continuing Adventures	2004	Casual Game	Altron	1-2
Fire Emblem (USA, Australia)	Fire Emblem	2003	Tactical RPG/Role Playing Game	Intelligent Systems	1-4
Fire Emblem - Fuuin no Tsurugi (Japan)	Fire Emblem : Fuuin no Tsurugi	2002	Tactical RPG/Role Playing Game	Intelligent Systems	1
Fire Emblem - The Sacred Stones (USA, Australia)	Fire Emblem : The Sacred Stones	2005	Tactical RPG/Role Playing Game	Intelligent Systems	1-4
Fire Pro Wrestling (USA, Europe)	Fire Pro Wrestling	2001	Sports / Wrestling/Sports	Vaill	1-4
Fire Pro Wrestling 2 (USA)	Fire Pro Wrestling 2	2002	Sports / Wrestling/Sports	Spike Co	1-2
Flashback Legends (France) (Proto)	Flashback Legends	2002	Adventure	Delphine Software International	1
Flintstones, The - Big Trouble in Bedrock (USA)	The Flintstones : Big Trouble in Bedrock	2001	Platform	H20 Interactive	1
Flushed Away (USA)	Flushed Away	2006	Platform	Altron	1
Ford Racing 3 (USA)	Ford Racing 3	2005	Racing, Driving	Visual Impact	1
Formation Soccer 2002 (Japan)	Formation Soccer 2002	2002	Sports / Football (Soccer)/Sports	Garden	1-4
Fortress (USA, Europe)	Fortress	2001	Puzzle/Strategy	Pipe Dream Interactive	1-2
Foster's Home for Imaginary Friends (USA)	Foster's Home for Imaginary Friends	2006	Puzzle/Adventure	Collision	1-2
Frank Herbert's Dune - Ornithopter Assault (Europe) (En,Fr,De,Es,It) (Proto)	Frank Herbert's Dune : Ornithopter Assault	2002	Shooter / Run and Gun/Shooter	Soft Brigade	1
Franklin the Turtle (USA) (En,Fr,De,Es,It,Sv,No,Da,Fi)	Franklin the Turtle	2005	Educational	InterActive Vision Games	1
Franklin's Great Adventures (USA) (En,Fr,Es)	Franklin's Great Adventures	2006	Platform	Neko Entertainment	1
Freekstyle (USA)	Freekstyle	2003	Racing, Driving	Full Fat	1
Frogger Advance - The Great Quest (USA)	Frogger Advance : The Great Quest	2002	Puzzle	Konami	1
Frogger's Adventures - Temple of the Frog (USA) (En,Fr,De,Es,It)	Frogger's Adventures : Temple of the Frog	2001	Racing, Driving	Konami	1
Frogger's Adventures 2 - The Lost Wand (USA) (En,Es)	Frogger's Adventures 2 : The Lost Wand	2002	Platform	Konami	1-4
Frogger's Journey - The Forgotten Relic (USA)	Frogger's Journey : The Forgotten Relic	2003	Platform	Konami	1
From TV Animation One Piece - Mezase! King of Berry (Japan)	From TV Animation One Piece : Mezase! King of Berry	2003	Board game	BeanCurd Label	1-4
From TV Animation One Piece - Nanatsu-jima no Daihihou (Japan)	From TV Animation One Piece : Nanatsu-jima no Daihihou	2002	Action RPG/Role Playing Game	Cavia	1
Fruits Mura no Doubutsu-tachi (Japan)	Fruits Mura no Doubutsu-tachi	2004	Casual Game	TDK Core	1
Fushigi no Kuni no Alice (Japan)	Fushigi no Kuni no Alice	2003	Board game	Global A Entertainment	1-4
Fushigi no Kuni no Angelique (Japan)	Fushigi no Kuni no Angelique	2002	Board game	Ruby Party	1-2
Futari wa Pretty Cure - Arienaai! Yume no Sono wa Daimeikyuu (Japan)	Futari wa Pretty Cure : Arienaai! Yume no Sono wa Daimeikyuu	2004	Adventure	Open Sesame	1
Futari wa Pretty Cure Max Heart - Maji Maji! Fight de IN Janai (Japan)	Futari wa Pretty Cure Max Heart : Maji Maji! Fight de IN Janai	2005	Fighting / 2D/Fighting	Open Sesame	1-2
Fuzz & Rocket (USA) (Proto)	Fuzz & Rocket	2003	Platform	Halfbrick Studios	1
Gachasute! Dino Device - Blue (Japan)	Gachasute! Dino Device : Blue	2002	Role Playing Game	AI	1
Gachasute! Dino Device - Red (Japan)	Gachasute! Dino Device : Red	2002	Role Playing Game	AI	1
Gachasute! Dino Device 2 - Dragon (Japan)	Gachasute! Dino Device 2 : Dragon	2003	Role Playing Game	AI	1
Gachasute! Dino Device 2 - Phoenix (Japan)	Gachasute! Dino Device 2 : Phoenix	2003	Role Playing Game	AI	1
Gachinko Pro Yakyuu (Japan)	Gachinko Pro Yakyuu	2002	Sports / Baseball/Sports	Now Production	1-2
Gadget Racers (USA)	Gadget Racers	2001	Racing, Driving	Electronics Application	1-4
Gakkou no Kaidan - Hyakuyoubako no Fuuin (Japan)	Gakkou no Kaidan : Hyakuyoubako no Fuuin	2004	Adventure	TDK	1
Gakkou o Tsukurou!! Advance (Japan)	Gakkou o Tsukurou!! Advance	2001	Strategy	Groove Box	1-2
Gakuen Alice - Dokidoki Fushigi Taiken (Japan)	Gakuen Alice : Dokidoki Fushigi Taiken	2004	Adventure	Rokumendo	1
Gakuen Senki Muryou (Japan)	Gakuen Senki Muryou	2003	Strategy	MTO Co	1
Galaxy Angel Game Boy Advance - Moridakusan Tenshi no Full-Course - Okawari Jiyuu (Japan)	Galaxy Angel Game Boy Advance : Moridakusan Tenshi no Full-Course, Okawari Jiyuu	2002	Strategy	Marvelous Entertainment	1
Galidor - Defenders of the Outer Dimension (USA) (En,Fr,De,Es,It,Nl,Sv,Da)	Galidor : Defenders of the Outer Dimension	2002	Platform/Sports	Tiertex	1
Gambler Densetsu Tetsuya - Yomigaeru Densetsu (Japan)	Gambler Densetsu Tetsuya : Yomigaeru Densetsu	2002	Mahjong/Asiatic board game	Athena	1
Game & Watch Gallery 4 (USA)	Game & Watch Gallery 4	2002		TOSE	1-2
Game Boy Wars Advance 1+2 (Japan)	Game Boy Wars Advance 1+2	2004	Compilation/Strategy	Intelligent Systems	1-4
Games Explosion! (USA)	Games Explosion!	2006	Compilation	Appendix Games	1-4
Ganbare! Dodge Fighters (Japan)	Ganbare! Dodge Fighters	2005	Sports / Dodgeball/Sports	Kamui	1-4
Garfield - The Search for Pooky (USA) (En,Fr,De,Es,It)	Garfield: The Search for Pooky	2005	Platform	InterActive Vision Games	1
Garfield and His Nine Lives (USA) (En,Fr,Es)	Garfield and His Nine Lives	2006	Platform	Lucky Jump	1
Gauntlet - Dark Legacy (USA)	Gauntlet : Dark Legacy	2002	Action / Adventure/Action	Pocket Studios	1-4
Gegege no Kitarou - Kikiippatsu! Youkai Rettou (Japan)	Gegege no Kitarou : Kikiippatsu! Youkai Rettou	2003	Action RPG/Role Playing Game	Konami	1
Gekido Advance - Kintaro's Revenge (USA)	Gekido Advance : Kintaro's Revenge	2003	Beat'em Up	NAPS Team	1
Gekitou Densetsu Noah - Dream Management (Japan)	Gekitou Densetsu Noah : Dream Management	2003	Sports / Wrestling/Sports		1-2
Gem Smashers (USA)	Gem Smashers	2003	Puzzle/Role Playing Game	Frame	1-2
Genseishin Justirisers - Souchaku! Hoshi no Senshi-tachi (Japan)	Genseishin Justirisers : Souchaku! Hoshi no Senshi-tachi	2004		Winky Soft	1
Gensou Maden Saiyuuki - Hangyaku no Toushin-taishi (Japan)	Gensou Maden Saiyuuki : Hangyaku no Toushin-taishi	2003	Adventure	Digital Kids	1
Gensou Suikoden - Card Stories (Japan)	Gensou Suikoden : Card Stories	2001	Strategy	Will	1
Get Ride! Amdriver - Senkou no Hero Tanjou! (Japan)	Get Ride! Amdriver : Senkou no Hero Tanjou!	2004	Strategy	Winky Soft	1
Get Ride! Amdriver - Shutsugeki! Battle Party (Japan)	Get Ride! Amdriver : Shutsugeki! Battle Party	2004	Board game	KCEJ	1-4
Get! - Boku no Mushi Tsukamaete (Japan)	Get! : Boku no Mushi Tsukamaete	2004	Simulation / Life/Simulation	Wizard	1
Get's!! Loto Club (Japan) (Proto)	Get's!! Loto Club				
GetBackers Dakkanya - Jagan Fuuin! (Japan)	GetBackers Dakkanya : Jagan Fuuin!	2003	Role Playing Game		1
GetBackers Dakkanya - Jigoku no Scaramouche (Japan)	GetBackers Dakkanya : Jigoku no Scaramouche	2001		Konami	1
GetBackers Dakkanya - Metropolis Dakkan Sakusen! (Japan)	GetBackers Dakkanya : Metropolis Dakkan Sakusen!	2003	Role Playing Game		1
Ghost Rider (USA, Europe) (En,Fr,De,Es,It,Nl)	Ghost Rider	2007	Platform/Fighting/Racing, Driving	Magic Pockets	1
Ghost Trap (Japan)	Ghost Trap	2002	Adventure	Artoon	1
Global Star - Sudoku Fever (USA)	Global Star Sudoku Fever	2006	Puzzle	Global Star Software	1
Go! Go! Beckham! - Adventure on Soccer Island (Europe) (En,Fr,De,Es,It)	Go! Go! Beckham! : Adventure on Soccer Island	2002	Platform	Denki	1
Godzilla - Domination! (USA)	Godzilla : Domination !	2002	Fighting	Wayforward	1
Goemon - New Age Shutsudou! (Japan)	Goemon : New Age Shutsudou!	2002	Platform	Konami	1
Golden Nugget Casino (USA, Europe)	Golden Nugget Casino	2004	Casino/Shooter / FPV/Shooter	Pipe Dream Interactive	1
Golden Sun (USA, Europe)	Golden Sun	2001	Role Playing Game	Camelot Software Planning	1-2
Golden Sun - The Lost Age (USA, Europe)	Golden Sun : The Lost Age	2003	Role Playing Game	Camelot Software Planning	1-2
GP-1 Racing (USA) (Proto)	GP-1 Racing	2003	Simulation / Vehicle/Simulation		1
Gradius Galaxies (USA)	Gradius Galaxies	2001	Shoot'em Up / Horizontal/Shoot'em Up	Mobile 21	1
Grand Theft Auto (USA)	Grand Theft Auto Advance	2004	Racing, Driving	Digital Eclipse	1
Green Eggs and Ham by Dr. Seuss (USA)	Dr. Seuss : Green Eggs and Ham	2003	Board game/Platform	Handheld Games	1
Greg Hastings' Tournament Paintball Max'd (USA)	Greg Hastings' Tournament Paintball Max'd	2006	Shooter / FPV/Shooter	WXP	1
Gremlins - Stripe vs Gizmo (USA)	Gremlins : Stripe vs Gizmo	2002	Platform/Puzzle	Magic Pockets	1-2
Grim Adventures of Billy & Mandy, The (USA)	The Grim Adventures of Billy & Mandy	2006	Platform	Full Fat	1
Groove Adventure Rave - Hikari to Yami no Daikessen (Japan)	Groove Adventure Rave : Hikari to Yami no Daikessen	2002	Fighting / 2D/Fighting	Konami	1-4
GT Advance - Championship Racing (USA, Europe)	GT Advance : Championship Racing	2001	Fighting/Racing, Driving	MTO Co	1-2
GT Advance 2 - Rally Racing (USA)	GT Advance 2 : Rally Racing	2001	Racing, Driving	MTO Co	1-2
GT Advance 3 - Pro Concept Racing (USA)	GT Advance 3 : Pro Concept Racing	2002	Racing, Driving	MTO Co	1
GT Racers (Europe) (En,Fr,De,Es,It)	GT Racers	2006	Racing, Driving	Alten8	1
Guilty Gear X - Advance Edition (USA)	Guilty Gear X : Advance Edition	2002	Fighting / Versus/Fighting	Arc System Works	1-2
Gumby vs. the Astrobots (USA)	Gumby vs. the Astrobots	2005	Platform	Torus Games	1
Gunstar Super Heroes (USA)	Gunstar Super Heroes	2005	Shooter / Run and Gun/Shooter	Treasure	1
Guranbo (Japan)	Guranbo	2001	Role Playing Game	Capcom	1-2
Guru Logichamp (Japan)	Guru Logic Champ	2001	Puzzle	Compile	1
Gyakuten Saiban (Japan)	Gyakuten Saiban	2001	Adventure	Capcom	1
Gyakuten Saiban 2 (Japan)	Gyakuten Saiban 2	2002	Adventure	Capcom	1
Gyakuten Saiban 3 (Japan)	Gyakuten Saiban 3	2004	Adventure	Capcom	1-4
Hachiemon (Japan)	Hachiemon	2003	Platform	Natsume	1
Hagane no Renkinjutsushi - Meisou no Rondo (Japan)	Hagane no Renkinjutsushi : Meisou no Rondo	2004	Role Playing Game	Tom Create	1
Hagane no Renkinjutsushi - Omoide no Sonata (Japan)	Hagane no Renkinjutsushi : Omoide no Sonata	2004	Japanese RPG/Role Playing Game	Tom Create	1
Hajime no Ippo - The Fighting! (Japan)	Hajime no Ippo : The Fighting!	2002	Fighting	Treasure	1-2
Hamepane - Tokyo Mew Mew (Japan)	Hamepane : Tokyo Mew Mew	2002	Puzzle	Winky Soft	1
Hamster Club 4 - Shigetchi Daidassou (Japan)	Hamster Club 4 : Shigetchi Daidassou	2003	Adventure	Nekogumi	1
Hamster Monogatari 2 GBA (Japan)	Hamster Monogatari 2 GBA	2001	Strategy	Culture Brain	1-2
Hamster Monogatari 3 GBA (Japan)	Hamster Monogatari 3 GBA	2002	Strategy	Culture Brain	1
Hamster Monogatari 3EX 4 Special (Japan)	Hamster Monogatari 3EX 4 Special	2003	Strategy	Culture Brain	1
Hamster Monogatari Collection (Japan)	Hamster Monogatari Collection	2003	Compilation	Culture Brain	1
Hamster Paradise - Pure Heart (Japan)	Hamster Paradise : Pure Heart	2003	Simulation / Life/Simulation	Digital Kids	1-2
Hamster Paradise Advanchu (Japan)	Hamster Paradise Advanchu	2002	Simulation / Life/Simulation	Digital Kids	1
Hamtaro - Ham-Ham Games (Japan, USA) (En,Ja)	Hamtaro : Ham-Ham Games	2004	Sports / Multisports/Sports/Puzzle	Alpha Dream	1
Hamtaro - Ham-Ham Heartbreak (USA)	Hamtaro : Ham-Ham Heartbreak	2003	Adventure	Pax Softnica	1-2
Hamtaro - Rainbow Rescue (Europe) (En,Fr,De,Es,It)	Hamtaro : Rainbow Rescue	2003	Adventure	Graphic Research	1-2
Hanabi Hyakkei Advance (Japan)	Hanabi Hyakkei Advance	2004	Casino / Slot machine/Strategy/Casino		1
Hanafuda Trump Mahjong - Depachika Wayouchuu (Japan)	Hanafuda Trump Mahjong : Depachika Wayouchuu	2002	Mahjong/Hanafuda/Asiatic board game	Global A Entertainment	1
Happy Feet (USA) (En,Fr)	Happy Feet	2006	Rhythm/Music and Dancing	Artificial Mind & Movement	1
Hardcore Pinball (USA, Europe)	Hardcore Pinball	2002	Pinball	Paragon Software	1
Hardcore Pool (Europe) (En,De,Es,It)	Hardcore Pool	2003	Sports / Pool/Sports	Frontline	1
Harlem Globetrotters - World Tour (USA)	Harlem Globetrotters : World Tour	2006	Sports / Basketball/Sports	DSI Games	1
Harobots - Robo Hero Battling!! (Japan)	Harobots : Robo Hero Battling!!	2002	Action RPG/Role Playing Game	Sunrise Software	1
Harry Potter - Quidditch World Cup (USA, Europe) (En,Fr,De,Es,It,Nl,Da)	Harry Potter : Quidditch World Cup	2003	Sports	Magic Pockets	1-2
Harry Potter and the Chamber of Secrets (USA, Europe) (En,Fr,De,Es,It,Nl,Pt,Sv,No,Da)	Harry Potter and the Chamber of Secrets	2002	Adventure	Eurocom	1
Harry Potter and the Goblet of Fire (USA, Europe) (En,Fr,De,Es,It,Nl,Da)	Harry Potter and the Goblet of Fire	2005	Adventure	Magic Pockets	1-2
Harry Potter and the Order of the Phoenix (USA, Europe) (En,Fr,De,Es,It,Nl,Da)	Harry Potter and the Order of the Phoenix	2007	Adventure	EA Games	1
Harry Potter and the Prisoner of Azkaban (USA, Europe) (En,Fr,De,Es,It,Nl,Da)	Harry Potter and the Prisoner of Azkaban	2004	Role Playing Game/Adventure	Griptonite Games	1
Harry Potter and the Sorcerer's Stone (USA, Europe) (En,Fr,De,Es,It,Nl,Pt,Sv,No,Da)	Harry Potter and the Sorcerer's Stone	2001	Adventure	Griptonite Games	1
Harry Potter Collection (Europe) (En,Fr,De,Es,It,Nl,Pt,Sv,No,Da)	Harry Potter Collection	2007	Action / Adventure/Compilation/Action	Electronic Arts	1
Harvest Moon - Friends of Mineral Town (USA)	Harvest Moon : Friends of Mineral Town	2003		TOSE	1
Harvest Moon - More Friends of Mineral Town (USA)	Harvest Moon : More Friends of Mineral Town	2005	Simulation/Strategy	TOSE	1
Hatena Satena (Japan)	Hatena Satena	2001	Puzzle	Hudson Soft	1
Haunted Mansion, The (USA) (Proto)	The Haunted Mansion			Pocket Studios	1
Heidi - The Game (Europe) (En,Fr,De,Es,It)	Heidi : The Game	2005	Platform	Independent Arts	1
Hello Kitty - Happy Party Pals (USA)	Hello Kitty: Happy Party Pals	2005	Action/Action / Adventure	Webfoot Technologies	1
Hello Kitty Collection - Miracle Fashion Maker (Japan)	Hello Kitty Collection : Miracle Fashion Maker	2001	Adventure	Access Games	1
Hello! Idol Debut - Kids Idol Ikusei Game (Japan)	Hello! Idol Debut : Kids Idol Ikusei Game	2004	Strategy	TDK Core	1
Herbie - Fully Loaded (USA)	Herbie : Fully Loaded	2005	Racing, Driving	Climax	1
Hey Arnold! - The Movie (USA)	Hey Arnold! The Movie	2002	Platform	Altron	1
Hi Hi Puffy AmiYumi - Kaznapped! (USA)	Hi Hi Puffy AmiYumi : Kaznapped!	2005	Platform	Altron	1
Hi Hi Puffy AmiYumi - Puffy Ami Yumi and the Manga Madman! (USA) (Proto)	Hi Hi Puffy AmiYumi - Puffy Ami Yumi and the Manga Madman!	2024	Platform	Altron	1
Higanbana (Japan) (Rev 1)	Higanbana	2002	Adventure	TOSE	1
High Heat Major League Baseball 2002 (USA, Europe)	High Heat Major League Baseball 2002	2001	Sports / Baseball/Sports	Mobius Entertainment	1
High Heat Major League Baseball 2003 (USA)	High Heat Major League Baseball 2003	2002	Sports / Baseball/Sports	Mobius Entertainment	1-2
High School Musical - Livin' the Dream (USA)	High School Musical : Livin' the Dream	2007	Platform	Artificial Mind & Movement	1
Hikaru no Go (Japan)	Hikaru no Go	2001	Go/Puzzle/Board game/Asiatic board game	KCEJ	1
Hikaru no Go 2 (Japan)	Hikaru no Go 2	2002	Go/Asiatic board game	KCEJ	1
Hime Kishi Monogatari - Princess Blue (Japan)	Hime Kishi Monogatari : Princess Blue	2002	Adventure / Visual Novel/Adventure	Tonkin House	1
Hobbit, The - The Prelude to the Lord of the Rings (USA)	The Hobbit	2002	Adventure	Saffire	1
Home on the Range (USA) (En,Fr)	Home on the Range	2004	Platform	Artificial Mind & Movement	1
Horsez (USA)	Horsez	2007	Simulation / Life/Simulation	Independent Arts	1
Hot Potato! (USA)	Hot Potato!	2001	Puzzle/Racing, Driving	Pukka Games	1
Hot Wheels - All Out (USA)	Hot Wheels : All Out	2006	Racing, Driving	TwoFiveSix	1
Hot Wheels - Burnin' Rubber (USA)	Hot Wheels : Burnin' Rubber	2001	Racing, Driving	Altron	1-2
Hot Wheels - Stunt Track Challenge (USA, Europe)	Hot Wheels : Stunt Track Challenge	2004	Racing, Driving	Razorback Developments	1-2
Hot Wheels - Velocity X (USA)	Hot Wheels : Velocity X	2002	Racing, Driving	Saffire	1
Hot Wheels - World Race (USA)	Hot Wheels : World Race	2003	Racing, Driving	Climax	1-4
Hudson Best Collection Vol. 1 - Bomberman Collection (Japan)	Hudson Best Collection Vol. 1 : Bomber Man Collection	2005	Compilation	Hudson Soft	1
Hudson Best Collection Vol. 2 - Lode Runner Collection (Japan)	Hudson Best Collection Vol. 2 : Lode Runner Collection	2005	Compilation/Shooter	Hudson Soft	1
Hudson Best Collection Vol. 3 - Action Collection (Japan)	Hudson Best Collection Vol. 3 : Action Collection	2005	Compilation	Hudson Soft	1
Hudson Best Collection Vol. 4 - Nazotoki Collection (Japan)	Hudson Best Collection Vol. 4 : Nazotoki Collection	2005	Compilation	Hudson Soft	1
Hudson Best Collection Vol. 5 - Shooting Collection (Japan)	Hudson Best Collection Vol. 5 : Shooting Collection	2006	Compilation	Hudson Soft	1
Hudson Best Collection Vol. 6 - Bouken-jima Collection (Japan)	Hudson Best Collection Vol. 6 : Bouken-jima Collection	2006	Compilation	Hudson Soft	1
Hugo - Bukkazoom! (Europe) (En,Fr,De,Es,It,Nl,Pt,Sv,No,Da,Fi,Pl)	Hugo : Bukkazoom!	2003	Racing, Driving/Puzzle	ITE Media	1-2
Hugo - The Evil Mirror (USA) (En,Fr,Es)	Hugo : The Evil Mirror	2005	Platform	ITE Media	1
Hugo 2 in 1 (Europe) (En,Fr,De,Es,It,Nl,Pt,Sv,No,Da,Fi,Pl)	Hugo 2 in 1	2005	Compilation	ITE Media	1
Hunter X Hunter - Minna Tomodachi Daisakusen!! (Japan)	Hunter X Hunter : Minna Tomodachi Daisakusen!!	2003	Role Playing Game	Konami	1
I Spy Challenger! (USA)	I Spy Challenger!	2002	Puzzle	Black Hammer Game	1
I-Ninja (USA) (Proto)	I-Ninja		Platform	Argonaut Games	1
Ice Age (USA) (En,Fr,Es)	Ice Age	2002	Platform	Artificial Mind & Movement	1
Ice Age 2 - The Meltdown (USA)	Ice Age 2 : The Meltdown	2006		Amaze Entertainment	1
Ice Nine (USA, Europe) (En,Fr,De,Es,It)	Ice Nine	2005	Shooter/Shooter / FPV	Torus Games	1-4
Ignition Collection - Volume 1 (Europe)	Ignition Collection : Volume 1	2006	Compilation	Ignition Entertainment	1
IK+ (USA)	International Karate Plus	2003	Fighting / 2D/Fighting	Ignition Entertainment	1-2
Incredible Hulk, The (USA)	The Incredible Hulk	2003	Adventure	Pocket Studios	1
Incredibles, The (USA, Europe)	The Incredibles	2004	Beat'em Up	Helixe	1
Incredibles, The - Rise of the Underminer (USA, Europe)	The Incredibles : Rise of the Underminer	2005	Platform	Helixe	1
Initial D - Another Stage (Japan)	Initial D : Another Stage	2002	Racing, Driving	Sammy Corporation	1-2
Inspector Gadget - Advance Mission (USA)	Inspector Gadget : Advance Mission	2001	Platform	Magic Pockets	1
Inspector Gadget Racing (Europe) (En,Fr,De,Es,It,Nl)	Inspector Gadget Racing	2002	Racing, Driving	Bit Managers	1-4
International Karate Advanced (Europe)	International Karate Advanced	2001	Fighting / Versus/Fighting	Studio 3	1-2
International Superstar Soccer (Europe)	International Superstar Soccer	2001	Shooter/Sports / Football (Soccer)/Sports	Konami	1-2
International Superstar Soccer Advance (Europe)	International Superstar Soccer Advance	2001	Sports / Football (Soccer)/Sports	Konami	1-2
Inukko Club (Japan)	Inukko Club	2002	Adventure	Jorudan	1
Inuyasha - Naraku no Wana! Mayoi no Mori no Shoutaijou (Japan)	Inuyasha : Naraku no Wana! Mayoi no Mori no Shoutaijou	2003	Board game	Winky Soft	1
Invader (Europe)	Invader	2002	Shoot'em Up / Vertical/Shoot'em Up	Lost Boys Games	1-2
Invincible Iron Man, The (USA, Europe)	The Invincible Iron Man	2002	Platform / Fighter Scrolling/Platform	Torus Games	1
Iridion 3D (World) (Steam, GOG)	Iridion 3D	2001	Shooter / Plane, TPV/Shooter	Shin'en Multimedia	1
Iridion II (USA)	Iridion II	2003	Shooter / Plane, TPV/Simulation/Shooter	Shin'en Multimedia	1
Iron Kid (Korea)	Iron Kid	2007	Platform	Daiwon C&A	
Island Xtreme Stunts (USA, Europe) (En,Fr,De,Es,It,Nl,Sv,Da)	Island Xtreme Stunts	2001	Action / Adventure/Action	Silicon Dreams	1-2
Isseki Hatchou - Kore 1ppon de 8shurui! (Japan)	Isseki Hatchou : Kore 1ppon de 8shurui!	2002	Asiatic board game	Konami	1-4
It's Mr. Pants (USA, Europe)	It's Mr. Pants	2005	Puzzle/Strategy	Rareware	1
J.League Pocket (Japan)	J.League Pocket	2001	Sports / Football (Soccer)/Sports	KCEO	1-2
J.League Pocket 2 (Japan)	J.League Pocket 2	2002	Sports / Football (Soccer)/Sports	KCEO	1
J.League Pro Soccer Club o Tsukurou! Advance (Japan)	J.League Pro Soccer Club o Tsukurou! Advance	2002	Sports / Football (Soccer)/Sports	Smilebit	1-2
J.League Winning Eleven Advance 2002 (Japan)	J.League Winning Eleven Advance 2002	2002	Sports / Football (Soccer)/Sports	KCET	1-2
Jackie Chan Adventures - Legend of the Dark Hand (USA, Europe)	Jackie Chan Adventures : Legend of the Dark Hand	2001	Beat'em Up	Torus Games	1
Jajamaru Jr. Denshouki - Jalecolle mo Arisourou (Japan)	Jajamaru Jr. Denshouki : Jalecolle mo Arisourou	2004	Compilation		1
James Pond - Codename Robocod (USA) (En,Fr,Es,Pt)	James Pond : Codename RoboCod	2005	Platform	Creature Labs	1
Jazz Jackrabbit (USA, Europe)	Jazz Jackrabbit	2002	Platform / Shooter Scrolling/Platform	Game Titan	1-4
Jet Grind Radio (USA)	Jet Grind Radio	2003	Sports	Vicarious Vision	1-4
JGTO Kounin Golf Master Mobile - Japan Golf Tour Game (Japan)	JGTO Kounin Golf Master mobile : Japan Golf Tour Game	2001	Sports / Golf/Sports	Konami Computer Entertainment Nagoya	1-2
Jimmy Neutron - Boy Genius (USA)	Jimmy Neutron: Boy Genius	2001	Platform	Human Soft	1-4
Jinsei Game Advance (Japan)	Jinsei Game Advance	2002	Board game	Takara	1-4
Jissen Pachi-Slot Hisshouhou! - Juuou Advance (Japan)	Jissen Pachi-Slot Hisshouhou! : Juuou Advance	2002	Casino	Sammy Corporation	1
Jonny Moseley Mad Trix (USA) (En,Fr,De,Es,It)	Jonny Moseley Mad Trix	2002	Sports / Skiing/Sports	GFX Construction	1
Juka and the Monophonic Menace (USA) (En,Fr,Es)	Juka and the Monophonic Menace	2006	Role Playing Game	Orbital Media	1
Jungle Book, The (USA) (En,Fr,De,Es,It,Nl)	The Jungle Book	2003	Puzzle/Adventure	Visual Impact	1
Jurassic Park III - Island Attack (USA)	Jurassic Park III : Island Attack	2001	Action/Action / Adventure	Konami	1
Jurassic Park III - Park Builder (USA)	Jurassic Park III : Park Builder	2001	Build And Management/Puzzle/Simulation	Konami	1-2
Jurassic Park III - The DNA Factor (USA)	Jurassic Park III : The DNA Factor	2001	Platform/Fighting	Konami	1
Jurassic Park Institute Tour - Dinosaur Rescue (Japan)	Jurassic Park Institute Tour : Dinosaur Rescue	2003		KAZe	1
Justice League - Chronicles (USA)	Justice League Chronicles	2003	Beat'em Up	Full Fat	1-2
Justice League - Injustice for All (USA)	Justice League : Injustice for All	2001	Platform / Fighter Scrolling/Fighting/Platform	Saffire	1
Justice League Heroes - The Flash (USA)	Justice League Heroes : The Flash	2006	Beat'em Up	Wayforward	1
K-1 Pocket Grand Prix (Japan)	K-1 Pocket Grand Prix	2002	Fighting	Daft	1-2
K-1 Pocket Grand Prix 2 (Japan)	K-1 Pocket Grand Prix 2	2002	Fighting	Daft	1-2
Kaeru B Back (Japan)	Kaeru B Back	2002	Role Playing Game	Kadokawa Games	1
Kaiketsu Zorori to Mahou no Yuuenchi - Ohimesama o Sukue! (Japan)	Kaiketsu Zorori to Mahou no Yuuenchi : Ohimesama o Sukue!	2004		Suzak	1
Kamaitachi no Yoru Advance (Japan)	Kamaitachi no Yoru Advance	2002	Adventure / Visual Novel/Adventure	Chunsoft	1
Kami no Kijutsu - Illusion of the Evil Eyes (Japan)	Kami no Kijutsu : Illusion of the Evil Eyes	2002	Board game	KCEJ	1-2
KAO the Kangaroo (USA) (En,Fr,De,Es,It,Nl)	Kao the Kangaroo	2001	Racing, Driving	Titus	1
Kappa no Kai-kata - Kaatan Daibouken! (Japan)	Kappa no Kai-kata : Kaatan Daibouken!	2005	Platform	KCEJ	1
Karnaaj Rally (USA, Europe)	Karnaaj Rally	2003	Racing, Driving	Paragon Software	1-4
Kawa no Nushi Tsuri 3 & 4 (Japan)	Kawa no Nushi Tsuri 3 & 4	2006	Compilation/Fishing/Hunting and Fishing	Marvelous Entertainment	1
Kawa no Nushi Tsuri 5 - Fushigi no Mori kara (Japan)	Kawa no Nushi Tsuri 5 : Fushigi no Mori kara	2002	Fishing/Hunting and Fishing	TOSE	1
Kawaii Pet Game Gallery (Japan)	Kawaii Pet Game Gallery	2003	Simulation / Life/Simulation	Culture Brain	1
Kawaii Pet Game Gallery 2 (Japan)	Kawaii Pet Game Gallery 2	2004	Compilation	Culture Brain	1
Kawaii Pet Shop Monogatari 3 (Japan)	Kawaii Pet Shop Monogatari 3	2002	Strategy	Pacific Century Cyber Works	1
Keitai Denjuu Telefang 2 - Power (Japan)	Keitai Denjuu Telefang 2 : Power	2002	Role Playing Game	Natsume	1
Keitai Denjuu Telefang 2 - Speed (Japan)	Keitai Denjuu Telefang 2 : Speed	2002	Role Playing Game	Natsume	1
Kelly Slater's Pro Surfer (USA, Europe)	Kelly Slater's Pro Surfer	2002	Sports / Water/Sports	Treyarch	1-2
Keroro Gunsou - Taiketsu! Gekisou Keronprix Daisakusen de Arimasu!! (Japan)	Keroro Gunsou : Taiketsu! Gekisou Keronprix Daisakusen de Arimasu!!	2004	Racing, Driving	Sunrise Interactive	1-2
Kessaku Sen! - Ganbare Goemon 1, 2 - Yuki Hime to Magginesu (Japan)	Kessaku Sen! : Ganbare Goemon 1, 2, Yuki Hime to Magginesu	2005	Compilation	Konami	1
Kid Paddle (Europe) (Fr,Nl)	Kid Paddle	2005	Platform	Mistic Software	1
Kid's Cards (USA)	Kid's Cards	2006	Playing cards/Strategy	Skyworks Interactive	1
Kidou Gekidan Haro Ichiza - Haro no Puyo Puyo (Japan)	Kidou Gekidan Haro Ichiza Haro no Puyo Puyo	2005	Puzzle / Fall/Puzzle	Bandai	1
Kidou Senshi Gundam SEED - Tomo to Kimi to Koko de. (Japan)	Kidou Senshi Gundam Seed : Tomo to Kimi to Koko de.	2004	Strategy	Bandai	1
Kidou Senshi Gundam SEED Destiny (Japan)	Kidou Senshi Gundam Seed Destiny	2004	Fighting / 2D/Fighting	Natsume	1-2
Kidou Tenshi Angelic Layer - Misaki to Yume no Tenshi-tachi (Japan)	Kidou Tenshi Angelic Layer : Misaki to Yume no Tenshi-tachi	2001	Beat'em Up	Epoch	1
Kien (USA) (Proto)	Kien	2004	Role Playing Game/Platform	PM	1
Kill Switch (USA)	Kill.Switch	2004	Shooter / TPV/Shooter	Visual Impact	1
Killer 3D Pool (USA)	Killer 3D Pool	2005	Sports / Pool/Sports	Gravity-i	1-2
Kim Possible - Revenge of Monkey Fist (USA)	Kim Possible : Revenge of Monkey Fist	2002	Platform	Digital Eclipse	1
Kim Possible 2 - Drakken's Demise (USA) (En,Fr)	Kim Possible 2 : Drakken's Demise	2004	Platform	Artificial Mind & Movement	1
Kim Possible 3 - Team Possible (USA) (En,Fr)	Kim Possible III : Team Possible	2005	Platform	Artificial Mind & Movement	1-2
King of Fighters EX 2, The - Howling Blood (USA)	The King of Fighters EX 2 : Howling Blood	2003	Fighting / Versus/Fighting	Marvelous Entertainment	1-2
King of Fighters EX, The - NeoBlood (USA)	The King of Fighters EX : Neo Blood	2002	Fighting / 2D/Role Playing Game/Fighting	Artoon	1-2
Kingdom Hearts - Chain of Memories (USA)	Kingdom Hearts : Chain of Memories	2004	Role Playing Game	Jupiter	1-2
Kinniku Banzuke - Kimero! Kiseki no Kanzen Seiha (Japan)	Kinniku Banzuke : Kimero! Kiseki no Kanzen Seiha	2001	Sports	Jupiter Multimedia	1
Kinniku Banzuke - Kongou-kun no Daibouken! (Japan)	Kinniku Banzuke : Kongou-kun no Daibouken!	2001	Sports	Jupiter Multimedia	1
Kirby & The Amazing Mirror (USA)	Kirby & the Amazing Mirror	2004	Platform	Flagship	1-4
Kirby - Nightmare in Dream Land (USA)	Kirby : Nightmare in Dream Land	2002	Platform/Role Playing Game	HAL Laboratory	1-4
Kisekko Gurumii - Chesty to Nuigurumi-tachi no Mahou no Bouken (Japan)	Kisekko Gurumii : Chesty to Nuigurumi-tachi no Mahou no Bouken	2003	Adventure	MTO Co	1-2
Kiss x Kiss - Seirei Gakuen (Japan)	Kiss x Kiss Seirei Gakuen	2004	Strategy	Kamui	1
Kiwame Mahjong Deluxe - Mirai Senshi 21 (Japan)	Kiwame Mahjong Deluxe : Mirai Senshi 21	2001	Mahjong/Asiatic board game	Athena	1-4
Klonoa - Empire of Dreams (USA)	Klonoa : Empire of Dreams	2001	Platform/Puzzle	Now Production	1
Klonoa 2 - Dream Champ Tournament (USA)	Klonoa 2 : Dream Champ Tournament	2005	Platform	Now Production	1
Klonoa Heroes - Densetsu no Star Medal (Japan)	Klonoa Heroes : Densetsu no Star Medal	2002	Role Playing Game	Namco	1
Knights' Kingdom (USA)	LEGO Knights Kingdom	2004	Action RPG/Role Playing Game	Razorback Developments	1-2
Koala Brothers - Outback Adventures (USA) (En,Fr,De,Es,It,Nl,Pt,Da)	The Koala Brothers : Outback Adventures	2006	Adventure	Sirius Games	1
Koinu to Issho - Aijou Monogatari (Japan)	Koinu to Issho : Aijou Monogatari	2003	Adventure	Culture Brain	1
Koinu to Issho 2 (Japan)	Koinu To Issho 2 : Aijou Monogatari	2004	Strategy		1
Koinu-chan no Hajimete no Osanpo - Koinu no Kokoro Ikusei Game (Japan)	Koinu-chan no Hajimete no Osanpo : Koinu no Kokoro Ikusei Game	2003	Simulation / Life/Simulation	TDK	1
Konami Collector's Series - Arcade Advanced (USA)	Konami Collector's Series : Arcade Advanced	2002	Compilation	Konami	1-2
Konami Krazy Racers (USA)	Konami Krazy Racers	2001	Racing, Driving	Konami	1-2
Konchuu Monster - Battle Master (Japan)	Konchuu Monster Battle Master	2005	Role Playing Game	Culture Brain	1
Konchuu Monster - Battle Stadium (Japan)	Konchuu Monster Battle Stadium	2005	Role Playing Game	Culture Brain	1
Konchuu no Mori no Daibouken - Fushigi na Sekai no Juunin-tachi (Japan)	Konchuu no Mori no Daibouken : Fushigi na Sekai no Juunin-tachi	2005		Culture Brain	1
Kong - King of Atlantis (USA)	Kong : King in Atlantis	2005	Platform	Skyworks Technologies	1
Kong - The 8th Wonder of the World (USA) (En,Fr,Es)	Kong : The 8th Wonder of the World	2005	Action / Adventure/Action	Ubisoft	1
Kong - The Animated Series (USA) (En,Fr,De,Es,It,Nl)	Kong : The Animated Series	2002	Platform	Planet Interactive	1
Konjiki no Gashbell!! - Makai no Bookmark (Japan)	Konjiki no Gashbell!! : Makai no Bookmark	2004	Role Playing Game	Banpresto	1-2
Konjiki no Gashbell!! - Unare! Yuujou no Zakeru 2 (Japan)	Konjiki no Gashbell!! : Unare! Yuujou no Zakeru 2	2004	Fighting / 2D/Fighting	Eighting	1-2
Konjiki no Gashbell!! The Card Battle for GBA (Japan)	Konjiki no Gashbell!! The Card Battle for GBA	2005	Strategy	Banpresto	1-2
Konjiki no Gashbell!! Yuujou no Zakeru - Dream Tag Tournament (Japan)	Konjiki no Gashbell!! Yuujou no Zakeru : Dream Tag Tournament	2005	Fighting / 2D/Fighting	Dimps	1-2
Korokoro Puzzle - Happy Panecchu! (Japan)	Koro Koro Puzzle : Happy Panechu!	2002	Puzzle	Nintendo	1-2
Kotoba no Puzzle - Mojipittan Advance (Japan)	Kotoba no Puzzle : Mojipittan Advance	2003	Puzzle	Namco	1
Kouchuu Ouja Mushiking - Greatest Champion e no Michi (Japan)	Kouchuu Ouja Mushiking : Greatest Champion e no Michi	2005			1-2
Koukou Juken Advance Series Eigo Koubun Hen - 26 Units Shuuroku (Japan)	Koukou Juken Advance Series Eigo Koubun Hen : 26 Units Shuuroku	2001	Educational		1
Koukou Juken Advance Series Eijukugo Hen - 650 Phrases Shuuroku (Japan)	Koukou Juken Advance Series Eijukugo Hen : 650 Phrases Shuuroku	2001			1
Koukou Juken Advance Series Eitango Hen - 2000 Words Shuuroku (Japan)	Koukou Juken Advance Series Eitango Hen : 2000 Words Shuuroku	2001			1
Kunio-kun Nekketsu Collection 1 (Japan)	Kunio-kun Nekketsu Collection 1	2005	Compilation	Million	1
Kunio-kun Nekketsu Collection 2 (Japan)	Kunio-kun Nekketsu Collection 2	2005	Compilation	Million	1-2
Kunio-kun Nekketsu Collection 3 (Japan)	Kunio-kun Nekketsu Collection 3	2006	Compilation	Million	1-2
Kurohige no Golf Shiyouyo (Japan)	Kurohige no Golf Shiyouyo	2002	Sports / Golf/Sports	Inti Creates	1-2
Kurohige no Kurutto Jintori (Japan)	Kurohige no Kurutto Jintori	2002	Puzzle	Happy-Smile	1-4
Kurukuru Kururin (Europe)	Kurukuru Kururin	2001	Action / Labyrinth/Action	Eighting	1-4
Kururin Paradise (Japan)	Kururin Paradise	2002	Action / Labyrinth/Action	Eighting	1-4
Lady Sia (USA) (En,Fr,De,Es,It,Nl)	Lady Sia	2001	Platform	RFX Interactive	1
Land Before Time, The (USA) (En,Es)	The Land Before Time	2002	Platform/Racing, Driving	Full Fat	1
Land Before Time, The - Into the Mysterious Beyond (USA) (En,Fr,Es)	The Land Before Time: Into the Mysterious Beyond	2006	Platform	Sirius Games	1
Lara Croft Tomb Raider - Legend (USA) (En,Fr,De,Es,It)	Tomb Raider : Legend	2006	Action / Adventure/Action	Human Soft	1
Lara Croft Tomb Raider - The Prophecy (USA) (En,Fr,De,Es,It)	Lara Croft Tomb Raider : The Prophecy	2002	Action / Adventure/Action	Ubisoft	1
Legend of Dynamic - Goushouden - Houkai no Rondo (Japan)	Legend of Dynamic Goushouden : Houkai no Rondo	2003	Role Playing Game	Will	1
Legend of Spyro, The - A New Beginning (USA)	The Legend of Spyro : A New Beginning	2006	Platform	Krome	1
Legend of Spyro, The - The Eternal Night (USA) (En,Fr)	The Legend of Spyro : The Eternal Night	2007	Platform	Amaze Entertainment	1
Legend of Zelda, The - A Link to the Past & Four Swords (USA)	The Legend of Zelda : A Link to the Past & Four Swords	2002	Role Playing Game	Nintendo	1-4
Legend of Zelda, The - The Minish Cap (USA)	The Legend of Zelda : The Minish Cap	2005	Role Playing Game	Capcom	1
Legends of Wrestling II (USA, Europe)	Legends of Wrestling II	2002	Sports / Wrestling/Sports	Powerhead Games	1
Legendz - Sign of Nekuromu (Japan)	Legendz : Sign of Nekuromu	2005	Role Playing Game	Bandai	1
Legendz - Yomigaeru Shiren no Shima (Japan)	Legendz : Yomigaeru Shiren no Shima	2004	Role Playing Game	BEC	1
LEGO Bionicle (USA) (En,Fr)	LEGO Bionicle	2001	Action / Adventure/Action	Saffire	1
LEGO Island 2 - The Brickster's Revenge (USA) (En,Fr)	LEGO Island 2 : The Brickster's Revenge	2001		Silicon Dreams	1-2
LEGO Racers 2 (USA) (En,Fr)	LEGO Racers 2	2001	Puzzle/Racing, Driving	Pocket Studios	1-4
LEGO Star Wars - The Video Game (USA, Europe) (En,Fr,De,Es,It,Nl,Da)	LEGO Star Wars : The Video Game	2005	Adventure	Griptonite Games	1
LEGO Star Wars II - The Original Trilogy (USA)	LEGO Star Wars II : The Original Trilogy	2006	Action / Adventure/Action	Amaze Entertainment	1-2
Lemony Snicket's A Series of Unfortunate Events (USA, Europe)	Lemony Snicket's A Series of Unfortunate Events	2004	Platform	Griptonite Games	1
Let's Ride! - Dreamer (USA)	Let's Ride! : Dreamer	2006	Simulation	Kritzelkratz	1
Let's Ride! - Friends Forever (USA)	Let's Ride! : Friends Forever	2007	Simulation	DTP Young Entertainment	1
Let's Ride! - Sunshine Stables (USA)	Let's Ride! : Sunshine Stables	2005	Horse racing/Simulation/Sports with animals	Independent Arts	1
Licca-chan no Oshare Nikki (Japan)	Licca-chan no Oshare Nikki	2004	Adventure		1
Lilliput Oukoku - Lillimoni to Issho Puni! (Japan)	Lilliput Oukoku : Lillimoni to Issho Puni!	2004		Alpha Unit	1
Lilo & Stitch (USA)	Lilo & Stitch	2002	Platform	Digital Eclipse	1
Lilo & Stitch 2 - Haemsterviel Havoc (USA)	Disney's Lilo & Stitch 2: Hamsterviel Havoc	2004	Platform	Climax	1
Lion King 1 1-2, The (USA)	The Lion King 1 1/2	2003	Platform	Vicarious Vision	1
Little Buster Q (Japan)	Little Buster Q	2002	Role Playing Game	Amedio	1-2
Little Einsteins (USA)	Disney's Little Einstein	2006	Educational	Inlight Entertainment	1
Little League Baseball 2002 (USA) (En,Es)	Little League Baseball 2002	2002	Sports / Baseball/Sports	Handheld Games	1
Little Mermaid, The - Magic in Two Kingdoms (USA, Europe) (En,Fr,De,Es,It)	The Little Mermaid: Magic in Two Kingdoms	2006	Action / Adventure/Action	Gorilla Systems	1
Little Patissier - Cake no Oshiro (Japan)	Little Patissier : Cake no Oshiro	2004	Board game	MTO Co	1
Lizzie McGuire - On the Go! (USA)	Lizzie McGuire : On the Go!	2003	Platform/Role Playing Game	Digital Eclipse	1
Lizzie McGuire 2 - Lizzie Diaries (USA) (En,Fr)	Lizzie McGuire 2 : Lizzie Diaries	2004	Platform	Artificial Mind & Movement	1
Lizzie McGuire 3 - Homecoming Havoc (USA)	Lizzie McGuire 3 : Homecoming Havoc	2005	Music and Dancing	Climax	1
Lode Runner (Japan)	Lode Runner	2003	Platform / Run & Jump/Platform	Success	1
Looney Tunes - Back in Action (USA, Europe) (En,Fr,De,Es,It)	Looney Tunes : Back in Action	2003	Platform	Warthog	1
Looney Tunes Double Pack (USA)	Looney Tunes: Double Pack - Dizzy Driving / Acme Antics	2005	Compilation	Warner Bros. Games	1
Lord of the Rings, The - The Fellowship of the Ring (USA)	The Lord of the Rings: The Fellowship of the Ring	2002	Role Playing Game	Pocket Studios	1
Lord of the Rings, The - The Return of the King (USA, Europe) (En,Fr,De,Es,It)	The Lord of the Rings : The Return of the King	2003	Beat'em Up	Griptonite Games	1-2
Lord of the Rings, The - The Third Age (USA, Europe) (En,Fr,De,Es,It)	The Lord of the Rings : The Third Age	2004	Role Playing Game	Griptonite Games	1-2
Lord of the Rings, The - The Two Towers (USA, Europe) (En,Fr,De,Es,It,Nl)	The Lord of the Rings : The Two Towers	2002	Role Playing Game	Griptonite Games	1-2
Lost Vikings, The (USA)	The Lost Vikings	2003	Platform	Blizzard Classic Arcade	1
Love Hina Advance - Shukufuku no Kane wa Naru Kana (Japan)	Love Hina Advance : Shukufuku no Kane wa Naru Kana	2001	Adventure / Visual Novel/Adventure	Marvelous Entertainment	1
Lucky Luke - Wanted! (Europe) (En,Fr,De,Es,It,Nl)	Lucky Luke : Wanted!	2001	Platform / Shooter Scrolling/Platform	Wizard Software	1-2
Lufia - The Ruins of Lore (USA)	Lufia : The Ruins of Lore	2003	Role Playing Game	Taito	1-4
Lunar Legend (USA)	Lunar Legend	2002	Role Playing Game	Game Arts	1-2
M&M's - Blast! (USA)	M&M's : Blast!	2001	Board game	Pipe Dream Interactive	1
M&M's - Break' Em (USA) (Rev 1)	M&M's : Break 'em	2007	Puzzle	Frame Studios Interactive	1-2
Madagascar (USA)	Madagascar	2005	Platform	Vicarious Vision	1
Madagascar - Operation Penguin (USA)	Madagascar : Operation Penguin	2005	Platform	Vicarious Vision	1
Madden NFL 06 (USA)	Madden NFL 06	2005	Sports / Football (American)/Sports	Exient Entertainment	1-2
Madden NFL 07 (USA)	Madden NFL 07	2006	Sports / Football (American)/Sports	Exient Entertainment	1-2
Madden NFL 2002 (USA)	Madden NFL 2002	2001	Sports / Football (American)/Sports	Budcat	1
Madden NFL 2003 (USA)	Madden NFL 2003	2002	Sports / Football (American)/Sports	Budcat	1-4
Madden NFL 2004 (USA)	Madden NFL 2004	2003	Sports / Football (American)/Sports	Budcat	1-4
Madden NFL 2005 (USA)	Madden NFL 2005	2004	Sports / Football (American)/Sports	Exient	1-4
MAER Heaven - Knockin' on Heaven's Door (Japan)	MAER Heaven : Knockin' on Heaven's Door	2005		Alpha Unit	1
Magi Nation (Japan)	Magi Nation	2002	Japanese RPG/Role Playing Game	Interactive Imagination	1
Magical Houshin (Japan)	Magical Houshin	2002	Japanese RPG/Role Playing Game	Koei	1-4
Magical Quest 2 Starring Mickey & Minnie (USA) (En,Fr,De)	Magical Quest 2 Starring Mickey & Minnie	2003	Platform	Klein	1-2
Magical Quest 3 Starring Mickey & Donald (USA) (En,Fr,De)	Magical Quest 3 Starring Mickey & Donald	2005	Platform	Klein Computer Entertainment	1-2
Magical Quest Starring Mickey & Minnie (USA)	Magical Quest Starring Mickey & Minnie	2002	Platform	Capcom	1-2
Magical Vacation (Japan)	Magical Vacation	2001	Role Playing Game	Brownie Brown	1-2
Mahjong Keiji (Japan)	Mahjong Keiji	2001	Mahjong/Asiatic board game		1
Mahou Sensei Negima! - Private Lesson - Damedesuu Toshokan-jima (Japan)	Mahou Sensei Negima! : Private Lesson, Damedesuu Toshokan-jima	2005	Role Playing Game	Marvelous Entertainment	1
Mahou Sensei Negima! - Private Lesson 2 - Ojamashimasuu Parasite de Chuu (Japan)	Mahou Sensei Negima! : Private Lesson 2, Ojamashimasuu Parasite de Chuu	2006	Role Playing Game	Natsume	1-2
Mail de Cute (Japan)	Mail de Cute	2002	Adventure	Mobile 21	1
Majesco's Sports Pack (USA)	3-in-1 Sports Pack: Paintball Splat! / Dodgeball Dodge This! / Big Alley Bowling	2005	Compilation	Skyworks Technologies	1-4
Majokko Cream-chan no Gokko Series 1 - Wannyan Idol Gakuen (Japan)	Majokko Cream-chan no Gokko Series 1 : Wannyan Idol Gakuen	2003	Strategy		1
Majokko Cream-chan no Gokko Series 2 - Kisekae Angel (Japan)	Majokko Cream-chan no Gokko Series 2 : Kisekae Angel	2004	Strategy		1
Mandrake the Magician (Italy) (Proto)	Mandrake The Magician			7th Sense	1
Manga-ka Debut Monogatari - Akogare! Manga Ka Ikusei Game! (Japan)	Manga-ka Debut Monogatari	2002	Strategy	TDK Core	1
Manic Miner (Europe) (En,Fr,De,Es,It)	Manic Miner	2002	Platform	Jester Interactive	1
March of the Penguins (USA)	March of the Penguins	2006	Action / Adventure/Action	Skyworks Technologies	1
Marie, Elie & Anis no Atelier - Soyokaze kara no Dengon (Japan)	Marie, Elie & Anis no Atelier : Soyokaze kara no Dengon	2003	Role Playing Game	Gust	1
Mario & Luigi - Superstar Saga (USA)	Mario & Luigi : Superstar Saga	2003	Role Playing Game	Alpha Dream	1-4
Mario Golf - Advance Tour (USA)	Mario Golf : Advance Tour	2004	Sports / Golf/Sports/Racing, Driving	Camelot Software Planning	1-4
Mario Kart - Super Circuit (USA)	Mario Kart : Super Circuit	2001	Racing, Driving	Intelligent Systems	1-4
Mario Party Advance (USA)	Mario Party Advance	2005	Board game/Various	A.I	1-2
Mario Pinball Land (USA, Australia)	Mario Pinball Land	2004	Pinball	Fuse Games	1
Mario Tennis - Power Tour (USA, Australia) (En,Fr,De,Es,It)	Mario Tennis: Power Tour	2005	Sports / Tennis/Sports	Camelot Software Planning	1-4
Mario vs. Donkey Kong (USA, Australia)	Mario vs. Donkey Kong	2004	Puzzle	Nintendo	1
Marvel - Ultimate Alliance (USA)	Marvel : Ultimate Alliance	2006	Beat'em Up	Barking Lizards	1
Mary-Kate and Ashley - Girls Night Out (USA, Europe)	Mary-Kate and Ashley : Girls Night Out	2002	Music and Dancing	Powerhead Games	1
Mary-Kate and Ashley - Sweet 16 - Licensed to Drive (USA, Europe)	Mary-Kate and Ashley : Sweet 16 - Licensed to Drive	2002	Racing, Driving	Powerhead Games	1-2
Masters of the Universe - He-Man - Power of Grayskull (USA)	Masters of the Universe He-Man : Power of Grayskull	2002	Action / Adventure/Action	Taniko	1
Mat Hoffman's Pro BMX (USA, Europe)	Mat Hoffman's Pro BMX	2001	Sports / Cycling/Sports	HotGen	1-2
Mat Hoffman's Pro BMX 2 (USA, Europe)	Mat Hoffman's Pro BMX 2	2002	Sports / Cycling/Sports	HotGen	1-2
Matantei Loki Ragnarok - Gensou no Labyrinth (Japan)	Matantei Loki Ragnarok : Gensou no Labyrinth	2003	Role Playing Game	J-Wing	1
Math Patrol - The Kleptoid Threat (USA)	Math Patrol : The Kleptoid Threat	2007	Shoot'em Up / Horizontal/Shoot'em Up	GXB Interactive	1
Max Payne (USA)	Max Payne	2003	Shooter	Mobius Entertainment	1
Maya the Bee - Sweet Gold (Europe) (En,Fr,De,Es,It)	Maya the Bee : Sweet Gold	2005	Platform	Shin'en Multimedia	1
Maya the Bee - The Great Adventure (Europe) (En,Fr,De,Es,It)	Maya the Bee : The Great Adventure	2002	Platform	Shin'en Multimedia	1
Mazes of Fate (USA) (En,Fr,De,Es,It)	Mazes of Fate	2006	Role Playing Game	Sabarasa Entertainment	1
Mech Platoon (USA)	Mech Platoon	2002	Shooter/Strategy	Kemco	1-2
Medabots - Metabee (USA)	Medabots : Metabee	2003	Role Playing Game	Natsume	1
Medabots - Rokusho (USA)	Medabots : Rokusho	2003	Role Playing Game	Natsume	1
Medabots AX - Metabee Ver. (USA)	Medabots AX : Metabee Ver.	2002	Platform/Fighting / 2D/Fighting	Natsume	1
Medabots AX - Rokusho Ver. (USA)	Medabots AX : Rokusho Ver.	2002	Platform	Natsume	1-2
Medal of Honor - Infiltrator (USA, Europe) (En,Fr,De)	Medal of Honor : Infiltrator	2003	Shooter / Run and Gun/Shooter	Netherock	1-2
Medal of Honor - Underground (USA)	Medal of Honor : Underground	2002	Shooter / FPV/Shooter	Rebellion	1-4
Medarot Navi - Kabuto (Japan)	Medarot Navi : Kabuto	2001	Role Playing Game	Natsume	1
Medarot Navi - Kuwagata (Japan)	Medarot Navi : Kuwagata	2001	Role Playing Game	Natsume	1
Meet the Robinsons (USA)	Disney's Meet the Robinsons	2007	Platform	Climax Handheld Games	1
Mega Man & Bass (USA)	Mega Man & Bass	2003	Platform	Capcom	1
Mega Man - Battle Chip Challenge (USA)	Mega Man Battle Chip Challenge	2004	Strategy	Inti Creates	1-2
Mega Man - Battle Network (USA)	Mega Man Battle Network	2001	Role Playing Game	Capcom	1
Mega Man - Battle Network 2 (USA)	Mega Man Battle Network 2	2002	Role Playing Game	Capcom	1
Mega Man - Battle Network 3 - Blue Version (USA)	Mega Man Battle Network 3 : Blue Version	2003	Role Playing Game	Capcom	1-2
Mega Man - Battle Network 3 - White Version (USA)	Mega Man Battle Network 3 : White Version	2003	Role Playing Game	Capcom	1-2
Mega Man - Battle Network 4 - Blue Moon (USA)	Mega Man Battle Network 4 : Blue Moon	2004	Role Playing Game/Strategy	Capcom	1-2
Mega Man - Battle Network 4 - Red Sun (USA)	Mega Man Battle Network 4 : Red Sun	2004	Role Playing Game	Capcom	1-2
Mega Man - Battle Network 5 - Team Colonel (USA)	Mega Man Battle Network 5 : Team Colonel	2005	Role Playing Game	Capcom	1-2
Mega Man - Battle Network 6 - Cybeast Falzar (USA)	Mega Man Battle Network 6 : Cybeast Falzar	2006	Role Playing Game	Capcom	1
Mega Man - Battle Network 6 - Cybeast Gregar (USA)	Mega Man Battle Network 6 : Cybeast Gregar	2006	Role Playing Game/Strategy	Capcom	1-2
Mega Man Zero (USA, Europe)	Mega Man Zero	2002	Platform / Shooter Scrolling/Platform	Inti Creates	1
Mega Man Zero 2 (USA)	Mega Man Zero 2	2003	Platform / Shooter Scrolling/Platform	Inti Creates	1-2
Mega Man Zero 3 (USA)	Mega Man Zero 3	2004	Platform / Shooter Scrolling/Platform	Inti Creates	1
Mega Man Zero 4 (USA)	Mega Man Zero 4	2005	Platform / Shooter Scrolling/Platform	Inti Creates	1
Meitantei Conan - Akatsuki no Monument (Japan)	Meitantei Conan : Akatsuki no Monument	2005	Adventure	BEC	1
Meitantei Conan - Nerawareta Tantei (Japan)	Meitantei Conan : Nerawareta Tantei	2003		FortyFive	1
Men in Black - The Series (USA)	Men in Black : The Series	2002	Platform	David A. Palmer Productions	1
Mermaid Melody - Pichi Pichi Pitch (Japan)	Mermaid Melody : Pichi Pichi Pitch	2003	Board game		1-3
Mermaid Melody - Pichi Pichi Pitch - Pichi Pichi Party (Japan)	Mermaid Melody : Pichi Pichi Pitch, Pichi Pichi Party	2003	Rhythm/Music and Dancing	Konami	1
Mermaid Melody - Pichi Pichi Pitch - Pichi Pichitto Live Start! (Japan)	Mermaid Melody : Pichi Pichi Pitch, Pichi Pichitto Live Start!	2004	Rhythm/Music and Dancing		1-4
Metal Max 2 Kai (Japan)	Metal Max 2 Kai	2003	Role Playing Game	Now Production	1
Metal Slug - Super Vehicle-001 (Japan) (En) (Proto)	Metal Slug - Super Vehicle-001	2020	Shooter / Run and Gun/Shooter	Nazca	1
Metal Slug Advance (USA)	Metal Slug Advance	2004	Shooter / Run and Gun/Shooter	Noise Factory	1
Metalgun Slinger (Japan)	Metalgun Slinger	2002	Platform	Open Sesame	1
Metroid - Zero Mission (USA, Australia)	Metroid : Zero Mission	2004	Platform	Nintendo R&D1	1
Metroid Fusion (USA)	Metroid Fusion	2002	Platform	Nintendo	1
Mezase! Koushien (Japan)	Mezase! Koushien	2005	Sports / Baseball/Sports	Tasuke	1-2
Micro Machines (Europe) (En,Fr,De,Es,It)	Micro Machines	2003	Racing, Driving	Infogrames	1-4
Midnight Club - Street Racing (USA)	Midnight Club : Street Racing	2001	Racing, Driving	Angel	1
Midway's Greatest Arcade Hits (USA, Europe)	Midway's Greatest Arcade Hits	2001	Compilation	Pocket Studios	1
Mighty Beanz - Pocket Puzzles (USA)	Mighty Beanz Pocket Puzzles	2004	Puzzle	Radius9	1-2
Mike Tyson Boxing (USA) (En,Fr,De,Es,It)	Mike Tyson Boxing	2002	Sports / Boxing/Sports	Virtucraft	1-2
Minami no Umi no Odyssey (Japan)	Minami no Umi no Odyssey	2002	Adventure		1
Mini Moni. - Mika no Happy Morning Chatty (Japan)	Mini Moni. : Mika no Happy Morning Chatty	2002	Educational/Adventure		1
Mini Moni. - Onegai Ohoshi-sama! (Japan)	Mini Moni. : Onegai Ohoshi-sama!	2002	Strategy		1-2
Minna no Ouji-sama (Japan)	Minna no Ouji-sama	2003	Board game	Konami	1
Minna no Shiiku Series - Boku no Kabuto, Kuwagata (Japan)	Minna no Shiiku Series : Boku no Kabuto, Kuwagata	2003	Adventure		1
Minna no Shiiku Series 1 - Boku no Kabutomushi (Japan)	Minna no Shiiku Series 1 : Boku no Kabutomushi	2001	Adventure		1
Minna no Shiiku Series 2 - Boku no Kuwagata (Japan)	Minna no Shiiku Series 2 : Boku no Kuwagata	2001	Adventure		1
Minna no Soft Series - Happy Trump 20 (Japan)	Minna no Soft Series : Happy Trump 20	2005	Board game	Kouyousha	1-4
Minna no Soft Series - Hyokkori Hyoutan-jima - Don Gabacho Daikatsuyaku no Maki (Japan)	Minna no Soft Series - Hyokkori Hyoutan-jima - Don	2003			1
Minna no Soft Series - Minna no Mahjong (Japan)	Minna no Soft Series : Minna no Mahjong	2003	Mahjong/Asiatic board game	MTO Co	1
Minna no Soft Series - Minna no Shougi (Japan)	Minna no Soft Series : Minna no Shougi	2004	Shougi/Asiatic board game	Arioka	1-4
Minna no Soft Series - Shanghai (Japan)	Minna no Soft Series : Shanghai	2003	Mahjong/Puzzle/Asiatic board game		1
Minna no Soft Series - Tetris Advance (Japan)	Minna no Soft Series : Tetris Advance	2003	Puzzle / Fall/Puzzle	Success	1-4
Minority Report - Everybody Runs (USA, Europe)	Minority Report : Everybody Runs	2002	Beat'em Up	Torus Games	1
Mirakuru! Panzou - 7-tsu no Hoshi no Uchuu Kaizoku (Japan)	Mirakuru! Panzou : 7-tsu no Hoshi no Uchuu Kaizoku	2005		Atlus	1
Mission Impossible - Operation Surma (USA) (En,Fr,Es)	Mission : Impossible : Operation Surma	2003	Action / Adventure/Action	M4	1
MLB SlugFest 2004 (USA)	MLB SlugFest 20-04	2003	Sports / Baseball/Sports	Handheld Games	1
Mobile Pro Yakyuu - Kantoku no Saihai (Japan)	Mobile Pro Yakyuu : Kantoku no Saihai	2001	Sports / Baseball/Simulation/Sports	Mobile 21	1
Mobile Suit Gundam SEED - Battle Assault (USA)	Mobile Suit Gundam Seed : Battle Assault	2004	Fighting / 2D/Fighting	Natsume	1-2
Moero!! Jaleco Collection (Japan)	Moero!! Jaleco Collection	2004	Compilation	Jaleco	1
Momotarou Dentetsu G - Gold Deck o Tsukure! (Japan)	Momotarou Dentetsu G : Gold Deck o Tsukure!	2005	Board game	Bandai	1
Momotarou Matsuri (Japan) (Rev 1)	Momotarou Matsuri	2001	Role Playing Game	Hudson Soft	1
Monopoly (USA)	Monopoly	2004	Board game	DSI Games	1
Monster Force (USA)	Monster Force	2002	Shooter	Digital Eclipse	1-2
Monster Gate (Japan)	Monster Gate	2002	Role Playing Game	Konami	1
Monster Gate - Ooinaru Dungeon - Fuuin no Orb (Japan)	Monster Gate : Ooinaru Dungeon, Fuuin no Orb	2003	Role Playing Game	KCE	1
Monster Guardians (Japan)	Monster Guardians	2001	Role Playing Game	Mobile21	1
Monster House (USA) (En,Fr)	Monster House	2006	Adventure / Survival Horror/Adventure	Artificial Mind & Movement	1
Monster Jam - Maximum Destruction (USA)	Monster Jam : Maximum Destruction	2002	Racing, Driving	Unique Development Studios AB	1
Monster Maker 4 - Flash Card (Japan)	Monster Maker 4 : Flash Card	2002	Role Playing Game	Success	1
Monster Maker 4 - Killer Dice (Japan)	Monster Maker 4 : Killer Dice	2002	Role Playing Game	Success	1
Monster Rancher Advance (USA)	Monster Rancher Advance	2001	Simulation	Tecmo	1-4
Monster Rancher Advance 2 (USA)	Monster Rancher Advance 2	2002	Simulation	Tecmo	1-4
Monster Summoner (Japan)	Monster Summoner	2004	Strategy		1
Monster Truck Madness (USA, Europe)	Monster Truck Madness	2003	Racing, Driving	Tantalus Media	1-4
Monster Trucks (USA, Europe)	Monster Trucks	2004	Racing, Driving	Skyworks Technologies	1
Monster Trucks Mayhem (USA)	Monster Trucks Mayhem	2006	Racing, Driving	Apex Designs	1
Monster! Bass Fishing (USA)	Monster! Bass Fishing	2004	Fishing/Shooter/Sports/Hunting and Fishing	Ignition Entertainment	1
Monsters, Inc. (USA, Europe)	Monsters, Inc.	2001	Platform	Natsume	1
Moorhen 3 - The Chicken Chase! (Europe) (En,Fr,De,Es,It)	Moorhen 3 : The Chicken Chase!	2002	Shooter / FPV/Shooter	Phenomédia	1
Morita Shougi Advance (Japan)	Morita Shougi Advance	2001	Shougi/Asiatic board game		1-2
Morning Adventure, The (Spain) (Promo)	Morning Adventure, The			Bit Managers	1
Mortal Kombat - Deadly Alliance (USA) (En,Fr,De,Es,It)	Mortal Kombat : Deadly Alliance	2002	Fighting	Criterion Games	1-2
Mortal Kombat - Tournament Edition (USA) (En,Fr,De,Es,It)	Mortal Kombat : Tournament Edition	2003	Fighting	Criterion Games	1-4
Mortal Kombat Advance (USA)	Mortal Kombat Advance	2001	Fighting	Virtucraft	1-2
Mother 1+2 (Japan)	Mother 1+2	2003	Various/Role Playing Game	HAL Laboratory	1-4
Mother 3 (Japan)	Mother 3	2006	Japanese RPG/Role Playing Game	HAL Laboratory	1
Moto Racer Advance (USA) (En,Fr,De,Es,It)	Motoracer Advance	2002	Racing, Driving / Motorcycle/Racing, Driving	Adeline Software	1-4
Motocross Challenge (USA) (Proto)	Motocross Challenge	2007	Racing, Driving / Motorcycle/Racing, Driving/Racing, Driving	DHG games	1
Motocross Maniacs Advance (USA) (En,Es)	Motocross Maniacs Advance	2002	Racing, Driving	Konami	1-4
MotoGP (USA) (En,Fr,De,Es,It)	Moto GP	2002	Racing, Driving / Motorcycle/Racing, Driving/Sports	Visual Impact	1-4
Mr Nutz (Europe) (En,Fr,De,Es,It)	Mr Nutz	2002	Platform	Dreamon	1-2
Mr. Driller 2 (USA)	Mr. Driller 2	2005	Puzzle/Strategy	Namco	1-2
Mr. Driller A - Fushigi na Pacteria (Japan)	Mr. Driller Ace : Fushigi na Pacteria	2002	Puzzle	Namco	1-4
Ms. Pac-Man - Maze Madness (USA)	Ms. Pac-Man : Maze Madness	2004	Action / Labyrinth/Action	Full Fat	1-4
Mucha Lucha! - Mascaritas of the Lost Code (USA) (En,Fr,Es)	Mucha Lucha! : Mascaritas of the Lost Code	2003	Beat'em Up	Digital Eclipse	1
Mugenborg (Japan)	Mugenborg	2003	Role Playing Game	KCET	1-2
Mummy, The (USA) (En,Fr,De,Es,It)	The Mummy	2002	Action / Adventure/Action	Ubisoft	1
Muppet Pinball Mayhem (USA)	Muppet Pinball Mayhem	2002	Pinball/Various	Digital Eclipse	1
Muppets, The - On with the Show! (USA, Europe) (En,Fr,De,Es,It,Nl)	The Muppets: On with the Show!	2003	Casual Game/Puzzle	Vicarious Vision	1
Mutsu - Water Looper Mutsu (Japan)	Mutsu : Water Looper Mutsu	2001	Simulation / Life/Simulation	Alpha Unit	1-2
MX 2002 Featuring Ricky Carmichael (USA, Europe)	MX 2002 featuring Ricky Carmichael	2001	Motorcycle race TPV/Sports/Racing, Driving	Tiertex	1
My Animal Centre in Africa (Europe) (En,Fr,De,Es,It)	My Animal Centre in Africa	2006	Simulation	Zeal	1
My Little Pony - Crystal Princess - The Runaway Rainbow (USA)	My Little Pony : Crystal Princess, The Runaway Rainbow	2006	Adventure	Webfoot Technologies	1
Nakayoshi Mahjong - KabuReach (Japan)	Nakayoshi Mahjong : KabuReach	2001	Mahjong/Asiatic board game	KCET	1-4
Nakayoshi Pet Advance Series 1 - Kawaii Hamster (Japan)	Nakayoshi Pet Advance Series 1 : Kawaii Hamster	2001	Strategy	MTO Co	1-2
Nakayoshi Pet Advance Series 2 - Kawaii Koinu (Japan)	Nakayoshi Pet Advance Series 2 : Kawaii Koinu	2002	Strategy		1
Nakayoshi Pet Advance Series 4 - Kawaii Koinu Mini - Wanko to Asobou!! Kogata-ken (Japan)	Nakayoshi Pet Advance Series 4 - Kawaii Koinu Mini	2003	Simulation / Life/Simulation		1
Nakayoshi Youchien - Sukoyaka Enji Ikusei Game (Japan)	Nakayoshi Youchien : Sukoyaka Enji Ikusei Game	2002	Strategy	TDK Core	1
Namco Museum (USA)	Namco Museum	2001	Compilation	Mass Media	1
Namco Museum - 50th Anniversary (USA)	Namco Museum : 50th Anniversary	2005	Compilation	Digital Eclipse	1-2
Nancy Drew - Message in a Haunted Mansion (USA)	Nancy Drew : Message in a Haunted Mansion	2001	Adventure / Point and Click/Adventure	Handheld Games	1
Napoleon (Japan)	Napoleon	2001	Strategy	Nintendo	1-2
Narikiri Jockey Game - Yuushun Rhapsody (Japan)	Narikiri Jockey Game : Yuushun Rhapsody	2001	Horse racing/Sports with animals	TOSE	1-2
Naruto - Konoha Senki (Japan)	Naruto : Konoha Senki	2003	Strategy	Tomy	1-2
Naruto - Ninja Council (USA)	Naruto : Ninja Council	2006	Fighting	Aspect	1
Naruto - Ninja Council 2 (USA)	Naruto : Ninja Council 2	2006	Fighting	Aspect	1-4
Naruto RPG - Uketsugareshi Hi no Ishi (Japan)	Naruto RPG : Uketsugareshi Hi no Ishi	2004	Role Playing Game	TOSE	1
NASCAR Heat 2002 (USA)	NASCAR Heat 2002	2002	Racing, Driving	Crawfish Interactive	1
Natural 2 - Duo (Japan)	Natural 2 : Duo	2002	Adventure / Visual Novel/Adventure		1
NBA Jam 2002 (USA, Europe)	NBA Jam 2002	2002	Sports / Basketball/Sports	Digital Creations	1
Need for Speed - Carbon - Own the City (USA, Europe) (En,Fr,De,Es,It)	Need for Speed Carbon : Own the City	2006	Racing, Driving	EA Canada	1
Need for Speed - Most Wanted (USA, Europe) (En,Fr,De,It)	Need for Speed : Most Wanted	2005	Racing, Driving	Pocketeers	1
Need for Speed - Porsche Unleashed (USA)	Need for Speed : Porsche Unleashed	2004	Racing, Driving	Pocketeers	1-2
Need for Speed - Underground (USA, Europe) (En,Fr,De,It)	Need for Speed : Underground	2003	Racing, Driving	Pocketeers	1-4
Need for Speed - Underground 2 (USA, Europe) (En,Fr,De,It)	Need for Speed : Underground 2	2004	Racing, Driving	Pocketeers	1-2
Neoromance Game - Harukanaru Toki no Naka de (Japan)	Neoromance Game : Harukanaru Toki no Naka de	2002	Adventure / Visual Novel/Adventure	Koei	1
Next Generation Tennis (Europe) (En,Fr,De,Es,It,Pt)	Next Generation Tennis	2002	Sports / Tennis/Sports	Wanadoo Edition	1-2
NFL Blitz 2002 (USA)	NFL Blitz 20-02	2001	Sports / Football (American)/Sports	OutLook Entertainment	1
NFL Blitz 2003 (USA)	NFL Blitz 20-03	2002	Sports / Football (American)/Sports	OutLook Entertainment	1
NHL 2002 (USA)	NHL 2002	2002	Sports / Hockey/Sports	Budcat	1-2
NHL Hitz 2003 (USA)	NHL Hitz 20-03	2002	Sports / Hockey/Sports	Exient	1-4
Nicktoons - Attack of the Toybots (USA)	Nicktoons : Attack of the Toybots	2007	Platform	Firemint	1
Nicktoons - Battle for Volcano Island (USA)	Nicktoons : Battle for Volcano Island	2006	Platform	Halfbrick	1
Nicktoons - Freeze Frame Frenzy (USA)	Nicktoons : Freeze Frame Frenzy	2004	Action / Adventure/Action	Altron	1
Nicktoons Racing (USA)	NickToons Racing	2002	Racing, Driving	Crawfish Interactive	1-4
Nicktoons Unite! (USA)	Nicktoons Unite!	2005	Platform	Climax	1
Nihon Pro Mahjong Renmei Kounin - Tetsuman Advance - Menkyo Kaiden Series (Japan)	Nihon Pro Mahjong Renmei Kounin : Tetsuman Advance, Menkyo Kaiden Series	2002	Mahjong/Asiatic board game	Kaga Tech	1-4
Ninja Five-O (USA)	Ninja Five-O	2003	Platform/Puzzle	Hudson Soft	1
No No No Puzzle Chailien (Japan)	No No No Puzzle Chailien	2005	Puzzle	Creatures	1-2
No Rules - Get Phat (USA, Europe) (En,Fr,De,Es,It,Nl)	No Rules : Get Phat	2001	Platform	Flying Tiger Development	1
Nobunaga Ibun (Japan)	Nobunaga Ibun	2002	Strategy	Global A Entertainment	1
Nobunaga no Yabou (Japan)	Nobunaga no Yabou	2001	Strategy	iNiS	1
Noddy - A Day in Toyland (USA) (En,Fr,Es)	Noddy : A Day in Toyland	2006	Platform	Lucky Jump	1
Nyan Nyan Nyanko no NyanCollection (Japan)	Nyan Nyan Nyanko no NyanCollection	2005		MTO Co	1-2
Ochaken Kururin - Honwaka Puzzle de Hotto Shiyo (Japan)	Ochaken Kururin : Honwaka Puzzle de Hotto Shiyo	2004	Simulation / Life/Simulation	MTO Co	1
Ochaken no Bouken-jima - Honwaka Yume no Island (Japan)	Ochaken no Bouken-jima : Honwaka Yume no Island	2005	Simulation / Life/Simulation	MTO Co	1-2
Ochaken no Heya (Japan)	Ochaken no Heya	2003	Simulation / Life/Simulation	MTO Co	1-4
Ochaken no Yume Bouken (Japan)	Ochaken no Yume Bouken	2005	Platform / Run & Jump Scrolling/Platform	MTO Co	1
Oddworld - Munch's Oddysee (USA, Europe)	Oddworld : Munch's Oddysee	2003	Platform	Art	1
Ohanaya-san Monogatari GBA - Iyashikei Ohanaya-san Ikusei Game (Japan)	Ohanaya-san Monogatari GBA : Iyashikei Ohanaya-san Ikusei Game	2002	Build And Management/Simulation		1
Ojarumaru - Gekkouchou Sanpo de Ojaru (Japan)	Ojarumaru : Gekkouchou Sanpo de Ojaru	2003	Platform	MTO Co	1
Okumanchouja Game - Nottori Daisakusen! (Japan)	Okumanchouja Game : Nottori Daisakusen!	2001	Board game	Mobile 21	1-4
One Piece (USA)	Shonen Jump's One Piece	2005	Platform	Bandai	1
One Piece - Dragon Dream (Japan)	One Piece : Dragon Dream	2005	Action RPG/Role Playing Game	M2	1
One Piece - Going Baseball - Kaizoku Yakyuu (Japan)	One Piece : Going Baseball, Kaizoku Yakyuu	2004	Sports / Baseball/Sports	Bandai	1
Onimusha Tactics (USA)	Onimusha Tactics	2003	Role Playing Game/Strategy	Capcom	1
Onmyou Taisenki - Zeroshiki (Japan)	Onmyou Taisenki Zeroshiki	2004	Role Playing Game	Kamui	1
Open Season (USA) (En,Fr,Es)	Open Season	2006	Adventure	Ubisoft	1
Operation Armored Liberty (USA)	Operation Armored Liberty	2003	Simulation	Majesco	1
Oriental Blue - Ao no Tengai (Japan)	Oriental Blue : Ao no Tengai	2003	Role Playing Game	Hudson Soft	1
Oshaberi Inko Club (Japan)	Oshaberi Inko Club	2002	Strategy	Alpha Unit	1-3
Oshare Princess (Japan)	Oshare Princess	2002			1
Oshare Princess 2 + Doubutsu Kyaranabi Uranai (Japan)	Oshare Princess 2	2002	Compilation		1-4
Oshare Princess 3 (Japan)	Oshare Princess 3	2003	Adventure		1-4
Oshare Princess 5 (Japan)	Oshare Princess 5	2005	Adventure	Culture Brain	1-2
Ottifanten Pinball (Germany)	Ottifanten Pinball	2005	Pinball	Independent Arts	1
Over the Hedge (USA)	Over the Hedge	2006	Adventure	Vicarious Vision	1
Over the Hedge - Hammy Goes Nuts! (USA)	Over the Hedge : Hammy Goes Nuts!	2006	Sports / Golf/Thinking/Sports	Vicarious Vision	1-4
Overstorm (Europe) (Proto)	Overstorm		Platform	Quantized Bit	1
Ozzy & Drix (USA)	Ozzy & Drix	2003	Platform	Raylight	1
Pac-Man Collection (USA)	Pac-Man Collection	2001	Action / Labyrinth/Action	Mass Media	1
Pac-Man Pinball Advance (USA)	Pac-Man Pinball Advance	2005	Pinball	Namco	1
Pac-Man World (USA)	Pac-Man World	2004	Platform	Namco	1
Pac-Man World 2 (USA)	Pac-Man World 2	2005	Platform	Full Fat	1
Paws & Claws - Best Friends - Dogs & Cats (USA)	Paws & Claws : Best Friends, Dogs & Cats	2007	Simulation	Sproing	1
Paws & Claws - Pet Resort (USA)	Paws & Claws : Pet Resort	2006	Strategy/Simulation	Independent Arts	1
Paws & Claws - Pet Vet (USA)	Paws & Claws Pet Vet	2007	Simulation	Independent Arts	1
Payback (Europe) (En,Fr,De,Es,It)	Payback	2004	Racing, Driving	Apex Designs	1-4
Perplexus Diodomin (Europe) (Proto)	Perplexus Diodomin	2021	Puzzle	James boulton	1
Peter Pan - Return to Neverland (USA)	Peter Pan : Return to Neverland	2002		Crawfish Interactive	1-2
Peter Pan - The Motion Picture Event (USA)	Peter Pan : The Motion Picture Event	2003	Simulation	Saffire	1
Petz - Hamsterz Life 2 (USA)	Petz : Hamsterz Life 2	2007	Simulation / Life/Simulation	Jorudan	1
Petz Vet (USA)	Petz Vet	2007	Simulation / Life/Simulation	Sensory Sweep	1
Pferd & Pony - Mein Pferdehof & Pferd and Pony - Lass Uns Reiten 2 (Germany)	Pferd And Pony 2 In 1		Compilation		
Phalanx (USA)	Phalanx	2001	Shoot'em Up / Horizontal/Shooter/Shoot'em Up	Kemco	1
Phantasy Star Collection (USA)	Phantasy Star Collection	2002	Compilation/Role Playing Game	Digital Eclipse	1
Phantom, The (Italy) (Proto)	Phantom, The			7th Sense	1
Phil of the Future (USA)	Phil of the Future	2006	Adventure	Handheld Games	1
Pia Carrot e Youkoso!! 3.3 (Japan)	Pia Carrot e Youkoso!! 3.3	2004	Adventure / Visual Novel/Adventure	F&C	1
Piglet's Big Game (USA)	Disney Presents Piglet's Big Game	2003	Adventure	Doki Denki	1
Pikapika Nurse Monogatari - Nurse Ikusei Game (Japan)	Pikapika Nurse Monogatari : Nurse Ikusei Game	2003	Strategy		1
Pinball Advance (Europe) (En,Fr,De,Es,It)	Pinball Advance	2002	Pinball	Rebellion	1
Pinball Challenge Deluxe (Europe)	Pinball Challenge Deluxe	2002	Pinball	Binary9	1
Pinball of the Dead, The (USA)	The Pinball of the Dead	2002	Pinball	SEGA	1-4
Pinball Tycoon (USA)	Pinball Tycoon	2003	Pinball	Ignition Entertainment	1-4
Pink Panther - Pinkadelic Pursuit (USA)	Pink Panther : Pinkadelic Pursuit	2002	Platform	Super Empire	1
Pinky and the Brain - The Master Plan (Europe) (En,Fr,De,Es,It)	Pinky and the Brain : The Masterplan	2002	Platform	Warthog	2-4
Pinky Monkey Town (Japan)	Pinky Monkey Town	2001	Thinking	Starfish	1-4
Pinobee & Phoebee (Japan)	Pinobee & Phoebee	2002	Platform	Artoon	1
Pinobee - Wings of Adventure (USA, Europe)	Pinobee : Wings of Adventure	2001	Platform	Artoon	1-2
Pirates of the Caribbean - Dead Man's Chest (USA, Europe) (En,Fr,De,Es,It)	Pirates of the Caribbean : Dead Man's Chest	2006	Adventure	Amaze Entertainment	1
Pirates of the Caribbean - The Curse of the Black Pearl (USA) (En,Fr,De,Es,It)	Pirates Of The Caribbean : The Curse Of The Black Pearl	2003	Adventure	Pocket Studios	1
Pitfall - The Lost Expedition (USA)	Pitfall : The Lost Expedition	2004	Platform	Torus Games	1
Pitfall - The Mayan Adventure (USA, Europe)	Pitfall : The Mayan Adventure	2001	Platform/Platform / Run & Jump	Pipe Dream Interactive	1
Pixeline i Pixieland (Denmark)	Pixeline I Pixieland	2007	Adventure	Krea Medie	
Planet Monsters (USA) (En,Fr,De,Es,It,Nl)	Planet Monsters	2001	Action / Labyrinth/Action	Planet Interactive	1-4
Planet of the Apes (USA) (En,Fr,De,Es,It,Nl)	Planet of the Apes	2001	Adventure	Torus Games	1
Play Novel - Silent Hill (Japan)	Play Novel : Silent Hill	2001	Thinking	KCE Tokyo	1
Pocket Dogs (USA)	Pocket Dogs	2005	Simulation	O3 Entertainment	1
Pocket Music (Europe) (En,Fr,De,Es,It)	Pocket Music	2002	Music and Dancing/Simulation	Jester Interactive	1
Pocket Professor - Kwik Notes - Volume One (USA)	Pocket Professor : Kwik Notes, Vol. 1	2006	Educational	Pocket Direct	1
Pocky & Rocky with Becky (USA)	Pocky & Rocky with Becky	2002	Shoot'em Up	Altron	1
Pokemon - Emerald Version (USA, Europe)	Pokémon Emerald Version	2005	Role Playing Game	Game Freak	1-5
Pokemon - FireRed Version (USA, Europe)	Pokémon FireRed Version	2004	Role Playing Game	Game Freak	1-4
Pokemon - LeafGreen Version (USA, Europe)	Pokémon LeafGreen Version	2004	Adventure/Role Playing Game	Game Freak	1-4
Pokemon - Ruby Version (USA, Europe)	Pokémon Ruby Version	2003	Role Playing Game	Game Freak	1-4
Pokemon - Sapphire Version (USA, Europe)	Pokémon Sapphire Version	2003	Role Playing Game	Game Freak	1-4
Pokemon Mystery Dungeon - Red Rescue Team (USA, Australia)	Pokémon Mystery Dungeon : Red Rescue Team	2006	Role Playing Game	Chunsoft	1
Pokemon Pinball - Ruby & Sapphire (USA)	Pokémon Pinball : Ruby & Sapphire	2003	Pinball	Jupiter	1
Polar Express, The (USA, Europe) (En,Fr,De,Es,It)	The Polar Express	2004	Adventure	Tantalus Media	1
Polarium Advance (USA)	Polarium Advance	2006	Puzzle/Strategy	Mitchell	1
Polly Pocket! - Super Splash Island (USA) (Vivendi)	Polly Pocket! : Super Splash Island	2003	Casual Game	Dice	1-2
Popeye - Rush for Spinach (USA, Europe) (En,Fr,De,Es,It)	Popeye : Rush for Spinach	2005	Platform/Sports	Magic Pockets	1-4
Postman Pat and the Greendale Rocket (Europe) (En,No,Da)	Postman Pat and the Greendale Rocket	2007		Neko Entertainment	1-2
Power Poke Dash (Japan)	Power Poke Dash	2006	Sports / Baseball/Sports	Konami	1-2
Power Pro Kun Pocket 1, 2 (Japan)	Power Pro Kun Pocket 1, 2	2004	Sports / Baseball/Sports	Diamond Head	1-2
Power Pro Kun Pocket 3 (Japan)	Power Pro Kun Pocket 3	2001	Sports / Baseball/Sports	Diamond Head	1-2
Power Pro Kun Pocket 4 (Japan)	Power Pro Kun Pocket 4	2002	Sports / Baseball/Sports	Diamond Head	1-2
Power Pro Kun Pocket 5 (Japan)	Power Pro Kun Pocket 5	2003	Sports / Baseball/Sports	Diamond Head	1-2
Power Pro Kun Pocket 6 (Japan)	Power Pro Kun Pocket 6	2003	Sports / Baseball/Sports	Diamond Head	1-2
Power Pro Kun Pocket 7 (Japan)	Power Pro Kun Pocket 7	2004	Sports / Baseball/Sports		1-2
Power Rangers - Dino Thunder (USA, Europe)	Power Rangers : Dino Thunder	2004	Adventure	Natsume	1
Power Rangers - Ninja Storm (USA)	Power Rangers : Ninja Storm	2003	Adventure	Natsume	1
Power Rangers - Time Force (USA, Europe)	Power Rangers - Time Force	2001	Platform / Fighter Scrolling/Platform	Vicarious Vision	1
Power Rangers - Wild Force (USA, Europe)	Power Rangers : Wild Force	2002	Beat'em Up	Natsume	1
Power Rangers S.P.D. (USA, Europe)	Power Rangers S.P.D.	2005	Beat'em Up	Natsume	1
Powerpuff Girls, The - Him and Seek (USA)	The Powerpuff Girls : Him and Seek	2002	Adventure	Vicarious Vision	1
Powerpuff Girls, The - Mojo Jojo A-Go-Go (USA) (En,Fr,De,Es,It,Nl)	The Powerpuff Girls : Mojo Jojo A-Go-Go	2001	Shoot'em Up / Horizontal/Shoot'em Up	Sennari Interactive	1-3
Prehistorik Kart (USA, Europe) (Proto)	Prehistorik Kart	1995	Racing, Driving	Titus Interactive	1
Prehistorik Man (USA, Europe) (En,Fr,De,Es,It,Nl)	Prehistorik Man	2001	Platform	Titus	1
Premier Action Soccer (Europe) (En,Fr,De,Es,It)	Premier Action Soccer	2006	Sports / Football (Soccer)/Sports	Independent Arts	1
Premier Manager 2003-04 (Europe) (En,Fr,De,It)	Premier Manager 2003-04	2003	Simulation/Sports / Football (Soccer)/Sports	Tuna Technologies	1
Premier Manager 2004-2005 (Europe) (En,Fr,De,It)	Premier Manager 2004-2005	2004	Simulation/Sports / Football (Soccer)/Sports	Zoo Digital Publishing	1
Premier Manager 2005-2006 (Europe) (En,Fr,De,It)	Premier Manager 2005-2006	2005	Simulation/Sports / Football (Soccer)/Sports	Tuna Technologies	1
Prince of Persia - The Sands of Time & Lara Croft Tomb Raider - The Prophecy (Europe) (En,Fr,De,Es,It,Nl+En,Fr,De,Es,It)	Prince of Persia - The Sands of Time & Lara Croft	2006	Action / Adventure/Action	Ubisoft	1
Prince of Persia - The Sands of Time (USA) (En,Fr,Es)	Prince of Persia : The Sands of Time	2003	Platform	Ubisoft	1
Princess Natasha - Student, Secret Agent, Princess (USA)	Princess Natasha : Student, Secret Agent, Princess	2006		Frame Studios Interactive	1
Pro Mahjong Tsuwamono GBA (Japan)	Pro Mahjong Tsuwamono GBA	2005	Mahjong/Asiatic board game	Culture Brain	1-4
Pro Yakyuu Team o Tsukurou! Advance (Japan)	Pro Yakyuu Team o Tsukurou! Advance	2002	Sports / Baseball/Sports	Smilebit	1
Proud Family, The (USA)	The Proud Family	2005	Adventure	Gorilla Systems	1
PukuPuku Tennen Kairanban (Japan)	PukuPuku Tennen Kairanban	2002	Adventure		1-2
PukuPuku Tennen Kairanban - Koi no Cupid Daisakusen (Japan)	PukuPuku Tennen Kairanban : Koi no Cupid Daisakusen	2004	Adventure		1-2
PukuPuku Tennen Kairanban - Youkoso! Illusion Land he (Japan)	PukuPuku Tennen Kairanban - Youkoso! Illusion Land	2004	Adventure	Marvelous Entertainment	1-4
Punch King - Arcade Boxing (USA)	Punch King	2002	Sports / Boxing/Sports	Full Fat	1
Puppy Luv - Spa and Resort (USA)	Puppy Luv: Spa and Resort	2007	Simulation	Humagade	1
Puyo Pop (USA) (En,Ja)	Puyo Pop	2002	Puzzle / Fall/Puzzle	Sonic Team	1-4
Puyo Pop Fever (Europe) (En,Fr,De,Es,It)	Puyo Pop Fever	2005	Puzzle / Fall/Puzzle	Sonic Team	1
Puzzle & Tantei Collection (Japan)	Okaitoku Series 5 : Puzzle & Tantei Collection	2003	Compilation		1-2
Pyuu to Fuku! Jaguar - Byoo to Deru! Megane-kun (Japan)	Pyuu to Fuku! Jaguar : Byoo to Deru! Megane-kun	2004	Action RPG/Role Playing Game	Konami	1
Quad Desert Fury (USA, Europe)	Quad Desert Fury	2003	Racing, Driving / Motorcycle/Racing, Driving	Skyworks Technologies	1
Quake (USA) (Proto)	Quake	2022	Shooter / FPV/Shooter	Bobbee Tec	
R-Type III - The Third Lightning (USA)	R-Type III : The Third Lightning	2003	Shoot'em Up / Horizontal/Shoot'em Up	Raylight	1
Racing Fever (Europe) (En,De,Es,It)	Racing Fever	2005	Racing, Driving	NAPS Team	1
Racing Gears Advance (USA)	Racing Gears Advance	2005	Racing, Driving	Orbital Media	1-4
Rampage - Puzzle Attack (USA, Europe)	Rampage : Puzzle Attack	2001	Puzzle	Ninai Games	1-2
Rapala Pro Fishing (USA, Europe)	Rapala Pro Fishing	2005	Fishing/Sports/Hunting and Fishing	Torus Games	1
Ratatouille (USA)	Ratatouille	2007	Platform	Helixe	1
Rave Master - Special Attack Force! (USA)	Rave Master : Special Attack Force!	2005	Fighting	KCEJ	1-4
Rayman - 10th Anniversary (USA) (En,Fr,De,Es,It)	Rayman : 10th Anniversary	2006	Platform/Compilation	Ubisoft	1
Rayman - Hoodlum's Revenge (USA) (En,Fr,Es)	Rayman : Hoodlum's Revenge	2003	Platform / Fighter Scrolling/Platform	Ubisoft	1-2
Rayman - Raving Rabbids (USA) (En,Fr,Es)	Rayman: Raving Rabbids	2006	Platform	Visual Impact	1
Rayman 3 (USA) (En,Fr,Es)	Rayman 3	2003	Platform	Ubisoft	1-4
Rayman Advance (USA) (En,Fr,De,Es,It)	Rayman Advance	2001	Platform	Digital Eclipse	1
Razor Freestyle Scooter (USA)	Razor Freestyle Scooter	2001	Sports	Crawfish Interactive	1-2
Ready 2 Rumble Boxing - Round 2 (USA)	Ready 2 Rumble Boxing: Round 2	2001	Sports / Boxing/Fighting/Sports	Crawfish Interactive	1
Rebelstar - Tactical Command (USA)	Rebelstar : Tactical Command	2005	Strategy	Codo Games	1-2
Recca no Honoo - The Game (Japan)	Recca no Honoo : The Game	2001	Fighting / 2D/Fighting	Konami	1-2
Reign of Fire (USA) (En,Fr,De,Es,It)	Reign of Fire	2002	Adventure	Crawfish Interactive	1
Relaxuma na Mainichi (Japan)	Relaxuma na Mainichi	2005		Imagineer	1
Rescue Heroes - Billy Blazes! (USA)	Rescue Heroes: Billy Blazes!	2003	Platform	Wayforward	1
Resident Evil 2 (Unknown) (Proto)	Resident Evil 2	2003	Adventure / Survival Horror/Adventure	Raylight	1
Revenge of Shinobi, The (USA)	The Revenge of Shinobi	2002	Platform / Fighter Scrolling/Platform/Shooter	3d6 Games	1
Revenge of the Smurfs, The (Europe) (En,Fr,De,Es,It,Nl)	The Revenge of the Smurfs	2002	Platform / Run & Jump/Platform	Bit Managers	1-2
Rhythm Tengoku (Japan)	Rhythm Tengoku	2006	Rhythm/Music and Dancing	J.P. Room	1
Ripping Friends, The - The World's Most Manly Men! (USA, Europe)	The Ripping Friends : The World's Most Manly Men!	2002	Beat'em Up	Software Creations	1-2
River City Ransom EX (USA)	River City Ransom EX	2004	Beat'em Up	Million	1
Riviera - The Promised Land (USA)	Riviera : The Promised Land	2005	Role Playing Game	Sting Entertainment	1
Road Rash - Jailbreak (USA)	Road Rash: Jailbreak	2003	Racing, Driving	Magic Pockets	1
RoboCop (USA) (Proto)	RoboCop	2022	Shooter / Run and Gun/Shooter	Planet Interactive Development	1
Robopon 2 - Cross Version (USA)	Robopon 2 : Cross Version	2002	Role Playing Game	Red Entertainment	1-4
Robopon 2 - Ring Version (USA)	Robopon 2 : Ring Version	2002	Role Playing Game	Red 5 Software	1-4
Robot Wars - Advanced Destruction (USA)	Robot Wars : Advanced Destruction	2002	Fighting / 3D/Fighting	Crawfish Interactive	1-4
Robot Wars - Extreme Destruction (Europe) (En,Fr,De,Es,It,Nl)	Robot Wars : Extreme Destruction	2002	Fighting / 3D/Fighting	Warthog	1-4
Robotech - The Macross Saga (USA, Europe) (En,Fr,De,Es,It,Nl)	Robotech: The Macross Saga	2002	Shoot'em Up / Horizontal/Shooter/Shoot'em Up	Lucky Chicken	1-4
Robots (USA)	Robots	2005	Platform	Amaze Entertainment	1
Rock 'N Roll Racing (USA)	Rock 'N Roll Racing	2003	Racing, Driving	Mass Media	1-2
Rock'em Sock'em Robots (USA)	Rock 'Em Sock 'Em Robots	2005	Fighting	Full Fat	1
Rocket Power - Beach Bandits (USA, Europe)	Rocket Power : Beach Bandits	2002	Platform	Helixe	1
Rocket Power - Dream Scheme (USA, Europe)	Rocket Power : Dream Scheme	2001	Platform	Helixe	1
Rocket Power - Zero Gravity Zone (USA)	Rocket Power : Zero Gravity Zone	2003	Sports / Skateboard/Sports	Altron	1-2
Rockman EXE 4.5 - Real Operation (Japan)	Rockman EXE 4.5 : Real Operation	2004	Japanese RPG/Role Playing Game	Capcom	1
Rockman EXE 5 - Team of Blues (Japan)	Mega Man Battle Network 5 : Team ProtoMan	2005	Role Playing Game/Strategy	Capcom	1-2
Rocky (USA) (En,Fr,De,Es,It)	Rocky	2002	Sports / Boxing/Sports	Virtucraft	1-2
RPG Tsukuru Advance (Japan)	RPG Tsukuru Advance	2003	Role Playing Game	Enterbrain	1
Rugrats - Castle Capers (USA, Europe)	Rugrats : Castle Capers	2001	Platform	Software Creations	1
Rugrats - Go Wild (USA, Europe)	Rugrats : Go Wild	2003	Platform	Magellan Interactive	1
Rugrats - I Gotta Go Party (USA, Europe)	Rugrats : I Gotta Go Party	2002	Platform	Eurocom	1-2
Sabre Wulf (USA)	Sabre Wulf	2004	Platform	Rareware	1
Sabrina the Teenage Witch - Potion Commotion (USA) (En,Fr,Es)	Sabrina : The Teenage Witch, Potion Commotion	2002	Platform	Ubisoft	1
Saibara Rieko no Dendou Mahjong (Japan)	Saibara Rieko no Dendou Mahjong	2001	Mahjong/Asiatic board game	Warashi	1-4
Sakura Momoko no UkiUki Carnival (Japan)	Sakura Momoko no UkiUki Carnival	2002	Role Playing Game	Indieszero	1
Salt Lake 2002 (USA) (En,Fr,De,Es,It,Nl)	Salt Lake 2002	2002	Sports / Multisports/Sports	DC Studios	1-4
Samsara Naga 1x2 (Japan)	Sansara Naga 1x2	2001	Compilation/Role Playing Game	Groove Box Japan	1
Samurai Deeper Kyo (USA)	Samurai Deeper Kyo	2008	Beat'em Up	Natsume	1
Samurai Evolution - Oukoku Geist (Japan)	Samurai Evolution : Oukoku Geist	2002	Role Playing Game	TeaSet	1-2
Samurai Jack - The Amulet of Time (USA, Europe)	Samurai Jack : The Amulet of Time	2003	Platform	Virtucraft	1
Sangokushi (Japan)	Sangokushi	2001	Strategy	Koei	1
Sangokushi - Eiketsuden (Japan)	Sangokushi : Eiketsuden	2005	Strategy	Koei	1
Sangokushi - Koumeiden (Japan)	Sangokushi : Koumeiden	2005	Strategy	Koei	1
Sanrio Puroland - All Characters (Japan)	Sanrio Puroland : All Characters	2003	Board game	Tomy	1-4
Santa Claus Jr. Advance (Europe)	Santa Claus Jr. Advance	2002	Platform	NEON Software	1
Santa Claus Saves the Earth (Europe)	Santa Claus Saves the Earth	2002	Platform	Ivolgamus	1
Santa Clause 3, The - The Escape Clause (USA)	The Santa Clause 3 : The Escape Clause	2006	Platform	1st Playable Productions	1
Scan Hunter - Sennen Kaigyo o Oe! (Japan)	Scan Hunter : Sennen Kaigyo o Oe!	2002	Fishing/Sports/Hunting and Fishing	DA1	1
Scooby-Doo (USA)	Scooby-Doo	2001	Adventure	Helixe	1
Scooby-Doo 2 - Monsters Unleashed (USA, Europe)	Scooby-Doo 2 : Monsters Unleashed	2004	Platform	Altron	1
Scooby-Doo and the Cyber Chase (USA, Europe)	Scooby-Doo and the Cyber Chase	2001	Adventure	Software Creations	1
Scooby-Doo! - Mystery Mayhem (USA) (En,Fr)	Scooby-Doo! Mystery Mayhem	2003	Adventure	Artificial Mind & Movement	1
Scooby-Doo! - Unmasked (USA) (En,Fr)	Scooby-Doo! : Unmasked	2005	Platform	Artificial Mind & Movement	1
Scorpion King, The - Sword of Osiris (USA)	The Scorpion King : Sword of Osiris	2002	Platform	Wayforward	1
Scrabble (Europe) (En,Fr,De,Es)	Scrabble	2002	Board game	Runecraft	1-4
Scrabble Blast! (USA)	Scrabble Blast!	2005	Strategy	Visual Impact	1-2
Scurge - Hive (USA) (En,Fr,Es)	Scurge : Hive	2006	Role Playing Game	Orbital	1
SD Gundam Force (USA)	SD Gundam Force	2004	Beat'em Up	Tom Create	1
SD Gundam G Generation Advance (Japan)	SD Gundam G Generation Advance	2003	Strategy/Role Playing Game	Bandai	1
Sea Trader - Rise of Taipan (USA)	Sea Trader : Rise of Taipan	2003	Simulation	Jaleco	1
Secret Agent Barbie - Royal Jewels Mission (USA)	Secret Agent Barbie : Royal Jewels Mission	2002	Platform	Digital Illusions	1
SEGA Arcade Gallery (USA)	Sega Arcade Gallery	2003	Compilation	Bits Studios	1
SEGA Rally Championship (USA)	Sega Rally Championship	2003	Racing, Driving	Dice	1-4
SEGA Smash Pack (USA)	Sega Smash Pack	2002	Compilation	Codefire	1-2
Sengoku Kakumei Gaiden (Japan)	Sengoku Kakumei Gaiden	2003	Tactical RPG/Role Playing Game	KCE	1
Sennen Kazoku (Japan)	Sennen Kazoku	2005	Simulation/Shooter	Indieszero	1
Sentouin Yamada Hajime (Japan)	Sentouin Yamada Hajime	2004		Rokumendo	1
Serious Sam Advance (USA) (En,Fr,De)	Serious Sam	2004	Shooter/Shooter / FPV	Climax	1-2
Shaman King - Legacy of the Spirits - Soaring Hawk (USA)	Shaman King : Legacy of the Spirits, Soaring Hawk	2005	Role Playing Game	KCEJ	1-2
Shaman King - Legacy of the Spirits - Sprinting Wolf (USA)	Shaman King : Legacy of the Spirits, Sprinting Wolf	2005	Role Playing Game	KCEJ	1-2
Shaman King - Master of Spirits (USA)	Shaman King : Master of Spirits	2004	Role Playing Game	KCEJ	1
Shaman King - Master of Spirits 2 (USA)	Shaman King : Master of Spirits 2	2005	Platform	KCEJ	1
Shaman King Card Game - Chou Senjiryakketsu 2 (Japan)	Shaman King Card Game : Chou Senjiryakketsu 2	2002	Role Playing Game	Studio Saizensen	1-2
Shaman King Card Game - Chou Senjiryakketsu 3 (Japan)	Shaman King Card Game : Chou Senjiryakketsu 3	2002	Role Playing Game	Studio Saizensen	1
Shamu's Deep Sea Adventures (USA)	Shamu's Deep Sea Adventures	2005	Adventure	Humagade	1
Shanghai Advance (Japan)	Shanghai Advance	2001	Mahjong/Asiatic board game	Sunsoft	1-4
Shantae Advance - Risky Revolution (World) (Limited Run Games)	Shantae Advance : Risky Revolution	2025	Platform	Wayforward	1-4
Shark Tale (USA, Europe)	Shark Tale	2004	Platform	Vicarious Vision	2-4
Shaun Palmer's Pro Snowboarder (USA, Europe)	Shaun Palmer's Pro Snowboarder	2001	Sports / Skiing/Sports	Natsume	1
Sheep (Europe) (En,Fr,De,Es,It)	Sheep	2002	Puzzle	Capcom	1-4
Shifting Gears - Road Trip (USA)	Road Trip : Shifting Gears	2004	Racing, Driving	Electronics Application	1-4
Shikakui Atama o Maruku Suru. Advance - Kanji, Keisan (Japan)	Shikakui Atama o Maruku Suru. Advance : Kanji, Keisan	2004		IE Institute	1-2
Shikakui Atama o Maruku Suru. Advance - Kokugo, Sansuu, Shakai, Rika (Japan)	Shikakui Atama o Maruku Suru. Advance : Kokugo, Sansuu, Shakai, Rika	2004	Educational		1-2
Shimura Ken no Baka Tonosama - Bakushou Tenka Touitsu Game (Japan)	Shimura Ken no Baka Tonosama : Bakushou Tenka Touitsu Game	2002	Board game	Kamui	1-4
Shin Bokura no Taiyou - Gyakushuu no Sabata (Japan)	Shin Bokura no Taiyou : Gyakushuu no Sabata	2005	Action RPG/Role Playing Game	Kojima	1-2
Shin Kisekae Monogatari (Japan)	Shin Kisekae Monogatari	2003	Adventure	Marvelous Entertainment	1
Shin Megami Tensei (Japan)	Shin Megami Tensei	2003	Role Playing Game	Atlus	1
Shin Megami Tensei - Devil Children - Honoo no Sho (Japan)	Shin Megami Tensei Devil Children : Honoo no Sho	2003	Role Playing Game	Multimedia Intelligence Transfer	1
Shin Megami Tensei - Devil Children - Koori no Sho (Japan)	Shin Megami Tensei Devil Children : Koori no Sho	2003	Role Playing Game	Multimedia Intelligence Transfer	1
Shin Megami Tensei - Devil Children - Messiah Riser (Japan)	Shin Megami Tensei Devil Children : Messiah Riser	2004	Strategy	Will	1
Shin Megami Tensei - Devil Children - Puzzle de Call! (Japan)	Shin Megami Tensei Devil Children : Puzzle de Call!	2003	Puzzle	Multimedia Intelligence Transfer	1
Shin Megami Tensei II (Japan)	Shin Megami Tensei II	2003	Role Playing Game	Atlus	1
Shin Nihon Pro Wrestling - Toukon Retsuden Advance (Japan)	Shin Nihon Pro Wrestling : Toukon Retsuden Advance	2002	Fighting	Tomy	1-2
Shingata Medarot - Kabuto Version (Japan)	Shingata Medarot : Kabuto Version	2004	Role Playing Game	Imagineer	1
Shingata Medarot - Kuwagata Version (Japan)	Shingata Medarot : Kuwagata Version	2004	Role Playing Game	Imagineer	1
Shining Force - Resurrection of the Dark Dragon (USA)	Shining Force : Resurrection of the Dark Dragon	2004	Tactical RPG/Role Playing Game	Amusement Vision	1
Shining Soul (USA)	Shining Soul	2003	Role Playing Game	Nex Entertainment	1-4
Shining Soul II (USA)	Shining Soul II	2004	Role Playing Game	Nex Entertainment	1-4
Shiren Monsters - Netsal (Japan)	Shiren Monsters Netsal	2004	Build And Management/Simulation	Chunsoft	1-4
Shrek - Hassle at the Castle (USA) (En,Fr,De,Es,It,Nl)	Shrek : Hassle at the Castle	2002	Platform/Racing, Driving	TOSE	1-4
Shrek - Reekin' Havoc (USA) (En,Fr,De,Es,It,Nl)	Shrek : Reekin' Havoc	2003	Beat'em Up	TOSE	1
Shrek - Smash n' Crash Racing (USA)	Shrek Smash n' Crash Racing	2006	Racing, Driving	Torus Games	1
Shrek - Super Slam (USA)	Shrek SuperSlam	2005	Fighting	Amaze Entertainment	1-4
Shrek - Swamp Kart Speedway (USA, Europe) (En,Fr,De,Es,It,Nl)	Shrek : Swamp Kart Speedway	2002	Racing, Driving	Prolific Publishing	1-4
Shrek 2 (USA, Europe)	Shrek 2	2004	Adventure	Vicarious Vision	1
Shrek 2 - Beg for Mercy (USA, Europe)	Shrek 2 : Beg for Mercy	2004	Platform	Vicarious Vision	1
Shrek the Third (USA)	Shrek the Third	2007	Platform	Vicarious Vision	1-4
Sigma Star Saga DX (World) (Limited Run Games)	Sigma Star Saga	2005	Role Playing Game	Wayforward	1
Silent Scope (USA) (En,Fr,De,Es,It)	Silent Scope	2002	Shooter	Now Production	1-4
Silk to Cotton (Japan)	Silk to Cotton	2002	Adventure	KiKi	1
SimCity 2000 (USA)	SimCity 2000	2003	Build And Management/Simulation	Full Fat	1
Simple 2960 Tomodachi Series Vol. 1 - The Table Game Collection - Mahjong, Shougi, Hanafuda, Reversi (Japan)	Simple 2960 Tomodachi Series Vol. 1 : The Table Game Collection, Mahjong, Shougi	2003	Board game	Access Games	1-4
Simple 2960 Tomodachi Series Vol. 2 - The Block Kuzushi (Japan)	Simple 2960 Tomodachi Series Vol. 2 : The Block Kuzushi	2003	Puzzle	Access	1-4
Simple 2960 Tomodachi Series Vol. 3 - The Itsudemo Puzzle - Massugu Soroete Straws (Japan)	Simple 2960 Tomodachi Series Vol. 1 : The Table Game Collection, Mahjong, Shougi	2003	Board game	Access Games	1-4
Simple 2960 Tomodachi Series Vol. 4 - The Trump - Minna de Asoberu 12 Shurui no Trump Game (Japan)	Simple 2960 Tomodachi Series Vol. 4 : The Trump, Minna de Asoberu 12 Shurui no T	2003	Casino / Cards/Casino	Access	1-4
Simpsons, The - Road Rage (USA, Europe)	The Simpsons : Road Rage	2003	Racing, Driving	Altron	1-2
Sims 2, The (USA, Europe) (En,Fr,De,Es,It,Nl)	The Sims 2	2005	Simulation / Life/Simulation	Amaze Entertainment	1
Sims 2, The - Pets (USA, Europe)	The Sims 2: Pets	2006	Simulation / Life/Simulation	Artificial Mind & Movement	1
Sims, The - Bustin' Out (USA, Europe) (En,Fr,De,Es,It,Nl)	The Sims : Bustin' Out	2003	Simulation / Life/Simulation	Griptonite Games	1
Sister Princess - RePure (Japan)	Sister Princess : RePure	2003	Adventure	Marvelous Entertainment	1
Sitting Ducks (USA) (En,Fr,De,Es,It,Nl)	Sitting Ducks	2004	Action / Adventure/Action	Light & Shadow Productions (LSP)	1
Sky Dancers - They Magically Fly! (USA)	Sky Dancers	2005	Platform	David A. Palmer Productions	1-2
Slime Morimori Dragon Quest - Shougeki no Shippo Dan (Japan)	Slime Morimori Dragon Quest : Shougeki no Shippo Dan	2003	Action / Adventure/Action	TOSE	1-4
Slot! Pro 2 Advance - GoGo Juggler & New Tairyou (Japan)	Slot! Pro 2 Advance : GoGo Juggler & New Tairyou	2002	Casino / Slot machine/Casino	Nippon Telenet	1
Slot! Pro Advance - Takarabune & Ooedo Sakurafubuki 2 (Japan)	Slot! Pro Advance : Takarabune & Ooedo Sakurafubuki 2	2001	Casino / Slot machine/Casino	Nippon Telenet	1
Smashing Drive (USA)	Smashing Drive	2004	Racing, Driving	Raylight	1-2
Smuggler's Run (USA)	Smuggler's Run	2002	Racing, Driving	DSI Games	1
Snap Kid's (Japan)	Snap Kid's	2002	Role Playing Game	GameKids	1-2
Snood (USA)	Snood	2001	Puzzle	Rebellion	1-2
Snood 2 - On Vacation (USA)	Snood 2 : On Vacation	2005	Puzzle	Rebellion	1
Soccer Kid (USA, Europe)	Soccer Kid	2002	Platform	Telegames	1
Soccer Mania (USA, Europe) (En,Fr,De,Es,It,Nl,Sv,Da)	Soccer Mania	2001	Sports / Football (Soccer)/Sports	Tiertex	1-2
Sonic Advance (USA) (En,Ja)	Sonic Advance	2002	Platform	Sonic Team	1-4
Sonic Advance 2 (USA) (En,Ja,Fr,De,Es,It)	Sonic Advance 2	2003	Platform	Dimps	1-4
Sonic Advance 3 (USA) (En,Ja,Fr,De,Es,It)	Sonic Advance 3	2004	Platform	Sonic Team	1-4
Sonic Battle (USA) (En,Ja,Fr,De,Es,It)	Sonic Battle	2004	Fighting	Sonic Team	1-4
Sonic Pinball Party (USA) (En,Ja,Fr,De,Es,It)	Sonic Pinball Party	2003	Pinball	Sonic Team	1-4
Sonic The Hedgehog - Genesis (USA)	Sonic The Hedgehog : Genesis	2006	Platform	Sonic Team	1
Sound of Thunder, A (USA) (En,Fr,De,Es,It)	A Sound of Thunder	2005	Action / Adventure/Action	Mobius Entertainment	1-4
Space Channel 5 - Ulala's Cosmic Attack (USA)	Space Channel 5 : Ulala's Cosmic Attack	2003	Music and Dancing	Art	1
Space Hexcite - Maetel Legend EX (Japan)	Space Hexcite : Maetel Legend EX	2001	Puzzle	Jorudan	1-2
Space Invaders (USA, Europe)	Space Invaders	2002	Shoot'em Up / Vertical/Shoot'em Up	Torus Games	1-2
Speedball 2 (Europe) (En,Fr,De,Es,It)	Speedball 2 : Brutal Deluxe	2001	Sports	Crawfish Interactive	1-2
Spider-Man (USA, Europe)	Spider-Man	2002	Platform	Digital Eclipse	1
Spider-Man - Battle for New York (USA)	Spider-Man : Battle for New York	2006	Platform	Torus Games	1
Spider-Man - Mysterio's Menace (USA, Europe)	Spider-Man : Mysterio's Menace	2001	Platform	Vicarious Vision	1
Spider-Man 2 (USA, Europe)	Spider-Man 2	2004	Platform	Digital Eclipse	1
Spider-Man 3 (USA)	Spider-Man 3	2007	Platform	Vicarious Vision	1
Spirit - Stallion of the Cimarron - Search for Homeland (USA)	Spirit : Stallion of the Cimarron - Search for Homeland	2002	Action / Adventure/Action	Hyperspace Cowgirls	1
Spirits & Spells (USA)	Spirits & Spells	2003	Platform	Magic Pockets	1
SpongeBob SquarePants - Battle for Bikini Bottom (USA)	SpongeBob SquarePants : Battle for Bikini Bottom	2003	Platform	Vicarious Vision	1
SpongeBob SquarePants - Creature from the Krusty Krab (USA)	Spongebob Squarepants : Creature From The Krusty Krab	2006	Platform	Wayforward	1
SpongeBob SquarePants - Lights, Camera, Pants! (USA)	SpongeBob SquarePants : Lights, Camera, Pants!	2005	Platform	Wayforward	1
SpongeBob SquarePants - Revenge of the Flying Dutchman (USA, Europe)	SpongeBob SquarePants : Revenge of the Flying Dutchman	2002	Platform	Vicarious Vision	1
SpongeBob SquarePants - SuperSponge (USA, Europe)	Spongebob Squarepants : Supersponge	2001	Platform/Sports	Climax	1
SpongeBob SquarePants Movie, The (USA)	The SpongeBob SquarePants Movie	2004	Platform	Wayforward	1
SpongeBob's Atlantis SquarePantis (USA)	SpongeBob's Atlantis SquarePantis	2007	Platform	Altron	1
Sports Illustrated for Kids - Baseball (USA)	Sports Illustrated for Kids : Baseball	2001	Sports / Baseball/Sports	Sennari Interactive	1-2
Sports Illustrated for Kids - Football (USA)	Sports Illustrated for Kids : Football	2003	Sports / Football (American)/Sports	Sennari Interactive	1-2
Sportsmans Pack 2 in 1 - Cabela's Big Game Hunter + Rapala Pro Fishing (USA)	Sportsman's Pack	2005	Compilation	Torus Games	1
Spy Hunter (USA) (En,Ja,Fr,De,Es)	SpyHunter	2002	Racing, Driving	Midway	1-2
Spy Kids 3-D - Game Over (USA)	Spy Kids 3-D : Game Over	2003	Platform	Digital Anvil	1
Spy Kids Challenger (USA)	Spy Kids Challenger	2002	Platform	Game Titan	1
Spy Muppets - License to Croak (USA) (En,Fr,De,Es,It,Nl)	Spy Muppets : License to Croak	2003	Casual Game	Vicarious Vision	1
Spyro - Attack of the Rhynocs (USA)	Spyro: Attack of the Rhynocs	2003	Platform	Digital Eclipse	1-2
Spyro - Season of Ice (USA)	Spyro : Season of Ice	2001	Platform	Digital Eclipse	1
Spyro 2 - Season of Flame (USA)	Spyro 2 : Season of Flame	2002	Platform	Digital Eclipse	1
Spyro Orange - The Cortex Conspiracy (USA)	Spyro Orange: The Cortex Conspiracy	2004	Platform	Vicarious Vision	1
Spyro Superpack - Spyro - Season of Ice + Spyro 2 - Season of Flame (USA)	Spyro Superpack	2005	Compilation	Digital Eclipse	1
SSX 3 (USA, Europe)	SSX 3	2003	Sports / Skiing/Sports	Visual Impact	1-2
SSX Tricky (USA, Europe) (En,Fr,De)	SSX Tricky	2002	Sports / Skiing/Sports	Visual Impact	1
Stadium Games (USA)	Stadium Games	2004	Sports / Multisports/Sports	Ignition Entertainment	1-2
Star Wars - Episode II - Attack of the Clones (USA)	Star Wars : Episode II : Attack of the Clones	2002	Platform	David A. Palmer Productions	1
Star Wars - Episode III - Revenge of the Sith (USA) (En,Fr,Es)	Star Wars : Episode III : Revenge of the Sith	2005	Beat'em Up	Ubisoft	1-2
Star Wars - Flight of the Falcon (USA)	Star Wars : Flight of the Falcon	2003	Shooter	Pocket Studios	1
Star Wars - Jedi Power Battles (USA)	Star Wars : Jedi Power Battles	2001	Adventure	HotGen	1
Star Wars - The New Droid Army (USA)	Star Wars : The New Droid Army	2002	Adventure	Helixe	1
Star Wars Trilogy - Apprentice of the Force (USA) (En,Fr,Es)	Star Wars Trilogy : Apprentice of the Force	2004	Platform	Ubisoft	1-2
Star X (USA) (En,Fr,De,Es,It,Nl)	Star X	2002	Shoot'em Up/Shooter	Graphic State Games	1-4
Starsky & Hutch (USA)	Starsky & Hutch	2003	Racing, Driving	Spellbound	1
Steel Empire (Europe)	Steel Empire	2005	Shoot'em Up / Horizontal/Shoot'em Up	Starfish	1
Strawberry Shortcake - Ice Cream Island - Riding Camp (Europe) (En,Fr,De,Es,It,Nl,Pt,Da)	Strawberry Shortcake : Ice Cream Island, Riding Camp	2006	Adventure	Gorilla	1-2
Strawberry Shortcake - Summertime Adventure (USA)	Strawberry Shortcake : Summertime Adventure	2004	Adventure	Gorilla Systems	1
Strawberry Shortcake - Sweet Dreams (USA)	Strawberry Shortcake : Sweet Dreams	2006	Adventure	Gorilla	1
Street Fighter Alpha 3 (USA)	Street Fighter Alpha 3	2002	Fighting	Crawfish Interactive	1-2
Street Jam Basketball (USA, Europe)	Street Jam Basketball	2004	Sports / Basketball/Sports	Prograph	1-2
Street Racing Syndicate (USA)	SRS : Street Racing Syndicate	2005	Racing, Driving	Raylight Studios	1
Strike Force Hydra (USA)	Strike Force Hydra	2003	Shoot'em Up / Vertical/Shoot'em Up	Digi-Guys	1
Stuart Little 2 (USA, Europe)	Stuart Little 2	2002	Platform	Creations	1-2
Stuntman (USA) (En,Fr,Es)	Stuntman	2003	Racing, Driving	Velez & Dubail	1-2
Sugar Sugar Rune - Heart Ga Ippai! Moegi Gakuen (Japan)	Sugar Sugar Rune : Heart Ga Ippai! Moegi Gakuen	2005		Marvelous Interactive	1
Suite Life of Zack & Cody, The - Tipton Caper (USA) (En,Fr)	The Suite Life of Zack & Cody : Tipton Caper	2006	Adventure	Artificial Mind & Movement	1
Sum of All Fears, The (USA) (En,Fr,De,Es,It)	The Sum of All Fears	2002	Shooter	Red Storm Entertainment	1-4
Summon Night - Craft Sword Monogatari - Hajimari no Ishi (Japan)	Summon Night : Swordcraft Story 3 : The Stone of Beginnings	2005	Action RPG/Role Playing Game	Flight-Plan	1-2
Summon Night - Swordcraft Story (USA)	Summon Night : Swordcraft Story	2006	Role Playing Game	Flight Plan	1-2
Summon Night - Swordcraft Story 2 (USA)	Summon Night : Swordcraft Story 2	2006	Role Playing Game	Flight Plan	1
Super Army War (USA)	Super Army War	2005	Shooter / Plane/Sports/Shooter	Neko Entertainment	1
Super Bubble Pop (USA)	Super Bubble Pop	2003	Puzzle	Runecraft	1
Super Bust-A-Move (USA) (En,Fr,Es)	Super Bust-A-Move	2001	Puzzle / Throw/Puzzle	Taito	1-2
Super Chinese 1, 2 Advance (Japan)	Super Chinese 1, 2 Advance	2004	Compilation		1
Super Collapse! II (USA)	Super Collapse! II	2004	Puzzle	GameHouse	1-2
Super Dodge Ball Advance (USA)	Super Dodge Ball Advance	2001	Sports / Dodgeball/Sports	Million	1-2
Super Dropzone - Intergalactic Rescue Mission (USA)	Super Dropzone : Intergalactic Rescue Mission	2004	Shoot'em Up / Horizontal/Shoot'em Up	Pocket Studios	1
Super Duper Sumos (USA)	Super Duper Sumos	2003	Beat'em Up	Handheld Games	1-2
Super Ghouls'n Ghosts (USA, Europe)	Super Ghouls'n Ghosts	2002	Platform / Fighter Scrolling/Platform	Capcom	1
Super Hornet FA 18F (USA, Europe)	Super Hornet F/A-18F	2004	Simulation	UK Magic	1
Super Mario Advance (USA, Europe)	Super Mario Advance	2001	Platform	Nintendo	1-4
Super Mario Advance 2 - Super Mario World (USA, Australia)	Super Mario World: Super Mario Advance 2	2002	Platform	Nintendo EAD	1-2
Super Mario Advance 3 - Yoshi's Island (USA)	Yoshi's Island: Super Mario Advance 3	2002	Platform	Nintendo EAD	1
Super Mario Advance 4 - Super Mario Bros. 3 (USA)	Super Mario Advance 4 : Super Mario Bros. 3	2003	Platform/Platform / Run & Jump	Nintendo EAD	1-4
Super Monkey Ball Jr. (USA)	Super Monkey Ball Jr.	2002	Action / Labyrinth/Action	Realism Entertainment	1-4
Super Puzzle Fighter II (USA)	Super Puzzle Fighter II	2003	Puzzle/Strategy	Atomic Planet Entertainment	1-2
Super Real Mahjong Dousoukai (Japan)	Super Real Mahjong Dousoukai	2004	Mahjong/Asiatic board game	AI	1
Super Robot Taisen - Original Generation (USA)	Super Robot Taisen : Original Generation	2006	Strategy/Tactical RPG/Role Playing Game	Banpresto	1
Super Robot Taisen - Original Generation 2 (USA)	Super Robot Taisen : Original Generation 2	2006	Tactical RPG/Role Playing Game	Banpresto	1
Super Robot Taisen A (Japan)	Super Robot Taisen A	2001	Strategy/Tactical RPG/Role Playing Game	Banpresto	1
Super Robot Taisen D (Japan)	Super Robot Taisen D	2003	Tactical RPG/Strategy/Role Playing Game	AI	1
Super Robot Taisen J (Japan)	Super Robot Taisen J	2005	Tactical RPG/Strategy/Role Playing Game	AI	1
Super Robot Taisen R (Japan)	Super Robot Taisen R	2002	Strategy/Tactical RPG/Role Playing Game	Banpresoft	1
Super Street Fighter II Turbo - Revival (USA)	Super Street Fighter II Turbo Revival	2001	Fighting	Capcom	1-2
Superman - Countdown to Apokolips (USA)	Superman : Countdown to Apokolips	2003	Fighting	Mistic Software	1
Superman Returns - Fortress of Solitude (USA, Europe) (En,Fr,De,Es,It)	Superman Returns : Fortress of Solitude	2006	Puzzle	EA Games	1
Surf's Up (USA) (En,Fr,Es)	Surf's Up	2007	Sports / Water/Sports	Ubisoft	1-2
Sutakomi - Star Communicator (Japan)	Sutakomi : Star Communicator	2001		Konami Computer Entertainment Tokyo	1
Sweet Cookie Pie (Japan)	Sweet Cookie Pie	2001		Culture Brain	1
Sword of Mana (USA, Australia)	Sword of Mana	2003	Role Playing Game	Brownie Brown	1-2
Sylvanian Families - Fashion Designer ni Naritai! - Kurumi-risu no Onnanoko (Japan)	Sylvanian Families : Fashion Designer ni Naritai!, Kurumi-risu no Onnanoko	2004	Role Playing Game	Ooparts	1
Sylvanian Families - Yousei no Stick to Fushigi no Ki - Marron-inu no Onnanoko (Japan)	Sylvanian Families : Yousei no Stick to Fushigi no Ki, Marron-inu no Onnanoko	2003	Role Playing Game	Ooparts	1
Sylvanian Families 4 - Meguru Kisetsu no Tapestry (Japan)	Sylvanian Families 4 : Meguru Kisetsu no Tapestry	2002	Role Playing Game	Ooparts	1
Tactics Ogre - The Knight of Lodis (USA)	Tactics Ogre : The Knight of Lodis	2002	Role Playing Game	Quest	1
Taiketsu! Ultra Hero (Japan)	Taiketsu! Ultra Hero	2004	Fighting / 2D/Fighting	Jorudan	1-2
Tak - The Great Juju Challenge (USA, Europe)	Tak : The Great Juju Challenge	2005	Platform	Wayforward	1
Tak 2 - The Staff of Dreams (USA)	Tak 2 : The Staff of Dreams	2004	Platform	Helixe	1
Tak and the Power of Juju (USA)	Tak and the Power of Juju	2003	Platform	Helixe	1
Tales of Phantasia (USA, Australia)	Tales of Phantasia	2006	Action RPG/Role Playing Game	Namco	1
Tales of the World - Narikiri Dungeon 2 (Japan)	Tales of the World : Narikiri Dungeon 2	2002	Role Playing Game	Alfa System	1
Tales of the World - Narikiri Dungeon 3 (Japan)	Tales of the World : Narikiri Dungeon 3	2005	Role Playing Game	Namco	1
Tales of the World - Summoner's Lineage (Japan)	Tales of the World : Summoner's Lineage	2003	Strategy	Kaga Tech	1-2
Tanbi Musou - Meine Liebe (Japan)	Tanbi Musou : Meine Liebe	2001	Adventure	Mobile 21	1-2
Tang Tang (USA)	Tang Tang	2001	Puzzle	GameVision	1
Tantei Gakuen Q - Kyuukyoku Trick ni Idome! (Japan)	Tantei Gakuen Q : Kyuukyoku Trick ni Idome!	2004	Adventure	Konami	1
Tantei Gakuen Q - Meitantei wa Kimi da! (Japan)	Tantei Gakuen Q : Meitantei wa Kimi da!	2003	Adventure		1
Tantei Jinguuji Saburou - Shiroi Kage no Shoujo (Japan)	Tantei Jinguuji Saburou : Shiroi Kage no Shoujo	2005	Adventure	Workjam	1
Tarzan - Return to the Jungle (USA, Europe)	Disney's Tarzan: Return to the Jungle	2002	Platform	Digital Eclipse	1
Taxi 3 (France)	Taxi 3	2003	Racing, Driving	Visual Impact	1
Teen Titans (USA) (En,Fr)	Teen Titans	2005	Platform	Artificial Mind and Movement	1
Teen Titans 2 (USA) (En,Fr)	Teen Titans 2	2006	Action / Adventure/Action	Artificial Mind & Movement	1
Teenage Mutant Ninja Turtles (USA)	Teenage Mutant Ninja Turtles	2003	Beat'em Up	Konami	1
Teenage Mutant Ninja Turtles 2 - Battle Nexus (USA)	Teenage Mutant Ninja Turtles 2 : Battle Nexus	2004	Beat'em Up	Konami	1-4
Teenage Mutant Ninja Turtles Double Pack (USA) (En,Fr,De,Es,It)	Teenage Mutant Ninja Turtles Double Pack	2006	Compilation/Beat'em Up	Konami	1-4
Tekken Advance (USA)	Tekken Advance	2002	Fighting	Eighting	1-2
Ten Pin Alley 2 (USA)	Ten Pin Alley 2	2004	Sports / Bowling/Sports	Pronto Games	1-4
Tennis Masters Series 2003 (Europe) (En,Fr,De,Es,It,Pt)	Tennis Masters Series 2003	2002	Sports / Tennis/Sports	Kaolink	1-4
Tennis no Ouji-sama - Aim at the Victory! (Japan)	Tennis no Ouji-sama : Aim at the Victory!	2002	Sports / Tennis/Sports	KCEJ	1-2
Tennis no Ouji-sama - Genius Boys Academy (Japan)	Tennis no Ouji-sama : Genius Boys Academy	2002	Sports / Tennis/Sports	KCEJ	1-4
Tennis no Ouji-sama 2003 - Cool Blue (Japan)	Tennis no Ouji-sama 2003 : Cool Blue	2003	Sports / Tennis/Sports	KCEJ	1-4
Tennis no Ouji-sama 2003 - Passion Red (Japan)	Tennis no Ouji-Sama 2003 : Passion Red	2003	Sports / Tennis/Sports	KCEJ	1-4
Tennis no Ouji-sama 2004 - Glorious Gold (Japan)	Tennis no Ouji-sama 2004 : Glorious Gold	2004	Sports / Tennis/Sports	KCEJ	1-4
Tennis no Ouji-sama 2004 - Stylish Silver (Japan)	Tennis no Ouji-sama 2004 : Stylish Silver	2004	Sports / Tennis/Sports	KCEJ	1-4
Terminator 3 - Rise of the Machines (USA)	Terminator 3 : Rise of the Machines	2003	Shooter	Taniko	1-2
Tetris Worlds (USA)	Tetris Worlds	2001	Puzzle / Fall/Puzzle	3d6 Games	1-2
Texas Hold 'em Poker (USA)	Texas Hold 'em Poker	2004	Casino / Cards/Casino	Skyworks Technologies	1
That's So Raven (USA)	That's So Raven	2004	Platform	Vicarious Vision	1
That's So Raven 2 - Supernatural Style (USA) (En,Fr)	That's So Raven 2 : Supernatural Style	2005	Platform	Artificial Mind & Movement	1
Three Stooges, The (USA)	The Three Stooges	2002	Platform	Cinemaware	1
Three-in-One Pack - Connect Four + Perfection + Trouble (USA)	Three-in-One Pack : Connect Four + Perfection + Trouble	2005	Board game/Compilation	Gravity-i	1-4
Three-in-One Pack - Risk + Battleship + Clue (USA)	Three-in-One Pack : Risk + Battleship + Clue	2005	Board game/Compilation	Gravity-i	1-6
Three-in-One Pack - Sorry! + Aggravation + Scrabble Junior (USA)	Three-in-One Pack : Sorry! + Aggravation + Scrabble Junior	2005	Board game/Compilation	Gravity-i	1-6
Thunder Alley (USA)	Thunder Alley	2004	Racing, Driving	Pronto Games	1
Thunderbirds (USA, Europe)	Thunderbirds	2004	Adventure	Saffire	1
Thunderbirds - International Rescue (Europe)	Thunderbirds : International Rescue	2004	Shoot'em Up	Pukka Games	1
Tiger Woods PGA Tour 2004 (USA, Europe)	Tiger Woods PGA Tour 2004	2003	Sports / Golf/Sports	Backbone Emeryville	1-4
Tiger Woods PGA Tour Golf (USA, Europe)	Tiger Woods PGA Tour Golf	2002	Sports / Golf/Sports	Rebellion	1-4
Tim Burton's The Nightmare Before Christmas - The Pumpkin King (USA, Europe) (En,Fr,De,Es,It)	Tim Burton's The Nightmare Before Christmas : The Pumpkin King	2005	Platform	TOSE	1-2
Tiny Toon Adventures - Scary Dreams (USA)	Tiny Toon Adventures : Scary Dreams	2002	Fighting	Treasure	1
Tiny Toon Adventures - Wacky Stackers (USA)	Tiny Toon Adventures : Wacky Stackers	2001	Puzzle	Warthog	1-2
Tir et But - Edition Champions du Monde (France)	Tir Et But - Edition Champions Du Monde	2002	Quiz	Titus	1
Titeuf - Mega Compet (France)	Titeuf - Méga Compet'	2004	Casual Game	Dream On	1-2
Titeuf - Ze Gag Machine (France)	Titeuf - Ze Gag Machine	2002	Platform	3D Light Team	1
TMNT (USA) (En,Fr,Es)	TMNT	2007	Beat'em Up	Ubisoft	1
TOCA World Touring Cars (Europe)	TOCA World Touring Cars	2003	Racing, Driving	Codemasters	1-2
Tokimeki Yume Series 1 - Ohanaya-san ni Narou! (Japan)	Tokimeki Yume Series 1 : Ohanaya-san ni Narou!	2002	Strategy	Avit	1-2
Tokyo Majin Gakuen - Fuju Houroku (Japan)	Tokyo Majin Gakuen : Fuju Houroku	2004	Strategy	Marvelous Entertainment	1
Tokyo Xtreme Racer Advance (USA)	Tokyo Xtreme Racer Advance	2005	Racing, Driving	David A. Palmer Productions	1
Tom and Jerry - The Magic Ring (USA) (En,Fr,De,Es,It)	Tom and Jerry : The Magic Ring	2002	Beat'em Up	Cave Barn	1
Tom and Jerry in Infurnal Escape (USA)	Tom and Jerry in Infurnal Escape	2003	Platform	Cinegroupe	1
Tom and Jerry Tales (USA) (En,Fr,Es)	Tom and Jerry Tales	2006	Platform	Sensory Sweep	1
Tom Clancy's Rainbow Six - Rogue Spear (USA) (En,Fr,De,Es,It)	Tom Clancy's Rainbow Six : Rogue Spear	2002	Shooter	Ubisoft	1-4
Tom Clancy's Splinter Cell (USA) (En,Fr,Es)	Tom Clancy's Splinter Cell	2003	Action/Action / Adventure	Ubisoft Montreal	1
Tom Clancy's Splinter Cell - Pandora Tomorrow (USA) (En,Fr,Es)	Tom Clancy's Splinter Cell : Pandora Tomorrow	2004	Adventure	Ubisoft	1
Tomato Adventure (Japan)	Tomato Adventure	2002	Role Playing Game	Alpha Dream	1-2
Tonka - On the Job (USA)	Tonka : On the Job	2006	Simulation / Vehicle/Simulation	Webfoot Technologies	1
Tony Hawk's American Sk8land (USA)	Tony Hawk's American Sk8land	2005	Sports / Skateboard/Sports	Vicarious Vision	1-2
Tony Hawk's Downhill Jam (USA)	Tony Hawk's Downhill Jam	2006	Sports / Skateboard/Sports	Activision	1
Tony Hawk's Pro Skater 2 (USA, Europe)	Tony Hawk's Pro Skater 2	2001	Sports / Skateboard/Sports	Vicarious Vision	1-2
Tony Hawk's Pro Skater 3 (USA, Europe)	Tony Hawk's Pro Skater 3	2002	Sports / Skateboard/Sports	Vicarious Vision	1-4
Tony Hawk's Pro Skater 4 (USA, Europe)	Tony Hawk's Pro Skater 4	2002	Sports / Skateboard/Sports	Vicarious Vision	1-4
Tony Hawk's Underground (USA, Europe)	Tony Hawk's Underground	2003	Sports / Skateboard/Sports	Vicarious Vision	1
Tony Hawk's Underground 2 (USA, Europe)	Tony Hawk's Underground 2	2004	Sports / Skateboard/Sports	Vicarious Vision	1-2
Top Gear GT Championship (USA)	Top Gear GT Championship	2001	Racing, Driving	Vision Works	1-2
Top Gear Rally (USA)	Top Gear Rally	2003	Racing, Driving	Tantalus	1-2
Top Gun - Combat Zones (USA) (En,Fr,De,Es,It)	Top Gun : Combat Zones	2004	Shooter / Plane/Shooter	Titus	1
Top Gun - Firestorm Advance (USA, Europe) (En,Fr,De,Es,It)	Top Gun : Firestorm Advance	2002	Shooter	Fluid	1-2
Top Spin 2 (USA) (En,Fr,De,Es,It)	Top Spin 2	2006	Sports / Tennis/Sports	Magic Pockets	1-2
Tork (USA) (Proto)	Tork				
Total Soccer 2002 (Europe) (En,Fr,De,Es,It,Nl)	Total Soccer 2002	2001	Sports / Football (Soccer)/Sports	Exient Entertainment	1-2
Total Soccer Manager (Europe) (En,Fr,De,Es,It,Nl)	Total Soccer Manager	2001	Sports / Football (Soccer)/Simulation/Sports	Anco	1-2
Totally Spies! (USA)	Totally Spies!	2005	Platform	Mistic Software	1
Totally Spies! 2 - Undercover (USA) (En,Fr)	Totally Spies! 2 : Undercover	2006	Casual Game	Mistic Software	1
Touhai Densetsu Akagi - Yami ni Mai Orita Tensai (Japan)	Touhai Densetsu Akagi : Yami ni Mai Orita Tensai	2006	Mahjong/Asiatic board game	Culture Brain	1
Toukon Heat (Japan)	Toukon Heat	2002	Sports / Wrestling/Sports	Pacific Century Cyber Works	1
Tower SP, The (USA)	The Tower SP	2006	Simulation	Vivarium	1
Toy Robo Force (Japan)	Toyrobo Force	2001	Shooter / Vehicle, Vertical/Shooter	Global A Entertainment	1-2
Travis Pastrana's Pro MotoX (USA) (Proto) (2002-12-12)	Travis Pastrana's Pro MotoX				
Treasure Planet (USA)	Treasure Planet	2002	Platform	Bizarre Creations	1
Trick Star (Europe) (En,Fr,De,Es,It)	Trick Star	2006	Racing, Driving	Tantalus Media	1-4
Tringo (USA)	Tringo	2006	Puzzle	Crave Entertainment	1-2
Trollz - Hair Affair! (USA)	Trollz : Hair Affair !	2005	Casual Game	Powerhead Games	1
Tron 2.0 - Killer App (USA)	Tron 2.0 : Killer App	2004	Adventure	Digital Eclipse	1-4
Turbo Turtle Adventure (USA)	Turbo Turtle Adventure	2002	Puzzle	Iridon Interactive AB	1
Turok - Evolution (USA)	Turok : Evolution	2002	Shooter	RFX Interactive	1-2
Turok Advance (Unknown) (Proto) (Dark Version)	Turok Advance 3D Prototype	2009	Shooter / FPV/Shooter	Acclaim Entertainment	1
Tweety and the Magic Gems (USA)	Tweety & The Magic Gems	2001	Strategy	Kemco	1-4
Twin Series 1 - Mezase Debut! - Fashion Designer Monogatari + Kawaii Pet Game Gallery 2 (Japan)	Twin Series 1 : Mezase Debut!, Fashion Designer Monogatari + Kawaii Pet Game Gal	2004	Compilation	Culture Brain	1
Twin Series 2 - Oshare Princess 4 + Renai Uranai Daisakusen! + Renai Party Game - Sweet Heart (Japan)	Twin Series 2 : Oshare Princess 4 + Renai Uranai Daisakusen! + Renai Party Game,	2004	Compilation	Culture Brain	1
Twin Series 3 - Konchuu Monster - Ouja Ketteisen + Super Chinese Labyrinth (Japan)	Twin Series 3 : Konchuu Monster, Ouja Ketteisen + Super Chinese Labyrinth	2004	Compilation	Culture Brain	1
Twin Series 4 - Hamu Hamu Monster EX - Hamster Monogatari RPG + Fantasy Puzzle - Hamster Monogatari - Mahou no Meikyuu 1.2.3 (Japan)	Twin Series 4 : Hamu Hamu Monster EX, Hamster Monogatari RPG + Fantasy Puzzle, H	2004	Compilation	Culture Brain	1
Twin Series 5 - Mahou no Kuni no Cake-ya-san Monogatari + Wanwan Meitantei EX (Japan)	Twin Series 5 : Mahou no Kuni no Cake-ya-san Monogatari + Wanwan Meitantei EX	2004	Compilation	Culture Brain	1
Twin Series 6 - Wannyan Idol Gakuen + Koinu to Issho Special (Japan)	Twin Series 6 : Wannyan Idol Gakuen + Koinu to Issho Special	2004	Compilation	Culture Brain	1
Twin Series 7 - Twin Puzzle - Kisekae Wanko EX + Nyaa to Chuu no Rainbow Magic 2 (Japan)	Twin Series 7 : Twin Puzzle, Kisekae Wanko EX + Nyaa to Chuu no Rainbow Magic 2	2004	Compilation	Culture Brain	1
Ty the Tasmanian Tiger 2 - Bush Rescue (USA, Europe) (En,Fr,De)	Ty the Tasmanian Tiger 2 : Bush Rescue	2004	Platform	Krome	1
Ty the Tasmanian Tiger 3 - Night of the Quinkan (USA)	Ty the Tasmanian Tiger 3 : Night of the Quinkan	2005	Platform	Krome	1
Tyrian 2000 (USA) (Proto)	Tyrian 2000	2007	Shoot'em Up	World Tree Games Productions	1
Uchuu Daisakusen Choco Vader - Uchuu kara no Shinryakusha (Japan)	Uchuu Daisakusen Choco Vader : Uchuu kara no Shinryakusha	2002	Role Playing Game	Namco	1-2
Uchuu no Stellvia (Japan)	Uchuu no Stellvia Advance	2004	Strategy		1
Ueki no Housoku - Jingi Sakuretsu! Nouryokusha Battle (Japan)	Ueki no Housoku : Jingi Sakuretsu! Nouryokusha Battle	2006	Fighting	Banpresto	1
Ui-Ire - World Soccer Winning Eleven (Japan)	Wi-El : World Soccer Winning Eleven	2002	Sports / Football (Soccer)/Sports	KCET	1-2
Ultimate Arcade Games (USA)	Ultimate Arcade Games	2005		Telegames	1
Ultimate Beach Soccer (USA)	Ultimate Beach Soccer	2003	Sports / Football (Soccer)/Sports	Magic Pockets	1-2
Ultimate Brain Games (USA, Europe)	Ultimate Brain Games	2003	Board game/Strategy	Cosmigo	1-2
Ultimate Card Games (USA, Europe)	Ultimate Card Games	2004	Playing cards	Cosmigo	1-2
Ultimate Muscle - The Kinnikuman Legacy - The Path of the Superhero (USA)	Ultimate Muscle : The Kinnikuman Legacy, The Path of the Superhero	2003	Sports / Wrestling/Sports	ShunDa	1-2
Ultimate Puzzle Games (USA)	Ultimate Puzzle Games	2005	Puzzle/Thinking	Telegames	1-2
Ultimate Spider-Man (USA)	Ultimate Spider-Man	2005	Platform	Activision	1
Ultimate Winter Games (USA)	Ultimate Winter Games	2004	Sports / Multisports/Sports	Sproing	1-2
Ultra Keibitai - Monster Attack (Japan)	Ultra Keibitai : Monster Attack	2004	Simulation	Rocket Company	1
Unfabulous (USA)	Unfabulous	2006	Adventure	Wayforward	1
Uno - Free Fall (USA)	Uno Free Fall	2007	Puzzle	Black Lantern	1
Uno 52 (USA)	Uno 52	2006	Playing cards	Black Lantern	1
Urban Yeti! (USA, Europe)	Urban Yeti!	2002	Adventure	Cave Barn	1
Urbz, The - Sims in the City (USA, Europe) (En,Fr,De,Es,It,Nl)	The Urbz : Sims in the City	2004	Simulation / Life/Simulation	Griptonite Games	1-4
V-Master Cross (Japan)	V-Master Cross	2002	Role Playing Game	Birthday	1-2
V-Rally 3 (USA) (En,Fr,Es)	V-Rally 3	2002	Racing, Driving	Velez & Dubail	1-2
V.I.P. (Europe) (En,Fr,De,Es,It,Nl)	V.I.P.	2002	Platform	Planet Interactive	1
Van Helsing (USA)	Van Helsing	2004	Adventure	Saffire	1
Vattroller X (Japan)	Vattroller X	2004	Role Playing Game	Ganbarion	1
VeggieTales - LarryBoy and the Bad Apple (USA)	VeggieTales : LarryBoy and the Bad Apple	2006	Adventure	Crave Entertainment	1
Virtua Tennis (USA)	Virtua Tennis	2002	Sports / Tennis/Sports	Altron	1-4
Virtual Kasparov (USA) (En,Fr,De,Es,It)	Virtual Kasparov	2002	Board game	Titus	1-2
W.i.t.c.h. (Europe) (En,Fr,De,Es,It)	W.I.T.C.H.	2005	Platform	Climax	1
Wade Hixton's Counter Punch (USA, Europe)	Wade Hixton's Counter Punch	2004	Sports / Boxing/Sports	Inferno-games	1
Wagamama Fairy Mirumo de Pon! - 8 Nin no Toki no Yousei (Japan)	Wagamama Fairy Mirumo de Pon! : 8 Nin no Toki no Yousei	2003	Adventure	Jupiter	1
Wagamama Fairy Mirumo de Pon! - Dokidoki Memorial Panic (Japan)	Wagamama Fairy Mirumo de Pon! : Dokidoki Memorial Panic	2005	Adventure	Jupiter	1
Wagamama Fairy Mirumo de Pon! - Nazo no Kagi to Shinjitsu no Tobira (Japan)	Wagamama Fairy Mirumo de Pon! : Nazo no Kagi to Shinjitsu no Tobira	2004	Action / Adventure/Action	Jupiter	1-2
Wagamama Fairy Mirumo de Pon! - Ougon Maracas no Densetsu (Japan)	Wagamama Fairy Mirumo de Pon! : Ougon Maracas no Densetsu	2002	Adventure	Jupiter Multimedia	1
Wagamama Fairy Mirumo de Pon! - Taisen Mahoudama (Japan)	Wagamama Fairy Mirumo de Pon! : Taisen Mahoudama	2003	Puzzle	Konami	1
Wagamama Fairy Mirumo de Pon! - Yume no Kakera (Japan)	Wagamama Fairy Mirumo de Pon! : Yume no Kakera	2004	Adventure	Konami	1
Wakeboarding Unleashed Featuring Shaun Murray (USA)	Wakeboarding Unleashed Featuring Shaun Murray	2003	Sports / Water/Sports	Small Rockets	1
Wanko de Kururin! Wancle (Japan)	Wanko de Kururin! Wancle	2004	Puzzle		1-2
Wanko Mix Chiwanko World (Japan)	Wanko Mix Chiwanko World	2004	Adventure	TDK	1
Wannyan Doubutsu Byouin - Doubutsu no Oishasan Ikusei Game (Japan)	Wannyan Doubutsu Byouin : Doubutsu no Oishasan Ikusei Game	2003	Simulation/Adventure	TDK	1
Wanwan Meitantei (Japan)	Wanwan Meitantei	2003	Adventure	Culture Brain	1
Wario Land 4 (USA, Europe)	Wario Land 4	2001	Platform	Nintendo	1
WarioWare - Twisted! (USA, Australia)	WarioWare : Twisted!	2005	Casual Game	Nintendo	1
WarioWare, Inc. - Mega Microgame$! (USA)	WarioWare, Inc. : Mega Microgame$!	2003	Casual Game	Nintendo	1-4
Whac-A-Mole (USA)	Whac-A-Mole	2005	Shooter	DC Studios	1
Whistle! - Dai-37-kai Tokyo-to Chuugakkou Sougou Taiiku Soccer Taikai (Japan)	Whistle! : Dai-37-kai Tokyo-to Chuugakkou Sougou Taiiku Soccer Taikai	2003	Sports / Football (Soccer)/Sports	INTENSE	1
Who Wants to Be a Millionaire (Europe)	Who Wants to Be a Millionaire	2002	Quiz/Puzzle	Hothouse Creations	1
Who Wants to Be a Millionaire - 2nd Edition (Europe)	Who Wants to Be a Millionaire : 2nd Edition	2004	Quiz	Hothouse Creations	1
Who Wants to Be a Millionaire Junior (Europe)	Who Wants to Be a Millionaire Junior	2005	Quiz/Puzzle	Hothouse Creations	1
Wild Thornberrys Movie, The (USA, Europe)	The Wild Thornberrys Movie	2002	Adventure	Human Soft	1-4
Wild Thornberrys, The - Chimp Chase (USA, Europe)	The Wild Thornberrys: Chimp Chase	2001	Platform	Helixe	1
Wild, The (USA, Europe) (En,Fr,De,Es)	The Wild	2006	Adventure	Climax	1
Wilden Fussball-Kerle, Die - Entscheidung im Teufelstopf (Germany)	Wilden Fussball-kerle, Die - Entscheidung Im Teufelstopf	2006	Sports / Football (Soccer)/Sports	Kiddinx	1
Wilden Fussball-Kerle, Die - Gefahr im Wilde Kerle Land (Germany)	Wilden Fussball-kerle, Die - Gefahr Im Wilde Kerle Land	2007	Sports / Football (Soccer)/Sports	Kiddinx	1
Wing Commander - Prophecy (USA)	Wing Commander : Prophecy	2003		Raylight	1-2
Wings (USA)	Wings	2003	Shooter / Plane/Shooter	Crawfish Interactive	1-4
Winnie the Pooh's Rumbly Tumbly Adventure & Rayman 3 (Europe) (En,Fr,De,Es,It,Nl+En,Fr,De,Es,It,Nl,Sv,No,Da,Fi)	Winnie the Pooh's Rumbly Tumbly Adventure & Rayman	2006	Compilation	Phoenix Studio	1
Winnie the Pooh's Rumbly Tumbly Adventure (USA) (En,Fr,Es)	Winnie the Pooh's Rumbly Tumbly Adventure	2005	Adventure	Phoenix Studio	1
Winning Post for Game Boy Advance (Japan)	Winning Post for Game Boy Advance	2001	Horse racing/Sports with animals	Koei	1
Winter Sports (Europe) (En,Fr,De,Es,It)	Winter Sports	2006	Sports / Multisports/Sports	Independent Arts	1
WinX Club (USA)	WinX Club	2005	Role Playing Game/Adventure	Rainbow	1-4
WinX Club - Quest for the Codex (USA)	WinX Club : Quest for the Codex	2006	Adventure	Powerhead Games	1
Wizardry Summoner (Japan)	Wizardry Summoner	2001	Role Playing Game	Fupac	1
Wolfenstein 3D (USA, Europe)	Wolfenstein 3D	2002	Shooter / FPV/Shooter	Stalker Entertainment	1
Woody Woodpecker in Crazy Castle 5 (USA)	Woody Woodpecker in Crazy Castle 5	2003	Platform	Kemco	1-4
Word Safari - The Friendship Totems (USA)	Word Safari : The Friendship Totems	2007	Educational	GXB Interactive	1
World Advance Soccer - Shouri e no Michi (Japan)	World Advance Soccer : Shouri e no Michi	2001	Sports / Football (Soccer)/Sports	Hands-On Entertainment	1
World Championship Poker (USA)	World Championship Poker	2004	Casino / Cards/Casino	Sensory Sweep	1-2
World Poker Tour (USA)	World Poker Tour	2005	Casino / Cards/Casino	Backbone Emeryville	1
World Reborn (USA) (Proto)	World Reborn	2015	Shoot'em Up	NeoPong Software	1
World Tennis Stars (USA)	World Tennis Stars	2004	Sports / Tennis/Sports	Ignition Entertainment	1-2
Worms - World Party (USA) (En,Fr,De,Es,It)	Worms World Party	2002	Strategy	Fluid	1
Worms Blast (Europe) (En,Fr,De,Es,It)	Worms Blast	2002	Strategy	Fluid Studios	1-2
WTA Tour Tennis (USA)	WTA Tour Tennis	2002	Sports/Sports / Tennis	Now Production	1-4
WWE - Road to WrestleMania X8 (USA, Europe)	WWE : Road to Wrestlemania X8	2002	Sports / Wrestling/Sports	Natsume	1-4
WWE - Survivor Series (USA, Europe)	WWE Survivor Series	2004	Sports / Wrestling/Sports	Natsume	1-4
WWF - Road to WrestleMania (USA, Europe)	WWF Road to WrestleMania	2001	Sports / Fighting/Sports	Natsume	1-4
X-Bladez - Inline Skater (USA)	X-bladez : Inline Skater	2002	Racing, Driving	The Code Monkeys	1
X-Men - Reign of Apocalypse (USA, Europe)	X-Men : Reign of Apocalypse	2001	Beat'em Up	Digital Eclipse	1-2
X-Men - The Official Game (USA)	X-Men : The Official Game	2006	Platform	Wayforward	1
X2 - Wolverine's Revenge (USA, Europe)	X2 : Wolverine's Revenge	2003	Platform	Vicarious Vision	1
XS Moto (USA)	XS Moto	2004	Racing, Driving	DC Studios	1
xXx (USA, Europe)	xXx	2002	Platform	Digital Eclipse	1
Yggdra Union - We'll Never Fight Alone (USA)	Yggdra Union : We'll Never Fight Alone	2006	Role Playing Game	Sting Entertainment	1
Yoshi Topsy-Turvy (USA)	Yoshi : Topsy-Turvy	2005	Platform	Artoon	1
Youkaidou (Japan)	Youkaidou	2002	Puzzle	Fuuki	1
Yu Yu Hakusho - Ghostfiles - Spirit Detective (USA)	Yu Yu Hakusho - Ghost Files: Spirit Detective	2003	Role Playing Game	Sensory Sweep	1
Yu Yu Hakusho - Ghostfiles - Tournament Tactics (USA, Europe)	Yu Yu Hakusho - Ghost Files: Tournament Tactics	2004	Role Playing Game	Sensory Sweep	1
Yu-Gi-Oh! - 7 Trials to Glory - World Championship Tournament 2005 (USA) (En,Ja,Fr,De,Es,It)	Yu-Gi-Oh! 7 Trials to Glory: World Championship Tournament 2005	2005	Playing cards	Konami	1-2
Yu-Gi-Oh! - Destiny Board Traveler (USA)	Yu-Gi-Oh! Destiny Board Traveler	2004	Board game/Strategy	Konami	1-4
Yu-Gi-Oh! - Dungeon Dice Monsters (USA) (En,Es)	Yu-Gi-Oh! Dungeon Dice Monsters	2003	Puzzle/Strategy	Konami	1-2
Yu-Gi-Oh! - Reshef of Destruction (USA)	Yu-Gi-Oh! Reshef of Destruction	2004	Playing cards	Konami	1-2
Yu-Gi-Oh! - The Eternal Duelist Soul (USA)	Yu-Gi-Oh! The Eternal Duelist Soul	2002	Playing cards	KCEJ	1-2
Yu-Gi-Oh! - The Sacred Cards (USA)	Yu-Gi-Oh! The Sacred Cards	2003	Playing cards	Konami	1
Yu-Gi-Oh! - Ultimate Masters - World Championship Tournament 2006 (USA) (En,Ja,Fr,De,Es,It)	Yu-Gi-Oh! Ultimate Masters: World Championship Tournament 2006	2006	Playing cards	Konami	1-2
Yu-Gi-Oh! - World Championship Tournament 2004 (USA) (En,Ja,Fr,De,Es,It)	Yu-Gi-Oh! : World Championship Tournament 2004	2004	Playing cards/Role Playing Game	KCEJ	1-2
Yu-Gi-Oh! - Worldwide Edition - Stairway to the Destined Duel (USA) (En,Ja,Fr,De,Es,It)	Yu-Gi-Oh! Worldwide Edition: Stairway to the Destined Duel	2003	Playing cards	Konami	1-2
Yu-Gi-Oh! Double Pack (USA)	Yu-Gi-Oh! Double Pack	2006	Compilation	Konami	1
Yu-Gi-Oh! Double Pack 2 (USA) (En,Fr,De,Es,It)	Yu-Gi-Oh! Double Pack 2	2006	Compilation	Konami	1
Yu-Gi-Oh! Duel Monsters 6 Expert 2 (Japan)	Yu-Gi-Oh! Duel Monsters 6 Expert 2	2001	Strategy	KCEJ	1-2
Yu-Gi-Oh! GX - Duel Academy (USA)	Yu-Gi-Oh! GX : Duel Academy	2006	Playing cards/Role Playing Game	Konami	1
Yumemi-chan no Naritai Series 3 - Watashi no Makesalon (Japan)	Yumemi-chan no Naritai Series 3 : Watashi no Makesalon	2002	Strategy	Ludic	1
Yuujou no Victory Goal 4v4 Arashi - Get the Goal!! (Japan)	Yuujou no Victory Goal 4v4 Arashi : Get the Goal!!	2001	Sports / Football (Soccer)/Sports	KCE	1-2
Yuureiyashiki no Nijuuyojikan (Japan)	Yuureiyashiki no Nijuuyojikan	2002	Adventure / Visual Novel/Adventure	Global A Entertainment	1-4
Zapper - One Wicked Cricket! (USA)	Zapper : One Wicked Cricket!	2002	Platform	Blitz Games	1-2
Zatchbell! - Electric Arena (USA)	Zatchbell! Electric Arena	2005	Fighting/Fighting / 2D/Fighting	Eighting	1
Zen-Nihon Shounen Soccer Taikai 2 - Mezase Nihon-ichi! (Japan)	Zen-Nippon Shounen Soccer Taikai 2 : Mezase Nippon-ichi!	2002	Sports / Football (Soccer)/Sports	Boom	1
Zero One (Japan)	Zero One	2003	Adventure	Fuuki	1
Zero One SP (Japan)	Zero One SP	2004	Adventure	Fuuki	1
Zero-Tours (Japan)	Zero-Tours	2001	Japanese RPG/Role Playing Game	Amedio	1-2
Zettaizetsumei Dangerous Jiisan - Naki no 1-kai - Zettaifukujuu Violence Kouchou - Wagahai ga 1-ban Erainjai!! (Japan)	Zettaizetsumei Dangerous Jiisan : Naki no 1-kai, Zettaifukujuu Violence Kouchou,	2004	Adventure	Rokumendo	1
Zettaizetsumei Dangerous Jiisan - Shijou Saikyou no Dogeza (Japan)	Zettaizetsumei Dangerous Jiisan : Shijou Saikyou no Dogeza	2003	Adventure	Rokumendo	1
Zettaizetsumei Dangerous Jiisan 3 - Hateshinaki Mamonogatari (Japan)	Zettaizetsumei Dangerous Jiisan 3 : Hateshinaki Mamonogatari	2004	Adventure	Rokumendo	1
Zettaizetsumei Dangerous Jiisan Tsuu - Ikari no Oshioki Blues (Japan)	Zettaizetsumei Dangerous Jiisan Tsuu : Ikari no Oshioki Blues	2004	Adventure	Rokumendo	1
Zidane - Football Generation 2002 (Europe) (En,Fr,De,Es,It)	Zidane : Football Generation 2002	2002	Sports / Football (Soccer)/Sports	Aqua Pacific	1
Zoey 101 (USA)	Zoey 101	2007	Adventure/Puzzle	Barking Lizards	1
Zoids - Legacy (USA)	Zoids Legacy	2004	Role Playing Game	Amedio	1-2
Zoids Saga (Japan)	Zoids Saga	2001	Role Playing Game	Amedio	1
Zoids Saga - Fuzors (Japan)	Zoids Saga Fuzors	2004	Role Playing Game	Amedio	1-2
Zone of the Enders - The Fist of Mars (USA)	Zone of the Enders : The Fist of Mars	2002	Strategy	Winky Soft	1
ZooCube (USA)	ZooCube	2002	Puzzle	PuzzleKings	1-2
Zooo - Action Puzzle Game (Europe) (En,Fr,De,Es,It)	Zooo : Action Puzzle Game	2005	Puzzle	Buddiez	1
