#name	crc	size	key
007 - Everything or Nothing (Japan)	caf2e99f	8388608	007 - Everything or Nothing (USA, Europe) (En,Fr,De)
007 - Everything or Nothing (USA, Europe) (En,Fr,De)	9d4f1e18	8388608	007 - Everything or Nothing (USA, Europe) (En,Fr,De)
007 - NightFire (USA, Europe) (En,Fr,De)	56c83c16	8388608	007 - NightFire (USA, Europe) (En,Fr,De)
2 Disney Games - Disney Sports - Football + Disney Sports - Skateboarding (Europe) (En,Fr,De,Es,It)	c8cdb4ed	33554432	2 Disney Games - Disney Sports - Football + Disney Sports - Skateboarding (Europe) (En,Fr,De,Es,It)
2 Disney Games - Lilo & Stitch 2 + Peter Pan - Return to Neverland (Europe) (En,Fr,De,Es+En,Fr,De,Es,It,Nl)	75703943	16777216	2 Disney Games - Lilo & Stitch 2 + Peter Pan - Return to Neverland (Europe) (En,Fr,De,Es+En,Fr,De,Es,It,Nl)
2 Game Pack! - Hot Wheels - Stunt Track Challenge + Hot Wheels - World Race (USA, Europe)	20929ec1	16777216	2 Game Pack! - Hot Wheels - Stunt Track Challenge + Hot Wheels - World Race (USA, Europe)
2 Game Pack! - Matchbox Missions - Emergency Response & Air, Land and Sea Rescue (Europe) (En,Fr,De,Es,It)	0a907f58	4194304	2 Game Pack! - Matchbox Missions - Emergency Response + Air, Land and Sea Rescue (USA)
2 Game Pack! - Matchbox Missions - Emergency Response + Air, Land and Sea Rescue (USA)	4080aac1	4194304	2 Game Pack! - Matchbox Missions - Emergency Response + Air, Land and Sea Rescue (USA)
2 Game Pack! - Uno & Skip-Bo (Europe) (En,Fr,De,Es,It)	e2018633	4194304	2 Game Pack! - Uno + Skip-Bo (USA)
2 Game Pack! - Uno + Skip-Bo (USA)	0e2af604	4194304	2 Game Pack! - Uno + Skip-Bo (USA)
2 Games in 1 - Alla Ricerca di Nemo + Gli Incredibili - Una 'Normale' Famiglia di Supereroi (Italy) (Es,It+It)	9ea46982	16777216	2 Games in 1 - Finding Nemo + The Incredibles (Europe)
2 Games in 1 - Bionicle + Knights' Kingdom (Europe) (En,Fr,De,Da+En,De)	d720bdca	16777216	2 Games in 1 - Bionicle + Knights' Kingdom (Europe) (En,Fr,De,Da+En,De)
2 Games in 1 - Brother Bear + The Lion King (Europe) (En,Fr,De,Es,It,Nl,Sv,Da)	9e5f961b	16777216	2 Games in 1 - Brother Bear + The Lion King (Europe) (En,Fr,De,Es,It,Nl,Sv,Da)
2 Games in 1 - Buscando a Nemo + Los Increibles (Spain) (Es,It+Es)	d7ac0697	16777216	2 Games in 1 - Finding Nemo + The Incredibles (Europe)
2 Games in 1 - Cartoon Network Block Party + Cartoon Network Speedway (USA)	b3d323e4	8388608	2 Games in 1 - Cartoon Network Block Party + Cartoon Network Speedway (USA)
2 Games in 1 - Columns Crown + ChuChu Rocket! (Europe) (En+En,Ja,Fr,De,Es)	0beaa2f4	16777216	2 Games in 1 - Columns Crown + ChuChu Rocket! (Europe) (En+En,Ja,Fr,De,Es)
2 Games in 1 - Die Monster AG + Findet Nemo (Germany)	4fd20e32	16777216	2 Games in 1 - Monsters, Inc. + Finding Nemo (USA)
2 Games in 1 - Disney Princesas + El Rey Leon (Spain) (Es+En,Fr,De,Es,It,Nl,Sv,Da)	6472ac25	16777216	2 Games in 1 - The Lion King + Disney Princess (Europe) (En,Fr,De,Es,It,Nl,Sv,Da+En)
2 Games in 1 - Disney Princesas + Hermano Oso (Spain) (Es+En,Fr,De,Es,It,Nl,Sv,Da)	01b143a9	16777216	2 Games in 1 - Disney Princess + Brother Bear (Europe) (En+En,Fr,De,Es,It,Nl,Sv,Da)
2 Games in 1 - Disney Princesas + Lizzie McGuire (Spain)	57f886b0	16777216	2 Games in 1 - Disney Princess + Lizzie McGuire (Europe)
2 Games in 1 - Disney Princess + Brother Bear (Europe) (En+En,Fr,De,Es,It,Nl,Sv,Da)	34355326	16777216	2 Games in 1 - Disney Princess + Brother Bear (Europe) (En+En,Fr,De,Es,It,Nl,Sv,Da)
2 Games in 1 - Disney Princess + Lizzie McGuire (Europe)	99c96067	16777216	2 Games in 1 - Disney Princess + Lizzie McGuire (Europe)
2 Games in 1 - Disney Princesse + Frere des Ours (France) (Fr+En,Fr,De,Es,It,Nl,Sv,Da)	22c54ae1	16777216	2 Games in 1 - Disney Princess + Brother Bear (Europe) (En+En,Fr,De,Es,It,Nl,Sv,Da)
2 Games in 1 - Disney Princesse + Le Roi Lion (France) (Fr+En,Fr,De,Es,It,Nl,Sv,Da)	cce9c2e2	16777216	2 Games in 1 - The Lion King + Disney Princess (Europe) (En,Fr,De,Es,It,Nl,Sv,Da+En)
2 Games in 1 - Disney Principesse + Il Re Leone (Italy) (It+En,Fr,De,Es,It,Nl,Sv,Da)	a4acba4a	16777216	2 Games in 1 - The Lion King + Disney Princess (Europe) (En,Fr,De,Es,It,Nl,Sv,Da+En)
2 Games in 1 - Disney Principesse + Koda, Fratello Orso (Italy) (It+En,Fr,De,Es,It,Nl,Sv,Da)	458dedb1	16777216	2 Games in 1 - Disney Princess + Brother Bear (Europe) (En+En,Fr,De,Es,It,Nl,Sv,Da)
2 Games in 1 - Disneys Prinzessinnen + Baerenbrueder (Germany) (De+En,Fr,De,Es,It,Nl,Sv,Da)	52c8a11f	16777216	2 Games in 1 - Disney Princess + Brother Bear (Europe) (En+En,Fr,De,Es,It,Nl,Sv,Da)
2 Games in 1 - Disneys Prinzessinnen + Der Koenig der Loewen (Germany) (De+En,Fr,De,Es,It,Nl,Sv,Da)	ad82cb84	16777216	2 Games in 1 - The Lion King + Disney Princess (Europe) (En,Fr,De,Es,It,Nl,Sv,Da+En)
2 Games in 1 - Dr. Mario + Puzzle League (Europe) (En,Fr,De,Es,It)	fb7a7567	8388608	2 Games in One! - Dr. Mario + Puzzle League (USA)
2 Games in 1 - Dragon Ball Z - The Legacy of Goku I & II (USA)	ace78c4f	16777216	2 Games in 1 - Dragon Ball Z - The Legacy of Goku I & II (USA)
2 Games in 1 - Findet Nemo + Die Unglaublichen (Germany)	5db86e1c	16777216	2 Games in 1 - Finding Nemo + The Incredibles (Europe)
2 Games in 1 - Findet Nemo + Findet Nemo - Das Abenteuer Geht Weiter (Germany) (De+Fr,De,Nl)	60a35c6e	16777216	2 Games in 1 - Finding Nemo + Finding Nemo - The Continuing Adventures (Europe) (Fr,Nl+Fr,De,Nl)
2 Games in 1 - Finding Nemo + Finding Nemo - The Continuing Adventures (Europe) (En+En,Es,It,Sv,Da)	72d5f428	16777216	2 Games in 1 - Finding Nemo + Finding Nemo - The Continuing Adventures (Europe) (Fr,Nl+Fr,De,Nl)
2 Games in 1 - Finding Nemo + Finding Nemo - The Continuing Adventures (Europe) (Es,It+En,Es,It,Sv,Da)	73444273	16777216	2 Games in 1 - Finding Nemo + Finding Nemo - The Continuing Adventures (Europe) (Fr,Nl+Fr,De,Nl)
2 Games in 1 - Finding Nemo + Finding Nemo - The Continuing Adventures (Europe) (Fr,Nl+Fr,De,Nl)	2e5eda0d	16777216	2 Games in 1 - Finding Nemo + Finding Nemo - The Continuing Adventures (Europe) (Fr,Nl+Fr,De,Nl)
2 Games in 1 - Finding Nemo + The Incredibles (Europe)	9702abce	16777216	2 Games in 1 - Finding Nemo + The Incredibles (Europe)
2 Games in 1 - Finding Nemo + The Incredibles (Europe) (Fr,Nl)	2d4d69fa	16777216	2 Games in 1 - Finding Nemo + The Incredibles (Europe)
2 Games in 1 - Finding Nemo - The Continuing Adventures + The Incredibles (USA)	d5a37aa8	16777216	2 Games in 1 - Finding Nemo - The Continuing Adventures + The Incredibles (USA)
2 Games in 1 - Golden Nugget Casino + Texas Hold 'em Poker (USA)	6f88e088	8388608	2 Games in 1 - Golden Nugget Casino + Texas Hold 'em Poker (USA)
2 Games in 1 - Hot Wheels - Velocity X + Hot Wheels - World Race (Europe)	b3c2cf9f	16777216	2 Games in 1 - Hot Wheels - Velocity X + Hot Wheels - World Race (USA)
2 Games in 1 - Hot Wheels - Velocity X + Hot Wheels - World Race (USA)	a440a760	16777216	2 Games in 1 - Hot Wheels - Velocity X + Hot Wheels - World Race (USA)
2 Games in 1 - Les Razmoket Rencontrent les Delajungle + SpongeBob SquarePants - SuperSponge (France) (Fr+En)	b3bb9a45	8388608	2 Games in 1 - Rugrats - Go Wild + SpongeBob SquarePants - SuperSponge (Europe)
2 Games in 1 - Monsters & Co. + Alla Ricerca di Nemo (Italy) (En,Fr,It+Es,It)	06715995	16777216	2 Games in 1 - Monsters, Inc. + Finding Nemo (USA)
2 Games in 1 - Monsters en Co. + Finding Nemo (Netherlands) (En,Es,Nl+Fr,Nl)	8f66cad4	16777216	2 Games in 1 - Monsters, Inc. + Finding Nemo (USA)
2 Games in 1 - Monsters, Inc. + Finding Nemo (Europe)	6cb47552	16777216	2 Games in 1 - Monsters, Inc. + Finding Nemo (USA)
2 Games in 1 - Monsters, Inc. + Finding Nemo (USA)	ad1c5818	16777216	2 Games in 1 - Monsters, Inc. + Finding Nemo (USA)
2 Games in 1 - Monstres & Cie + Le Monde de Nemo (France) (En,Fr,It+Fr,Nl)	20298a03	16777216	2 Games in 1 - Monsters, Inc. + Finding Nemo (USA)
2 Games in 1 - Monstruos, S.A. + Buscando a Nemo (Spain) (En,Es,Nl+Es,It)	9ff018f9	16777216	2 Games in 1 - Monsters, Inc. + Finding Nemo (USA)
2 Games in 1 - Moto GP + GT Advance 3 - Pro Concept Racing (Europe) (En,Fr,De,Es,It+En)	51d6ceb0	16777216	2 Games in 1 - Moto GP + GT Advance 3 - Pro Concept Racing (Europe) (En,Fr,De,Es,It+En)
2 Games in 1 - Power Rangers - Ninja Storm + Power Rangers - La Force du Temps (France) (En,Fr,De+Fr)	14aa2642	16777216	2 Games in 1 - Power Rangers - Ninja Storm + Power Rangers - Time Force (USA) (En,Fr,De+En)
2 Games in 1 - Power Rangers - Ninja Storm + Power Rangers - Time Force (Europe) (En,Fr,De+En)	1b6956d0	16777216	2 Games in 1 - Power Rangers - Ninja Storm + Power Rangers - Time Force (USA) (En,Fr,De+En)
2 Games in 1 - Power Rangers - Ninja Storm + Power Rangers - Time Force (Germany) (En,Fr,De+De)	a5e872d7	16777216	2 Games in 1 - Power Rangers - Ninja Storm + Power Rangers - Time Force (USA) (En,Fr,De+En)
2 Games in 1 - Power Rangers - Ninja Storm + Power Rangers - Time Force (USA) (En,Fr,De+En)	994e7629	16777216	2 Games in 1 - Power Rangers - Ninja Storm + Power Rangers - Time Force (USA) (En,Fr,De+En)
2 Games in 1 - Quad Desert Fury + Monster Trucks (USA)	f9ec06a9	8388608	2 Games in 1 - Quad Desert Fury + Monster Trucks (USA)
2 Games in 1 - Rugrats - Go Wild + SpongeBob SquarePants - SuperSponge (Europe)	e5ac73bb	8388608	2 Games in 1 - Rugrats - Go Wild + SpongeBob SquarePants - SuperSponge (Europe)
2 Games in 1 - Scooby-Doo + Scooby-Doo 2 - Desatado (Spain) (Es+En,Fr,De,Es,It)	d21582d0	16777216	2 Games in 1 - Scooby-Doo + Scooby-Doo 2 - Monsters Unleashed (USA)
2 Games in 1 - Scooby-Doo + Scooby-Doo 2 - Les Monstres Se Dechainent (France) (Fr+En,Fr,De,Es,It)	802c9234	16777216	2 Games in 1 - Scooby-Doo + Scooby-Doo 2 - Monsters Unleashed (USA)
2 Games in 1 - Scooby-Doo + Scooby-Doo 2 - Monsters Unleashed (Europe)	bfcd892e	16777216	2 Games in 1 - Scooby-Doo + Scooby-Doo 2 - Monsters Unleashed (USA)
2 Games in 1 - Scooby-Doo + Scooby-Doo 2 - Monsters Unleashed (USA)	1f023dbe	16777216	2 Games in 1 - Scooby-Doo + Scooby-Doo 2 - Monsters Unleashed (USA)
2 Games in 1 - Scooby-Doo! - Mystery Mayhem + Scooby-Doo and the Cyber Chase (Europe) (En,Fr,De+En)	99566698	8388608	2 Games in 1 - Scooby-Doo! - Mystery Mayhem + Scooby-Doo and the Cyber Chase (USA) (En,Fr,De+En)
2 Games in 1 - Scooby-Doo! - Mystery Mayhem + Scooby-Doo and the Cyber Chase (USA) (En,Fr,De+En)	5318df13	8388608	2 Games in 1 - Scooby-Doo! - Mystery Mayhem + Scooby-Doo and the Cyber Chase (USA) (En,Fr,De+En)
2 Games in 1 - Sonic Advance + ChuChu Rocket! (Europe) (En,Ja,Fr,De,Es)	22489c7c	16777216	2 Games in 1 - Sonic Advance + ChuChu Rocket! (Europe) (En,Ja,Fr,De,Es)
2 Games in 1 - Sonic Advance + Sonic Battle (Europe) (En,Ja,Fr,De,Es+En,Ja,Fr,De,Es,It)	94cf5b2b	33554432	2 Games in 1 - Sonic Advance + Sonic Battle (Europe) (En,Ja,Fr,De,Es+En,Ja,Fr,De,Es,It)
2 Games in 1 - Sonic Advance + Sonic Pinball Party (Europe) (En,Ja,Fr,De,Es+En,Ja,Fr,De,Es,It)	1127dc09	16777216	Combo Pack - Sonic Advance + Sonic Pinball Party (USA) (En,Ja,Fr,De,Es+En,Ja,Fr,De,Es,It)
2 Games in 1 - Sonic Battle + ChuChu Rocket! (Europe) (En,Ja,Fr,De,Es,It+En,Ja,Fr,De,Es)	2c57e588	33554432	2 Games in 1 - Sonic Battle + ChuChu Rocket! (Europe) (En,Ja,Fr,De,Es,It+En,Ja,Fr,De,Es)
2 Games in 1 - Sonic Battle + Sonic Pinball Party (Europe) (En,Ja,Fr,De,Es,It)	a50de233	33554432	2 Games in 1 - Sonic Battle + Sonic Pinball Party (Europe) (En,Ja,Fr,De,Es,It)
2 Games in 1 - Sonic Pinball Party + Columns Crown (Europe) (En,Ja,Fr,De,Es,It+En)	8577a000	16777216	2 Games in 1 - Sonic Pinball Party + Columns Crown (Europe) (En,Ja,Fr,De,Es,It+En)
2 Games in 1 - SpongeBob SquarePants - Battle for Bikini Bottom + Jimmy Neutron Boy Genius (Europe) (En,Fr,De+En,Fr,De,Es)	4ba7f7cb	16777216	2 Games in 1 - SpongeBob SquarePants - Battle for Bikini Bottom + Jimmy Neutron Boy Genius (Europe) (En,Fr,De+En,Fr,De,Es)
2 Games in 1 - SpongeBob SquarePants - Battle for Bikini Bottom + Nicktoons - Freeze Frame Frenzy (USA)	5802cafd	16777216	2 Games in 1 - SpongeBob SquarePants - Battle for Bikini Bottom + Nicktoons - Freeze Frame Frenzy (USA)
2 Games in 1 - SpongeBob SquarePants - Battle for Bikini Bottom + The Fairly OddParents! - Breakin' da Rules (USA)	82c21322	16777216	2 Games in 1 - SpongeBob SquarePants - Battle for Bikini Bottom + The Fairly OddParents! - Breakin' da Rules (USA)
2 Games in 1 - SpongeBob SquarePants - Revenge of the Flying Dutchman + SpongeBob SquarePants - SuperSponge (Europe)	111d6997	16777216	2 Games in 1 - SpongeBob SquarePants - Revenge of the Flying Dutchman + SpongeBob SquarePants - SuperSponge (USA)
2 Games in 1 - SpongeBob SquarePants - Revenge of the Flying Dutchman + SpongeBob SquarePants - SuperSponge (USA)	d515c0e4	16777216	2 Games in 1 - SpongeBob SquarePants - Revenge of the Flying Dutchman + SpongeBob SquarePants - SuperSponge (USA)
2 Games in 1 - SpongeBob SquarePants - SuperSponge + SpongeBob SquarePants - Battle for Bikini Bottom (Europe)	06f0f43c	16777216	2 Games in 1 - SpongeBob SquarePants - SuperSponge + SpongeBob SquarePants - Battle for Bikini Bottom (Europe)
2 Games in 1 - SpongeBob SquarePants - SuperSponge + SpongeBob SquarePants - Battle for Bikini Bottom (Europe) (En+En,Fr,De)	71d52c61	16777216	2 Games in 1 - SpongeBob SquarePants - SuperSponge + SpongeBob SquarePants - Battle for Bikini Bottom (Europe)
2 Games in 1 - The Lion King + Disney Princess (Europe) (En,Fr,De,Es,It,Nl,Sv,Da+En)	3b1cf966	16777216	2 Games in 1 - The Lion King + Disney Princess (Europe) (En,Fr,De,Es,It,Nl,Sv,Da+En)
2 Games in 1 - The SpongeBob SquarePants Movie + SpongeBob SquarePants and Friends in Freeze Frame Frenzy (Europe) (En,Fr,De,Es,It,Nl+En,Fr,De,Es,Nl)	a04cebfe	16777216	2 Games in 1 - The SpongeBob SquarePants Movie + SpongeBob SquarePants and Friends in Freeze Frame Frenzy (Europe) (En,Fr,De,Es,It,Nl+En,Fr,De,Es,Nl)
2 Games in 1! - Dragon Ball Z - Buu's Fury + Dragon Ball GT - Transformation (USA)	280587f2	16777216	2 Games in 1! - Dragon Ball Z - Buu's Fury + Dragon Ball GT - Transformation (USA)
2 Games in One! - Dr. Mario + Puzzle League (USA)	4c2b7349	8388608	2 Games in One! - Dr. Mario + Puzzle League (USA)
2 Games in One! - Gauntlet + Rampart (Europe) (En,Fr,De,Es,It)	36717b52	4194304	2 Games in One! - Gauntlet + Rampart (USA)
2 Games in One! - Gauntlet + Rampart (USA)	5f255362	4194304	2 Games in One! - Gauntlet + Rampart (USA)
2 Games in One! - Marble Madness + Klax (Europe) (En,Fr,De,Es,It)	40da6c26	4194304	2 Games in One! - Marble Madness + Klax (USA)
2 Games in One! - Marble Madness + Klax (USA)	5da05880	4194304	2 Games in One! - Marble Madness + Klax (USA)
2 Games in One! - Paperboy + Rampage (Europe) (En,Fr,De,Es,It)	44e1761a	4194304	2 Games in One! - Paperboy + Rampage (USA)
2 Games in One! - Paperboy + Rampage (USA)	79fe9284	4194304	2 Games in One! - Paperboy + Rampage (USA)
2 Games in One! - Spy Hunter + Super Sprint (Europe) (En,Fr,De,Es,It)	bbf32ee3	4194304	2 Games in One! - Spy Hunter + Super Sprint (USA)
2 Games in One! - Spy Hunter + Super Sprint (USA)	ad2f5353	4194304	2 Games in One! - Spy Hunter + Super Sprint (USA)
2 Great Games! - Pac-Man World + Ms. Pac-Man - Maze Madness (USA)	851127d4	8388608	2 Great Games! - Pac-Man World + Ms. Pac-Man - Maze Madness (USA)
2 Jeux en 1 - Titeuf - Ze Gag Machine + Titeuf - Mega Compet (France)	0a5965f4	8388608	2 Jeux en 1 - Titeuf - Ze Gag Machine + Titeuf - Mega Compet (France)
2 in 1 - Asterix & Obelix - Bash Them All! + Asterix & Obelix XXL (Europe) (En,Fr,De,Es,It,Nl)	183a2207	16777216	2 in 1 - Asterix & Obelix - Bash Them All! + Asterix & Obelix XXL (Europe) (En,Fr,De,Es,It,Nl)
2 in 1 - V-Rally 3 + Stuntman (Europe) (En,Fr,De,Es,It)	5813810f	8388608	2 in 1 - V-Rally 3 + Stuntman (Europe) (En,Fr,De,Es,It)
2 in 1 Game Pack - Shrek 2 & Shark Tale (Europe) (En,Fr,De,Es,It,Sv+En,Fr,De,Es,It)	1802c624	16777216	2 in 1 Game Pack - Shrek 2 + Shark Tale (USA)
2 in 1 Game Pack - Shrek 2 + Shark Tale (USA)	5cb036c7	16777216	2 in 1 Game Pack - Shrek 2 + Shark Tale (USA)
2 in 1 Game Pack - Spider-Man & Spider-Man 2 (Europe) (En,Fr,De+En,Fr,De,Es,It)	e76db6ef	33554432	2 in 1 Game Pack - Spider-Man + Spider-Man 2 (USA) (En,Fr,De+En,Fr,De,Es)
2 in 1 Game Pack - Spider-Man + Spider-Man 2 (USA) (En,Fr,De+En,Fr,De,Es)	3abc30bd	33554432	2 in 1 Game Pack - Spider-Man + Spider-Man 2 (USA) (En,Fr,De+En,Fr,De,Es)
2 in 1 Game Pack - Spider-Man - Mysterio's Menace + X2 - Wolverine's Revenge (USA, Europe)	e7baa5b9	16777216	2 in 1 Game Pack - Spider-Man - Mysterio's Menace + X2 - Wolverine's Revenge (USA, Europe)
2 in 1 Game Pack - Tony Hawk's Underground + Kelly Slater's Pro Surfer (USA, Europe)	6d8ef48a	16777216	2 in 1 Game Pack - Tony Hawk's Underground + Kelly Slater's Pro Surfer (USA, Europe)
2-in-1 Fun Pack - Shrek 2 + Madagascar (Europe)	63bb643f	16777216	2-in-1 Fun Pack - Shrek 2 + Madagascar (USA)
2-in-1 Fun Pack - Shrek 2 + Madagascar (USA)	39d68733	16777216	2-in-1 Fun Pack - Shrek 2 + Madagascar (USA)
2-in-1 Fun Pack - Shrek 2 + Madagascar - Operation Penguin (Europe)	3535b2bf	16777216	2-in-1 Fun Pack - Shrek 2 + Madagascar - Operation Penguin (USA)
2-in-1 Fun Pack - Shrek 2 + Madagascar - Operation Penguin (USA)	18670538	16777216	2-in-1 Fun Pack - Shrek 2 + Madagascar - Operation Penguin (USA)
2006 FIFA World Cup - Germany 2006 (USA, Europe) (En,Fr,De,Es,It)	50ab4544	8388608	2006 FIFA World Cup - Germany 2006 (USA, Europe) (En,Fr,De,Es,It)
2K Sports - Major League Baseball 2K7 (USA)	8f3ff0e4	8388608	2K Sports - Major League Baseball 2K7 (USA)
2K Sports - Major League Baseball 2K7 (USA) (Beta)	ea51532d	8388608	2K Sports - Major League Baseball 2K7 (USA)
3 Game Pack! - Candy Land + Chutes and Ladders + Original Memory Game (USA)	628a8e32	4194304	3 Game Pack! - Candy Land + Chutes and Ladders + Original Memory Game (USA)
3 Game Pack! - Ker Plunk! + Toss Across + Tip It (USA)	8b523ff7	4194304	3 Game Pack! - Ker Plunk! + Toss Across + Tip It (USA)
3 Game Pack! - Mouse Trap + Simon + Operation (USA)	20287753	4194304	3 Game Pack! - Mouse Trap + Simon + Operation (USA)
3 Game Pack! - The Game of Life + Payday + Yahtzee (USA)	e6dc35a9	4194304	3 Game Pack! - The Game of Life + Payday + Yahtzee (USA)
3 Games in 1 - Rugrats - I Gotta Go Party + SpongeBob SquarePants - SuperSponge + Tak and the Power of Juju (Europe) (En+En+En,Fr,De)	6721794b	16777216	3 Games in 1 - Rugrats - I Gotta Go Party + SpongeBob SquarePants - SuperSponge + Tak and the Power of Juju (Europe) (En+En+En,Fr,De)
3 Games in One - Darts + Roll-a-Ball + Shuffle Bowl (Europe)	4fbc3f62	4194304	3 Games in One - Darts + Roll-a-Ball + Shuffle Bowl (USA)
3 Games in One - Darts + Roll-a-Ball + Shuffle Bowl (USA)	aafc9afa	4194304	3 Games in One - Darts + Roll-a-Ball + Shuffle Bowl (USA)
3 Games in One! - Breakout + Centipede + Warlords (Europe) (En,Fr,De,Es,It)	2af65e94	4194304	3 Games in One! - Breakout + Centipede + Warlords (USA)
3 Games in One! - Breakout + Centipede + Warlords (USA)	02e0cca4	4194304	3 Games in One! - Breakout + Centipede + Warlords (USA)
3 Games in One! - Super Breakout + Millipede + Lunar Lander (Europe) (En,Fr,De,Es,It)	b6ef1ed0	4194304	3 Games in One! - Super Breakout + Millipede + Lunar Lander (USA)
3 Games in One! - Super Breakout + Millipede + Lunar Lander (USA)	d191b56f	4194304	3 Games in One! - Super Breakout + Millipede + Lunar Lander (USA)
3 Games in One! - Yars' Revenge + Asteroids + Pong (Europe) (En,Fr,De,Es,It)	f42b4e70	4194304	3 Games in One! - Yars' Revenge + Asteroids + Pong (USA)
3 Games in One! - Yars' Revenge + Asteroids + Pong (USA)	dbd04637	4194304	3 Games in One! - Yars' Revenge + Asteroids + Pong (USA)
4 Games on One Game Pak (Nickelodeon Movies) (USA)	e2f8a189	33554432	4 Games on One Game Pak (Nicktoons) (USA)
4 Games on One Game Pak (Nicktoons) (USA)	cac0c0d8	33554432	4 Games on One Game Pak (Nicktoons) (USA)
4 Games on One Game Pak (Racing) (USA) (En,Fr,De,Es,It)	04a40017	33554432	4 Games on One Game Pak (Nicktoons) (USA)
4x4 Off-Roaders (Europe) (Proto)	08a7ec46	2348380	4x4 Off-Roaders (Europe) (Proto)
ATV - Quad Power Racing (Europe) (En,Fr,De,Es,It) (Rev 1)	4b4e8bc7	4194304	ATV - Quad Power Racing (USA, Europe)
ATV - Quad Power Racing (USA, Europe)	9c1a7dcb	4194304	ATV - Quad Power Racing (USA, Europe)
ATV - Thunder Ridge Riders (Europe) (En,Fr,De,Es,It)	b1d2896f	4194304	ATV - Thunder Ridge Riders (USA)
ATV - Thunder Ridge Riders (USA)	773e73c7	4194304	ATV - Thunder Ridge Riders (USA)
Ab durch die Hecke (Germany)	31e57a19	8388608	Over the Hedge (USA)
Ace Combat Advance (Europe) (En,Fr,De,Es,It) (Beta)	76da5c78	4194304	Ace Combat Advance (USA, Europe)
Ace Combat Advance (USA, Europe)	43f5e157	4194304	Ace Combat Advance (USA, Europe)
Ace Lightning (Europe)	e94aafc9	4194304	Ace Lightning (Europe)
Acrobat Kid (Japan)	71720e98	4194304	Aero the Acro-Bat (USA)
Action Man - Robot Atak (Europe) (En,Fr,De,Es,It)	d07214a2	4194304	Action Man - Robot Atak (Europe) (En,Fr,De,Es,It)
Activision Anthology (USA)	14a28d68	8388608	Activision Anthology (USA)
Advance GT2 (Japan) (En)	edcb7d46	8388608	GT Advance 3 - Pro Concept Racing (USA)
Advance GTA (Japan) (En)	fdc82e98	8388608	GT Advance - Championship Racing (USA, Europe)
Advance GTA (Japan) (En) (Rev 1)	fca59484	8388608	GT Advance - Championship Racing (USA, Europe)
Advance Guardian Heroes (Europe) (En,Fr)	2487b85b	8388608	Advance Guardian Heroes (USA)
Advance Guardian Heroes (Japan)	1527ca8c	8388608	Advance Guardian Heroes (USA)
Advance Guardian Heroes (USA)	c501917f	8388608	Advance Guardian Heroes (USA)
Advance Rally (Japan) (En)	86ed2599	8388608	GT Advance 2 - Rally Racing (USA)
Advance Wars (Europe) (En,Fr,De,Es)	66fb29e9	8388608	Advance Wars (USA)
Advance Wars (Europe) (En,Fr,De,Es) (Virtual Console)	8400759c	8388608	Advance Wars (USA)
Advance Wars (USA)	dbef116c	4194304	Advance Wars (USA)
Advance Wars (USA) (Rev 1)	26fd0fc9	4194304	Advance Wars (USA)
Advance Wars (USA) (Virtual Console)	bde36f98	4194304	Advance Wars (USA)
Advance Wars 2 - Black Hole Rising (Europe) (En,Fr,De,Es,It)	5a09aae6	8388608	Advance Wars 2 - Black Hole Rising (USA)
Advance Wars 2 - Black Hole Rising (Europe) (En,Fr,De,Es,It) (Virtual Console)	bf33782f	8388608	Advance Wars 2 - Black Hole Rising (USA)
Advance Wars 2 - Black Hole Rising (USA)	5ad0e571	8388608	Advance Wars 2 - Black Hole Rising (USA)
Advance Wars 2 - Black Hole Rising (USA) (Virtual Console)	b6ffdde0	8388608	Advance Wars 2 - Black Hole Rising (USA)
Adventure of Tokyo Disney Sea (Japan)	5781acaf	4194304	Adventure of Tokyo Disney Sea (Japan)
Adventures of Jimmy Neutron Boy Genius vs. Jimmy Negatron, The (Germany)	3690c0fd	4194304	Adventures of Jimmy Neutron Boy Genius vs. Jimmy Negatron, The (USA, Europe)
Adventures of Jimmy Neutron Boy Genius vs. Jimmy Negatron, The (Germany) (Beta)	220ccf25	4157240	Adventures of Jimmy Neutron Boy Genius vs. Jimmy Negatron, The (USA, Europe)
Adventures of Jimmy Neutron Boy Genius vs. Jimmy Negatron, The (USA, Europe)	d2ced674	4194304	Adventures of Jimmy Neutron Boy Genius vs. Jimmy Negatron, The (USA, Europe)
Adventures of Jimmy Neutron Boy Genius, The - Attack of the Twonkies (USA, Europe)	d59d753b	4194304	Adventures of Jimmy Neutron Boy Genius, The - Attack of the Twonkies (USA, Europe)
Adventures of Jimmy Neutron Boy Genius, The - Jet Fusion (USA, Europe)	67756000	4194304	Adventures of Jimmy Neutron Boy Genius, The - Jet Fusion (USA, Europe)
Aero the Acro-Bat (Europe)	a7e98ebe	4194304	Aero the Acro-Bat (USA)
Aero the Acro-Bat (USA)	b47ac020	4194304	Aero the Acro-Bat (USA)
Aero the Acro-Bat (USA) (Beta 1)	beed50f0	1030244	Aero the Acro-Bat (USA)
Aero the Acro-Bat - Rascal Rival Revenge (USA) (Beta 2)	6f3ea564	4194304	Aero the Acro-Bat (USA)
Agassi Tennis Generation (Europe) (En,Fr,De,Es,It)	90d759e2	4194304	Agassi Tennis Generation (USA)
Agassi Tennis Generation (USA)	8ba179b8	4194304	Agassi Tennis Generation (USA)
Agent Hugo - Roborumble (Europe) (En,Fr,De,Es,It,Nl,Pt,Sv,No,Da,Fi)	83bc2d2c	4194304	Agent Hugo - Roborumble (Europe) (En,Fr,De,Es,It,Nl,Pt,Sv,No,Da,Fi)
Aggressive Inline (Europe) (En,Fr,De)	a2f6bcde	8388608	Aggressive Inline (USA)
Aggressive Inline (USA)	3a44fcd5	8388608	Aggressive Inline (USA)
Aigle de Guerre, L' (France)	36a0e152	8388608	Napoleon (Japan)
AirForce Delta II (Japan) (En,Ja,Fr,De)	58a972df	4194304	AirForce Delta Storm (USA) (En,Ja,Fr,De)
AirForce Delta Storm (USA) (En,Ja,Fr,De)	ebf757b8	4194304	AirForce Delta Storm (USA) (En,Ja,Fr,De)
Aka-chan Doubutsuen (Japan)	b50cd166	4194304	Aka-chan Doubutsuen (Japan)
Aka-chan Doubutsuen (Japan) (Rev 1)	c1072e26	4194304	Aka-chan Doubutsuen (Japan)
Akumajou Dracula - Circle of the Moon (Japan)	f3e41d73	8388608	Castlevania - Circle of the Moon (USA)
Akumajou Dracula - Circle of the Moon (Japan) (Castlevania Advance Collection)	1e60ec88	8388608	Castlevania - Circle of the Moon (USA)
Akumajou Dracula - Circle of the Moon (Japan) (Virtual Console)	2c56982d	8388608	Castlevania - Circle of the Moon (USA)
Aladdin (Europe) (En,Fr,De,Es)	594fbb7c	4194304	Aladdin (USA) (En,Fr,De,Es)
Aladdin (Japan)	587f1aef	4194304	Aladdin (USA) (En,Fr,De,Es)
Aladdin (USA) (En,Fr,De,Es)	40b383f6	4194304	Aladdin (USA) (En,Fr,De,Es)
Aleck Bordon Adventure - Tower & Shaft Advance (Japan)	e068728f	4194304	Aleck Bordon Adventure - Tower & Shaft Advance (Japan)
Alex Rider - Stormbreaker (Europe) (En,Fr,De,Es)	25e8e2cd	4194304	Alex Rider - Stormbreaker (USA)
Alex Rider - Stormbreaker (USA)	cca55dfd	4194304	Alex Rider - Stormbreaker (USA)
Alien Hominid (Europe) (En,Fr,De,Es,It)	dff47236	8388608	Alien Hominid (Europe) (En,Fr,De,Es,It)
Alienators - Evolution Continues (USA, Europe)	0d694ca4	4194304	Alienators - Evolution Continues (USA, Europe)
All Grown Up! - Express Yourself (USA, Europe)	e9c9dd2b	4194304	All Grown Up! - Express Yourself (USA, Europe)
All-Star Baseball 2003 (USA)	e30691fe	4194304	All-Star Baseball 2003 (USA)
All-Star Baseball 2004 (USA) (Beta 1)	d6106c26	8388608	All-Star Baseball 2004 Featuring Derek Jeter (USA)
All-Star Baseball 2004 (USA) (Beta 2)	6aa9b41e	8388608	All-Star Baseball 2004 Featuring Derek Jeter (USA)
All-Star Baseball 2004 Featuring Derek Jeter (USA)	60e2db03	8388608	All-Star Baseball 2004 Featuring Derek Jeter (USA)
Altered Beast - Guardian of the Realms (Europe) (En,Fr,De,Es,It)	654f7916	8388608	Altered Beast - Guardian of the Realms (USA)
Altered Beast - Guardian of the Realms (USA)	c4955f69	8388608	Altered Beast - Guardian of the Realms (USA)
Amazing Virtual Sea-Monkeys, The (USA)	3484f139	4194304	Amazing Virtual Sea-Monkeys, The (USA)
American Bass Challenge (USA)	d76ad62d	4194304	American Bass Challenge (USA)
American Dragon - Jake Long - Rise of the Huntsclan (USA, Europe) (Beta 1)	8df1b63b	8388608	American Dragon - Jake Long - Rise of the Huntsclan (USA, Europe) (En,Fr,De,Es,It)
American Dragon - Jake Long - Rise of the Huntsclan (USA, Europe) (Beta 2)	a9384458	8388608	American Dragon - Jake Long - Rise of the Huntsclan (USA, Europe) (En,Fr,De,Es,It)
American Dragon - Jake Long - Rise of the Huntsclan (USA, Europe) (Beta 3)	da9d458f	8388608	American Dragon - Jake Long - Rise of the Huntsclan (USA, Europe) (En,Fr,De,Es,It)
American Dragon - Jake Long - Rise of the Huntsclan (USA, Europe) (Beta 4)	29afe447	8388608	American Dragon - Jake Long - Rise of the Huntsclan (USA, Europe) (En,Fr,De,Es,It)
American Dragon - Jake Long - Rise of the Huntsclan (USA, Europe) (Beta 5)	8f9253bb	8388608	American Dragon - Jake Long - Rise of the Huntsclan (USA, Europe) (En,Fr,De,Es,It)
American Dragon - Jake Long - Rise of the Huntsclan (USA, Europe) (Beta 6)	b96c5a0b	4469328	American Dragon - Jake Long - Rise of the Huntsclan (USA, Europe) (En,Fr,De,Es,It)
American Dragon - Jake Long - Rise of the Huntsclan (USA, Europe) (En,Fr,De,Es,It)	698377d2	8388608	American Dragon - Jake Long - Rise of the Huntsclan (USA, Europe) (En,Fr,De,Es,It)
American Dragon - Jake Long - Rise of the Huntsclan (USA, Europe) (En,Fr,De,Es,It) (Beta 7)	bdcc074a	7551852	American Dragon - Jake Long - Rise of the Huntsclan (USA, Europe) (En,Fr,De,Es,It)
American Idol (USA)	f053ffbf	16777216	American Idol (USA)
American Tail, An - Fievel's Gold Rush (Europe) (En,Fr,De,Es,It)	c8ea6d9e	4194304	American Tail, An - Fievel's Gold Rush (USA) (En,Es)
American Tail, An - Fievel's Gold Rush (USA) (En,Es)	2a882ea6	4194304	American Tail, An - Fievel's Gold Rush (USA) (En,Es)
Angel Collection - Mezase! Gakuen no Fashion Leader (Japan)	da6555d8	8388608	Angel Collection - Mezase! Gakuen no Fashion Leader (Japan)
Angel Collection 2 - Pichimo ni Narou (Japan)	7b46d462	8388608	Angel Collection 2 - Pichimo ni Narou (Japan)
Angelique (Japan)	c9d41f35	4194304	Angelique (Japan)
Animal Mania - Dokidoki Aishou Check (Japan)	89e6cd89	4194304	Animal Mania - Dokidoki Aishou Check (Japan)
Animal Snap - Rescue Them 2 by 2 (Europe)	25015475	4194304	Animal Snap - Rescue Them 2 by 2 (USA)
Animal Snap - Rescue Them 2 by 2 (USA)	7304dca4	4194304	Animal Snap - Rescue Them 2 by 2 (USA)
Animal Yokochou - Doki Doki Kyuushutsu Daisakusen! no Maki (Japan)	d53c9438	16777216	Animal Yokochou - Doki Doki Kyuushutsu Daisakusen! no Maki (Japan)
Animal Yokochou - Doki Doki Shinkyuu Shiken! no Maki (Japan)	41b39214	16777216	Animal Yokochou - Doki Doki Shinkyuu Shiken! no Maki (Japan)
Animaniacs - Hollywood Hypnotics (Europe) (En,Fr,De,Es,It) (Proto)	8904b833	4194304	Animaniacs - Hollywood Hypnotics (Europe) (En,Fr,De,Es,It) (Proto)
Animaniacs - Lights, Camera, Action! (Europe) (En,Fr,De,Es,It)	840d11c1	8388608	Animaniacs - Lights, Camera, Action! (Europe) (En,Fr,De,Es,It)
Ant Bully, The (Europe) (En,Fr,De,Es,It)	52dc386b	8388608	Ant Bully, The (USA) (En,Fr)
Ant Bully, The (USA) (En,Fr)	8d51a101	8388608	Ant Bully, The (USA) (En,Fr)
Antz - Extreme Racing (Europe) (En,Fr,De,Es,It,Nl)	367927ed	4194304	Antz - Extreme Racing (USA)
Antz - Extreme Racing (USA)	f4efc5ed	4194304	Antz - Extreme Racing (USA)
Ao-Zora to Nakama-tachi - Yume no Bouken (Japan)	ad9af125	4194304	Ao-Zora to Nakama-tachi - Yume no Bouken (Japan)
Archer Maclean's 3D Pool (USA)	4202a9cd	4194304	Archer Maclean's 3D Pool (USA)
Arctic Tale (USA)	81397ac0	4194304	Arctic Tale (USA)
Army Men - Operation Green (USA) (En,Fr,De,Es,It)	6d174e28	4194304	Army Men - Operation Green (USA) (En,Fr,De,Es,It)
Army Men - Sarge's Heroes (USA, Europe) (Proto 1)	f5cd5c7c	291556	Army Men - Sarge's Heroes (USA, Europe) (Proto 7)
Army Men - Sarge's Heroes (USA, Europe) (Proto 2)	26dee7b7	1450612	Army Men - Sarge's Heroes (USA, Europe) (Proto 7)
Army Men - Sarge's Heroes (USA, Europe) (Proto 3)	d8295e43	1464936	Army Men - Sarge's Heroes (USA, Europe) (Proto 7)
Army Men - Sarge's Heroes (USA, Europe) (Proto 4)	4863f99e	1495960	Army Men - Sarge's Heroes (USA, Europe) (Proto 7)
Army Men - Sarge's Heroes (USA, Europe) (Proto 5)	e57fff8a	1485124	Army Men - Sarge's Heroes (USA, Europe) (Proto 7)
Army Men - Sarge's Heroes (USA, Europe) (Proto 6)	f10d532a	1539924	Army Men - Sarge's Heroes (USA, Europe) (Proto 7)
Army Men - Sarge's Heroes (USA, Europe) (Proto 7)	4e6e3e92	1539888	Army Men - Sarge's Heroes (USA, Europe) (Proto 7)
Army Men - Turf Wars (USA)	65ac74cc	8388608	Army Men - Turf Wars (USA)
Army Men Advance (USA, Europe) (En,Fr,De,Es,It)	9a4a509f	4194304	Army Men Advance (USA, Europe) (En,Fr,De,Es,It)
Around the World in 80 Days (Europe) (En,Fr,De,Es,It,Nl)	2dd8cbd7	4194304	Around the World in 80 Days (USA)
Around the World in 80 Days (USA)	c2c22af2	4194304	Around the World in 80 Days (USA)
Arthur and the Invisibles (USA) (En,Fr,Es)	87c25055	16777216	Arthur and the Invisibles (USA) (En,Fr,Es)
Arthur and the Minimoys (Europe) (En,Fr,De,Es,It,Nl)	a4dae90b	16777216	Arthur and the Invisibles (USA) (En,Fr,Es)
Ashita no Joe - Makka ni Moeagare! (Japan)	69cde456	16777216	Ashita no Joe - Makka ni Moeagare! (Japan)
Asterix & Obelix - Bash Them All! (Europe) (En,Fr,De,Es,It,Nl)	92360109	8388608	Asterix & Obelix - Bash Them All! (Europe) (En,Fr,De,Es,It,Nl)
Asterix & Obelix XXL (Europe) (En,Fr,De,Es,It,Nl)	a9b1ece5	8388608	Asterix & Obelix XXL (Europe) (En,Fr,De,Es,It,Nl)
Asterix & Obelix XXL (Europe) (En,Fr,De,Es,It,Nl) (Beta 2)	52824b58	8388608	Asterix & Obelix XXL (Europe) (En,Fr,De,Es,It,Nl)
Asterix & Obelix XXL (Europe) (Fr) (Beta 1)	f6a977a5	8388608	Asterix & Obelix XXL (Europe) (En,Fr,De,Es,It,Nl)
Astro Boy - Omega Factor (Europe) (En,Ja,Fr,De,Es,It)	1e2e8937	8388608	Astro Boy - Omega Factor (USA) (En,Ja,Fr,De,Es,It)
Astro Boy - Omega Factor (USA) (En,Ja,Fr,De,Es,It)	e8619031	8388608	Astro Boy - Omega Factor (USA) (En,Ja,Fr,De,Es,It)
Astro Boy - Tetsuwan Atom - Atom Heart no Himitsu (Japan)	e2d94b0d	8388608	Astro Boy - Omega Factor (USA) (En,Ja,Fr,De,Es,It)
Atari Anniversary Advance (Europe)	b9b89fdf	4194304	Atari Anniversary Advance (USA)
Atari Anniversary Advance (USA)	4505a638	4194304	Atari Anniversary Advance (USA)
Atlantis - The Lost Empire (Europe) (En,Fr,De,Es,It,Nl)	b3948dbc	4194304	Atlantis - The Lost Empire (USA, Europe)
Atlantis - The Lost Empire (USA, Europe)	8bd224c5	4194304	Atlantis - The Lost Empire (USA, Europe)
Atomic Betty (USA, Europe)	8919d82c	8388608	Atomic Betty (USA, Europe)
Atomic Betty (USA, Europe) (Beta)	b79472b8	8388608	Atomic Betty (USA, Europe)
Avatar - The Last Airbender (USA)	946787c0	8388608	Avatar - The Last Airbender (USA)
Avatar - The Last Airbender - The Burning Earth (USA)	52d8d101	4194304	Avatar - The Last Airbender - The Burning Earth (USA)
Avatar - The Legend of Aang (Europe) (En,Fr,De,Nl)	52fe8a62	8388608	Avatar - The Last Airbender (USA)
Avatar - The Legend of Aang - The Burning Earth (Europe) (En,De)	ec5d6afd	4194304	Avatar - The Last Airbender - The Burning Earth (USA)
Aventures de Jackie Chan, Les - La Legende de la Main Noire (France)	d5fb19a0	4194304	Jackie Chan Adventures - Legend of the Dark Hand (USA, Europe)
Azumanga Daiou Advance (Japan)	216704f6	8388608	Azumanga Daiou Advance (Japan)
B-Densetsu! Battle B-Daman - Fire Spirits! (Japan)	ee41c0eb	8388608	Battle B-Daman - Fire Spirits! (USA)
B-Densetsu! Battle B-Daman - Moero! B-Damashii!! (Japan)	d6e4064f	8388608	Battle B-Daman (USA)
BB Ball (Japan)	f6989fbf	8388608	BB Ball (Japan)
BMX Trick Racer (USA)	b6d79476	16777216	BMX Trick Racer (USA)
Babar to the Rescue (Europe) (En,Fr,De,Da)	ab7d6c17	4194304	Babar to the Rescue (USA) (En,Fr,Es)
Babar to the Rescue (USA) (En,Fr,Es)	d4073e33	4194304	Babar to the Rescue (USA) (En,Fr,Es)
Back Track (USA, Europe)	48539b4b	4194304	Back Track (USA, Europe)
Back to Stone (Europe) (En,Fr)	5730c85a	4194304	Back to Stone (USA) (En,Fr)
Back to Stone (Europe) (En,Fr,De) (Beta)	ef365600	4194304	Back to Stone (USA) (En,Fr)
Back to Stone (USA) (En,Fr)	4c29c9c8	4194304	Back to Stone (USA) (En,Fr)
Backyard Baseball (USA)	9f36b4e5	4194304	Backyard Baseball (USA)
Backyard Baseball 2006 (USA)	92bcd192	4194304	Backyard Baseball 2006 (USA)
Backyard Basketball (USA)	cbda1d31	4194304	Backyard Basketball (USA)
Backyard Football (USA)	7ccc79b4	4194304	Backyard Football (USA)
Backyard Football 2006 (USA)	db0723e3	4194304	Backyard Football 2006 (USA)
Backyard Hockey (USA)	3a8e31af	4194304	Backyard Hockey (USA)
Backyard Skateboarding (USA)	4eb19b87	4194304	Backyard Skateboarding (USA)
Backyard Sports - Baseball 2007 (USA)	0ee82569	4194304	Backyard Sports - Baseball 2007 (USA)
Backyard Sports - Basketball 2007 (USA)	28724ca5	4194304	Backyard Sports - Basketball 2007 (USA)
Backyard Sports - Football 2007 (USA)	e9fdc229	4194304	Backyard Sports - Football 2007 (USA)
Bakunetsu Dodge Ball Fighters (Japan)	9030515d	4194304	Super Dodge Ball Advance (USA)
Bakuten Shoot Beyblade - Gekitou! Saikyou Blader (Japan)	8a984201	8388608	Bakuten Shoot Beyblade - Gekitou! Saikyou Blader (Japan)
Bakuten Shoot Beyblade 2002 - Gekisen! Team Battle!! Kouryuu no Shou - Daichi Hen (Japan)	f01ee06c	8388608	Bakuten Shoot Beyblade 2002 - Gekisen! Team Battle!! Kouryuu no Shou - Daichi Hen (Japan)
Bakuten Shoot Beyblade 2002 - Gekisen! Team Battle!! Seiryuu no Shou - Takao Hen (Japan)	8778b36a	8388608	Bakuten Shoot Beyblade 2002 - Gekisen! Team Battle!! Seiryuu no Shou - Takao Hen (Japan)
Bakuten Shoot Beyblade 2002 - Ikuze! Bakutou! Chou Jiryoku Battle!! (Japan)	1d1bb02b	8388608	Bakuten Shoot Beyblade 2002 - Ikuze! Bakutou! Chou Jiryoku Battle!! (Japan)
Baldur's Gate - Dark Alliance (Europe) (En,Fr,De,Es,It)	494492dc	8388608	Baldur's Gate - Dark Alliance (USA)
Baldur's Gate - Dark Alliance (USA)	deedd7d9	8388608	Baldur's Gate - Dark Alliance (USA)
Ballistic - Ecks vs. Sever (USA)	0477f153	8388608	Ballistic - Ecks vs. Sever (USA)
Banjo-Kazooie - Grunty's Revenge (Europe) (Beta 1)	4e0f10fa	8019096	Banjo-Kazooie - Grunty's Revenge (USA, Europe)
Banjo-Kazooie - Grunty's Revenge (Europe) (Beta 2)	106ed779	8337992	Banjo-Kazooie - Grunty's Revenge (USA, Europe)
Banjo-Kazooie - Grunty's Revenge (Europe) (En,Fr,De)	fb4f38e2	8388608	Banjo-Kazooie - Grunty's Revenge (USA, Europe)
Banjo-Kazooie - Grunty's Revenge (USA, Europe)	dfb5aba3	8388608	Banjo-Kazooie - Grunty's Revenge (USA, Europe)
Banjo-Kazooie - La Vendetta di Grunty (Italy)	67ad698f	8388608	Banjo-Kazooie - Grunty's Revenge (USA, Europe)
Banjo-Kazooie - La Venganza de Grunty (Spain)	32544634	8388608	Banjo-Kazooie - Grunty's Revenge (USA, Europe)
Banjo-Pilot (Europe) (Beta 1)	817fd31d	15545696	Banjo-Pilot (USA)
Banjo-Pilot (Europe) (En,Fr,De,Es,It)	b98de3a4	16777216	Banjo-Pilot (USA)
Banjo-Pilot (Europe) (En,Fr,De,Es,It) (Beta 2)	3168a9a4	16777216	Banjo-Pilot (USA)
Banjo-Pilot (USA)	6e4030a1	16777216	Banjo-Pilot (USA)
Barbie - The Princess and the Pauper (Europe) (En,Fr,De,Es,It,Nl)	116194f2	4194304	Barbie - The Princess and the Pauper (USA)
Barbie - The Princess and the Pauper (USA)	f508a7b7	4194304	Barbie - The Princess and the Pauper (USA)
Barbie Diaries, The - High School Mystery (Europe)	4e8a650c	8388608	Barbie Diaries, The - High School Mystery (USA)
Barbie Diaries, The - High School Mystery (USA)	5c704cbe	8388608	Barbie Diaries, The - High School Mystery (USA)
Barbie Horse Adventures (Europe) (En,Fr,De,Es,It,Nl)	7c6d9ef3	4194304	Barbie Horse Adventures - Blue Ribbon Race (USA)
Barbie Horse Adventures - Blue Ribbon Race (USA)	ba184025	4194304	Barbie Horse Adventures - Blue Ribbon Race (USA)
Barbie Software - Groovy Games (Europe) (En,Fr,De,Es,It)	749339b2	4194304	Barbie Software - Groovy Games (USA)
Barbie Software - Groovy Games (USA)	aa017567	4194304	Barbie Software - Groovy Games (USA)
Barbie Superpack - Secret Agent + Groovy Games (Europe) (En,Fr,De,Es,It)	2c3862c3	8388608	Barbie Superpack - Secret Agent + Groovy Games (USA)
Barbie Superpack - Secret Agent + Groovy Games (USA)	c99db2a1	8388608	Barbie Superpack - Secret Agent + Groovy Games (USA)
Barbie and the Magic of Pegasus (Europe) (En,Fr,De,Es,It,Nl)	5661e71a	4194304	Barbie and the Magic of Pegasus (USA)
Barbie and the Magic of Pegasus (USA)	29d23835	4194304	Barbie and the Magic of Pegasus (USA)
Barbie and the Magic of Pegasus (USA) (Beta 1)	ae6cf631	136680	Barbie and the Magic of Pegasus (USA)
Barbie and the Magic of Pegasus (USA) (Beta 2)	bd807770	360672	Barbie and the Magic of Pegasus (USA)
Barbie and the Magic of Pegasus (USA) (Beta 3)	4b58b5d6	1502628	Barbie and the Magic of Pegasus (USA)
Barbie and the Magic of Pegasus (USA) (Beta 4)	46f21e41	2837392	Barbie and the Magic of Pegasus (USA)
Barbie as The Island Princess (USA)	db6160eb	8388608	Barbie as The Island Princess (USA)
Barbie in the 12 Dancing Princesses (Europe) (En,Fr,De,Es,It)	7ca7aa12	4194304	Barbie in the 12 Dancing Princesses (USA)
Barbie in the 12 Dancing Princesses (USA)	9c0abddb	4194304	Barbie in the 12 Dancing Princesses (USA)
Barnyard (Europe) (En,Fr,De,Es,It,Nl)	f2b06467	8388608	Barnyard (USA)
Barnyard (USA)	ff7987da	8388608	Barnyard (USA)
Barnyard (USA) (En,Fr,De,Es,It,Nl) (Beta)	178cae0d	8388608	Barnyard (USA)
Baseball Advance (USA)	339f35b8	8388608	Baseball Advance (USA)
Bass Tsuri Shiyouze! - Tournament wa Senryaku da! (Japan)	1326e683	8388608	Bass Tsuri Shiyouze! - Tournament wa Senryaku da! (Japan)
Batman - Rise of Sin Tzu (USA) (En,Fr,Es)	ef3790d1	8388608	Batman - Rise of Sin Tzu (USA) (En,Fr,Es)
Batman - Vengeance (Europe) (En,Fr,De,Es,It,Nl)	783ac0c7	8388608	Batman - Vengeance (USA) (En,Fr,Es)
Batman - Vengeance (USA) (En,Fr,Es)	9fa17935	8388608	Batman - Vengeance (USA) (En,Fr,Es)
Batman Begins (USA, Europe) (En,Fr,De,Es,It,Nl)	83c90106	16777216	Batman Begins (USA, Europe) (En,Fr,De,Es,It,Nl)
Battle B-Daman (USA)	6dce8a26	8388608	Battle B-Daman (USA)
Battle B-Daman - Fire Spirits! (USA)	5789f441	8388608	Battle B-Daman - Fire Spirits! (USA)
Battle Network - Rockman EXE (Japan)	d9516e50	8388608	Mega Man - Battle Network (USA)
Battle Network - Rockman EXE (Japan) (Virtual Console)	109f133b	8388608	Mega Man - Battle Network (USA)
Battle Network - Rockman EXE 2 (Japan)	98e4f096	8388608	Mega Man - Battle Network 2 (USA)
Battle Network - Rockman EXE 2 (Japan) (Rev 1)	41576087	8388608	Mega Man - Battle Network 2 (USA)
Battle Network - Rockman EXE 2 (Japan) (Rev 1) (Virtual Console)	44d44721	8388608	Mega Man - Battle Network 2 (USA)
Battle Network - Rockman EXE 2 (World) (Ja) (Mega Man Battle Network Legacy Collection)	046eed8d	8388608	Mega Man - Battle Network 2 (USA)
Battle Network - Rockman EXE 3 (Japan)	1c57724e	8388608	Mega Man - Battle Network 3 - White Version (USA)
Battle Network - Rockman EXE 3 (Japan) (Rev 1)	e48e6bc9	8388608	Mega Man - Battle Network 3 - White Version (USA)
Battle Network - Rockman EXE 3 (Japan) (Rev 1) (Virtual Console)	47ccb9b8	8388608	Mega Man - Battle Network 3 - White Version (USA)
Battle Network - Rockman EXE 3 - Black (Japan) (Promo)	1f13c41f	8388608	Mega Man - Battle Network 3 - Blue Version (USA)
Battle Network - Rockman EXE 3 - Black (Japan) (Rev 1)	fd57493b	8388608	Mega Man - Battle Network 3 - Blue Version (USA)
Battle Network - Rockman EXE 3 - Black (Japan) (Rev 1) (Virtual Console)	93e89735	8388608	Mega Man - Battle Network 3 - Blue Version (USA)
Battle X Battle - Kyodai Gyo Densetsu (Japan)	0c01f3b8	4194304	Battle X Battle - Kyodai Gyo Densetsu (Japan)
BattleBots - Beyond the BattleBox (Europe) (En,Fr,De)	60bfcc8e	8388608	BattleBots - Beyond the BattleBox (USA)
BattleBots - Beyond the BattleBox (USA)	985b3704	8388608	BattleBots - Beyond the BattleBox (USA)
BattleBots - Design & Destroy (USA)	8d5ffbca	4194304	BattleBots - Design & Destroy (USA)
Battletoads (USA) (Proto)	31480d89	2143184	Battletoads (USA) (Proto)
Beast Shooter - Mezase Beast King! (Japan)	a13760bc	4194304	Beast Shooter - Mezase Beast King! (Japan)
Bee Game, The (USA)	da747c99	4194304	Bee Game, The (USA)
Berenstain Bears and the Spooky Old Tree, The (USA)	f87b787b	4194304	Berenstain Bears and the Spooky Old Tree, The (USA)
Best Friends - Hunde & Katzen (Germany) (En,De)	f71761ba	8388608	Paws & Claws - Best Friends - Dogs & Cats (USA)
Best Play Pro Yakyuu (Japan)	61709d3d	4194304	Best Play Pro Yakyuu (Japan)
Beyblade G-Revolution (Europe) (En,De,Es,It)	5111df55	4194304	Beyblade G-Revolution (USA)
Beyblade G-Revolution (USA)	33afdbe8	4194304	Beyblade G-Revolution (USA)
Beyblade V-Force - Ultimate Blader Jam (Europe) (En,Fr,De,Es,It)	02cf5e5c	8388608	Beyblade V-Force - Ultimate Blader Jam (USA)
Beyblade V-Force - Ultimate Blader Jam (Europe) (En,Fr,De,Es,It) (Beta)	55cae46a	8388608	Beyblade V-Force - Ultimate Blader Jam (USA)
Beyblade V-Force - Ultimate Blader Jam (USA)	4a49272b	8388608	Beyblade V-Force - Ultimate Blader Jam (USA)
Bibi Blocksberg - Der Magische Hexenkreis (Germany)	516ceac6	16777216	Bibi Blocksberg - Der Magische Hexenkreis (Germany)
Bibi und Tina - Ferien auf dem Martinshof (Germany)	95a19c3c	16777216	Bibi und Tina - Ferien auf dem Martinshof (Germany)
Bibi und Tina - Ferien auf dem Martinshof (Germany) (Rev 1)	fd8c06ee	16777216	Bibi und Tina - Ferien auf dem Martinshof (Germany)
Bible Game, The (USA)	cee6904e	8388608	Bible Game, The (USA)
Biene Maja, Die - Klatschmohnwiese in Gefahr (Germany)	0363c23f	4194304	Bee Game, The (USA)
Big Mutha Truckers (Europe) (En,Fr,De,Es,It)	c54c02d0	4194304	Big Mutha Truckers (USA)
Big Mutha Truckers (USA)	574907f4	4194304	Big Mutha Truckers (USA)
Bionicle (Europe) (En,Fr,De,Da)	5412a24d	8388608	Bionicle (USA)
Bionicle (USA)	c38f3530	8388608	Bionicle (USA)
Bionicle - Matoran Adventures (USA, Europe) (En,Fr,De,Es,It,Nl,Sv,Da)	daec2264	4194304	Bionicle - Matoran Adventures (USA, Europe) (En,Fr,De,Es,It,Nl,Sv,Da)
Bionicle - Maze of Shadows (Europe) (En,De)	bce2d68e	8388608	Bionicle - Maze of Shadows (USA)
Bionicle - Maze of Shadows (Europe) (En,De) (Rev 1)	9d66ec5e	8388608	Bionicle - Maze of Shadows (USA)
Bionicle - Maze of Shadows (USA)	3fe09c34	8388608	Bionicle - Maze of Shadows (USA)
Bionicle Heroes (Europe) (En,Fr,De,Es,It,Da)	b8dc715b	16777216	Bionicle Heroes (USA) (En,Fr,De,Es,It,Da)
Bionicle Heroes (USA) (En,Fr,De,Es,It,Da)	f4fafccf	16777216	Bionicle Heroes (USA) (En,Fr,De,Es,It,Da)
Black Belt Challenge (Europe)	72a55741	8388608	Black Belt Challenge (Europe)
Black Black - Bura Bura (Japan)	05a4303e	8388608	Black Black - Bura Bura (Japan)
Black Matrix Zero (Japan)	2b2afa2e	8388608	Black Matrix Zero (Japan)
Black Sigil - Blade of the Exiled (USA) (Proto)	010035a8	12478504	Black Sigil - Blade of the Exiled (USA) (Proto)
Blackthorne (Europe)	e1d36a8c	4194304	Blackthorne (USA)
Blackthorne (USA)	8e6dcd53	4194304	Blackthorne (USA)
Blades of Thunder (USA)	2ccd4915	8388608	Blades of Thunder (USA)
Bleach Advance - Kurenai ni Somaru Soul Society (Japan)	9de5cd08	33554432	Bleach Advance - Kurenai ni Somaru Soul Society (Japan)
Blender Bros. (USA)	9a91d7f1	8388608	Blender Bros. (USA)
Blue Angelo - Angels from the Shrine (Europe) (Proto 1)	0cec865b	8140988	Blue Angelo - Angels from the Shrine (Europe) (Proto 2)
Blue Angelo - Angels from the Shrine (Europe) (Proto 2)	f1b924dc	19468416	Blue Angelo - Angels from the Shrine (Europe) (Proto 2)
Board Game Classics (USA)	69d760bb	4194304	Board Game Classics (USA)
Board Game Classics - Backgammon & Chess & Draughts (Europe) (En,Fr,De,Es,It)	e5c745d8	4194304	Board Game Classics (USA)
Boboboubo Boubobo - 9 Kyoku Senshi Gag Yuugou (Japan)	0bd9700b	16777216	Boboboubo Boubobo - 9 Kyoku Senshi Gag Yuugou (Japan)
Boboboubo Boubobo - Bakutou Hajike Taisen (Japan)	166feecb	16777216	Boboboubo Boubobo - Bakutou Hajike Taisen (Japan)
Boboboubo Boubobo - Maji de!! Shinken Battle (Japan)	37938ca4	8388608	Boboboubo Boubobo - Maji de!! Shinken Battle (Japan)
Boboboubo Boubobo - Ougi 87.5 Bakuretsu Hanage Shinken (Japan)	58105f89	8388608	Boboboubo Boubobo - Ougi 87.5 Bakuretsu Hanage Shinken (Japan)
Boktai - The Sun Is in Your Hand (Europe) (En,Fr,De,Es,It)	9686c36b	16777216	Boktai - The Sun Is in Your Hand (USA)
Boktai - The Sun Is in Your Hand (USA)	e715ac45	16777216	Boktai - The Sun Is in Your Hand (USA)
Boktai - The Sun Is in Your Hand (USA) (Sample)	cf692572	16777216	Boktai - The Sun Is in Your Hand (USA)
Boktai 2 - Solar Boy Django (Europe) (En,Fr,De,Es,It)	748189b5	16777216	Boktai 2 - Solar Boy Django (USA)
Boktai 2 - Solar Boy Django (USA)	e1ffb2d1	16777216	Boktai 2 - Solar Boy Django (USA)
Boku wa Koukuu Kanseikan (Japan) (Rev 1)	5e3b163e	8388608	Boku wa Koukuu Kanseikan (Japan) (Rev 1)
Bokujou Monogatari - Mineral Town no Nakama-tachi (Japan)	09185657	8388608	Harvest Moon - Friends of Mineral Town (USA)
Bokujou Monogatari - Mineral Town no Nakama-tachi for Girl (Japan)	7c26672f	16777216	Harvest Moon - More Friends of Mineral Town (USA)
Bokura no Taiyou - Taiyou Action RPG (Japan)	a09c0807	16777216	Boktai - The Sun Is in Your Hand (USA)
Bomberman Jetters - Densetsu no Bomberman (Japan)	70c423b8	8388608	Bomberman Jetters - Densetsu no Bomberman (Japan)
Bomberman Jetters - Game Collection (Japan)	b9dea90d	8388608	Bomberman Jetters - Game Collection (Japan)
Bomberman Max 2 - Blue Advance (Europe) (En,Fr,De)	09fc4d53	16777216	Bomberman Max 2 - Blue Advance (USA)
Bomberman Max 2 - Blue Advance (USA)	94c620f3	8388608	Bomberman Max 2 - Blue Advance (USA)
Bomberman Max 2 - Bomberman Version (Japan)	656cf22e	8388608	Bomberman Max 2 - Blue Advance (USA)
Bomberman Max 2 - Max Version (Japan)	290d8810	8388608	Bomberman Max 2 - Red Advance (USA)
Bomberman Max 2 - Red Advance (Europe) (En,Fr,De)	67d2e5b8	16777216	Bomberman Max 2 - Red Advance (USA)
Bomberman Max 2 - Red Advance (USA)	4db517c1	8388608	Bomberman Max 2 - Red Advance (USA)
Bomberman Story (Japan)	f7f40189	4194304	Bomberman Tournament (USA, Europe)
Bomberman Tournament (USA, Europe)	240282e6	4194304	Bomberman Tournament (USA, Europe)
Bookworm (USA)	4d540384	4194304	Bookworm (USA)
Bouken Yuuki Pluster World - Densetsu no Plust Gate (Japan)	57438e39	8388608	Bouken Yuuki Pluster World - Densetsu no Plust Gate (Japan)
Bouken Yuuki Pluster World - Densetsu no Plust Gate EX (Japan)	3f60bf6a	16777216	Bouken Yuuki Pluster World - Densetsu no Plust Gate EX (Japan)
Bouken Yuuki Pluster World - Pluston GP (Japan)	ce7a07f0	8388608	Bouken Yuuki Pluster World - Pluston GP (Japan)
Bouken-ou Beet - Busters Road (Japan)	1cc42ebc	16777216	Bouken-ou Beet - Busters Road (Japan)
Boukyaku no Senritsu (Japan)	128edc4f	8388608	Boukyaku no Senritsu (Japan)
Boulder Dash EX (Europe) (En,Fr,De)	d41866a9	4194304	Boulder Dash EX (USA)
Boulder Dash EX (Japan)	e77d5f9b	4194304	Boulder Dash EX (USA)
Boulder Dash EX (USA)	b355365a	4194304	Boulder Dash EX (USA)
Boxing Fever (USA, Europe)	08a4fdc4	8388608	Boxing Fever (USA, Europe)
Bratz (Europe) (En,Fr,De,Es,It)	b30241e2	4194304	Bratz (USA) (En,Fr,Es)
Bratz (USA) (En,Fr,Es)	21e5a010	4194304	Bratz (USA) (En,Fr,Es)
Bratz - Babyz (Europe) (En,Es,It)	08b89540	4194304	Bratz - Babyz (USA)
Bratz - Babyz (USA)	23e8a494	4194304	Bratz - Babyz (USA)
Bratz - Forever Diamondz (Europe) (En,Fr,Es,It)	db179296	8388608	Bratz - Forever Diamondz (USA)
Bratz - Forever Diamondz (Germany)	f39cadeb	8388608	Bratz - Forever Diamondz (USA)
Bratz - Forever Diamondz (USA)	9e389908	8388608	Bratz - Forever Diamondz (USA)
Bratz - Rock Angelz (France)	8fc8d6d2	8388608	Bratz - Rock Angelz (USA, Europe)
Bratz - Rock Angelz (Germany)	649588cb	8388608	Bratz - Rock Angelz (USA, Europe)
Bratz - Rock Angelz (Spain)	cfff9119	8388608	Bratz - Rock Angelz (USA, Europe)
Bratz - Rock Angelz (USA, Europe)	aa245d0c	8388608	Bratz - Rock Angelz (USA, Europe)
Bratz - The Movie (Europe)	cd485f79	4194304	Bratz - The Movie (USA)
Bratz - The Movie (Europe) (Es,It)	4386e26c	4194304	Bratz - The Movie (USA)
Bratz - The Movie (Germany)	04f21321	4194304	Bratz - The Movie (USA)
Bratz - The Movie (USA)	2ef801c0	4194304	Bratz - The Movie (USA)
Breath of Fire (Europe)	a1c3165d	4194304	Breath of Fire (USA)
Breath of Fire (Europe) (En,Fr,De)	d3660549	4194304	Breath of Fire (USA)
Breath of Fire (USA)	f06422a8	4194304	Breath of Fire (USA)
Breath of Fire - Ryuu no Senshi (Japan)	66e96b35	4194304	Breath of Fire (USA)
Breath of Fire II (Europe)	ff5e8e39	4194304	Breath of Fire II (USA)
Breath of Fire II (USA)	6f098da3	4194304	Breath of Fire II (USA)
Breath of Fire II - Shimei no Ko (Japan)	8a824a70	4194304	Breath of Fire II (USA)
Britney's Dance Beat (Europe)	886121a8	8388608	Britney's Dance Beat (USA)
Britney's Dance Beat (Europe) (En,De)	cfe69825	8388608	Britney's Dance Beat (USA)
Britney's Dance Beat (Europe) (En,Fr)	021cda8e	8388608	Britney's Dance Beat (USA)
Britney's Dance Beat (USA)	443198d8	8388608	Britney's Dance Beat (USA)
Broken Circle (Europe) (En,It) (Proto)	e78bc690	8409344	Broken Circle (Europe) (En,It) (Proto)
Broken Sword - The Shadow of the Templars (Europe) (En,Fr,De,Es,It)	3a23efd7	8388608	Broken Sword - The Shadow of the Templars (USA) (En,Fr,De,Es,It)
Broken Sword - The Shadow of the Templars (USA) (En,Fr,De,Es,It)	3278ce51	8388608	Broken Sword - The Shadow of the Templars (USA) (En,Fr,De,Es,It)
Brother Bear (Europe)	6220a4b8	8388608	Brother Bear (USA)
Brother Bear (Europe) (Fr,De,Es,It,Nl,Sv,Da)	fd814097	8388608	Brother Bear (USA)
Brother Bear (USA)	342de1d6	8388608	Brother Bear (USA)
Bruce Lee - Return of the Legend (Europe) (En,Fr,De,Es,It)	b5ff39dc	8388608	Bruce Lee - Return of the Legend (USA)
Bruce Lee - Return of the Legend (USA)	b2a45a4c	8388608	Bruce Lee - Return of the Legend (USA)
Bubble Bobble - Old & New (Europe) (En,Fr,De,Es,It)	dfa1a201	4194304	Bubble Bobble - Old & New (USA)
Bubble Bobble - Old & New (Japan)	be9fd5e7	4194304	Bubble Bobble - Old & New (USA)
Bubble Bobble - Old & New (USA)	feec503c	4194304	Bubble Bobble - Old & New (USA)
Buffy - Im Bann der Daemonen - Koenig Darkhuls Zorn (Germany)	4d2a1d88	4194304	Buffy the Vampire Slayer - Wrath of the Darkhul King (USA, Europe)
Buffy contre les Vampires - La Colere de Darkhul (France)	339c7586	4194304	Buffy the Vampire Slayer - Wrath of the Darkhul King (USA, Europe)
Buffy the Vampire Slayer - Wrath of the Darkhul King (USA, Europe)	f5c85beb	4194304	Buffy the Vampire Slayer - Wrath of the Darkhul King (USA, Europe)
Bura Bura Donkey (Japan)	89b09753	8388608	DK - King of Swing (USA)
Butt-Ugly Martians - B.K.M. Battles (Europe) (En,Fr,De,Es,It)	7cff011a	4194304	Butt-Ugly Martians - B.K.M. Battles (USA)
Butt-Ugly Martians - B.K.M. Battles (USA)	74be9148	4194304	Butt-Ugly Martians - B.K.M. Battles (USA)
CIMA - The Enemy (USA)	ebd928ed	8388608	CIMA - The Enemy (USA)
CT Special Forces (Europe) (En,Fr,De,Es,It,Nl)	a20d9adb	4194304	CT Special Forces (USA) (En,Fr,De,Es,It,Nl)
CT Special Forces (Europe) (En,Fr,De,Es,It,Nl) (Beta)	40a0e1c9	4194304	CT Special Forces (USA) (En,Fr,De,Es,It,Nl)
CT Special Forces (USA) (En,Fr,De,Es,It,Nl)	aea22ae0	4194304	CT Special Forces (USA) (En,Fr,De,Es,It,Nl)
CT Special Forces - Back to Hell (Europe) (En,Fr,De,Es,It,Nl)	863cbf31	8388608	CT Special Forces 2 - Back in the Trenches (USA) (En,Fr,De,Es,It,Nl)
CT Special Forces 2 - Back in the Trenches (USA) (En,Fr,De,Es,It,Nl)	d2b58a33	8388608	CT Special Forces 2 - Back in the Trenches (USA) (En,Fr,De,Es,It,Nl)
CT Special Forces 3 - Bioterror (Europe) (En,Fr,De,Es,It,Nl)	7dc40eda	8388608	CT Special Forces 3 - Bioterror (Europe) (En,Fr,De,Es,It,Nl)
Cabbage Patch Kids - The Patch Puppy Rescue (Europe)	ed2eb57d	4194304	Cabbage Patch Kids - The Patch Puppy Rescue (USA)
Cabbage Patch Kids - The Patch Puppy Rescue (USA)	c812a494	4194304	Cabbage Patch Kids - The Patch Puppy Rescue (USA)
Cabela's Big Game Hunter (USA)	70a8a141	8388608	Cabela's Big Game Hunter (USA)
Cabela's Big Game Hunter - 2005 Adventures (USA, Europe)	bd054567	4194304	Cabela's Big Game Hunter - 2005 Adventures (USA, Europe)
Caesars Palace Advance - Millennium Gold Edition (USA, Europe)	5d54ece5	8388608	Caesars Palace Advance - Millennium Gold Edition (USA, Europe)
Caesars Palace Advance - Millennium Gold Edition (USA, Europe) (Beta)	13dc0731	4194304	Caesars Palace Advance - Millennium Gold Edition (USA, Europe)
Calciobit (Japan)	498443da	8388608	Calciobit (Japan)
Camp Lazlo - Leaky Lake Games (Europe)	37de9a3d	8388608	Camp Lazlo - Leaky Lake Games (USA)
Camp Lazlo - Leaky Lake Games (USA)	40c2894e	4194304	Camp Lazlo - Leaky Lake Games (USA)
Capcom Classics Mini Mix (USA)	0bb2d391	4194304	Capcom Classics Mini Mix (USA)
Captain Tsubasa - Eikou no Kiseki (Japan)	5341b274	8388608	Captain Tsubasa - Eikou no Kiseki (Japan)
Car Battler Joe (USA)	ea0a1b94	8388608	Car Battler Joe (USA)
Card Party (Japan)	3d5a2c07	8388608	Card Party (Japan)
Cardcaptor Sakura - Sakura Card Hen - Sakura to Card to Otomodachi (Japan)	d5bb189c	16777216	Cardcaptor Sakura - Sakura Card Hen - Sakura to Card to Otomodachi (Japan)
Cardcaptor Sakura - Sakura Card Hen - Sakura to Card to Otomodachi (Japan) (Rev 1)	2c8488b2	16777216	Cardcaptor Sakura - Sakura Card Hen - Sakura to Card to Otomodachi (Japan)
Cardcaptor Sakura - Sakura Card de Mini Game (Japan)	dbc9cd2e	4194304	Cardcaptor Sakura - Sakura Card de Mini Game (Japan)
Care Bears - The Care Quest (Europe) (En,Fr,De,Es,It,Nl,Pt,Da)	6111ed1e	4194304	Care Bears - The Care Quest (USA) (En,Fr,Es)
Care Bears - The Care Quest (USA) (En,Fr,Es)	f848c327	4194304	Care Bears - The Care Quest (USA) (En,Fr,Es)
Carrera Power Slide (Europe) (En,Fr,De,Es,It,Nl)	98d72420	4194304	Carrera Power Slide (Europe) (En,Fr,De,Es,It,Nl)
Cars (Europe) (Es,Pt)	0b058db2	8388608	Cars (USA, Europe)
Cars (Europe) (Fr,Nl)	bd1bfc39	8388608	Cars (USA, Europe)
Cars (Europe) (Sv,No,Da,Fi)	4f21fd49	8388608	Cars (USA, Europe)
Cars (Germany)	ebd92f43	8388608	Cars (USA, Europe)
Cars (Japan)	6d4de0ee	8388608	Cars (USA, Europe)
Cars (USA, Europe)	107639a8	8388608	Cars (USA, Europe)
Cars - Mater-National Championship (Europe) (En,Fr,De,Es,It,Nl)	d3db9787	4194304	Cars - Mater-National Championship (USA) (En,Fr)
Cars - Mater-National Championship (USA) (En,Fr)	189da289	4194304	Cars - Mater-National Championship (USA) (En,Fr)
Cars - Motori Ruggenti (Italy)	23cb1a36	8388608	Cars (USA, Europe)
Cartoon Network Block Party (USA)	edc0ccee	4194304	Cartoon Network Block Party (USA)
Cartoon Network Block Party (USA) (Beta)	5cfac364	4900420	Cartoon Network Block Party (USA)
Cartoon Network Speedway (USA)	066a2705	4194304	Cartoon Network Speedway (USA)
Casper (Europe) (En,Fr,De,Es,It,Nl,Pt)	ddaf8bac	4194304	Casper (USA) (En,Fr,Es)
Casper (USA) (En,Fr,Es)	9f905e60	4194304	Casper (USA) (En,Fr,Es)
Castlevania (Europe)	611535dc	8388608	Castlevania - Circle of the Moon (USA)
Castlevania (Europe) (Castlevania Advance Collection)	050e2164	8388608	Castlevania - Circle of the Moon (USA)
Castlevania (Europe) (Virtual Console)	dba05255	8388608	Castlevania - Circle of the Moon (USA)
Castlevania - Akatsuki no Minuet (Japan)	284e3092	8388608	Castlevania - Aria of Sorrow (USA)
Castlevania - Akatsuki no Minuet (Japan) (Castlevania Advance Collection)	f5c8d8e8	8388608	Castlevania - Aria of Sorrow (USA)
Castlevania - Akatsuki no Minuet (Japan) (Virtual Console)	93b6599e	8388608	Castlevania - Aria of Sorrow (USA)
Castlevania - Aria of Sorrow (Europe) (En,Fr,De)	d0c91f74	8388608	Castlevania - Aria of Sorrow (USA)
Castlevania - Aria of Sorrow (Europe) (En,Fr,De) (Castlevania Advance Collection)	e8156354	8388608	Castlevania - Aria of Sorrow (USA)
Castlevania - Aria of Sorrow (Europe) (En,Fr,De) (Virtual Console)	d97dbfec	8388608	Castlevania - Aria of Sorrow (USA)
Castlevania - Aria of Sorrow (USA)	35536183	8388608	Castlevania - Aria of Sorrow (USA)
Castlevania - Aria of Sorrow (USA) (Castlevania Advance Collection)	ca9b82dd	8388608	Castlevania - Aria of Sorrow (USA)
Castlevania - Aria of Sorrow (USA) (Virtual Console)	28baa30e	8388608	Castlevania - Aria of Sorrow (USA)
Castlevania - Byakuya no Concerto (Japan)	379b3248	8388608	Castlevania - Harmony of Dissonance (USA)
Castlevania - Byakuya no Concerto (Japan) (Castlevania Advance Collection)	247eeb20	8388608	Castlevania - Harmony of Dissonance (USA)
Castlevania - Circle of the Moon (USA)	1cc059a4	8388608	Castlevania - Circle of the Moon (USA)
Castlevania - Circle of the Moon (USA) (Castlevania Advance Collection)	14c1ab7c	8388608	Castlevania - Circle of the Moon (USA)
Castlevania - Circle of the Moon (USA) (Virtual Console)	d5412e91	8388608	Castlevania - Circle of the Moon (USA)
Castlevania - Harmony of Dissonance (Europe)	521b3091	8388608	Castlevania - Harmony of Dissonance (USA)
Castlevania - Harmony of Dissonance (Europe) (Castlevania Advance Collection)	e0c4fd69	8388608	Castlevania - Harmony of Dissonance (USA)
Castlevania - Harmony of Dissonance (USA)	88c1b562	8388608	Castlevania - Harmony of Dissonance (USA)
Castlevania - Harmony of Dissonance (USA) (Castlevania Advance Collection)	3a1e789a	8388608	Castlevania - Harmony of Dissonance (USA)
Castlevania Double Pack (Europe) (En,Fr,De)	ee495897	16777216	Castlevania Double Pack (USA)
Castlevania Double Pack (USA)	dbcecc7d	16777216	Castlevania Double Pack (USA)
Castleween (Europe) (En,Fr,De,Es,It)	11a9b76e	4194304	Spirits & Spells (USA)
Cat in the Hat, The (Europe) (En,Fr,De,Es,It)	a5dbe5ae	4194304	Dr. Seuss' The Cat in the Hat (USA)
Cat in the Hat, The (USA)	13c2249e	4194304	Cat in the Hat, The (USA)
Catwoman (USA, Europe) (En,Fr,De,Es,It,Nl)	1adb373d	8388608	Catwoman (USA, Europe) (En,Fr,De,Es,It,Nl)
Catz (Europe) (En,Fr,De,It)	c3aa382d	8388608	Catz (USA, Europe)
Catz (USA, Europe)	ce418ed1	4194304	Catz (USA, Europe)
Chaoji Maliou 2 (China)	14a87b75	4194304	Super Mario Advance (USA, Europe)
Chaoji Maliou Shijie (China)	d97d4156	4194304	Super Mario Advance 2 - Super Mario World (USA, Australia)
Charlie and the Chocolate Factory (Europe) (En,Fr,Es,Nl)	2b3fcc74	8388608	Charlie and the Chocolate Factory (USA) (En,Fr,Es,Nl)
Charlie and the Chocolate Factory (USA) (En,Fr,Es,Nl)	4e90884d	8388608	Charlie and the Chocolate Factory (USA) (En,Fr,Es,Nl)
Charlotte's Web (Europe) (En,Fr,De,Es,It)	8658bb4f	16777216	Charlotte's Web (USA) (En,Fr,De,Es,It)
Charlotte's Web (USA) (En,Fr,De,Es,It)	ba511fb2	16777216	Charlotte's Web (USA) (En,Fr,De,Es,It)
Cheetah Girls, The (USA)	e2efc2aa	8388608	Cheetah Girls, The (USA)
Chessmaster (Europe)	27e7fd09	4194304	Chessmaster (USA)
Chessmaster (France)	55ef8392	4194304	Chessmaster (USA)
Chessmaster (Germany)	06abacc5	4194304	Chessmaster (USA)
Chessmaster (USA)	25b0e933	4194304	Chessmaster (USA)
Chi Vuol Essere Milionario (Italy)	b6f8527e	4194304	Who Wants to Be a Millionaire (Europe)
Chicken Little (Japan)	dcbd4991	8388608	Chicken Little (USA, Europe) (En,Fr,De,Es,It,Nl)
Chicken Little (USA, Europe) (En,Fr,De,Es,It,Nl)	1e86f5b0	8388608	Chicken Little (USA, Europe) (En,Fr,De,Es,It,Nl)
Chicken Shoot (Europe) (En,Fr,De,Es,It)	5749fdc9	4194304	Chicken Shoot (USA)
Chicken Shoot (USA)	4b22e081	4194304	Chicken Shoot (USA)
Chicken Shoot 2 (Europe) (En,Fr,De,Es,It)	02d12544	4194304	Chicken Shoot 2 (USA)
Chicken Shoot 2 (USA)	1dfe38c2	4194304	Chicken Shoot 2 (USA)
Chinmoku no Iseki - Estpolis Gaiden (Japan)	2c00b4e6	8388608	Lufia - The Ruins of Lore (USA)
Chinmoku no Iseki - Estpolis Gaiden (Japan) (Virtual Console)	36cc41bf	8388608	Lufia - The Ruins of Lore (USA)
Chobits for Game Boy Advance - Atashi Dake no Hito (Japan)	ddc4b118	8388608	Chobits for Game Boy Advance - Atashi Dake no Hito (Japan)
Chocobo Land - A Game of Dice (Japan)	d4f8152e	8388608	Chocobo Land - A Game of Dice (Japan)
Choro Q Advance (Japan)	93fe0e34	4194304	Gadget Racers (USA)
Choro Q Advance (Japan) (Rev 1)	872bc075	4194304	Gadget Racers (USA)
Choro Q Advance 2 (Japan)	f5ed5f14	4194304	Shifting Gears - Road Trip (USA)
Chou Makaimura R (Japan)	a4f8b4b4	4194304	Super Ghouls'n Ghosts (USA, Europe)
Chou Makaimura R (Japan) (Virtual Console)	24840e7c	4194304	Super Ghouls'n Ghosts (USA, Europe)
Chronicles of Narnia, The - The Lion, the Witch and the Wardrobe (USA, Europe) (En,Fr,De,Es,It,Nl,Sv,Da)	7e198522	16777216	Chronicles of Narnia, The - The Lion, the Witch and the Wardrobe (USA, Europe) (En,Fr,De,Es,It,Nl,Sv,Da)
ChuChu Rocket! (Europe) (En,Ja,Fr,De,Es)	8ab607c0	4194304	ChuChu Rocket! (USA) (En,Ja,Fr,De,Es)
ChuChu Rocket! (Japan) (En,Ja,Fr,De,Es)	2c8c1b5a	4194304	ChuChu Rocket! (USA) (En,Ja,Fr,De,Es)
ChuChu Rocket! (Japan) (En,Ja,Fr,De,Es) (Virtual Console)	04836c4d	4194304	ChuChu Rocket! (USA) (En,Ja,Fr,De,Es)
ChuChu Rocket! (USA) (En,Ja,Fr,De,Es)	057fb1b6	4194304	ChuChu Rocket! (USA) (En,Ja,Fr,De,Es)
Cinderella - Magical Dreams (Europe) (En,Fr,De,Es,It)	e8bf28e2	8388608	Cinderella - Magical Dreams (USA) (En,Fr,De,Es,It)
Cinderella - Magical Dreams (USA) (En,Fr,De,Es,It)	22f19169	8388608	Cinderella - Magical Dreams (USA) (En,Fr,De,Es,It)
Cinnamon - Fuwafuwa Daisakusen (Japan)	a1cba145	4194304	Cinnamon - Fuwafuwa Daisakusen (Japan)
Cinnamon - Yume no Daibouken (Japan)	5a2cada1	4194304	Cinnamon - Yume no Daibouken (Japan)
Cinnamoroll - Koko ni Iru yo (Japan)	8376d53b	4194304	Cinnamoroll - Koko ni Iru yo (Japan)
Classic NES Series - Bomberman (USA, Europe)	c9ebc17d	1048576	Classic NES Series - Bomberman (USA, Europe)
Classic NES Series - Castlevania (USA)	23e4082c	1048576	Classic NES Series - Castlevania (USA)
Classic NES Series - Donkey Kong (USA, Europe)	f53d8b56	1048576	Classic NES Series - Donkey Kong (USA, Europe)
Classic NES Series - Dr. Mario (USA, Europe)	934e1f1d	1048576	Classic NES Series - Dr. Mario (USA, Europe)
Classic NES Series - Excitebike (USA, Europe)	67d9a2a6	1048576	Classic NES Series - Excitebike (USA, Europe)
Classic NES Series - Ice Climber (USA, Europe)	b265538d	1048576	Classic NES Series - Ice Climber (USA, Europe)
Classic NES Series - Metroid (USA, Europe)	9a243b9b	1048576	Classic NES Series - Metroid (USA, Europe)
Classic NES Series - Pac-Man (USA, Europe)	c28df82f	1048576	Classic NES Series - Pac-Man (USA, Europe)
Classic NES Series - Super Mario Bros. (USA, Europe)	f7129225	1048576	Classic NES Series - Super Mario Bros. (USA, Europe)
Classic NES Series - The Legend of Zelda (USA, Europe)	6d49cabf	1048576	Classic NES Series - The Legend of Zelda (USA, Europe)
Classic NES Series - Xevious (USA, Europe)	9cd2d5dd	1048576	Classic NES Series - Xevious (USA, Europe)
Classic NES Series - Zelda II - The Adventure of Link (USA, Europe)	0b6ca48a	1048576	Classic NES Series - Zelda II - The Adventure of Link (USA, Europe)
Cocoto - Kart Racer (Europe) (En,Fr,De,Es,It)	dab7c402	4194304	Cocoto - Kart Racer (Europe) (En,Fr,De,Es,It)
Cocoto - Platform Jumper (Europe) (En,Fr,De,Es,It)	27411ef5	4194304	Cocoto - Platform Jumper (Europe) (En,Fr,De,Es,It)
Codename - Kids Next Door - Operation S.O.D.A. (USA)	420a81b7	8388608	Codename - Kids Next Door - Operation S.O.D.A. (USA)
Colin McRae Rally 2.0 (Europe) (En,Fr,De)	70520c5c	4194304	Colin McRae Rally 2.0 (USA) (En,Fr,De)
Colin McRae Rally 2.0 (USA) (En,Fr,De)	a2e19014	4194304	Colin McRae Rally 2.0 (USA) (En,Fr,De)
Columns Crown (Europe)	330a0975	8388608	Columns Crown (USA)
Columns Crown (Japan)	a592f7df	8388608	Columns Crown (USA)
Columns Crown (USA)	6242ffb2	8388608	Columns Crown (USA)
Combat Choro Q - Advance Daisakusen (Japan)	4e5bfa90	4194304	Combat Choro Q - Advance Daisakusen (Japan)
Combo Pack - Sonic Advance + Sonic Pinball Party (USA) (En,Ja,Fr,De,Es+En,Ja,Fr,De,Es,It)	fbafb638	16777216	Combo Pack - Sonic Advance + Sonic Pinball Party (USA) (En,Ja,Fr,De,Es+En,Ja,Fr,De,Es,It)
Comix Zone (Europe) (En,Fr,De,Es,It)	9f30002f	4194304	Comix Zone (Europe) (En,Fr,De,Es,It)
Contra Advance (USA) (Beta)	511d7556	4194304	Contra Advance - The Alien Wars EX (USA)
Contra Advance - The Alien Wars EX (Europe)	5f443b14	4194304	Contra Advance - The Alien Wars EX (USA)
Contra Advance - The Alien Wars EX (Europe) (Virtual Console)	6657da99	4194304	Contra Advance - The Alien Wars EX (USA)
Contra Advance - The Alien Wars EX (USA)	59781c54	4194304	Contra Advance - The Alien Wars EX (USA)
Contra Advance - The Alien Wars EX (USA) (Virtual Console)	606bfdd9	4194304	Contra Advance - The Alien Wars EX (USA)
Contra Hard Spirits (Japan) (En)	a817aa47	4194304	Contra Advance - The Alien Wars EX (USA)
Contra Hard Spirits (Japan) (En) (Virtual Console)	d4552386	4194304	Contra Advance - The Alien Wars EX (USA)
Corvette (USA) (En,Fr,De,Es,It)	a4c6db01	8388608	Corvette (USA) (En,Fr,De,Es,It)
Cosmo & Wanda - Wenn Elfen Helfen! - Das Schattenduell (Germany)	65e88703	4194304	Fairly OddParents!, The - Shadow Showdown (USA)
Crash & Spyro Super Pack Volume 1 (Europe) (En,Fr,De,Es,It,Nl)	d8382427	16777216	Crash & Spyro Super Pack Volume 1 (Europe) (En,Fr,De,Es,It,Nl)
Crash & Spyro Super Pack Volume 2 (Europe) (En,Fr,De,Es,It,Nl)	7b3c4f90	16777216	Crash & Spyro Super Pack Volume 2 (Europe) (En,Fr,De,Es,It,Nl)
Crash & Spyro Super Pack Volume 3 (Europe) (En,Fr,De,Es,It)	c7269e6a	33554432	Crash & Spyro Superpack - Spyro Orange - The Cortex Conspiracy + Crash Bandicoot Purple - Ripto's Rampage (USA)
Crash & Spyro Superpack - Spyro - Season of Ice + Crash Bandicoot - The Huge Adventure (USA)	cdbe00e3	16777216	Crash & Spyro Superpack - Spyro - Season of Ice + Crash Bandicoot - The Huge Adventure (USA)
Crash & Spyro Superpack - Spyro Orange - The Cortex Conspiracy + Crash Bandicoot Purple - Ripto's Rampage (USA)	9b76b90b	33554432	Crash & Spyro Superpack - Spyro Orange - The Cortex Conspiracy + Crash Bandicoot Purple - Ripto's Rampage (USA)
Crash Bandicoot - The Huge Adventure (USA)	034d2d4b	8388608	Crash Bandicoot - The Huge Adventure (USA)
Crash Bandicoot 2 - N-Tranced (Europe) (En,Fr,De,Es,It,Nl)	0f1d06a0	8388608	Crash Bandicoot 2 - N-Tranced (USA)
Crash Bandicoot 2 - N-Tranced (USA)	2e16184a	8388608	Crash Bandicoot 2 - N-Tranced (USA)
Crash Bandicoot Advance (Japan)	64767b34	8388608	Crash Bandicoot - The Huge Adventure (USA)
Crash Bandicoot Advance - Wakuwaku Tomodachi Daisakusen! (Japan)	0e6a4fee	16777216	Crash Bandicoot Purple - Ripto's Rampage (USA)
Crash Bandicoot Advance 2 - Guruguru Saimin Dai-panic! (Japan)	04fba7cf	8388608	Crash Bandicoot 2 - N-Tranced (USA)
Crash Bandicoot Bakusou! Nitro Cart (Japan)	70f8291f	8388608	Crash Nitro Kart (USA)
Crash Bandicoot Fusion (Europe) (En,Fr,De,Es,It)	f24c8e77	16777216	Crash Bandicoot Purple - Ripto's Rampage (USA)
Crash Bandicoot Purple - Ripto's Rampage (USA)	fc284e05	16777216	Crash Bandicoot Purple - Ripto's Rampage (USA)
Crash Bandicoot Purple - Ripto's Rampage (USA) (Rev 1)	3ddf07a1	16777216	Crash Bandicoot Purple - Ripto's Rampage (USA)
Crash Bandicoot XS (Europe) (En,Fr,De,Es,It,Nl)	ccfd654f	8388608	Crash Bandicoot - The Huge Adventure (USA)
Crash Nitro Kart (Europe) (En,Fr,De,Es,It,Nl)	03925772	8388608	Crash Nitro Kart (USA)
Crash Nitro Kart (USA)	e6d58aa0	8388608	Crash Nitro Kart (USA)
Crash Superpack - Crash Bandicoot 2 - N-Tranced + Crash Nitro Kart (USA)	2c38bae2	16777216	Crash Superpack - Crash Bandicoot 2 - N-Tranced + Crash Nitro Kart (USA)
Crash of the Titans (Europe) (En,Fr,De,Es,It,Nl)	d1d07fa6	16777216	Crash of the Titans (USA) (En,Fr)
Crash of the Titans (USA) (En,Fr)	6f28b009	16777216	Crash of the Titans (USA) (En,Fr)
Crayon Shin-chan - Arashi o Yobu Cinemaland no Daibouken! (Japan)	6e936a54	16777216	Crayon Shin-chan - Arashi o Yobu Cinemaland no Daibouken! (Japan)
Crayon Shin-chan - Densetsu o Yobu Omake no Miyako Shockgaan! (Japan)	52f463fe	33554432	Crayon Shin-chan - Densetsu o Yobu Omake no Miyako Shockgaan! (Japan)
Crazy Chase (Europe) (En,Fr,De)	313f4ffc	4194304	Crazy Chase (USA)
Crazy Chase (Europe) (En,Fr,De) (Beta)	5f331132	4194304	Crazy Chase (USA)
Crazy Chase (USA)	caba1db9	4194304	Crazy Chase (USA)
Crazy Chase (USA) (Beta)	ff7e2e9b	4194304	Crazy Chase (USA)
Crazy Frog Racer (Europe) (En,Fr,De,Nl)	2723236b	4194304	Crazy Frog Racer (Europe) (En,Fr,De,Nl)
Crazy Taxi - Catch a Ride (Europe) (En,Fr,De,Es) (Beta)	fe0d0b86	8388608	Crazy Taxi - Catch a Ride (USA)
Crazy Taxi - Catch a Ride (Europe) (En,Fr,De,Es,It)	4aebd704	8388608	Crazy Taxi - Catch a Ride (USA)
Crazy Taxi - Catch a Ride (USA)	8ec709d6	8388608	Crazy Taxi - Catch a Ride (USA)
Creatures (Europe) (En,Es,It)	4f18f57e	4194304	Creatures (Europe) (En,Es,It)
Creatures (Europe) (En,Fr,De)	68206301	4194304	Creatures (Europe) (En,Es,It)
Croket! - Yume no Banker Survival! (Japan)	a2aad079	8388608	Croket! - Yume no Banker Survival! (Japan)
Croket! 2 - Yami no Bank to Banqueen (Japan)	8d5e08d5	16777216	Croket! 2 - Yami no Bank to Banqueen (Japan)
Croket! 3 - Granu Oukoku no Nazo (Japan)	aec6d07b	16777216	Croket! 3 - Granu Oukoku no Nazo (Japan)
Croket! 4 - Bank no Mori no Mamorigami (Japan)	c86bf751	16777216	Croket! 4 - Bank no Mori no Mamorigami (Japan)
Croket! Great - Toki no Boukensha (Japan)	f0e81971	16777216	Croket! Great - Toki no Boukensha (Japan)
Cross Town Heroes (Europe)	c9ea02f5	4194304	Cross Town Heroes (USA)
Cross Town Heroes (USA)	0fffb458	4194304	Cross Town Heroes (USA)
Crouching Tiger, Hidden Dragon (Europe) (En,Fr,De,Es,It)	b9a75ac4	8388608	Crouching Tiger, Hidden Dragon (USA) (En,Fr,Es)
Crouching Tiger, Hidden Dragon (USA) (Beta 1)	a1d2d006	3353604	Crouching Tiger, Hidden Dragon (USA) (En,Fr,Es)
Crouching Tiger, Hidden Dragon (USA) (Beta 2)	1ef6f82e	8388608	Crouching Tiger, Hidden Dragon (USA) (En,Fr,Es)
Crouching Tiger, Hidden Dragon (USA) (Beta 3)	204ff8d5	8388608	Crouching Tiger, Hidden Dragon (USA) (En,Fr,Es)
Crouching Tiger, Hidden Dragon (USA) (En,Fr,Es)	579ba507	8388608	Crouching Tiger, Hidden Dragon (USA) (En,Fr,Es)
Cruis'n Velocity (USA, Europe)	adf14db5	4194304	Cruis'n Velocity (USA, Europe)
Cruis'n Velocity (USA, Europe) (Beta)	5436d5da	8388608	Cruis'n Velocity (USA, Europe)
Crushed Baseball (USA)	55fe8579	4194304	Crushed Baseball (USA)
Cubix - Robots for Everyone - Clash 'N Bash (USA)	4171c811	8388608	Cubix - Robots for Everyone - Clash 'N Bash (USA)
Curious George (Europe) (En,Fr,De,Es,It,Sv,Da)	eef104b0	4194304	Curious George (USA)
Curious George (USA)	f6b549dd	4194304	Curious George (USA)
Custom Robo GX (Japan)	f533dc13	8388608	Custom Robo GX (Japan)
Cyberdrive Zoids - Kijuu no Senshi Hyuu (Japan)	0020a2ed	8388608	Cyberdrive Zoids - Kijuu no Senshi Hyuu (Japan)
DK - King of Swing (Europe) (En,Fr,De,Es,It)	f93b73d9	16777216	DK - King of Swing (USA)
DK - King of Swing (USA)	d610b239	8388608	DK - King of Swing (USA)
Dai-mahjong. (Japan)	c6ccca05	4194304	Dai-mahjong. (Japan)
Daisenryaku for Game Boy Advance (Japan)	3d644946	8388608	Daisenryaku for Game Boy Advance (Japan)
Daisuki Teddy (Japan)	cbb8cdb8	8388608	Daisuki Teddy (Japan)
Dan Doh!! Tobase Shouri no Smile Shot (Japan)	0f4b50ae	8388608	Dan Doh!! Tobase Shouri no Smile Shot (Japan)
Dan Doh!! Xi (Japan)	e1d5cff1	8388608	Dan Doh!! Xi (Japan)
Dancing Sword - Senkou (Japan)	e2316d47	8388608	Dancing Sword - Senkou (Japan)
Danny Phantom - Dschungelstadt (Germany)	2d59c1d5	4194304	Danny Phantom - Urban Jungle (USA)
Danny Phantom - The Ultimate Enemy (Europe) (En,De,Es)	506780d1	4194304	Danny Phantom - The Ultimate Enemy (USA)
Danny Phantom - The Ultimate Enemy (Europe) (En,Fr,Nl)	e1de905f	4194304	Danny Phantom - The Ultimate Enemy (USA)
Danny Phantom - The Ultimate Enemy (USA)	1384ecea	4194304	Danny Phantom - The Ultimate Enemy (USA)
Danny Phantom - Urban Jungle (USA)	c22e7a2f	4194304	Danny Phantom - Urban Jungle (USA)
Daredevil (Europe) (En,Fr,Es,It)	41a9b849	4194304	Daredevil (USA, Europe)
Daredevil (Germany)	4bb9420e	4194304	Daredevil (USA, Europe)
Daredevil (USA, Europe)	d438347e	4194304	Daredevil (USA, Europe)
Darius R (Japan) (En)	51beeed7	4194304	Darius R (Japan) (En)
Dark Arena (USA, Europe)	de5dcdee	8388608	Dark Arena (USA, Europe)
Dark Empire (Japan) (Proto)	dd393a80	8388608	Dark Empire (Japan) (Proto)
Dave Mirra Freestyle BMX 2 (Europe) (En,Fr,De,Es,It)	69e89581	8388608	Dave Mirra Freestyle BMX 2 (USA)
Dave Mirra Freestyle BMX 2 (Europe) (En,Fr,De,Es,It) (Rev 1)	8e39fee9	8388608	Dave Mirra Freestyle BMX 2 (USA)
Dave Mirra Freestyle BMX 2 (USA)	64b1e921	8388608	Dave Mirra Freestyle BMX 2 (USA)
Dave Mirra Freestyle BMX 3 (USA, Europe)	8d8f26a5	8388608	Dave Mirra Freestyle BMX 3 (USA, Europe)
David Beckham Soccer (Europe) (En,Fr,De,Es,It)	e9a34f49	4194304	David Beckham Soccer (USA) (En,Es)
David Beckham Soccer (USA) (En,Es)	7e4db1cc	4194304	David Beckham Soccer (USA) (En,Es)
Davis Cup (Europe) (En,Fr,De,Es,It)	4c7375f4	4194304	Davis Cup (USA) (En,Fr,De,Es,It)
Davis Cup (USA) (En,Fr,De,Es,It)	82b4d89c	4194304	Davis Cup (USA) (En,Fr,De,Es,It)
Dead to Rights (Europe) (En,Fr,De,Es,It)	2994de1d	8388608	Dead to Rights (USA)
Dead to Rights (USA)	52c1826c	8388608	Dead to Rights (USA)
Deadly Skies (Europe) (En,Ja,Fr,De)	fe7c8402	4194304	AirForce Delta Storm (USA) (En,Ja,Fr,De)
Deal or No Deal (USA)	b6c00edb	4194304	Deal or No Deal (USA)
Defender (USA)	2e271c13	4194304	Defender (USA)
Defender - For All Mankind (Europe) (En,Fr,De,Es,It)	3b86fdc4	4194304	Defender (USA)
Defender of the Crown (Europe)	6968959a	4194304	Defender of the Crown (USA)
Defender of the Crown (USA)	de6698fe	4194304	Defender of the Crown (USA)
DemiKids - Dark Version (USA)	1bab58bd	8388608	DemiKids - Dark Version (USA)
DemiKids - Light Version (USA)	dc4357c4	8388608	DemiKids - Light Version (USA)
Demon Driver - Time to Burn Rubber! (Europe)	1cc36766	4194304	Demon Driver - Time to Burn Rubber! (USA)
Demon Driver - Time to Burn Rubber! (USA)	9374af5e	4194304	Demon Driver - Time to Burn Rubber! (USA)
Denki Blocks! (Europe) (En,Fr,De,Es,It)	6144ec15	4194304	Denki Blocks! (USA) (En,Es)
Denki Blocks! (Japan)	0053fd6a	4194304	Denki Blocks! (USA) (En,Es)
Denki Blocks! (USA) (En,Es)	e064107f	4194304	Denki Blocks! (USA) (En,Es)
Densetsu no Stafy (Japan)	fae94c8b	8388608	Densetsu no Stafy (Japan)
Densetsu no Stafy 2 (Japan)	ea73eb54	16777216	Densetsu no Stafy 2 (Japan)
Densetsu no Stafy 2 (Japan) (Virtual Console)	bb1370f1	16777216	Densetsu no Stafy 2 (Japan)
Densetsu no Stafy 3 (Japan)	fcaf1aa8	16777216	Densetsu no Stafy 3 (Japan)
Densetsu no Stafy 3 (Japan) (Rev 1)	2d6e4c3b	16777216	Densetsu no Stafy 3 (Japan)
Densetsu no Stafy 3 (Japan) (Rev 1) (Virtual Console)	59ca95c6	16777216	Densetsu no Stafy 3 (Japan)
Derby Stallion Advance (Japan)	9746ef12	4194304	Derby Stallion Advance (Japan)
Desert Strike Advance (USA)	cc1c1405	4194304	Desert Strike Advance (USA)
Deutschland Sucht den Superstar (Germany)	51f50f7d	16777216	American Idol (USA)
Dexter's Laboratory - Chess Challenge (Europe) (En,Fr,De,Es)	f5436f5d	8388608	Dexter's Laboratory - Chess Challenge (USA)
Dexter's Laboratory - Chess Challenge (USA)	ae61322e	8388608	Dexter's Laboratory - Chess Challenge (USA)
Dexter's Laboratory - Deesaster Strikes! (Europe) (En,Fr,De,Es,It)	3e8012bf	4194304	Dexter's Laboratory - Deesaster Strikes! (USA) (En,Fr,De,Es,It)
Dexter's Laboratory - Deesaster Strikes! (USA) (En,Fr,De,Es,It)	e948d412	4194304	Dexter's Laboratory - Deesaster Strikes! (USA) (En,Fr,De,Es,It)
Dexter's Laboratory - Deesaster Strikes! (USA) (En,Fr,De,Es,It) (Rev 1)	6bf168e6	4194304	Dexter's Laboratory - Deesaster Strikes! (USA) (En,Fr,De,Es,It)
Di Gi Charat - DigiCommunication (Japan)	a1288427	8388608	Di Gi Charat - DigiCommunication (Japan)
Diadroids World - Evil Teikoku no Yabou (Japan)	a2d6cea6	8388608	Diadroids World - Evil Teikoku no Yabou (Japan)
Diddy Kong Pilot (USA) (Beta 1)	5c206101	5080644	Banjo-Pilot (USA)
Diddy Kong Pilot (USA) (Beta 2)	057dc388	12277472	Banjo-Pilot (USA)
DigiCommunication Nyo - Datou! Black Gemagema Dan (Japan)	1372e829	16777216	DigiCommunication Nyo - Datou! Black Gemagema Dan (Japan)
Digimon - Battle Spirit (Europe) (En,Fr,De,Es,It)	ea5fc3da	4194304	Digimon - Battle Spirit (USA)
Digimon - Battle Spirit (Europe) (En,Fr,De,Es,It) (Beta)	da8677ad	4194304	Digimon - Battle Spirit (USA)
Digimon - Battle Spirit (USA)	ceef2008	4194304	Digimon - Battle Spirit (USA)
Digimon - Battle Spirit 2 (Europe) (En,Fr,De,Es,It)	00c906a3	4194304	Digimon - Battle Spirit 2 (USA) (En,Fr,De,Es,It)
Digimon - Battle Spirit 2 (USA) (En,Fr,De,Es,It)	c4c246ef	4194304	Digimon - Battle Spirit 2 (USA) (En,Fr,De,Es,It)
Digimon Racing (Europe) (En,Fr,De,Es,It)	4f1b0157	8388608	Digimon Racing (USA) (En,Fr,De,Es,It)
Digimon Racing (Japan)	c50468a8	8388608	Digimon Racing (USA) (En,Fr,De,Es,It)
Digimon Racing (USA) (En,Fr,De,Es,It)	dadd4c10	8388608	Digimon Racing (USA) (En,Fr,De,Es,It)
Dinotopia - The Timestone Pirates (USA, Europe) (En,Fr,De,Es,It,Nl)	7bd01b31	8388608	Dinotopia - The Timestone Pirates (USA, Europe) (En,Fr,De,Es,It,Nl)
Disney Princesas (Spain)	425785c8	8388608	Disney Princess (USA, Europe)
Disney Princess (USA, Europe)	4a2b9e0b	8388608	Disney Princess (USA, Europe)
Disney Princess - Royal Adventure (Europe) (En,Fr,De)	92c695cc	8388608	Disney Princess - Royal Adventure (USA)
Disney Princess - Royal Adventure (USA)	c6ad2251	8388608	Disney Princess - Royal Adventure (USA)
Disney Princesse (France)	3944bd7e	8388608	Disney Princess (USA, Europe)
Disney Principesse (Italy)	481e668e	8388608	Disney Princess (USA, Europe)
Disney Sports - American Football (Japan)	b92e9057	16777216	Disney Sports - Football (USA)
Disney Sports - Basketball (Europe) (En,Fr,De,Es,It)	d6d89f81	16777216	Disney Sports - Basketball (USA)
Disney Sports - Basketball (Japan)	3911b4b6	16777216	Disney Sports - Basketball (USA)
Disney Sports - Basketball (USA)	80ec6cf0	16777216	Disney Sports - Basketball (USA)
Disney Sports - Football (Soccer) (Europe) (En,Fr,De,Es,It)	33f73199	16777216	Disney Sports - Soccer (USA)
Disney Sports - Football (USA)	01413db1	16777216	Disney Sports - Football (USA)
Disney Sports - Motocross (Europe) (En,Fr,De,Es,It)	72dcb4f4	16777216	Disney Sports - Motocross (USA)
Disney Sports - Motocross (Japan)	1a62d76f	16777216	Disney Sports - Motocross (USA)
Disney Sports - Motocross (USA)	a771ad79	16777216	Disney Sports - Motocross (USA)
Disney Sports - Skateboarding (Europe) (En,Fr,De,Es,It)	10c05c7b	16777216	Disney Sports - Skateboarding (USA)
Disney Sports - Skateboarding (Japan)	5df4a476	16777216	Disney Sports - Skateboarding (USA)
Disney Sports - Skateboarding (USA)	37ffd837	16777216	Disney Sports - Skateboarding (USA)
Disney Sports - Snowboarding (Europe) (En,Fr,De,Es,It)	77b7fcce	16777216	Disney Sports - Snowboarding (USA)
Disney Sports - Snowboarding (Japan)	bdc23a47	16777216	Disney Sports - Snowboarding (USA)
Disney Sports - Snowboarding (USA)	4733693c	16777216	Disney Sports - Snowboarding (USA)
Disney Sports - Soccer (Japan)	680957e7	16777216	Disney Sports - Soccer (USA)
Disney Sports - Soccer (USA)	2f1316d2	16777216	Disney Sports - Soccer (USA)
Disney's Game + TV Episode - Lizzie McGuire 2 - Lizzie Diaries (USA) (En,Fr)	2706b300	33554432	Lizzie McGuire 2 - Lizzie Diaries (USA) (En,Fr)
Disney's Party (USA, Europe) (En,Fr,De,Es,It)	6bb63774	8388608	Disney's Party (USA, Europe) (En,Fr,De,Es,It)
Disneys Prinzessinnen (Germany)	e21b4285	8388608	Disney Princess (USA, Europe)
Dogz (Europe)	aa8dea30	8388608	Dogz (USA)
Dogz (Europe) (En,Fr,De,It)	2216fbd6	16777216	Dogz (USA)
Dogz (France)	10ac14f9	8388608	Dogz (USA)
Dogz (USA)	124f27c0	8388608	Dogz (USA)
Dogz - Fashion (Europe)	5236473d	8388608	Dogz - Fashion (USA)
Dogz - Fashion (USA)	63bd3463	8388608	Dogz - Fashion (USA)
Dogz 2 (Europe)	28163523	16777216	Dogz 2 (USA)
Dogz 2 (Europe) (En,Fr,De,It)	41ce1eed	16777216	Dogz 2 (USA)
Dogz 2 (USA)	0e2aca9e	16777216	Dogz 2 (USA)
Dogz 2 (USA) (Rev 1)	a0ebb191	16777216	Dogz 2 (USA)
Dokapon - Monster Hunter (USA)	5617e407	8388608	Dokapon - Monster Hunter (USA)
Dokapon - Monster Hunter! (Europe) (En,Fr,De)	654df50e	8388608	Dokapon - Monster Hunter (USA)
Dokapon Q - Monster Hunter! (Japan)	45b3edc4	8388608	Dokapon - Monster Hunter (USA)
Dokidoki Cooking Series 1 - Komugi-chan no Happy Cake (Japan)	fe198026	8388608	Dokidoki Cooking Series 1 - Komugi-chan no Happy Cake (Japan)
Dokidoki Cooking Series 2 - Gourmet Kitchen - Suteki na Obentou (Japan)	08dfc956	8388608	Dokidoki Cooking Series 2 - Gourmet Kitchen - Suteki na Obentou (Japan)
Dokodemo Taikyoku - Yakuman Advance (Japan)	c2424edd	8388608	Dokodemo Taikyoku - Yakuman Advance (Japan)
Dokodemo Taikyoku - Yakuman Advance (Japan) (Rev 1)	a7279ed5	8388608	Dokodemo Taikyoku - Yakuman Advance (Japan)
Domo-kun no Fushigi Television (Japan)	e743c611	8388608	Domo-kun no Fushigi Television (Japan)
Don-chan Puzzle - Hanabi de Doon! Advance (Japan)	500922e8	8388608	Don-chan Puzzle - Hanabi de Doon! Advance (Japan)
Donald Duck Advance (Europe) (En,Fr,De,Es,It)	4c086a5e	8388608	Donald Duck Advance (USA)
Donald Duck Advance (Japan)	0195de8f	8388608	Donald Duck Advance (USA)
Donald Duck Advance (USA)	936daab2	8388608	Donald Duck Advance (USA)
Donkey Kong Country (Europe) (En,Fr,De,Es,It)	41d277fe	8388608	Donkey Kong Country (USA)
Donkey Kong Country (USA)	12f7a968	8388608	Donkey Kong Country (USA)
Donkey Kong Country 2 (Europe) (En,Fr,De,Es,It)	aef11223	8388608	Donkey Kong Country 2 (USA)
Donkey Kong Country 2 (USA)	11417fc1	8388608	Donkey Kong Country 2 (USA)
Donkey Kong Country 3 (Europe) (En,Fr,De,Es,It)	708a6168	16777216	Donkey Kong Country 3 (USA)
Donkey Kong Country 3 (USA)	fe03e5af	16777216	Donkey Kong Country 3 (USA)
Donkey Kong Country 3 (USA) (Beta)	8dd750ef	16777216	Donkey Kong Country 3 (USA)
Doom (USA, Europe)	58c641b3	8388608	Doom (USA, Europe)
Doom II (Europe)	60cd3207	16777216	Doom II (USA)
Doom II (USA)	c885d9e9	16777216	Doom II (USA)
Dora the Explorer - Dora's World Adventure! (USA)	7b311c5c	4194304	Dora the Explorer - Dora's World Adventure! (USA)
Dora the Explorer - Super Spies (USA)	650fdfdb	4194304	Dora the Explorer - Super Spies (USA)
Dora the Explorer - Super Star Adventures! (Europe) (En,Fr,Nl)	528bca02	4194304	Dora the Explorer - Super Star Adventures! (USA)
Dora the Explorer - Super Star Adventures! (USA)	2cee050f	4194304	Dora the Explorer - Super Star Adventures! (USA)
Dora the Explorer - The Search for the Pirate Pig's Treasure (USA)	9439541c	4194304	Dora the Explorer - The Search for the Pirate Pig's Treasure (USA)
Dora the Explorer Double Pack (USA)	1f9d002e	8388608	Dora the Explorer Double Pack (USA)
Dora the Explorer Double Pack (USA) (Beta)	185f34f5	8388608	Dora the Explorer Double Pack (USA)
Doraemon - Dokodemo Walker (Japan)	e28afebc	8388608	Doraemon - Dokodemo Walker (Japan)
Doraemon - Midori no Wakusei Dokidoki Daikyuushutsu! (Japan)	95565762	8388608	Doraemon - Midori no Wakusei Dokidoki Daikyuushutsu! (Japan)
Double Dragon Advance (Japan)	a3330e8f	4194304	Double Dragon Advance (USA)
Double Dragon Advance (USA)	764fafb5	4194304	Double Dragon Advance (USA)
Double Game! - Cartoon Network Block Party & Cartoon Network Speedway (Europe)	3a4f8e4d	8388608	2 Games in 1 - Cartoon Network Block Party + Cartoon Network Speedway (USA)
Double Game! - Golden Nugget Casino & Texas Hold 'em Poker (Europe)	cff20829	8388608	2 Games in 1 - Golden Nugget Casino + Texas Hold 'em Poker (USA)
Double Game! - Quad Desert Fury & Monster Trucks (Europe)	0db22e8c	8388608	2 Games in 1 - Quad Desert Fury + Monster Trucks (USA)
Double Pack - Sonic Advance & ChuChu Rocket! (Japan) (En,Ja,Fr,De,Es)	21ef5165	16777216	2 Games in 1 - Sonic Advance + ChuChu Rocket! (Europe) (En,Ja,Fr,De,Es)
Double Pack - Sonic Battle & Sonic Advance (Japan) (En,Ja,Fr,De,Es+En,Ja)	31d712d3	33554432	2 Games in 1 - Sonic Advance + Sonic Battle (Europe) (En,Ja,Fr,De,Es+En,Ja,Fr,De,Es,It)
Double Pack - Sonic Pinball Party & Sonic Battle (Japan) (En,Ja+En,Ja,Fr,De,Es,It)	0dfaa3f2	33554432	2 Games in 1 - Sonic Battle + Sonic Pinball Party (Europe) (En,Ja,Fr,De,Es,It)
Doubutsu-jima no Chobigurumi (Japan)	c764cc7e	8388608	Doubutsu-jima no Chobigurumi (Japan)
Doubutsu-jima no Chobigurumi (Japan) (Rev 1)	b9c15f87	8388608	Doubutsu-jima no Chobigurumi (Japan)
Doubutsu-jima no Chobigurumi 2 - Tama-chan Monogatari (Japan)	16347e33	4194304	Doubutsu-jima no Chobigurumi 2 - Tama-chan Monogatari (Japan)
Downforce (Europe) (En,Fr,De,Es,It)	eb326294	4194304	Downforce (Europe) (En,Fr,De,Es,It)
Downtown - Nekketsu Monogatari EX (Japan)	32e9a0bd	4194304	River City Ransom EX (USA)
Dr. Mario & Panel de Pon (Japan)	129bf78f	8388608	2 Games in One! - Dr. Mario + Puzzle League (USA)
Dr. Muto (Europe) (En,Fr,De,Es,It)	46736f58	8388608	Dr. Muto (Europe) (En,Fr,De,Es,It)
Dr. Seuss' The Cat in the Hat (USA)	13adbf3b	4194304	Dr. Seuss' The Cat in the Hat (USA)
Dr. Sudoku (Europe)	e9848d13	4194304	Dr. Sudoku (USA)
Dr. Sudoku (USA)	fc003e2b	4194304	Dr. Sudoku (USA)
Dragon Ball - Advance Adventure (Japan)	8a06337a	16777216	Dragon Ball - Advanced Adventure (USA)
Dragon Ball - Advance Adventure (Korea)	4e2cc84d	16777216	Dragon Ball - Advanced Adventure (USA)
Dragon Ball - Advanced Adventure (Europe) (En,Fr,De,Es,It)	6c135820	16777216	Dragon Ball - Advanced Adventure (USA)
Dragon Ball - Advanced Adventure (Europe) (En,Fr,De,Es,It) (Beta)	2b136906	16777216	Dragon Ball - Advanced Adventure (USA)
Dragon Ball - Advanced Adventure (USA)	7d7306df	16777216	Dragon Ball - Advanced Adventure (USA)
Dragon Ball GT - Transformation (USA)	ad964a91	8388608	Dragon Ball GT - Transformation (USA)
Dragon Ball GT - Transformation (USA) (Beta)	431bc807	8388608	Dragon Ball GT - Transformation (USA)
Dragon Ball Z - Bukuu Tougeki (Japan)	6c0f0b86	16777216	Dragon Ball Z - Supersonic Warriors (USA)
Dragon Ball Z - Buu's Fury (USA)	01c1707f	8388608	Dragon Ball Z - Buu's Fury (USA)
Dragon Ball Z - Buu's Fury (USA) (Beta 1)	c35bbc5d	8388608	Dragon Ball Z - Buu's Fury (USA)
Dragon Ball Z - Buu's Fury (USA) (Beta 2)	e8ccd531	8388608	Dragon Ball Z - Buu's Fury (USA)
Dragon Ball Z - Collectible Card Game (USA)	f6124d7f	8388608	Dragon Ball Z - Collectible Card Game (USA)
Dragon Ball Z - Moogongtoogeuk (Korea)	e4893dd7	16777216	Dragon Ball Z - Supersonic Warriors (USA)
Dragon Ball Z - Supersonic Warriors (Europe) (En,Fr,De,Es,It)	b4d9572c	16777216	Dragon Ball Z - Supersonic Warriors (USA)
Dragon Ball Z - Supersonic Warriors (Europe) (En,Fr,De,Es,It) (Beta 1)	73c132fe	16777216	Dragon Ball Z - Supersonic Warriors (USA)
Dragon Ball Z - Supersonic Warriors (Europe) (En,Fr,De,Es,It) (Beta 2)	f20c38d0	16777216	Dragon Ball Z - Supersonic Warriors (USA)
Dragon Ball Z - Supersonic Warriors (USA)	9a857a70	16777216	Dragon Ball Z - Supersonic Warriors (USA)
Dragon Ball Z - Taiketsu (Europe) (En,Fr,De,Es,It)	d0e79665	8388608	Dragon Ball Z - Taiketsu (USA)
Dragon Ball Z - Taiketsu (USA)	64ec07e7	8388608	Dragon Ball Z - Taiketsu (USA)
Dragon Ball Z - Taiketsu (USA) (Beta)	92cabbbe	8388608	Dragon Ball Z - Taiketsu (USA)
Dragon Ball Z - The Legacy of Goku (Europe) (En,Fr,De,Es,It)	ca6e149c	8388608	Dragon Ball Z - The Legacy of Goku (USA)
Dragon Ball Z - The Legacy of Goku (USA)	d47ccff4	8388608	Dragon Ball Z - The Legacy of Goku (USA)
Dragon Ball Z - The Legacy of Goku II (Europe) (En,Fr,De,Es,It)	20684433	8388608	Dragon Ball Z - The Legacy of Goku II (USA)
Dragon Ball Z - The Legacy of Goku II (USA)	204142e1	8388608	Dragon Ball Z - The Legacy of Goku II (USA)
Dragon Ball Z - The Legacy of Goku II (USA) (Beta 1)	3c30f5b3	7282372	Dragon Ball Z - The Legacy of Goku II (USA)
Dragon Ball Z - The Legacy of Goku II (USA) (Beta 2)	25f34dbc	7279012	Dragon Ball Z - The Legacy of Goku II (USA)
Dragon Ball Z - The Legacy of Goku II International (Japan)	b3297d59	8388608	Dragon Ball Z - The Legacy of Goku II (USA)
Dragon Ball Z - The Legacy of Goku III (USA) (Beta)	865b15ba	8388608	Dragon Ball Z - Buu's Fury (USA)
Dragon Ball Z Fusion - The Legacy of Goku III (USA) (Beta 1)	2bebd716	8388608	Dragon Ball Z - Buu's Fury (USA)
Dragon Ball Z Fusion - The Legacy of Goku III (USA) (Beta 2)	4783c8eb	8388608	Dragon Ball Z - Buu's Fury (USA)
Dragon Drive - World D Break (Japan)	e5a571ad	8388608	Dragon Drive - World D Break (Japan)
Dragon Quest Characters - Torneko no Daibouken 2 Advance - Fushigi no Dungeon (Japan)	2b077791	8388608	Dragon Quest Characters - Torneko no Daibouken 2 Advance - Fushigi no Dungeon (Japan)
Dragon Quest Characters - Torneko no Daibouken 3 Advance - Fushigi no Dungeon (Japan)	c891b2a0	16777216	Dragon Quest Characters - Torneko no Daibouken 3 Advance - Fushigi no Dungeon (Japan)
Dragon Quest Monsters - Caravan Heart (Japan)	3c24abcc	8388608	Dragon Quest Monsters - Caravan Heart (Japan)
Dragon Tales - Dragon Adventures (USA)	8af23450	4194304	Dragon Tales - Dragon Adventures (USA)
Dragon's Rock (Europe) (En,Fr,De,Es,It)	f0ca6d70	4194304	Dragon's Rock (Europe) (En,Fr,De,Es,It)
Drake & Josh (USA) (En,Fr)	63a4422e	4194304	Drake & Josh (USA) (En,Fr)
Drake & Josh (USA) (En,Fr) (Beta) (2007-01-23)	e91e21f8	4175464	Drake & Josh (USA) (En,Fr)
Drill Dozer (Europe) (En,Fr,De,Es,It) (Virtual Console)	4c09614e	8388608	Drill Dozer (USA)
Drill Dozer (USA)	e60ec183	8388608	Drill Dozer (USA)
Driv3r (Europe) (Beta 1) [b]	0a483c43	8388608	Driv3r (USA)
Driv3r (Europe) (Beta 3)	3399d79d	8388608	Driv3r (USA)
Driv3r (Europe) (En,Fr,De,Es,It)	b617b354	8388608	Driv3r (USA)
Driv3r (Europe) (En,Fr,De,Es,It) (Beta 2)	58e1f5a6	8388608	Driv3r (USA)
Driv3r (USA)	6c66cfbe	8388608	Driv3r (USA)
Driven (Europe) (En,Fr,De,Es,It)	95f2c572	4194304	Driven (USA) (En,Fr,De,Es,It)
Driven (USA) (En,Fr,De,Es,It)	f2068738	4194304	Driven (USA) (En,Fr,De,Es,It)
Driver 2 Advance (Europe) (En,Fr,De,Es,It)	69ee551c	8388608	Driver 2 Advance (USA)
Driver 2 Advance (Europe) (En,Fr,De,Es,It) (Beta 1)	2a18850c	8388608	Driver 2 Advance (USA)
Driver 2 Advance (Europe) (En,Fr,De,Es,It) (Beta 2)	b24fa448	8388608	Driver 2 Advance (USA)
Driver 2 Advance (USA)	bbe2a163	8388608	Driver 2 Advance (USA)
Drome Racers (Europe) (En,Fr,De,Da)	d6101bc0	8388608	Drome Racers (USA)
Drome Racers (USA)	ad356fb9	8388608	Drome Racers (USA)
Droopy's Tennis Open (Europe) (En,Fr,De,Es,It,Nl)	f14b65ef	4194304	Droopy's Tennis Open (Europe) (En,Fr,De,Es,It,Nl)
Droopy's Tennis Open (Europe) (En,Fr,De,Es,It,Nl) (Beta)	484e7d56	4194304	Droopy's Tennis Open (Europe) (En,Fr,De,Es,It,Nl)
Dual Blades (Japan)	522f1f51	4194304	Dual Blades (USA)
Dual Blades (USA)	aff3a0c6	4194304	Dual Blades (USA)
Duel Masters (Japan)	0c548021	8388608	Duel Masters (Japan)
Duel Masters - Kaijudo Showdown (Europe) (En,Fr,De,Es,It)	52e0aa95	16777216	Duel Masters - Kaijudo Showdown (USA)
Duel Masters - Kaijudo Showdown (Europe) (En,Fr,De,Es,It) (Beta)	84c579dd	16777216	Duel Masters - Kaijudo Showdown (USA)
Duel Masters - Kaijudo Showdown (USA)	804e5de2	8388608	Duel Masters - Kaijudo Showdown (USA)
Duel Masters - Sempai Legends (Europe) (En,Fr,De,Es,It)	2fff9ba9	8388608	Duel Masters - Sempai Legends (USA)
Duel Masters - Sempai Legends (Europe) (En,Fr,De,Es,It) (Beta)	afcb61c9	8388608	Duel Masters - Sempai Legends (USA)
Duel Masters - Sempai Legends (USA)	1ce344ca	8388608	Duel Masters - Sempai Legends (USA)
Duel Masters - Shadow of the Code (Europe) (En,Fr,De,Es,It)	9d429f3e	16777216	Duel Masters - Shadow of the Code (USA)
Duel Masters - Shadow of the Code (USA)	94d9053d	16777216	Duel Masters - Shadow of the Code (USA)
Duel Masters 2 - Invincible Advance (Japan)	4a7de98e	8388608	Duel Masters 2 - Invincible Advance (Japan)
Duel Masters 2 - Kirifuda Shoubu Ver. (Japan)	4d6a5e1d	8388608	Duel Masters 2 - Kirifuda Shoubu Ver. (Japan)
Duel Masters 3 (Japan)	d65e3e03	8388608	Duel Masters 3 (Japan)
Duel Masters 3 (Japan) (Rev 1)	d2b9cfb6	8388608	Duel Masters 3 (Japan)
Duke Nukem Advance (Europe) (En,Fr,De,It)	dc7dab56	8388608	Duke Nukem Advance (USA)
Duke Nukem Advance (USA)	06570282	8388608	Duke Nukem Advance (USA)
Duke Nukem Advance (World) (En,Fr,De,It) (Evercade)	2b077058	8388608	Duke Nukem Advance (USA)
Dungeons & Dragons - Eye of the Beholder (Europe) (En,Fr,De,Es,It)	26351555	4194304	Dungeons & Dragons - Eye of the Beholder (USA)
Dungeons & Dragons - Eye of the Beholder (Europe) (En,Fr,De,Es,It) (Beta)	60c38e52	4194304	Dungeons & Dragons - Eye of the Beholder (USA)
Dungeons & Dragons - Eye of the Beholder (USA)	91b16892	4194304	Dungeons & Dragons - Eye of the Beholder (USA)
Dynasty Warriors Advance (Europe) (En,Fr,De,Es,It)	74cdb37a	16777216	Dynasty Warriors Advance (USA)
Dynasty Warriors Advance (USA)	ad5a2a4e	16777216	Dynasty Warriors Advance (USA)
E.T. - The Extra-Terrestrial (Europe) (En,Fr,De,Es,It,Nl)	10ece4cb	4194304	E.T. - The Extra-Terrestrial (USA)
E.T. - The Extra-Terrestrial (USA)	8b082cce	4194304	E.T. - The Extra-Terrestrial (USA)
ESPN Final Round Golf (Europe)	4878bbea	8388608	ESPN Final Round Golf 2002 (USA)
ESPN Final Round Golf 2002 (USA)	c9bc75a5	8388608	ESPN Final Round Golf 2002 (USA)
ESPN Great Outdoor Games - Bass 2002 (USA)	da9d815f	8388608	ESPN Great Outdoor Games - Bass 2002 (USA)
ESPN Great Outdoor Games - Bass Tournament (Europe)	28f0a921	8388608	ESPN Great Outdoor Games - Bass 2002 (USA)
ESPN International Winter Sports (Europe)	a56afbb7	4194304	ESPN International Winter Sports 2002 (USA)
ESPN International Winter Sports 2002 (USA)	ff51a9a9	4194304	ESPN International Winter Sports 2002 (USA)
ESPN Winter X-Games Snowboarding 2 (Europe)	ce62f1f4	4194304	ESPN Winter X-Games Snowboarding 2002 (USA)
ESPN Winter X-Games Snowboarding 2002 (Japan) (En)	3c5ac0c5	4194304	ESPN Winter X-Games Snowboarding 2002 (USA)
ESPN Winter X-Games Snowboarding 2002 (USA)	de9e85bf	4194304	ESPN Winter X-Games Snowboarding 2002 (USA)
ESPN X-Games Skateboarding (Europe) (En,Fr,De,Es,It)	2c79e3d1	8388608	ESPN X-Games Skateboarding (USA)
ESPN X-Games Skateboarding (Japan) (En)	7abd7e9a	8388608	ESPN X-Games Skateboarding (USA)
ESPN X-Games Skateboarding (USA)	9766b309	8388608	ESPN X-Games Skateboarding (USA)
EX Monopoly (Japan)	916efd5b	4194304	EX Monopoly (Japan)
EX Monopoly (Japan) (Rev 1)	d45abf21	4194304	EX Monopoly (Japan)
EZ-Talk - Shokyuu Hen 1 (Japan)	d256f6f7	8388608	EZ-Talk - Shokyuu Hen 1 (Japan)
EZ-Talk - Shokyuu Hen 2 (Japan)	38d91a54	8388608	EZ-Talk - Shokyuu Hen 2 (Japan)
EZ-Talk - Shokyuu Hen 3 (Japan)	5fa07e85	8388608	EZ-Talk - Shokyuu Hen 3 (Japan)
EZ-Talk - Shokyuu Hen 4 (Japan)	0ca6dcf1	8388608	EZ-Talk - Shokyuu Hen 4 (Japan)
EZ-Talk - Shokyuu Hen 5 (Japan)	a0e8eb88	8388608	EZ-Talk - Shokyuu Hen 5 (Japan)
EZ-Talk - Shokyuu Hen 6 (Japan)	a8ab645d	8388608	EZ-Talk - Shokyuu Hen 6 (Japan)
Earthworm Jim (USA, Europe)	c4991d13	8388608	Earthworm Jim (USA, Europe)
Earthworm Jim 2 (Europe) (En,Fr,De,Es,It)	d211e8da	8388608	Earthworm Jim 2 (USA)
Earthworm Jim 2 (USA)	7496555c	8388608	Earthworm Jim 2 (USA)
Ecks V Sever (Europe) (En,Fr,De,Es,It)	af726026	8388608	Ecks vs Sever (USA) (En,Fr,De,Es,It)
Ecks vs Sever (USA) (En,Fr,De,Es,It)	86a861f1	8388608	Ecks vs Sever (USA) (En,Fr,De,Es,It)
Ecks vs. Sever II - Ballistic (Europe) (En,Fr,De,Es,It)	83297d13	8388608	Ballistic - Ecks vs. Sever (USA)
Ed, Edd n Eddy - Jawbreakers! (Europe) (En,Fr,De,Es,It)	e7f6e42f	4194304	Ed, Edd n Eddy - Jawbreakers! (USA)
Ed, Edd n Eddy - Jawbreakers! (USA)	48e5a70e	4194304	Ed, Edd n Eddy - Jawbreakers! (USA)
Ed, Edd n Eddy - Jawbreakers! (USA) (Rev 1)	315a9114	4194304	Ed, Edd n Eddy - Jawbreakers! (USA)
Ed, Edd n Eddy - The Mis-Edventures (Europe) (En,Fr)	baa13bc4	8388608	Ed, Edd n Eddy - The Mis-Edventures (USA) (En,Fr)
Ed, Edd n Eddy - The Mis-Edventures (USA) (En,Fr)	64edb487	8388608	Ed, Edd n Eddy - The Mis-Edventures (USA) (En,Fr)
Egg Mania (USA) (En,Fr,Es)	e8b15678	4194304	Egg Mania (USA) (En,Fr,Es)
Egg Mania - Tsukande! Mawashite! Dossun Puzzle!! (Japan)	4beab3ac	4194304	Egg Mania (USA) (En,Fr,Es)
Eggo Mania (Europe) (En,Fr,De,Es,It,Nl)	0b2961ce	4194304	Egg Mania (USA) (En,Fr,Es)
Eggo Mania (Europe) (En,Fr,De,Es,It,Nl) (Beta)	f4c9a628	4194304	Egg Mania (USA) (En,Fr,Es)
Elemix! (Japan)	fa28bed8	4194304	Elemix! (Japan)
Elevator Action - Old & New (Japan)	2d88526a	8388608	Elevator Action - Old & New (Japan)
Elf - The Movie (Europe) (En,Fr,De,Es,It)	1e107999	4194304	Elf - The Movie (USA) (En,Fr,De,Es,It)
Elf - The Movie (USA) (En,Fr,De,Es,It)	9a1f8165	4194304	Elf - The Movie (USA) (En,Fr,De,Es,It)
Elf Bowling 1 & 2 (USA)	68feff40	4194304	Elf Bowling 1 & 2 (USA)
Enchanted - Once Upon Andalasia (USA) (En,Fr)	af23ffff	8388608	Enchanted - Once Upon Andalasia (USA) (En,Fr)
Eragon (Europe) (En,Fr,De,Es,It)	bb05a63f	16777216	Eragon (USA)
Eragon (USA)	af8af2e8	16777216	Eragon (USA)
Erementar Gerad - Tozasareshi Uta (Japan)	8c1afca4	8388608	Erementar Gerad - Tozasareshi Uta (Japan)
Essence of War, The - Glory Days (Europe) (En,Fr,De,Es,It)	84adb2c3	4194304	Super Army War (USA)
European Super League (Europe) (En,Fr,De,Es,It)	748ad738	4194304	European Super League (Europe) (En,Fr,De,Es,It)
Exciting Bass (Japan)	ab27e52a	8388608	ESPN Great Outdoor Games - Bass 2002 (USA)
Expedition der Stachelbeeren - Zoff im Zoo (Germany)	9d60610d	4194304	Wild Thornberrys, The - Chimp Chase (USA, Europe)
Extreme Ghostbusters - Code Ecto-1 (Europe) (En,Fr,De,Es,It,Pt)	88cc876c	4194304	Extreme Ghostbusters - Code Ecto-1 (USA)
Extreme Ghostbusters - Code Ecto-1 (USA)	e434fa06	4194304	Extreme Ghostbusters - Code Ecto-1 (USA)
Extreme Skate Adventure (Europe) (Fr,De)	58594ae9	8388608	Extreme Skate Adventure (USA, Europe)
Extreme Skate Adventure (USA) (Rev 1)	7a3ef446	8388608	Extreme Skate Adventure (USA, Europe)
Extreme Skate Adventure (USA, Europe)	ad7bb7c8	8388608	Extreme Skate Adventure (USA, Europe)
Eyeshield 21 - DevilBats DevilDays (Japan)	620784af	16777216	Eyeshield 21 - DevilBats DevilDays (Japan)
F-14 Tomcat (USA, Europe)	1428fe1c	4194304	F-14 Tomcat (USA, Europe)
F-Zero - Climax (Japan)	dbdc71e3	16777216	F-Zero - Climax (Japan)
F-Zero - Climax (Japan) (Virtual Console)	13e65eb4	16777216	F-Zero - Climax (Japan)
F-Zero - Falcon Densetsu (Japan)	2446b920	16777216	F-Zero - GP Legend (USA)
F-Zero - Falcon Densetsu (Japan) (Virtual Console)	7978b706	16777216	F-Zero - GP Legend (USA)
F-Zero - GP Legend (Europe) (En,Fr,De,Es,It)	f1d5601b	16777216	F-Zero - GP Legend (USA)
F-Zero - GP Legend (Europe) (En,Fr,De,Es,It) (Virtual Console)	d9b2d53d	16777216	F-Zero - GP Legend (USA)
F-Zero - GP Legend (USA)	781aab58	16777216	F-Zero - GP Legend (USA)
F-Zero - GP Legend (USA) (Proto 1) (Netcard)	c46fd22a	16777216	F-Zero - GP Legend (USA)
F-Zero - GP Legend (USA) (Proto 10) (Netcard)	c77188b6	16777216	F-Zero - GP Legend (USA)
F-Zero - GP Legend (USA) (Proto 11) (Netcard)	d329df50	16777216	F-Zero - GP Legend (USA)
F-Zero - GP Legend (USA) (Proto 12) (Netcard)	61f9dc0e	16777216	F-Zero - GP Legend (USA)
F-Zero - GP Legend (USA) (Proto 13) (Netcard)	26358b01	16777216	F-Zero - GP Legend (USA)
F-Zero - GP Legend (USA) (Proto 2) (Netcard)	debc0acb	16777216	F-Zero - GP Legend (USA)
F-Zero - GP Legend (USA) (Proto 3) (Netcard)	7ec47244	16777216	F-Zero - GP Legend (USA)
F-Zero - GP Legend (USA) (Proto 4) (Netcard)	aa522f27	16777216	F-Zero - GP Legend (USA)
F-Zero - GP Legend (USA) (Proto 5) (Netcard)	e73c5f4a	16777216	F-Zero - GP Legend (USA)
F-Zero - GP Legend (USA) (Proto 6) (Netcard)	27c8a067	16777216	F-Zero - GP Legend (USA)
F-Zero - GP Legend (USA) (Proto 7) (Netcard)	6f7486d7	16777216	F-Zero - GP Legend (USA)
F-Zero - GP Legend (USA) (Proto 8) (Netcard)	4d224e17	16777216	F-Zero - GP Legend (USA)
F-Zero - GP Legend (USA) (Proto 9) (Netcard)	77c0c615	16777216	F-Zero - GP Legend (USA)
F-Zero - GP Legend (USA) (Virtual Console)	9075c6fd	16777216	F-Zero - GP Legend (USA)
F-Zero - Maximum Velocity (USA, Europe)	bd5e9798	4194304	F-Zero - Maximum Velocity (USA, Europe)
F-Zero - Maximum Velocity (USA, Europe) (Virtual Console)	4b5f1cdd	4194304	F-Zero - Maximum Velocity (USA, Europe)
F-Zero for Game Boy Advance (Japan)	25e3fc9a	4194304	F-Zero - Maximum Velocity (USA, Europe)
F-Zero for Game Boy Advance (Japan) (Virtual Console)	d3cc19cc	4194304	F-Zero - Maximum Velocity (USA, Europe)
F1 2002 (Europe) (En,Fr,De,Es,It)	aac551fd	4194304	F1 2002 (USA, Europe)
F1 2002 (USA, Europe)	7dd20f33	4194304	F1 2002 (USA, Europe)
F24 Stealth Fighter (USA)	9387ea7c	4194304	F24 Stealth Fighter (USA)
FIFA Soccer 06 (USA, Europe) (En,Fr,De,Es,It,Nl)	be4c3cb1	8388608	FIFA Soccer 06 (USA, Europe) (En,Fr,De,Es,It,Nl)
FIFA Soccer 07 (USA, Europe) (En,Fr,De,Es)	d8c7553b	8388608	FIFA Soccer 07 (USA, Europe) (En,Fr,De,Es)
FIFA Soccer 2003 (USA, Europe) (En,Fr,De,Es,It)	81f58837	4194304	FIFA Soccer 2003 (USA, Europe) (En,Fr,De,Es,It)
FIFA Soccer 2004 (USA, Europe) (En,Fr,De,Es,It)	1abbc24f	8388608	FIFA Soccer 2004 (USA, Europe) (En,Fr,De,Es,It)
FIFA Soccer 2005 (USA, Europe) (En,Fr,De,Es,It,Nl)	da90f396	8388608	FIFA Soccer 2005 (USA, Europe) (En,Fr,De,Es,It,Nl)
FILA Decathlon (Europe) (Beta)	07434e3a	4194304	FILA Decathlon (Europe) (En,Fr,De,Es,It,Sv)
FILA Decathlon (Europe) (En,Fr,De,Es,It,Sv)	628355b5	4194304	FILA Decathlon (Europe) (En,Fr,De,Es,It,Sv)
Fairly OddParents!, The - Breakin' da Rules (USA)	9bf9ca2f	4194304	Fairly OddParents!, The - Breakin' da Rules (USA)
Fairly OddParents!, The - Clash with the Anti-World (Europe) (En,De,Es,Nl)	91e7ba6c	4194304	Fairly OddParents!, The - Clash with the Anti-World (USA)
Fairly OddParents!, The - Clash with the Anti-World (USA)	6fd773cd	4194304	Fairly OddParents!, The - Clash with the Anti-World (USA)
Fairly OddParents!, The - Enter the Cleft (USA)	b0533f41	4194304	Fairly OddParents!, The - Enter the Cleft (USA)
Fairly OddParents!, The - Shadow Showdown (Europe)	23188cb3	4194304	Fairly OddParents!, The - Shadow Showdown (USA)
Fairly OddParents!, The - Shadow Showdown (USA)	ba72e185	4194304	Fairly OddParents!, The - Shadow Showdown (USA)
Famicom Mini - Dai-2-ji Super Robot Taisen (Japan) (Promo)	3ebb082a	1048576	Famicom Mini - Dai-2-ji Super Robot Taisen (Japan) (Promo)
Famicom Mini - Kidou Senshi Z Gundam - Hot Scramble (Japan) (Promo)	07a73d0a	1048576	Famicom Mini - Kidou Senshi Z Gundam - Hot Scramble (Japan) (Promo)
Famicom Mini 01 - Super Mario Bros. (Japan) (En) (Rev 1)	cd2604dd	1048576	Classic NES Series - Super Mario Bros. (USA, Europe)
Famicom Mini 02 - Donkey Kong (Japan) (En)	071c3f2b	1048576	Classic NES Series - Donkey Kong (USA, Europe)
Famicom Mini 03 - Ice Climber (Japan) (En)	d0aef472	1048576	Classic NES Series - Ice Climber (USA, Europe)
Famicom Mini 04 - Excitebike (Japan) (En)	32604c95	1048576	Classic NES Series - Excitebike (USA, Europe)
Famicom Mini 05 - Zelda no Densetsu 1 - The Hyrule Fantasy (Japan)	712d76e8	1048576	Classic NES Series - The Legend of Zelda (USA, Europe)
Famicom Mini 06 - Pac-Man (Japan) (En)	91acf642	1048576	Classic NES Series - Pac-Man (USA, Europe)
Famicom Mini 07 - Xevious (Japan) (En)	f54eeb0e	1048576	Classic NES Series - Xevious (USA, Europe)
Famicom Mini 08 - Mappy (Japan) (En)	c29e4a08	1048576	Famicom Mini 08 - Mappy (Japan) (En)
Famicom Mini 09 - Bomberman (Japan) (En)	c1116e40	1048576	Classic NES Series - Bomberman (USA, Europe)
Famicom Mini 10 - Star Soldier (Japan) (En)	1e23bad4	1048576	Famicom Mini 10 - Star Soldier (Japan) (En)
Famicom Mini 11 - Mario Bros. (Japan)	42a027ab	1048576	Famicom Mini 11 - Mario Bros. (Japan)
Famicom Mini 12 - Clu Clu Land (Japan)	8b3219fe	1048576	Famicom Mini 12 - Clu Clu Land (Japan)
Famicom Mini 13 - Balloon Fight (Japan)	a01f014a	1048576	Famicom Mini 13 - Balloon Fight (Japan)
Famicom Mini 14 - Wrecking Crew (Japan)	adac99bd	1048576	Famicom Mini 14 - Wrecking Crew (Japan)
Famicom Mini 15 - Dr. Mario (Japan)	c836f2e2	1048576	Classic NES Series - Dr. Mario (USA, Europe)
Famicom Mini 16 - Dig Dug (Japan)	ee4c3504	1048576	Famicom Mini 16 - Dig Dug (Japan)
Famicom Mini 17 - Takahashi Meijin no Bouken-jima (Japan)	53286f51	1048576	Famicom Mini 17 - Takahashi Meijin no Bouken-jima (Japan)
Famicom Mini 18 - Makaimura (Japan)	8a7964ca	1048576	Famicom Mini 18 - Makaimura (Japan)
Famicom Mini 19 - Twin Bee (Japan)	2f390212	1048576	Famicom Mini 19 - Twin Bee (Japan)
Famicom Mini 20 - Ganbare Goemon! - Karakuri Douchuu (Japan)	33196b58	1048576	Famicom Mini 20 - Ganbare Goemon! - Karakuri Douchuu (Japan)
Famicom Mini 21 - Super Mario Bros. 2 (Japan)	ef18f7b2	1048576	Famicom Mini 21 - Super Mario Bros. 2 (Japan)
Famicom Mini 22 - Nazo no Murasame Jou (Japan)	8233349c	4194304	Famicom Mini 22 - Nazo no Murasame Jou (Japan)
Famicom Mini 23 - Metroid (Japan)	abeccdab	4194304	Classic NES Series - Metroid (USA, Europe)
Famicom Mini 24 - Hikari Shinwa - Palthena no Kagami (Japan)	f311edac	4194304	Famicom Mini 24 - Hikari Shinwa - Palthena no Kagami (Japan)
Famicom Mini 25 - The Legend of Zelda 2 - Link no Bouken (Japan)	1cbe712a	4194304	Classic NES Series - Zelda II - The Adventure of Link (USA, Europe)
Famicom Mini 26 - Famicom Mukashibanashi - Shin Onigashima - Zen, Kouhen (Japan)	63b51337	4194304	Famicom Mini 26 - Famicom Mukashibanashi - Shin Onigashima - Zen, Kouhen (Japan)
Famicom Mini 27 - Famicom Tantei Club - Kieta Koukeisha - Zen, Kouhen (Japan)	3cf43405	4194304	Famicom Mini 27 - Famicom Tantei Club - Kieta Koukeisha - Zen, Kouhen (Japan)
Famicom Mini 28 - Famicom Tantei Club Part II - Ushiro ni Tatsu Shoujo - Zen, Kouhen (Japan)	75e1b220	4194304	Famicom Mini 28 - Famicom Tantei Club Part II - Ushiro ni Tatsu Shoujo - Zen, Kouhen (Japan)
Famicom Mini 29 - Akumajou Dracula (Japan)	11419d8b	1048576	Classic NES Series - Castlevania (USA)
Famicom Mini 30 - SD Gundam World - Gachapon Senshi Scramble Wars (Japan)	ba78d1ee	1048576	Famicom Mini 30 - SD Gundam World - Gachapon Senshi Scramble Wars (Japan)
Famille Delajungle, La - A la Poursuite de Darwin (France)	f344d661	4194304	Wild Thornberrys, The - Chimp Chase (USA, Europe)
Famille Delajungle, La - Le Film (France)	afa71c84	4194304	Wild Thornberrys Movie, The (USA, Europe)
Family Feud (USA)	ec36a3df	4194304	Family Feud (USA)
Family Tennis Advance (Japan)	bb43c681	4194304	Family Tennis Advance (Japan)
Famista Advance (Japan)	f7a58ae8	4194304	Famista Advance (Japan)
Fancy Pocket (Japan)	a29a50e7	4194304	Fancy Pocket (Japan)
Fanqiejiang Wangguo Da Maoxian (China) (Proto)	5116a665	8388608	Tomato Adventure (Japan)
Fantastic 4 (Europe)	b30ae33d	16777216	Fantastic 4 (USA)
Fantastic 4 (Europe) (Fr,De,Es,Nl)	88643de0	16777216	Fantastic 4 (USA)
Fantastic 4 (USA)	ff2c6ea9	16777216	Fantastic 4 (USA)
Fantastic 4 - Flame On (Europe) (En,Fr,Es,It)	671957af	8388608	Fantastic 4 - Flame On (USA)
Fantastic 4 - Flame On (USA)	ddde4295	8388608	Fantastic 4 - Flame On (USA)
Fantastic Children (Japan)	fefe25be	8388608	Fantastic Children (Japan)
Fantastic Maerchen - Cake-ya-san Monogatari + Doubutsu Chara Navi Uranai - Kosei Shinri Gaku (Japan)	ec60d573	8388608	Fantastic Maerchen - Cake-ya-san Monogatari + Doubutsu Chara Navi Uranai - Kosei Shinri Gaku (Japan)
Fantastici 4, I (Italy)	5d4645e1	16777216	Fantastic 4 (USA)
Fear Factor - Unleashed (USA)	bf91c27d	8388608	Fear Factor - Unleashed (USA)
Field of Nine - Digital Edition 2001 (Japan)	4fd9c349	8388608	Field of Nine - Digital Edition 2001 (Japan)
FightBox (Europe)	928b4e05	4194304	FightBox (Europe)
Final Fantasy I & II - Dawn of Souls (Europe) (En,Fr,De,Es,It)	7c9854c6	16777216	Final Fantasy I & II - Dawn of Souls (USA)
Final Fantasy I & II - Dawn of Souls (USA)	1b39cdab	16777216	Final Fantasy I & II - Dawn of Souls (USA)
Final Fantasy I, II Advance (Japan) (Rev 1)	0f3bd723	16777216	Final Fantasy I & II - Dawn of Souls (USA)
Final Fantasy I, II Advance (Japan) (Rev 1) (Virtual Console)	2c58c9c1	16777216	Final Fantasy I & II - Dawn of Souls (USA)
Final Fantasy IV Advance (Europe) (En,Fr,De,Es,It)	27f2bc67	8388608	Final Fantasy IV Advance (USA)
Final Fantasy IV Advance (Japan)	17036e02	8388608	Final Fantasy IV Advance (USA)
Final Fantasy IV Advance (Japan) (Rev 1)	80f1133b	8388608	Final Fantasy IV Advance (USA)
Final Fantasy IV Advance (Japan) (Rev 1) (Virtual Console)	a68de435	8388608	Final Fantasy IV Advance (USA)
Final Fantasy IV Advance (USA)	feeebde4	8388608	Final Fantasy IV Advance (USA)
Final Fantasy Tactics Advance (Europe) (En,Fr,De,Es,It)	ba5de047	16777216	Final Fantasy Tactics Advance (USA)
Final Fantasy Tactics Advance (Europe) (En,Fr,De,Es,It) (Virtual Console)	4a8d2c39	16777216	Final Fantasy Tactics Advance (USA)
Final Fantasy Tactics Advance (Japan)	a57b0034	16777216	Final Fantasy Tactics Advance (USA)
Final Fantasy Tactics Advance (Japan) (Virtual Console)	ee31422a	16777216	Final Fantasy Tactics Advance (USA)
Final Fantasy Tactics Advance (USA)	5645e56c	16777216	Final Fantasy Tactics Advance (USA)
Final Fantasy Tactics Advance (USA) (Virtual Console)	5964df89	16777216	Final Fantasy Tactics Advance (USA)
Final Fantasy V Advance (Europe) (En,Fr,De,Es,It)	7197117e	16777216	Final Fantasy V Advance (USA)
Final Fantasy V Advance (Japan)	fc7909a7	8388608	Final Fantasy V Advance (USA)
Final Fantasy V Advance (Japan) (Virtual Console)	bb4a2de0	8388608	Final Fantasy V Advance (USA)
Final Fantasy V Advance (USA)	7a24ab0c	8388608	Final Fantasy V Advance (USA)
Final Fantasy VI Advance (Europe) (En,Fr,De,Es,It)	d15deba5	16777216	Final Fantasy VI Advance (USA)
Final Fantasy VI Advance (Japan)	d67478fe	8388608	Final Fantasy VI Advance (USA)
Final Fantasy VI Advance (Japan) (Virtual Console)	c8d9aacb	8388608	Final Fantasy VI Advance (USA)
Final Fantasy VI Advance (USA)	d708f5ab	8388608	Final Fantasy VI Advance (USA)
Final Fight One (Europe)	9dd5e6fa	4194304	Final Fight One (USA)
Final Fight One (Europe) (Virtual Console)	7ff0a5cf	4194304	Final Fight One (USA)
Final Fight One (Japan)	c9e5e223	4194304	Final Fight One (USA)
Final Fight One (Japan) (Virtual Console)	ec930569	4194304	Final Fight One (USA)
Final Fight One (USA)	052c9997	4194304	Final Fight One (USA)
Final Fight One (USA) (Virtual Console)	df77dad2	4194304	Final Fight One (USA)
Final Fire Pro Wrestling - Yume no Dantai Unei! (Japan)	a0093822	16777216	Fire Pro Wrestling 2 (USA)
Final Fire Pro Wrestling - Yume no Dantai Unei! (Japan) (Rev 1)	3f98600b	16777216	Fire Pro Wrestling 2 (USA)
Findet Nemo (Germany)	6b6b0908	8388608	Finding Nemo (USA, Europe)
Findet Nemo (Germany) (Beta)	92197fbb	8388608	Finding Nemo (USA, Europe)
Finding Nemo (Europe) (Es,It)	3e6f4f03	8388608	Finding Nemo (USA, Europe)
Finding Nemo (Europe) (Fr,Nl)	269af7dd	8388608	Finding Nemo (USA, Europe)
Finding Nemo (Japan)	f895ba2d	8388608	Finding Nemo (USA, Europe)
Finding Nemo (USA, Europe)	3b098667	8388608	Finding Nemo (USA, Europe)
Finding Nemo - Aratanaru Bouken (Japan)	4c77eda6	4194304	Finding Nemo - The Continuing Adventures (USA, Europe)
Finding Nemo - The Continuing Adventures (Europe) (En,Es,It,Sv,Da)	45bc9c37	4194304	Finding Nemo - The Continuing Adventures (USA, Europe)
Finding Nemo - The Continuing Adventures (Europe) (Fr,De,Nl)	1e8cefe9	4194304	Finding Nemo - The Continuing Adventures (USA, Europe)
Finding Nemo - The Continuing Adventures (USA, Europe)	4f9aca4f	4194304	Finding Nemo - The Continuing Adventures (USA, Europe)
Fire Eaters - Zero Bandits (Europe) (Demo)	8698f50a	8388608	Black Belt Challenge (Europe)
Fire Emblem (Europe) (En,Es,It)	9decc754	16777216	Fire Emblem (USA, Australia)
Fire Emblem (Europe) (En,Es,It) (Virtual Console)	93d3b218	16777216	Fire Emblem (USA, Australia)
Fire Emblem (Europe) (En,Fr,De)	4a805ed1	16777216	Fire Emblem (USA, Australia)
Fire Emblem (Europe) (En,Fr,De) (Virtual Console)	335c5855	16777216	Fire Emblem (USA, Australia)
Fire Emblem (USA) (Virtual Console)	1b8713c7	16777216	Fire Emblem (USA, Australia)
Fire Emblem (USA, Australia)	2a524221	16777216	Fire Emblem (USA, Australia)
Fire Emblem - Fuuin no Tsurugi (Japan)	d38763e1	8388608	Fire Emblem - Fuuin no Tsurugi (Japan)
Fire Emblem - Fuuin no Tsurugi (Japan) (Virtual Console)	f8af3359	8388608	Fire Emblem - Fuuin no Tsurugi (Japan)
Fire Emblem - Rekka no Ken (Japan)	f0c10e72	16777216	Fire Emblem (USA, Australia)
Fire Emblem - Rekka no Ken (Japan) (Beta 1)	b40d6854	16777216	Fire Emblem (USA, Australia)
Fire Emblem - Rekka no Ken (Japan) (Beta 2)	8146a270	16777216	Fire Emblem (USA, Australia)
Fire Emblem - Rekka no Ken (Japan) (Virtual Console)	0ba2fd1f	16777216	Fire Emblem (USA, Australia)
Fire Emblem - Seima no Kouseki (Japan)	9d76826f	16777216	Fire Emblem - The Sacred Stones (USA, Australia)
Fire Emblem - Seima no Kouseki (Japan) (Beta)	cd9d8972	16777216	Fire Emblem - The Sacred Stones (USA, Australia)
Fire Emblem - Seima no Kouseki (Japan) (Virtual Console)	d2b431f8	16777216	Fire Emblem - The Sacred Stones (USA, Australia)
Fire Emblem - The Sacred Stones (Europe) (En,Fr,De,Es,It)	b3005195	33554432	Fire Emblem - The Sacred Stones (USA, Australia)
Fire Emblem - The Sacred Stones (Europe) (En,Fr,De,Es,It) (Virtual Console)	2653401a	33554432	Fire Emblem - The Sacred Stones (USA, Australia)
Fire Emblem - The Sacred Stones (USA) (Virtual Console)	dea3b767	16777216	Fire Emblem - The Sacred Stones (USA, Australia)
Fire Emblem - The Sacred Stones (USA, Australia)	a47246ae	16777216	Fire Emblem - The Sacred Stones (USA, Australia)
Fire Pro Wrestling (USA, Europe)	12aa524c	8388608	Fire Pro Wrestling (USA, Europe)
Fire Pro Wrestling 2 (USA)	b9cfc1d3	8388608	Fire Pro Wrestling 2 (USA)
Fire Pro Wrestling A (Japan)	0bb47e83	8388608	Fire Pro Wrestling (USA, Europe)
Flashback Legends (France) (Proto)	eb33477d	3955244	Flashback Legends (France) (Proto)
Flintstones, The - Big Trouble in Bedrock (Europe) (En,Fr,De,Es,It)	39782c26	4194304	Flintstones, The - Big Trouble in Bedrock (USA)
Flintstones, The - Big Trouble in Bedrock (USA)	3b09694b	4194304	Flintstones, The - Big Trouble in Bedrock (USA)
Flushed Away (Europe) (En,Fr,De,Es,It)	62e435de	16777216	Flushed Away (USA)
Flushed Away (USA)	0ed5df4b	8388608	Flushed Away (USA)
Ford Racing 3 (Europe) (En,Fr,De,Es,It)	94e3d277	4194304	Ford Racing 3 (USA)
Ford Racing 3 (USA)	56d38756	4194304	Ford Racing 3 (USA)
Formation Soccer 2002 (Japan)	47f663a0	4194304	Formation Soccer 2002 (Japan)
Fortress (USA, Europe)	bee67855	4194304	Fortress (USA, Europe)
Foster's Home for Imaginary Friends (Europe)	dee47a85	4194304	Foster's Home for Imaginary Friends (USA)
Foster's Home for Imaginary Friends (USA)	d7c80592	4194304	Foster's Home for Imaginary Friends (USA)
Frank Herbert's Dune - Ornithopter Assault (Europe) (En,Fr,De,Es,It) (Proto)	298d627b	4194304	Frank Herbert's Dune - Ornithopter Assault (Europe) (En,Fr,De,Es,It) (Proto)
Franklin the Turtle (Europe) (En,Fr,De,Es,It,Sv,No,Da,Fi) (Rev 2)	a0952cd0	4194304	Franklin the Turtle (USA) (En,Fr,De,Es,It,Sv,No,Da,Fi)
Franklin the Turtle (Europe) (En,Fr,De,It,Sv,No,Da,Fi)	17c48263	4194304	Franklin the Turtle (USA) (En,Fr,De,Es,It,Sv,No,Da,Fi)
Franklin the Turtle (Europe) (En,Fr,De,It,Sv,No,Da,Fi) (Rev 1)	1a2f7ee6	4194304	Franklin the Turtle (USA) (En,Fr,De,Es,It,Sv,No,Da,Fi)
Franklin the Turtle (USA) (En,Fr,De,Es,It,Sv,No,Da,Fi)	9bb561a8	4194304	Franklin the Turtle (USA) (En,Fr,De,Es,It,Sv,No,Da,Fi)
Franklin's Great Adventures (Europe) (En,Fr,De,Es,It,Nl,Pt,Da)	22e65767	4194304	Franklin's Great Adventures (USA) (En,Fr,Es)
Franklin's Great Adventures (USA) (En,Fr,Es)	7fbf8e98	4194304	Franklin's Great Adventures (USA) (En,Fr,Es)
Freekstyle (Europe) (En,Fr,De,Es,It)	96871a23	8388608	Freekstyle (USA)
Freekstyle (Europe) (En,Fr,De,Es,It) (Beta)	211dfd7f	8388608	Freekstyle (USA)
Freekstyle (USA)	72434345	8388608	Freekstyle (USA)
Freestyle Scooter (Europe)	0187988f	4194304	Razor Freestyle Scooter (USA)
Frogger - Kodaibunmei no Nazo (Japan)	6853109b	8388608	Frogger's Journey - The Forgotten Relic (USA)
Frogger - Mahou no Kuni no Daibouken (Japan)	b1ef7532	8388608	Frogger's Adventures 2 - The Lost Wand (USA) (En,Es)
Frogger Advance - The Great Quest (Europe) (En,Fr,De,Es,It)	8873bd29	8388608	Frogger Advance - The Great Quest (USA)
Frogger Advance - The Great Quest (USA)	b75782c9	8388608	Frogger Advance - The Great Quest (USA)
Frogger's Adventures - Temple of the Frog (Europe) (En,Fr,De,Es,It)	9f8d58aa	4194304	Frogger's Adventures - Temple of the Frog (USA) (En,Fr,De,Es,It)
Frogger's Adventures - Temple of the Frog (USA) (En,Fr,De,Es,It)	2eb9eee6	4194304	Frogger's Adventures - Temple of the Frog (USA) (En,Fr,De,Es,It)
Frogger's Adventures 2 - The Lost Wand (Europe) (En,Fr,De,Es,It)	8acd3afc	8388608	Frogger's Adventures 2 - The Lost Wand (USA) (En,Es)
Frogger's Adventures 2 - The Lost Wand (USA) (En,Es)	27b95c01	8388608	Frogger's Adventures 2 - The Lost Wand (USA) (En,Es)
Frogger's Journey - The Forgotten Relic (USA)	6f8bfdbc	8388608	Frogger's Journey - The Forgotten Relic (USA)
From TV Animation One Piece - Mezase! King of Berry (Japan)	e6f5bdd5	8388608	From TV Animation One Piece - Mezase! King of Berry (Japan)
From TV Animation One Piece - Mezase! King of Berry (Japan) (Beta)	4e63dce0	8388608	From TV Animation One Piece - Mezase! King of Berry (Japan)
From TV Animation One Piece - Nanatsu-jima no Daihihou (Japan)	fd4ce9c8	8388608	From TV Animation One Piece - Nanatsu-jima no Daihihou (Japan)
Frontier Stories (Japan)	4d6bf573	8388608	CIMA - The Enemy (USA)
Fruits Mura no Doubutsu-tachi (Japan)	ebf89b0d	8388608	Fruits Mura no Doubutsu-tachi (Japan)
Fruits Mura no Doubutsu-tachi (Japan) (Rev 1)	aa14b198	8388608	Fruits Mura no Doubutsu-tachi (Japan)
Fruits Mura no Doubutsu-tachi (Japan) (Rev 2)	195d7ea7	8388608	Fruits Mura no Doubutsu-tachi (Japan)
Fushigi no Kuni no Alice (Japan)	2cda40e1	4194304	Fushigi no Kuni no Alice (Japan)
Fushigi no Kuni no Angelique (Japan)	803fc474	4194304	Fushigi no Kuni no Angelique (Japan)
Futari wa Pretty Cure - Arienaai! Yume no Sono wa Daimeikyuu (Japan)	6026eecd	4194304	Futari wa Pretty Cure - Arienaai! Yume no Sono wa Daimeikyuu (Japan)
Futari wa Pretty Cure Max Heart - Maji Maji! Fight de IN Janai (Japan)	541c18f9	8388608	Futari wa Pretty Cure Max Heart - Maji Maji! Fight de IN Janai (Japan)
Fuzz & Rocket (USA) (Proto)	fd239437	4124984	Fuzz & Rocket (USA) (Proto)
GP-1 Racing (USA) (Proto)	4851b490	2097152	GP-1 Racing (USA) (Proto)
GT Advance - Championship Racing (USA, Europe)	8c411acc	8388608	GT Advance - Championship Racing (USA, Europe)
GT Advance 2 - Rally Racing (Europe)	73411578	8388608	GT Advance 2 - Rally Racing (USA)
GT Advance 2 - Rally Racing (USA)	f335db88	8388608	GT Advance 2 - Rally Racing (USA)
GT Advance 3 - Pro Concept Racing (Europe)	03898e7f	8388608	GT Advance 3 - Pro Concept Racing (USA)
GT Advance 3 - Pro Concept Racing (USA)	0a331e11	8388608	GT Advance 3 - Pro Concept Racing (USA)
GT Championship (Europe)	e92ec7aa	4194304	Top Gear GT Championship (USA)
GT Racers (Europe) (Beta 1)	e027657a	362512	GT Racers (Europe) (En,Fr,De,Es,It)
GT Racers (Europe) (Beta 2)	a0f745a0	2619992	GT Racers (Europe) (En,Fr,De,Es,It)
GT Racers (Europe) (En,Fr,De,Es,It)	94484f17	4194304	GT Racers (Europe) (En,Fr,De,Es,It)
Gachasute! Dino Device - Blue (Japan)	eb9f6f11	8388608	Gachasute! Dino Device - Blue (Japan)
Gachasute! Dino Device - Red (Japan)	dda5ec5e	8388608	Gachasute! Dino Device - Red (Japan)
Gachasute! Dino Device 2 - Dragon (Japan)	a63dfd2c	4194304	Gachasute! Dino Device 2 - Dragon (Japan)
Gachasute! Dino Device 2 - Phoenix (Japan)	67e21bfe	4194304	Gachasute! Dino Device 2 - Phoenix (Japan)
Gachinko Pro Yakyuu (Japan)	81de0c16	8388608	Gachinko Pro Yakyuu (Japan)
Gadget Racers (Europe) (En,Fr,De)	d2bc5027	8388608	Shifting Gears - Road Trip (USA)
Gadget Racers (USA)	95dd156a	4194304	Gadget Racers (USA)
Gakkou no Kaidan - Hyakuyoubako no Fuuin (Japan)	5847a906	8388608	Gakkou no Kaidan - Hyakuyoubako no Fuuin (Japan)
Gakkou o Tsukurou!! Advance (Japan)	6eb70422	8388608	Gakkou o Tsukurou!! Advance (Japan)
Gakuen Alice - Dokidoki Fushigi Taiken (Japan)	aab51f8c	8388608	Gakuen Alice - Dokidoki Fushigi Taiken (Japan)
Gakuen Alice - Dokidoki Fushigi Taiken (Japan) (Rev 1)	8cb61158	8388608	Gakuen Alice - Dokidoki Fushigi Taiken (Japan)
Gakuen Senki Muryou (Japan)	82983321	8388608	Gakuen Senki Muryou (Japan)
Galaxy Angel Game Boy Advance - Moridakusan Tenshi no Full-Course - Okawari Jiyuu (Japan)	b99e2333	16777216	Galaxy Angel Game Boy Advance - Moridakusan Tenshi no Full-Course - Okawari Jiyuu (Japan)
Galidor - Defenders of the Outer Dimension (USA) (En,Fr,De,Es,It,Nl,Sv,Da)	4d8f49f9	4194304	Galidor - Defenders of the Outer Dimension (USA) (En,Fr,De,Es,It,Nl,Sv,Da)
Gambler Densetsu Tetsuya - Yomigaeru Densetsu (Japan)	8a879018	8388608	Gambler Densetsu Tetsuya - Yomigaeru Densetsu (Japan)
Game & Watch Gallery 4 (USA)	7e90cea2	4194304	Game & Watch Gallery 4 (USA)
Game & Watch Gallery 4 (USA) (Virtual Console)	0a517352	4194304	Game & Watch Gallery 4 (USA)
Game & Watch Gallery Advance (Europe)	85c837af	4194304	Game & Watch Gallery 4 (USA)
Game & Watch Gallery Advance (Europe) (Virtual Console)	f1098a5f	4194304	Game & Watch Gallery 4 (USA)
Game Boy Gallery 4 (Japan) (Virtual Console)	11cfc797	4194304	Game & Watch Gallery 4 (USA)
Game Boy Wars Advance 1+2 (Japan)	49ee1fdd	16777216	Game Boy Wars Advance 1+2 (Japan)
Game Boy Wars Advance 1+2 (Japan) (Virtual Console)	f8d3b3c6	16777216	Game Boy Wars Advance 1+2 (Japan)
Games Explosion! (USA)	68d63d5f	4194304	Games Explosion! (USA)
Ganbare! Dodge Fighters (Japan)	276e5814	4194304	Ganbare! Dodge Fighters (Japan)
Gang del Bosco, La (Italy)	52a5b59d	8388608	Over the Hedge (USA)
Garfield - The Search for Pooky (Europe) (En,Fr,De,Es,It) (Rev 2)	0c3aa538	8388608	Garfield - The Search for Pooky (USA) (En,Fr,De,Es,It)
Garfield - The Search for Pooky (Europe) (En,Fr,De,It)	ce9291f1	16777216	Garfield - The Search for Pooky (USA) (En,Fr,De,Es,It)
Garfield - The Search for Pooky (Europe) (En,Fr,De,It) (Rev 1)	387eb638	8388608	Garfield - The Search for Pooky (USA) (En,Fr,De,Es,It)
Garfield - The Search for Pooky (USA) (En,Fr,De,Es,It)	76035741	8388608	Garfield - The Search for Pooky (USA) (En,Fr,De,Es,It)
Garfield and His Nine Lives (Europe) (En,Fr,De,Es,It,Nl)	f0ba1a8e	4194304	Garfield and His Nine Lives (USA) (En,Fr,Es)
Garfield and His Nine Lives (USA) (En,Fr,Es)	d442f13d	4194304	Garfield and His Nine Lives (USA) (En,Fr,Es)
Gauntlet - Dark Legacy (USA)	e99de964	8388608	Gauntlet - Dark Legacy (USA)
Gegege no Kitarou - Kikiippatsu! Youkai Rettou (Japan)	7f2b2657	16777216	Gegege no Kitarou - Kikiippatsu! Youkai Rettou (Japan)
Gekido Advance - Kintaro's Revenge (Europe) (En,Fr,De,Es,It)	2fb5b819	8388608	Gekido Advance - Kintaro's Revenge (USA)
Gekido Advance - Kintaro's Revenge (USA)	6bbc5f4d	8388608	Gekido Advance - Kintaro's Revenge (USA)
Gekitou Densetsu Noah - Dream Management (Japan)	3e04fdc7	8388608	Gekitou Densetsu Noah - Dream Management (Japan)
Gekitou! Car Battler Go!! (Japan)	321b19b6	8388608	Car Battler Joe (USA)
Gem Smashers (USA)	2eb60177	4194304	Gem Smashers (USA)
Genseishin Justirisers - Souchaku! Hoshi no Senshi-tachi (Japan)	580a00a5	16777216	Genseishin Justirisers - Souchaku! Hoshi no Senshi-tachi (Japan)
Gensou Maden Saiyuuki - Hangyaku no Toushin-taishi (Japan)	1dfbd741	8388608	Gensou Maden Saiyuuki - Hangyaku no Toushin-taishi (Japan)
Gensou Suikoden - Card Stories (Japan)	5e67aab4	4194304	Gensou Suikoden - Card Stories (Japan)
Get Ride! Amdriver - Senkou no Hero Tanjou! (Japan)	9cf6887c	16777216	Get Ride! Amdriver - Senkou no Hero Tanjou! (Japan)
Get Ride! Amdriver - Shutsugeki! Battle Party (Japan)	66d6e299	16777216	Get Ride! Amdriver - Shutsugeki! Battle Party (Japan)
Get! - Boku no Mushi Tsukamaete (Japan)	41ea70a3	8388608	Get! - Boku no Mushi Tsukamaete (Japan)
GetBackers Dakkanya - Jagan Fuuin! (Japan)	205c9f56	16777216	GetBackers Dakkanya - Jagan Fuuin! (Japan)
GetBackers Dakkanya - Jigoku no Scaramouche (Japan)	c0a0a979	4194304	GetBackers Dakkanya - Jigoku no Scaramouche (Japan)
GetBackers Dakkanya - Metropolis Dakkan Sakusen! (Japan)	91dad468	8388608	GetBackers Dakkanya - Metropolis Dakkan Sakusen! (Japan)
Ghost Rider (USA, Europe) (En,Fr,De,Es,It,Nl)	cf190f2e	8388608	Ghost Rider (USA, Europe) (En,Fr,De,Es,It,Nl)
Ghost Trap (Japan)	81ea54e2	8388608	Ghost Trap (Japan)
Global Star - Sudoku Fever (Europe) (En,Fr,De,Es,It)	383cf600	4194304	Global Star - Sudoku Fever (USA)
Global Star - Sudoku Fever (USA)	51a42f19	4194304	Global Star - Sudoku Fever (USA)
Go! Go! Beckham! - Adventure on Soccer Island (Europe) (En,Fr,De,Es,It)	dff3e861	4194304	Go! Go! Beckham! - Adventure on Soccer Island (Europe) (En,Fr,De,Es,It)
Godzilla - Domination! (Europe) (En,Fr,De,Es,It)	7c43545e	4194304	Godzilla - Domination! (USA)
Godzilla - Domination! (USA)	eade083f	4194304	Godzilla - Domination! (USA)
Goemon - New Age Shutsudou! (Japan)	86d6c574	4194304	Goemon - New Age Shutsudou! (Japan)
Gojira - Kaijuu Dairantou Advance (Japan)	3157a4fc	4194304	Godzilla - Domination! (USA)
Golden Nugget Casino (USA, Europe)	56b9e9e1	4194304	Golden Nugget Casino (USA, Europe)
Golden Sun (France)	f6521161	8388608	Golden Sun (USA, Europe)
Golden Sun (Germany)	1053dce4	8388608	Golden Sun (USA, Europe)
Golden Sun (Italy)	f3128812	8388608	Golden Sun (USA, Europe)
Golden Sun (Spain)	c63008d6	8388608	Golden Sun (USA, Europe)
Golden Sun (USA, Europe)	e1fb68e8	8388608	Golden Sun (USA, Europe)
Golden Sun - Die Vergessene Epoche (Germany)	d981d889	16777216	Golden Sun - The Lost Age (USA, Europe)
Golden Sun - L'Age Perdu (France)	1090bd33	16777216	Golden Sun - The Lost Age (USA, Europe)
Golden Sun - L'Era Perduta (Italy)	a3e49743	16777216	Golden Sun - The Lost Age (USA, Europe)
Golden Sun - La Edad Perdida (Spain)	ee38ba94	16777216	Golden Sun - The Lost Age (USA, Europe)
Golden Sun - The Lost Age (USA, Europe)	606a1c4d	16777216	Golden Sun - The Lost Age (USA, Europe)
Golden Sun - The Lost Age (USA, Europe) (Virtual Console)	726bb764	16777216	Golden Sun - The Lost Age (USA, Europe)
Gradius Advance (Europe)	3722bdfa	4194304	Gradius Galaxies (USA)
Gradius Galaxies (USA)	8103428d	4194304	Gradius Galaxies (USA)
Gradius Generation (Japan)	6c20ea42	4194304	Gradius Galaxies (USA)
Grand Theft Auto (Europe) (En,Fr,De,Es,It)	4189e07f	16777216	Grand Theft Auto (USA)
Grand Theft Auto (USA)	1fa131e8	16777216	Grand Theft Auto (USA)
Greatest Nine (Japan)	379e64d7	8388608	Baseball Advance (USA)
Green Eggs and Ham by Dr. Seuss (USA)	e4ae2cd1	4194304	Green Eggs and Ham by Dr. Seuss (USA)
Greg Hastings' Tournament Paintball Max'd (USA)	649f7bb2	16777216	Greg Hastings' Tournament Paintball Max'd (USA)
Gremlins - Stripe vs Gizmo (Europe) (En,Fr,De,Es,It,Pt)	b6225186	4194304	Gremlins - Stripe vs Gizmo (USA)
Gremlins - Stripe vs Gizmo (Europe) (En,Fr,De,Es,It,Pt) (Beta)	68ae6bbb	4194304	Gremlins - Stripe vs Gizmo (USA)
Gremlins - Stripe vs Gizmo (USA)	5e72899a	4194304	Gremlins - Stripe vs Gizmo (USA)
Grim Adventures of Billy & Mandy, The (USA)	155587bc	8388608	Grim Adventures of Billy & Mandy, The (USA)
Grim Adventures of Billy & Mandy, The (USA) (Beta) (2006-08-15)	67a51c79	8388608	Grim Adventures of Billy & Mandy, The (USA)
Groove Adventure Rave - Hikari to Yami no Daikessen (Japan)	e7421b14	8388608	Groove Adventure Rave - Hikari to Yami no Daikessen (Japan)
Groove Adventure Rave - Hikari to Yami no Daikessen 2 (Japan)	006f9150	8388608	Rave Master - Special Attack Force! (USA)
Guilty Gear X - Advance Edition (Europe)	ba95861d	8388608	Guilty Gear X - Advance Edition (USA)
Guilty Gear X - Advance Edition (Japan)	160903ee	8388608	Guilty Gear X - Advance Edition (USA)
Guilty Gear X - Advance Edition (Japan) (Beta)	4506ada8	8388608	Guilty Gear X - Advance Edition (USA)
Guilty Gear X - Advance Edition (USA)	70db3f96	8388608	Guilty Gear X - Advance Edition (USA)
Gumby vs. the Astrobots (USA)	2b7e3ccb	4194304	Gumby vs. the Astrobots (USA)
Gunstar Future Heroes (Europe) (En,Ja,Fr,De,Es,It)	8c541d13	8388608	Gunstar Super Heroes (USA)
Gunstar Super Heroes (Japan)	6d4307f7	8388608	Gunstar Super Heroes (USA)
Gunstar Super Heroes (USA)	7cd86b02	8388608	Gunstar Super Heroes (USA)
Guranbo (Japan)	cdd2e273	8388608	Guranbo (Japan)
Guranbo (Japan) (Virtual Console)	8ddc4cda	8388608	Guranbo (Japan)
Guru Logichamp (Japan)	30d04ad9	4194304	Guru Logichamp (Japan)
Gyakuten Saiban (Japan)	c88f0952	8388608	Gyakuten Saiban (Japan)
Gyakuten Saiban (Japan) (Rev 1)	a0f4801f	8388608	Gyakuten Saiban (Japan)
Gyakuten Saiban (Japan) (Rev 1) (Virtual Console)	257e49f9	8388608	Gyakuten Saiban (Japan)
Gyakuten Saiban 2 (Japan)	191ad26a	8388608	Gyakuten Saiban 2 (Japan)
Gyakuten Saiban 2 (Japan) (Virtual Console)	153f73d1	8388608	Gyakuten Saiban 2 (Japan)
Gyakuten Saiban 3 (Japan)	51b6cf22	8388608	Gyakuten Saiban 3 (Japan)
Gyakuten Saiban 3 (Japan) (Demo) (Kiosk, GameCube)	299a054b	8388608	Gyakuten Saiban 3 (Japan)
Gyakuten Saiban 3 (Japan) (Virtual Console)	2c88386a	8388608	Gyakuten Saiban 3 (Japan)
Hachiemon (Japan)	47c45b41	4194304	Hachiemon (Japan)
Hagane no Renkinjutsushi - Meisou no Rondo (Japan)	a8cda373	8388608	Hagane no Renkinjutsushi - Meisou no Rondo (Japan)
Hagane no Renkinjutsushi - Omoide no Sonata (Japan)	c6144316	8388608	Hagane no Renkinjutsushi - Omoide no Sonata (Japan)
Hajime no Ippo - The Fighting! (Japan)	782dc7eb	8388608	Hajime no Ippo - The Fighting! (Japan)
Hamepane - Tokyo Mew Mew (Japan)	5875c07a	4194304	Hamepane - Tokyo Mew Mew (Japan)
Hamster Club 3 (Japan)	8173f699	8388608	Petz - Hamsterz Life 2 (USA)
Hamster Club 4 - Shigetchi Daidassou (Japan)	69cf5afb	8388608	Hamster Club 4 - Shigetchi Daidassou (Japan)
Hamster Monogatari 2 GBA (Japan)	617724c5	8388608	Hamster Monogatari 2 GBA (Japan)
Hamster Monogatari 3 GBA (Japan)	c99d3787	8388608	Hamster Monogatari 3 GBA (Japan)
Hamster Monogatari 3EX 4 Special (Japan)	5dcbcc79	16777216	Hamster Monogatari 3EX 4 Special (Japan)
Hamster Monogatari Collection (Japan)	35584ea6	8388608	Hamster Monogatari Collection (Japan)
Hamster Paradise - Pure Heart (Japan)	0e9d0144	8388608	Hamster Paradise - Pure Heart (Japan)
Hamster Paradise Advanchu (Japan)	902befb0	8388608	Hamster Paradise Advanchu (Japan)
Hamtaro - Ham-Ham Games (Europe) (En,Fr,De,Es,It)	d9341d9c	16777216	Hamtaro - Ham-Ham Games (Japan, USA) (En,Ja)
Hamtaro - Ham-Ham Games (Japan, USA) (En,Ja)	cc1cf806	16777216	Hamtaro - Ham-Ham Games (Japan, USA) (En,Ja)
Hamtaro - Ham-Ham Heartbreak (Europe) (En,Fr,De,Es,It)	ecbd80ea	16777216	Hamtaro - Ham-Ham Heartbreak (USA)
Hamtaro - Ham-Ham Heartbreak (USA)	cd48b673	8388608	Hamtaro - Ham-Ham Heartbreak (USA)
Hamtaro - Rainbow Rescue (Europe) (En,Fr,De,Es,It)	5d051081	16777216	Hamtaro - Rainbow Rescue (Europe) (En,Fr,De,Es,It)
Hamtaro - Rainbow Rescue (USA) (Proto) (2003-07-29)	5c5b934d	8388608	Hamtaro - Rainbow Rescue (Europe) (En,Fr,De,Es,It)
Hanabi Hyakkei Advance (Japan)	173a6c4a	4194304	Hanabi Hyakkei Advance (Japan)
Hanafuda Trump Mahjong - Depachika Wayouchuu (Japan)	de7b8dcd	4194304	Hanafuda Trump Mahjong - Depachika Wayouchuu (Japan)
Happy Feet (Europe) (En,Fr,De,Es,It)	b8653e59	33554432	Happy Feet (USA) (En,Fr)
Happy Feet (USA) (En,Fr)	98235433	33554432	Happy Feet (USA) (En,Fr)
Hardcore Pinball (USA, Europe)	5466c757	4194304	Hardcore Pinball (USA, Europe)
Hardcore Pool (Europe) (En,De,Es,It)	2be4f2bc	4194304	Hardcore Pool (Europe) (En,De,Es,It)
Hardcore Pool (France)	44779175	4194304	Hardcore Pool (Europe) (En,De,Es,It)
Harlem Globetrotters - World Tour (Europe) (En,Fr,De,Es,It)	37b20866	4194304	Harlem Globetrotters - World Tour (USA)
Harlem Globetrotters - World Tour (USA)	737c286f	4194304	Harlem Globetrotters - World Tour (USA)
Harobots - Robo Hero Battling!! (Japan)	f54976c8	4194304	Harobots - Robo Hero Battling!! (Japan)
Harry Potter - Quidditch World Cup (Japan)	c1f26f37	8388608	Harry Potter - Quidditch World Cup (USA, Europe) (En,Fr,De,Es,It,Nl,Da)
Harry Potter - Quidditch World Cup (USA, Europe) (En,Fr,De,Es,It,Nl,Da)	486041a4	8388608	Harry Potter - Quidditch World Cup (USA, Europe) (En,Fr,De,Es,It,Nl,Da)
Harry Potter Collection (Europe) (En,Fr,De,Es,It,Nl,Pt,Sv,No,Da)	4f39c174	33554432	Harry Potter Collection (Europe) (En,Fr,De,Es,It,Nl,Pt,Sv,No,Da)
Harry Potter and the Chamber of Secrets (USA, Europe) (En,Fr,De,Es,It,Nl,Pt,Sv,No,Da)	342816db	8388608	Harry Potter and the Chamber of Secrets (USA, Europe) (En,Fr,De,Es,It,Nl,Pt,Sv,No,Da)
Harry Potter and the Goblet of Fire (USA, Europe) (En,Fr,De,Es,It,Nl,Da)	052708d7	33554432	Harry Potter and the Goblet of Fire (USA, Europe) (En,Fr,De,Es,It,Nl,Da)
Harry Potter and the Order of the Phoenix (USA, Europe) (En,Fr,De,Es,It,Nl,Da)	302b8b3d	16777216	Harry Potter and the Order of the Phoenix (USA, Europe) (En,Fr,De,Es,It,Nl,Da)
Harry Potter and the Prisoner of Azkaban (USA, Europe) (En,Fr,De,Es,It,Nl,Da)	c0bccaad	16777216	Harry Potter and the Prisoner of Azkaban (USA, Europe) (En,Fr,De,Es,It,Nl,Da)
Harry Potter and the Sorcerer's Stone (USA, Europe) (En,Fr,De,Es,It,Nl,Pt,Sv,No,Da)	f755065c	8388608	Harry Potter and the Sorcerer's Stone (USA, Europe) (En,Fr,De,Es,It,Nl,Pt,Sv,No,Da)
Harry Potter to Azkaban no Shuujin (Japan)	42e590d6	16777216	Harry Potter and the Prisoner of Azkaban (USA, Europe) (En,Fr,De,Es,It,Nl,Da)
Harry Potter to Himitsu no Heya (Japan)	b485dabf	8388608	Harry Potter and the Chamber of Secrets (USA, Europe) (En,Fr,De,Es,It,Nl,Pt,Sv,No,Da)
Harry Potter to Kenja no Ishi (Japan)	a069750d	8388608	Harry Potter and the Sorcerer's Stone (USA, Europe) (En,Fr,De,Es,It,Nl,Pt,Sv,No,Da)
Harvest Moon - Friends of Mineral Town (Europe)	f50f82ad	8388608	Harvest Moon - Friends of Mineral Town (USA)
Harvest Moon - Friends of Mineral Town (Germany)	c11757d7	8388608	Harvest Moon - Friends of Mineral Town (USA)
Harvest Moon - Friends of Mineral Town (USA)	8e923168	8388608	Harvest Moon - Friends of Mineral Town (USA)
Harvest Moon - More Friends of Mineral Town (USA)	1736b957	16777216	Harvest Moon - More Friends of Mineral Town (USA)
Hatena Satena (Japan)	6139e34d	4194304	Hatena Satena (Japan)
Haunted Mansion, The (USA) (Proto)	debc5439	8388608	Haunted Mansion, The (USA) (Proto)
Heidi - The Game (Europe) (En,Fr,De,Es,It)	e8c44fb8	4194304	Heidi - The Game (Europe) (En,Fr,De,Es,It)
Hello Kitty - Happy Party Pals (Europe)	9c45920e	4194304	Hello Kitty - Happy Party Pals (USA)
Hello Kitty - Happy Party Pals (Europe) (En,Fr,De,Es)	1a080c10	4194304	Hello Kitty - Happy Party Pals (USA)
Hello Kitty - Happy Party Pals (USA)	e49c45a0	4194304	Hello Kitty - Happy Party Pals (USA)
Hello Kitty Collection - Miracle Fashion Maker (Japan)	c8f4d874	8388608	Hello Kitty Collection - Miracle Fashion Maker (Japan)
Hello! Idol Debut - Kids Idol Ikusei Game (Japan)	304bdfc3	8388608	Hello! Idol Debut - Kids Idol Ikusei Game (Japan)
Hello! Idol Debut - Kids Idol Ikusei Game (Japan) (Rev 1)	40958c2c	8388608	Hello! Idol Debut - Kids Idol Ikusei Game (Japan)
Herbie - Fully Loaded (Europe) (En,Fr,De)	2521a98c	8388608	Herbie - Fully Loaded (USA)
Herbie - Fully Loaded (USA)	9c6a3dd1	8388608	Herbie - Fully Loaded (USA)
Hey Arnold! - The Movie (Europe) (En,Fr,De)	2b666fed	4194304	Hey Arnold! - The Movie (USA)
Hey Arnold! - The Movie (Europe) (En,Fr,De) (Beta)	9e4773ba	4194304	Hey Arnold! - The Movie (USA)
Hey Arnold! - The Movie (USA)	59dfab9e	4194304	Hey Arnold! - The Movie (USA)
Hi Hi Puffy AmiYumi (Japan)	90239c3d	8388608	Hi Hi Puffy AmiYumi - Kaznapped! (USA)
Hi Hi Puffy AmiYumi - Kaznapped! (Europe) (En,De)	e5531d04	8388608	Hi Hi Puffy AmiYumi - Kaznapped! (USA)
Hi Hi Puffy AmiYumi - Kaznapped! (USA)	e613aa43	8388608	Hi Hi Puffy AmiYumi - Kaznapped! (USA)
Hi Hi Puffy AmiYumi - Puffy Ami Yumi and the Manga Madman! (USA) (Proto)	d048ec49	8388608	Hi Hi Puffy AmiYumi - Puffy Ami Yumi and the Manga Madman! (USA) (Proto)
Higanbana (Japan) (Rev 1)	c23ac287	8388608	Higanbana (Japan) (Rev 1)
High Heat Major League Baseball 2002 (USA, Europe)	6ea3f4e4	4194304	High Heat Major League Baseball 2002 (USA, Europe)
High Heat Major League Baseball 2003 (Japan) (En)	0d9043a4	4194304	High Heat Major League Baseball 2003 (USA)
High Heat Major League Baseball 2003 (USA)	59d72cb9	4194304	High Heat Major League Baseball 2003 (USA)
High School Musical - Livin' the Dream (USA)	7b31d4da	16777216	High School Musical - Livin' the Dream (USA)
High School Musical - Livin' the Dream (USA) (Beta)	c340d5f7	16777216	High School Musical - Livin' the Dream (USA)
Hikaru no Go (Japan)	5a6c7537	8388608	Hikaru no Go (Japan)
Hikaru no Go (Japan) (Rev 1)	53116fd7	8388608	Hikaru no Go (Japan)
Hikaru no Go - Taikenban (Japan) (Demo)	4955fa1b	4194304	Hikaru no Go (Japan)
Hikaru no Go 2 (Japan)	04129a22	16777216	Hikaru no Go 2 (Japan)
Himawari Doubutsu Byouin - Pet no Oishasan Ikusei Game (Japan)	8ea9afcc	8388608	Petz Vet (USA)
Himawari Doubutsu Byouin - Pet no Oishasan Ikusei Game (Japan) (Rev 1)	526fdfff	8388608	Petz Vet (USA)
Hime Kishi Monogatari - Princess Blue (Japan)	46810f68	8388608	Hime Kishi Monogatari - Princess Blue (Japan)
Hitsuji no Kimochi. (Japan)	d4eac9b1	4194304	Sheep (Europe) (En,Fr,De,Es,It)
Hobbit no Bouken - Lord of the Rings - Hajimari no Monogatari (Japan)	65fb830a	8388608	Hobbit, The - The Prelude to the Lord of the Rings (USA)
Hobbit, The - The Prelude to the Lord of the Rings (Europe) (En,Fr,De,Es,It)	eacdfe0f	8388608	Hobbit, The - The Prelude to the Lord of the Rings (USA)
Hobbit, The - The Prelude to the Lord of the Rings (USA)	d3f654b3	8388608	Hobbit, The - The Prelude to the Lord of the Rings (USA)
Home on the Range (Europe) (En,Fr,De,Es)	d88feb4e	8388608	Home on the Range (USA) (En,Fr)
Home on the Range (USA) (En,Fr)	dbd4a6cb	8388608	Home on the Range (USA) (En,Fr)
Horsez (USA)	5b2b4452	8388608	Horsez (USA)
Hoshi no Kirby - Kagami no Daimeikyuu (Japan) (Demo) (Kiosk, GameCube)	bf80f1a1	16777216	Kirby & The Amazing Mirror (USA)
Hoshi no Kirby - Kagami no Daimeikyuu (Japan) (Rev 1)	683d772c	16777216	Kirby & The Amazing Mirror (USA)
Hoshi no Kirby - Kagami no Daimeikyuu (Japan) (Rev 1) (Virtual Console)	3da3603b	16777216	Kirby & The Amazing Mirror (USA)
Hoshi no Kirby - Yume no Izumi Deluxe (Japan)	c55a3c2c	8388608	Kirby - Nightmare in Dream Land (USA)
Hoshi no Kirby - Yume no Izumi Deluxe (Japan) (Virtual Console)	15235965	8388608	Kirby - Nightmare in Dream Land (USA)
Hot Potato! (Europe)	99175c62	4194304	Hot Potato! (USA)
Hot Potato! (Europe) (En,Fr,De)	2eb72b95	4194304	Hot Potato! (USA)
Hot Potato! (USA)	5acb7a95	4194304	Hot Potato! (USA)
Hot Wheels - All Out (Europe) (En,Fr,De,Es,It)	74e787dc	4194304	Hot Wheels - All Out (USA)
Hot Wheels - All Out (USA)	c73658f9	4194304	Hot Wheels - All Out (USA)
Hot Wheels - Burnin' Rubber (Europe) (En,Fr)	4764d029	8388608	Hot Wheels - Burnin' Rubber (USA)
Hot Wheels - Burnin' Rubber (USA)	37dcbb0d	8388608	Hot Wheels - Burnin' Rubber (USA)
Hot Wheels - Stunt Track Challenge (USA, Europe)	d0ab6a37	8388608	Hot Wheels - Stunt Track Challenge (USA, Europe)
Hot Wheels - Velocity X (Europe)	a7ddbca3	8388608	Hot Wheels - Velocity X (USA)
Hot Wheels - Velocity X (USA)	9592f553	8388608	Hot Wheels - Velocity X (USA)
Hot Wheels - World Race (Europe)	b9f17f8f	8388608	Hot Wheels - World Race (USA)
Hot Wheels - World Race (USA)	cb313505	8388608	Hot Wheels - World Race (USA)
Hot Wheels Advance (Japan) (En)	f79ffedf	8388608	Hot Wheels - Burnin' Rubber (USA)
Hudson Best Collection Vol. 1 - Bomberman Collection (Japan)	9d22604d	4194304	Hudson Best Collection Vol. 1 - Bomberman Collection (Japan)
Hudson Best Collection Vol. 2 - Lode Runner Collection (Japan)	87390220	4194304	Hudson Best Collection Vol. 2 - Lode Runner Collection (Japan)
Hudson Best Collection Vol. 3 - Action Collection (Japan)	c207a245	4194304	Hudson Best Collection Vol. 3 - Action Collection (Japan)
Hudson Best Collection Vol. 4 - Nazotoki Collection (Japan)	6472067a	4194304	Hudson Best Collection Vol. 4 - Nazotoki Collection (Japan)
Hudson Best Collection Vol. 5 - Shooting Collection (Japan)	39d88481	4194304	Hudson Best Collection Vol. 5 - Shooting Collection (Japan)
Hudson Best Collection Vol. 6 - Bouken-jima Collection (Japan)	c51cd05f	4194304	Hudson Best Collection Vol. 6 - Bouken-jima Collection (Japan)
Hugo - Bukkazoom! (Europe) (En,Fr,De,Es,It,Nl,Pt,Sv,No,Da,Fi,Pl)	b34a2071	4194304	Hugo - Bukkazoom! (Europe) (En,Fr,De,Es,It,Nl,Pt,Sv,No,Da,Fi,Pl)
Hugo - The Evil Mirror (Europe) (En,Fr,De,Es,It,Nl,Pt,Sv,No,Da,Fi,Pl)	9e9d5ad7	4194304	Hugo - The Evil Mirror (USA) (En,Fr,Es)
Hugo - The Evil Mirror (USA) (En,Fr,Es)	ed5ca311	4194304	Hugo - The Evil Mirror (USA) (En,Fr,Es)
Hugo 2 in 1 (Europe) (En,Fr,De,Es,It,Nl,Pt,Sv,No,Da,Fi,Pl)	8eae8860	8388608	Hugo 2 in 1 (Europe) (En,Fr,De,Es,It,Nl,Pt,Sv,No,Da,Fi,Pl)
Hunter X Hunter - Minna Tomodachi Daisakusen!! (Japan)	af22a5ea	16777216	Hunter X Hunter - Minna Tomodachi Daisakusen!! (Japan)
Hunter X Hunter - Minna Tomodachi Daisakusen!! (Japan) (Rev 1)	86c21aeb	16777216	Hunter X Hunter - Minna Tomodachi Daisakusen!! (Japan)
Huo-Wen Zhanji - Fengyin Zhi Jian (China) (Proto)	8cebef1e	16777216	Fire Emblem - Fuuin no Tsurugi (Japan)
Hyper Sports 2002 Winter (Japan)	1a8b6863	4194304	ESPN International Winter Sports 2002 (USA)
I Spy Challenger! (USA)	946d2cbb	8388608	I Spy Challenger! (USA)
I-Ninja (USA) (Proto)	8f31e9c6	8388608	I-Ninja (USA) (Proto)
IK+ (Europe)	1052a0ea	4194304	IK+ (USA)
IK+ (USA)	31c4f03b	4194304	IK+ (USA)
Ice Age (Europe) (En,Fr,De,Es,It)	10179d72	4194304	Ice Age (USA) (En,Fr,Es)
Ice Age (Japan)	6d457f4c	4194304	Ice Age (USA) (En,Fr,Es)
Ice Age (USA) (En,Fr,Es)	3fc99714	4194304	Ice Age (USA) (En,Fr,Es)
Ice Age 2 - The Meltdown (Europe) (En,Fr,De,Es,It,Nl)	58043308	16777216	Ice Age 2 - The Meltdown (USA)
Ice Age 2 - The Meltdown (USA)	000206c0	16777216	Ice Age 2 - The Meltdown (USA)
Ice Nine (USA, Europe) (En,Fr,De,Es,It)	14c23257	8388608	Ice Nine (USA, Europe) (En,Fr,De,Es,It)
Ignition Collection - Volume 1 (Europe)	164a75ac	16777216	Ignition Collection - Volume 1 (Europe)
Incredibili, Gli - Una 'Normale' Famiglia di Supereroi (Italy)	615839ef	8388608	Incredibles, The (USA, Europe)
Incredible Hulk, The (Europe) (En,Fr,De,Es,It)	7e00422c	8388608	Incredible Hulk, The (USA)
Incredible Hulk, The (USA)	0b978dfa	8388608	Incredible Hulk, The (USA)
Incredibles, The (Europe) (Fr,Nl)	77cbdc3b	8388608	Incredibles, The (USA, Europe)
Incredibles, The (USA, Europe)	194d5f6c	8388608	Incredibles, The (USA, Europe)
Incredibles, The - Rise of the Underminer (Europe) (En,Fr,De,Es,It,Nl,Pt)	096f98b6	8388608	Incredibles, The - Rise of the Underminer (USA, Europe)
Incredibles, The - Rise of the Underminer (USA, Europe)	2d806290	8388608	Incredibles, The - Rise of the Underminer (USA, Europe)
Increibles, Los (Spain)	fc6ccadb	8388608	Incredibles, The (USA, Europe)
Initial D - Another Stage (Japan)	23110a94	8388608	Initial D - Another Stage (Japan)
Inspector Gadget - Advance Mission (Europe) (En,Fr,De,Es,It,Nl)	406aa0c6	4194304	Inspector Gadget - Advance Mission (USA)
Inspector Gadget - Advance Mission (USA)	ef131209	4194304	Inspector Gadget - Advance Mission (USA)
Inspector Gadget Racing (Europe) (En,Fr,De,Es,It,Nl)	b0d1c070	4194304	Inspector Gadget Racing (Europe) (En,Fr,De,Es,It,Nl)
International Karate Advanced (Europe)	d33a14af	4194304	International Karate Advanced (Europe)
International Superstar Soccer (Europe)	9989ce55	8388608	International Superstar Soccer (Europe)
International Superstar Soccer Advance (Europe)	7eb2f6d6	8388608	International Superstar Soccer Advance (Europe)
Inukko Club (Japan)	d473b3c1	8388608	Inukko Club (Japan)
Inuyasha - Naraku no Wana! Mayoi no Mori no Shoutaijou (Japan)	8fcdf69c	8388608	Inuyasha - Naraku no Wana! Mayoi no Mori no Shoutaijou (Japan)
Invader (Europe)	a94d6058	8388608	Invader (Europe)
Invincible Iron Man, The (USA, Europe)	39a31b68	4194304	Invincible Iron Man, The (USA, Europe)
Iridion 3D (USA, Europe)	34189e74	4194304	Iridion 3D (World) (Steam, GOG)
Iridion 3D (World) (Steam, GOG)	4c7ebe42	4194304	Iridion 3D (World) (Steam, GOG)
Iridion II (Europe) (En,Fr,De)	57930c6a	8388608	Iridion II (USA)
Iridion II (USA)	dd8a7104	8388608	Iridion II (USA)
Iridion II (USA) (Beta)	9c63d17c	8388608	Iridion II (USA)
Iron Kid (Korea)	326e7a8e	16777216	Iron Kid (Korea)
Island Xtreme Stunts (USA, Europe) (En,Fr,De,Es,It,Nl,Sv,Da)	3beb5446	4194304	Island Xtreme Stunts (USA, Europe) (En,Fr,De,Es,It,Nl,Sv,Da)
Isseki Hatchou - Kore 1ppon de 8shurui! (Japan)	cb5eff64	4194304	Isseki Hatchou - Kore 1ppon de 8shurui! (Japan)
It's Mr. Pants (USA, Europe)	757a4efb	4194304	It's Mr. Pants (USA, Europe)
J.League Pocket (Japan)	51be73b8	8388608	J.League Pocket (Japan)
J.League Pocket (Japan) (Rev 1)	0524e9ef	8388608	J.League Pocket (Japan)
J.League Pocket 2 (Japan)	dc7d2e4a	8388608	J.League Pocket 2 (Japan)
J.League Pro Soccer Club o Tsukurou! Advance (Japan)	8bc59927	8388608	J.League Pro Soccer Club o Tsukurou! Advance (Japan)
J.League Winning Eleven Advance 2002 (Japan)	aee73fe7	8388608	J.League Winning Eleven Advance 2002 (Japan)
JGTO Kounin Golf Master - Japan Golf Tour Game (Japan)	0ba5809f	8388608	ESPN Final Round Golf 2002 (USA)
JGTO Kounin Golf Master Mobile - Japan Golf Tour Game (Japan)	b863dae1	8388608	JGTO Kounin Golf Master Mobile - Japan Golf Tour Game (Japan)
Jackie Chan Adventures - Legend of the Dark Hand (USA, Europe)	13247954	4194304	Jackie Chan Adventures - Legend of the Dark Hand (USA, Europe)
Jajamaru Jr. Denshouki - Jalecolle mo Arisourou (Japan)	8ce6bce8	4194304	Jajamaru Jr. Denshouki - Jalecolle mo Arisourou (Japan)
James Pond - Codename Robocod (Europe) (En,Fr,De,Es,It,Nl,Pt)	31081996	4194304	James Pond - Codename Robocod (USA) (En,Fr,Es,Pt)
James Pond - Codename Robocod (USA) (En,Fr,Es,Pt)	eb25bb5b	4194304	James Pond - Codename Robocod (USA) (En,Fr,Es,Pt)
Jazz Jackrabbit (USA, Europe)	948531d4	4194304	Jazz Jackrabbit (USA, Europe)
Jet Grind Radio (USA)	ae4142b5	8388608	Jet Grind Radio (USA)
Jet Set Radio (Europe)	716dc010	8388608	Jet Grind Radio (USA)
Jikkyou World Soccer Pocket (Japan)	8bd96db9	8388608	International Superstar Soccer (Europe)
Jikkyou World Soccer Pocket 2 (Japan)	b80aa966	8388608	International Superstar Soccer Advance (Europe)
Jimmy Neutron - Boy Genius (Europe) (En,Fr,De,Es)	a9423234	4194304	Jimmy Neutron - Boy Genius (USA)
Jimmy Neutron - Boy Genius (USA)	d3ee0c51	4194304	Jimmy Neutron - Boy Genius (USA)
Jimmy Neutron un Garcon Genial - L'Attaque des Twonkies (France)	33816e51	4194304	Adventures of Jimmy Neutron Boy Genius, The - Attack of the Twonkies (USA, Europe)
Jinsei Game Advance (Japan)	84a4a304	4194304	Jinsei Game Advance (Japan)
Jissen Pachi-Slot Hisshouhou! - Juuou Advance (Japan)	07195201	4194304	Jissen Pachi-Slot Hisshouhou! - Juuou Advance (Japan)
Jisu F-Zero Weilai Saiche (China)	0e5c38b7	4194304	F-Zero - Maximum Velocity (USA, Europe)
Jonny Moseley Mad Trix (USA) (En,Fr,De,Es,It)	96488632	8388608	Jonny Moseley Mad Trix (USA) (En,Fr,De,Es,It)
Juka and the Monophonic Menace (Europe) (En,Fr,De,Es,It)	e62bffeb	16777216	Juka and the Monophonic Menace (USA) (En,Fr,Es)
Juka and the Monophonic Menace (USA) (En,Fr,Es)	0c04a2f9	16777216	Juka and the Monophonic Menace (USA) (En,Fr,Es)
Jungle Book 2, The (Europe) (En,Fr,De,Es,It,Nl)	9898258b	8388608	Jungle Book, The (USA) (En,Fr,De,Es,It,Nl)
Jungle Book, The (USA) (En,Fr,De,Es,It,Nl)	e9a21637	8388608	Jungle Book, The (USA) (En,Fr,De,Es,It,Nl)
Jurassic Park III - Advanced Action (Japan)	d18f75e5	8388608	Jurassic Park III - Island Attack (USA)
Jurassic Park III - Dino Attack (Europe) (En,Fr,De,Es,It)	ddceb011	8388608	Jurassic Park III - Island Attack (USA)
Jurassic Park III - Island Attack (USA)	1e7048d2	8388608	Jurassic Park III - Island Attack (USA)
Jurassic Park III - Kyouryuu ni Ainiikou! (Japan)	f2bf8990	4194304	Jurassic Park III - Park Builder (USA)
Jurassic Park III - Park Builder (Europe) (En,Fr,De,Es,It)	51061eff	4194304	Jurassic Park III - Park Builder (USA)
Jurassic Park III - Park Builder (USA)	edddcf19	4194304	Jurassic Park III - Park Builder (USA)
Jurassic Park III - The DNA Factor (Europe) (En,Fr,De,Es,It)	fe89c986	8388608	Jurassic Park III - The DNA Factor (USA)
Jurassic Park III - The DNA Factor (USA)	f93dcc2e	8388608	Jurassic Park III - The DNA Factor (USA)
Jurassic Park III - Ushinawareta Idenshi (Japan)	ab6786dd	8388608	Jurassic Park III - The DNA Factor (USA)
Jurassic Park Institute Tour - Dinosaur Rescue (Japan)	7c75555e	4194304	Jurassic Park Institute Tour - Dinosaur Rescue (Japan)
Justice League - Chronicles (USA)	07090f67	8388608	Justice League - Chronicles (USA)
Justice League - Chronicles (USA) (Beta)	fdbd4bd0	3768320	Justice League - Chronicles (USA)
Justice League - Chronicles (USA) (Demo)	4861f9a6	425984	Justice League - Chronicles (USA)
Justice League - Injustice for All (Europe) (En,Fr,De,Es,It)	d71c4382	8388608	Justice League - Injustice for All (USA)
Justice League - Injustice for All (USA)	b2477b72	8388608	Justice League - Injustice for All (USA)
Justice League - Injustice for All (USA) (Beta)	c41081cf	8388608	Justice League - Injustice for All (USA)
Justice League Heroes - The Flash (Europe) (En,Fr,De,Es,It)	acb22fff	8388608	Justice League Heroes - The Flash (USA)
Justice League Heroes - The Flash (USA)	87a4d12c	8388608	Justice League Heroes - The Flash (USA)
K-1 Pocket Grand Prix (Japan)	fbdd4384	4194304	K-1 Pocket Grand Prix (Japan)
K-1 Pocket Grand Prix 2 (Japan)	19fde4c8	8388608	K-1 Pocket Grand Prix 2 (Japan)
KAO the Kangaroo (Europe) (En,Fr,De,Es,It,Nl)	51e7522c	4194304	KAO the Kangaroo (USA) (En,Fr,De,Es,It,Nl)
KAO the Kangaroo (USA) (En,Fr,De,Es,It,Nl)	f6667b3e	4194304	KAO the Kangaroo (USA) (En,Fr,De,Es,It,Nl)
Kaeru B Back (Japan)	de5987bd	8388608	Kaeru B Back (Japan)
Kaiketsu Zorori to Mahou no Yuuenchi - Ohimesama o Sukue! (Japan)	259cdd6f	4194304	Kaiketsu Zorori to Mahou no Yuuenchi - Ohimesama o Sukue! (Japan)
Kaisertal - Fight the Necronis War (Europe) (Demo)	62992510	8388608	Invader (Europe)
Kamaitachi no Yoru Advance (Japan)	82b4f3fa	16777216	Kamaitachi no Yoru Advance (Japan)
Kami no Kijutsu - Illusion of the Evil Eyes (Japan)	906c73ad	8388608	Kami no Kijutsu - Illusion of the Evil Eyes (Japan)
Kappa no Kai-kata - Kaatan Daibouken! (Japan)	bf5f326e	8388608	Kappa no Kai-kata - Kaatan Daibouken! (Japan)
Karnaaj Rally (USA, Europe)	63fe3dfe	8388608	Karnaaj Rally (USA, Europe)
Kawa no Nushi Tsuri 3 & 4 (Japan)	4f09ca00	4194304	Kawa no Nushi Tsuri 3 & 4 (Japan)
Kawa no Nushi Tsuri 3 & 4 (Japan) (Virtual Console)	23d97a37	4194304	Kawa no Nushi Tsuri 3 & 4 (Japan)
Kawa no Nushi Tsuri 5 - Fushigi no Mori kara (Japan)	4a8f2f62	4194304	Kawa no Nushi Tsuri 5 - Fushigi no Mori kara (Japan)
Kawaii Koinu Wonderful (Japan)	2e23c8f5	8388608	Dogz (USA)
Kawaii Pet Game Gallery (Japan)	bc5abd75	8388608	Kawaii Pet Game Gallery (Japan)
Kawaii Pet Game Gallery 2 (Japan)	c8c8c4c1	8388608	Kawaii Pet Game Gallery 2 (Japan)
Kawaii Pet Shop Monogatari 3 (Japan)	39aefb7b	4194304	Kawaii Pet Shop Monogatari 3 (Japan)
Kaze no Klonoa - Yumemiru Teikoku (Japan)	b51d97de	4194304	Klonoa - Empire of Dreams (USA)
Kaze no Klonoa G2 - Dream Champ Tournament (Japan)	8d98dc2c	4194304	Klonoa 2 - Dream Champ Tournament (USA)
Kaze no Klonoa G2 - Dream Champ Tournament (Japan) (Virtual Console)	b5c65079	4194304	Klonoa 2 - Dream Champ Tournament (USA)
Keitai Denjuu Telefang 2 - Power (Japan)	44db280e	8388608	Keitai Denjuu Telefang 2 - Power (Japan)
Keitai Denjuu Telefang 2 - Speed (Japan)	8f95ca53	8388608	Keitai Denjuu Telefang 2 - Speed (Japan)
Kelly Slater's Pro Surfer (USA, Europe)	31f85dbe	8388608	Kelly Slater's Pro Surfer (USA, Europe)
Keroro Gunsou - Taiketsu! Gekisou Keronprix Daisakusen de Arimasu!! (Japan)	c026cbbb	4194304	Keroro Gunsou - Taiketsu! Gekisou Keronprix Daisakusen de Arimasu!! (Japan)
Kessaku Sen! - Ganbare Goemon 1, 2 - Yuki Hime to Magginesu (Japan)	3e7d9694	16777216	Kessaku Sen! - Ganbare Goemon 1, 2 - Yuki Hime to Magginesu (Japan)
Kid Paddle (Europe) (Fr,Nl)	69951aa9	8388608	Kid Paddle (Europe) (Fr,Nl)
Kid Paddle (Europe) (Fr,Nl) (Beta 1)	46648f66	8388608	Kid Paddle (Europe) (Fr,Nl)
Kid Paddle (Europe) (Fr,Nl) (Beta 2)	44aad1cb	8388608	Kid Paddle (Europe) (Fr,Nl)
Kid Paddle (Europe) (Fr,Nl) (Beta 3)	5ab5a26a	8388608	Kid Paddle (Europe) (Fr,Nl)
Kid's Cards (USA)	6f931445	4194304	Kid's Cards (USA)
Kidou Gekidan Haro Ichiza - Haro no Puyo Puyo (Japan)	a7825224	8388608	Kidou Gekidan Haro Ichiza - Haro no Puyo Puyo (Japan)
Kidou Senshi Gundam SEED - Tomo to Kimi to Koko de. (Japan)	73bf384b	8388608	Kidou Senshi Gundam SEED - Tomo to Kimi to Koko de. (Japan)
Kidou Senshi Gundam SEED Destiny (Japan)	aa250cca	8388608	Kidou Senshi Gundam SEED Destiny (Japan)
Kidou Tenshi Angelic Layer - Misaki to Yume no Tenshi-tachi (Japan)	b21ee600	8388608	Kidou Tenshi Angelic Layer - Misaki to Yume no Tenshi-tachi (Japan)
Kien (USA) (Proto)	185c2eca	8388608	Kien (USA) (Proto)
Kikaika Guntai - Mech Platoon (Japan)	a2fa4248	8388608	Mech Platoon (USA)
Kiki Kaikai Advance (Japan)	1c61225b	4194304	Pocky & Rocky with Becky (USA)
Kill Switch (Europe) (En,Fr,De,Es,It)	4f468670	4194304	Kill Switch (USA)
Kill Switch (USA)	2b207d1f	4194304	Kill Switch (USA)
Killer 3D Pool (Europe) (En,Fr,De,Es,It)	e6fda065	4194304	Killer 3D Pool (USA)
Killer 3D Pool (USA)	1f12d048	4194304	Killer 3D Pool (USA)
Kim Possible (Europe) (En,Fr,De,Es)	0c35d0fc	8388608	Kim Possible - Revenge of Monkey Fist (USA)
Kim Possible (Europe) (En,Fr,De,Es) (Rev 1)	48428c2a	8388608	Kim Possible - Revenge of Monkey Fist (USA)
Kim Possible (Japan)	69843f73	8388608	Kim Possible 2 - Drakken's Demise (USA) (En,Fr)
Kim Possible - Revenge of Monkey Fist (USA)	1a56efbd	8388608	Kim Possible - Revenge of Monkey Fist (USA)
Kim Possible 2 - Drakken's Demise (Europe) (En,Fr,De,Es)	71c505c8	8388608	Kim Possible 2 - Drakken's Demise (USA) (En,Fr)
Kim Possible 2 - Drakken's Demise (USA) (En,Fr)	fa946fc6	8388608	Kim Possible 2 - Drakken's Demise (USA) (En,Fr)
Kim Possible 3 - Team Possible (USA) (En,Fr)	fdec60ec	8388608	Kim Possible 3 - Team Possible (USA) (En,Fr)
King Kong - The Official Game of the Movie (Europe) (En,Fr,De,Es,It,Nl)	37387b19	8388608	Kong - The 8th Wonder of the World (USA) (En,Fr,Es)
King Kong - The Official Game of the Movie (Europe) (En,Sv,No,Da,Fi)	439a92eb	8388608	Kong - The 8th Wonder of the World (USA) (En,Fr,Es)
King of Fighters EX 2, The - Howling Blood (Europe)	9e8baa87	8388608	King of Fighters EX 2, The - Howling Blood (USA)
King of Fighters EX 2, The - Howling Blood (Japan) (Rev 1)	dc5beacd	8388608	King of Fighters EX 2, The - Howling Blood (USA)
King of Fighters EX 2, The - Howling Blood (USA)	15f8f9d5	8388608	King of Fighters EX 2, The - Howling Blood (USA)
King of Fighters EX 2, The - Howling Blood (USA) (Beta)	7704ff39	8388608	King of Fighters EX 2, The - Howling Blood (USA)
King of Fighters EX, The - NeoBlood (Europe)	17e66b52	8388608	King of Fighters EX, The - NeoBlood (USA)
King of Fighters EX, The - NeoBlood (Japan)	0814c78d	8388608	King of Fighters EX, The - NeoBlood (USA)
King of Fighters EX, The - NeoBlood (Japan) (Beta)	811ffcfa	8388608	King of Fighters EX, The - NeoBlood (USA)
King of Fighters EX, The - NeoBlood (USA)	2b92eb8e	8388608	King of Fighters EX, The - NeoBlood (USA)
King of Fighters EX, The - NeoBlood (USA) (Rev 1)	0f960e70	8388608	King of Fighters EX, The - NeoBlood (USA)
Kingdom Hearts - Chain of Memories (Europe) (En,Fr,De,Es,It)	772d97fb	33554432	Kingdom Hearts - Chain of Memories (USA)
Kingdom Hearts - Chain of Memories (Japan)	8d5a0d84	33554432	Kingdom Hearts - Chain of Memories (USA)
Kingdom Hearts - Chain of Memories (USA)	d031ce67	33554432	Kingdom Hearts - Chain of Memories (USA)
Kinniku Banzuke - Kimero! Kiseki no Kanzen Seiha (Japan)	c81b9701	8388608	Kinniku Banzuke - Kimero! Kiseki no Kanzen Seiha (Japan)
Kinniku Banzuke - Kongou-kun no Daibouken! (Japan)	94519d2a	8388608	Kinniku Banzuke - Kongou-kun no Daibouken! (Japan)
Kinnikuman II-Sei - Seigi Choujin e no Michi (Japan)	3fe9c701	16777216	Ultimate Muscle - The Kinnikuman Legacy - The Path of the Superhero (USA)
Kirby & The Amazing Mirror (Europe) (En,Fr,De,Es,It)	4f07c618	16777216	Kirby & The Amazing Mirror (USA)
Kirby & The Amazing Mirror (Europe) (En,Fr,De,Es,It) (Virtual Console)	7c74487c	16777216	Kirby & The Amazing Mirror (USA)
Kirby & The Amazing Mirror (USA)	9f2a3048	16777216	Kirby & The Amazing Mirror (USA)
Kirby & The Amazing Mirror (USA) (Virtual Console)	f70ebb99	16777216	Kirby & The Amazing Mirror (USA)
Kirby - Nightmare in Dream Land (Europe) (En,Fr,De,Es,It)	3b7a7477	16777216	Kirby - Nightmare in Dream Land (USA)
Kirby - Nightmare in Dream Land (Europe) (En,Fr,De,Es,It) (Virtual Console)	7336b1fa	16777216	Kirby - Nightmare in Dream Land (USA)
Kirby - Nightmare in Dream Land (USA)	20ef3f64	8388608	Kirby - Nightmare in Dream Land (USA)
Kirby - Nightmare in Dream Land (USA) (Virtual Console)	1af07ac8	8388608	Kirby - Nightmare in Dream Land (USA)
Kisekko Gurumii - Chesty to Nuigurumi-tachi no Mahou no Bouken (Japan)	34d65c0b	8388608	Kisekko Gurumii - Chesty to Nuigurumi-tachi no Mahou no Bouken (Japan)
Kiss x Kiss - Seirei Gakuen (Japan)	0c368530	4194304	Kiss x Kiss - Seirei Gakuen (Japan)
Kiwame Mahjong Deluxe - Mirai Senshi 21 (Japan)	66f7614b	8388608	Kiwame Mahjong Deluxe - Mirai Senshi 21 (Japan)
Klonoa - Empire of Dreams (Europe)	69492530	4194304	Klonoa - Empire of Dreams (USA)
Klonoa - Empire of Dreams (USA)	f74e1036	4194304	Klonoa - Empire of Dreams (USA)
Klonoa 2 - Dream Champ Tournament (USA)	8bd23a7f	4194304	Klonoa 2 - Dream Champ Tournament (USA)
Klonoa 2 - Dream Champ Tournament (USA) (Virtual Console)	766c7f9a	4194304	Klonoa 2 - Dream Champ Tournament (USA)
Klonoa Heroes - Densetsu no Star Medal (Japan)	e7eaddcc	16777216	Klonoa Heroes - Densetsu no Star Medal (Japan)
Knights' Kingdom (Europe) (En,De)	f027e89f	4194304	Knights' Kingdom (USA)
Knights' Kingdom (USA)	88fe3f31	4194304	Knights' Kingdom (USA)
Koala Brothers - Outback Adventures (Europe) (En,Fr,De,Es,It,Nl,Pt,Da)	abd866ea	8388608	Koala Brothers - Outback Adventures (USA) (En,Fr,De,Es,It,Nl,Pt,Da)
Koala Brothers - Outback Adventures (USA) (En,Fr,De,Es,It,Nl,Pt,Da)	6ec76bce	8388608	Koala Brothers - Outback Adventures (USA) (En,Fr,De,Es,It,Nl,Pt,Da)
Koinu to Issho - Aijou Monogatari (Japan)	30e209aa	16777216	Koinu to Issho - Aijou Monogatari (Japan)
Koinu to Issho 2 (Japan)	2d2ac33b	16777216	Koinu to Issho 2 (Japan)
Koinu-chan no Hajimete no Osanpo - Koinu no Kokoro Ikusei Game (Japan)	1d27165a	4194304	Koinu-chan no Hajimete no Osanpo - Koinu no Kokoro Ikusei Game (Japan)
Konami Arcade Game Collection (Japan)	285f652f	4194304	Konami Collector's Series - Arcade Advanced (USA)
Konami Collector's Series - Arcade Advanced (USA)	2db31825	4194304	Konami Collector's Series - Arcade Advanced (USA)
Konami Collector's Series - Arcade Classics (Europe) (En,Fr,De,Es,It)	6a8be56f	4194304	Konami Collector's Series - Arcade Advanced (USA)
Konami Krazy Racers (Europe)	cfec0650	4194304	Konami Krazy Racers (USA)
Konami Krazy Racers (Europe) (Virtual Console)	922d805a	4194304	Konami Krazy Racers (USA)
Konami Krazy Racers (USA)	c80d4f5c	4194304	Konami Krazy Racers (USA)
Konami Krazy Racers (USA) (Beta)	5f2ae8fe	4194304	Konami Krazy Racers (USA)
Konami Krazy Racers (USA) (Virtual Console)	95ccc956	4194304	Konami Krazy Racers (USA)
Konami Wai Wai Racing Advance (Japan)	aa039a8a	4194304	Konami Krazy Racers (USA)
Konami Wai Wai Racing Advance (Japan) (Virtual Console)	f424858f	4194304	Konami Krazy Racers (USA)
Konchuu Monster - Battle Master (Japan)	3aa0ce79	8388608	Konchuu Monster - Battle Master (Japan)
Konchuu Monster - Battle Stadium (Japan)	5adb68ef	8388608	Konchuu Monster - Battle Stadium (Japan)
Konchuu no Mori no Daibouken - Fushigi na Sekai no Juunin-tachi (Japan)	88c56d65	8388608	Konchuu no Mori no Daibouken - Fushigi na Sekai no Juunin-tachi (Japan)
Kong - King of Atlantis (Europe)	9c12cd31	4194304	Kong - King of Atlantis (USA)
Kong - King of Atlantis (USA)	5e8b2644	4194304	Kong - King of Atlantis (USA)
Kong - The 8th Wonder of the World (USA) (En,Fr,Es)	06079c42	8388608	Kong - The 8th Wonder of the World (USA) (En,Fr,Es)
Kong - The Animated Series (Europe) (En,Fr,De,Es,It,Nl)	7a7b060f	8388608	Kong - The Animated Series (USA) (En,Fr,De,Es,It,Nl)
Kong - The Animated Series (USA) (En,Fr,De,Es,It,Nl)	150bdd9e	8388608	Kong - The Animated Series (USA) (En,Fr,De,Es,It,Nl)
Konjiki no Gashbell!! - Makai no Bookmark (Japan)	d66379e1	8388608	Konjiki no Gashbell!! - Makai no Bookmark (Japan)
Konjiki no Gashbell!! - Unare! Yuujou no Zakeru (Japan)	64fab050	8388608	Zatchbell! - Electric Arena (USA)
Konjiki no Gashbell!! - Unare! Yuujou no Zakeru 2 (Japan)	b7827f20	16777216	Konjiki no Gashbell!! - Unare! Yuujou no Zakeru 2 (Japan)
Konjiki no Gashbell!! - Unare! Yuujou no Zakeru 2 (Japan) (Rev 1)	f40e19a9	16777216	Konjiki no Gashbell!! - Unare! Yuujou no Zakeru 2 (Japan)
Konjiki no Gashbell!! The Card Battle for GBA (Japan)	e1e26f2a	16777216	Konjiki no Gashbell!! The Card Battle for GBA (Japan)
Konjiki no Gashbell!! Yuujou no Zakeru - Dream Tag Tournament (Japan)	fb5516ad	16777216	Konjiki no Gashbell!! Yuujou no Zakeru - Dream Tag Tournament (Japan)
Korokoro Puzzle - Happy Panecchu! (Japan)	0bfe46e9	4194304	Korokoro Puzzle - Happy Panecchu! (Japan)
Kotoba no Puzzle - Mojipittan Advance (Japan)	fb67efbc	8388608	Kotoba no Puzzle - Mojipittan Advance (Japan)
Kotoba no Puzzle - Mojipittan Advance (Japan) (Virtual Console)	b99d538b	8388608	Kotoba no Puzzle - Mojipittan Advance (Japan)
Kouchuu Ouja Mushiking - Greatest Champion e no Michi (Japan)	7ac9ffbf	33554432	Kouchuu Ouja Mushiking - Greatest Champion e no Michi (Japan)
Koukou Juken Advance Series Eigo Koubun Hen - 26 Units Shuuroku (Japan)	576da6f6	8388608	Koukou Juken Advance Series Eigo Koubun Hen - 26 Units Shuuroku (Japan)
Koukou Juken Advance Series Eijukugo Hen - 650 Phrases Shuuroku (Japan)	7f2f5017	8388608	Koukou Juken Advance Series Eijukugo Hen - 650 Phrases Shuuroku (Japan)
Koukou Juken Advance Series Eitango Hen - 2000 Words Shuuroku (Japan)	d38f6a8e	8388608	Koukou Juken Advance Series Eitango Hen - 2000 Words Shuuroku (Japan)
Koutetsu Teikoku (Japan)	cdfac4ee	4194304	Steel Empire (Europe)
Kunio-kun Nekketsu Collection 1 (Japan)	4b96b600	4194304	Kunio-kun Nekketsu Collection 1 (Japan)
Kunio-kun Nekketsu Collection 2 (Japan)	61f9a9f4	4194304	Kunio-kun Nekketsu Collection 2 (Japan)
Kunio-kun Nekketsu Collection 3 (Japan)	093054fc	4194304	Kunio-kun Nekketsu Collection 3 (Japan)
Kurohige no Golf Shiyouyo (Japan)	abfd7ac7	8388608	Kurohige no Golf Shiyouyo (Japan)
Kurohige no Kurutto Jintori (Japan)	99c917e9	4194304	Kurohige no Kurutto Jintori (Japan)
Kurukuru Kururin (Europe)	c4dab956	4194304	Kurukuru Kururin (Europe)
Kurukuru Kururin (Japan)	8a6a900b	4194304	Kurukuru Kururin (Europe)
Kururin Paradise (Japan)	93d036f5	8388608	Kururin Paradise (Japan)
LEGO Bionicle (Europe) (En,Fr,De,Es,It,Nl,Sv,Da)	121ab9c3	8388608	LEGO Bionicle (USA) (En,Fr)
LEGO Bionicle (USA) (En,Fr)	3e5ec871	8388608	LEGO Bionicle (USA) (En,Fr)
LEGO Island 2 - The Brickster's Revenge (Europe) (En,Fr,De,Es,It,Nl,Sv,Da)	c7b5d987	8388608	LEGO Island 2 - The Brickster's Revenge (USA) (En,Fr)
LEGO Island 2 - The Brickster's Revenge (USA) (En,Fr)	3f513cbf	8388608	LEGO Island 2 - The Brickster's Revenge (USA) (En,Fr)
LEGO Racers 2 (Europe) (Beta)	7d05ae2c	8388608	LEGO Racers 2 (USA) (En,Fr)
LEGO Racers 2 (Europe) (En,Fr,De,Es,It,Nl,Sv,Da)	7a1dc458	8388608	LEGO Racers 2 (USA) (En,Fr)
LEGO Racers 2 (USA) (En,Fr)	e13b63ad	8388608	LEGO Racers 2 (USA) (En,Fr)
LEGO Star Wars - The Video Game (Japan)	55a5aaf2	16777216	LEGO Star Wars - The Video Game (USA, Europe) (En,Fr,De,Es,It,Nl,Da)
LEGO Star Wars - The Video Game (USA, Europe) (En,Fr,De,Es,It,Nl,Da)	aeabfa5f	16777216	LEGO Star Wars - The Video Game (USA, Europe) (En,Fr,De,Es,It,Nl,Da)
LEGO Star Wars II - The Original Trilogy (Europe) (En,Fr,De,Es,It,Da)	bba91c3b	16777216	LEGO Star Wars II - The Original Trilogy (USA)
LEGO Star Wars II - The Original Trilogy (USA)	da1e9444	16777216	LEGO Star Wars II - The Original Trilogy (USA)
Lady Sia (Europe) (En,Fr,De,Es,It,Nl)	958097d2	4194304	Lady Sia (USA) (En,Fr,De,Es,It,Nl)
Lady Sia (USA) (En,Fr,De,Es,It,Nl)	139e95bd	4194304	Lady Sia (USA) (En,Fr,De,Es,It,Nl)
Land Before Time, The (Europe) (En,Fr,De,Es,It)	cf0fa4d9	4194304	Land Before Time, The (USA) (En,Es)
Land Before Time, The (USA) (En,Es)	cfd8a52c	4194304	Land Before Time, The (USA) (En,Es)
Land Before Time, The - Into the Mysterious Beyond (Europe) (En,Fr,De,Es,It,Nl,Pt,Da)	5485eefa	8388608	Land Before Time, The - Into the Mysterious Beyond (USA) (En,Fr,Es)
Land Before Time, The - Into the Mysterious Beyond (USA) (En,Fr,Es)	cff03df3	8388608	Land Before Time, The - Into the Mysterious Beyond (USA) (En,Fr,Es)
Lara Croft Tomb Raider - Legend (Europe) (En,Fr,De,Es,It)	e2ff36c7	8388608	Lara Croft Tomb Raider - Legend (USA) (En,Fr,De,Es,It)
Lara Croft Tomb Raider - Legend (USA) (En,Fr,De,Es,It)	5a3dfb37	8388608	Lara Croft Tomb Raider - Legend (USA) (En,Fr,De,Es,It)
Lara Croft Tomb Raider - The Prophecy (Europe) (En,Fr,De,Es,It)	4235fac3	8388608	Lara Croft Tomb Raider - The Prophecy (USA) (En,Fr,De,Es,It)
Lara Croft Tomb Raider - The Prophecy (Japan)	7799e1da	8388608	Lara Croft Tomb Raider - The Prophecy (USA) (En,Fr,De,Es,It)
Lara Croft Tomb Raider - The Prophecy (USA) (En,Fr,De,Es,It)	556f40fa	8388608	Lara Croft Tomb Raider - The Prophecy (USA) (En,Fr,De,Es,It)
Lea - Passion Veterinaire (France) (En,Fr)	6a808027	8388608	Paws & Claws - Pet Resort (USA)
Legend of Dynamic - Goushouden - Houkai no Rondo (Japan)	67f18f8e	8388608	Legend of Dynamic - Goushouden - Houkai no Rondo (Japan)
Legend of Spyro, The - A New Beginning (Europe) (En,Fr,De,Es,It,Nl)	63df4d36	16777216	Legend of Spyro, The - A New Beginning (USA)
Legend of Spyro, The - A New Beginning (USA)	1b81cc00	16777216	Legend of Spyro, The - A New Beginning (USA)
Legend of Spyro, The - The Eternal Night (Europe) (En,Fr,De,Es,It,Nl)	a3eed091	33554432	Legend of Spyro, The - The Eternal Night (USA) (En,Fr)
Legend of Spyro, The - The Eternal Night (USA) (En,Fr)	8d780224	33554432	Legend of Spyro, The - The Eternal Night (USA) (En,Fr)
Legend of Zelda, The - A Link to the Past & Four Swords (Europe) (En,Fr,De,Es,It)	5a164321	8388608	Legend of Zelda, The - A Link to the Past & Four Swords (USA)
Legend of Zelda, The - A Link to the Past & Four Swords (USA)	8e91cd13	8388608	Legend of Zelda, The - A Link to the Past & Four Swords (USA)
Legend of Zelda, The - The Minish Cap (Europe) (En,Fr,De,Es,It)	e8637292	16777216	Legend of Zelda, The - The Minish Cap (USA)
Legend of Zelda, The - The Minish Cap (USA)	abcebbb1	16777216	Legend of Zelda, The - The Minish Cap (USA)
Legends of Wrestling II (USA, Europe)	84440066	8388608	Legends of Wrestling II (USA, Europe)
Legendz - Buhwarhaneun Siryeonyi Seom (Korea)	8df9759d	8388608	Legendz - Yomigaeru Shiren no Shima (Japan)
Legendz - Sign of Nekuromu (Japan)	98432a11	16777216	Legendz - Sign of Nekuromu (Japan)
Legendz - Yomigaeru Shiren no Shima (Japan)	33950228	8388608	Legendz - Yomigaeru Shiren no Shima (Japan)
Lemony Snicket - Raetselhafte Ereignisse (Germany)	f7ac3d9e	16777216	Lemony Snicket's A Series of Unfortunate Events (USA, Europe)
Lemony Snicket - Una Serie di Sfortunati Eventi (Italy)	aa6e22d7	16777216	Lemony Snicket's A Series of Unfortunate Events (USA, Europe)
Lemony Snicket's A Series of Unfortunate Events (Europe) (Fr,Es)	63e02a0d	16777216	Lemony Snicket's A Series of Unfortunate Events (USA, Europe)
Lemony Snicket's A Series of Unfortunate Events (USA, Europe)	72ba6b8c	16777216	Lemony Snicket's A Series of Unfortunate Events (USA, Europe)
Let's Ride! - Dreamer (USA)	1d96366c	4194304	Let's Ride! - Dreamer (USA)
Let's Ride! - Friends Forever (USA)	8bdd13ad	8388608	Let's Ride! - Friends Forever (USA)
Let's Ride! - Sunshine Stables (USA)	684eb887	4194304	Let's Ride! - Sunshine Stables (USA)
Licca-chan no Oshare Nikki (Japan)	e9f62fe0	8388608	Licca-chan no Oshare Nikki (Japan)
Lilliput Oukoku - Lillimoni to Issho Puni! (Japan)	1afab451	8388608	Lilliput Oukoku - Lillimoni to Issho Puni! (Japan)
Lilo & Stitch (Europe) (En,Fr,De,Es,It,Nl)	2a10f7e4	8388608	Lilo & Stitch (USA)
Lilo & Stitch (Europe) (En,Fr,De,Es,It,Nl) (Rev 1)	e7bc4ef1	8388608	Lilo & Stitch (USA)
Lilo & Stitch (Japan)	db1e7311	8388608	Lilo & Stitch 2 - Haemsterviel Havoc (USA)
Lilo & Stitch (USA)	542aa4ac	8388608	Lilo & Stitch (USA)
Lilo & Stitch 2 (Europe) (En,Fr,De,Es)	a88587a6	8388608	Lilo & Stitch 2 - Haemsterviel Havoc (USA)
Lilo & Stitch 2 - Haemsterviel Havoc (USA)	021a5755	8388608	Lilo & Stitch 2 - Haemsterviel Havoc (USA)
Lion King 1 1-2, The (USA)	ea5ed4c0	8388608	Lion King 1 1-2, The (USA)
Lion King, The (Europe) (En,Fr,De,Es,It,Nl,Sv,Da)	63592451	8388608	Lion King 1 1-2, The (USA)
Little Buster Q (Japan)	d26e49f8	8388608	Little Buster Q (Japan)
Little Einsteins (USA)	c8340b37	8388608	Little Einsteins (USA)
Little League Baseball 2002 (USA) (En,Es)	b550f8cb	8388608	Little League Baseball 2002 (USA) (En,Es)
Little Mermaid, The - Magic in Two Kingdoms (USA, Europe) (En,Fr,De,Es,It)	02e35663	8388608	Little Mermaid, The - Magic in Two Kingdoms (USA, Europe) (En,Fr,De,Es,It)
Little Patissier - Cake no Oshiro (Japan)	8fea41c4	8388608	Little Patissier - Cake no Oshiro (Japan)
Lizzie McGuire (Europe) (En,Fr,De,Es)	7e9283f2	4194304	Lizzie McGuire - On the Go! (USA)
Lizzie McGuire - On the Go! (USA)	70ded768	4194304	Lizzie McGuire - On the Go! (USA)
Lizzie McGuire 2 - Lizzie Diaries (USA) (En,Fr)	f11009f9	4194304	Lizzie McGuire 2 - Lizzie Diaries (USA) (En,Fr)
Lizzie McGuire 3 - Homecoming Havoc (USA)	a2843980	8388608	Lizzie McGuire 3 - Homecoming Havoc (USA)
Lode Runner (Japan)	3e2cf3ff	4194304	Lode Runner (Japan)
Looney Tunes - Back in Action (USA, Europe) (En,Fr,De,Es,It)	2b8b3964	8388608	Looney Tunes - Back in Action (USA, Europe) (En,Fr,De,Es,It)
Looney Tunes Double Pack (Europe)	dca23b31	8388608	Looney Tunes Double Pack (USA)
Looney Tunes Double Pack (USA)	ecadd047	8388608	Looney Tunes Double Pack (USA)
Lord of the Rings, The - Futatsu no Tou (Japan)	dc8d4667	16777216	Lord of the Rings, The - The Two Towers (USA, Europe) (En,Fr,De,Es,It,Nl)
Lord of the Rings, The - Nakatsukuni Daisanki (Japan)	cf0534f8	16777216	Lord of the Rings, The - The Third Age (USA, Europe) (En,Fr,De,Es,It)
Lord of the Rings, The - Ou no Kikan (Japan)	465f2753	16777216	Lord of the Rings, The - The Return of the King (USA, Europe) (En,Fr,De,Es,It)
Lord of the Rings, The - The Fellowship of the Ring (Europe) (En,Fr,De,Es,It)	2380b93a	8388608	Lord of the Rings, The - The Fellowship of the Ring (USA)
Lord of the Rings, The - The Fellowship of the Ring (USA)	ee0c58bc	8388608	Lord of the Rings, The - The Fellowship of the Ring (USA)
Lord of the Rings, The - The Fellowship of the Ring (USA) (Rev 1)	5a2b01f1	8388608	Lord of the Rings, The - The Fellowship of the Ring (USA)
Lord of the Rings, The - The Return of the King (USA, Europe) (En,Fr,De,Es,It)	7590ebfa	16777216	Lord of the Rings, The - The Return of the King (USA, Europe) (En,Fr,De,Es,It)
Lord of the Rings, The - The Third Age (USA, Europe) (En,Fr,De,Es,It)	2def3656	16777216	Lord of the Rings, The - The Third Age (USA, Europe) (En,Fr,De,Es,It)
Lord of the Rings, The - The Two Towers (USA, Europe) (En,Fr,De,Es,It,Nl)	a1e3bf33	16777216	Lord of the Rings, The - The Two Towers (USA, Europe) (En,Fr,De,Es,It,Nl)
Lost Vikings, The (Europe) (En,Fr,De,Es)	1c008d32	4194304	Lost Vikings, The (USA)
Lost Vikings, The (USA)	8cb58997	4194304	Lost Vikings, The (USA)
Love Hina Advance - Shukufuku no Kane wa Naru Kana (Japan)	b8e67449	8388608	Love Hina Advance - Shukufuku no Kane wa Naru Kana (Japan)
Lu-Hai-Kong Dazhan (China) (Proto)	e166e6ed	8388608	Advance Wars (USA)
Lucky Luke - Wanted! (Europe) (En,Fr,De,Es,It,Nl)	f12f29a9	4194304	Lucky Luke - Wanted! (Europe) (En,Fr,De,Es,It,Nl)
Lufia - The Ruins of Lore (USA)	de5ffcbc	8388608	Lufia - The Ruins of Lore (USA)
Lunar Legend (Japan)	4e044191	8388608	Lunar Legend (USA)
Lunar Legend (USA)	885266a2	8388608	Lunar Legend (USA)
M&M's - Blast! (USA)	ad38c301	8388608	M&M's - Blast! (USA)
M&M's - Break' Em (USA) (Rev 1)	a4ea65c0	4194304	M&M's - Break' Em (USA) (Rev 1)
MAER Heaven - Knockin' on Heaven's Door (Japan)	ef6807ca	16777216	MAER Heaven - Knockin' on Heaven's Door (Japan)
MLB SlugFest 2004 (USA)	a4e12d4b	4194304	MLB SlugFest 2004 (USA)
MX 2002 Featuring Ricky Carmichael (USA, Europe)	0bf1dc56	4194304	MX 2002 Featuring Ricky Carmichael (USA, Europe)
Madagascar (Europe)	394f2126	8388608	Madagascar (USA)
Madagascar (Europe) (Fr,De,Pt)	274c9135	8388608	Madagascar (USA)
Madagascar (Italy)	9467225b	8388608	Madagascar (USA)
Madagascar (Japan)	2d6d478c	8388608	Madagascar (USA)
Madagascar (Netherlands)	ebfab740	8388608	Madagascar (USA)
Madagascar (Spain)	0c6070b5	8388608	Madagascar (USA)
Madagascar (USA)	7503f71b	8388608	Madagascar (USA)
Madagascar - Operacion Pinguino (Spain)	5b519e47	8388608	Madagascar - Operation Penguin (USA)
Madagascar - Operation Penguin (Europe)	15bb7278	8388608	Madagascar - Operation Penguin (USA)
Madagascar - Operation Penguin (Europe) (Fr,De)	6b5b70c5	8388608	Madagascar - Operation Penguin (USA)
Madagascar - Operation Penguin (Europe) (It,Nl)	8d8b5808	8388608	Madagascar - Operation Penguin (USA)
Madagascar - Operation Penguin (USA)	da3fa501	8388608	Madagascar - Operation Penguin (USA)
Madden NFL 06 (USA)	374fd6f9	4194304	Madden NFL 06 (USA)
Madden NFL 07 (USA)	c5805b1d	4194304	Madden NFL 07 (USA)
Madden NFL 2002 (USA)	8e797ecd	4194304	Madden NFL 2002 (USA)
Madden NFL 2003 (USA)	64b93824	4194304	Madden NFL 2003 (USA)
Madden NFL 2004 (USA)	170bb11a	4194304	Madden NFL 2004 (USA)
Madden NFL 2005 (USA)	0b79a67b	4194304	Madden NFL 2005 (USA)
Made in Wario (Japan)	87a0eea0	8388608	WarioWare, Inc. - Mega Microgame$! (USA)
Made in Wario (Japan) (Demo) (Kiosk, GameCube)	11ff7a67	8388608	WarioWare, Inc. - Mega Microgame$! (USA)
Made in Wario (Japan) (Virtual Console)	ee98906f	8388608	WarioWare, Inc. - Mega Microgame$! (USA)
Magi Nation (Japan)	6a94531b	8388608	Magi Nation (Japan)
Magical Houshin (Japan)	70123550	8388608	Magical Houshin (Japan)
Magical Quest 2 Starring Mickey & Minnie (Europe) (En,Fr,De)	f9498038	4194304	Magical Quest 2 Starring Mickey & Minnie (USA) (En,Fr,De)
Magical Quest 2 Starring Mickey & Minnie (USA) (En,Fr,De)	69f1117d	4194304	Magical Quest 2 Starring Mickey & Minnie (USA) (En,Fr,De)
Magical Quest 3 Starring Mickey & Donald (Europe) (En,Fr,De)	aad912f9	8388608	Magical Quest 3 Starring Mickey & Donald (USA) (En,Fr,De)
Magical Quest 3 Starring Mickey & Donald (USA) (En,Fr,De)	5a23094d	8388608	Magical Quest 3 Starring Mickey & Donald (USA) (En,Fr,De)
Magical Quest Starring Mickey & Minnie (Europe) (En,Fr,De,Es,It)	94f3b7c0	4194304	Magical Quest Starring Mickey & Minnie (USA)
Magical Quest Starring Mickey & Minnie (USA)	b4294fa7	4194304	Magical Quest Starring Mickey & Minnie (USA)
Magical Vacation (Japan)	59cbe914	8388608	Magical Vacation (Japan)
Magical Vacation (Japan) (Virtual Console)	b51b710e	8388608	Magical Vacation (Japan)
Mahjong Keiji (Japan)	ad32a2d3	4194304	Mahjong Keiji (Japan)
Mahou Sensei Negima! - Private Lesson - Damedesuu Toshokan-jima (Japan)	79d04dad	8388608	Mahou Sensei Negima! - Private Lesson - Damedesuu Toshokan-jima (Japan)
Mahou Sensei Negima! - Private Lesson 2 - Ojamashimasuu Parasite de Chuu (Japan)	6357c53b	16777216	Mahou Sensei Negima! - Private Lesson 2 - Ojamashimasuu Parasite de Chuu (Japan)
Mahou no Pumpkin - Ann to Greg no Daibouken (Japan)	f9652b4d	4194304	Spirits & Spells (USA)
Mail de Cute (Japan)	3b984291	8388608	Mail de Cute (Japan)
Majesco's Sports Pack (Europe)	99140705	8388608	Majesco's Sports Pack (USA)
Majesco's Sports Pack (USA)	a91bec73	8388608	Majesco's Sports Pack (USA)
Majokko Cream-chan no Gokko Series 1 - Wannyan Idol Gakuen (Japan)	91bebbee	4194304	Majokko Cream-chan no Gokko Series 1 - Wannyan Idol Gakuen (Japan)
Majokko Cream-chan no Gokko Series 2 - Kisekae Angel (Japan)	2ed6c55f	8388608	Majokko Cream-chan no Gokko Series 2 - Kisekae Angel (Japan)
Maliou Kadingche - Chaoji Saidao (China) (Proto)	36201d7c	8388608	Mario Kart - Super Circuit (USA)
Maliou Yu Luyiji RPG (China) (Proto)	5574b73e	16777216	Mario & Luigi - Superstar Saga (USA)
Mandrake the Magician (Italy) (Proto)	7cfe1889	8388608	Mandrake the Magician (Italy) (Proto)
Manga-ka Debut Monogatari - Akogare! Manga Ka Ikusei Game! (Japan)	61a602d7	4194304	Manga-ka Debut Monogatari - Akogare! Manga Ka Ikusei Game! (Japan)
Manga-ka Debut Monogatari - Akogare! Manga Ka Ikusei Game! (Japan) (Rev 1)	f0c22c62	4194304	Manga-ka Debut Monogatari - Akogare! Manga Ka Ikusei Game! (Japan)
Maniac Racers Advance (Europe) (En,Fr,De,Es,It)	2412c5eb	4194304	Motocross Maniacs Advance (USA) (En,Es)
Manic Miner (Europe) (Beta)	fb3d52bd	7562196	Manic Miner (Europe) (En,Fr,De,Es,It)
Manic Miner (Europe) (En,Fr,De,Es,It)	138439f4	8388608	Manic Miner (Europe) (En,Fr,De,Es,It)
March of the Penguins (Europe) (En,Fr,De,Es,It)	f680b0f3	4194304	March of the Penguins (USA)
March of the Penguins (USA)	5195429f	4194304	March of the Penguins (USA)
Marie, Elie & Anis no Atelier - Soyokaze kara no Dengon (Japan)	1b70a454	8388608	Marie, Elie & Anis no Atelier - Soyokaze kara no Dengon (Japan)
Mario & Luigi (USA) (Demo) (Kiosk, E3 2003)	2d01a8df	8388608	Mario & Luigi - Superstar Saga (USA)
Mario & Luigi - Superstar Saga (Europe) (En,Fr,De,Es,It)	170cc574	16777216	Mario & Luigi - Superstar Saga (USA)
Mario & Luigi - Superstar Saga (Europe) (En,Fr,De,Es,It) (Virtual Console)	6a5bd4f0	16777216	Mario & Luigi - Superstar Saga (USA)
Mario & Luigi - Superstar Saga (USA)	e718d850	16777216	Mario & Luigi - Superstar Saga (USA)
Mario & Luigi - Superstar Saga (USA) (Virtual Console)	f87ea3c3	16777216	Mario & Luigi - Superstar Saga (USA)
Mario & Luigi RPG (Japan)	4ef93d41	16777216	Mario & Luigi - Superstar Saga (USA)
Mario & Luigi RPG (Japan) (Virtual Console)	bee3055a	16777216	Mario & Luigi - Superstar Saga (USA)
Mario Golf - Advance Tour (Australia)	d6ad422f	16777216	Mario Golf - Advance Tour (USA)
Mario Golf - Advance Tour (Europe)	b483127c	16777216	Mario Golf - Advance Tour (USA)
Mario Golf - Advance Tour (Europe) (Virtual Console)	41a4729f	16777216	Mario Golf - Advance Tour (USA)
Mario Golf - Advance Tour (France)	bd5be463	16777216	Mario Golf - Advance Tour (USA)
Mario Golf - Advance Tour (Germany)	3e19e279	16777216	Mario Golf - Advance Tour (USA)
Mario Golf - Advance Tour (Italy)	05b0454a	16777216	Mario Golf - Advance Tour (USA)
Mario Golf - Advance Tour (Spain)	c35dd9f8	16777216	Mario Golf - Advance Tour (USA)
Mario Golf - Advance Tour (USA)	d56c2e54	16777216	Mario Golf - Advance Tour (USA)
Mario Golf - Advance Tour (USA) (Virtual Console)	204b4eb7	16777216	Mario Golf - Advance Tour (USA)
Mario Golf - GBA Tour (Japan)	a8342a16	16777216	Mario Golf - Advance Tour (USA)
Mario Golf - GBA Tour (Japan) (Virtual Console)	78c8140f	16777216	Mario Golf - Advance Tour (USA)
Mario Kart - Super Circuit (Europe)	20025842	4194304	Mario Kart - Super Circuit (USA)
Mario Kart - Super Circuit (Europe) (Virtual Console)	0dd2f94d	4194304	Mario Kart - Super Circuit (USA)
Mario Kart - Super Circuit (USA)	ed316e37	4194304	Mario Kart - Super Circuit (USA)
Mario Kart - Super Circuit (USA) (Proto) (Netcard)	31ac3bd3	16777216	Mario Kart - Super Circuit (USA)
Mario Kart - Super Circuit (USA) (Virtual Console)	c0e1cf38	4194304	Mario Kart - Super Circuit (USA)
Mario Kart Advance (Japan)	30e99fcd	4194304	Mario Kart - Super Circuit (USA)
Mario Kart Advance (Japan) (3DS Virtual Console)	85493f2c	4194304	Mario Kart - Super Circuit (USA)
Mario Kart Advance (Japan) (Virtual Console)	3bd8a4f0	4194304	Mario Kart - Super Circuit (USA)
Mario Party Advance (Europe) (En,Fr,De,Es,It)	c8c889e2	16777216	Mario Party Advance (USA)
Mario Party Advance (Europe) (En,Fr,De,Es,It) (Virtual Console)	46c66f40	16777216	Mario Party Advance (USA)
Mario Party Advance (Japan)	baa4a82b	8388608	Mario Party Advance (USA)
Mario Party Advance (Japan) (Virtual Console)	9cd07025	8388608	Mario Party Advance (USA)
Mario Party Advance (USA)	f094a4cb	8388608	Mario Party Advance (USA)
Mario Party Advance (USA) (Virtual Console)	1d910a62	8388608	Mario Party Advance (USA)
Mario Pinball Land (USA) (Kiosk, GameCube)	799a1e40	8388608	Mario Pinball Land (USA, Australia)
Mario Pinball Land (USA) (Virtual Console)	a0d418a4	8388608	Mario Pinball Land (USA, Australia)
Mario Pinball Land (USA, Australia)	70a6d2c1	8388608	Mario Pinball Land (USA, Australia)
Mario Power Tennis (Europe) (En,Fr,De,Es,It)	c8db4f60	16777216	Mario Tennis - Power Tour (USA, Australia) (En,Fr,De,Es,It)
Mario Power Tennis (Europe) (En,Fr,De,Es,It) (Virtual Console)	851a44cb	16777216	Mario Tennis - Power Tour (USA, Australia) (En,Fr,De,Es,It)
Mario Tennis - Power Tour (USA) (En,Fr,De,Es,It) (Virtual Console)	f763eecc	16777216	Mario Tennis - Power Tour (USA, Australia) (En,Fr,De,Es,It)
Mario Tennis - Power Tour (USA, Australia) (En,Fr,De,Es,It)	da192d29	16777216	Mario Tennis - Power Tour (USA, Australia) (En,Fr,De,Es,It)
Mario Tennis Advance (Japan)	975e8d98	16777216	Mario Tennis - Power Tour (USA, Australia) (En,Fr,De,Es,It)
Mario Tennis Advance (Japan) (Virtual Console)	7244b105	16777216	Mario Tennis - Power Tour (USA, Australia) (En,Fr,De,Es,It)
Mario vs. Donkey Kong (Europe) (En,Fr,De,Es,It)	ca030d61	16777216	Mario vs. Donkey Kong (USA, Australia)
Mario vs. Donkey Kong (Japan)	7c2b5269	16777216	Mario vs. Donkey Kong (USA, Australia)
Mario vs. Donkey Kong (Japan) (Demo) (Kiosk, GameCube)	b3642431	16777216	Mario vs. Donkey Kong (USA, Australia)
Mario vs. Donkey Kong (USA) (Demo) (Kiosk, GameCube)	25505164	16777216	Mario vs. Donkey Kong (USA, Australia)
Mario vs. Donkey Kong (USA, Australia)	25c394d1	16777216	Mario vs. Donkey Kong (USA, Australia)
Marvel - Ultimate Alliance (Europe) (En,It)	c150790f	8388608	Marvel - Ultimate Alliance (USA)
Marvel - Ultimate Alliance (USA)	a74294db	8388608	Marvel - Ultimate Alliance (USA)
Mary-Kate and Ashley - Girls Night Out (USA, Europe)	8af3f3ad	4194304	Mary-Kate and Ashley - Girls Night Out (USA, Europe)
Mary-Kate and Ashley - Sweet 16 - Licensed to Drive (USA, Europe)	5fe092c6	4194304	Mary-Kate and Ashley - Sweet 16 - Licensed to Drive (USA, Europe)
Masters of the Universe - He-Man - Power of Grayskull (USA)	75491e30	8388608	Masters of the Universe - He-Man - Power of Grayskull (USA)
Mat Hoffman's Pro BMX (Europe) (Fr,De)	78d22ae9	4194304	Mat Hoffman's Pro BMX (USA, Europe)
Mat Hoffman's Pro BMX (USA, Europe)	a333fa51	4194304	Mat Hoffman's Pro BMX (USA, Europe)
Mat Hoffman's Pro BMX 2 (USA, Europe)	e7fa71c6	8388608	Mat Hoffman's Pro BMX 2 (USA, Europe)
Matantei Loki Ragnarok - Gensou no Labyrinth (Japan)	4ebdad86	8388608	Matantei Loki Ragnarok - Gensou no Labyrinth (Japan)
Matantei Loki Ragnarok - Gensou no Labyrinth (Japan) (Rev 1)	d647ab18	8388608	Matantei Loki Ragnarok - Gensou no Labyrinth (Japan)
Math Patrol - The Kleptoid Threat (USA)	aecd1301	8388608	Math Patrol - The Kleptoid Threat (USA)
Mawaru - Made in Wario (Japan)	e69964f1	16777216	WarioWare - Twisted! (USA, Australia)
Max Payne (USA)	296e1092	16777216	Max Payne (USA)
Max Payne Advance (Europe) (En,Fr,De)	7d902b62	16777216	Max Payne (USA)
Maya the Bee - Sweet Gold (Europe) (En,Fr,De,Es,It)	a75778c7	4194304	Maya the Bee - Sweet Gold (Europe) (En,Fr,De,Es,It)
Maya the Bee - The Great Adventure (Europe) (En,Fr,De,Es,It)	a1764f3c	4194304	Maya the Bee - The Great Adventure (Europe) (En,Fr,De,Es,It)
Mazes of Fate (USA) (En,Fr,De,Es,It)	0b725a08	16777216	Mazes of Fate (USA) (En,Fr,De,Es,It)
Mech Platoon (Europe) (En,Fr,De,Es,It)	4b3e0531	8388608	Mech Platoon (USA)
Mech Platoon (USA)	769fde96	8388608	Mech Platoon (USA)
Medabots - Metabee (Europe)	50927f3e	8388608	Medabots - Metabee (USA)
Medabots - Metabee (Europe) (Virtual Console)	3524f206	8388608	Medabots - Metabee (USA)
Medabots - Metabee (Spain)	7e907ec8	8388608	Medabots - Metabee (USA)
Medabots - Metabee (USA)	59f208fc	8388608	Medabots - Metabee (USA)
Medabots - Metabee (USA) (Virtual Console)	dff9a0b1	8388608	Medabots - Metabee (USA)
Medabots - Rokusho (Europe)	a519feb5	8388608	Medabots - Rokusho (USA)
Medabots - Rokusho (Europe) (Virtual Console)	e37a0705	8388608	Medabots - Rokusho (USA)
Medabots - Rokusho (Spain)	046d86c4	8388608	Medabots - Rokusho (USA)
Medabots - Rokusho (USA)	e144ded2	8388608	Medabots - Rokusho (USA)
Medabots - Rokusho (USA) (Virtual Console)	c90732d5	8388608	Medabots - Rokusho (USA)
Medabots AX - Metabee Ver. (Europe) (En,Fr,De,Es,It)	5f1e5a48	8388608	Medabots AX - Metabee Ver. (USA)
Medabots AX - Metabee Ver. (Europe) (En,Fr,De,Es,It) (Virtual Console)	9af01f01	8388608	Medabots AX - Metabee Ver. (USA)
Medabots AX - Metabee Ver. (USA)	03294511	8388608	Medabots AX - Metabee Ver. (USA)
Medabots AX - Metabee Ver. (USA) (Virtual Console)	709b5289	8388608	Medabots AX - Metabee Ver. (USA)
Medabots AX - Rokusho Ver. (Europe) (En,Fr,De,Es,It)	f5801bd8	8388608	Medabots AX - Rokusho Ver. (USA)
Medabots AX - Rokusho Ver. (Europe) (En,Fr,De,Es,It) (Virtual Console)	fbff3f04	8388608	Medabots AX - Rokusho Ver. (USA)
Medabots AX - Rokusho Ver. (USA)	92fdb8d6	8388608	Medabots AX - Rokusho Ver. (USA)
Medabots AX - Rokusho Ver. (USA) (Virtual Console)	6cd93829	8388608	Medabots AX - Rokusho Ver. (USA)
Medal of Honor - Infiltrator (USA, Europe) (En,Fr,De)	f23150a4	16777216	Medal of Honor - Infiltrator (USA, Europe) (En,Fr,De)
Medal of Honor - Underground (Europe) (En,Fr,Es,It) (Ubi Soft)	9db145b8	8388608	Medal of Honor - Underground (USA)
Medal of Honor - Underground (Europe) (En,Fr,Es,It) (Zoo Digital)	72b4cf20	8388608	Medal of Honor - Underground (USA)
Medal of Honor - Underground (USA)	6dfa0f50	8388608	Medal of Honor - Underground (USA)
Medal of Honor Advance (Japan)	a054a4d0	16777216	Medal of Honor - Infiltrator (USA, Europe) (En,Fr,De)
Medarot G - Kabuto (Japan)	b107c73d	8388608	Medabots AX - Metabee Ver. (USA)
Medarot G - Kabuto (Japan) (Virtual Console)	a7a84c31	8388608	Medabots AX - Metabee Ver. (USA)
Medarot G - Kuwagata (Japan)	14e3ebcc	8388608	Medabots AX - Rokusho Ver. (USA)
Medarot G - Kuwagata (Japan) (Virtual Console)	ba829eac	8388608	Medabots AX - Rokusho Ver. (USA)
Medarot Navi - Kabuto (Japan)	15450b63	8388608	Medarot Navi - Kabuto (Japan)
Medarot Navi - Kabuto (Japan) (Virtual Console)	a3d573bb	8388608	Medarot Navi - Kabuto (Japan)
Medarot Navi - Kuwagata (Japan)	e83d07d6	8388608	Medarot Navi - Kuwagata (Japan)
Medarot Navi - Kuwagata (Japan) (Virtual Console)	fe264a12	8388608	Medarot Navi - Kuwagata (Japan)
Medarot Ni Core - Kabuto (Japan)	3fcaf2d0	8388608	Medabots - Metabee (USA)
Medarot Ni Core - Kabuto (Japan) (Rev 1)	3f15feaa	8388608	Medabots - Metabee (USA)
Medarot Ni Core - Kabuto (Japan) (Rev 1) (Virtual Console)	f74c1fa3	8388608	Medabots - Metabee (USA)
Medarot Ni Core - Kuwagata (Japan)	285fe485	8388608	Medabots - Rokusho (USA)
Medarot Ni Core - Kuwagata (Japan) (Virtual Console)	2c613def	8388608	Medabots - Rokusho (USA)
Meet the Robinsons (Europe) (En,Fr,De,Es,It,Nl)	df3e58d3	8388608	Meet the Robinsons (USA)
Meet the Robinsons (USA)	3787c93c	8388608	Meet the Robinsons (USA)
Mega Man & Bass (Europe)	01b4d95e	8388608	Mega Man & Bass (USA)
Mega Man & Bass (Europe) (Virtual Console)	6e140bfa	8388608	Mega Man & Bass (USA)
Mega Man & Bass (USA)	eea68c2e	8388608	Mega Man & Bass (USA)
Mega Man & Bass (USA) (Virtual Console)	b61f99d4	8388608	Mega Man & Bass (USA)
Mega Man - Battle Chip Challenge (USA)	26be44fd	8388608	Mega Man - Battle Chip Challenge (USA)
Mega Man - Battle Chip Challenge (USA) (Virtual Console)	59fc1ef6	8388608	Mega Man - Battle Chip Challenge (USA)
Mega Man - Battle Network (USA)	1d347971	8388608	Mega Man - Battle Network (USA)
Mega Man - Battle Network (USA) (Virtual Console)	1d5d0cb6	8388608	Mega Man - Battle Network (USA)
Mega Man - Battle Network 2 (USA)	6d961f82	8388608	Mega Man - Battle Network 2 (USA)
Mega Man - Battle Network 2 (USA, Europe) (Virtual Console)	5e88c34b	8388608	Mega Man - Battle Network 2 (USA)
Mega Man - Battle Network 3 - Blue Version (USA)	c0c780f9	8388608	Mega Man - Battle Network 3 - Blue Version (USA)
Mega Man - Battle Network 3 - Blue Version (USA) (Virtual Console)	edd7106e	8388608	Mega Man - Battle Network 3 - Blue Version (USA)
Mega Man - Battle Network 3 - White Version (USA)	0be4410a	8388608	Mega Man - Battle Network 3 - White Version (USA)
Mega Man - Battle Network 3 - White Version (USA) (Virtual Console)	f1c5ac80	8388608	Mega Man - Battle Network 3 - White Version (USA)
Mega Man - Battle Network 4 - Blue Moon (USA)	758a46e9	8388608	Mega Man - Battle Network 4 - Blue Moon (USA)
Mega Man - Battle Network 4 - Blue Moon (USA) (Virtual Console)	739b7ec4	8388608	Mega Man - Battle Network 4 - Blue Moon (USA)
Mega Man - Battle Network 4 - Red Sun (USA)	2120695c	8388608	Mega Man - Battle Network 4 - Red Sun (USA)
Mega Man - Battle Network 4 - Red Sun (USA) (Virtual Console)	12e7ab52	8388608	Mega Man - Battle Network 4 - Red Sun (USA)
Mega Man - Battle Network 5 - Team Colonel (USA)	a552f683	8388608	Mega Man - Battle Network 5 - Team Colonel (USA)
Mega Man - Battle Network 5 - Team Colonel (USA) (Virtual Console)	78dd4edc	8388608	Mega Man - Battle Network 5 - Team Colonel (USA)
Mega Man - Battle Network 5 - Team Protoman (USA)	a73e83a4	8388608	Rockman EXE 5 - Team of Blues (Japan)
Mega Man - Battle Network 5 - Team Protoman (USA) (Virtual Console)	a0911541	8388608	Rockman EXE 5 - Team of Blues (Japan)
Mega Man - Battle Network 6 - Cybeast Falzar (USA)	dee6f2a9	8388608	Mega Man - Battle Network 6 - Cybeast Falzar (USA)
Mega Man - Battle Network 6 - Cybeast Falzar (USA) (Virtual Console)	c2a21be3	16777216	Mega Man - Battle Network 6 - Cybeast Falzar (USA)
Mega Man - Battle Network 6 - Cybeast Gregar (USA)	79452182	8388608	Mega Man - Battle Network 6 - Cybeast Gregar (USA)
Mega Man - Battle Network 6 - Cybeast Gregar (USA) (Virtual Console)	e7e546fe	8388608	Mega Man - Battle Network 6 - Cybeast Gregar (USA)
Mega Man Zero (USA) (Virtual Console)	9c77209c	8388608	Mega Man Zero (USA, Europe)
Mega Man Zero (USA, Europe)	9707d2a1	8388608	Mega Man Zero (USA, Europe)
Mega Man Zero 2 (USA)	ce1e37bb	8388608	Mega Man Zero 2 (USA)
Mega Man Zero 2 (USA) (Virtual Console)	30d051fe	8388608	Mega Man Zero 2 (USA)
Mega Man Zero 3 (USA)	2784f3f2	8388608	Mega Man Zero 3 (USA)
Mega Man Zero 3 (USA) (Virtual Console)	cbd24ac4	16777216	Mega Man Zero 3 (USA)
Mega Man Zero 4 (USA)	7ee24793	16777216	Mega Man Zero 4 (USA)
Mega Man Zero 4 (USA) (Virtual Console)	c4838cfa	16777216	Mega Man Zero 4 (USA)
Megaman - Battle Chip Challenge (Europe)	5b4631f9	8388608	Mega Man - Battle Chip Challenge (USA)
Megaman - Battle Chip Challenge (Europe) (Virtual Console)	24046bf2	8388608	Mega Man - Battle Chip Challenge (USA)
Megaman - Battle Network (Europe)	1a7fb4fa	8388608	Mega Man - Battle Network (USA)
Megaman - Battle Network (Europe) (Virtual Console)	1a16c13d	8388608	Mega Man - Battle Network (USA)
Megaman - Battle Network 2 (Europe)	66341f3b	8388608	Mega Man - Battle Network 2 (USA)
Megaman - Battle Network 3 - Blue Version (Europe)	1f036cba	8388608	Mega Man - Battle Network 3 - Blue Version (USA)
Megaman - Battle Network 3 - Blue Version (Europe) (Virtual Console)	3213fc2d	8388608	Mega Man - Battle Network 3 - Blue Version (USA)
Megaman - Battle Network 3 - White Version (Europe)	23d0a981	8388608	Mega Man - Battle Network 3 - White Version (USA)
Megaman - Battle Network 3 - White Version (Europe) (Virtual Console)	d9f1440b	8388608	Mega Man - Battle Network 3 - White Version (USA)
Megaman - Battle Network 4 - Blue Moon (Europe)	48758316	8388608	Mega Man - Battle Network 4 - Blue Moon (USA)
Megaman - Battle Network 4 - Blue Moon (Europe) (Virtual Console)	ad89f27d	8388608	Mega Man - Battle Network 4 - Blue Moon (USA)
Megaman - Battle Network 4 - Red Sun (Europe)	0cb136c2	8388608	Mega Man - Battle Network 4 - Red Sun (USA)
Megaman - Battle Network 4 - Red Sun (Europe) (Virtual Console)	cb3bbf74	8388608	Mega Man - Battle Network 4 - Red Sun (USA)
Megaman - Battle Network 5 - Team Colonel (Europe)	8fc8cf73	8388608	Mega Man - Battle Network 5 - Team Colonel (USA)
Megaman - Battle Network 5 - Team Colonel (Europe) (Virtual Console)	5247772c	8388608	Mega Man - Battle Network 5 - Team Colonel (USA)
Megaman - Battle Network 5 - Team Protoman (Europe)	79f45ed8	8388608	Rockman EXE 5 - Team of Blues (Japan)
Megaman - Battle Network 5 - Team Protoman (Europe) (Virtual Console)	7e5bc83d	8388608	Rockman EXE 5 - Team of Blues (Japan)
Megaman - Battle Network 6 - Cybeast Falzar (Europe)	13183967	8388608	Mega Man - Battle Network 6 - Cybeast Falzar (USA)
Megaman - Battle Network 6 - Cybeast Falzar (Europe) (Virtual Console)	8104e85a	16777216	Mega Man - Battle Network 6 - Cybeast Falzar (USA)
Megaman - Battle Network 6 - Cybeast Gregar (Europe)	25c29efb	8388608	Mega Man - Battle Network 6 - Cybeast Gregar (USA)
Megaman - Battle Network 6 - Cybeast Gregar (Europe) (Virtual Console)	bb62f987	8388608	Mega Man - Battle Network 6 - Cybeast Gregar (USA)
Megaman Zero 2 (Europe)	29a14b59	8388608	Mega Man Zero 2 (USA)
Megaman Zero 2 (Europe) (Virtual Console)	d76f2d1c	8388608	Mega Man Zero 2 (USA)
Megaman Zero 3 (Europe)	b099577f	8388608	Mega Man Zero 3 (USA)
Megaman Zero 3 (Europe) (Virtual Console)	87e8656e	8388608	Mega Man Zero 3 (USA)
Megaman Zero 4 (Europe)	b7f022b9	16777216	Mega Man Zero 4 (USA)
Megaman Zero 4 (Europe) (Virtual Console)	ffda95be	16777216	Mega Man Zero 4 (USA)
Meine Tierarztpraxis (Germany) (En,De)	13ce32e8	8388608	Paws & Claws - Pet Vet (USA)
Meine Tierpension (Germany) (En,De)	78ad82ff	8388608	Paws & Claws - Pet Resort (USA)
Meitantei Conan - Akatsuki no Monument (Japan)	c048b723	8388608	Meitantei Conan - Akatsuki no Monument (Japan)
Meitantei Conan - Nerawareta Tantei (Japan)	5f9c7a4a	8388608	Meitantei Conan - Nerawareta Tantei (Japan)
Men in Black - The Series (Europe)	56ba6858	4194304	Men in Black - The Series (USA)
Men in Black - The Series (USA)	589810a5	4194304	Men in Black - The Series (USA)
Mermaid Melody - Pichi Pichi Pitch (Japan)	63f72589	16777216	Mermaid Melody - Pichi Pichi Pitch (Japan)
Mermaid Melody - Pichi Pichi Pitch - Pichi Pichi Party (Japan)	f786ffa7	16777216	Mermaid Melody - Pichi Pichi Pitch - Pichi Pichi Party (Japan)
Mermaid Melody - Pichi Pichi Pitch - Pichi Pichitto Live Start! (Japan)	7a4fdec3	33554432	Mermaid Melody - Pichi Pichi Pitch - Pichi Pichitto Live Start! (Japan)
Metal Max 2 Kai (Japan)	bc1feaf0	4194304	Metal Max 2 Kai (Japan)
Metal Max 2 Kai (Japan) (Rev 1)	66725a09	4194304	Metal Max 2 Kai (Japan)
Metal Slug - Super Vehicle-001 (Japan) (En) (Proto)	6abf352d	16777216	Metal Slug - Super Vehicle-001 (Japan) (En) (Proto)
Metal Slug Advance (Europe)	3806f4ae	8388608	Metal Slug Advance (USA)
Metal Slug Advance (Japan)	0caba589	8388608	Metal Slug Advance (USA)
Metal Slug Advance (Japan) (Beta)	3f746ac1	8388608	Metal Slug Advance (USA)
Metal Slug Advance (USA)	09980880	8388608	Metal Slug Advance (USA)
Metalgun Slinger (Japan)	8dfb7a2f	8388608	Metalgun Slinger (Japan)
Metroid - Zero Mission (Europe) (En,Fr,De,Es,It)	f1d92e63	8388608	Metroid - Zero Mission (USA, Australia)
Metroid - Zero Mission (Europe) (En,Fr,De,Es,It) (Beta)	b6438226	16777216	Metroid - Zero Mission (USA, Australia)
Metroid - Zero Mission (Europe) (En,Fr,De,Es,It) (Virtual Console)	3ab66d36	8388608	Metroid - Zero Mission (USA, Australia)
Metroid - Zero Mission (Japan)	44b79e2b	8388608	Metroid - Zero Mission (USA, Australia)
Metroid - Zero Mission (Japan) (Virtual Console)	220b68f5	8388608	Metroid - Zero Mission (USA, Australia)
Metroid - Zero Mission (USA) (Beta)	922c4a10	16777216	Metroid - Zero Mission (USA, Australia)
Metroid - Zero Mission (USA) (Virtual Console)	8825294a	8388608	Metroid - Zero Mission (USA, Australia)
Metroid - Zero Mission (USA, Australia)	5c61a844	8388608	Metroid - Zero Mission (USA, Australia)
Metroid Fusion (Europe) (En,Fr,De,Es,It)	974e46ab	8388608	Metroid Fusion (USA)
Metroid Fusion (Europe) (En,Fr,De,Es,It) (Beta 1)	3acbd239	16777216	Metroid Fusion (USA)
Metroid Fusion (Europe) (En,Fr,De,Es,It) (Beta 2)	1605e4f7	8388608	Metroid Fusion (USA)
Metroid Fusion (Europe) (En,Fr,De,Es,It) (Virtual Console)	eee01b78	8388608	Metroid Fusion (USA)
Metroid Fusion (Japan)	817a7e9e	8388608	Metroid Fusion (USA)
Metroid Fusion (Japan) (Virtual Console)	6e06bed9	8388608	Metroid Fusion (USA)
Metroid Fusion (USA)	6c75479c	8388608	Metroid Fusion (USA)
Metroid Fusion (USA) (Virtual Console)	162a46b8	8388608	Metroid Fusion (USA)
Mezase! Koushien (Japan)	50e473a8	8388608	Mezase! Koushien (Japan)
Mickey no Pocket Resort (Japan)	edb264b8	8388608	Disney's Party (USA, Europe) (En,Fr,De,Es,It)
Mickey to Donald no Magical Quest 3 (Japan)	32d851f7	4194304	Magical Quest 3 Starring Mickey & Donald (USA) (En,Fr,De)
Mickey to Minnie no Magical Quest (Japan)	bbae85c8	4194304	Magical Quest Starring Mickey & Minnie (USA)
Mickey to Minnie no Magical Quest 2 (Japan)	092a7d0a	4194304	Magical Quest 2 Starring Mickey & Minnie (USA) (En,Fr,De)
Micro Machines (Europe) (En,Fr,De,Es,It)	9d102c82	4194304	Micro Machines (Europe) (En,Fr,De,Es,It)
Midnight Club - Street Racing (Europe) (En,Fr,De,Es,It)	091230c6	4194304	Midnight Club - Street Racing (USA)
Midnight Club - Street Racing (USA)	911be520	4194304	Midnight Club - Street Racing (USA)
Midway's Greatest Arcade Hits (USA, Europe)	c01c4d0a	4194304	Midway's Greatest Arcade Hits (USA, Europe)
Mighty Beanz - Pocket Puzzles (USA)	54df36da	4194304	Mighty Beanz - Pocket Puzzles (USA)
Mijn Dierenpension (Netherlands) (En,Nl)	310eb2fe	8388608	Paws & Claws - Pet Resort (USA)
Mijn Dierenpraktijk (Netherlands) (En,Nl)	227a5430	8388608	Paws & Claws - Pet Vet (USA)
Mike Tyson Boxing (Europe) (En,Fr,De,Es,It)	b9566812	4194304	Mike Tyson Boxing (USA) (En,Fr,De,Es,It)
Mike Tyson Boxing (USA) (En,Fr,De,Es,It)	48109f8d	4194304	Mike Tyson Boxing (USA) (En,Fr,De,Es,It)
Minami no Umi no Odyssey (Japan)	6e53115b	4194304	Minami no Umi no Odyssey (Japan)
Mini Moni. - Mika no Happy Morning Chatty (Japan)	492cf823	8388608	Mini Moni. - Mika no Happy Morning Chatty (Japan)
Mini Moni. - Onegai Ohoshi-sama! (Japan)	f11c35cc	8388608	Mini Moni. - Onegai Ohoshi-sama! (Japan)
Minna de Puyo Puyo (Japan) (En,Ja)	857fb1ef	8388608	Puyo Pop (USA) (En,Ja)
Minna no Ouji-sama (Japan)	19dc05e6	33554432	Minna no Ouji-sama (Japan)
Minna no Shiiku Series - Boku no Kabuto, Kuwagata (Japan)	20e296a6	8388608	Minna no Shiiku Series - Boku no Kabuto, Kuwagata (Japan)
Minna no Shiiku Series 1 - Boku no Kabutomushi (Japan)	f83fe589	4194304	Minna no Shiiku Series 1 - Boku no Kabutomushi (Japan)
Minna no Shiiku Series 2 - Boku no Kuwagata (Japan)	c0ba281d	4194304	Minna no Shiiku Series 2 - Boku no Kuwagata (Japan)
Minna no Soft Series - Happy Trump 20 (Japan)	d0ef2bc4	4194304	Minna no Soft Series - Happy Trump 20 (Japan)
Minna no Soft Series - Hyokkori Hyoutan-jima - Don Gabacho Daikatsuyaku no Maki (Japan)	481d1d5f	4194304	Minna no Soft Series - Hyokkori Hyoutan-jima - Don Gabacho Daikatsuyaku no Maki (Japan)
Minna no Soft Series - Minna no Mahjong (Japan)	66b779b0	4194304	Minna no Soft Series - Minna no Mahjong (Japan)
Minna no Soft Series - Minna no Shougi (Japan)	08b62391	4194304	Minna no Soft Series - Minna no Shougi (Japan)
Minna no Soft Series - Minna no Shougi (Japan) (Rev 1)	c62c15c6	4194304	Minna no Soft Series - Minna no Shougi (Japan)
Minna no Soft Series - Numpla Advance (Japan)	044c6f68	4194304	Dr. Sudoku (USA)
Minna no Soft Series - Shanghai (Japan)	feefeddc	4194304	Minna no Soft Series - Shanghai (Japan)
Minna no Soft Series - Shanghai (Japan) (Rev 1)	28a8dc30	4194304	Minna no Soft Series - Shanghai (Japan)
Minna no Soft Series - Tetris Advance (Japan)	67c92883	4194304	Minna no Soft Series - Tetris Advance (Japan)
Minna no Soft Series - Tetris Advance (Japan) (Rev 1)	524d0749	4194304	Minna no Soft Series - Tetris Advance (Japan)
Minna no Soft Series - Zooo (Japan)	72eb35e3	4194304	Zooo - Action Puzzle Game (Europe) (En,Fr,De,Es,It)
Minority Report - Everybody Runs (USA, Europe)	3d56ead6	8388608	Minority Report - Everybody Runs (USA, Europe)
Mirakuru! Panzou - 7-tsu no Hoshi no Uchuu Kaizoku (Japan)	3a87f78b	4194304	Mirakuru! Panzou - 7-tsu no Hoshi no Uchuu Kaizoku (Japan)
Mission Impossible - Operation Surma (Europe) (En,Fr,De,Es,It)	45de1669	4194304	Mission Impossible - Operation Surma (USA) (En,Fr,Es)
Mission Impossible - Operation Surma (USA) (En,Fr,Es)	f3dc4e3e	4194304	Mission Impossible - Operation Surma (USA) (En,Fr,Es)
Miteluode - Lingdian Renwu (China)	e951865c	8388608	Metroid - Zero Mission (USA, Australia)
Miteluode Ronghe (China)	042e5b07	8388608	Metroid Fusion (USA)
Mobile Pro Yakyuu - Kantoku no Saihai (Japan)	8df8a0c0	8388608	Mobile Pro Yakyuu - Kantoku no Saihai (Japan)
Mobile Suit Gundam SEED - Battle Assault (USA)	180d1491	4194304	Mobile Suit Gundam SEED - Battle Assault (USA)
Moero!! Jaleco Collection (Japan)	6da36e82	4194304	Moero!! Jaleco Collection (Japan)
Momotarou Dentetsu G - Gold Deck o Tsukure! (Japan)	5f3e184e	16777216	Momotarou Dentetsu G - Gold Deck o Tsukure! (Japan)
Momotarou Matsuri (Japan) (Rev 1)	bf0523d1	4194304	Momotarou Matsuri (Japan) (Rev 1)
Monopoly (Europe) (En,Fr,De,Es)	7b113397	4194304	Monopoly (USA)
Monopoly (USA)	b01cbc07	4194304	Monopoly (USA)
Monster AG, Die (Germany)	a23cb45f	4194304	Monsters, Inc. (USA, Europe)
Monster Farm Advance (Japan)	c140ff7a	8388608	Monster Rancher Advance (USA)
Monster Farm Advance 2 (Japan)	1b14cf53	8388608	Monster Rancher Advance 2 (USA)
Monster Force (Europe) (En,Fr,De,Es,It)	137b0f9a	8388608	Monster Force (USA)
Monster Force (USA)	ad4691d9	8388608	Monster Force (USA)
Monster Gate (Japan)	5b8aaa03	8388608	Monster Gate (Japan)
Monster Gate (Japan) (Rev 1)	7960926c	8388608	Monster Gate (Japan)
Monster Gate - Ooinaru Dungeon - Fuuin no Orb (Japan)	05ac7685	8388608	Monster Gate - Ooinaru Dungeon - Fuuin no Orb (Japan)
Monster Guardians (Japan)	93815cde	8388608	Monster Guardians (Japan)
Monster House (Europe)	aa2c1837	8388608	Monster House (USA) (En,Fr)
Monster House (Europe) (En,Fr,De,Es)	21c84334	8388608	Monster House (USA) (En,Fr)
Monster House (USA) (En,Fr)	148b5072	8388608	Monster House (USA) (En,Fr)
Monster Jam - Maximum Destruction (Europe)	c3ad7701	8388608	Monster Jam - Maximum Destruction (USA)
Monster Jam - Maximum Destruction (USA)	43d9b9f1	8388608	Monster Jam - Maximum Destruction (USA)
Monster Maker 4 - Flash Card (Japan)	5e2c90ae	8388608	Monster Maker 4 - Flash Card (Japan)
Monster Maker 4 - Killer Dice (Japan)	f77e6ecf	8388608	Monster Maker 4 - Killer Dice (Japan)
Monster Rancher Advance (USA)	42cfa4b5	8388608	Monster Rancher Advance (USA)
Monster Rancher Advance 2 (USA)	1d695b1b	8388608	Monster Rancher Advance 2 (USA)
Monster Summoner (Japan)	f8a085e2	8388608	Monster Summoner (Japan)
Monster Truck Madness (USA, Europe)	dd872538	4194304	Monster Truck Madness (USA, Europe)
Monster Trucks (USA, Europe)	4a72170a	4194304	Monster Trucks (USA, Europe)
Monster Trucks Mayhem (Europe) (En,Fr,De,Es,It)	31500381	4194304	Monster Trucks Mayhem (USA)
Monster Trucks Mayhem (USA)	f47c5cf9	4194304	Monster Trucks Mayhem (USA)
Monster! Bass Fishing (Europe)	14db186b	4194304	Monster! Bass Fishing (USA)
Monster! Bass Fishing (USA)	3edba390	4194304	Monster! Bass Fishing (USA)
Monsters, Inc. (Europe) (En,Es,Nl)	d13177e0	4194304	Monsters, Inc. (USA, Europe)
Monsters, Inc. (Europe) (En,Fr,It)	d2c53ab8	4194304	Monsters, Inc. (USA, Europe)
Monsters, Inc. (Japan)	0dfff34f	4194304	Monsters, Inc. (USA, Europe)
Monsters, Inc. (USA, Europe)	327834c9	4194304	Monsters, Inc. (USA, Europe)
Moorhen 3 - The Chicken Chase! (Europe) (En,Fr,De,Es,It)	a16c10a8	4194304	Moorhen 3 - The Chicken Chase! (Europe) (En,Fr,De,Es,It)
Morita Shougi Advance (Japan)	149e01b7	4194304	Morita Shougi Advance (Japan)
Morning Adventure, The (Spain) (Promo)	b734eb4e	4194304	Morning Adventure, The (Spain) (Promo)
Mortal Kombat - Deadly Alliance (Europe) (En,Fr,De,Es,It)	fb291cca	16777216	Mortal Kombat - Deadly Alliance (USA) (En,Fr,De,Es,It)
Mortal Kombat - Deadly Alliance (USA) (En,Fr,De,Es,It)	a29ba64f	16777216	Mortal Kombat - Deadly Alliance (USA) (En,Fr,De,Es,It)
Mortal Kombat - Tournament Edition (USA) (En,Fr,De,Es,It)	968be7bc	16777216	Mortal Kombat - Tournament Edition (USA) (En,Fr,De,Es,It)
Mortal Kombat Advance (Europe)	78b4b5c7	8388608	Mortal Kombat Advance (USA)
Mortal Kombat Advance (USA)	bcdabb47	8388608	Mortal Kombat Advance (USA)
Mother 1+2 (Japan)	0a44569c	16777216	Mother 1+2 (Japan)
Mother 3 (Japan)	42ac9cb9	33554432	Mother 3 (Japan)
Mother 3 (Japan) (Virtual Console)	c704a567	33554432	Mother 3 (Japan)
Moto Racer Advance (Europe) (En,Fr,De,Es,It)	8cb19da0	4194304	Moto Racer Advance (USA) (En,Fr,De,Es,It)
Moto Racer Advance (USA) (En,Fr,De,Es,It)	2fdbe7a8	4194304	Moto Racer Advance (USA) (En,Fr,De,Es,It)
MotoGP (Europe) (Beta)	508bf8dc	4194304	MotoGP (USA) (En,Fr,De,Es,It)
MotoGP (Europe) (En,Fr,De,Es,It)	c6d17d0d	4194304	MotoGP (USA) (En,Fr,De,Es,It)
MotoGP (Japan) (En)	4f6d7e49	4194304	MotoGP (USA) (En,Fr,De,Es,It)
MotoGP (USA) (En,Fr,De,Es,It)	8ee93eb8	4194304	MotoGP (USA) (En,Fr,De,Es,It)
Motocross Challenge (USA) (Proto)	e5a7de43	4194304	Motocross Challenge (USA) (Proto)
Motocross Maniacs Advance (Japan)	043a3554	4194304	Motocross Maniacs Advance (USA) (En,Es)
Motocross Maniacs Advance (USA) (En,Es)	0a0faef4	4194304	Motocross Maniacs Advance (USA) (En,Es)
Mr Nutz (Europe) (En,Fr,De,Es,It)	7f21d693	4194304	Mr Nutz (Europe) (En,Fr,De,Es,It)
Mr. Driller 2 (Europe)	c0e9eebe	4194304	Mr. Driller 2 (USA)
Mr. Driller 2 (Europe) (Virtual Console)	b789dac5	4194304	Mr. Driller 2 (USA)
Mr. Driller 2 (Japan)	5264c730	4194304	Mr. Driller 2 (USA)
Mr. Driller 2 (Japan) (Virtual Console)	125c2e01	4194304	Mr. Driller 2 (USA)
Mr. Driller 2 (USA)	02f51696	4194304	Mr. Driller 2 (USA)
Mr. Driller 2 (USA) (Virtual Console)	ec7869ae	4194304	Mr. Driller 2 (USA)
Mr. Driller A - Fushigi na Pacteria (Japan)	529f06a4	8388608	Mr. Driller A - Fushigi na Pacteria (Japan)
Mr. Driller A - Fushigi na Pacteria (Japan) (Virtual Console)	5f595157	8388608	Mr. Driller A - Fushigi na Pacteria (Japan)
Mr. Incredible (Japan)	73fa8b2a	8388608	Incredibles, The (USA, Europe)
Mr. Incredible - Kyouteki Underminer Toujou (Japan)	667f54ca	8388608	Incredibles, The - Rise of the Underminer (USA, Europe)
Ms. Pac-Man - Maze Madness (Europe) (En,Fr,De,Es,It)	6e03fd6a	4194304	Ms. Pac-Man - Maze Madness (USA)
Ms. Pac-Man - Maze Madness (USA)	dde5df02	4194304	Ms. Pac-Man - Maze Madness (USA)
Mucha Lucha! - Mascaritas of the Lost Code (USA) (En,Fr,Es)	03bbc0c9	4194304	Mucha Lucha! - Mascaritas of the Lost Code (USA) (En,Fr,Es)
Mugenborg (Japan)	1c31bbec	8388608	Mugenborg (Japan)
Mummy, The (Europe) (En,Fr,De,Es,It)	b0f3799f	4194304	Mummy, The (USA) (En,Fr,De,Es,It)
Mummy, The (USA) (En,Fr,De,Es,It)	55bf350b	4194304	Mummy, The (USA) (En,Fr,De,Es,It)
Muppet Pinball Mayhem (Europe)	8d5034d7	4194304	Muppet Pinball Mayhem (USA)
Muppet Pinball Mayhem (USA)	58575f65	4194304	Muppet Pinball Mayhem (USA)
Muppets, The - On with the Show! (USA, Europe) (En,Fr,De,Es,It,Nl)	17cd149a	8388608	Muppets, The - On with the Show! (USA, Europe) (En,Fr,De,Es,It,Nl)
Mutsu - Water Looper Mutsu (Japan)	3a45a6d9	4194304	Mutsu - Water Looper Mutsu (Japan)
My Animal Centre in Africa (Europe) (En,Fr,De,Es,It)	d4f6c94d	33554432	My Animal Centre in Africa (Europe) (En,Fr,De,Es,It)
My Little Pony - Crystal Princess - The Runaway Rainbow (USA)	90dbd5eb	4194304	My Little Pony - Crystal Princess - The Runaway Rainbow (USA)
NASCAR Heat 2002 (USA)	87e15f5b	4194304	NASCAR Heat 2002 (USA)
NBA Jam 2002 (USA, Europe)	ca428a7a	4194304	NBA Jam 2002 (USA, Europe)
NES Classics - Castlevania (Europe)	497e3279	1048576	Classic NES Series - Castlevania (USA)
NFL Blitz 2002 (USA)	8c748dcb	4194304	NFL Blitz 2002 (USA)
NFL Blitz 2003 (USA)	e0b137e7	4194304	NFL Blitz 2003 (USA)
NHL 2002 (USA)	d1d9e515	4194304	NHL 2002 (USA)
NHL Hitz 2003 (USA)	4f1adf75	4194304	NHL Hitz 2003 (USA)
Nakayoshi Mahjong - KabuReach (Japan)	d0c608f6	4194304	Nakayoshi Mahjong - KabuReach (Japan)
Nakayoshi Pet Advance Series 1 - Kawaii Hamster (Japan)	74930b16	4194304	Nakayoshi Pet Advance Series 1 - Kawaii Hamster (Japan)
Nakayoshi Pet Advance Series 2 - Kawaii Koinu (Japan)	954da3e6	4194304	Nakayoshi Pet Advance Series 2 - Kawaii Koinu (Japan)
Nakayoshi Pet Advance Series 3 - Kawaii Koneko (Japan)	0290dfb5	4194304	Catz (USA, Europe)
Nakayoshi Pet Advance Series 3 - Kawaii Koneko (Japan) (Rev 1)	89fbeb55	4194304	Catz (USA, Europe)
Nakayoshi Pet Advance Series 4 - Kawaii Koinu Mini - Wanko to Asobou!! Kogata-ken (Japan)	ae2a69f3	4194304	Nakayoshi Pet Advance Series 4 - Kawaii Koinu Mini - Wanko to Asobou!! Kogata-ken (Japan)
Nakayoshi Youchien - Sukoyaka Enji Ikusei Game (Japan)	1276a95c	4194304	Nakayoshi Youchien - Sukoyaka Enji Ikusei Game (Japan)
Nakayoshi Youchien - Sukoyaka Enji Ikusei Game (Japan) (Rev 1)	b46daca0	4194304	Nakayoshi Youchien - Sukoyaka Enji Ikusei Game (Japan)
Namco Museum (Europe)	bb82460a	4194304	Namco Museum (USA)
Namco Museum (Japan) (En)	818f4e4b	4194304	Namco Museum (USA)
Namco Museum (USA)	c58a04c1	4194304	Namco Museum (USA)
Namco Museum - 50th Anniversary (Europe) (En,Fr,De,Es,It)	2f098a42	4194304	Namco Museum - 50th Anniversary (USA)
Namco Museum - 50th Anniversary (USA)	38da81fe	4194304	Namco Museum - 50th Anniversary (USA)
Nancy Drew - Message in a Haunted Mansion (USA)	7652cd25	4194304	Nancy Drew - Message in a Haunted Mansion (USA)
Napoleon (Japan)	fa016764	8388608	Napoleon (Japan)
Napoleon (Japan) (Virtual Console)	e830450a	8388608	Napoleon (Japan)
Narikiri Jockey Game - Yuushun Rhapsody (Japan)	0ff11189	8388608	Narikiri Jockey Game - Yuushun Rhapsody (Japan)
Naruto - Konoha Senki (Japan)	11829afa	8388608	Naruto - Konoha Senki (Japan)
Naruto - Konoha Senki (Japan) (Rev 1)	69cf0418	8388608	Naruto - Konoha Senki (Japan)
Naruto - Ninja Council (USA)	c402878c	8388608	Naruto - Ninja Council (USA)
Naruto - Ninja Council 2 (USA)	94699fca	8388608	Naruto - Ninja Council 2 (USA)
Naruto - Ninjutsu Zenkai! Saikyou Ninja Daikesshuu (Japan)	e15875fc	8388608	Naruto - Ninja Council (USA)
Naruto - Ninjutsu Zenkai! Saikyou Ninja Daikesshuu (Japan) (Rev 1)	f5f8ecb4	8388608	Naruto - Ninja Council (USA)
Naruto - Saikyou Ninja Daikesshuu 2 (Japan)	b3d75ce1	8388608	Naruto - Ninja Council 2 (USA)
Naruto - Saikyou Ninja Daikesshuu 2 (Japan) (Demo) (Kiosk, GameCube)	ba1f514a	8388608	Naruto - Ninja Council 2 (USA)
Naruto RPG - Uketsugareshi Hi no Ishi (Japan)	c036d0f0	8388608	Naruto RPG - Uketsugareshi Hi no Ishi (Japan)
Naruto RPG - Uketsugareshi Hi no Ishi (Japan) (Demo) (Kiosk, GameCube)	502e4a7d	8388608	Naruto RPG - Uketsugareshi Hi no Ishi (Japan)
Naruto RPG - Uketsugareshi Hi no Ishi (Japan) (Rev 1)	2bf6555a	8388608	Naruto RPG - Uketsugareshi Hi no Ishi (Japan)
Natural 2 - Duo (Japan)	0de8b4b4	8388608	Natural 2 - Duo (Japan)
Need for Speed - Carbon - Own the City (USA, Europe) (En,Fr,De,Es,It)	f4c0d140	8388608	Need for Speed - Carbon - Own the City (USA, Europe) (En,Fr,De,Es,It)
Need for Speed - Most Wanted (USA, Europe) (En,Fr,De,It)	ea15a16e	8388608	Need for Speed - Most Wanted (USA, Europe) (En,Fr,De,It)
Need for Speed - Porsche Unleashed (Europe) (En,Fr,De,Es,It)	1b6b8f88	4194304	Need for Speed - Porsche Unleashed (USA)
Need for Speed - Porsche Unleashed (USA)	99078af4	4194304	Need for Speed - Porsche Unleashed (USA)
Need for Speed - Underground (USA, Europe) (En,Fr,De,It)	828020e9	8388608	Need for Speed - Underground (USA, Europe) (En,Fr,De,It)
Need for Speed - Underground 2 (USA, Europe) (En,Fr,De,It)	9a0c5090	8388608	Need for Speed - Underground 2 (USA, Europe) (En,Fr,De,It)
Neoromance Game - Harukanaru Toki no Naka de (Japan)	bf12b590	8388608	Neoromance Game - Harukanaru Toki no Naka de (Japan)
Neoromance Game - Harukanaru Toki no Naka de (Japan) (Rev 1)	e4fe52db	8388608	Neoromance Game - Harukanaru Toki no Naka de (Japan)
Next Generation Tennis (Europe) (En,Fr,De,Es,It,Pt)	5297693a	4194304	Next Generation Tennis (Europe) (En,Fr,De,Es,It,Pt)
Nicktoons - Attack of the Toybots (USA)	dda9a035	4194304	Nicktoons - Attack of the Toybots (USA)
Nicktoons - Battle for Volcano Island (USA)	feafbd72	4194304	Nicktoons - Battle for Volcano Island (USA)
Nicktoons - Freeze Frame Frenzy (USA)	a8b6766e	4194304	Nicktoons - Freeze Frame Frenzy (USA)
Nicktoons Racing (Europe) (En,Fr,De,Es,It)	babccefd	4194304	Nicktoons Racing (USA)
Nicktoons Racing (USA)	50ab9bb6	4194304	Nicktoons Racing (USA)
Nicktoons Racing (USA) (Beta)	4ed6e860	4194304	Nicktoons Racing (USA)
Nicktoons Unite! (USA)	75c35f7c	4194304	Nicktoons Unite! (USA)
Nihon Pro Mahjong Renmei Kounin - Tetsuman Advance - Menkyo Kaiden Series (Japan)	085c1184	4194304	Nihon Pro Mahjong Renmei Kounin - Tetsuman Advance - Menkyo Kaiden Series (Japan)
Ninja Cop (Europe)	c14295b1	4194304	Ninja Five-O (USA)
Ninja Cop (Europe) (Limited Run Games)	82fd50cb	4194304	Ninja Five-O (USA)
Ninja Five-O (USA)	eb3954c6	4194304	Ninja Five-O (USA)
Ninja Five-O (USA) (Limited Run Games)	a0f5cde4	4194304	Ninja Five-O (USA)
No No No Puzzle Chailien (Japan)	1b00bc2c	8388608	No No No Puzzle Chailien (Japan)
No Rules - Get Phat (USA, Europe) (En,Fr,De,Es,It,Nl)	966fa650	8388608	No Rules - Get Phat (USA, Europe) (En,Fr,De,Es,It,Nl)
Nobunaga Ibun (Japan)	526ab88e	8388608	Nobunaga Ibun (Japan)
Nobunaga no Yabou (Japan)	ef23c79e	4194304	Nobunaga no Yabou (Japan)
Noddy - A Day in Toyland (Europe) (En,Fr,Es,It,Nl,Pt,Da)	607ddc6b	4194304	Noddy - A Day in Toyland (USA) (En,Fr,Es)
Noddy - A Day in Toyland (USA) (En,Fr,Es)	f906c5b6	4194304	Noddy - A Day in Toyland (USA) (En,Fr,Es)
Nos Voisins, les Hommes (France)	eb7c8402	8388608	Over the Hedge (USA)
Nyan Nyan Nyanko no NyanCollection (Japan)	685e62ba	8388608	Nyan Nyan Nyanko no NyanCollection (Japan)
Ochaken Kururin - Honwaka Puzzle de Hotto Shiyo (Japan)	eecdd3ef	4194304	Ochaken Kururin - Honwaka Puzzle de Hotto Shiyo (Japan)
Ochaken no Bouken-jima - Honwaka Yume no Island (Japan)	61e2799a	8388608	Ochaken no Bouken-jima - Honwaka Yume no Island (Japan)
Ochaken no Heya (Japan)	c22ce53e	8388608	Ochaken no Heya (Japan)
Ochaken no Yume Bouken (Japan)	2937a9cd	8388608	Ochaken no Yume Bouken (Japan)
Oddworld - Munch's Oddysee (Germany)	fcc570a7	8388608	Oddworld - Munch's Oddysee (USA, Europe)
Oddworld - Munch's Oddysee (USA, Europe)	97367887	8388608	Oddworld - Munch's Oddysee (USA, Europe)
Ohanaya-san Monogatari GBA - Iyashikei Ohanaya-san Ikusei Game (Japan)	d5059733	8388608	Ohanaya-san Monogatari GBA - Iyashikei Ohanaya-san Ikusei Game (Japan)
Ojarumaru - Gekkouchou Sanpo de Ojaru (Japan)	6043595e	4194304	Ojarumaru - Gekkouchou Sanpo de Ojaru (Japan)
Okumanchouja Game - Nottori Daisakusen! (Japan)	07022c3a	4194304	Okumanchouja Game - Nottori Daisakusen! (Japan)
One Piece (USA)	7d2cf2a1	8388608	One Piece (USA)
One Piece - Dragon Dream (Japan)	08cff461	16777216	One Piece - Dragon Dream (Japan)
One Piece - Going Baseball - Haejeok Yaku (Korea)	66928f27	8388608	One Piece - Going Baseball - Kaizoku Yakyuu (Japan)
One Piece - Going Baseball - Kaizoku Yakyuu (Japan)	0b77bcb8	8388608	One Piece - Going Baseball - Kaizoku Yakyuu (Japan)
One Piece - Ilgop Seomui Debomool (Korea)	05e56a4d	8388608	From TV Animation One Piece - Nanatsu-jima no Daihihou (Japan)
Onimusha Tactics (Europe)	63aa930a	8388608	Onimusha Tactics (USA)
Onimusha Tactics (Japan)	b521c635	8388608	Onimusha Tactics (USA)
Onimusha Tactics (USA)	70475d7f	8388608	Onimusha Tactics (USA)
Onmyou Taisenki - Zeroshiki (Japan)	66c29472	8388608	Onmyou Taisenki - Zeroshiki (Japan)
Open Season (Europe) (En,Fr,De,Es,It,Sv,No,Da,Fi)	4c8f6fdc	8388608	Open Season (USA) (En,Fr,Es)
Open Season (Europe) (En,Fr,Es,Nl)	51b0a94b	8388608	Open Season (USA) (En,Fr,Es)
Open Season (USA) (En,Fr,Es)	e6a1d5b2	8388608	Open Season (USA) (En,Fr,Es)
Operation Armored Liberty (USA)	8f289e0b	4194304	Operation Armored Liberty (USA)
Oriental Blue - Ao no Tengai (Japan)	05e80ecc	16777216	Oriental Blue - Ao no Tengai (Japan)
Oshaberi Inko Club (Japan)	df6901f0	8388608	Oshaberi Inko Club (Japan)
Oshaberi Inko Club (Japan) (Beta)	f896bb9e	8388608	Oshaberi Inko Club (Japan)
Oshare Princess (Japan)	5a2299e1	4194304	Oshare Princess (Japan)
Oshare Princess 2 + Doubutsu Kyaranabi Uranai (Japan)	8383fcda	8388608	Oshare Princess 2 + Doubutsu Kyaranabi Uranai (Japan)
Oshare Princess 3 (Japan)	f1e8a261	8388608	Oshare Princess 3 (Japan)
Oshare Princess 5 (Japan)	38af35c1	8388608	Oshare Princess 5 (Japan)
Oshare Wanko (Japan)	1cc60c27	8388608	Dogz - Fashion (USA)
Ottifanten Pinball (Germany)	77a84969	4194304	Ottifanten Pinball (Germany)
Ougon no Taiyou - Hirakareshi Fuuin (Japan)	fb96d9de	8388608	Golden Sun (USA, Europe)
Ougon no Taiyou - Ushinawareshi Toki (Japan)	830b795f	16777216	Golden Sun - The Lost Age (USA, Europe)
Ougon no Taiyou - Ushinawareshi Toki (Japan) (Virtual Console)	8c9ec3da	16777216	Golden Sun - The Lost Age (USA, Europe)
Over the Hedge (Europe)	c7023309	8388608	Over the Hedge (USA)
Over the Hedge (USA)	5f3a7bb7	8388608	Over the Hedge (USA)
Over the Hedge - Beesten bij de Buren (Netherlands)	cf0f07c7	8388608	Over the Hedge (USA)
Over the Hedge - Hammy Goes Nuts! (Europe) (En,Fr,De,Es,It,Nl)	8f1b100d	8388608	Over the Hedge - Hammy Goes Nuts! (USA)
Over the Hedge - Hammy Goes Nuts! (USA)	b9d4e9e7	8388608	Over the Hedge - Hammy Goes Nuts! (USA)
Overstorm (Europe) (Proto)	ee764cf6	3470916	Overstorm (Europe) (Proto)
Ozzy & Drix (USA)	d7245280	8388608	Ozzy & Drix (USA)
Paard & Pony - Mijn Manege (Netherlands) (En,Nl)	1f2708d5	4194304	Let's Ride! - Sunshine Stables (USA)
Paard & Pony - Paard in Galop (Netherlands) (En,Nl)	b6fc77f3	4194304	Let's Ride! - Dreamer (USA)
Pac-Man Collection (Europe)	e1578d25	4194304	Pac-Man Collection (USA)
Pac-Man Collection (Europe) (Virtual Console)	1585b57b	4194304	Pac-Man Collection (USA)
Pac-Man Collection (Japan) (En)	b0fddb8f	4194304	Pac-Man Collection (USA)
Pac-Man Collection (Japan) (En) (Virtual Console)	0fcb1a0c	4194304	Pac-Man Collection (USA)
Pac-Man Collection (USA)	6e5c16f4	4194304	Pac-Man Collection (USA)
Pac-Man Collection (USA) (Virtual Console)	9a8e2eaa	4194304	Pac-Man Collection (USA)
Pac-Man Pinball Advance (Europe) (En,Fr,De,Es,It)	3e70bf4d	4194304	Pac-Man Pinball Advance (USA)
Pac-Man Pinball Advance (USA)	da4e1109	4194304	Pac-Man Pinball Advance (USA)
Pac-Man World & Ms. Pac-Man - Maze Madness (Europe) (En,Fr,De,Es,It)	b68b84c1	8388608	2 Great Games! - Pac-Man World + Ms. Pac-Man - Maze Madness (USA)
Pac-Man World (Europe) (En,Fr,De,Es,It)	1f92814e	8388608	Pac-Man World (USA)
Pac-Man World (USA)	b2a4fc78	8388608	Pac-Man World (USA)
Pac-Man World 2 (Europe) (En,Fr,De,Es,It)	a45eb4d2	4194304	Pac-Man World 2 (USA)
Pac-Man World 2 (USA)	814a7d33	4194304	Pac-Man World 2 (USA)
Pac-Man World 2 (USA) (Beta)	b645b5ef	4194304	Pac-Man World 2 (USA)
Paws & Claws - Best Friends - Dogs & Cats (USA)	6ecf40a0	8388608	Paws & Claws - Best Friends - Dogs & Cats (USA)
Paws & Claws - Pet Resort (USA)	e58da71e	4194304	Paws & Claws - Pet Resort (USA)
Paws & Claws - Pet Vet (USA)	efee1ddf	8388608	Paws & Claws - Pet Vet (USA)
Payback (Europe) (En,Fr,De,Es,It)	962dd201	8388608	Payback (Europe) (En,Fr,De,Es,It)
Pazuninn - Umininn no Puzzle de Nimu (Japan)	8daa89c9	4194304	Gem Smashers (USA)
Penny Racers (Europe)	8fddd48b	4194304	Gadget Racers (USA)
Perplexus Diodomin (Europe) (Proto)	3442f9cf	1681812	Perplexus Diodomin (Europe) (Proto)
Peter Pan - Return to Neverland (Europe) (En,Fr,De,Es,It,Nl)	be7d574c	8388608	Peter Pan - Return to Neverland (USA)
Peter Pan - Return to Neverland (Europe) (En,Fr,De,Es,It,Nl) (Rev 1)	4c682cc3	8388608	Peter Pan - Return to Neverland (USA)
Peter Pan - Return to Neverland (USA)	4cafccbd	8388608	Peter Pan - Return to Neverland (USA)
Peter Pan - Return to Neverland (USA) (Rev 1)	431dfea8	8388608	Peter Pan - Return to Neverland (USA)
Peter Pan - The Motion Picture Event (Europe) (En,Fr,De,Es,It)	98c27e8a	4194304	Peter Pan - The Motion Picture Event (USA)
Peter Pan - The Motion Picture Event (USA)	8ac558ce	4194304	Peter Pan - The Motion Picture Event (USA)
Petz - Hamsterz Life 2 (USA)	9f0e4a6a	8388608	Petz - Hamsterz Life 2 (USA)
Petz Vet (USA)	1dbf4d3d	8388608	Petz Vet (USA)
Pferd & Pony - Best Friends - Mein Pferd (Germany) (En,De)	aa02cb0c	8388608	Let's Ride! - Friends Forever (USA)
Pferd & Pony - Lass Uns Reiten 2 (Germany) (En,De)	6217469f	4194304	Let's Ride! - Dreamer (USA)
Pferd & Pony - Mein Gestuet (Germany) (En,De)	2819bdf5	8388608	Horsez (USA)
Pferd & Pony - Mein Pferdehof & Pferd and Pony - Lass Uns Reiten 2 (Germany)	965391ea	8388608	Pferd & Pony - Mein Pferdehof & Pferd and Pony - Lass Uns Reiten 2 (Germany)
Pferd & Pony - Mein Pferdehof (Germany) (En,De)	cc74b433	4194304	Let's Ride! - Sunshine Stables (USA)
Phalanx (Europe) (En,Fr,De,Es,It,Nl)	dfcfe06c	4194304	Phalanx (USA)
Phalanx (Japan)	5f419f32	4194304	Phalanx (USA)
Phalanx (USA)	eb733713	4194304	Phalanx (USA)
Phantasy Star Collection (Europe)	4d9c671b	8388608	Phantasy Star Collection (USA)
Phantasy Star Collection (USA)	e5a7fe17	8388608	Phantasy Star Collection (USA)
Phantom, The (Italy) (Proto)	5833169c	8388608	Phantom, The (Italy) (Proto)
Phil of the Future (USA)	e199e132	8388608	Phil of the Future (USA)
Pia Carrot e Youkoso!! 3.3 (Japan)	254e6f31	8388608	Pia Carrot e Youkoso!! 3.3 (Japan)
Piglet's Big Game (Europe) (En,Fr,De,Es,It,Nl)	ff5c9636	8388608	Piglet's Big Game (USA)
Piglet's Big Game (USA)	52919538	8388608	Piglet's Big Game (USA)
Pikapika Nurse Monogatari - Nurse Ikusei Game (Japan)	80a081fe	4194304	Pikapika Nurse Monogatari - Nurse Ikusei Game (Japan)
Pinball Advance (Europe) (En,Fr,De,Es,It)	39479369	8388608	Pinball Advance (Europe) (En,Fr,De,Es,It)
Pinball Challenge Deluxe (Europe)	bcb204b7	4194304	Pinball Challenge Deluxe (Europe)
Pinball Tycoon (Europe)	5d52be1e	4194304	Pinball Tycoon (USA)
Pinball Tycoon (USA)	1c4d3fdf	4194304	Pinball Tycoon (USA)
Pinball of the Dead, The (Europe) (En,Fr,De,Es,It)	a9dd7efa	8388608	Pinball of the Dead, The (USA)
Pinball of the Dead, The (Japan)	1a7efbd0	8388608	Pinball of the Dead, The (USA)
Pinball of the Dead, The (USA)	0a09c517	8388608	Pinball of the Dead, The (USA)
Pink Panther - Pinkadelic Pursuit (Europe) (En,Fr,De,Es,It)	8859b808	8388608	Pink Panther - Pinkadelic Pursuit (USA)
Pink Panther - Pinkadelic Pursuit (USA)	1762a578	8388608	Pink Panther - Pinkadelic Pursuit (USA)
Pinky Monkey Town (Japan)	9f75b077	4194304	Pinky Monkey Town (Japan)
Pinky and the Brain - The Master Plan (Europe) (En,Fr,De,Es,It)	ff7d5f62	4194304	Pinky and the Brain - The Master Plan (Europe) (En,Fr,De,Es,It)
Pinobee & Phoebee (Japan)	e989a4ae	8388608	Pinobee & Phoebee (Japan)
Pinobee - Wings of Adventure (USA, Europe)	d9385207	8388608	Pinobee - Wings of Adventure (USA, Europe)
Pinobee no Daibouken (Japan)	febf9045	8388608	Pinobee - Wings of Adventure (USA, Europe)
Pippa Funnell - Stable Adventure (Europe) (En,Fr)	1c1846c2	4194304	Let's Ride! - Sunshine Stables (USA)
Pippa Funnell 2 (Europe) (En,Fr)	f3c274c2	4194304	Let's Ride! - Dreamer (USA)
Pirates of the Caribbean - Dead Man's Chest (USA, Europe) (En,Fr,De,Es,It)	d1a67be8	16777216	Pirates of the Caribbean - Dead Man's Chest (USA, Europe) (En,Fr,De,Es,It)
Pirates of the Caribbean - The Curse of the Black Pearl (Europe) (En,Fr,De,Es,It)	2df9d7f0	8388608	Pirates of the Caribbean - The Curse of the Black Pearl (USA) (En,Fr,De,Es,It)
Pirates of the Caribbean - The Curse of the Black Pearl (USA) (En,Fr,De,Es,It)	8f15bf4c	8388608	Pirates of the Caribbean - The Curse of the Black Pearl (USA) (En,Fr,De,Es,It)
Pitfall - L'Expedition Perdue (France)	846f43f3	8388608	Pitfall - The Lost Expedition (USA)
Pitfall - The Lost Expedition (Europe)	dc6512d6	8388608	Pitfall - The Lost Expedition (USA)
Pitfall - The Lost Expedition (USA)	5c11dc26	8388608	Pitfall - The Lost Expedition (USA)
Pitfall - The Mayan Adventure (USA, Europe)	2cedbb31	4194304	Pitfall - The Mayan Adventure (USA, Europe)
Pixeline i Pixieland (Denmark)	20b72d17	8388608	Pixeline i Pixieland (Denmark)
Planet Monsters (Europe) (En,Fr,De,Es,It,Nl)	d4d77bce	4194304	Planet Monsters (USA) (En,Fr,De,Es,It,Nl)
Planet Monsters (USA) (En,Fr,De,Es,It,Nl)	9b182354	4194304	Planet Monsters (USA) (En,Fr,De,Es,It,Nl)
Planet of the Apes (Europe) (En,Fr,De,Es,It,Nl)	6e378bf3	4194304	Planet of the Apes (USA) (En,Fr,De,Es,It,Nl)
Planet of the Apes (USA) (En,Fr,De,Es,It,Nl)	a0f0269b	4194304	Planet of the Apes (USA) (En,Fr,De,Es,It,Nl)
Play Novel - Silent Hill (Japan)	318a1e9b	8388608	Play Novel - Silent Hill (Japan)
Pocket Dogs (USA)	beddc67f	8388608	Pocket Dogs (USA)
Pocket Monsters - Emerald (Japan)	4881f3f8	16777216	Pokemon - Emerald Version (USA, Europe)
Pocket Monsters - FireRed (Japan)	3b2056e9	16777216	Pokemon - FireRed Version (USA, Europe)
Pocket Monsters - FireRed (Japan) (Rev 1)	bb640df7	16777216	Pokemon - FireRed Version (USA, Europe)
Pocket Monsters - LeafGreen (Japan)	0a48556b	16777216	Pokemon - LeafGreen Version (USA, Europe)
Pocket Monsters - LeafGreen (Japan) (Rev 1)	8da4601a	16777216	Pokemon - LeafGreen Version (USA, Europe)
Pocket Monsters - Ruby (Japan)	cee9471a	8388608	Pokemon - Ruby Version (USA, Europe)
Pocket Monsters - Ruby (Japan) (Pokemon Box)	606c9adb	8388608	Pokemon - Ruby Version (USA, Europe)
Pocket Monsters - Ruby (Japan) (Rev 1)	b448a337	8388608	Pokemon - Ruby Version (USA, Europe)
Pocket Monsters - Sapphire (Japan)	fd1eeb78	8388608	Pokemon - Sapphire Version (USA, Europe)
Pocket Monsters - Sapphire (Japan) (Pokemon Box)	9eaea813	8388608	Pokemon - Sapphire Version (USA, Europe)
Pocket Monsters - Sapphire (Japan) (Rev 1)	01bd60e3	8388608	Pokemon - Sapphire Version (USA, Europe)
Pocket Music (Europe) (En,Fr,De,Es,It)	a3fd418a	8388608	Pocket Music (Europe) (En,Fr,De,Es,It)
Pocket Professor - Kwik Notes - Volume One (USA)	07b824b1	4194304	Pocket Professor - Kwik Notes - Volume One (USA)
Pocky & Rocky with Becky (USA)	53a8ee86	4194304	Pocky & Rocky with Becky (USA)
Poke Inu (Japan)	1d379dcc	8388608	Pocket Dogs (USA)
Pokemon - Blattgruene Edition (Germany)	d12f1fdd	16777216	Pokemon - LeafGreen Version (USA, Europe)
Pokemon - Edicion Esmeralda (Spain)	8c4d3108	16777216	Pokemon - Emerald Version (USA, Europe)
Pokemon - Edicion Rojo Fuego (Spain)	9f08064e	16777216	Pokemon - FireRed Version (USA, Europe)
Pokemon - Edicion Rubi (Spain)	eb0729cf	16777216	Pokemon - Ruby Version (USA, Europe)
Pokemon - Edicion Rubi (Spain) (Rev 1)	b980fff5	16777216	Pokemon - Ruby Version (USA, Europe)
Pokemon - Edicion Verde Hoja (Spain)	2ca11d59	16777216	Pokemon - LeafGreen Version (USA, Europe)
Pokemon - Edicion Zafiro (Spain)	a04f5f0b	16777216	Pokemon - Sapphire Version (USA, Europe)
Pokemon - Edicion Zafiro (Spain) (Rev 1)	f2c88931	16777216	Pokemon - Sapphire Version (USA, Europe)
Pokemon - Emerald Version (USA, Europe)	1f1c08fb	16777216	Pokemon - Emerald Version (USA, Europe)
Pokemon - Feuerrote Edition (Germany)	1a81eedf	16777216	Pokemon - FireRed Version (USA, Europe)
Pokemon - FireRed Version (USA, Europe)	dd88761c	16777216	Pokemon - FireRed Version (USA, Europe)
Pokemon - FireRed Version (USA, Europe) (Rev 1)	84ee4776	16777216	Pokemon - FireRed Version (USA, Europe)
Pokemon - FireRed Version (USA, Europe) (Rev 10) (Switch)	31554c22	16777216	Pokemon - FireRed Version (USA, Europe)
Pokemon - LeafGreen Version (USA, Europe)	d69c96cc	16777216	Pokemon - LeafGreen Version (USA, Europe)
Pokemon - LeafGreen Version (USA, Europe) (Rev 1)	daffecec	16777216	Pokemon - LeafGreen Version (USA, Europe)
Pokemon - Rubin-Edition (Germany)	15e1e280	16777216	Pokemon - Ruby Version (USA, Europe)
Pokemon - Rubin-Edition (Germany) (Rev 1)	cae89464	16777216	Pokemon - Ruby Version (USA, Europe)
Pokemon - Ruby Version (USA, Europe)	f0815ee7	16777216	Pokemon - Ruby Version (USA, Europe)
Pokemon - Ruby Version (USA, Europe) (Rev 1)	61641576	16777216	Pokemon - Ruby Version (USA, Europe)
Pokemon - Ruby Version (USA, Europe) (Rev 2)	aeac73e6	16777216	Pokemon - Ruby Version (USA, Europe)
Pokemon - Saphir-Edition (Germany)	6fcd7a98	16777216	Pokemon - Sapphire Version (USA, Europe)
Pokemon - Saphir-Edition (Germany) (Rev 1)	b0c40c7c	16777216	Pokemon - Sapphire Version (USA, Europe)
Pokemon - Sapphire Version (USA, Europe)	554dedc4	16777216	Pokemon - Sapphire Version (USA, Europe)
Pokemon - Sapphire Version (USA, Europe) (Rev 1)	bafedae5	16777216	Pokemon - Sapphire Version (USA, Europe)
Pokemon - Sapphire Version (USA, Europe) (Rev 2)	9cc4410e	16777216	Pokemon - Sapphire Version (USA, Europe)
Pokemon - Smaragd-Edition (Germany)	34c9df89	16777216	Pokemon - Emerald Version (USA, Europe)
Pokemon - Version Emeraude (France)	a3fdccb1	16777216	Pokemon - Emerald Version (USA, Europe)
Pokemon - Version Rouge Feu (France)	5dc668f6	16777216	Pokemon - FireRed Version (USA, Europe)
Pokemon - Version Rubis (France)	690fd310	16777216	Pokemon - Ruby Version (USA, Europe)
Pokemon - Version Rubis (France) (Rev 1)	9f981f72	16777216	Pokemon - Ruby Version (USA, Europe)
Pokemon - Version Saphir (France)	3581a05f	16777216	Pokemon - Sapphire Version (USA, Europe)
Pokemon - Version Saphir (France) (Rev 1)	2ae49146	16777216	Pokemon - Sapphire Version (USA, Europe)
Pokemon - Version Vert Feuille (France)	ba3285e3	16777216	Pokemon - LeafGreen Version (USA, Europe)
Pokemon - Versione Rosso Fuoco (Italy)	73a72167	16777216	Pokemon - FireRed Version (USA, Europe)
Pokemon - Versione Rubino (Italy)	c18231a9	16777216	Pokemon - Ruby Version (USA, Europe)
Pokemon - Versione Rubino (Italy) (Rev 1)	9305e793	16777216	Pokemon - Ruby Version (USA, Europe)
Pokemon - Versione Smeraldo (Italy)	a0aec80a	16777216	Pokemon - Emerald Version (USA, Europe)
Pokemon - Versione Verde Foglia (Italy)	16974506	16777216	Pokemon - LeafGreen Version (USA, Europe)
Pokemon - Versione Zaffiro (Italy)	0c7992a9	16777216	Pokemon - Sapphire Version (USA, Europe)
Pokemon - Versione Zaffiro (Italy) (Rev 1)	5efe4493	16777216	Pokemon - Sapphire Version (USA, Europe)
Pokemon Fushigi no Dungeon - Aka no Kyuujotai (Japan)	1a1baa50	33554432	Pokemon Mystery Dungeon - Red Rescue Team (USA, Australia)
Pokemon Mystery Dungeon - Red Rescue Team (Europe) (En,Fr,De,Es,It)	c1d18fe4	33554432	Pokemon Mystery Dungeon - Red Rescue Team (USA, Australia)
Pokemon Mystery Dungeon - Red Rescue Team (USA, Australia)	dd0ac86c	33554432	Pokemon Mystery Dungeon - Red Rescue Team (USA, Australia)
Pokemon Pinball - Ruby & Sapphire (Europe) (En,Fr,De,Es,It)	a53ac14b	16777216	Pokemon Pinball - Ruby & Sapphire (USA)
Pokemon Pinball - Ruby & Sapphire (Japan)	8af1ec73	8388608	Pokemon Pinball - Ruby & Sapphire (USA)
Pokemon Pinball - Ruby & Sapphire (Japan) (Rev 1)	925a5684	8388608	Pokemon Pinball - Ruby & Sapphire (USA)
Pokemon Pinball - Ruby & Sapphire (USA)	b992a3c0	8388608	Pokemon Pinball - Ruby & Sapphire (USA)
Polar Express, The (USA, Europe) (En,Fr,De,Es,It)	62ca5620	4194304	Polar Express, The (USA, Europe) (En,Fr,De,Es,It)
Polarium Advance (Europe) (En,Fr,De,Es,It)	8f2debb8	4194304	Polarium Advance (USA)
Polarium Advance (Europe) (En,Fr,De,Es,It) (Virtual Console)	4329d8fe	4194304	Polarium Advance (USA)
Polarium Advance (USA)	02d62ce9	4194304	Polarium Advance (USA)
Polarium Advance (USA) (Virtual Console)	d2d36c5f	4194304	Polarium Advance (USA)
Polly Pocket! - Super Splash Island (Europe) (En,Fr,De,Es,It) (DSI)	13e2a64f	4194304	Polly Pocket! - Super Splash Island (USA) (Vivendi)
Polly Pocket! - Super Splash Island (Europe) (En,Fr,De,Es,It) (Vivendi)	a654cba9	4194304	Polly Pocket! - Super Splash Island (USA) (Vivendi)
Polly Pocket! - Super Splash Island (USA) (DSI)	f120eca2	4194304	Polly Pocket! - Super Splash Island (USA) (Vivendi)
Polly Pocket! - Super Splash Island (USA) (Vivendi)	b5de8c6e	4194304	Polly Pocket! - Super Splash Island (USA) (Vivendi)
Pop Idol (Europe)	b9a7e60d	16777216	American Idol (USA)
Popeye - Rush for Spinach (USA, Europe) (En,Fr,De,Es,It)	cffc52dd	4194304	Popeye - Rush for Spinach (USA, Europe) (En,Fr,De,Es,It)
Postman Pat and the Greendale Rocket (Europe) (En,No,Da)	566cf164	4194304	Postman Pat and the Greendale Rocket (Europe) (En,No,Da)
Power Poke Dash (Japan)	59e7ab4c	8388608	Power Poke Dash (Japan)
Power Pro Kun Pocket 1, 2 (Japan)	a84032aa	8388608	Power Pro Kun Pocket 1, 2 (Japan)
Power Pro Kun Pocket 3 (Japan)	4314d8bc	8388608	Power Pro Kun Pocket 3 (Japan)
Power Pro Kun Pocket 3 (Japan) (Rev 1)	d8397194	8388608	Power Pro Kun Pocket 3 (Japan)
Power Pro Kun Pocket 4 (Japan)	30b4a347	8388608	Power Pro Kun Pocket 4 (Japan)
Power Pro Kun Pocket 4 (Japan) (Rev 1)	89a3a2c7	8388608	Power Pro Kun Pocket 4 (Japan)
Power Pro Kun Pocket 5 (Japan)	06f0f8d4	8388608	Power Pro Kun Pocket 5 (Japan)
Power Pro Kun Pocket 5 (Japan) (Rev 1)	b2d8732d	8388608	Power Pro Kun Pocket 5 (Japan)
Power Pro Kun Pocket 6 (Japan)	88513763	8388608	Power Pro Kun Pocket 6 (Japan)
Power Pro Kun Pocket 7 (Japan)	073047df	8388608	Power Pro Kun Pocket 7 (Japan)
Power Rangers - Dino Thunder (Europe) (Fr,De)	414bfe31	4194304	Power Rangers - Dino Thunder (USA, Europe)
Power Rangers - Dino Thunder (USA, Europe)	bc193ee7	4194304	Power Rangers - Dino Thunder (USA, Europe)
Power Rangers - La Force du Temps (France)	eb54d898	4194304	Power Rangers - Time Force (USA, Europe)
Power Rangers - Ninja Storm (Europe) (En,Fr,De)	09d8ed5e	4194304	Power Rangers - Ninja Storm (USA)
Power Rangers - Ninja Storm (USA)	e8691a0f	4194304	Power Rangers - Ninja Storm (USA)
Power Rangers - Time Force (Germany)	933f5477	4194304	Power Rangers - Time Force (USA, Europe)
Power Rangers - Time Force (USA, Europe)	70359b35	4194304	Power Rangers - Time Force (USA, Europe)
Power Rangers - Wild Force (USA, Europe)	54c31afb	4194304	Power Rangers - Wild Force (USA, Europe)
Power Rangers S.P.D. (Europe) (En,Es,It)	dca64f27	4194304	Power Rangers S.P.D. (USA, Europe)
Power Rangers S.P.D. (Europe) (En,Fr,De)	cb59cf7d	4194304	Power Rangers S.P.D. (USA, Europe)
Power Rangers S.P.D. (USA, Europe)	921b66e2	4194304	Power Rangers S.P.D. (USA, Europe)
Powerpuff Girls, The - Him and Seek (Europe) (En,Fr,De,Es)	0bfed765	8388608	Powerpuff Girls, The - Him and Seek (USA)
Powerpuff Girls, The - Him and Seek (USA)	4d22b35e	8388608	Powerpuff Girls, The - Him and Seek (USA)
Powerpuff Girls, The - Mojo Jojo A-Go-Go (Europe) (En,Fr,De,Es,It,Nl)	1172d0a7	4194304	Powerpuff Girls, The - Mojo Jojo A-Go-Go (USA) (En,Fr,De,Es,It,Nl)
Powerpuff Girls, The - Mojo Jojo A-Go-Go (USA) (En,Fr,De,Es,It,Nl)	dfb57dcf	4194304	Powerpuff Girls, The - Mojo Jojo A-Go-Go (USA) (En,Fr,De,Es,It,Nl)
Prehistorik Kart (USA, Europe) (Proto)	8496bc19	561236	Prehistorik Kart (USA, Europe) (Proto)
Prehistorik Man (USA, Europe) (En,Fr,De,Es,It,Nl)	0d3b922b	4194304	Prehistorik Man (USA, Europe) (En,Fr,De,Es,It,Nl)
Prehistorik Man (USA, Europe) (En,Fr,De,Es,It,Nl) (Beta)	abb50d93	4194304	Prehistorik Man (USA, Europe) (En,Fr,De,Es,It,Nl)
Premier Action Soccer (Europe) (En,Fr,De,Es,It)	b5432fa4	8388608	Premier Action Soccer (Europe) (En,Fr,De,Es,It)
Premier Manager 2003-04 (Europe) (En,Fr,De,It)	a959f638	4194304	Premier Manager 2003-04 (Europe) (En,Fr,De,It)
Premier Manager 2003-04 (Europe) (En,Fr,De,It) (Rev 1)	ca893bc4	4194304	Premier Manager 2003-04 (Europe) (En,Fr,De,It)
Premier Manager 2004-2005 (Europe) (En,Fr,De,It)	2706dff2	4194304	Premier Manager 2004-2005 (Europe) (En,Fr,De,It)
Premier Manager 2005-2006 (Europe) (En,Fr,De,It)	3b04673b	4194304	Premier Manager 2005-2006 (Europe) (En,Fr,De,It)
Prince of Persia - The Sands of Time & Lara Croft Tomb Raider - The Prophecy (Europe) (En,Fr,De,Es,It,Nl+En,Fr,De,Es,It)	2a3e1a8d	16777216	Prince of Persia - The Sands of Time & Lara Croft Tomb Raider - The Prophecy (Europe) (En,Fr,De,Es,It,Nl+En,Fr,De,Es,It)
Prince of Persia - The Sands of Time (Europe) (En,Fr,De,Es,It,Nl)	f0f16b7e	8388608	Prince of Persia - The Sands of Time (USA) (En,Fr,Es)
Prince of Persia - The Sands of Time (USA) (En,Fr,Es)	0c043ba6	8388608	Prince of Persia - The Sands of Time (USA) (En,Fr,Es)
Prince of Persia - The Sands of Time (USA) (En,Fr,Es) (Rev 1)	5adf72e6	8388608	Prince of Persia - The Sands of Time (USA) (En,Fr,Es)
Princess Natasha - Student, Secret Agent, Princess (Europe) (En,Fr,De,Es,It)	e6567686	4194304	Princess Natasha - Student, Secret Agent, Princess (USA)
Princess Natasha - Student, Secret Agent, Princess (USA)	b07cb7ba	4194304	Princess Natasha - Student, Secret Agent, Princess (USA)
Pro Beach Soccer (Europe) (En,Fr,De,Es,It,Pt)	7623e41a	4194304	Ultimate Beach Soccer (USA)
Pro Mahjong Tsuwamono GBA (Japan)	e4d9ae55	4194304	Pro Mahjong Tsuwamono GBA (Japan)
Pro Tennis WTA Tour (Europe)	f7171521	4194304	WTA Tour Tennis (USA)
Pro Yakyuu Team o Tsukurou! Advance (Japan)	a8a3aa8b	8388608	Pro Yakyuu Team o Tsukurou! Advance (Japan)
Proud Family, The (USA)	c92bde6e	8388608	Proud Family, The (USA)
PukuPuku Tennen Kairanban (Japan)	91c4c334	4194304	PukuPuku Tennen Kairanban (Japan)
PukuPuku Tennen Kairanban - Koi no Cupid Daisakusen (Japan)	b57fec3a	4194304	PukuPuku Tennen Kairanban - Koi no Cupid Daisakusen (Japan)
PukuPuku Tennen Kairanban - Youkoso! Illusion Land he (Japan)	e98cf9c3	8388608	PukuPuku Tennen Kairanban - Youkoso! Illusion Land he (Japan)
Punch King - Arcade Boxing (Europe) (En,Fr,Es)	3e4cb21c	8388608	Punch King - Arcade Boxing (USA)
Punch King - Arcade Boxing (USA)	540b6cc1	8388608	Punch King - Arcade Boxing (USA)
Punch King - Arcade Boxing (World) (Evercade)	2afd6ff9	8388608	Punch King - Arcade Boxing (USA)
Puppy Luv - Spa and Resort (USA)	04146dd6	4194304	Puppy Luv - Spa and Resort (USA)
Puyo Pop (Europe) (En,Ja)	c85de50e	8388608	Puyo Pop (USA) (En,Ja)
Puyo Pop (USA) (En,Ja)	0901be49	8388608	Puyo Pop (USA) (En,Ja)
Puyo Pop Fever (Europe) (En,Fr,De,Es,It)	6e5880ed	8388608	Puyo Pop Fever (Europe) (En,Fr,De,Es,It)
Puyo Puyo Fever (Japan) (En,Ja,Fr,De,Es,It)	3ffd621a	8388608	Puyo Pop Fever (Europe) (En,Fr,De,Es,It)
Puzzle & Tantei Collection (Japan)	893551bb	8388608	Puzzle & Tantei Collection (Japan)
Pyuu to Fuku! Jaguar - Byoo to Deru! Megane-kun (Japan)	1f67bd36	8388608	Pyuu to Fuku! Jaguar - Byoo to Deru! Megane-kun (Japan)
Quad Desert Fury (USA, Europe)	95be56e6	4194304	Quad Desert Fury (USA, Europe)
Quake (USA) (Proto)	10e16dd4	33554432	Quake (USA) (Proto)
Qui Veut Gagner des Millions (France)	8f33bd3f	4194304	Who Wants to Be a Millionaire (Europe)
Quiere Ser Millonario (Spain)	43514d44	4194304	Who Wants to Be a Millionaire (Europe)
R-Type III - The Third Lightning (Europe) (En,Fr,De,Es,It)	41bb7f8a	4194304	R-Type III - The Third Lightning (USA)
R-Type III - The Third Lightning (USA)	ea863f4d	4194304	R-Type III - The Third Lightning (USA)
RPG Tsukuru Advance (Japan)	e7fc81d0	8388608	RPG Tsukuru Advance (Japan)
Racing Fever (Europe) (En,De,Es,It)	e40ec737	4194304	Racing Fever (Europe) (En,De,Es,It)
Racing Fever (France)	4f61dedb	4194304	Racing Fever (Europe) (En,De,Es,It)
Racing Fever (World) (En,De,Es,It) (Evercade)	dbd09923	4194304	Racing Fever (Europe) (En,De,Es,It)
Racing Gears Advance (Europe) (En,Fr,De,Es,It)	49a88e52	8388608	Racing Gears Advance (USA)
Racing Gears Advance (USA)	bf648e5c	8388608	Racing Gears Advance (USA)
Racing Gears Advance (USA) (Beta)	7a3820b3	8388608	Racing Gears Advance (USA)
Rampage - Puzzle Attack (USA, Europe)	8eca2b0f	4194304	Rampage - Puzzle Attack (USA, Europe)
Rapala Pro Fishing (USA, Europe)	964d39a7	4194304	Rapala Pro Fishing (USA, Europe)
Ratatouille (Australia, Greece) (En)	3e1711c7	8388608	Ratatouille (USA)
Ratatouille (Europe) (En,It,Sv,No,Da)	82f9c596	8388608	Ratatouille (USA)
Ratatouille (Europe) (Es,Pt)	7a80b515	8388608	Ratatouille (USA)
Ratatouille (Europe) (Fr,De,Nl)	5c48c362	8388608	Ratatouille (USA)
Ratatouille (USA)	aa2eb686	8388608	Ratatouille (USA)
Rave Master - Special Attack Force! (USA)	c39b9418	8388608	Rave Master - Special Attack Force! (USA)
Rayman - 10th Anniversary (Europe) (En,Fr,De,Es,It,Nl,Sv,No,Da,Fi)	437e95b9	16777216	Rayman - 10th Anniversary (USA) (En,Fr,De,Es,It)
Rayman - 10th Anniversary (USA) (En,Fr,De,Es,It)	ae72b0ee	16777216	Rayman - 10th Anniversary (USA) (En,Fr,De,Es,It)
Rayman - Hoodlum's Revenge (USA) (En,Fr,Es)	025a9998	8388608	Rayman - Hoodlum's Revenge (USA) (En,Fr,Es)
Rayman - Hoodlums' Revenge (Europe) (En,Fr,De,Es,It,Nl)	c221c419	8388608	Rayman - Hoodlum's Revenge (USA) (En,Fr,Es)
Rayman - Raving Rabbids (Europe) (En,Fr,De,Es,It,Nl)	9914da23	16777216	Rayman - Raving Rabbids (USA) (En,Fr,Es)
Rayman - Raving Rabbids (USA) (En,Fr,Es)	751ef0d2	16777216	Rayman - Raving Rabbids (USA) (En,Fr,Es)
Rayman 3 (Europe) (En,Fr,De,Es,It,Nl,Sv,No,Da,Fi)	29f83314	8388608	Rayman 3 (USA) (En,Fr,Es)
Rayman 3 (Europe) (En,Fr,De,Es,It,Nl,Sv,No,Da,Fi) (Beta)	8f34b14f	8388608	Rayman 3 (USA) (En,Fr,Es)
Rayman 3 (USA) (Beta)	c3adbc41	16777216	Rayman 3 (USA) (En,Fr,Es)
Rayman 3 (USA) (En,Fr,Es)	d1613266	8388608	Rayman 3 (USA) (En,Fr,Es)
Rayman Advance (Europe) (En,Fr,De,Es,It)	b43783b4	8388608	Rayman Advance (USA) (En,Fr,De,Es,It)
Rayman Advance (Europe) (En,Fr,De,Es,It) (Beta)	4b1b4e02	8388608	Rayman Advance (USA) (En,Fr,De,Es,It)
Rayman Advance (USA) (En,Fr,De,Es,It)	8aba5ab8	8388608	Rayman Advance (USA) (En,Fr,De,Es,It)
Razbitume! - Restez Branches! (Europe) (En,Fr)	a169b3b5	4194304	All Grown Up! - Express Yourself (USA, Europe)
Razmoket Rencontrent les Delajungle, Les (France)	720b7ff2	4194304	Rugrats - Go Wild (USA, Europe)
Razmoket, Les - A Moi la Fiesta (France)	4130f7d0	4194304	Rugrats - I Gotta Go Party (USA, Europe)
Razmoket, Les - Voler N'Est Pas Jouer (France)	809a103a	4194304	Rugrats - Castle Capers (USA, Europe)
Razor Freestyle Scooter (USA)	ffe38431	4194304	Razor Freestyle Scooter (USA)
Ready 2 Rumble Boxing - Round 2 (Europe) (En,Fr,De)	e418e962	4194304	Ready 2 Rumble Boxing - Round 2 (USA)
Ready 2 Rumble Boxing - Round 2 (USA)	5dfcc5e5	4194304	Ready 2 Rumble Boxing - Round 2 (USA)
Rebelstar - Tactical Command (Europe) (En,Fr,De,Es,It)	e448c5d4	4194304	Rebelstar - Tactical Command (USA)
Rebelstar - Tactical Command (Europe) (En,Fr,De,Es,It) (Beta)	2189021c	4194304	Rebelstar - Tactical Command (USA)
Rebelstar - Tactical Command (USA)	fb6c590f	4194304	Rebelstar - Tactical Command (USA)
Recca no Honoo - The Game (Japan)	b29bee34	8388608	Recca no Honoo - The Game (Japan)
Reign of Fire (Europe) (En,Fr,De,Es,It)	79d7f4bc	8388608	Reign of Fire (USA) (En,Fr,De,Es,It)
Reign of Fire (USA) (En,Fr,De,Es,It)	b48f8d57	8388608	Reign of Fire (USA) (En,Fr,De,Es,It)
Relaxuma na Mainichi (Japan)	9f333017	4194304	Relaxuma na Mainichi (Japan)
Rescue Heroes - Billy Blazes! (USA)	8111261c	4194304	Rescue Heroes - Billy Blazes! (USA)
Resident Evil 2 (Unknown) (Proto)	26b5cf8b	2908576	Resident Evil 2 (Unknown) (Proto)
Revenge of Shinobi, The (Europe) (En,Fr,De,Es,It)	ddb4496a	8388608	Revenge of Shinobi, The (USA)
Revenge of Shinobi, The (Europe) (En,Fr,De,Es,It) (Beta)	58a3f0e1	8388608	Revenge of Shinobi, The (USA)
Revenge of Shinobi, The (USA)	e9339304	8388608	Revenge of Shinobi, The (USA)
Revenge of the Smurfs, The (Europe) (Beta)	a5ef2d7e	4194304	Revenge of the Smurfs, The (Europe) (En,Fr,De,Es,It,Nl)
Revenge of the Smurfs, The (Europe) (En,Fr,De,Es,It,Nl)	516ce770	4194304	Revenge of the Smurfs, The (Europe) (En,Fr,De,Es,It,Nl)
Rhythm Tengoku (Japan)	349d7025	16777216	Rhythm Tengoku (Japan)
Rhythm Tengoku (Japan) (Rev 1)	a6cd88e1	16777216	Rhythm Tengoku (Japan)
Ripping Friends, The - The World's Most Manly Men! (USA, Europe)	9850bf21	4194304	Ripping Friends, The - The World's Most Manly Men! (USA, Europe)
River City Ransom EX (USA)	8686436e	4194304	River City Ransom EX (USA)
Riviera - The Promised Land (USA)	4fb6958d	33554432	Riviera - The Promised Land (USA)
Riviera - Yakusoku no Chi Riviera (Japan)	f73b840f	16777216	Riviera - The Promised Land (USA)
Riviera - Yakusoku no Chi Riviera (Japan) (Rev 1)	146097f2	16777216	Riviera - The Promised Land (USA)
Road Rash - Jailbreak (Europe) (En,Fr,De,Es,It)	f4693458	4194304	Road Rash - Jailbreak (USA)
Road Rash - Jailbreak (USA)	8834af99	4194304	Road Rash - Jailbreak (USA)
RoboCop (USA) (Proto)	282e6408	8388608	RoboCop (USA) (Proto)
Robopon 2 - Cross Version (USA)	68d3023a	8388608	Robopon 2 - Cross Version (USA)
Robopon 2 - Ring Version (USA)	ca73e17a	8388608	Robopon 2 - Ring Version (USA)
Robot Poncots 2 - Cross Version (Japan)	0c6f2b1b	8388608	Robopon 2 - Cross Version (USA)
Robot Poncots 2 - Ring Version (Japan)	6002159c	8388608	Robopon 2 - Ring Version (USA)
Robot Wars - Advanced Destruction (Europe) (En,Fr,De,Es,It)	cf8231be	4194304	Robot Wars - Advanced Destruction (USA)
Robot Wars - Advanced Destruction (USA)	e6cb567d	4194304	Robot Wars - Advanced Destruction (USA)
Robot Wars - Advanced Destruction (USA) (Beta)	ce95bbd6	585104	Robot Wars - Advanced Destruction (USA)
Robot Wars - Extreme Destruction (Europe) (En,Fr,De,Es,It,Nl)	5ee9d6c5	4194304	Robot Wars - Extreme Destruction (Europe) (En,Fr,De,Es,It,Nl)
Robotech - The Macross Saga (USA, Europe) (En,Fr,De,Es,It,Nl)	325a6596	8388608	Robotech - The Macross Saga (USA, Europe) (En,Fr,De,Es,It,Nl)
Robots (Europe) (En,Fr,De,Es,It)	2acbdb64	16777216	Robots (USA)
Robots (Japan)	1beb9e91	16777216	Robots (USA)
Robots (USA)	5370ae1f	16777216	Robots (USA)
Rock 'N Roll Racing (Europe)	53d1a142	4194304	Rock 'N Roll Racing (USA)
Rock 'N Roll Racing (USA)	15f2dd16	4194304	Rock 'N Roll Racing (USA)
Rock'em Sock'em Robots (Europe) (En,Fr,De,Es,It)	6ad6e952	4194304	Rock'em Sock'em Robots (USA)
Rock'em Sock'em Robots (USA)	c8896c62	4194304	Rock'em Sock'em Robots (USA)
Rocket Power - Beach Bandits (USA, Europe)	13695669	4194304	Rocket Power - Beach Bandits (USA, Europe)
Rocket Power - Beach Bandits (USA, Europe) (Beta)	d3755452	4101616	Rocket Power - Beach Bandits (USA, Europe)
Rocket Power - Dream Scheme (USA, Europe)	93961cb2	4194304	Rocket Power - Dream Scheme (USA, Europe)
Rocket Power - Le Cauchemar d'Otto (France)	17b8b786	4194304	Rocket Power - Dream Scheme (USA, Europe)
Rocket Power - Zero Gravity Zone (USA)	26d62d32	8388608	Rocket Power - Zero Gravity Zone (USA)
Rockman & Forte (Japan)	ce2b48c4	8388608	Mega Man & Bass (USA)
Rockman & Forte (Japan) (Virtual Console)	b4090702	8388608	Mega Man & Bass (USA)
Rockman EXE - Battle Chip GP (Japan)	9217fb18	8388608	Mega Man - Battle Chip Challenge (USA)
Rockman EXE - Battle Chip GP (Japan) (Virtual Console)	f37bf038	8388608	Mega Man - Battle Chip Challenge (USA)
Rockman EXE 4 - Tournament Blue Moon (Japan)	ed7c5b50	8388608	Mega Man - Battle Network 4 - Blue Moon (USA)
Rockman EXE 4 - Tournament Blue Moon (Japan) (Rev 1)	709bbf07	8388608	Mega Man - Battle Network 4 - Blue Moon (USA)
Rockman EXE 4 - Tournament Blue Moon (Japan) (Rev 1) (Virtual Console)	0a27789e	8388608	Mega Man - Battle Network 4 - Blue Moon (USA)
Rockman EXE 4 - Tournament Red Sun (Japan)	6a51907d	8388608	Mega Man - Battle Network 4 - Red Sun (USA)
Rockman EXE 4 - Tournament Red Sun (Japan) (Rev 1)	cf0e8b05	8388608	Mega Man - Battle Network 4 - Red Sun (USA)
Rockman EXE 4 - Tournament Red Sun (Japan) (Rev 1) (Virtual Console)	bfe9ac96	8388608	Mega Man - Battle Network 4 - Red Sun (USA)
Rockman EXE 4.5 - Real Operation (Japan)	a646601b	8388608	Rockman EXE 4.5 - Real Operation (Japan)
Rockman EXE 4.5 - Real Operation (Japan) (Virtual Console)	9ad45607	8388608	Rockman EXE 4.5 - Real Operation (Japan)
Rockman EXE 5 - Team of Blues (Japan)	c73f23c0	8388608	Rockman EXE 5 - Team of Blues (Japan)
Rockman EXE 5 - Team of Blues (Japan) (Virtual Console)	b914daab	8388608	Rockman EXE 5 - Team of Blues (Japan)
Rockman EXE 5 - Team of Colonel (Japan)	16842635	8388608	Mega Man - Battle Network 5 - Team Colonel (USA)
Rockman EXE 5 - Team of Colonel (Japan) (Virtual Console)	a6876ec7	8388608	Mega Man - Battle Network 5 - Team Colonel (USA)
Rockman EXE 6 - Dennoujuu Falzar (Japan)	2dfb603e	8388608	Mega Man - Battle Network 6 - Cybeast Falzar (USA)
Rockman EXE 6 - Dennoujuu Falzar (Japan) (Virtual Console)	36c9dd6f	16777216	Mega Man - Battle Network 6 - Cybeast Falzar (USA)
Rockman EXE 6 - Dennoujuu Gregar (Japan)	6285918a	8388608	Mega Man - Battle Network 6 - Cybeast Gregar (USA)
Rockman EXE 6 - Dennoujuu Gregar (Japan) (Virtual Console)	d0fdbefb	8388608	Mega Man - Battle Network 6 - Cybeast Gregar (USA)
Rockman Zero (Japan)	ff2a67b1	8388608	Mega Man Zero (USA, Europe)
Rockman Zero (Japan) (Virtual Console)	e85a6525	8388608	Mega Man Zero (USA, Europe)
Rockman Zero 2 (Japan)	9b5c8a4c	8388608	Mega Man Zero 2 (USA)
Rockman Zero 2 (Japan) (Virtual Console)	b88847aa	8388608	Mega Man Zero 2 (USA)
Rockman Zero 3 (Japan)	5a2c41a9	8388608	Mega Man Zero 3 (USA)
Rockman Zero 3 (Japan) (Virtual Console)	c0ee255f	8388608	Mega Man Zero 3 (USA)
Rockman Zero 4 (Japan)	ece42d0e	16777216	Mega Man Zero 4 (USA)
Rockman Zero 4 (Japan) (Virtual Console)	41e7180e	16777216	Mega Man Zero 4 (USA)
Rocky (Europe) (En,Fr,De,Es,It)	d2e55fb5	8388608	Rocky (USA) (En,Fr,De,Es,It)
Rocky (USA) (En,Fr,De,Es,It)	c8f4ff1b	8388608	Rocky (USA) (En,Fr,De,Es,It)
Rugrats - Castle Capers (USA, Europe)	8aabd86a	4194304	Rugrats - Castle Capers (USA, Europe)
Rugrats - Castle Capers (World) (Retro Rewind Collection)	41d4137f	8388608	Rugrats - Castle Capers (USA, Europe)
Rugrats - Go Wild (USA, Europe)	52a33375	4194304	Rugrats - Go Wild (USA, Europe)
Rugrats - I Gotta Go Party (USA, Europe)	df167d1d	4194304	Rugrats - I Gotta Go Party (USA, Europe)
Rugrats - Travesuras en el Castillo (Spain)	0bcab7d0	4194304	Rugrats - Castle Capers (USA, Europe)
SD Gundam Force (Japan) (En)	83417478	8388608	SD Gundam Force (USA)
SD Gundam Force (USA)	68b21289	8388608	SD Gundam Force (USA)
SD Gundam G Generation Advance (Japan)	7daf215c	16777216	SD Gundam G Generation Advance (Japan)
SEGA Arcade Gallery (Europe) (En,Fr,De,Es,It)	f92140c0	8388608	SEGA Arcade Gallery (USA)
SEGA Arcade Gallery (USA)	3b8ffdf4	8388608	SEGA Arcade Gallery (USA)
SEGA Rally Championship (Europe)	d125a6bb	8388608	SEGA Rally Championship (USA)
SEGA Rally Championship (Europe) (Beta)	d9f19d76	8388608	SEGA Rally Championship (USA)
SEGA Rally Championship (Japan) (En)	e57c16f7	8388608	SEGA Rally Championship (USA)
SEGA Rally Championship (USA)	1ae3eb16	8388608	SEGA Rally Championship (USA)
SEGA Smash Pack (Europe)	09310fec	8388608	SEGA Smash Pack (USA)
SEGA Smash Pack (USA)	5c2e97ba	8388608	SEGA Smash Pack (USA)
SK8 - Tony Hawk's Pro Skater 2 (Japan)	91f93500	8388608	Tony Hawk's Pro Skater 2 (USA, Europe)
SSX 3 (USA, Europe)	8232f58a	8388608	SSX 3 (USA, Europe)
SSX Tricky (USA, Europe) (En,Fr,De)	e0988123	8388608	SSX Tricky (USA, Europe) (En,Fr,De)
Sabre Wulf (Europe) (En,Fr,De)	9e3eab8d	8388608	Sabre Wulf (USA)
Sabre Wulf (USA)	73787a16	8388608	Sabre Wulf (USA)
Sabrina the Teenage Witch - Potion Commotion (Europe) (En,Fr,De,Es,It,Nl)	caa8225b	4194304	Sabrina the Teenage Witch - Potion Commotion (USA) (En,Fr,Es)
Sabrina the Teenage Witch - Potion Commotion (USA) (En,Fr,Es)	a39edd2f	4194304	Sabrina the Teenage Witch - Potion Commotion (USA) (En,Fr,Es)
Saibara Rieko no Dendou Mahjong (Japan)	02b9f82d	4194304	Saibara Rieko no Dendou Mahjong (Japan)
Sakura Momoko no UkiUki Carnival (Japan)	b0a75590	8388608	Sakura Momoko no UkiUki Carnival (Japan)
Salt Lake 2002 (Europe) (En,Fr,De,Es,It,Nl)	68836df9	4194304	Salt Lake 2002 (USA) (En,Fr,De,Es,It,Nl)
Salt Lake 2002 (USA) (En,Fr,De,Es,It,Nl)	4603205a	4194304	Salt Lake 2002 (USA) (En,Fr,De,Es,It,Nl)
Samsara Naga 1x2 (Japan)	68076b62	8388608	Samsara Naga 1x2 (Japan)
Samsara Naga 1x2 (Japan) (Rev 1)	a79872fe	8388608	Samsara Naga 1x2 (Japan)
Samsara Naga 1x2 (Japan) (Rev 2)	b3780a4f	8388608	Samsara Naga 1x2 (Japan)
Samurai Deeper Kyo (Japan)	56ead477	8388608	Samurai Deeper Kyo (USA)
Samurai Deeper Kyo (USA)	4ab65478	8388608	Samurai Deeper Kyo (USA)
Samurai Evolution - Oukoku Geist (Japan)	c0f54c65	4194304	Samurai Evolution - Oukoku Geist (Japan)
Samurai Jack - The Amulet of Time (USA, Europe)	b250366c	8388608	Samurai Jack - The Amulet of Time (USA, Europe)
Sangokushi (Japan)	f3d3c239	8388608	Sangokushi (Japan)
Sangokushi - Eiketsuden (Japan)	a4a1c956	4194304	Sangokushi - Eiketsuden (Japan)
Sangokushi - Koumeiden (Japan)	765043ff	8388608	Sangokushi - Koumeiden (Japan)
Sanrio Puroland - All Characters (Japan)	5257bd92	4194304	Sanrio Puroland - All Characters (Japan)
Santa Claus Jr. Advance (Europe)	fe3e6769	4194304	Santa Claus Jr. Advance (Europe)
Santa Claus Jr. Advance (Europe) (Beta)	38d896bd	4194304	Santa Claus Jr. Advance (Europe)
Santa Claus Saves the Earth (Europe)	49e012a8	4194304	Santa Claus Saves the Earth (Europe)
Santa Clause 3, The - The Escape Clause (USA)	206933f5	8388608	Santa Clause 3, The - The Escape Clause (USA)
Scan Hunter - Sennen Kaigyo o Oe! (Japan)	dcfddff7	8388608	Scan Hunter - Sennen Kaigyo o Oe! (Japan)
Scooby-Doo (Europe)	e5ac4bb9	4194304	Scooby-Doo (USA)
Scooby-Doo (France)	ceefc038	4194304	Scooby-Doo (USA)
Scooby-Doo (Germany)	03a07291	4194304	Scooby-Doo (USA)
Scooby-Doo (Spain)	e5261946	4194304	Scooby-Doo (USA)
Scooby-Doo (USA)	22d993c6	4194304	Scooby-Doo (USA)
Scooby-Doo 2 - Monsters Unleashed (Europe) (En,Fr,De,Es,It)	7bdab2cf	8388608	Scooby-Doo 2 - Monsters Unleashed (USA, Europe)
Scooby-Doo 2 - Monsters Unleashed (USA, Europe)	9ff01ddd	8388608	Scooby-Doo 2 - Monsters Unleashed (USA, Europe)
Scooby-Doo and the Cyber Chase (Europe) (En,Fr,De)	8b0079cb	4194304	Scooby-Doo and the Cyber Chase (USA, Europe)
Scooby-Doo and the Cyber Chase (USA, Europe)	cf2dba97	4194304	Scooby-Doo and the Cyber Chase (USA, Europe)
Scooby-Doo! - Mystery Mayhem (Europe) (En,Fr,De)	5348a655	4194304	Scooby-Doo! - Mystery Mayhem (USA) (En,Fr)
Scooby-Doo! - Mystery Mayhem (USA) (En,Fr)	3d389a12	4194304	Scooby-Doo! - Mystery Mayhem (USA) (En,Fr)
Scooby-Doo! - Unmasked (Europe) (En,Fr)	d21b8344	8388608	Scooby-Doo! - Unmasked (USA) (En,Fr)
Scooby-Doo! - Unmasked (Europe) (Es,It)	af42f90f	8388608	Scooby-Doo! - Unmasked (USA) (En,Fr)
Scooby-Doo! - Unmasked (USA) (En,Fr)	96bdd6c1	8388608	Scooby-Doo! - Unmasked (USA) (En,Fr)
Scorpion King, The - Sword of Osiris (Europe) (En,Fr,De,Es,It)	d5410d32	4194304	Scorpion King, The - Sword of Osiris (USA)
Scorpion King, The - Sword of Osiris (USA)	6e0a8585	4194304	Scorpion King, The - Sword of Osiris (USA)
Scrabble (Europe) (En,Fr,De,Es)	c5c9b31b	8388608	Scrabble (Europe) (En,Fr,De,Es)
Scrabble Blast! (USA)	5d31a1f9	4194304	Scrabble Blast! (USA)
Scrabble Scramble! (Europe)	0ed5f375	4194304	Scrabble Blast! (USA)
Scrabble Scramble! (Europe) (En,Fr,De,Es,It,Nl)	e8eb2e3a	4194304	Scrabble Blast! (USA)
Screw Breaker - Goushin DoriRureRo (Japan)	b17532ee	8388608	Drill Dozer (USA)
Scurge - Hive (Europe) (En,Fr,De,Es,It)	2c119783	16777216	Scurge - Hive (USA) (En,Fr,Es)
Scurge - Hive (USA) (En,Fr,Es)	1ae38ac0	16777216	Scurge - Hive (USA) (En,Fr,Es)
Sea Trader - Rise of Taipan (USA)	7597e8c1	4194304	Sea Trader - Rise of Taipan (USA)
Secret Agent Barbie - Royal Jewels Mission (Europe) (En,Fr,De,Es,It)	da3133c3	4194304	Secret Agent Barbie - Royal Jewels Mission (USA)
Secret Agent Barbie - Royal Jewels Mission (USA)	610913e0	4194304	Secret Agent Barbie - Royal Jewels Mission (USA)
Sengoku Kakumei Gaiden (Japan)	3dd25fd7	8388608	Sengoku Kakumei Gaiden (Japan)
Sennen Kazoku (Japan)	a2f6976c	16777216	Sennen Kazoku (Japan)
Sennen Kazoku (Japan) (Rev 1)	dcaae075	16777216	Sennen Kazoku (Japan)
Sennen Kazoku (Japan) (Rev 1) (Virtual Console)	18c9da4c	16777216	Sennen Kazoku (Japan)
Sentouin Yamada Hajime (Japan)	596c5d4c	8388608	Sentouin Yamada Hajime (Japan)
Serious Sam Advance (Europe) (En,Fr,De)	58199232	8388608	Serious Sam Advance (USA) (En,Fr,De)
Serious Sam Advance (USA) (En,Fr,De)	fdf4eca7	8388608	Serious Sam Advance (USA) (En,Fr,De)
Shaman King - Legacy of the Spirits - Soaring Hawk (USA)	798593a5	16777216	Shaman King - Legacy of the Spirits - Soaring Hawk (USA)
Shaman King - Legacy of the Spirits - Sprinting Wolf (USA)	fa1aa3f6	16777216	Shaman King - Legacy of the Spirits - Sprinting Wolf (USA)
Shaman King - Master of Spirits (Europe) (En,Fr,De)	4864b878	16777216	Shaman King - Master of Spirits (USA)
Shaman King - Master of Spirits (USA)	10e554ae	16777216	Shaman King - Master of Spirits (USA)
Shaman King - Master of Spirits 2 (Europe) (En,Fr,De)	4a74e038	16777216	Shaman King - Master of Spirits 2 (USA)
Shaman King - Master of Spirits 2 (USA)	201e3412	16777216	Shaman King - Master of Spirits 2 (USA)
Shaman King Card Game - Chou Senjiryakketsu 2 (Japan)	cb9a390a	8388608	Shaman King Card Game - Chou Senjiryakketsu 2 (Japan)
Shaman King Card Game - Chou Senjiryakketsu 3 (Japan)	2bcf66d4	16777216	Shaman King Card Game - Chou Senjiryakketsu 3 (Japan)
Shamu's Deep Sea Adventures (Europe)	5a507f49	33554432	Shamu's Deep Sea Adventures (USA)
Shamu's Deep Sea Adventures (USA)	7ecb7529	33554432	Shamu's Deep Sea Adventures (USA)
Shanghai Advance (Japan)	9aeea9b7	4194304	Shanghai Advance (Japan)
Shantae 2 - Risky Revolution (USA) (Proto)	c3c28363	2908056	Shantae Advance - Risky Revolution (World) (Limited Run Games)
Shantae Advance - Risky Revolution (World) (Limited Run Games)	31265c5d	16777216	Shantae Advance - Risky Revolution (World) (Limited Run Games)
Shark Tale (Europe) (Fr,De,Es)	df2518e9	8388608	Shark Tale (USA, Europe)
Shark Tale (Italy)	804a01b1	8388608	Shark Tale (USA, Europe)
Shark Tale (Japan)	128be27c	8388608	Shark Tale (USA, Europe)
Shark Tale (USA, Europe)	7b68d93e	8388608	Shark Tale (USA, Europe)
Shaun Palmer's Pro Snowboarder (Germany)	6d545fed	8388608	Shaun Palmer's Pro Snowboarder (USA, Europe)
Shaun Palmer's Pro Snowboarder (USA, Europe)	66265ad9	8388608	Shaun Palmer's Pro Snowboarder (USA, Europe)
Sheep (Europe) (En,Fr,De,Es,It)	75a92925	4194304	Sheep (Europe) (En,Fr,De,Es,It)
Shifting Gears - Road Trip (USA)	549bf1c5	4194304	Shifting Gears - Road Trip (USA)
Shikakui Atama o Maruku Suru. Advance - Kanji, Keisan (Japan)	e0a452a8	4194304	Shikakui Atama o Maruku Suru. Advance - Kanji, Keisan (Japan)
Shikakui Atama o Maruku Suru. Advance - Kokugo, Sansuu, Shakai, Rika (Japan)	07695a6c	4194304	Shikakui Atama o Maruku Suru. Advance - Kokugo, Sansuu, Shakai, Rika (Japan)
Shimura Ken no Baka Tonosama - Bakushou Tenka Touitsu Game (Japan)	f29e6e2d	4194304	Shimura Ken no Baka Tonosama - Bakushou Tenka Touitsu Game (Japan)
Shimura Ken no Baka Tonosama - Bakushou Tenka Touitsu Game (Japan) (Rev 1)	5546b016	4194304	Shimura Ken no Baka Tonosama - Bakushou Tenka Touitsu Game (Japan)
Shin Bokura no Taiyou - Gyakushuu no Sabata (Japan)	af453162	16777216	Shin Bokura no Taiyou - Gyakushuu no Sabata (Japan)
Shin Kisekae Monogatari (Japan)	b65095bf	8388608	Shin Kisekae Monogatari (Japan)
Shin Megami Tensei (Japan)	b857c3c5	8388608	Shin Megami Tensei (Japan)
Shin Megami Tensei - Devil Children - Honoo no Sho (Japan)	9a0903bc	8388608	Shin Megami Tensei - Devil Children - Honoo no Sho (Japan)
Shin Megami Tensei - Devil Children - Koori no Sho (Japan)	ad80d5f9	8388608	Shin Megami Tensei - Devil Children - Koori no Sho (Japan)
Shin Megami Tensei - Devil Children - Messiah Riser (Japan)	0ec98c51	8388608	Shin Megami Tensei - Devil Children - Messiah Riser (Japan)
Shin Megami Tensei - Devil Children - Puzzle de Call! (Japan)	ea8a185a	4194304	Shin Megami Tensei - Devil Children - Puzzle de Call! (Japan)
Shin Megami Tensei Devil Children - Hikari no Sho (Japan)	5d7ee5af	8388608	DemiKids - Light Version (USA)
Shin Megami Tensei Devil Children - Yami no Sho (Japan)	e0e153b7	8388608	DemiKids - Dark Version (USA)
Shin Megami Tensei Devil Children - Yami no Sho (Japan) (Beta)	81f30ebc	8388608	DemiKids - Dark Version (USA)
Shin Megami Tensei II (Japan)	af40cc99	8388608	Shin Megami Tensei II (Japan)
Shin Nihon Pro Wrestling - Toukon Retsuden Advance (Japan)	9f0b8b79	8388608	Shin Nihon Pro Wrestling - Toukon Retsuden Advance (Japan)
Shin Sangoku Musou Advance (Japan)	fe1be6c1	16777216	Dynasty Warriors Advance (USA)
Shin Sangoku Musou Advance (Japan) (Rev 1)	7ceded10	16777216	Dynasty Warriors Advance (USA)
Shin chan - Aventuras en Cineland (Spain)	769a7666	16777216	Crayon Shin-chan - Arashi o Yobu Cinemaland no Daibouken! (Japan)
Shin chan contra los Munecos de Shock Gahn (Spain)	fd47a2fe	16777216	Crayon Shin-chan - Densetsu o Yobu Omake no Miyako Shockgaan! (Japan)
Shingata Medarot - Kabuto Version (Japan)	54af534d	8388608	Shingata Medarot - Kabuto Version (Japan)
Shingata Medarot - Kuwagata Version (Japan)	0fd35628	8388608	Shingata Medarot - Kuwagata Version (Japan)
Shining Force - Kuroki Ryuu no Fukkatsu (Japan)	4a643cc4	8388608	Shining Force - Resurrection of the Dark Dragon (USA)
Shining Force - Kuroki Ryuu no Fukkatsu (Japan) (Virtual Console)	1127b83e	8388608	Shining Force - Resurrection of the Dark Dragon (USA)
Shining Force - Resurrection of the Dark Dragon (Europe) (En,Fr,De,Es,It)	07b06994	16777216	Shining Force - Resurrection of the Dark Dragon (USA)
Shining Force - Resurrection of the Dark Dragon (USA)	563aa3a0	8388608	Shining Force - Resurrection of the Dark Dragon (USA)
Shining Soul (Europe) (En,Fr,De,Es,It)	74b5d069	8388608	Shining Soul (USA)
Shining Soul (Japan)	521450d1	8388608	Shining Soul (USA)
Shining Soul (Japan) (Virtual Console)	3bd8cf12	8388608	Shining Soul (USA)
Shining Soul (USA)	e95bba0c	8388608	Shining Soul (USA)
Shining Soul II (Europe) (En,Fr,De,Es,It)	55e503c1	16777216	Shining Soul II (USA)
Shining Soul II (Japan)	7b39a7b2	16777216	Shining Soul II (USA)
Shining Soul II (Japan) (Virtual Console)	1659af19	16777216	Shining Soul II (USA)
Shining Soul II (USA)	4038e282	16777216	Shining Soul II (USA)
Shinyaku Seiken Densetsu (Japan)	31b220e5	16777216	Sword of Mana (USA, Australia)
Shiren Monsters - Netsal (Japan)	c1f2b5ec	16777216	Shiren Monsters - Netsal (Japan)
Shiren Monsters - Netsal (Japan) (Demo) (Kiosk, GameCube)	25b0b122	16777216	Shiren Monsters - Netsal (Japan)
Shrek - Hassle at the Castle (Europe) (En,Fr,De,Es,It,Nl)	cd8e4f85	4194304	Shrek - Hassle at the Castle (USA) (En,Fr,De,Es,It,Nl)
Shrek - Hassle at the Castle (USA) (En,Fr,De,Es,It,Nl)	09e7472c	4194304	Shrek - Hassle at the Castle (USA) (En,Fr,De,Es,It,Nl)
Shrek - Reekin' Havoc (Europe) (En,Fr,De,Es,It,Nl)	1e4d4813	8388608	Shrek - Reekin' Havoc (USA) (En,Fr,De,Es,It,Nl)
Shrek - Reekin' Havoc (USA) (En,Fr,De,Es,It,Nl)	63f49ba9	8388608	Shrek - Reekin' Havoc (USA) (En,Fr,De,Es,It,Nl)
Shrek - Smash n' Crash Racing (Europe) (En,Fr,De,Es,It)	a45857c4	8388608	Shrek - Smash n' Crash Racing (USA)
Shrek - Smash n' Crash Racing (USA)	ea8ae3b2	8388608	Shrek - Smash n' Crash Racing (USA)
Shrek - Super Slam (Europe) (En,Fr,De,Es,It,Nl)	df73101e	8388608	Shrek - Super Slam (USA)
Shrek - Super Slam (USA)	e2ec9eed	8388608	Shrek - Super Slam (USA)
Shrek - Swamp Kart Speedway (USA) (En,Fr,De,Es,It,Nl) (Rev 1)	41f55560	8388608	Shrek - Swamp Kart Speedway (USA, Europe) (En,Fr,De,Es,It,Nl)
Shrek - Swamp Kart Speedway (USA, Europe) (En,Fr,De,Es,It,Nl)	91483d87	8388608	Shrek - Swamp Kart Speedway (USA, Europe) (En,Fr,De,Es,It,Nl)
Shrek 2 (Europe) (Fr,De,Es,It,Sv)	ac1d8c97	8388608	Shrek 2 (USA, Europe)
Shrek 2 (USA, Europe)	52ff42d4	8388608	Shrek 2 (USA, Europe)
Shrek 2 - Beg for Mercy (Europe) (Fr,De,Es,It)	b6e091ce	8388608	Shrek 2 - Beg for Mercy (USA, Europe)
Shrek 2 - Beg for Mercy (USA, Europe)	f1861610	8388608	Shrek 2 - Beg for Mercy (USA, Europe)
Shrek the Third (Europe) (En,Fr,De,Es,It,Nl)	da1ee1e5	8388608	Shrek the Third (USA)
Shrek the Third (USA)	d7d1da8d	8388608	Shrek the Third (USA)
Sigma Star Saga (USA, Europe)	a8b80a7c	8388608	Sigma Star Saga DX (World) (Limited Run Games)
Sigma Star Saga DX (World) (Limited Run Games)	ff797ac9	16777216	Sigma Star Saga DX (World) (Limited Run Games)
Silent Scope (Europe) (En,Fr,De,Es,It)	f03728f3	8388608	Silent Scope (USA) (En,Fr,De,Es,It)
Silent Scope (Japan)	8ab024e0	8388608	Silent Scope (USA) (En,Fr,De,Es,It)
Silent Scope (USA) (En,Fr,De,Es,It)	c5ce1b2c	8388608	Silent Scope (USA) (En,Fr,De,Es,It)
Silk to Cotton (Japan)	515e2127	8388608	Silk to Cotton (Japan)
SimCity 2000 (Europe) (En,Fr,De,Es,It)	a74187d3	4194304	SimCity 2000 (USA)
SimCity 2000 (Europe) (En,Fr,De,Es,It) (Rev 1)	95c79648	4194304	SimCity 2000 (USA)
SimCity 2000 (USA)	733751b3	4194304	SimCity 2000 (USA)
SimCity 2000 (USA) (Rev 1)	097e8628	4194304	SimCity 2000 (USA)
Simple 2960 Tomodachi Series Vol. 1 - The Table Game Collection - Mahjong, Shougi, Hanafuda, Reversi (Japan)	8b72ba3c	4194304	Simple 2960 Tomodachi Series Vol. 1 - The Table Game Collection - Mahjong, Shougi, Hanafuda, Reversi (Japan)
Simple 2960 Tomodachi Series Vol. 2 - The Block Kuzushi (Japan)	e731fd45	4194304	Simple 2960 Tomodachi Series Vol. 2 - The Block Kuzushi (Japan)
Simple 2960 Tomodachi Series Vol. 2 - The Block Kuzushi (Japan) (Rev 1)	180901e3	4194304	Simple 2960 Tomodachi Series Vol. 2 - The Block Kuzushi (Japan)
Simple 2960 Tomodachi Series Vol. 3 - The Itsudemo Puzzle - Massugu Soroete Straws (Japan)	49b92627	4194304	Simple 2960 Tomodachi Series Vol. 3 - The Itsudemo Puzzle - Massugu Soroete Straws (Japan)
Simple 2960 Tomodachi Series Vol. 4 - The Trump - Minna de Asoberu 12 Shurui no Trump Game (Japan)	a6fc701f	4194304	Simple 2960 Tomodachi Series Vol. 4 - The Trump - Minna de Asoberu 12 Shurui no Trump Game (Japan)
Simple 2960 Tomodachi Series Vol. 4 - The Trump - Minna de Asoberu 12 Shurui no Trump Game (Japan) (Rev 1)	07c2d7ed	4194304	Simple 2960 Tomodachi Series Vol. 4 - The Trump - Minna de Asoberu 12 Shurui no Trump Game (Japan)
Simpsons, The - Road Rage (Europe) (En,Fr,De,Es,It)	44548b33	8388608	Simpsons, The - Road Rage (USA, Europe)
Simpsons, The - Road Rage (USA, Europe)	409e8252	8388608	Simpsons, The - Road Rage (USA, Europe)
Sims 2, The (USA, Europe) (En,Fr,De,Es,It,Nl)	8b1bc7df	33554432	Sims 2, The (USA, Europe) (En,Fr,De,Es,It,Nl)
Sims 2, The - Pets (Europe) (En,Fr,De,Es,It,Nl)	87f8599c	33554432	Sims 2, The - Pets (USA, Europe)
Sims 2, The - Pets (USA, Europe)	ec1f4029	33554432	Sims 2, The - Pets (USA, Europe)
Sims, The (Japan)	89956199	16777216	Sims, The - Bustin' Out (USA, Europe) (En,Fr,De,Es,It,Nl)
Sims, The - Bustin' Out (USA) (En,Fr,De,Es,It,Nl) (Rev 1)	d1183501	16777216	Sims, The - Bustin' Out (USA, Europe) (En,Fr,De,Es,It,Nl)
Sims, The - Bustin' Out (USA, Europe) (En,Fr,De,Es,It,Nl)	abaf519c	16777216	Sims, The - Bustin' Out (USA, Europe) (En,Fr,De,Es,It,Nl)
Sister Princess - RePure (Japan)	6845c671	8388608	Sister Princess - RePure (Japan)
Sitafei De Chuanshuo (China) (Proto)	6f2df7c4	8388608	Densetsu no Stafy (Japan)
Sitafei De Chuanshuo 2 (China) (Proto)	e8e756ca	16777216	Densetsu no Stafy 2 (Japan)
Sitting Ducks (Europe) (En,Fr,De,Es,It,Nl)	b92a8a88	4194304	Sitting Ducks (USA) (En,Fr,De,Es,It,Nl)
Sitting Ducks (USA) (En,Fr,De,Es,It,Nl)	8bc90adb	4194304	Sitting Ducks (USA) (En,Fr,De,Es,It,Nl)
Sky Dancers - They Magically Fly! (Europe) (En,Fr,De,Es,It)	3af1063b	4194304	Sky Dancers - They Magically Fly! (USA)
Sky Dancers - They Magically Fly! (USA)	cadd57dd	4194304	Sky Dancers - They Magically Fly! (USA)
Slime Morimori Dragon Quest - Shougeki no Shippo Dan (Japan)	1194d33b	8388608	Slime Morimori Dragon Quest - Shougeki no Shippo Dan (Japan)
Slot! Pro 2 Advance - GoGo Juggler & New Tairyou (Japan)	4da0b936	4194304	Slot! Pro 2 Advance - GoGo Juggler & New Tairyou (Japan)
Slot! Pro Advance - Takarabune & Ooedo Sakurafubuki 2 (Japan)	d9a8d01f	8388608	Slot! Pro Advance - Takarabune & Ooedo Sakurafubuki 2 (Japan)
Smashing Drive (Europe) (En,Fr,De,Es,It)	1034d672	8388608	Smashing Drive (USA)
Smashing Drive (USA)	2390aca6	8388608	Smashing Drive (USA)
Smuggler's Run (Europe) (En,Fr,De,Es,It)	3ae0afc8	8388608	Smuggler's Run (USA)
Smuggler's Run (USA)	1a6aea5e	8388608	Smuggler's Run (USA)
Snap Kid's (Japan)	41e35c6a	16777216	Snap Kid's (Japan)
Snood (Europe) (En,Fr,De,Es,It)	32bd1486	4194304	Snood (USA)
Snood (USA)	f1f1f148	4194304	Snood (USA)
Snood 2 - On Vacation (Europe) (En,Fr,De,Es,It)	6470252f	4194304	Snood 2 - On Vacation (USA)
Snood 2 - On Vacation (USA)	d8e05727	4194304	Snood 2 - On Vacation (USA)
Soccer Kid (USA, Europe)	d3485f5a	4194304	Soccer Kid (USA, Europe)
Soccer Mania (USA, Europe) (En,Fr,De,Es,It,Nl,Sv,Da)	73ef3a35	8388608	Soccer Mania (USA, Europe) (En,Fr,De,Es,It,Nl,Sv,Da)
Sonic Advance (Europe) (En,Ja,Fr,De,Es)	6232839b	8388608	Sonic Advance (USA) (En,Ja)
Sonic Advance (Japan) (En,Ja)	5f512223	8388608	Sonic Advance (USA) (En,Ja)
Sonic Advance (Japan) (En,Ja) (Rev 1)	85957a24	8388608	Sonic Advance (USA) (En,Ja)
Sonic Advance (Japan) (En,Ja) (Rev 1) (Virtual Console)	431e55ac	8388608	Sonic Advance (USA) (En,Ja)
Sonic Advance (USA) (En,Ja)	63f70fd8	8388608	Sonic Advance (USA) (En,Ja)
Sonic Advance (USA) (En,Ja) (Beta)	a80de3b2	8388608	Sonic Advance (USA) (En,Ja)
Sonic Advance 2 (Europe) (En,Ja,Fr,De,Es,It)	89509891	16777216	Sonic Advance 2 (USA) (En,Ja,Fr,De,Es,It)
Sonic Advance 2 (Japan) (En,Ja,Fr,De,Es,It)	513804ff	16777216	Sonic Advance 2 (USA) (En,Ja,Fr,De,Es,It)
Sonic Advance 2 (Japan) (En,Ja,Fr,De,Es,It) (Virtual Console)	6c6c65a3	16777216	Sonic Advance 2 (USA) (En,Ja,Fr,De,Es,It)
Sonic Advance 2 (USA) (Beta)	95ab3867	16777216	Sonic Advance 2 (USA) (En,Ja,Fr,De,Es,It)
Sonic Advance 2 (USA) (En,Ja,Fr,De,Es,It)	7efee7f7	16777216	Sonic Advance 2 (USA) (En,Ja,Fr,De,Es,It)
Sonic Advance 3 (Europe) (En,Ja,Fr,De,Es,It)	5bf83456	16777216	Sonic Advance 3 (USA) (En,Ja,Fr,De,Es,It)
Sonic Advance 3 (Europe) (En,Ja,Fr,De,Es,It) (Beta)	4c93dac6	16777216	Sonic Advance 3 (USA) (En,Ja,Fr,De,Es,It)
Sonic Advance 3 (Japan) (Demo) (Kiosk, GameCube)	0594d496	16777216	Sonic Advance 3 (USA) (En,Ja,Fr,De,Es,It)
Sonic Advance 3 (Japan) (En,Ja,Fr,De,Es,It)	4375f1d6	16777216	Sonic Advance 3 (USA) (En,Ja,Fr,De,Es,It)
Sonic Advance 3 (Japan) (En,Ja,Fr,De,Es,It) (Virtual Console)	1f36892f	16777216	Sonic Advance 3 (USA) (En,Ja,Fr,De,Es,It)
Sonic Advance 3 (USA) (En,Ja,Fr,De,Es,It)	49dda5e6	16777216	Sonic Advance 3 (USA) (En,Ja,Fr,De,Es,It)
Sonic Battle (Europe) (En,Ja,Fr,De,Es,It)	d0f65125	16777216	Sonic Battle (USA) (En,Ja,Fr,De,Es,It)
Sonic Battle (Japan) (En,Ja)	7305ac30	16777216	Sonic Battle (USA) (En,Ja,Fr,De,Es,It)
Sonic Battle (USA) (En,Ja,Fr,De,Es,It)	9ec9d86f	16777216	Sonic Battle (USA) (En,Ja,Fr,De,Es,It)
Sonic Pinball Party (Europe) (En,Ja,Fr,De,Es,It)	4435917e	8388608	Sonic Pinball Party (USA) (En,Ja,Fr,De,Es,It)
Sonic Pinball Party (Japan) (En,Ja,Fr,De,Es,It)	43b5f167	8388608	Sonic Pinball Party (USA) (En,Ja,Fr,De,Es,It)
Sonic Pinball Party (USA) (En,Ja,Fr,De,Es,It)	08794743	8388608	Sonic Pinball Party (USA) (En,Ja,Fr,De,Es,It)
Sonic The Hedgehog - Genesis (USA)	027bc70d	4194304	Sonic The Hedgehog - Genesis (USA)
Sound of Thunder, A (Europe) (En,Fr,De,Es,It)	cf404aee	8388608	Sound of Thunder, A (USA) (En,Fr,De,Es,It)
Sound of Thunder, A (USA) (En,Fr,De,Es,It)	72894e1b	8388608	Sound of Thunder, A (USA) (En,Fr,De,Es,It)
Space Channel 5 - Ulala's Cosmic Attack (Europe)	0f105694	8388608	Space Channel 5 - Ulala's Cosmic Attack (USA)
Space Channel 5 - Ulala's Cosmic Attack (USA)	0666f37a	8388608	Space Channel 5 - Ulala's Cosmic Attack (USA)
Space Hexcite - Maetel Legend EX (Japan)	bd4e6008	4194304	Space Hexcite - Maetel Legend EX (Japan)
Space Invaders (France)	59372656	4194304	Space Invaders (USA, Europe)
Space Invaders (USA, Europe)	5ea3f3b5	4194304	Space Invaders (USA, Europe)
Space Invaders EX (Japan) (En)	297b9854	4194304	Space Invaders (USA, Europe)
Speedball 2 (Europe) (En,Fr,De,Es,It)	051f3d0d	4194304	Speedball 2 (Europe) (En,Fr,De,Es,It)
Spider-Man (France)	832ea2b1	8388608	Spider-Man (USA, Europe)
Spider-Man (Germany)	e9d9b35f	8388608	Spider-Man (USA, Europe)
Spider-Man (USA, Europe)	406265b8	8388608	Spider-Man (USA, Europe)
Spider-Man - Battle for New York (Europe) (En,Fr,De,Es,It)	ad2c404c	16777216	Spider-Man - Battle for New York (USA)
Spider-Man - Battle for New York (USA)	6310ba16	16777216	Spider-Man - Battle for New York (USA)
Spider-Man - Mysterio no Kyoui (Japan)	f8125c4b	8388608	Spider-Man - Mysterio's Menace (USA, Europe)
Spider-Man - Mysterio's Menace (USA, Europe)	6e135b4d	8388608	Spider-Man - Mysterio's Menace (USA, Europe)
Spider-Man 2 (Europe) (En,Fr,De,Es)	821838bc	16777216	Spider-Man 2 (USA, Europe)
Spider-Man 2 (Italy)	66340f23	16777216	Spider-Man 2 (USA, Europe)
Spider-Man 2 (USA, Europe)	0145f3f4	16777216	Spider-Man 2 (USA, Europe)
Spider-Man 3 (Europe)	6be8d68c	8388608	Spider-Man 3 (USA)
Spider-Man 3 (France)	450d1d48	8388608	Spider-Man 3 (USA)
Spider-Man 3 (Germany)	fda3c9dd	8388608	Spider-Man 3 (USA)
Spider-Man 3 (Italy)	e8fb4b9a	8388608	Spider-Man 3 (USA)
Spider-Man 3 (Spain)	e6251fd3	8388608	Spider-Man 3 (USA)
Spider-Man 3 (USA)	ad0228a1	8388608	Spider-Man 3 (USA)
Spirit - Der Wilde Mustang - Auf der Suche nach Homeland (Germany)	4785eee0	4194304	Spirit - Stallion of the Cimarron - Search for Homeland (USA)
Spirit - Der Wilde Mustang - Auf der Suche nach Homeland (Germany) (Beta)	caaaefb6	4183576	Spirit - Stallion of the Cimarron - Search for Homeland (USA)
Spirit - L'Etalon des Plaines - A la Recherche de la Terre Natale (France)	c8c76255	4194304	Spirit - Stallion of the Cimarron - Search for Homeland (USA)
Spirit - Stallion of the Cimarron - Search for Homeland (Europe)	aee21783	4194304	Spirit - Stallion of the Cimarron - Search for Homeland (USA)
Spirit - Stallion of the Cimarron - Search for Homeland (USA)	9a457633	4194304	Spirit - Stallion of the Cimarron - Search for Homeland (USA)
Spirits & Spells (USA)	2fa6db95	4194304	Spirits & Spells (USA)
SpongeBob SquarePants - Battle for Bikini Bottom (Europe) (En,Fr,De)	de4a85c0	8388608	SpongeBob SquarePants - Battle for Bikini Bottom (USA)
SpongeBob SquarePants - Battle for Bikini Bottom (USA)	235628c3	8388608	SpongeBob SquarePants - Battle for Bikini Bottom (USA)
SpongeBob SquarePants - Creature from the Krusty Krab (Europe) (En,Fr,De,Es,It,Nl,Sv,Da)	7580fbd6	8388608	SpongeBob SquarePants - Creature from the Krusty Krab (USA)
SpongeBob SquarePants - Creature from the Krusty Krab (USA)	51ce91d6	8388608	SpongeBob SquarePants - Creature from the Krusty Krab (USA)
SpongeBob SquarePants - Lights, Camera, Pants! (Europe) (En,Fr,De,Es,It,Nl,Sv)	c189013d	8388608	SpongeBob SquarePants - Lights, Camera, Pants! (USA)
SpongeBob SquarePants - Lights, Camera, Pants! (USA)	23297579	4194304	SpongeBob SquarePants - Lights, Camera, Pants! (USA)
SpongeBob SquarePants - Lights, Camera, Pants! (USA) (Beta 1)	52fd3771	4291500	SpongeBob SquarePants - Lights, Camera, Pants! (USA)
SpongeBob SquarePants - Lights, Camera, Pants! (USA) (Beta 2)	e1461b58	4519932	SpongeBob SquarePants - Lights, Camera, Pants! (USA)
SpongeBob SquarePants - Revenge of the Flying Dutchman (USA) (Beta)	4f21757d	8166400	SpongeBob SquarePants - Revenge of the Flying Dutchman (USA, Europe)
SpongeBob SquarePants - Revenge of the Flying Dutchman (USA, Europe)	30d6c979	8388608	SpongeBob SquarePants - Revenge of the Flying Dutchman (USA, Europe)
SpongeBob SquarePants - SuperSponge (USA, Europe)	98ad67e6	4194304	SpongeBob SquarePants - SuperSponge (USA, Europe)
SpongeBob SquarePants - SuperSponge (USA, Europe) (Beta 1)	22f37cfd	364500	SpongeBob SquarePants - SuperSponge (USA, Europe)
SpongeBob SquarePants - SuperSponge (USA, Europe) (Beta 10)	ffea9fec	4268504	SpongeBob SquarePants - SuperSponge (USA, Europe)
SpongeBob SquarePants - SuperSponge (USA, Europe) (Beta 11)	1407d86e	4646712	SpongeBob SquarePants - SuperSponge (USA, Europe)
SpongeBob SquarePants - SuperSponge (USA, Europe) (Beta 12)	0bc6dfaf	5477108	SpongeBob SquarePants - SuperSponge (USA, Europe)
SpongeBob SquarePants - SuperSponge (USA, Europe) (Beta 13)	23d7ba77	5477244	SpongeBob SquarePants - SuperSponge (USA, Europe)
SpongeBob SquarePants - SuperSponge (USA, Europe) (Beta 14)	40cc2e8a	2470464	SpongeBob SquarePants - SuperSponge (USA, Europe)
SpongeBob SquarePants - SuperSponge (USA, Europe) (Beta 15)	ff4f1ee7	3011936	SpongeBob SquarePants - SuperSponge (USA, Europe)
SpongeBob SquarePants - SuperSponge (USA, Europe) (Beta 16)	f2f67f40	4194304	SpongeBob SquarePants - SuperSponge (USA, Europe)
SpongeBob SquarePants - SuperSponge (USA, Europe) (Beta 2)	49754ee4	315572	SpongeBob SquarePants - SuperSponge (USA, Europe)
SpongeBob SquarePants - SuperSponge (USA, Europe) (Beta 3)	b83d7e0d	342160	SpongeBob SquarePants - SuperSponge (USA, Europe)
SpongeBob SquarePants - SuperSponge (USA, Europe) (Beta 4)	dfa0465f	5840568	SpongeBob SquarePants - SuperSponge (USA, Europe)
SpongeBob SquarePants - SuperSponge (USA, Europe) (Beta 5)	9dd49688	2094168	SpongeBob SquarePants - SuperSponge (USA, Europe)
SpongeBob SquarePants - SuperSponge (USA, Europe) (Beta 6)	78d0d354	2142316	SpongeBob SquarePants - SuperSponge (USA, Europe)
SpongeBob SquarePants - SuperSponge (USA, Europe) (Beta 7)	d0fb4bd2	2132508	SpongeBob SquarePants - SuperSponge (USA, Europe)
SpongeBob SquarePants - SuperSponge (USA, Europe) (Beta 8)	6b458c53	2471940	SpongeBob SquarePants - SuperSponge (USA, Europe)
SpongeBob SquarePants - SuperSponge (USA, Europe) (Beta 9)	70456f6e	2598340	SpongeBob SquarePants - SuperSponge (USA, Europe)
SpongeBob SquarePants Movie, The (Europe) (En,Fr,De,Es,It,Nl)	5d9d52de	8388608	SpongeBob SquarePants Movie, The (USA)
SpongeBob SquarePants Movie, The (USA)	3622da11	8388608	SpongeBob SquarePants Movie, The (USA)
SpongeBob SquarePants Movie, The (USA) (Beta 1)	df3d16a1	6871418	SpongeBob SquarePants Movie, The (USA)
SpongeBob SquarePants Movie, The (USA) (Beta 2)	e1068687	8388608	SpongeBob SquarePants Movie, The (USA)
SpongeBob SquarePants and Friends - Battle for Volcano Island (Europe) (En,Fr,De,Es,It,Nl)	033229a7	4194304	Nicktoons - Battle for Volcano Island (USA)
SpongeBob SquarePants and Friends Unite! (Europe) (En,Fr,De,Es,Nl)	611cc620	4194304	Nicktoons Unite! (USA)
SpongeBob SquarePants and Friends in Freeze Frame Frenzy (Europe) (En,Fr,De,Es,Nl)	fc339fc7	4194304	Nicktoons - Freeze Frame Frenzy (USA)
SpongeBob and Friends - Attack of the Toybots (Europe) (En,De)	f0b0f53c	4194304	Nicktoons - Attack of the Toybots (USA)
SpongeBob's Atlantis SquarePantis (USA)	190b1653	4194304	SpongeBob's Atlantis SquarePantis (USA)
SpongeBob's Atlantis SquarePantis (USA) (Beta)	a39248a2	4194304	SpongeBob's Atlantis SquarePantis (USA)
Sports Illustrated for Kids - Baseball (USA)	616088df	4194304	Sports Illustrated for Kids - Baseball (USA)
Sports Illustrated for Kids - Football (USA)	9972779d	4194304	Sports Illustrated for Kids - Football (USA)
Sportsmans Pack 2 in 1 - Cabela's Big Game Hunter + Rapala Pro Fishing (USA)	2e725460	8388608	Sportsmans Pack 2 in 1 - Cabela's Big Game Hunter + Rapala Pro Fishing (USA)
Spy Hunter (Europe) (En,Ja,Fr,De,Es)	4f196612	8388608	Spy Hunter (USA) (En,Ja,Fr,De,Es)
Spy Hunter (USA) (En,Ja,Fr,De,Es)	b04892c9	8388608	Spy Hunter (USA) (En,Ja,Fr,De,Es)
Spy Kids 3-D - Game Over (Europe)	a93601f5	8388608	Spy Kids 3-D - Game Over (USA)
Spy Kids 3-D - Game Over (USA)	96128b31	8388608	Spy Kids 3-D - Game Over (USA)
Spy Kids Challenger (USA)	e8227e41	4194304	Spy Kids Challenger (USA)
Spy Muppets - License to Croak (USA) (En,Fr,De,Es,It,Nl)	848f9d42	8388608	Spy Muppets - License to Croak (USA) (En,Fr,De,Es,It,Nl)
Spyro - Attack of the Rhynocs (USA)	13f10a1e	8388608	Spyro - Attack of the Rhynocs (USA)
Spyro - Season of Ice (Europe) (En,Fr,De,Es,It)	afd25827	8388608	Spyro - Season of Ice (USA)
Spyro - Season of Ice (USA)	2f2389d2	8388608	Spyro - Season of Ice (USA)
Spyro 2 - Season of Flame (Europe) (En,Fr,De,Es,It)	104b4caa	8388608	Spyro 2 - Season of Flame (USA)
Spyro 2 - Season of Flame (Europe) (En,Fr,De,Es,It) (Beta)	d05c86bb	8388608	Spyro 2 - Season of Flame (USA)
Spyro 2 - Season of Flame (USA)	37e120e7	8388608	Spyro 2 - Season of Flame (USA)
Spyro Advance (Japan)	42dd5dd9	8388608	Spyro - Season of Ice (USA)
Spyro Advance - Wakuwaku Tomodachi Daisakusen! (Japan)	91a9e2cc	16777216	Spyro Orange - The Cortex Conspiracy (USA)
Spyro Adventure (Europe) (En,Fr,De,Es,It,Nl)	1f62d660	8388608	Spyro - Attack of the Rhynocs (USA)
Spyro Fusion (Europe) (En,Fr,De,Es,It)	e53ba082	16777216	Spyro Orange - The Cortex Conspiracy (USA)
Spyro Orange - The Cortex Conspiracy (USA)	a9915baf	16777216	Spyro Orange - The Cortex Conspiracy (USA)
Spyro Orange - The Cortex Conspiracy (USA) (Rev 1)	bbf2549d	16777216	Spyro Orange - The Cortex Conspiracy (USA)
Spyro Superpack - Spyro - Season of Ice + Spyro 2 - Season of Flame (USA)	7ef359ed	16777216	Spyro Superpack - Spyro - Season of Ice + Spyro 2 - Season of Flame (USA)
Stadium Games (Europe)	db146cc3	4194304	Stadium Games (USA)
Stadium Games (USA)	4bf6e9e8	4194304	Stadium Games (USA)
Star Wars - Episode II - Attack of the Clones (Europe) (En,Fr,De,Es,It)	c492c46d	8388608	Star Wars - Episode II - Attack of the Clones (USA)
Star Wars - Episode II - Attack of the Clones (USA)	8fb5e2c6	8388608	Star Wars - Episode II - Attack of the Clones (USA)
Star Wars - Episode III - Revenge of the Sith (Europe) (En,Fr,De,Es,It,Nl)	fd49236b	8388608	Star Wars - Episode III - Revenge of the Sith (USA) (En,Fr,Es)
Star Wars - Episode III - Revenge of the Sith (USA) (En,Fr,Es)	3e34aab7	8388608	Star Wars - Episode III - Revenge of the Sith (USA) (En,Fr,Es)
Star Wars - Flight of the Falcon (Europe) (En,Fr,De)	a41d22ad	8388608	Star Wars - Flight of the Falcon (USA)
Star Wars - Flight of the Falcon (USA)	94d2737a	8388608	Star Wars - Flight of the Falcon (USA)
Star Wars - Jedi Power Battles (Europe) (En,Fr,De,Es)	fa0f055d	8388608	Star Wars - Jedi Power Battles (USA)
Star Wars - Jedi Power Battles (USA)	3f19e156	8388608	Star Wars - Jedi Power Battles (USA)
Star Wars - The New Droid Army (Europe) (En,Fr,De,Es)	677854af	8388608	Star Wars - The New Droid Army (USA)
Star Wars - The New Droid Army (USA)	59c52f98	8388608	Star Wars - The New Droid Army (USA)
Star Wars Trilogy - Apprentice of the Force (Europe) (En,Fr,De,Es,It,Nl)	c9f0c492	8388608	Star Wars Trilogy - Apprentice of the Force (USA) (En,Fr,Es)
Star Wars Trilogy - Apprentice of the Force (USA) (Beta)	b5d61c72	8388608	Star Wars Trilogy - Apprentice of the Force (USA) (En,Fr,Es)
Star Wars Trilogy - Apprentice of the Force (USA) (En,Fr,Es)	714a0d3a	8388608	Star Wars Trilogy - Apprentice of the Force (USA) (En,Fr,Es)
Star X (Europe) (En,Fr,De,Es,It,Nl)	9dca9c3c	8388608	Star X (USA) (En,Fr,De,Es,It,Nl)
Star X (USA) (En,Fr,De,Es,It,Nl)	8b02b2b1	8388608	Star X (USA) (En,Fr,De,Es,It,Nl)
Star X (World) (En,Fr,De,Es,It,Nl) (Evercade)	fcb3bbb2	8388608	Star X (USA) (En,Fr,De,Es,It,Nl)
Starsky & Hutch (Europe) (En,Fr,De,Es,It)	209958e5	4194304	Starsky & Hutch (USA)
Starsky & Hutch (USA)	b3993252	4194304	Starsky & Hutch (USA)
Starsky & Hutch (USA) (Beta) (2003-02-11)	ab142d2e	4231928	Starsky & Hutch (USA)
Steel Empire (Europe)	cb91922e	4194304	Steel Empire (Europe)
Strawberry Shortcake - Ice Cream Island - Riding Camp (Europe) (En,Fr,De,Es,It,Nl,Pt,Da)	c40220cf	8388608	Strawberry Shortcake - Ice Cream Island - Riding Camp (Europe) (En,Fr,De,Es,It,Nl,Pt,Da)
Strawberry Shortcake - Ice Cream Island - Riding Camp (Europe) (En,Fr,De,Es,It,Nl,Pt,Da) (Rev 1)	f3f2e465	8388608	Strawberry Shortcake - Ice Cream Island - Riding Camp (Europe) (En,Fr,De,Es,It,Nl,Pt,Da)
Strawberry Shortcake - Summertime Adventure (USA)	7fec3419	4194304	Strawberry Shortcake - Summertime Adventure (USA)
Strawberry Shortcake - Summertime Adventure - Special Edition (USA)	5a66cafa	16777216	Strawberry Shortcake - Summertime Adventure (USA)
Strawberry Shortcake - Sweet Dreams (USA)	53384966	4194304	Strawberry Shortcake - Sweet Dreams (USA)
Street Fighter Alpha 3 (Europe)	93c5cf69	8388608	Street Fighter Alpha 3 (USA)
Street Fighter Alpha 3 (USA)	80b707c2	8388608	Street Fighter Alpha 3 (USA)
Street Fighter Zero 3 Upper (Japan)	8d5d0eab	8388608	Street Fighter Alpha 3 (USA)
Street Jam Basketball (USA, Europe)	3f20a970	4194304	Street Jam Basketball (USA, Europe)
Street Racing Syndicate (Europe) (En,Fr,De,Es,It)	ac24888b	4194304	Street Racing Syndicate (USA)
Street Racing Syndicate (USA)	f44b6a70	4194304	Street Racing Syndicate (USA)
Strike Force Hydra (Europe)	277d2c89	4194304	Strike Force Hydra (USA)
Strike Force Hydra (USA)	5aeea1de	4194304	Strike Force Hydra (USA)
Stuart Little 2 (Europe) (Rev 1)	34e4f8c5	8388608	Stuart Little 2 (USA, Europe)
Stuart Little 2 (France)	0827d896	8388608	Stuart Little 2 (USA, Europe)
Stuart Little 2 (USA, Europe)	6eb7c688	8388608	Stuart Little 2 (USA, Europe)
Stuntman (Europe) (En,Fr,De,Es,It)	62a678ab	4194304	Stuntman (USA) (En,Fr,Es)
Stuntman (USA) (En,Fr,Es)	0d58ba07	4194304	Stuntman (USA) (En,Fr,Es)
Sugar Sugar Rune - Heart Ga Ippai! Moegi Gakuen (Japan)	0a4e0ed2	8388608	Sugar Sugar Rune - Heart Ga Ippai! Moegi Gakuen (Japan)
Suite Life of Zack & Cody, The - Tipton Caper (USA) (En,Fr)	1d33dd2c	8388608	Suite Life of Zack & Cody, The - Tipton Caper (USA) (En,Fr)
Sum of All Fears, The (Europe) (En,Fr,De,Es,It)	aea15c21	8388608	Sum of All Fears, The (USA) (En,Fr,De,Es,It)
Sum of All Fears, The (USA) (En,Fr,De,Es,It)	166391d1	8388608	Sum of All Fears, The (USA) (En,Fr,De,Es,It)
Summon Night - Craft Sword Monogatari (Japan)	a5d38236	8388608	Summon Night - Swordcraft Story (USA)
Summon Night - Craft Sword Monogatari - Hajimari no Ishi (Japan)	12afae5d	33554432	Summon Night - Craft Sword Monogatari - Hajimari no Ishi (Japan)
Summon Night - Craft Sword Monogatari 2 (Japan)	8cd98f6f	16777216	Summon Night - Swordcraft Story 2 (USA)
Summon Night - Swordcraft Story (USA)	3ea860c2	8388608	Summon Night - Swordcraft Story (USA)
Summon Night - Swordcraft Story 2 (USA)	1eac1f48	16777216	Summon Night - Swordcraft Story 2 (USA)
Super Army War (USA)	baf484be	4194304	Super Army War (USA)
Super Black Bass Advance (Europe)	91238ad1	4194304	American Bass Challenge (USA)
Super Black Bass Advance (Japan)	67c4e470	4194304	American Bass Challenge (USA)
Super Bubble Pop (Europe) (En,Fr,De,Es,It,Nl,Pt,Sv)	25123d97	4194304	Super Bubble Pop (USA)
Super Bubble Pop (USA)	5ec8ea61	4194304	Super Bubble Pop (USA)
Super Bubble Pop (World) (Evercade)	940f385e	4194304	Super Bubble Pop (USA)
Super Bust-A-Move (Europe) (En,Fr,De,Es,It)	6bfd2915	4194304	Super Bust-A-Move (USA) (En,Fr,Es)
Super Bust-A-Move (USA) (En,Fr,Es)	2fb4b14d	4194304	Super Bust-A-Move (USA) (En,Fr,Es)
Super Chinese 1, 2 Advance (Japan)	35448df4	4194304	Super Chinese 1, 2 Advance (Japan)
Super Collapse! II (USA)	f4634dbd	4194304	Super Collapse! II (USA)
Super Dodge Ball Advance (Europe)	4ca4f528	4194304	Super Dodge Ball Advance (USA)
Super Dodge Ball Advance (USA)	1d31dc6b	4194304	Super Dodge Ball Advance (USA)
Super Dodge Ball Advance (USA) (Beta)	626603b5	4194304	Super Dodge Ball Advance (USA)
Super Dodge Ball Advance (USA) (Rev 1)	63ca5050	4194304	Super Dodge Ball Advance (USA)
Super Donkey Kong (Japan)	2206b04d	8388608	Donkey Kong Country (USA)
Super Donkey Kong 2 (Japan)	27a1cc75	8388608	Donkey Kong Country 2 (USA)
Super Donkey Kong 3 (Japan)	4dcf6e20	16777216	Donkey Kong Country 3 (USA)
Super Dropzone - Intergalactic Rescue Mission (Europe)	bab43d5c	4194304	Super Dropzone - Intergalactic Rescue Mission (USA)
Super Dropzone - Intergalactic Rescue Mission (USA)	2b4843fe	4194304	Super Dropzone - Intergalactic Rescue Mission (USA)
Super Duper Sumos (USA)	8e20043f	4194304	Super Duper Sumos (USA)
Super Ghouls'n Ghosts (USA) (Virtual Console)	e279ec31	4194304	Super Ghouls'n Ghosts (USA, Europe)
Super Ghouls'n Ghosts (USA, Europe)	1ef2acf3	4194304	Super Ghouls'n Ghosts (USA, Europe)
Super Hornet FA 18F (USA, Europe)	9653bac5	4194304	Super Hornet FA 18F (USA, Europe)
Super Mario Advance (USA, Europe)	1e4c6d6a	4194304	Super Mario Advance (USA, Europe)
Super Mario Advance (USA, Europe) (Virtual Console)	5251f2bf	4194304	Super Mario Advance (USA, Europe)
Super Mario Advance - Super Mario USA + Mario Brothers (Japan)	b993b92f	4194304	Super Mario Advance (USA, Europe)
Super Mario Advance - Super Mario USA + Mario Brothers (Japan) (Virtual Console)	49684d37	4194304	Super Mario Advance (USA, Europe)
Super Mario Advance 2 - Super Mario World (Europe) (En,Fr,De,Es)	fcfef343	4194304	Super Mario Advance 2 - Super Mario World (USA, Australia)
Super Mario Advance 2 - Super Mario World (USA, Australia)	5206880a	4194304	Super Mario Advance 2 - Super Mario World (USA, Australia)
Super Mario Advance 2 - Super Mario World + Mario Brothers (Japan)	901ce373	4194304	Super Mario Advance 2 - Super Mario World (USA, Australia)
Super Mario Advance 3 - Yoshi's Island (Europe) (En,Fr,De,Es,It)	639e9d3b	8388608	Super Mario Advance 3 - Yoshi's Island (USA)
Super Mario Advance 3 - Yoshi's Island (Europe) (En,Fr,De,Es,It) (Virtual Console)	2c79c2de	8388608	Super Mario Advance 3 - Yoshi's Island (USA)
Super Mario Advance 3 - Yoshi's Island (USA)	40a48276	4194304	Super Mario Advance 3 - Yoshi's Island (USA)
Super Mario Advance 3 - Yoshi's Island (USA) (Virtual Console)	3d803e41	4194304	Super Mario Advance 3 - Yoshi's Island (USA)
Super Mario Advance 3 - Yoshi's Island + Mario Brothers (Japan)	26321120	4194304	Super Mario Advance 3 - Yoshi's Island (USA)
Super Mario Advance 3 - Yoshi's Island + Mario Brothers (Japan) (Virtual Console)	10f9eda4	4194304	Super Mario Advance 3 - Yoshi's Island (USA)
Super Mario Advance 4 - Super Mario 3 + Mario Brothers (Japan)	f3c87306	4194304	Super Mario Advance 4 - Super Mario Bros. 3 (USA)
Super Mario Advance 4 - Super Mario 3 + Mario Brothers (Japan) (Rev 1)	5a676424	4194304	Super Mario Advance 4 - Super Mario Bros. 3 (USA)
Super Mario Advance 4 - Super Mario 3 + Mario Brothers (Japan) (Rev 2)	7b1a4c22	4194304	Super Mario Advance 4 - Super Mario Bros. 3 (USA)
Super Mario Advance 4 - Super Mario 3 + Mario Brothers (Japan) (Rev 2) (Switch Online)	aa312980	8388608	Super Mario Advance 4 - Super Mario Bros. 3 (USA)
Super Mario Advance 4 - Super Mario 3 + Mario Brothers (Japan) (Rev 2) (Virtual Console)	4aee9c77	8388608	Super Mario Advance 4 - Super Mario Bros. 3 (USA)
Super Mario Advance 4 - Super Mario Bros. 3 (Europe) (En,Fr,De,Es,It)	37141f32	8388608	Super Mario Advance 4 - Super Mario Bros. 3 (USA)
Super Mario Advance 4 - Super Mario Bros. 3 (Europe) (En,Fr,De,Es,It) (Rev 1)	8d84acfc	8388608	Super Mario Advance 4 - Super Mario Bros. 3 (USA)
Super Mario Advance 4 - Super Mario Bros. 3 (Europe) (En,Fr,De,Es,It) (Rev 1) (Switch Online)	e3847e32	8388608	Super Mario Advance 4 - Super Mario Bros. 3 (USA)
Super Mario Advance 4 - Super Mario Bros. 3 (Europe) (En,Fr,De,Es,It) (Rev 1) (Virtual Console)	d4f45b01	8388608	Super Mario Advance 4 - Super Mario Bros. 3 (USA)
Super Mario Advance 4 - Super Mario Bros. 3 (USA)	a44ba79f	4194304	Super Mario Advance 4 - Super Mario Bros. 3 (USA)
Super Mario Advance 4 - Super Mario Bros. 3 (USA) (Rev 1) (Switch Online)	22e12d0e	8388608	Super Mario Advance 4 - Super Mario Bros. 3 (USA)
Super Mario Advance 4 - Super Mario Bros. 3 (USA) (Rev 1) (Virtual Console)	d4c13ac3	8388608	Super Mario Advance 4 - Super Mario Bros. 3 (USA)
Super Mario Advance 4 - Super Mario Bros. 3 (USA, Australia) (Rev 1)	88dab27f	4194304	Super Mario Advance 4 - Super Mario Bros. 3 (USA)
Super Mario Ball (Europe)	3b035681	8388608	Mario Pinball Land (USA, Australia)
Super Mario Ball (Europe) (Virtual Console)	3b15e886	8388608	Mario Pinball Land (USA, Australia)
Super Mario Ball (Japan)	7eb4a336	8388608	Mario Pinball Land (USA, Australia)
Super Mario Ball (Japan) (Demo) (Kiosk, GameCube)	65b1d9cb	8388608	Mario Pinball Land (USA, Australia)
Super Mario Ball (Japan) (Virtual Console)	cf9914ae	8388608	Mario Pinball Land (USA, Australia)
Super Mario Bros. (Japan) (Hot Mario Campaign)	e4628d75	1048576	Classic NES Series - Super Mario Bros. (USA, Europe)
Super Monkey Ball Jr. (Europe) (En,Fr,De,Es,It)	d75da09d	8388608	Super Monkey Ball Jr. (USA)
Super Monkey Ball Jr. (USA)	0a8031f0	4194304	Super Monkey Ball Jr. (USA)
Super Monkey Ball Jr. (USA) (Beta)	0d72f2cc	4194304	Super Monkey Ball Jr. (USA)
Super Puzzle Bobble Advance (Japan) (En)	f2bc49ce	4194304	Super Bust-A-Move (USA) (En,Fr,Es)
Super Puzzle Fighter II (Europe)	aac3e9ca	8388608	Super Puzzle Fighter II (USA)
Super Puzzle Fighter II (USA)	1201243a	8388608	Super Puzzle Fighter II (USA)
Super Puzzle Fighter II (USA) (Rev 1)	62066fc9	8388608	Super Puzzle Fighter II (USA)
Super Real Mahjong Dousoukai (Japan)	9e90456b	8388608	Super Real Mahjong Dousoukai (Japan)
Super Robot Taisen - Original Generation (Europe)	bdb86caa	16777216	Super Robot Taisen - Original Generation (USA)
Super Robot Taisen - Original Generation (Japan)	75127ec4	8388608	Super Robot Taisen - Original Generation (USA)
Super Robot Taisen - Original Generation (USA)	58e86266	16777216	Super Robot Taisen - Original Generation (USA)
Super Robot Taisen - Original Generation 2 (Japan)	a608800f	16777216	Super Robot Taisen - Original Generation 2 (USA)
Super Robot Taisen - Original Generation 2 (USA)	2aee0380	16777216	Super Robot Taisen - Original Generation 2 (USA)
Super Robot Taisen A (Japan)	2f6e9788	8388608	Super Robot Taisen A (Japan)
Super Robot Taisen D (Japan)	efb45117	8388608	Super Robot Taisen D (Japan)
Super Robot Taisen J (Japan)	c956fd37	16777216	Super Robot Taisen J (Japan)
Super Robot Taisen R (Japan)	df7f91bc	8388608	Super Robot Taisen R (Japan)
Super Street Fighter II Turbo - Revival (Europe)	461b4590	8388608	Super Street Fighter II Turbo - Revival (USA)
Super Street Fighter II Turbo - Revival (Europe) (Rev 1)	459600a9	8388608	Super Street Fighter II Turbo - Revival (USA)
Super Street Fighter II Turbo - Revival (Europe) (Rev 1) (Virtual Console)	8d423e8d	8388608	Super Street Fighter II Turbo - Revival (USA)
Super Street Fighter II Turbo - Revival (USA)	063045aa	8388608	Super Street Fighter II Turbo - Revival (USA)
Super Street Fighter II Turbo - Revival (USA) (Virtual Console)	17d7636a	8388608	Super Street Fighter II Turbo - Revival (USA)
Super Street Fighter II X - Revival (Japan)	7a2c0d61	8388608	Super Street Fighter II Turbo - Revival (USA)
Super Street Fighter II X - Revival (Japan) (Virtual Console)	660c5754	8388608	Super Street Fighter II Turbo - Revival (USA)
Superman - Countdown to Apokolips (Europe) (En,Fr,De,Es,It)	2bf26a56	8388608	Superman - Countdown to Apokolips (USA)
Superman - Countdown to Apokolips (USA)	43017d47	8388608	Superman - Countdown to Apokolips (USA)
Superman Returns - Fortress of Solitude (USA, Europe) (Beta)	a0fb8e93	16777216	Superman Returns - Fortress of Solitude (USA, Europe) (En,Fr,De,Es,It)
Superman Returns - Fortress of Solitude (USA, Europe) (En,Fr,De,Es,It)	68215047	16777216	Superman Returns - Fortress of Solitude (USA, Europe) (En,Fr,De,Es,It)
Surf's Up (Europe) (En,Fr,De,Es,It)	b225ae1a	8388608	Surf's Up (USA) (En,Fr,Es)
Surf's Up (Europe) (En,Fr,Es)	317326b0	8388608	Surf's Up (USA) (En,Fr,Es)
Surf's Up (USA) (En,Fr,Es)	0adf57c5	8388608	Surf's Up (USA) (En,Fr,Es)
Sutakomi - Star Communicator (Japan)	260683c7	8388608	Sutakomi - Star Communicator (Japan)
Sweet Cookie Pie (Japan)	63f45849	4194304	Sweet Cookie Pie (Japan)
Sword of Mana (Europe)	88e64a8a	16777216	Sword of Mana (USA, Australia)
Sword of Mana (Europe) (Es,It)	11a0af49	16777216	Sword of Mana (USA, Australia)
Sword of Mana (Europe) (Fr,De)	5ee17ed1	16777216	Sword of Mana (USA, Australia)
Sword of Mana (USA, Australia)	7f1eac75	16777216	Sword of Mana (USA, Australia)
Sylvanian Families - Fashion Designer ni Naritai! - Kurumi-risu no Onnanoko (Japan)	58dc532e	8388608	Sylvanian Families - Fashion Designer ni Naritai! - Kurumi-risu no Onnanoko (Japan)
Sylvanian Families - Yousei no Stick to Fushigi no Ki - Marron-inu no Onnanoko (Japan)	00911694	8388608	Sylvanian Families - Yousei no Stick to Fushigi no Ki - Marron-inu no Onnanoko (Japan)
Sylvanian Families 4 - Meguru Kisetsu no Tapestry (Japan)	3bfbf110	8388608	Sylvanian Families 4 - Meguru Kisetsu no Tapestry (Japan)
TG Rally (Europe)	be67d878	4194304	Top Gear Rally (USA)
TMNT (USA) (En,Fr,Es)	916db9d5	8388608	TMNT (USA) (En,Fr,Es)
TMNT - Teenage Mutant Ninja Turtles (Europe) (En,Fr,De,Es,It)	89103893	8388608	TMNT (USA) (En,Fr,Es)
TOCA World Touring Cars (Europe)	d8125874	8388608	TOCA World Touring Cars (Europe)
Tactics Ogre - The Knight of Lodis (USA)	6649d2ce	8388608	Tactics Ogre - The Knight of Lodis (USA)
Tactics Ogre Gaiden - The Knight of Lodis (Japan)	0167a878	8388608	Tactics Ogre - The Knight of Lodis (USA)
Taiketsu! Ultra Hero (Japan)	4e6bdf8b	8388608	Taiketsu! Ultra Hero (Japan)
Tak - The Great Juju Challenge (Europe) (En,Fr,De,Nl)	4ad90ec1	8388608	Tak - The Great Juju Challenge (USA, Europe)
Tak - The Great Juju Challenge (USA, Europe)	881c8416	8388608	Tak - The Great Juju Challenge (USA, Europe)
Tak 2 - The Staff of Dreams (Europe) (En,Fr,De,Es,It)	91dd701d	8388608	Tak 2 - The Staff of Dreams (USA)
Tak 2 - The Staff of Dreams (USA)	8f7eb026	8388608	Tak 2 - The Staff of Dreams (USA)
Tak and the Power of Juju (Europe) (En,Fr,De)	0d483aa6	8388608	Tak and the Power of Juju (USA)
Tak and the Power of Juju (Europe) (Es,It)	4d0c3680	8388608	Tak and the Power of Juju (USA)
Tak and the Power of Juju (USA)	a9af1381	8388608	Tak and the Power of Juju (USA)
Tales of Phantasia (Europe) (En,Fr,De,Es,It)	fa172a4a	16777216	Tales of Phantasia (USA, Australia)
Tales of Phantasia (Japan)	d08819c1	8388608	Tales of Phantasia (USA, Australia)
Tales of Phantasia (USA, Australia)	01a0fca8	8388608	Tales of Phantasia (USA, Australia)
Tales of the World - Narikiri Dungeon 2 (Japan)	231b9fca	8388608	Tales of the World - Narikiri Dungeon 2 (Japan)
Tales of the World - Narikiri Dungeon 3 (Japan)	1867ccef	16777216	Tales of the World - Narikiri Dungeon 3 (Japan)
Tales of the World - Summoner's Lineage (Japan)	9c534023	8388608	Tales of the World - Summoner's Lineage (Japan)
Tanbi Musou - Meine Liebe (Japan)	2785cb89	8388608	Tanbi Musou - Meine Liebe (Japan)
Tang Tang (Europe) (En,Fr,De,Es,It,Fi)	8bfb4cfe	4194304	Tang Tang (USA)
Tang Tang (USA)	f5f0c143	4194304	Tang Tang (USA)
Tantei Gakuen Q - Kyuukyoku Trick ni Idome! (Japan)	77c172bd	16777216	Tantei Gakuen Q - Kyuukyoku Trick ni Idome! (Japan)
Tantei Gakuen Q - Meitantei wa Kimi da! (Japan)	552f0d90	16777216	Tantei Gakuen Q - Meitantei wa Kimi da! (Japan)
Tantei Jinguuji Saburou - Shiroi Kage no Shoujo (Japan)	3c21d7e0	8388608	Tantei Jinguuji Saburou - Shiroi Kage no Shoujo (Japan)
Tarzan - L'Appel de la Jungle (France)	35ab002e	8388608	Tarzan - Return to the Jungle (USA, Europe)
Tarzan - Return to the Jungle (USA, Europe)	32c6df3f	8388608	Tarzan - Return to the Jungle (USA, Europe)
Tarzan - Rueckkehr in den Dschungel (Germany)	59733b26	8388608	Tarzan - Return to the Jungle (USA, Europe)
Taxi 3 (France)	2d2b0c11	8388608	Taxi 3 (France)
Teen Titans (USA) (En,Fr)	12a0442c	8388608	Teen Titans (USA) (En,Fr)
Teen Titans 2 (USA) (En,Fr)	ccacd823	8388608	Teen Titans 2 (USA) (En,Fr)
Teenage Mutant Ninja Turtles (Europe) (En,Fr,De,Es,It)	15bdf0ad	8388608	Teenage Mutant Ninja Turtles (USA)
Teenage Mutant Ninja Turtles (USA)	f6c36783	8388608	Teenage Mutant Ninja Turtles (USA)
Teenage Mutant Ninja Turtles 2 - Battle Nexus (Europe) (En,Fr,De,Es,It)	ada00a65	8388608	Teenage Mutant Ninja Turtles 2 - Battle Nexus (USA)
Teenage Mutant Ninja Turtles 2 - Battle Nexus (USA)	802fc7c1	8388608	Teenage Mutant Ninja Turtles 2 - Battle Nexus (USA)
Teenage Mutant Ninja Turtles Double Pack (Europe) (En,Fr,De,Es,It)	e902880f	16777216	Teenage Mutant Ninja Turtles Double Pack (USA) (En,Fr,De,Es,It)
Teenage Mutant Ninja Turtles Double Pack (USA) (En,Fr,De,Es,It)	176a42e5	16777216	Teenage Mutant Ninja Turtles Double Pack (USA) (En,Fr,De,Es,It)
Tekken Advance (Europe)	4628c1b8	8388608	Tekken Advance (USA)
Tekken Advance (Japan)	c2eeae53	8388608	Tekken Advance (USA)
Tekken Advance (USA)	c59ea73b	8388608	Tekken Advance (USA)
Ten Pin Alley 2 (USA)	3c225943	4194304	Ten Pin Alley 2 (USA)
Tennis Masters Series 2003 (Europe) (En,Fr,De,Es,It,Pt)	28e6bd52	4194304	Tennis Masters Series 2003 (Europe) (En,Fr,De,Es,It,Pt)
Tennis no Ouji-sama - Aim at the Victory! (Japan)	afc3fcf7	16777216	Tennis no Ouji-sama - Aim at the Victory! (Japan)
Tennis no Ouji-sama - Genius Boys Academy (Japan)	dd244c9a	8388608	Tennis no Ouji-sama - Genius Boys Academy (Japan)
Tennis no Ouji-sama 2003 - Cool Blue (Japan)	9f7fc898	16777216	Tennis no Ouji-sama 2003 - Cool Blue (Japan)
Tennis no Ouji-sama 2003 - Passion Red (Japan)	59d1dc73	16777216	Tennis no Ouji-sama 2003 - Passion Red (Japan)
Tennis no Ouji-sama 2004 - Glorious Gold (Japan)	26a4ee5c	33554432	Tennis no Ouji-sama 2004 - Glorious Gold (Japan)
Tennis no Ouji-sama 2004 - Stylish Silver (Japan)	750d579d	33554432	Tennis no Ouji-sama 2004 - Stylish Silver (Japan)
Terminator 3 - Rise of the Machines (Europe) (En,Fr,De,Es,It)	16c3cac3	8388608	Terminator 3 - Rise of the Machines (USA)
Terminator 3 - Rise of the Machines (USA)	f74b3c7d	8388608	Terminator 3 - Rise of the Machines (USA)
Tetris Worlds (Europe) (En,Es,It)	4a834fc2	4194304	Tetris Worlds (USA)
Tetris Worlds (Europe) (En,Fr,De,Nl)	ad97eb3f	4194304	Tetris Worlds (USA)
Tetris Worlds (Japan)	dd271470	4194304	Tetris Worlds (USA)
Tetris Worlds (Japan) (Rev 1)	fcf2d471	4194304	Tetris Worlds (USA)
Tetris Worlds (USA)	7b729804	4194304	Tetris Worlds (USA)
Texas Hold 'em Poker (Europe) (Rev 1)	1a13df6b	4194304	Texas Hold 'em Poker (USA)
Texas Hold 'em Poker (USA)	78b59aac	4194304	Texas Hold 'em Poker (USA)
That's So Raven (USA)	8e190698	8388608	That's So Raven (USA)
That's So Raven 2 - Supernatural Style (USA) (En,Fr)	5495cbe1	8388608	That's So Raven 2 - Supernatural Style (USA) (En,Fr)
Three Stooges, The (USA)	c3c855ea	4194304	Three Stooges, The (USA)
Three-in-One Pack - Connect Four + Perfection + Trouble (USA)	d482421e	4194304	Three-in-One Pack - Connect Four + Perfection + Trouble (USA)
Three-in-One Pack - Risk + Battleship + Clue (USA)	f6f70922	4194304	Three-in-One Pack - Risk + Battleship + Clue (USA)
Three-in-One Pack - Risk + Battleship + Clue (USA) (Rev 1)	15c24091	4194304	Three-in-One Pack - Risk + Battleship + Clue (USA)
Three-in-One Pack - Sorry! + Aggravation + Scrabble Junior (USA)	111eb61a	4194304	Three-in-One Pack - Sorry! + Aggravation + Scrabble Junior (USA)
Thunder Alley (USA)	25e8e649	4194304	Thunder Alley (USA)
Thunderbirds (USA, Europe)	f09b7bb0	4194304	Thunderbirds (USA, Europe)
Thunderbirds - International Rescue (Europe)	9a6cb678	8388608	Thunderbirds - International Rescue (Europe)
Tiger Woods PGA Tour 2004 (USA, Europe)	0e38108b	16777216	Tiger Woods PGA Tour 2004 (USA, Europe)
Tiger Woods PGA Tour Golf (Europe) (En,Fr,De,Es,It)	38934732	8388608	Tiger Woods PGA Tour Golf (USA, Europe)
Tiger Woods PGA Tour Golf (USA, Europe)	f3f26acc	8388608	Tiger Woods PGA Tour Golf (USA, Europe)
Tim Burton's The Nightmare Before Christmas - The Pumpkin King (Japan)	9f16857d	8388608	Tim Burton's The Nightmare Before Christmas - The Pumpkin King (USA, Europe) (En,Fr,De,Es,It)
Tim Burton's The Nightmare Before Christmas - The Pumpkin King (USA, Europe) (En,Fr,De,Es,It)	3c247c14	8388608	Tim Burton's The Nightmare Before Christmas - The Pumpkin King (USA, Europe) (En,Fr,De,Es,It)
Tiny Toon Adventures - Buster's Bad Dream (Europe) (En,Fr,De,Es,It)	3246a8bd	4194304	Tiny Toon Adventures - Scary Dreams (USA)
Tiny Toon Adventures - Scary Dreams (USA)	fcd7a7c0	4194304	Tiny Toon Adventures - Scary Dreams (USA)
Tiny Toon Adventures - Wacky Stackers (Europe) (En,Fr,De,Es,It)	4ac770b6	4194304	Tiny Toon Adventures - Wacky Stackers (USA)
Tiny Toon Adventures - Wacky Stackers (USA)	e03c633e	4194304	Tiny Toon Adventures - Wacky Stackers (USA)
Tir et But - Edition Champions du Monde (France)	7782a204	4194304	Tir et But - Edition Champions du Monde (France)
Titeuf - Mega Compet (France)	ffd0a045	4194304	Titeuf - Mega Compet (France)
Titeuf - Mega Compet (France) (Beta)	c9be7fcf	4194304	Titeuf - Mega Compet (France)
Titeuf - Ze Gag Machine (France)	47bc61b5	4194304	Titeuf - Ze Gag Machine (France)
Titi et les Bijoux Magiques (France)	c66e14a4	4194304	Tweety and the Magic Gems (USA)
Tokimeki Yume Series 1 - Ohanaya-san ni Narou! (Japan)	6eea16bd	4194304	Tokimeki Yume Series 1 - Ohanaya-san ni Narou! (Japan)
Tokyo Majin Gakuen - Fuju Houroku (Japan)	e05cef9d	16777216	Tokyo Majin Gakuen - Fuju Houroku (Japan)
Tokyo Xtreme Racer Advance (Europe) (En,Fr,De,Es,It)	bd5f5f4c	4194304	Tokyo Xtreme Racer Advance (USA)
Tokyo Xtreme Racer Advance (USA)	ab272800	4194304	Tokyo Xtreme Racer Advance (USA)
Tom Clancy's Rainbow Six - Rogue Spear (Europe) (En,Fr,De,Es,It)	6863ce1a	8388608	Tom Clancy's Rainbow Six - Rogue Spear (USA) (En,Fr,De,Es,It)
Tom Clancy's Rainbow Six - Rogue Spear (USA) (En,Fr,De,Es,It)	23575bf2	8388608	Tom Clancy's Rainbow Six - Rogue Spear (USA) (En,Fr,De,Es,It)
Tom Clancy's Rainbow Six - Rogue Spear (USA, Europe) (En,Fr,De,Es,It) (Beta)	666e31b5	7963152	Tom Clancy's Rainbow Six - Rogue Spear (USA) (En,Fr,De,Es,It)
Tom Clancy's Splinter Cell (Europe) (En,Fr,De,Es,It,Nl)	7ecd29ce	8388608	Tom Clancy's Splinter Cell (USA) (En,Fr,Es)
Tom Clancy's Splinter Cell (Europe) (En,Fr,De,Es,It,Nl) (Beta)	e07ba799	16777216	Tom Clancy's Splinter Cell (USA) (En,Fr,Es)
Tom Clancy's Splinter Cell (USA) (En,Fr,Es)	308ba69c	8388608	Tom Clancy's Splinter Cell (USA) (En,Fr,Es)
Tom Clancy's Splinter Cell - Pandora Tomorrow (Europe) (En,Fr,De,Es,It,Nl)	f007dfe1	8388608	Tom Clancy's Splinter Cell - Pandora Tomorrow (USA) (En,Fr,Es)
Tom Clancy's Splinter Cell - Pandora Tomorrow (USA) (En,Fr,Es)	aefb7b54	8388608	Tom Clancy's Splinter Cell - Pandora Tomorrow (USA) (En,Fr,Es)
Tom and Jerry - The Magic Ring (Europe) (En,Fr,De,Es,It)	1b7a3819	8388608	Tom and Jerry - The Magic Ring (USA) (En,Fr,De,Es,It)
Tom and Jerry - The Magic Ring (USA) (En,Fr,De,Es,It)	7dc8e08e	8388608	Tom and Jerry - The Magic Ring (USA) (En,Fr,De,Es,It)
Tom and Jerry Tales (Europe) (En,Fr,De,Es,It)	5a8d5736	8388608	Tom and Jerry Tales (USA) (En,Fr,Es)
Tom and Jerry Tales (USA) (En,Fr,Es)	af494f20	8388608	Tom and Jerry Tales (USA) (En,Fr,Es)
Tom and Jerry in Infurnal Escape (Europe) (En,Fr,De,Es,It)	2db83271	8388608	Tom and Jerry in Infurnal Escape (USA)
Tom and Jerry in Infurnal Escape (USA)	11156d88	4194304	Tom and Jerry in Infurnal Escape (USA)
Tomato Adventure (Japan)	e37ca939	8388608	Tomato Adventure (Japan)
Tomato Adventure (Japan) (Virtual Console)	a934c4ee	8388608	Tomato Adventure (Japan)
Tongqin Yi Bi (China) (Proto)	d57f7b40	4194304	Polarium Advance (USA)
Tonka - On the Job (USA)	dbcd4541	4194304	Tonka - On the Job (USA)
Tony Hawk's American Sk8land (Europe)	a824df3f	8388608	Tony Hawk's American Sk8land (USA)
Tony Hawk's American Sk8land (Europe) (Fr,De,Es,It)	9633084a	8388608	Tony Hawk's American Sk8land (USA)
Tony Hawk's American Sk8land (USA)	7b089f4a	8388608	Tony Hawk's American Sk8land (USA)
Tony Hawk's Downhill Jam (Europe) (En,Fr,De,Es,It)	4a975f48	16777216	Tony Hawk's Downhill Jam (USA)
Tony Hawk's Downhill Jam (USA)	37b0b53d	16777216	Tony Hawk's Downhill Jam (USA)
Tony Hawk's Pro Skater 2 (France)	f0efc9d8	8388608	Tony Hawk's Pro Skater 2 (USA, Europe)
Tony Hawk's Pro Skater 2 (Germany)	6d236181	8388608	Tony Hawk's Pro Skater 2 (USA, Europe)
Tony Hawk's Pro Skater 2 (USA, Europe)	812dc57a	8388608	Tony Hawk's Pro Skater 2 (USA, Europe)
Tony Hawk's Pro Skater 3 (France)	8d132067	8388608	Tony Hawk's Pro Skater 3 (USA, Europe)
Tony Hawk's Pro Skater 3 (Germany)	74174675	8388608	Tony Hawk's Pro Skater 3 (USA, Europe)
Tony Hawk's Pro Skater 3 (USA, Europe)	f669a368	8388608	Tony Hawk's Pro Skater 3 (USA, Europe)
Tony Hawk's Pro Skater 4 (USA, Europe)	8cb0aa77	8388608	Tony Hawk's Pro Skater 4 (USA, Europe)
Tony Hawk's Underground (USA, Europe)	1f5149bc	8388608	Tony Hawk's Underground (USA, Europe)
Tony Hawk's Underground 2 (USA, Europe)	bf864083	8388608	Tony Hawk's Underground 2 (USA, Europe)
Tootuff - The Gag Machine (Europe) (En,Fr,De,Es,It) (Proto)	3e69a610	4194304	Titeuf - Ze Gag Machine (France)
Top Gear GT Championship (Europe)	391c0497	4194304	Top Gear GT Championship (USA)
Top Gear GT Championship (USA)	0a9c9968	4194304	Top Gear GT Championship (USA)
Top Gear Rally (Europe) (En,Fr,De,Es,It)	86ad4007	8388608	Top Gear Rally (USA)
Top Gear Rally (Japan)	c457c5db	4194304	Top Gear Rally (USA)
Top Gear Rally (USA)	4dd90762	4194304	Top Gear Rally (USA)
Top Gun - Combat Zones (USA) (En,Fr,De,Es,It)	dfc88d3e	4194304	Top Gun - Combat Zones (USA) (En,Fr,De,Es,It)
Top Gun - Firestorm Advance (USA, Europe) (En,Fr,De,Es,It)	fdbe5a26	4194304	Top Gun - Firestorm Advance (USA, Europe) (En,Fr,De,Es,It)
Top Spin 2 (Europe) (En,Fr,De,Es,It)	a8e8618b	16777216	Top Spin 2 (USA) (En,Fr,De,Es,It)
Top Spin 2 (USA) (En,Fr,De,Es,It)	a960d63b	16777216	Top Spin 2 (USA) (En,Fr,De,Es,It)
Total Soccer 2002 (Europe) (En,Fr,De,Es,It,Nl)	b94ddc93	4194304	Total Soccer 2002 (Europe) (En,Fr,De,Es,It,Nl)
Total Soccer Advance (Japan)	28c3e211	4194304	Total Soccer 2002 (Europe) (En,Fr,De,Es,It,Nl)
Total Soccer Manager (Europe) (En,Fr,De,Es,It,Nl)	92f99295	4194304	Total Soccer Manager (Europe) (En,Fr,De,Es,It,Nl)
Totally Spies! (Europe) (En,Fr,De,Es,It,Nl)	06992f1d	8388608	Totally Spies! (USA)
Totally Spies! (USA)	aaa6e141	8388608	Totally Spies! (USA)
Totally Spies! 2 - Undercover (Europe) (En,Fr,De,Es,It,Nl)	ca245559	8388608	Totally Spies! 2 - Undercover (USA) (En,Fr)
Totally Spies! 2 - Undercover (Europe) (En,Fr,De,Es,It,Nl) (Beta)	5515c841	8388608	Totally Spies! 2 - Undercover (USA) (En,Fr)
Totally Spies! 2 - Undercover (USA) (En,Fr)	2c8eb8a1	8388608	Totally Spies! 2 - Undercover (USA) (En,Fr)
Tottoko Hamutarou - Hamu-Hamu Sports (Japan) (Demo) (Kiosk, GameCube)	7cd6839c	16777216	Hamtaro - Ham-Ham Games (Japan, USA) (En,Ja)
Tottoko Hamutarou 3 - Love Love Daibouken Dechu (Japan)	c2945d42	8388608	Hamtaro - Ham-Ham Heartbreak (USA)
Tottoko Hamutarou 3 - Love Love Daibouken Dechu (Japan) (Beta)	782e25ae	8388608	Hamtaro - Ham-Ham Heartbreak (USA)
Tottoko Hamutarou 4 - Nijiiro Daikoushin Dechu (Japan)	1b6e5617	8388608	Hamtaro - Rainbow Rescue (Europe) (En,Fr,De,Es,It)
Touhai Densetsu Akagi - Yami ni Mai Orita Tensai (Japan)	14eb6587	16777216	Touhai Densetsu Akagi - Yami ni Mai Orita Tensai (Japan)
Toukon Heat (Japan)	4043f1e0	8388608	Toukon Heat (Japan)
Tower SP, The (Japan)	ec325c92	8388608	Tower SP, The (USA)
Tower SP, The (USA)	95e05895	8388608	Tower SP, The (USA)
Toy Robo Force (Japan)	227fc16b	4194304	Toy Robo Force (Japan)
Travis Pastrana's Pro MotoX (USA) (Proto) (2002-12-12)	ecfe5f96	4194304	Travis Pastrana's Pro MotoX (USA) (Proto) (2002-12-12)
Treasure Planet (Europe) (En,Fr,De,Es,It,Nl)	d52ddce1	8388608	Treasure Planet (USA)
Treasure Planet (Europe) (En,Fr,De,Es,It,Nl) (Rev 1)	794b2602	8388608	Treasure Planet (USA)
Treasure Planet (USA)	8b14f9ec	8388608	Treasure Planet (USA)
Trick Star (Europe) (En,Fr,De,Es,It)	961260ae	4194304	Trick Star (Europe) (En,Fr,De,Es,It)
Tringo (Europe) (En,Fr,De,Es,It)	b5f7bf43	4194304	Tringo (USA)
Tringo (USA)	2956a0da	4194304	Tringo (USA)
Trollz - Hair Affair! (Europe)	3e0ed609	8388608	Trollz - Hair Affair! (USA)
Trollz - Hair Affair! (Europe) (En,De,It)	fb2284ef	8388608	Trollz - Hair Affair! (USA)
Trollz - Hair Affair! (Europe) (En,Fr,Es)	14fea5c0	8388608	Trollz - Hair Affair! (USA)
Trollz - Hair Affair! (USA)	c5cd2c22	8388608	Trollz - Hair Affair! (USA)
Tron 2.0 - Killer App (Europe)	3bf38352	16777216	Tron 2.0 - Killer App (USA)
Tron 2.0 - Killer App (USA)	77d50ec6	16777216	Tron 2.0 - Killer App (USA)
Tsuukin Hitofude (Japan)	5a7e762b	4194304	Polarium Advance (USA)
Tsuukin Hitofude (Japan) (Beta)	9542e247	1048576	Polarium Advance (USA)
Tsuukin Hitofude (Japan) (Virtual Console)	f4c7a95b	4194304	Polarium Advance (USA)
Turbo Turtle Adventure (USA)	e5e0b0f1	4194304	Turbo Turtle Adventure (USA)
Turok - Evolution (Europe) (En,Fr,De,Es,It)	07a32299	8388608	Turok - Evolution (USA)
Turok - Evolution (USA)	4edac27a	8388608	Turok - Evolution (USA)
Turok Advance (Unknown) (Proto) (Bright Version)	9ef46f34	4830066	Turok Advance (Unknown) (Proto) (Dark Version)
Turok Advance (Unknown) (Proto) (Dark Version)	378d6da7	4830098	Turok Advance (Unknown) (Proto) (Dark Version)
Turok Advance (Unknown) (Proto) (Earlier)	401e10ea	3690631	Turok Advance (Unknown) (Proto) (Dark Version)
Tweety and the Magic Gems (Europe)	024a1914	4194304	Tweety and the Magic Gems (USA)
Tweety and the Magic Gems (Germany)	8aa6e91a	4194304	Tweety and the Magic Gems (USA)
Tweety and the Magic Gems (Netherlands)	f1a49d56	4194304	Tweety and the Magic Gems (USA)
Tweety and the Magic Gems (USA)	2da5c91e	4194304	Tweety and the Magic Gems (USA)
Tweety no Hearty Party (Japan)	d38672bf	4194304	Tweety and the Magic Gems (USA)
Twin Series 1 - Mezase Debut! - Fashion Designer Monogatari + Kawaii Pet Game Gallery 2 (Japan)	09f5e672	16777216	Twin Series 1 - Mezase Debut! - Fashion Designer Monogatari + Kawaii Pet Game Gallery 2 (Japan)
Twin Series 2 - Oshare Princess 4 + Renai Uranai Daisakusen! + Renai Party Game - Sweet Heart (Japan)	8b0eb948	8388608	Twin Series 2 - Oshare Princess 4 + Renai Uranai Daisakusen! + Renai Party Game - Sweet Heart (Japan)
Twin Series 3 - Konchuu Monster - Ouja Ketteisen + Super Chinese Labyrinth (Japan)	68237519	8388608	Twin Series 3 - Konchuu Monster - Ouja Ketteisen + Super Chinese Labyrinth (Japan)
Twin Series 4 - Hamu Hamu Monster EX - Hamster Monogatari RPG + Fantasy Puzzle - Hamster Monogatari - Mahou no Meikyuu 1.2.3 (Japan)	fa643377	16777216	Twin Series 4 - Hamu Hamu Monster EX - Hamster Monogatari RPG + Fantasy Puzzle - Hamster Monogatari - Mahou no Meikyuu 1.2.3 (Japan)
Twin Series 5 - Mahou no Kuni no Cake-ya-san Monogatari + Wanwan Meitantei EX (Japan)	2c582ff3	16777216	Twin Series 5 - Mahou no Kuni no Cake-ya-san Monogatari + Wanwan Meitantei EX (Japan)
Twin Series 6 - Wannyan Idol Gakuen + Koinu to Issho Special (Japan)	9370623d	8388608	Twin Series 6 - Wannyan Idol Gakuen + Koinu to Issho Special (Japan)
Twin Series 7 - Twin Puzzle - Kisekae Wanko EX + Nyaa to Chuu no Rainbow Magic 2 (Japan)	3c91b0a0	4194304	Twin Series 7 - Twin Puzzle - Kisekae Wanko EX + Nyaa to Chuu no Rainbow Magic 2 (Japan)
Ty the Tasmanian Tiger 2 - Bush Rescue (USA, Europe) (En,Fr,De)	108c3535	8388608	Ty the Tasmanian Tiger 2 - Bush Rescue (USA, Europe) (En,Fr,De)
Ty the Tasmanian Tiger 3 - Night of the Quinkan (USA)	cf467e1b	8388608	Ty the Tasmanian Tiger 3 - Night of the Quinkan (USA)
Tyrian 2000 (USA) (Proto)	e5acba28	2681544	Tyrian 2000 (USA) (Proto)
Uchuu Daisakusen Choco Vader - Uchuu kara no Shinryakusha (Japan)	5a211b60	8388608	Uchuu Daisakusen Choco Vader - Uchuu kara no Shinryakusha (Japan)
Uchuu no Stellvia (Japan)	a00a4530	8388608	Uchuu no Stellvia (Japan)
Ueki no Housoku - Jingi Sakuretsu! Nouryokusha Battle (Japan)	ed368ef1	8388608	Ueki no Housoku - Jingi Sakuretsu! Nouryokusha Battle (Japan)
Ui-Ire - World Soccer Winning Eleven (Japan)	31b1a586	8388608	Ui-Ire - World Soccer Winning Eleven (Japan)
Ultimate Arcade Games (USA)	264f7a95	4194304	Ultimate Arcade Games (USA)
Ultimate Beach Soccer (USA)	5d4d88c5	4194304	Ultimate Beach Soccer (USA)
Ultimate Brain Games (USA, Europe)	b6c9f401	4194304	Ultimate Brain Games (USA, Europe)
Ultimate Card Games (USA) (Rev 1)	300f5d25	4194304	Ultimate Card Games (USA, Europe)
Ultimate Card Games (USA) (Rev 2)	94863423	4194304	Ultimate Card Games (USA, Europe)
Ultimate Card Games (USA, Europe)	8a0831bd	4194304	Ultimate Card Games (USA, Europe)
Ultimate Muscle - The Kinnikuman Legacy - The Path of the Superhero (USA)	bb85ad55	16777216	Ultimate Muscle - The Kinnikuman Legacy - The Path of the Superhero (USA)
Ultimate Puzzle Games (USA)	a13f76a5	4194304	Ultimate Puzzle Games (USA)
Ultimate Spider-Man (Europe)	97e1727f	16777216	Ultimate Spider-Man (USA)
Ultimate Spider-Man (Europe) (Fr,De,Es,It)	61a74634	16777216	Ultimate Spider-Man (USA)
Ultimate Spider-Man (USA)	931e2c18	16777216	Ultimate Spider-Man (USA)
Ultimate Winter Games (USA)	95988ee2	8388608	Ultimate Winter Games (USA)
Ultra Keibitai - Monster Attack (Japan)	c03785c7	8388608	Ultra Keibitai - Monster Attack (Japan)
Unfabulous (USA)	2547f3a1	4194304	Unfabulous (USA)
Unfabulous (USA) (Beta 1)	cbbe4a57	1077252	Unfabulous (USA)
Unfabulous (USA) (Beta 10)	1c85d06e	4154388	Unfabulous (USA)
Unfabulous (USA) (Beta 11)	77a0663d	4171048	Unfabulous (USA)
Unfabulous (USA) (Beta 12)	d3e36338	4402956	Unfabulous (USA)
Unfabulous (USA) (Beta 2)	bc86eec8	1419168	Unfabulous (USA)
Unfabulous (USA) (Beta 3)	0845be78	1551692	Unfabulous (USA)
Unfabulous (USA) (Beta 4)	662f11d0	1551740	Unfabulous (USA)
Unfabulous (USA) (Beta 5)	057e4bbc	2708408	Unfabulous (USA)
Unfabulous (USA) (Beta 6)	f52e65e2	3406884	Unfabulous (USA)
Unfabulous (USA) (Beta 7)	d4ea1af8	4809124	Unfabulous (USA)
Unfabulous (USA) (Beta 8)	76589323	4247508	Unfabulous (USA)
Unfabulous (USA) (Beta 9)	e0c3e150	4204052	Unfabulous (USA)
Unglaublichen, Die (Germany)	bdc06e57	8388608	Incredibles, The (USA, Europe)
Uno - Free Fall (Europe) (En,Fr,De,Es,It)	414ea9f4	4194304	Uno - Free Fall (USA)
Uno - Free Fall (USA)	19fcc78e	4194304	Uno - Free Fall (USA)
Uno 52 (Europe) (En,Fr,De,Es,It)	315360d0	4194304	Uno 52 (USA)
Uno 52 (USA)	c659c6db	4194304	Uno 52 (USA)
Urban Yeti! (USA, Europe)	4c53ba49	4194304	Urban Yeti! (USA, Europe)
Urbz, The - Sims in the City (Japan)	bbccc2fd	33554432	Urbz, The - Sims in the City (USA, Europe) (En,Fr,De,Es,It,Nl)
Urbz, The - Sims in the City (USA, Europe) (En,Fr,De,Es,It,Nl)	8b3330bb	33554432	Urbz, The - Sims in the City (USA, Europe) (En,Fr,De,Es,It,Nl)
V-Master Cross (Japan)	251b2503	16777216	V-Master Cross (Japan)
V-Rally 3 (Europe) (En,Fr,De,Es,It)	02d20287	4194304	V-Rally 3 (USA) (En,Fr,Es)
V-Rally 3 (Japan)	a0aa46b9	4194304	V-Rally 3 (USA) (En,Fr,Es)
V-Rally 3 (USA) (En,Fr,Es)	d3ae3d37	4194304	V-Rally 3 (USA) (En,Fr,Es)
V.I.P. (Europe) (Beta)	756d4eda	1835120	V.I.P. (Europe) (En,Fr,De,Es,It,Nl)
V.I.P. (Europe) (En,Fr,De,Es,It,Nl)	718a6c3b	4194304	V.I.P. (Europe) (En,Fr,De,Es,It,Nl)
Van Helsing (Europe) (En,Fr,De,Es,It)	9e8748c9	4194304	Van Helsing (USA)
Van Helsing (USA)	36159d63	4194304	Van Helsing (USA)
Vattroller X (Japan)	e368a67a	8388608	Vattroller X (Japan)
Vattroller X - Taikenban (Japan) (Demo) (Kiosk, GameCube)	bed622ec	8388608	Vattroller X (Japan)
Vecinos Invasores (Spain)	96af60f3	8388608	Over the Hedge (USA)
VeggieTales - LarryBoy and the Bad Apple (USA)	b5213253	4194304	VeggieTales - LarryBoy and the Bad Apple (USA)
Virtua Tennis (Europe) (En,Fr,De,Es,It)	e52a3ab8	8388608	Virtua Tennis (USA)
Virtua Tennis (USA)	e0bd3b75	8388608	Virtua Tennis (USA)
Virtual Kasparov (Europe) (En,Fr,De,Es,It)	23b92cf7	4194304	Virtual Kasparov (USA) (En,Fr,De,Es,It)
Virtual Kasparov (USA) (En,Fr,De,Es,It)	815b722f	4194304	Virtual Kasparov (USA) (En,Fr,De,Es,It)
W.i.t.c.h. (Europe) (En,Fr,De,Es,It)	ca4f6d5d	8388608	W.i.t.c.h. (Europe) (En,Fr,De,Es,It)
WTA Tour Tennis (USA)	7f8cb0af	4194304	WTA Tour Tennis (USA)
WTA Tour Tennis Pocket (Japan)	459daf35	8388608	WTA Tour Tennis (USA)
WWE - Road to WrestleMania X8 (USA, Europe)	f1fb4fd1	4194304	WWE - Road to WrestleMania X8 (USA, Europe)
WWE - Survivor Series (USA, Europe)	6694f94d	4194304	WWE - Survivor Series (USA, Europe)
WWF - Road to WrestleMania (USA, Europe)	8d3b116e	4194304	WWF - Road to WrestleMania (USA, Europe)
WWF - Road to WrestleMania (USA, Europe) (Beta)	8314421b	4194304	WWF - Road to WrestleMania (USA, Europe)
Wade Hixton's Counter Punch (USA, Europe)	47b49060	8388608	Wade Hixton's Counter Punch (USA, Europe)
Wagamama Fairy Mirumo de Pon! - 8 Nin no Toki no Yousei (Japan)	5e5c008c	8388608	Wagamama Fairy Mirumo de Pon! - 8 Nin no Toki no Yousei (Japan)
Wagamama Fairy Mirumo de Pon! - Dokidoki Memorial Panic (Japan)	5effdc65	33554432	Wagamama Fairy Mirumo de Pon! - Dokidoki Memorial Panic (Japan)
Wagamama Fairy Mirumo de Pon! - Nazo no Kagi to Shinjitsu no Tobira (Japan)	ae2fb113	8388608	Wagamama Fairy Mirumo de Pon! - Nazo no Kagi to Shinjitsu no Tobira (Japan)
Wagamama Fairy Mirumo de Pon! - Ougon Maracas no Densetsu (Japan)	7d21f61f	4194304	Wagamama Fairy Mirumo de Pon! - Ougon Maracas no Densetsu (Japan)
Wagamama Fairy Mirumo de Pon! - Taisen Mahoudama (Japan)	f5da0dcc	8388608	Wagamama Fairy Mirumo de Pon! - Taisen Mahoudama (Japan)
Wagamama Fairy Mirumo de Pon! - Yume no Kakera (Japan)	a606c803	8388608	Wagamama Fairy Mirumo de Pon! - Yume no Kakera (Japan)
Wakeboarding Unleashed Featuring Shaun Murray (Europe)	a3ccf1ec	8388608	Wakeboarding Unleashed Featuring Shaun Murray (USA)
Wakeboarding Unleashed Featuring Shaun Murray (USA)	cad6376c	8388608	Wakeboarding Unleashed Featuring Shaun Murray (USA)
Waliou Xunbao Ji (China)	cf7585f1	8388608	Wario Land 4 (USA, Europe)
Waliou Zhizao (China)	78a4d2d4	8388608	WarioWare, Inc. - Mega Microgame$! (USA)
Wanko Mix Chiwanko World (Japan)	253ad05e	8388608	Wanko Mix Chiwanko World (Japan)
Wanko de Kururin! Wancle (Japan)	e93f547b	8388608	Wanko de Kururin! Wancle (Japan)
Wannyan Doubutsu Byouin - Doubutsu no Oishasan Ikusei Game (Japan)	6de82857	4194304	Wannyan Doubutsu Byouin - Doubutsu no Oishasan Ikusei Game (Japan)
Wannyan Doubutsu Byouin - Doubutsu no Oishasan Ikusei Game (Japan) (Rev 1)	b12d2724	4194304	Wannyan Doubutsu Byouin - Doubutsu no Oishasan Ikusei Game (Japan)
Wanwan Meitantei (Japan)	5f41c9fe	8388608	Wanwan Meitantei (Japan)
Wario Land 4 (USA, Europe)	d6141609	8388608	Wario Land 4 (USA, Europe)
Wario Land 4 (USA, Europe) (Virtual Console)	8bb73d8a	8388608	Wario Land 4 (USA, Europe)
Wario Land Advance - Youki no Otakara (Japan)	f56ebb7a	8388608	Wario Land 4 (USA, Europe)
Wario Land Advance - Youki no Otakara (Japan) (Virtual Console)	a8cd90f9	8388608	Wario Land 4 (USA, Europe)
WarioWare - Twisted! (USA, Australia)	cb4e844b	16777216	WarioWare - Twisted! (USA, Australia)
WarioWare, Inc. - Mega Microgame$! (USA)	785d8b8c	8388608	WarioWare, Inc. - Mega Microgame$! (USA)
WarioWare, Inc. - Mega Microgame$! (USA) (Beta)	ec0c0c58	8388608	WarioWare, Inc. - Mega Microgame$! (USA)
WarioWare, Inc. - Mega Microgame$! (USA) (Virtual Console)	b0182907	8388608	WarioWare, Inc. - Mega Microgame$! (USA)
WarioWare, Inc. - Minigame Mania (Europe) (En,Fr,De,Es,It)	500ca178	8388608	WarioWare, Inc. - Mega Microgame$! (USA)
WarioWare, Inc. - Minigame Mania (Europe) (En,Fr,De,Es,It) (Virtual Console)	1fe34e43	8388608	WarioWare, Inc. - Mega Microgame$! (USA)
Weekend Miljonairs (Netherlands)	41aa465e	4194304	Who Wants to Be a Millionaire (Europe)
Wer Wird Millionaer (Germany)	08d71a89	4194304	Who Wants to Be a Millionaire (Europe)
Whac-A-Mole (USA)	e58ef9a2	8388608	Whac-A-Mole (USA)
Whistle! - Dai-37-kai Tokyo-to Chuugakkou Sougou Taiiku Soccer Taikai (Japan)	667a0d06	8388608	Whistle! - Dai-37-kai Tokyo-to Chuugakkou Sougou Taiiku Soccer Taikai (Japan)
Who Wants to Be a Millionaire (Australia)	da7006e0	4194304	Who Wants to Be a Millionaire (Europe)
Who Wants to Be a Millionaire (Europe)	b9c55b22	4194304	Who Wants to Be a Millionaire (Europe)
Who Wants to Be a Millionaire - 2nd Edition (Europe)	c89deb4f	4194304	Who Wants to Be a Millionaire - 2nd Edition (Europe)
Who Wants to Be a Millionaire Junior (Europe)	aad93da8	4194304	Who Wants to Be a Millionaire Junior (Europe)
Wild Thornberrys Movie, The (USA, Europe)	4e2c47bc	4194304	Wild Thornberrys Movie, The (USA, Europe)
Wild Thornberrys Movie, The (USA, Europe) (Beta)	e41720f5	3374120	Wild Thornberrys Movie, The (USA, Europe)
Wild Thornberrys, The - Chimp Chase (USA, Europe)	f0ca0689	4194304	Wild Thornberrys, The - Chimp Chase (USA, Europe)
Wild, The (USA, Europe) (En,Fr,De,Es)	de79edc3	8388608	Wild, The (USA, Europe) (En,Fr,De,Es)
Wilden Fussball-Kerle, Die - Entscheidung im Teufelstopf (Germany)	c8c12090	16777216	Wilden Fussball-Kerle, Die - Entscheidung im Teufelstopf (Germany)
Wilden Fussball-Kerle, Die - Gefahr im Wilde Kerle Land (Germany)	a6281dd3	16777216	Wilden Fussball-Kerle, Die - Gefahr im Wilde Kerle Land (Germany)
WinX Club (Europe) (En,Fr,De,Es,It)	afcb9ce8	16777216	WinX Club (USA)
WinX Club (USA)	1d6950a3	16777216	WinX Club (USA)
WinX Club - Quest for the Codex (Europe) (En,Fr,De,Es,It)	9eb09c77	8388608	WinX Club - Quest for the Codex (USA)
WinX Club - Quest for the Codex (USA)	29dfff34	8388608	WinX Club - Quest for the Codex (USA)
Wing Commander - Prophecy (Europe) (En,Fr,De,Es,It)	09f02f6a	4194304	Wing Commander - Prophecy (USA)
Wing Commander - Prophecy (USA)	62d9e3d0	4194304	Wing Commander - Prophecy (USA)
Wings (Europe)	6e0d29fc	8388608	Wings (USA)
Wings (USA)	49041bc8	8388608	Wings (USA)
Winnie the Pooh's Rumbly Tumbly Adventure & Rayman 3 (Europe) (En,Fr,De,Es,It,Nl+En,Fr,De,Es,It,Nl,Sv,No,Da,Fi)	c2fc12e5	16777216	Winnie the Pooh's Rumbly Tumbly Adventure & Rayman 3 (Europe) (En,Fr,De,Es,It,Nl+En,Fr,De,Es,It,Nl,Sv,No,Da,Fi)
Winnie the Pooh's Rumbly Tumbly Adventure (Europe) (En,Fr,De,Es,It,Nl)	e5a97a58	4194304	Winnie the Pooh's Rumbly Tumbly Adventure (USA) (En,Fr,Es)
Winnie the Pooh's Rumbly Tumbly Adventure (USA) (En,Fr,Es)	5b098a68	4194304	Winnie the Pooh's Rumbly Tumbly Adventure (USA) (En,Fr,Es)
Winning Post for Game Boy Advance (Japan)	5ada60f6	4194304	Winning Post for Game Boy Advance (Japan)
Winning Post for Game Boy Advance (Japan) (Rev 1)	f6180af5	4194304	Winning Post for Game Boy Advance (Japan)
Winning Post for Game Boy Advance (Japan) (Rev 2)	9fb4af0a	4194304	Winning Post for Game Boy Advance (Japan)
Winter Sports (Europe) (En,Fr,De,Es,It)	64c802f9	4194304	Winter Sports (Europe) (En,Fr,De,Es,It)
Wizardry Summoner (Japan)	71695a71	4194304	Wizardry Summoner (Japan)
Wizardry Summoner (Japan) (Rev 1)	b3c77a61	4194304	Wizardry Summoner (Japan)
Wolfenstein 3D (USA, Europe)	c4aa2b7b	8388608	Wolfenstein 3D (USA, Europe)
Woody Woodpecker - Crazy Castle 5 (Japan)	a3e1e037	4194304	Woody Woodpecker in Crazy Castle 5 (USA)
Woody Woodpecker in Crazy Castle 5 (Europe) (En,Fr,De)	092b3dce	4194304	Woody Woodpecker in Crazy Castle 5 (USA)
Woody Woodpecker in Crazy Castle 5 (USA)	b9a3c878	4194304	Woody Woodpecker in Crazy Castle 5 (USA)
Word Safari - The Friendship Totems (USA)	78e5a643	8388608	Word Safari - The Friendship Totems (USA)
World Advance Soccer - Shouri e no Michi (Japan)	afe01c1f	8388608	World Advance Soccer - Shouri e no Michi (Japan)
World Championship Poker (Europe) (En,Fr,De,Es,It)	4776f86e	4194304	World Championship Poker (USA)
World Championship Poker (USA)	07f15152	4194304	World Championship Poker (USA)
World Poker Tour (Europe) (En,Fr,De)	8fa26a97	4194304	World Poker Tour (USA)
World Poker Tour (USA)	b18784c1	4194304	World Poker Tour (USA)
World Reborn (USA) (Proto)	4c48ebb3	4194304	World Reborn (USA) (Proto)
World Tennis Stars (Europe)	b5830f5f	4194304	World Tennis Stars (USA)
World Tennis Stars (USA)	036e30b0	4194304	World Tennis Stars (USA)
Worms - World Party (Europe) (En,Fr,De,Es,It)	8ee32cbe	4194304	Worms - World Party (USA) (En,Fr,De,Es,It)
Worms - World Party (USA) (En,Fr,De,Es,It)	e8789c18	4194304	Worms - World Party (USA) (En,Fr,De,Es,It)
Worms Blast (Europe) (En,Fr,De,Es,It)	5223f5aa	4194304	Worms Blast (Europe) (En,Fr,De,Es,It)
Worms Blast (World) (En,Fr,De,Es,It) (Evercade)	55c25c4a	4194304	Worms Blast (Europe) (En,Fr,De,Es,It)
X-Bladez - Inline Skater (Europe)	c05f9907	4194304	X-Bladez - Inline Skater (USA)
X-Bladez - Inline Skater (USA)	09fdd665	4194304	X-Bladez - Inline Skater (USA)
X-Men - Reign of Apocalypse (USA, Europe)	25f43491	8388608	X-Men - Reign of Apocalypse (USA, Europe)
X-Men - The Official Game (Europe) (En,Fr,Es,It)	34be6923	8388608	X-Men - The Official Game (USA)
X-Men - The Official Game (USA)	c87f460a	8388608	X-Men - The Official Game (USA)
X-Men 2 - La Vengeance de Wolverine (France)	82373b44	8388608	X2 - Wolverine's Revenge (USA, Europe)
X2 - Wolverine's Revenge (USA, Europe)	41a92220	8388608	X2 - Wolverine's Revenge (USA, Europe)
XS Moto (USA)	6dbbc17c	4194304	XS Moto (USA)
Yaobai Senxigang (China) (Proto)	517fb18d	8388608	DK - King of Swing (USA)
Yaoxi Dao (China)	9c32a829	4194304	Super Mario Advance 3 - Yoshi's Island (USA)
Yggdra Union (Japan)	bf53a3d2	33554432	Yggdra Union - We'll Never Fight Alone (USA)
Yggdra Union - We'll Never Fight Alone (Europe)	2931d6a8	33554432	Yggdra Union - We'll Never Fight Alone (USA)
Yggdra Union - We'll Never Fight Alone (USA)	84b5666c	33554432	Yggdra Union - We'll Never Fight Alone (USA)
Yoshi Topsy-Turvy (USA)	e64c265c	8388608	Yoshi Topsy-Turvy (USA)
Yoshi no Banyuuinryoku (Japan)	31594b7a	8388608	Yoshi Topsy-Turvy (USA)
Yoshi's Universal Gravitation (Europe) (En,Fr,De,Es,It)	05f4d0aa	8388608	Yoshi Topsy-Turvy (USA)
Youkaidou (Japan)	2a4a92b4	8388608	Youkaidou (Japan)
Yu Yu Hakusho - Ghostfiles - Spirit Detective (Europe) (En,Fr,De,Es,It)	208d77ec	8388608	Yu Yu Hakusho - Ghostfiles - Spirit Detective (USA)
Yu Yu Hakusho - Ghostfiles - Spirit Detective (USA)	d3784b52	8388608	Yu Yu Hakusho - Ghostfiles - Spirit Detective (USA)
Yu Yu Hakusho - Ghostfiles - Spirit Detective (USA) (Beta)	8cbfa66b	16777216	Yu Yu Hakusho - Ghostfiles - Spirit Detective (USA)
Yu Yu Hakusho - Ghostfiles - Tournament Tactics (USA, Europe)	aef6b7cc	8388608	Yu Yu Hakusho - Ghostfiles - Tournament Tactics (USA, Europe)
Yu-Gi-Oh! - 7 Trials to Glory - World Championship Tournament 2005 (USA) (En,Ja,Fr,De,Es,It)	584db6a6	16777216	Yu-Gi-Oh! - 7 Trials to Glory - World Championship Tournament 2005 (USA) (En,Ja,Fr,De,Es,It)
Yu-Gi-Oh! - 7 Trials to Glory - World Championship Tournament 2005 (USA) (En,Ja,Fr,De,Es,It) (Early Days Collection)	6f749a70	16777216	Yu-Gi-Oh! - 7 Trials to Glory - World Championship Tournament 2005 (USA) (En,Ja,Fr,De,Es,It)
Yu-Gi-Oh! - Day of the Duelist - World Championship Tournament 2005 (Europe) (En,Ja,Fr,De,Es,It)	17988e9b	16777216	Yu-Gi-Oh! - 7 Trials to Glory - World Championship Tournament 2005 (USA) (En,Ja,Fr,De,Es,It)
Yu-Gi-Oh! - Day of the Duelist - World Championship Tournament 2005 (Europe) (En,Ja,Fr,De,Es,It) (Early Days Collection)	3e276294	16777216	Yu-Gi-Oh! - 7 Trials to Glory - World Championship Tournament 2005 (USA) (En,Ja,Fr,De,Es,It)
Yu-Gi-Oh! - Destiny Board Traveler (Europe) (En,Fr,De,Es,It)	ae1a8e9d	16777216	Yu-Gi-Oh! - Destiny Board Traveler (USA)
Yu-Gi-Oh! - Destiny Board Traveler (USA)	611e7bbd	8388608	Yu-Gi-Oh! - Destiny Board Traveler (USA)
Yu-Gi-Oh! - Destiny Board Traveler (USA) (Early Days Collection)	297dcb65	8388608	Yu-Gi-Oh! - Destiny Board Traveler (USA)
Yu-Gi-Oh! - Dungeon Dice Monsters (Europe) (En,Fr,De,Es,It)	ee317f69	8388608	Yu-Gi-Oh! - Dungeon Dice Monsters (USA) (En,Es)
Yu-Gi-Oh! - Dungeon Dice Monsters (Japan)	51b35e87	8388608	Yu-Gi-Oh! - Dungeon Dice Monsters (USA) (En,Es)
Yu-Gi-Oh! - Dungeon Dice Monsters (USA) (En,Es)	8b5e0a27	8388608	Yu-Gi-Oh! - Dungeon Dice Monsters (USA) (En,Es)
Yu-Gi-Oh! - Reshef of Destruction (Europe) (En,Fr,De,Es,It)	460e073f	16777216	Yu-Gi-Oh! - Reshef of Destruction (USA)
Yu-Gi-Oh! - Reshef of Destruction (Europe) (En,Fr,De,Es,It) (Early Days Collection)	6821c1f3	16777216	Yu-Gi-Oh! - Reshef of Destruction (USA)
Yu-Gi-Oh! - Reshef of Destruction (Europe) (En,Fr,De,Es,It) (v1.1) (Early Days Collection)	cbc37f5a	16777216	Yu-Gi-Oh! - Reshef of Destruction (USA)
Yu-Gi-Oh! - Reshef of Destruction (USA)	09e0c559	16777216	Yu-Gi-Oh! - Reshef of Destruction (USA)
Yu-Gi-Oh! - Reshef of Destruction (USA) (Early Days Collection)	b23339ce	16777216	Yu-Gi-Oh! - Reshef of Destruction (USA)
Yu-Gi-Oh! - Sugoroku no Sugoroku (Japan)	8d52b3c5	8388608	Yu-Gi-Oh! - Destiny Board Traveler (USA)
Yu-Gi-Oh! - The Eternal Duelist Soul (USA)	dfd07a36	8388608	Yu-Gi-Oh! - The Eternal Duelist Soul (USA)
Yu-Gi-Oh! - The Eternal Duelist Soul (USA) (Early Days Collection)	27a52ea7	8388608	Yu-Gi-Oh! - The Eternal Duelist Soul (USA)
Yu-Gi-Oh! - The Sacred Cards (Europe) (En,Fr,De,Es,It)	d19db37c	16777216	Yu-Gi-Oh! - The Sacred Cards (USA)
Yu-Gi-Oh! - The Sacred Cards (Europe) (En,Fr,De,Es,It) (Early Days Collection)	ce6adacf	16777216	Yu-Gi-Oh! - The Sacred Cards (USA)
Yu-Gi-Oh! - The Sacred Cards (Europe) (En,Fr,De,Es,It) (v1.1) (Early Days Collection)	227d2581	16777216	Yu-Gi-Oh! - The Sacred Cards (USA)
Yu-Gi-Oh! - The Sacred Cards (USA)	141fb1cc	16777216	Yu-Gi-Oh! - The Sacred Cards (USA)
Yu-Gi-Oh! - The Sacred Cards (USA) (Early Days Collection)	bf7fbd2e	16777216	Yu-Gi-Oh! - The Sacred Cards (USA)
Yu-Gi-Oh! - Ultimate Masters - World Championship Tournament 2006 (USA) (En,Ja,Fr,De,Es,It)	f968a196	33554432	Yu-Gi-Oh! - Ultimate Masters - World Championship Tournament 2006 (USA) (En,Ja,Fr,De,Es,It)
Yu-Gi-Oh! - Ultimate Masters Edition - World Championship Tournament 2006 (Europe) (En,Ja,Fr,De,Es,It)	cede4060	33554432	Yu-Gi-Oh! - Ultimate Masters - World Championship Tournament 2006 (USA) (En,Ja,Fr,De,Es,It)
Yu-Gi-Oh! - World Championship Tournament 2004 (Europe) (En,Ja,Fr,De,Es,It)	3c42e84c	16777216	Yu-Gi-Oh! - World Championship Tournament 2004 (USA) (En,Ja,Fr,De,Es,It)
Yu-Gi-Oh! - World Championship Tournament 2004 (Europe) (En,Ja,Fr,De,Es,It) (Early Days Collection)	88aae191	16777216	Yu-Gi-Oh! - World Championship Tournament 2004 (USA) (En,Ja,Fr,De,Es,It)
Yu-Gi-Oh! - World Championship Tournament 2004 (USA) (En,Ja,Fr,De,Es,It)	69b6f229	16777216	Yu-Gi-Oh! - World Championship Tournament 2004 (USA) (En,Ja,Fr,De,Es,It)
Yu-Gi-Oh! - World Championship Tournament 2004 (USA) (En,Ja,Fr,De,Es,It) (Early Days Collection)	dd5efbf4	16777216	Yu-Gi-Oh! - World Championship Tournament 2004 (USA) (En,Ja,Fr,De,Es,It)
Yu-Gi-Oh! - Worldwide Edition - Stairway to the Destined Duel (Europe) (En,Ja,Fr,De,Es,It)	aca5ffc6	16777216	Yu-Gi-Oh! - Worldwide Edition - Stairway to the Destined Duel (USA) (En,Ja,Fr,De,Es,It)
Yu-Gi-Oh! - Worldwide Edition - Stairway to the Destined Duel (Europe) (En,Ja,Fr,De,Es,It) (Early Days Collection)	c25bccc6	16777216	Yu-Gi-Oh! - Worldwide Edition - Stairway to the Destined Duel (USA) (En,Ja,Fr,De,Es,It)
Yu-Gi-Oh! - Worldwide Edition - Stairway to the Destined Duel (USA) (En,Ja,Fr,De,Es,It)	39b5e771	16777216	Yu-Gi-Oh! - Worldwide Edition - Stairway to the Destined Duel (USA) (En,Ja,Fr,De,Es,It)
Yu-Gi-Oh! - Worldwide Edition - Stairway to the Destined Duel (USA) (En,Ja,Fr,De,Es,It) (Early Days Collection)	9f64379c	16777216	Yu-Gi-Oh! - Worldwide Edition - Stairway to the Destined Duel (USA) (En,Ja,Fr,De,Es,It)
Yu-Gi-Oh! Double Pack (Europe) (En,Fr,De,Es,It)	7ea28a99	33554432	Yu-Gi-Oh! Double Pack (USA)
Yu-Gi-Oh! Double Pack (USA)	f3df5758	33554432	Yu-Gi-Oh! Double Pack (USA)
Yu-Gi-Oh! Double Pack 2 (USA) (En,Fr,De,Es,It)	9ced2d3f	33554432	Yu-Gi-Oh! Double Pack 2 (USA) (En,Fr,De,Es,It)
Yu-Gi-Oh! Duel Monsters 5 Expert 1 (Japan)	f3041e7e	8388608	Yu-Gi-Oh! - The Eternal Duelist Soul (USA)
Yu-Gi-Oh! Duel Monsters 5 Expert 1 (Japan) (Early Days Collection)	2e809f33	8388608	Yu-Gi-Oh! - The Eternal Duelist Soul (USA)
Yu-Gi-Oh! Duel Monsters 5 Expert 1 - Taikenban (Japan)	8d93e52d	4194304	Yu-Gi-Oh! - The Eternal Duelist Soul (USA)
Yu-Gi-Oh! Duel Monsters 6 Expert 2 (Japan)	a7054d60	16777216	Yu-Gi-Oh! Duel Monsters 6 Expert 2 (Japan)
Yu-Gi-Oh! Duel Monsters 6 Expert 2 (Japan) (Early Days Collection)	c65253cc	16777216	Yu-Gi-Oh! Duel Monsters 6 Expert 2 (Japan)
Yu-Gi-Oh! Duel Monsters 7 - Kettou Toshi Densetsu (Japan)	b9be9b91	16777216	Yu-Gi-Oh! - The Sacred Cards (USA)
Yu-Gi-Oh! Duel Monsters 7 - Kettou Toshi Densetsu (Japan) (Early Days Collection)	e96149f8	16777216	Yu-Gi-Oh! - The Sacred Cards (USA)
Yu-Gi-Oh! Duel Monsters 7 - Kettou Toshi Densetsu (Japan) (v1.1) (Early Days Collection)	8040b20c	16777216	Yu-Gi-Oh! - The Sacred Cards (USA)
Yu-Gi-Oh! Duel Monsters 8 - Hametsu no Daijashin (Japan)	681daf1f	16777216	Yu-Gi-Oh! - Reshef of Destruction (USA)
Yu-Gi-Oh! Duel Monsters 8 - Hametsu no Daijashin (Japan) (Early Days Collection)	bdac8c98	16777216	Yu-Gi-Oh! - Reshef of Destruction (USA)
Yu-Gi-Oh! Duel Monsters 8 - Hametsu no Daijashin (Japan) (v1.1) (Early Days Collection)	dd14d6e4	16777216	Yu-Gi-Oh! - Reshef of Destruction (USA)
Yu-Gi-Oh! Duel Monsters Expert 2006 (Japan) (En,Ja,Fr,De,Es,It)	7a1019e6	33554432	Yu-Gi-Oh! - Ultimate Masters - World Championship Tournament 2006 (USA) (En,Ja,Fr,De,Es,It)
Yu-Gi-Oh! Duel Monsters Expert 3 (Japan) (En,Ja,Fr,De,Es,It)	7ab1ec04	16777216	Yu-Gi-Oh! - World Championship Tournament 2004 (USA) (En,Ja,Fr,De,Es,It)
Yu-Gi-Oh! Duel Monsters Expert 3 EX (Japan) (En,Ja,Fr,De,Es,It) (Early Days Collection)	1c82463d	16777216	Yu-Gi-Oh! - World Championship Tournament 2004 (USA) (En,Ja,Fr,De,Es,It)
Yu-Gi-Oh! Duel Monsters GX - Mezase Duel King! (Japan)	f4295da8	33554432	Yu-Gi-Oh! GX - Duel Academy (USA)
Yu-Gi-Oh! Duel Monsters International - Worldwide Edition (Japan) (En,Ja,Fr,De,Es,It)	98507497	16777216	Yu-Gi-Oh! - Worldwide Edition - Stairway to the Destined Duel (USA) (En,Ja,Fr,De,Es,It)
Yu-Gi-Oh! Duel Monsters International - Worldwide Edition (Japan) (En,Ja,Fr,De,Es,It) (Early Days Collection)	dd6a43f9	16777216	Yu-Gi-Oh! - Worldwide Edition - Stairway to the Destined Duel (USA) (En,Ja,Fr,De,Es,It)
Yu-Gi-Oh! Duel Monsters International - Worldwide Edition (Japan) (En,Ja,Fr,De,Es,It) (Rev 1)	1becf9d3	16777216	Yu-Gi-Oh! - Worldwide Edition - Stairway to the Destined Duel (USA) (En,Ja,Fr,De,Es,It)
Yu-Gi-Oh! Duel Monsters International 2 (Japan) (En,Ja)	6dcfb879	16777216	Yu-Gi-Oh! - 7 Trials to Glory - World Championship Tournament 2005 (USA) (En,Ja,Fr,De,Es,It)
Yu-Gi-Oh! Duel Monsters International 2 (Japan) (En,Ja) (Early Days Collection)	88ec163b	16777216	Yu-Gi-Oh! - 7 Trials to Glory - World Championship Tournament 2005 (USA) (En,Ja,Fr,De,Es,It)
Yu-Gi-Oh! GX - Duel Academy (Europe)	3fb2abda	33554432	Yu-Gi-Oh! GX - Duel Academy (USA)
Yu-Gi-Oh! GX - Duel Academy (USA)	3b8a00fe	33554432	Yu-Gi-Oh! GX - Duel Academy (USA)
Yumemi-chan no Naritai Series 3 - Watashi no Makesalon (Japan)	4d35aab7	4194304	Yumemi-chan no Naritai Series 3 - Watashi no Makesalon (Japan)
Yuujou no Victory Goal 4v4 Arashi - Get the Goal!! (Japan)	ce987f90	8388608	Yuujou no Victory Goal 4v4 Arashi - Get the Goal!! (Japan)
Yuureiyashiki no Nijuuyojikan (Japan)	6da2166e	4194304	Yuureiyashiki no Nijuuyojikan (Japan)
Z.O.E. 2173 - Testament (Japan)	9feef66d	8388608	Zone of the Enders - The Fist of Mars (USA)
Zapper (Europe) (En,Fr,De,Es,It)	8753a1c5	4194304	Zapper - One Wicked Cricket! (USA)
Zapper - One Wicked Cricket! (USA)	6751a4ef	4194304	Zapper - One Wicked Cricket! (USA)
Zatchbell! - Electric Arena (USA)	b4f1e785	8388608	Zatchbell! - Electric Arena (USA)
Zelda no Densetsu - Fushigi no Boushi (Japan)	6ce771a5	16777216	Legend of Zelda, The - The Minish Cap (USA)
Zelda no Densetsu - Fushigi no Boushi (Japan) (Demo) (Kiosk, GameCube)	ea115bc4	16777216	Legend of Zelda, The - The Minish Cap (USA)
Zelda no Densetsu - Kamigami no Triforce & 4tsu no Tsurugi (Japan)	81e42bee	8388608	Legend of Zelda, The - A Link to the Past & Four Swords (USA)
Zen-Nihon GT Senshuken (Japan)	d320a965	4194304	Top Gear GT Championship (USA)
Zen-Nihon Shounen Soccer Taikai 2 - Mezase Nihon-ichi! (Japan)	268f9c7e	8388608	Zen-Nihon Shounen Soccer Taikai 2 - Mezase Nihon-ichi! (Japan)
Zero One (Japan)	84a4c1b4	16777216	Zero One (Japan)
Zero One SP (Japan)	fd6ce886	16777216	Zero One SP (Japan)
Zero-Tours (Japan)	de7c1ae8	4194304	Zero-Tours (Japan)
Zettaizetsumei Dangerous Jiisan - Naki no 1-kai - Zettaifukujuu Violence Kouchou - Wagahai ga 1-ban Erainjai!! (Japan)	00328bb3	8388608	Zettaizetsumei Dangerous Jiisan - Naki no 1-kai - Zettaifukujuu Violence Kouchou - Wagahai ga 1-ban Erainjai!! (Japan)
Zettaizetsumei Dangerous Jiisan - Shijou Saikyou no Dogeza (Japan)	7da6cc69	8388608	Zettaizetsumei Dangerous Jiisan - Shijou Saikyou no Dogeza (Japan)
Zettaizetsumei Dangerous Jiisan 3 - Hateshinaki Mamonogatari (Japan)	5be52fb7	8388608	Zettaizetsumei Dangerous Jiisan 3 - Hateshinaki Mamonogatari (Japan)
Zettaizetsumei Dangerous Jiisan Tsuu - Ikari no Oshioki Blues (Japan)	99273ee3	8388608	Zettaizetsumei Dangerous Jiisan Tsuu - Ikari no Oshioki Blues (Japan)
Zhuanzhuanbang (China) (Proto)	e9fed103	4194304	Kurukuru Kururin (Europe)
Zhuanzhuanbang Tiantang (China) (Proto)	6065e963	8388608	Kururin Paradise (Japan)
Zidane - Football Generation 2002 (Europe) (En,Fr,De,Es,It)	59e2635f	4194304	Zidane - Football Generation 2002 (Europe) (En,Fr,De,Es,It)
Zoey 101 (USA)	9cf348a8	4194304	Zoey 101 (USA)
Zoids - Legacy (USA)	302e75f3	8388608	Zoids - Legacy (USA)
Zoids - Legacy (USA) (Beta 1)	54d097b5	8142980	Zoids - Legacy (USA)
Zoids - Legacy (USA) (Beta 10)	adfd62d3	8343308	Zoids - Legacy (USA)
Zoids - Legacy (USA) (Beta 11)	d0e62a12	8343792	Zoids - Legacy (USA)
Zoids - Legacy (USA) (Beta 12)	d553d143	8343792	Zoids - Legacy (USA)
Zoids - Legacy (USA) (Beta 2)	65399713	8160864	Zoids - Legacy (USA)
Zoids - Legacy (USA) (Beta 3)	d1fec822	8170340	Zoids - Legacy (USA)
Zoids - Legacy (USA) (Beta 4)	4906a9e8	8196708	Zoids - Legacy (USA)
Zoids - Legacy (USA) (Beta 5)	b16a7b9d	8328616	Zoids - Legacy (USA)
Zoids - Legacy (USA) (Beta 6)	b9e49f54	8364740	Zoids - Legacy (USA)
Zoids - Legacy (USA) (Beta 7)	c3d7609d	8367460	Zoids - Legacy (USA)
Zoids - Legacy (USA) (Beta 8)	bb2a91c4	8367548	Zoids - Legacy (USA)
Zoids - Legacy (USA) (Beta 9)	3f3ff5a6	8343144	Zoids - Legacy (USA)
Zoids Saga (Japan)	5975dda8	8388608	Zoids Saga (Japan)
Zoids Saga (Japan) (Rev 1)	28e8b0d9	8388608	Zoids Saga (Japan)
Zoids Saga - Fuzors (Japan)	094e16ad	8388608	Zoids Saga - Fuzors (Japan)
Zoids Saga II (Japan)	0c039503	8388608	Zoids - Legacy (USA)
Zoids Saga II (Japan) (Rev 1) (Proto)	515d9e38	8388608	Zoids - Legacy (USA)
Zoku Bokura no Taiyou - Taiyou Shounen Django (Japan)	2804e589	16777216	Boktai 2 - Solar Boy Django (USA)
Zoku Bokura no Taiyou - Taiyou Shounen Django (Japan) (Rev 1)	71e2cd01	16777216	Boktai 2 - Solar Boy Django (USA)
Zone of the Enders - The Fist of Mars (Europe) (En,Fr,De)	973496e0	8388608	Zone of the Enders - The Fist of Mars (USA)
Zone of the Enders - The Fist of Mars (USA)	24244415	8388608	Zone of the Enders - The Fist of Mars (USA)
ZooCube (Europe) (En,Fr,De,Es,It)	4a23b8d6	4194304	ZooCube (USA)
ZooCube (Japan)	09a2255f	4194304	ZooCube (USA)
ZooCube (USA)	af20be72	4194304	ZooCube (USA)
Zooo - Action Puzzle Game (Europe) (En,Fr,De,Es,It)	897b2893	8388608	Zooo - Action Puzzle Game (Europe) (En,Fr,De,Es,It)
bit Generations - Boundish (Japan) (En)	262bda80	16777216	bit Generations - Boundish (Japan) (En)
bit Generations - Coloris (Japan) (En)	a04be1ed	16777216	bit Generations - Coloris (Japan) (En)
bit Generations - Dialhex (Japan) (En)	812ef3a9	16777216	bit Generations - Dialhex (Japan) (En)
bit Generations - Digidrive (Japan) (En)	0867dc29	16777216	bit Generations - Digidrive (Japan) (En)
bit Generations - Dotstream (Japan) (En)	f0760400	16777216	bit Generations - Dotstream (Japan) (En)
bit Generations - Orbital (Japan) (En)	d5d43b4b	16777216	bit Generations - Orbital (Japan) (En)
bit Generations - Soundvoyager (Japan) (En)	b32e0839	16777216	bit Generations - Soundvoyager (Japan) (En)
everGirl (USA)	afbb1d35	4194304	everGirl (USA)
xXx (France)	44a77f71	8388608	xXx (USA, Europe)
xXx (USA, Europe)	2b3a2ab2	8388608	xXx (USA, Europe)
