#key	synopsis
007 - Everything or Nothing (USA, Europe) (En,Fr,De)	Der Spieler denkt, fühlt und handelt wie Bond! In diesem intensiven Third-Person-Action-Abenteuer der Superlative hat der Spieler die totale Kontrolle über den besten Geheimagenten der Welt! Aber von wegen mal eben die Welt retten! In allen Extremsituationen - und die sind der Bond-Normalzustand - gilt es, die richtige Entscheidung zu treffen. Sich dem Fight stellen mit dem neuen Kampfsystem? Oder tarnen, täuschen und mit dem Q-Seil aus dem Q-Lab spektakulär abseilen? Oder rein in die Charmeoffensive? Um die anspruchsvollen Missionen an den exotischen Schauplätzen erfolgreich abzuschließen, heißt es permanent hellwach sein. Besonderer Clou: Das Game ist mit Pierce Brosnan als Bond, John Cleese als Q, Willem Dafoe als Widersacher und der zauberhaften Heidi Klum als hinterhältige Katya Nadanova absolut topbesetzt. Zusätzlich sorgen die Gestalt und Original-Synchronstimme von Pierce Brosnan sowie die neuen, atemberaubenden Bond-Girls für prickelndes Bond-Feeling.
007 - NightFire (USA, Europe) (En,Fr,De)	Hast Du das Zeug, Bond zu sein? Eine völlig neue Storyline mit Pierce Brosnan als James Bond. An 7 exotischen Schauplätzen triffst du sowohl auf verführerische Schönheiten als auch auf böse Schurkenh. Rete die Welt mit einem Arsenal aus mehr als 15 Geräten und Waffen. 9 actiongeladene Missionen mit Kämpfen, Tarnmanövern und aufrüstbaren Geräten.
2 Disney Games - Disney Sports - Football + Disney Sports - Skateboarding (Europe) (En,Fr,De,Es,It)	&quot;2 Disney Games&quot; enthält &quot;Disney Sports Skateboarding&quot;, in dem Mickey und seine Freunde Dich zu phantastischen Skateboarding Aktionen erwarten, und &quot;Disney Sports Fußball&quot; - hier spielst Du mit Mickey und seinen Freunden in einem farbenfrohen, schnellen Fußballspiel voller Spaß und Action.
2 Disney Games - Lilo & Stitch 2 + Peter Pan - Return to Neverland (Europe) (En,Fr,De,Es+En,Fr,De,Es,It,Nl)	Diese Zusammenstellung enthält zwei Disney GBA Spiele auf einer Kassette: Disneys Lilo & Stitch 2 Disneys Peter Pan: Return to Never Land Disneys Lilo & Stitch 2: Spiele als Stitch sowohl als Lilo, um Nina und David zu retten, die vom bösen Hamsterviel entführt und an Bord seines Raumschiffs genommen wurden. Um die Sache zu verkomplizieren, schuf Hamsterviel böse außerirdische Experimente, die sich mit unseren Helden messen. Beginne damit jedes Experiment fangen und seine besondere Kraft nutzen, um Fortschritte zu erzielen und um das nächste zu fangen. Sparky, Experiment 22, hilft dir mit seinen mächtigen Elektrizitätskugeln, während Richter, Experiment 513, die Dinge durch das Zünden eines Erdbebens aufrüttelt. Zu den Spielmodi gehören Plattformschießen als Stich, Navigation und Strategie als Lilo, intensives Rennen und einen Mehrspielermodus.
2 Game Pack! - Hot Wheels - Stunt Track Challenge + Hot Wheels - World Race (USA, Europe)	Hot Wheels - Stunt Track Challenge ist ein Stuntman Arcade-Spiel, bei dem die Fahrer in Stunt-Challenges gegeneinander antreten und schnelle Rennen gewinnen müssen, um im Wettkampf zu bleiben. Manchmal gibt es Minispiele mit speziellen Aufgaben, bei denen es meist darum geht, in einer begrenzten Zeit Gegenstände zu sammeln. Der Spielablauf von Hot Wheels - World Race ähnelt dem vieler anderer Rennspiele. Die Spieler können in der Luft spezielle Tricks ausführen, die dem Auto des Spielers zusätzlichen Schub verleihen. Das Sammeln von Goldringen erhöht ebenfalls den Boost.
2 Game Pack! - Matchbox Missions - Emergency Response + Air, Land and Sea Rescue (USA)	Steuer einen Feuerwehrhubschrauber oder ein Wasserpolizeipatrouillenboot. Sei ein lebensrettender Sanitäter, der ins Krankenhaus rast! Rette Menschen vor Bränden und Hochwasser und rette den Tag! Wirst du ein Held sein, wenn du den Anruf bekommst? Spielen Sie entweder als Polizei oder als Verdächtiger in diesem großartigen Verfolgungsspiel in MATCHBOX County. Vier verschiedene Gelände bieten eine abwechslungsreiche und farbenfrohe Kulisse für diese unterhaltsame und aufregende 3D-Verfolgung!
2 Game Pack! - Uno + Skip-Bo (USA)	Sei der erste Spieler oder gehören Sie zum ersten Team, das in diesem klassischen Familienspiel 500 Punkte erzielt! Spiele deine Karten aus, indem Sie Farbe, Zahl oder Wort mit der obersten Karte des Ablagestapels vergeichts. Wenn du nur noch eine Karte hast, heist es Uno! Skip-Bo kombiniert Geschicklichkeit, Strategie und Spaß in einem Spiel, das die ganze Familie zusammen spielen kann! Sei der Erste, der alle Karten in numerischer Reihenfolge aus Ihrem Vorrat spielt, um zu gewinnen.
2 Games in 1 - Bionicle + Knights' Kingdom (Europe) (En,Fr,De,Da+En,De)	LEGO Knights Kingdom: Nachdem der Dunkle Ritter ihr Königreich erobert hat, macht sich eine eingeschworene Heldengruppe auf den langen und gefährlichen Weg, um den magischen Schutzschild der Zeitalter zu finden. In LEGO Knights Kingdom kannst du zu einem der vier legendären Ritter werden und den einzigen Gegenstand auf der Welt finden, mit dem der Dunkler Ritter besiegt werden kann! Nur du und deine Begleiter können es noch schaffen, dem Königreich die Freiheit zurückzugeben. LEGO Bionicle: Die Bestie Makuta hat das paradiesische Inselreich Mata Nui in einen Ort der Finsternis und des Schreckens verwandelt. Hilf den mächtigen Toa, deinen Helden, in einem epischen Kampf zwischen Gut und Böse zu bestehen. Auf deiner Reise durch die sechs Wahi, die Gegenden der Insel Mata Nui, musst du die Matoran, die Inseleinwohner, nach und nach befreien und die finsteren Lakaien Makutas bezwingen, welche die Insel in Schrecken halten. Hast du den Mut im finalen Kampf auf den Furcht erregenden Makuta höchstpersönlich zu treffen und zur Legende von Mata Nui zu werden?
2 Games in 1 - Brother Bear + The Lion King (Europe) (En,Fr,De,Es,It,Nl,Sv,Da)	Bärenbrüder Bärenbrüder für den Game Boy Advance ist ein Plattform-Sidescrolling-Spiel mit leichten Puzzle-/Abenteuerelementen, das die Geschichte und die Interaktionen der Charaktere des gleichnamigen Disney-Zeichentrickfilms aufgreift. Erforsche über 15 detaillierte Levels, während Kenai und Koda sich auf eine spannende Suche nach ihrem Schicksal begeben. Der König der Löwen Erlebe mit dem Erdmännchen Timon und dem Warzenschwein Pumbaa lustige Abenteuer auf der Suche nach ihrem Hakuna Matata! Mit tollen Filmausschnitten aus Disneys Der König Der Löwen 3.
2 Games in 1 - Columns Crown + ChuChu Rocket! (Europe) (En+En,Ja,Fr,De,Es)	Columns Crown: Prinzessin Dazzle hat überall nach den fehlenden magischen Edelsteinen gesucht, die die Säulenkrone ausfüllen. Du musst ihr helfen, sie aus einer Gruppe von Walddieben zu bergen, indem du jedes Rätsel schlägst, um die verborgenen Edelsteine freizuschalten! Kannst du sie alle sammeln und die Krone vervollständigen? Rasende Multiplayer-Action voller verheerender Spezialattacken. Sammle magische Edelsteine, um spektakuläre Elementarangriffe auszulösen. Neue Survival-, Versus- und Flash-Spaltenmodi. Chuchu Rocket!: Die ChuChus, kleine Mäuschen, leben glücklich und zufrieden, bis eines Tages KapuKapus, die Weltraumkatzen, auf dem Planeten landen. So viel zur Story. Die Aufgabe des Spielers ist es nun, seine Mäuschen sicher in die bereit gestellten Raketen zu befördern, und dabei keine der Katzen an Bord zu lassen. Zu diesem Zweck stehen ihm lediglich ein paar Pfeile zur Verfügung, die er den ChuChus in den Weg legt, damit sie ihnen folgen. Aber Vorsicht: die KapuKapus benutzen diese Pfeile ebenfalls!
2 Games in 1 - Disney Princess + Brother Bear (Europe) (En+En,Fr,De,Es,It,Nl,Sv,Da)	Bärenbrüder: Bärenbrüder für den Game Boy Advance ist ein Plattform-Sidescrolling-Spiel mit leichten Puzzle-/Abenteuerelementen, das die Geschichte und die Interaktionen der Charaktere des gleichnamigen Disney-Zeichentrickfilms aufgreift. Disneys Prinzessinnen: Schaffe dein eigenes glückliches Ende. Jedes kleine Mädchen träumt davon, eines Tages eine Prinzessin zu werden und jetzt ist deine Chance. Spiele als Schneewittchen, Cinderella, Arielle, Dornröschen, Belle und Jasmin, während du nach der magischen Tiara der Freundschaft suchst, um sicherzustellen, dass alle glücklich bis ans Ende ihrer Tage leben. Auf dem Weg wirst du auf viele andere Disney-Charaktere treffen, einschließlich der sieben Zwerge, der guten Feen von Dornröschen und dem Genie von Aladdin, aber pass auf, denn du wirst auch auf den ein oder anderen Bösewicht treffen.
2 Games in 1 - Disney Princess + Lizzie McGuire (Europe)	Disneys Prinzessinnen: Schaffe dein eigenes glückliches Ende. Jedes kleine Mädchen träumt davon, eines Tages eine Prinzessin zu werden und jetzt ist deine Chance. Spiele als Schneewittchen, Cinderella, Arielle, Dornröschen, Belle und Jasmin, während du nach der magischen Tiara der Freundschaft suchst, um sicherzustellen, dass alle glücklich bis ans Ende ihrer Tage leben. Auf dem Weg wirst du auf viele andere Disney-Charaktere treffen, einschließlich der sieben Zwerge, der guten Feen von Dornröschen und dem Genie von Aladdin, aber pass auf, denn du wirst auch auf den ein oder anderen Bösewicht treffen. Lizzie McGuire - On the Go!: Es ist mehr als nur ein Spiel! Du kannst das aufregende Arcade-Spiel &quot;When Cheerleaders Attack!&quot; spielen. Gemeinsam mit deinen Freunden könnt ihr euch mit spannenden Spielen wie Gordo's Gunk, Dots 'n Boxes, Box Bash, Memory, Droppers und Hangman unterhalten. Ausserdem wird Lizzie McGuire für den GBA zum Mittelpunkt jeder Party werden! Du und deine Freundinnen könnt es benutzen, um sich mit verrückten Partyspielen wie Scharade, MatchMaker, Fill-Ins (Mad-Libs oder was?) und Operator zu vergnügen. Um die nächste Party zu planen, können die Spielerinnen mit Lizzie McGuire für den GBA die Kontaktdaten ihrer Freunde, wichtige Termine und natürlich Horoskope und Biorhythmen im Auge behalten! Insgesamt stehen mehr als 20 Spiele und Aktivitäten zur Auswahl!
2 Games in 1 - Dragon Ball Z - The Legacy of Goku I & II (USA)	Begib dich auf eine unglaubliche Reise, um das Universum vor dem Bösen zu schützen. Leite das Schicksal des mächtigsten Kriegers - GOKUÂ® - von der Saiyan-Saga bis zu den Cell-Spielen. Nutze Kampfstrategien, um Erzfeinde zu besiegen, darunter Frieza, die Androiden und Perfect Cell!
2 Games in 1 - Finding Nemo + Finding Nemo - The Continuing Adventures (Europe) (Fr,Nl+Fr,De,Nl)	Findet Nemo: Führe Dory, Merlin und Nemo durch das ultimative Unterwasserabenteuer! Flüchte vor Bruce dem Hai und schließe dich der Panzergang an Findet Nemo: Die Fortsetzung des Abenteuers: Die Panzergang hat es geschafft, aus der Zahnarztpraxis zu entkommen! Hilf Nemo, Dorie, Marlin, Bruce, Crush und Squirt, sie in ihr neues Zuhause im Ozean zu bringen.
2 Games in 1 - Finding Nemo + The Incredibles (Europe)	Findet Nemo: An seinem ersten Schultag gehorcht Nemo seinem Vater nicht und wagt sich vom Riff weg, um den Boden eines Bootes zu berühren. Das macht Marlin wütend, und es kommt zu einem Streit vor Nemos Klassenkameraden. Zum Entsetzen seines Vaters wird Nemo von einem Taucher gefangen genommen. Marlin versucht, Nemo zu retten, wird aber vom Kamerablitz eines anderen Tauchers geblendet. Das Boot verschwindet in der Ferne. Die Unglaublichen: Superkraft, Supergeschwindigkeit, Unsichtbarkeit und Elastizität sind die Kräfte, mit denen du in The Incredibles das Böse bekämpfst. Du wirst sie brauchen, denn deine Feinde werfen mit Bomben, Kugeln und Lasern nach dir. Basierend auf dem Film von Pixar erzählt The Incredibles die Geschichte einer Familie von Undercover-Superhelden, die versucht, ein ruhiges Vorstadtleben zu führen, aber gezwungen wird, wieder in Aktion zu treten, um die Welt zu retten. Als die Hauptfiguren des Films müssen Sie in mehr als 18 actiongeladenen Levels kämpfen, rasen und Rätsel lösen.
2 Games in 1 - Finding Nemo - The Continuing Adventures + The Incredibles (USA)	The Incredibles - Das sind deine Kräfte. Bomben. Kugeln. Roboter. Laser. Dein Feind kontrolliert sie alle. Die einzige Möglichkeit, als die Unglaublichen zu überleben, besteht darin, wirklich unglaublich zu sein. Findet Nemo - Die Aquarium Gang hat es geschafft, aus der Zahnarztpraxis zu entkommen! Hilf Nemo, Dory, Marlin, Bruce, Crush und Squirt, sie in ihr neues Zuhause im Ozean zu bringen. Triff alle deine Freunde aus Disney/Pixars Findet Nemo wieder.
2 Games in 1 - Golden Nugget Casino + Texas Hold 'em Poker (USA)	Golden Nugget Casino: Erleben Sie den Nervenkitzel des Glücksspiels mit hohen Einsätzen im Golden Nugget Casino mit klassischen Spielen wie Blackjack, Craps und Roulette, sowieüSpielautomaten und Video Poker. Wenn Sie kein Glück haben, besuchen Sie den Geldautomaten und setzen Sie sich an die Tische, um mehr Action zu erleben. Im Golden Nugget Casino können Sie ein High Roller sein und Ihre Brieftasche zu Hause lassen. Meistern Sie eine Vielzahl von Karten- und Tischspielen sowie Spielautomaten und Videopoker und ziehen Sie den Hebel bei Automatenspielen wie Halloween Spooky und Wild West. Fordern Sie sich bei Video Poker Spielen wie Deuces Wild, Joker's Wild, Jacks or Better und Tens or Better heraus. Holen Sie sich an der Kasse einen Kredit von bis zu 2.000 $ auf einmal, bis zu einem Maximum von 10.000 $. Das Passwortsystem ermöglicht es Ihnen, ein Passwort einzugeben und das Spiel mit einem zuvor gespeicherten Kontostand fortzusetzen. Texas Hold'em Poker: Das komplette Texas Hold'em-Paket, Majescos neue tragbare Version, bietet sowohl ein Einzelspieler-Erlebnis als auch einen Karrieremodus, in dem die Spieler schließlich um die nationale Texas Hold'em-Meisterschaft in Las Vegas kämpfen. In Texas Hold 'Em Poker geht es für die Spieler um alles, wenn sie gegen bis zu 10 Computerspieler antreten. Über ein Verbindungskabel können die Spieler auch vier Freunde im anspruchsvollsten Pokerspiel auf dem Game Boy Advance herausfordern. Mit 5/10 Limit Play, 25/50 Limit Play, Pot Limit und No Limit Play bietet Texas Hold 'Em eine Einzelspieloption oder einen Turniermodus, in dem die Spieler gegen bis zu 10 computergesteuerte Spieler antreten. Die Passwort-Speicherfunktion ermöglicht es den Spielern, ihre Bankroll für zukünftige Spiele zu speichern.
2 Games in 1 - Hot Wheels - Velocity X + Hot Wheels - World Race (USA)	Hot Wheels: Velocity X Fahren Sie, wie Sie es sich nie vorgestellt haben * Führe wilde, der Schwerkraft trotzende Stunts aus! * Fahre über 30 authentische Hot Wheels-Autos! Hot Wheels: World Race Kämpfe um den Titel des weltbesten Fahrers im härtesten Rennen aller Zeiten - dem Highway 35
2 Games in 1 - Monsters, Inc. + Finding Nemo (USA)	Monsters Inc: Monstropolis hat eine große Energiekrise und es liegt an Mike und Sulley, ein Heilmittel zu finden. Hilf ihnen, das Rätsel zu lösen, indem du mit deinen Freunden sprichst, Hinweise erhältst, Gegenstände sammelst, neue Tricks lernst und ihre Schreck- und Scherztaktiken einsetzt, um die allgegenwärtige Energiekrise von Monstropolis zu lösen. Enthält mehr als 10 Spielstufen, die auf Filmstills basieren. Findet Nemo: An seinem ersten Schultag gehorcht Nemo seinem Vater nicht und wagt sich vom Riff weg, um den Boden eines Bootes zu berühren. Das macht Marlin wütend, und es kommt zu einem Streit vor Nemos Klassenkameraden. Zum Entsetzen seines Vaters wird Nemo von einem Taucher gefangen genommen. Marlin versucht, Nemo zu retten, wird aber vom Kamerablitz eines anderen Tauchers geblendet. Das Boot verschwindet in der Ferne.
2 Games in 1 - Moto GP + GT Advance 3 - Pro Concept Racing (Europe) (En,Fr,De,Es,It+En)	Moto GP: Die Moto GP-Strecke ist eine der beliebtesten Motorradstrecken der Welt. Millionen von Fahrern träumen davon, sie zum Spaß zu fahren, und Millionen weitere fahren sie für Geld. THQ bringt die ganze Action von Moto GP nach Hause mit, nun ja, keinem anderen als Moto GP für den Game Boy Advance. Moto GP bietet vier Spielmodi (Schnelles Rennen, Turnier, Grand Prix und Time Attack) und Multiplayer-Funktionen für bis zu vier Spieler via Link-Kabel. Moto GP zeigt auch einige der heißesten Motorräder von Herstellern wie Suzuki und Le Mans. Gt Advance 3 - Pro Concept Racing: Setzen Sie sich hinter das Steuer der weltbesten Rallye-Autos und fahren Sie um den Globus, um die Meisterschaft zu gewinnen. Hören Sie Ihrem Navigator zu, wenn er Ihnen auf 14 aufreibenden Etappen durch mehr als 40 einzigartige Strecken mit unterschiedlichen Wetter- und Geländebedingungen hilft. Fliegen Sie über Sprünge oder umfahren Sie Hindernisse auf Ihrem Weg an die Spitze des Rallye-Rennzirkus. Verbinden Sie sich mit einem Freund über das GBA-Link-Kabel, um sich ein spannendes Kopf-an-Kopf-Rennen zu liefern, oder schauen Sie sich die Action im Replay-Modus noch einmal an.
2 Games in 1 - Power Rangers - Ninja Storm + Power Rangers - Time Force (USA) (En,Fr,De+En)	Power Rangers - Ninja Storm: Böse Außerirdische unter der Führung von Lothor haben im Rahmen seines teuflischen Plans, die Erde zu erobern, alle Ninja-Akademien angegriffen. Es sind nur noch drei Schüler der Wind Ranger Ninja-Akademie und zwei Schüler der Thunder Ranger Ninja-Akademie übrig. Jetzt müssen sich diese Schüler rivalisierender Ninja-Akademien mit dem mysteriösen Grünen Samurai Ranger zusammenschließen, um die Welt zu retten. Power Rangers - Time Force: Das kostümierte Team von Teenager-Helden reist durch Raum und Zeit, um in diesem Game Boy Advance-Spiel von THQ das Böse in der Geschichte aufzuhalten. Die Power Rangers reisen in der Zeit zurück und vorwärts, um das Böse zu stoppen und die Zukunft in über 15 Levels zu sichern. Jeder Charakter hat einzigartige Kampffähigkeiten und das Spiel bietet auch einen Megazord-Kampfmodus. Die Geschichte wird durch Zwischensequenzen im Comic-Stil vorangetrieben und eine Passwort-Funktion erlaubt es dem Spieler, seinen Fortschritt zwischen den Sessions zu speichern.
2 Games in 1 - Rugrats - Go Wild + SpongeBob SquarePants - SuperSponge (Europe)	Spongebob Squarepants - Supersponge: Hoppin' Clams! SpongeBob möchte seinem Freund Patrick Star ein Autogramm von seinen Lieblingssuperhelden Mermaid Man und Barnacle Boy zum Geburtstag schenken. Hilf SpongeBob, die Aufgabe zu erfüllen, um ihre Autogramme zu gewinnen! Rugrats Go Wild: Die Rugrats sind auf dem Urlaub ihres Lebens, aber als ihr Schiff sinkt und sie auf einer einsamen Insel stranden, weiß Tommy Pickles, dass es nur einen Mann gibt, der sie retten kann: Nigel Thornberry. Wilde Rätsel, besondere Fähigkeiten der Charaktere und einzigartige Levels sorgen für kindgerechten Spaß in diesem urkomischen Abenteuer.
2 Games in 1 - Scooby-Doo + Scooby-Doo 2 - Monsters Unleashed (USA)	Scooby-doo: Scooby-Doo auf dem Gameboy Advance ist ein Abenteuerspiel nach dem gleichnamigen Film. Ein Geist erschreckt die Gäste von Spooky Island. Der Besitzer der Insel wendet sich deshalb an die berühmte Mystery, Inc. Sie beginnen das Abenteuer mit Scooby-Doo oder Sammy. Später wird das Team erweitert, da jeder Charakter eine einzigartige Fähigkeit in das Spiel einbringt. Scooby-doo 2 - Monsters Unleashed: In disem Spiel hat jemand die Kostüme von Scoobys größtem Erzfeind zum Leben erweckt und bedroht nun ganz Coolsville. Schließe dich Scooby, Shaggy, Fred und dem Rest der Scooby-Doo Gang an, um das Geheimnis zu lüften und Coolsville zu retten. Während des Spiels übernimmst du die Kontrolle über Scooby, Daphne und die gesamte Scooby-Bande, während sie rennen, springen und sich ihren Weg durch zahlreiche furchterregende Kreaturen bahnen. In jedem Level gibt es bestimmte Ziele, die du erreichen musst, und du musst Scooby Snacks und andere Powerups sammeln. Scooby-Doo 2 Monsters Unleashed ist ein Einzelspieler-Action-Adventure, das eine Passwortfunktion nutzt, um Ihren Fortschritt im Spiel zu markieren.
2 Games in 1 - Scooby-Doo! - Mystery Mayhem + Scooby-Doo and the Cyber Chase (USA) (En,Fr,De+En)	In Scooby-Doo! Mystery Mayhem steuert der Spieler Shaggy und Scooby-Doo auf ihrem Weg durch fünf Level, in denen sie Rätsel für Mystery Inc. lösen müssen. Shaggy und Scooby können die Plätze tauschen, wenn der Spieler entweder als Shaggy oder als Scooby spielen möchte. Sie finden einen Hinweis und melden ihn Velma und können bestimmte Monster mit dem Folianten des Verderbens besiegen. In Scooby-Doo and the Cyber Chase findet sich die Bande im Cyberspace wieder. Ein neuer Bösewicht namens Phantom-Virus muss aufgehalten werden. Scooby und Shaggy müssen verschiedene Levels durchlaufen, um ihn und seine bösen Schurken zu besiegen. Fred, Daphne und Velma helfen Scooby und Shaggy, die Hindernisse zu überwinden, indem sie ihnen über Velmas Handheld-Kommunikationsgerät wichtige Spielzüge und Tipps geben.
2 Games in 1 - Sonic Advance + ChuChu Rocket! (Europe) (En,Ja,Fr,De,Es)	Sonic Advance: Sonic the Hedgehog ist da und erlebt sein erstes Abenteuer auf einer Nintendo-Konsole. Sonic Advance kombiniert Elemente aus der ursprünglichen Sonic-Serie auf Segas Genesis sowie aus der Dreamcast Sonic Adventure-Serie. Wählen Sie zwischen Sonic, Knuckles, Tails oder Amy und führen Sie sie durch ein Level nach dem anderen mit unglaublich schnellem Gameplay und dem Sammeln von Ringen, wobei Sie Feinden auf Ihrem Weg zum finalen Showdown mit Dr. Robotnik (auch bekannt als Dr. Eggman) ausweichen. Sammle unterwegs Chaos Emeralds, um dich für mehr Geschwindigkeit in Super Sonic zu verwandeln, und trainiere deinen Chao, um sie in Sonic Adventure 2 Battle auf dem Nintendo Gamecube einzutauschen. Und als ob das noch nicht genug wäre, können Sie mit Ihren Freunden auch 4-Spieler-Kampfmodi spielen, indem Sie einen Spielwagen zwischen 4 GBAs verwenden. Chuchu Rocket!: Die ChuChus, kleine Mäuschen, leben glücklich und zufrieden, bis eines Tages KapuKapus, die Weltraumkatzen, auf dem Planeten landen. So viel zur Story. Die Aufgabe des Spielers ist es nun, seine Mäuschen sicher in die bereit gestellten Raketen zu befördern, und dabei keine der Katzen an Bord zu lassen. Zu diesem Zweck stehen ihm lediglich ein paar Pfeile zur Verfügung, die er den ChuChus in den Weg legt, damit sie ihnen folgen. Aber Vorsicht: die KapuKapus benutzen diese Pfeile ebenfalls!
2 Games in 1 - Sonic Advance + Sonic Battle (Europe) (En,Ja,Fr,De,Es+En,Ja,Fr,De,Es,It)	Sonic Advance: Sonic the Hedgehog ist da und erlebt sein erstes Abenteuer auf einer Nintendo-Konsole. Sonic Advance kombiniert Elemente aus der ursprünglichen Sonic-Serie auf Segas Genesis sowie aus der Dreamcast Sonic Adventure-Serie. Wählen Sie zwischen Sonic, Knuckles, Tails oder Amy und führen Sie sie durch ein Level nach dem anderen mit unglaublich schnellem Gameplay und dem Sammeln von Ringen, wobei Sie Feinden auf Ihrem Weg zum finalen Showdown mit Dr. Robotnik (auch bekannt als Dr. Eggman) ausweichen. Sammle unterwegs Chaos Emeralds, um dich für mehr Geschwindigkeit in Super Sonic zu verwandeln, und trainiere deinen Chao, um sie in Sonic Adventure 2 Battle auf dem Nintendo Gamecube einzutauschen. Und als ob das noch nicht genug wäre, können Sie mit Ihren Freunden auch 4-Spieler-Kampfmodi spielen, indem Sie einen Spielwagen zwischen 4 GBAs verwenden. Sonic Battle: Sonic Battle ist ein rasantes Pseudo-Kampfspiel, ähnlich wie Super Smash Bros. Anstatt 3D-Sidescrolling zu betreiben, verwendet das Spiel eine isometrische 3D-Ansicht, die aus tatsächlichen Textur-Polygonen besteht. Die Charakter-Sprites sind 2D. Es gibt 9 Charaktere zur Auswahl und 5 Spielmodi: Story, Kampf, Herausforderung, Training und Minispiele. Du kannst 4 GBAs miteinander verbinden, um gegen deine Freunde zu kämpfen, und jeder Charakter hat mehrere verschiedene Angriffe. Es gibt ein System zur Auswahl von Luft-, Boden- und Schutzangriffen. Je nachdem, welche Art von Angriff man für welchen Bereich einstellt (Luft/Boden/Wache), hat man die Möglichkeit, aus insgesamt 9 verschiedenen Spezialangriffen zu wählen (allerdings immer nur 3 gleichzeitig in einem Match), die man jedes Mal ändern kann, wenn man 1 Stockpunkt verliert.
2 Games in 1 - Sonic Battle + ChuChu Rocket! (Europe) (En,Ja,Fr,De,Es,It+En,Ja,Fr,De,Es)	Sonic Battle: Sonic Battle ist ein rasantes Pseudo-Kampfspiel, ähnlich wie Super Smash Bros. Anstatt 3D-Sidescrolling zu betreiben, verwendet das Spiel eine isometrische 3D-Ansicht, die aus tatsächlichen Textur-Polygonen besteht. Die Charakter-Sprites sind 2D. Chuchu Rocket!: Die ChuChus, kleine Mäuschen, leben glücklich und zufrieden, bis eines Tages KapuKapus, die Weltraumkatzen, auf dem Planeten landen. So viel zur Story. Die Aufgabe des Spielers ist es nun, seine Mäuschen sicher in die bereit gestellten Raketen zu befördern, und dabei keine der Katzen an Bord zu lassen. Zu diesem Zweck stehen ihm lediglich ein paar Pfeile zur Verfügung, die er den ChuChus in den Weg legt, damit sie ihnen folgen. Aber Vorsicht: die KapuKapus benutzen diese Pfeile ebenfalls!
2 Games in 1 - Sonic Battle + Sonic Pinball Party (Europe) (En,Ja,Fr,De,Es,It)	Sonic Battle: Sonic Battle ist ein rasantes Pseudo-Kampfspiel, ähnlich wie Super Smash Bros. Anstatt 3D-Sidescrolling zu betreiben, verwendet das Spiel eine isometrische 3D-Ansicht, die aus tatsächlichen Textur-Polygonen besteht. Die Charakter-Sprites sind 2D. Sonic Pinball Party: Sonic Pinball Party ist ein Flipperspiel für den Gameboy Advance. Finde Sonic und seine Freunde sowie Amigo und Nights auf deinem Handheld. Wirf die Kugel und benutze die Flips, um weiterzukommen. Die drei vorhandenen Tische sind keine gewöhnlichen Flipperautomaten, da Gegner deine Kugel behindern werden. Erreiche in einer bestimmten Zeit genügend Punkte, um in der Geschichte voranzukommen.
2 Games in 1 - Sonic Pinball Party + Columns Crown (Europe) (En,Ja,Fr,De,Es,It+En)	Sonic Pinball Party: Sonic Pinball Party ist ein Flipperspiel für den Gameboy Advance. Finde Sonic und seine Freunde sowie Amigo und Nights auf deinem Handheld. Wirf die Kugel und benutze die Flips, um weiterzukommen. Die drei vorhandenen Tische sind keine gewöhnlichen Flipperautomaten, da Gegner deine Kugel behindern werden. Erreiche in einer bestimmten Zeit genügend Punkte, um in der Geschichte voranzukommen. Columns Crown: Prinzessin Dazzle hat überall nach den fehlenden magischen Edelsteinen gesucht, die die Säulenkrone ausfüllen. Du musst ihr helfen, sie aus einer Gruppe von Walddieben zu bergen, indem du jedes Rätsel schlägst, um die verborgenen Edelsteine freizuschalten! Kannst du sie alle sammeln und die Krone vervollständigen? Rasende Multiplayer-Action voller verheerender Spezialattacken. Sammle magische Edelsteine, um spektakuläre Elementarangriffe auszulösen. Neue Survival-, Versus- und Flash-Spaltenmodi.
2 Games in 1 - SpongeBob SquarePants - Battle for Bikini Bottom + Jimmy Neutron Boy Genius (Europe) (En,Fr,De+En,Fr,De,Es)	Das Nick-Pack 2: Abenteuer mit SpongeBob und Jimmy Neutron! SpongeBob: Schlacht um Bikini Bottom: Der fiese Plankton hat den niederträchtigsten Plan überhaupt entwickelt, um endlich doch noch die Weltherrschaft an sich zu reißen. Das Schicksal von Bikini Bottom liegt nun in den Händen dreier argloser kleiner Helden, die zunächst noch gar nichts von ihrem &quot;Glück&quot; wissen. Zusammen müssen sie nun ins gefährliche große Riff hinausziehen, um das Böse zu besiegen. Jimmy Neutron - der mutige Erfinder: Jimmy ist ein 10-jähriger Junge und nebenbei auch noch ein richtiges Genie! Er ist der Star des heißgeliebten Kinofilms von Nickelodeon und Paramount Pictures. Nachdem er zufällig die Welt vor der totalen Zerstörung bewahrt hat, verbringt Jimmy seine Zeit am liebsten mit seinem Roboterhund Robbie und seinem besten Freund Carl Keucher.
2 Games in 1 - SpongeBob SquarePants - Battle for Bikini Bottom + The Fairly OddParents! - Breakin' da Rules (USA)	Mit dem Spongebob Squarepants / Fairly Odd Parents Doppelpack kannst du eine Vielzahl von Abenteuern in deinen Lieblingscartoons erleben. SpongeBob SquarePants: Battle for Bikini Bottom entführt dich in ein Unterwasserabenteuer durch Berge, von Klippen und in &quot;Kreuzfahrtblasen&quot;. In Fairly Odd Parents: Breakin 'The Rules betrittst du eine Comic-Welt, um böse Viren zu bekämpfen, Jungs fressende Pflanzen auszuweichen und deine helfenden Elfen zu retten.
2 Games in 1 - SpongeBob SquarePants - Revenge of the Flying Dutchman + SpongeBob SquarePants - SuperSponge (USA)	Spongebob Schwammkopf - Die Rache des fliegenden Holländers: Ein Schatz verwandelt sich in SpongeBob Schwammkopf in einen Schrecken: Die Rache des fliegenden Holländers. Auf seiner Fahrt durch Bikini Bottom entdeckt SpongeBob mehrere Schatztruhen. Die Warnschilder ignorierend, öffnet SpongeBob die Truhen, nur um zu entdecken, dass er den Fliegenden Holländer freigelassen hat - einen wütenden Geist, der nun SpongeBob und seine Freunde zu einem Teil seiner Crew machen will. Während du SpongeBob hilfst, den Holländer davon abzuhalten, in Bikini Bottom Chaos anzurichten, wechselst du die Kostüme, sammelst Goldmünzen und interagierst mit all deinen Lieblingscharakteren aus der Fernsehserie & Hoppin' Clams! Spongebob Schwammkopf - Supersponge: SpongeBob möchte seinem Freund Patrick Star ein Autogramm von seinen Lieblingssuperhelden Mermaid Man und Barnacle Boy zum Geburtstag schenken. Hilf SpongeBob, die Aufgabe zu erfüllen und ihre Autogramme zu gewinnen!
2 Games in 1 - SpongeBob SquarePants - SuperSponge + SpongeBob SquarePants - Battle for Bikini Bottom (Europe)	Spongebob Squarepants - Supersponge: SpongeBob will seinem Freund Patrick zum Geburtstag ein Autogramm von ihren gemeinsamen Idolen Meerjungfraumann und Blaubarschbube schenken. Aber SpongeBobs Anfrage kommt zu einem ungünstigen Zeitpunkt: Die beiden haben den ganzen langen Morgen im Seniorenheim aufgepasst und wollen nun endlich ihre wohlverdiente Ruhe genießen. Daher beauftragen sie SpongeBob mit besonders kniffligen Aufgaben, mit denen er sich das Autogramm verdienen soll. Spongebob Squarepants - Battle For Bikini Bottom: Der fiese Plankton hat den niederträchtigsten Plan überhaupt entwickelt, um die Weltherrschaft an sich zu reißen. Das Schicksal von Bikini Bottom liegt nun in den Händen dreier argloser kleiner Helden, die ins gefährliche große Riff hinausziehen, um das Böse zu besiegen. In der Rolle von SpongeBob, Patrick oder Sandy tritt der Spieler in harten und fordernden Disziplinen wie &quot;Zungenboarden&quot;, &quot;Unterwäsche-Bungee-Springen&quot; oder &quot;Lasso-Copter&quot; an. Dabei unterstützen ihn nützliche und abgedrehte Power-ups wie die rasanten Beschleuniger-Blasen.
2 Games in 1 - The Lion King + Disney Princess (Europe) (En,Fr,De,Es,It,Nl,Sv,Da+En)	Disney's Der König der Löwen: Hakuna Matata! Nach einem weiteren Angriff der Hyänen verlässt Timon seine Kolonie, um alleine ein neues Leben zu beginnen. Unterwegs trifft er Pumbaa, und gemeinsam machen sie sich auf die Suche nach einem neuen Zuhause. Disney's Prinzessinnen: Erfülle deinen Traum, eine Prinzessin zu werden, und finde die magische Tiara der Freundschaft. Spiele als Schneewittchen, Cinderella, Arielle, Dornröschen, Belle oder Jasmin und sorge dafür, dass alle glücklich bis ans Ende ihrer Tage leben. Triff auf viele bekannte Disney-Charaktere und pass auf, denn auch einige Bösewichte warten auf dich.
2 Games in 1! - Dragon Ball Z - Buu's Fury + Dragon Ball GT - Transformation (USA)	Dragon Ball Z - Buu's Fury Dragon Ball Z: Buu's Fury beginnt mit der Andere Welt Turnier Saga und setzt sich in der Kid Buu Saga fort, dem letzten Kapitel der Geschichte von Dragon Ball Z. In einem Spiel, das Action- und Rollenspielelemente mit Erkundung, Feinden, Bossgegnern, Rätseln und Quests kombiniert, ist es Ihr ultimatives Ziel, Buu zu besiegen. Wählen Sie für jede Mission den besten Charakter Goku, Vegeta, Gohan, Goten oder Trunks, erstellen Sie bei Bedarf Fusionscharaktere und entfesseln Sie mächtige Angriffskombinationen und Super-Moves. Dragon Ball Gt - Transformation: Spielen Sie als einer von sieben spielbaren DBGT Charakteren einschließlich Goku, Trunks, Pan und Uub. Nutzen Sie die Switch-Steuerung von Dragon Ball GT Transformation für den GameBoy Advance zwischen Goku, Trunks und Pan und anderen Figuren. Treten Sie mit Dragon Ball GT Transformation für den GameBoy Advance gegen General Rilldo, Luud, Baby und anderen intergalaktischen Schurken an. Kämpfen Sie sich durch die DBGT Storyline von der Kinder-Goku Saga bis zur Baby Saga.
2 Games in One! - Dr. Mario + Puzzle League (USA)	Dr.Mario: In diesem Spiel im Tetris-Stil spielen Sie als Dr. Mario, der verschiedenfarbige Pillen auf die Viren legen muss, um sie aus der Flasche zu entfernen. Jede Pille ist zweigeteilt, wobei jede Seite eine andere Farbe hat. Passen Sie diese Farbe an die Farbe des Virus an, und es wird aus der Flasche entfernt. Im Spiel sind der normale Modus, ein Zeitfahren und ein Kampfmodus für zwei Spieler enthalten, um zu sehen, wer die meisten Viren eliminieren kann. Puzzle League: Beim Namen »Puzzle League« dürften auch Kenner verwundert nach oben kucken. Hmmmm? Gab's da nicht mal so einen N64-Titel? »Pokemon Puzzle League«? Genau! Und der basierte auf dem Gameboy- bzw. SNES-Titel »Tetris Attack«! Bei diesem Namen dürfte das ungefähre Spielprinzip von Puzzle League auch schon klar sein, allerdings fallen hier die Steine nicht von oben nach unten, sondern wachsen von unten nach oben. In der Puzzle League müsst ihr geschickt Steinpositionen tauschen um so vertikale bzw. horizontale Gruppen mindestens dreier gleichartiger Steine zu bilden, woraufhin sie sich in Wohlgefallen auflösen. Aufgrund des ständig nachwachsenden Steinhaufens könnt und müsst ihr Elemente sorgfältig stapeln, um nicht ein vorzeitiges Game Over zu erleben. (Contents taken from the respective individual games and revised.)
2 Games in One! - Gauntlet + Rampart (USA)	Dieses Klassiker-Modul beinhaltet zwei der bekanntesten Hits von Atari: Gauntlet und Rampart. Während in Gauntlet die Action mit Schwertkampf und Axt im Vordergrund steht, ist bei Rampart die strategische Ader des Spielers gefragt. Auch wenn beide Spiele schon ein paar Jährchen auf dem Buckel haben, sind sie immer noch äußerst bekannt und bieten jede Menge ungetrübten Spielspaß. Gauntlet und Rampart haben das Action- bzw. Strategie-Genre so intensiv geprägt wie kein zweites Spiel.
2 Games in One! - Marble Madness + Klax (USA)	Zwei Retro-Klassiker vereinen sich in einer einzigen Sammlung für den Game Boy Advance: Klax und Marble Madness bringen dir stundenlangen Puzzle- und Geschicklichkeitsspaß auf die Handheld-Konsole. In Klax stehst du am Ende eines Förderbandes, auf dem farbige Kacheln herunterrollen. Deine Aufgabe? Fang sie auf und ordne sie entweder horizontal, vertikal oder diagonal an, um sogenannte „Klaxe“ zu bilden – drei in einer Reihe. Klingt einfach? Die Geschwindigkeit nimmt stetig zu, und schon bald wirst du auf schnelle Reflexe angewiesen sein, um die fallenden Kacheln unter Kontrolle zu halten und die Levelziele zu erreichen. Marble Madness hingegen ist ein echter Arcade-Klassiker, bei dem du deine Murmel sicher durch herausfordernde Kurse navigieren musst. Aber Vorsicht: Auf deinem Weg lauern zahlreiche Gefahren wie Marmor fressende Monster, heimtückische Säurepools und fiese Vakuumfallen. Du kämpfst gegen die Zeit und versuchst, den Kurs zu meistern, ohne die Kontrolle zu verlieren. Zwei unterschiedliche, aber gleichermaßen packende Spiele, die dein Geschick und deine Nerven auf die Probe stellen.
2 Games in One! - Paperboy + Rampage (USA)	Paperboy: Extrablatt! Extrablatt! Der Lokalmatador bekommt eine neue Route und ist bereit, loszulegen! Der Arcade-Hit kommt mit allen Funktionen zurück, die ihn zu einem Klassiker gemacht haben. Bringen Sie die Zeitungen ins Haus und weichen Sie dabei Autos, Kindern, Haustieren, Schlaglöchern und vielem mehr aus. Rampage: Schockierend! Scumlabs International hat wieder einmal einen Fehler begangen, indem sie sich an der Natur vergriffen haben, und jetzt wehren sich die hässlichen Biester ihres wissenschaftlichen Experiments. Diesmal müssen die neuen Mutanten Curtis die Maus, Boris das Nashorn und Ruby der Hummer zahlreiche Städte auslöschen, um die ursprünglichen Mutanten (George, Ralph und Lizzy) zu retten. Natürlich wäre das keine wirkliche Universaltour, wenn man nicht auch die Erde vor einem außerirdischen Angriff verteidigen würde.
2 Games in One! - Spy Hunter + Super Sprint (USA)	Spy Hunter: Eliminieren Sie Terroristen und feindliche Spione, indem Sie in Ihr ultra-schickes Gefährt springen. Setzen Sie Maschinengewehre, Ölteppiche, Rauchschwaden und Raketen ein, um die Welt zu retten. Verwandeln Sie sich dann in ein Schnellboot, um Ihre Feinde auf dem Wasser zu bekämpfen. Super Sprint: Einer der besten Top-Down-Racer aller Zeiten! Treten Sie auf 8 aufreibenden Strecken mit 4 Schwierigkeitsgraden gegeneinander an. Vermeide die Gefahren und sammle goldene Schraubenschlüssel, um deinen Wagen zu verbessern und eine siegreiche Rennmaschine zu bauen!
2 Great Games! - Pac-Man World + Ms. Pac-Man - Maze Madness (USA)	Pac-Man World: Pac-Man World hebt die klassische Arcade-Action auf ein ganz neues Niveau. Pac-Man ist auf Ghost Island gelandet und hat eine Mission: Er soll Toc-Man die Party in dieser neuen 3D-Pac-Welt verderben. Ms. Pac-Man: Maze Madness&quot; lässt dich Ms. Pac-Man auf eine Tour durch die Pac-World begleiten, während sie alle Kugeln auffrisst, die sie finden kann. Hilf ihr, die vier Edelsteine der Tugend zu finden!
2 in 1 - Asterix & Obelix - Bash Them All! + Asterix & Obelix XXL (Europe) (En,Fr,De,Es,It,Nl)	Wir schreiben das Jahr 50 vor Christus. Ganz Gallien ist von den Römern besetzt ... Ganz Gallien? Nein! Ein von unbeugsamen Galliern bevölkertes Dorf hört nicht auf, den Eindringlingen Widerstand zu leisten - allen voran natürlich der clevere Asterix und sein `vollschlanker` Freund Obelix! Ob in ihrem Heimatdorf, in der Normandie, in Ägypten oder der Schweiz - den Römern geht es stets gehörig an den Kragen! Erleben Sie spannende Abenteuer mit den gallischen Superhelden in Asterix & Obelix: Jetzt geht's rund und Asterix & Obelix XXL. Asterix & Obelix: Jetzt geht's rund: * 2 verschiedene Spielemodi (Adventure / Mini Games) * 6 verschiedene Level / Herausforderungen * Voll animierte Zwischensequenzen * 2-Spieler Modus Asterix & Obelix: XXL: * Jeder Held beherrscht über 50 verschiedene Aktionen und ist im typischen Comic-Stil animiert * Beide Helden verfügen über 10 Spezial-Attacken * Massengefechte gegen viele feindliche Römer gleichzeitig
2 in 1 - V-Rally 3 + Stuntman (Europe) (En,Fr,De,Es,It)	V-Rally 3: Adrenalin, Action, gnadenlose Geschwindigkeit, Drifts und langgezogene Sprünge sind nur einige Worte, die erahnen lassen, was sich tatsächlich hinter V-Rally 3 verbirgt. Dafür sorgt nicht zuletzt der einzigartige V-Rally Modus, der es dem Spieler ermöglicht, seine eigene Karriere im Rallye-Business zu starten. Zeigen Sie der Konkurrenz wo der Hammer hängt und bahnen Sie sich Ihren Weg ganz nach oben. Stuntman: Übernehmen Sie die Rolle eines Hollywood-Stuntman. Ihr Ziel ist es erfolgreiche Filmstunts zu absolvieren, um in die erste Liga vorzurücken. Sie fangen in Low Budget TV-Serien an und arbeiten sich hoch bis zu erstklassigen Action-Blockbustern. Jeder Stunt besteht aus klar definierten Aufgaben. Angefangen bei einer 180ø-Drehung, perfekte Sprünge, Kollisionen bis zu dramatischen Unfällen.
2 in 1 Game Pack - Shrek 2 + Shark Tale (USA)	Shrek 2: Shrek 2 wurde vom GBA-Spezialisten Vicarious Visions entwickelt und ist ein Actionspiel, das stark von Blizzards Klassiker The Lost Vikings inspiriert ist. Die Spieler müssen bestimmte Plattformherausforderungen bewältigen, indem sie die Stärken und Fähigkeiten jedes Charakters nutzen. Shrek ist bullig, also kann er Gegenstände tragen, die an anderer Stelle gestapelt werden können, oder geschwächte Böden stampfen. Esel kann höher springen und Mauern niederreißen. Später erwerben die Spieler neue Charaktere, wie den verwegenen Kater in Stiefeln, der sich an Wänden festhalten und Geländer zermahlen kann, sowie viele andere Charaktere aus dem Film. Lerne die Eigenschaften der Persönlichkeit, der Angriffe und der Fähigkeiten jedes Charakters, um eine actionreiche Quest zu bestehen. Nutze Shreks Ogerstärke, Esels Burro-Kick und Prinzessin Fionas Fähigkeit, die Zeit zu verlangsamen. Shark Tale: Das Spiel basiert auf dem DreamWork-Film &quot;Shark Tale&quot; und nimmt Sie mit auf ein neues Abenteuer in der Rolle von Oscar, einem kleinen, schnell sprechenden Fisch, der in Schwierigkeiten gerät, als er fälschlicherweise für einen Helden gehalten wird. Erlebe den ansteckenden Funk und die Heiterkeit des Films in dem einzigen Spiel, das eine einzigartige Mischung aus Unterwasserabenteuer, Rennen, Kämpfen und Hip-Hop-Tanz bietet. Fahre durch eine belebte Unterwassermetropole und weiche dem Verkehr, Gebäuden und Brücken aus. Erlebe Reef City aus erster Hand: Arbeite in der Walwaschanlage, schleiche durch den versunkenen Liner und erkunde Oscars düstere Nachbarschaft. Hebe die Flossen in die Luft und meistere anspruchsvolle Tanzsequenzen, um zu beweisen, dass du der coolste Fisch im Riff bist!
2 in 1 Game Pack - Spider-Man + Spider-Man 2 (USA) (En,Fr,De+En,Fr,De,Es)	Dieses Spider-Man / Spider-Man 2 Game Pack kombiniert zwei heldenhafte Abenteuer mit dem beliebtesten Superhelden der Welt in der Hauptrolle. Spider-Man lässt dich durch die von Menschenhand geschaffenen Täler und Schluchten von New York City schwingen, während du Straßenkriminelle fängst und den gefährlichen Grünen Kobold jagst. In Spider-Man 2 erkunden Sie noch mehr von New York und stellen sich neuen Gefahren, wie dem tödlichen Doctor Octopus
2 in 1 Game Pack - Spider-Man - Mysterio's Menace + X2 - Wolverine's Revenge (USA, Europe)	Spider-Man - Mysterio's Menace: Spider-Man: Mysterio's Menace spielt in New York und ermöglicht es den Spielern, in die Rolle von Spider-Man zu schlüpfen und es mit dem Superschurken Mysterio und seinen illusorischen Tricks aufzunehmen, um die Kontrolle über Manhattan zu erlangen. Spider-Man muss eine Reihe von Mysterios finsteren Verschwörern und Gadgets bekämpfen, um ihrem Komplott auf den Grund zu gehen und New York aus Mysterios wahnsinnigem Griff zu befreien. X2 - Wolverine's Revenge: In den 1960er Jahren wurde ein Kanadier namens Logan für ein von der Regierung durchgeführtes Experiment namens Waffe X verwendet. Ihm wurde unzerbrechliches Adamantium in die Knochen injiziert, um ihn in einen &quot;Supersoldaten&quot; zu verwandeln. Für den Rest seines Lebens muss Logan (der den Spitznamen Wolverine angenommen hat) gegen die Bestie in ihm kämpfen. Erst als er Professor Xavier und sein X-Men-Team kennenlernt, kann Wolverine einen Sinn in seinem Leben finden. Doch als seine Erinnerungen zurückkehren, stellt er fest, dass er durch das Weapon X-Experiment mit einem tödlichen Virus infiziert wurde und nur zwei Tage Zeit hat, das Heilmittel zu finden.
2 in 1 Game Pack - Tony Hawk's Underground + Kelly Slater's Pro Surfer (USA, Europe)	Tony Hawk's Underground: Activision's ultimatives Skateboardspiel kehrt auf die PlayStation 2, GameCube, Xbox, Game Boy Advance und PC mit Tony Hawk's Underground zurück. Gegenüber früheren Spielen der Serie bietet Underground den Spielern die Möglichkeit, einen ehrgeizigen unbekannten Nicht-Profi-Skater zu einem Superstar zu machen. Zum ersten Mal in der Serie können die Spieler von ihrem Skateboard absteigen und die weitläufigen Levels zu Fuß oder in einem Fahrzeug erkunden. Gestalten Sie das Aussehen Ihres Skaters, die Tricks Ihres Skaters und erstellen Sie sogar individuelle Skateparks. Tony Hawk's Underground bietet neun ausgedehnte Kurse sowie ein Maß an Freiheit und Anpassung, das in der beliebten Serie beispiellos ist. Kelly Slater's Pro Surfer: Kelly Slater's Pro Surfer sorgt für einen absoluten Adrenalinrausch, wenn die Spieler die Wellenwände hinunterstürzen, sich in rasante Tube Rides stürzen und ihre Fähigkeiten mit Hunderten von verrückten Trickkombinationen und typischen Profi-Moves testen. Der authentischste und aufregendste Surftitel aller Zeiten lässt dich als sechsfacher Weltmeister Kelly Slater und acht weitere der erfolgreichsten Surfprofis aller Zeiten die Wellen reiten. Pro Surfer bietet mehrere Spielmodi, darunter Surf Trip, und lässt dich auf der Suche nach der perfekten Welle zu 13 der heißesten Surfspots der Welt reisen, darunter die USA, Europa, Afrika, Australien und der Südpazifik.
2-in-1 Fun Pack - Shrek 2 + Madagascar (USA)	Dreamworks Madagascar: Die verrückten Pinguine aus Disneys MADAGASCAR: OPERATION PENGUIN kehren in Activision's MADAGASCAR: OPERATION PENGUIN für den GBA zurück. Die Pinguine planen, aus dem Zoo zu fliehen und ziehen dabei andere Tiere in ihren verrückten Plan mit ein. Wie im Film wollen die Pinguine aus dem New Yorker Zoo ausbrechen. Zu Beginn des Spiels hat das Team von Pinguin-Ausbrechern seinen Fluchtplan fertiggestellt, der darin besteht, einen Tunnel unter dem Zoo bis in die Antarktis zu graben. Natürlich ist das nicht so einfach, wie es sich anhört, und die Pinguine benötigen eine Reihe von Vorräten, Gegenständen und Hilfe. Dreamworks Shrek 2: Shrek 2 wurde vom GBA-Spezialisten Vicarious Visions entwickelt und ist ein Actionspiel, das stark von Blizzards Klassiker The Lost Vikings inspiriert ist. Die Spieler müssen bestimmte Plattformherausforderungen bewältigen, indem sie die Stärken und Fähigkeiten jedes Charakters nutzen. Shrek ist bullig, also kann er Gegenstände tragen, die an anderer Stelle gestapelt werden können, oder geschwächte Böden stampfen. Esel kann höher springen und Mauern niederreißen. Später erwerben die Spieler neue Charaktere, wie den verwegenen Kater in Stiefeln, der sich an Wänden festhalten und Geländer zermahlen kann, sowie viele andere Charaktere aus dem Film. Lerne die Eigenschaften der Persönlichkeit, der Angriffe und der Fähigkeiten jedes Charakters, um eine actionreiche Quest zu bestehen. Nutze Shreks Ogerstärke, Esels Burro-Kick und Prinzessin Fionas Fähigkeit, die Zeit zu verlangsamen.
2-in-1 Fun Pack - Shrek 2 + Madagascar - Operation Penguin (USA)	Madagaskar: Operation Pinguin & Shrek 2 vereint zwei coole Animationsabenteuer und setzt den Spaß und die Aufregung fort! Madagascar - Operation Pinguin versetzt dich auf eine Mission mit den Pinguinen aus Madagascar. Sie wollen aus dem Zoo fliehen und einen Tunnel in die Antarktis graben, aber ohne dich bewegen sie sich auf dünnem Eis. Spiele als der furchtlose Private Pinguin und erlebe wilde Missionen. Wenn das noch nicht genug Aufregung ist, braucht ein bestimmter verlorener Vierer deine Hilfe auf der Insel Madagaskar. In Shrek 2 - Bittet um Gnade spielt der gestiefelte Kater, die verwegene Katze aus dem Filmhit, die Hauptrolle. In diesem actiongeladenen Abenteuer begleitest du den gestiefelten Kater bei seiner Verwandlung von einer einfachen Hauskatze in einen furchtlosen Kopfgeldjäger. Erleben Sie Kater Puss' anfängliche Reise zum vergifteten Apfel und darüber hinaus!
2006 FIFA World Cup - Germany 2006 (USA, Europe) (En,Fr,De,Es,It)	EA SPORTS feiert mit dem einzigen offiziell lizenzierten Videospiel zur FIFA Fussball-Weltmeisterschaft 2006 das größte Sportereignis der Welt. FIFA Fussball-Weltmeisterschaft 2006 spiegelt die Emotionen, die Leidenschaft und die sportlichen Rivalitäten der Nationalmannschaften wider und gibt dir die Möglichkeit, mit deinen Helden anzutreten, um den Titel bei der FIFA Fussball-Weltmeisterschaft zu gewinnen. Tritt mit deinem Heimatland an und schieße mit deinen Lieblingsspielern die entscheidenden Tore, damit du dich durch die Qualifikation bis in die WM-Endrunde in Deutschland kämpfst.
2K Sports - Major League Baseball 2K7 (USA)	Major League Baseball 2K7 für GameBoy Advance bietet ein lebensechtes Erlebnis für jeden Pitch, Hit, Fang und Wurf - es ist ein echtes Baseballspiel, von dem Moment an, in dem du das Spielfeld betrittst. Die unglaublich realistische Steuerung kombiniert mit der Möglichkeit, die Fähigkeiten und Attribute deiner Spieler zu verbessern, sorgt für ein fesselndes Ballspiel. Außerdem gibt es einen noch umfangreicheren Franchise-Modus und einen brandneuen Karrieremodus, in dem Sie das Sagen haben. Major League Baseball 2K7 bietet dir die Baseball-Action, nach der du dich sehnst.
3 Game Pack! - Candy Land + Chutes and Ladders + Original Memory Game (USA)	Drei klassische Brettspiele in einem unverzichtbaren Spielepaket! Candy Land, Chutes & Ladders und das Original Memory Game können jetzt ohne ihre sperrigen Bretter gespielt werden. Lade dieses Spiel einfach in deinen Handheld Game Boy Advance und mach dich bereit für jede Menge Spaß.
3 Game Pack! - The Game of Life + Payday + Yahtzee (USA)	Ein Dreierpack klassischer Brettspiele. Übung macht den Meister im Spiel des Lebens. Wirst du aufs College gehen oder ins Berufsleben einsteigen? Wirst du heiraten und Kinder bekommen? Wirst du Pleite gehen oder Millionen an Aktien und Immobilien verdienen? Mit einer Drehung des Lebensrads ist alles möglich! Yahtzee ist seit über 40 Jahren ein Familienliebling! Werfen Sie die Würfel, um Straights, Full Houses und Pasche zu bauen – Yahtzee! Payday ist das klassische Familienspiel, mit dem Haushaltsfinanzen Spaß machen. Am Ende zählt, was übrig bleibt, denn wer das meiste Geld hat, nachdem alle Rechnungen und Kredite bezahlt sind, gewinnt!
3 Games in One - Darts + Roll-a-Ball + Shuffle Bowl (USA)	Majescos Rec Room Challenge für den GBA ist eigentlich eine Zusammenstellung von drei Spielen auf einer Cartridge. Wählen Sie zwischen Darts (Darts), Bowling (Shuffle Bowl) und einer Art Flipper (Roll-a-Ball). Es liegt an Ihnen, die Highscores in jeder Disziplin zu schlagen.
3 Games in One! - Super Breakout + Millipede + Lunar Lander (USA)	Millipede: Du musst eine Horde randalierender Käfer aufhalten, die in deinen Pilzgarten eingedrungen sind. Ohrwürmer, Stachelwürmer, Libellen und Käfer sind alle darauf aus, dass dieser Kampf dein letzter ist. Schieß alle Käfer ab, bevor sie dich beißen! Super Breakout: Diese aktualisierte Version eines der größten Coin-Op-Klassiker bietet alle Spielvarianten, die das Originalspiel bot. Das Ziel ist einfach: alle sichtbaren Steine mit so wenigen Kugeln wie möglich zu zerstören. Lunar Lander ist das erste Spiel für einen Spieler, das eine tatsächliche Mondlandungsmission authentisch simuliert. Es bietet den Nervenkitzel und das realistische &quot;Gefühl&quot; eines kontrollierten Weltraumfluges! Die Spieler müssen den Schub und die Rotation eines Mondlandefahrzeugs steuern, um der simulierten Schwerkraft, dem Impuls und der Reibung entgegenzuwirken.
3 Games in One! - Yars' Revenge + Asteroids + Pong (USA)	Asteroids: Ihr Raumschiff ist in einem tödlichen Asteroidengürtel gefangen. Sie müssen die treibenden Asteroidenbrocken zerstören, bevor sie Ihr Raumschiff zerstören. Aber pass auf feindliche Raumschiffe auf. Feuere deine Raketen ab, um die Felsbrocken und den Feind zu zerstören. Pong: Zuerst war da Pong. Einfach zu spielen, süchtig machend und unterhaltsam; dieser legendäre Titel hat die gesamte Videospielbranche entzündet. Jetzt ist Pong zurückgekehrt, um eine neue Generation von Spielern zu begeistern. Ihr Ziel ist, wie im klassischen Spiel, mit dem alles begann, klar: Vermeiden Sie es, den Ball zu verpassen, um einen Highscore zu erzielen. Yar's Revenge: Reise zum Razak-Sonnensystem und hilf den Yars beim Kampf gegen ein böses feindliches Landungsboot, um Gravitation, Schwung und Reibung entgegenzuwirken.
Ace Combat Advance (USA, Europe)	Im Jahre 2032 hat die Globalisierung alle Grenzen zwischen den Nationen verwischt. Eine der multinationalen Gesellschaften, die die einstigen Supermächte ersetzt haben, ist die General Resources Ltd. Dieses Unternehmen nutzt die neuesten Waffen-Technologien und ihre mächtige Air Strike Force, um jeden Feind gezielt zu zerstören. Doch um gegen diese Macht im Ernstfall bestehen zu können, wird ein Elite-Kampfgeschwader namens United Air Defense gegründet - und deren neuer Pilot bist DU! Sammle Informationen in den Einsatzbesprechungen, wähle den optimalen Kampfjet und steig ein ins Cockpit! Je mehr Einsätze du bestreitest, desto mehr Flugzeuge stehen Dir zur Verfügung, alle mit unterschiedlichen aber stets durchschlagenden Waffensystemen. Also: Auf in den (Luft-)kampf und zwinge die General Resources Ltd. in die Knie, bevor die gesamte Menschheit ihrer Machtbesessenheit ausgeliefert ist!
Ace Lightning (Europe)	In diesem Third Person Action-Adventure können Sie den anführenden Lightning Knight, Ace Lightning, auf seiner Mission, den bösen Lord Fear zu besiegen und ihn und seine Bande in der sechsten Dimension ins Gefängnis zurückzuschicken, steuern. Die einzige Möglichkeit Lord Fear einzufangen besteht darin, alle Teile des magischen Amuletts von Zoar zu sammeln, das er während des Carnival of Doom versteckt hat - ein beängstigender Ort voller übertrieben imposanter Zelte, Fahrgeschäften und Shows mit verzerrter Geometrie und verstörendem Licht. Sie müssen Ace Lightning durch die unheimlichen Hallen des Karnevals und in seine vier Zonen - die Geisterstadt, den Funpark, den Zirkus und das Haus des Grauens - führen, um die Amulettstücke zu sammeln.
Action Man - Robot Atak (Europe) (En,Fr,De,Es,It)	Action Man: Robot Atak basiert auf dem gleichnamigen Direct-to-DVD-Animationsfilm, der wiederum auf der Spielzeuglinie basiert. Um den bösen Dr. X und seine Armee von Robotern aufzuhalten, die Städte auf der ganzen Welt angegriffen haben, sucht Action Force seingeheimes Versteck, Insel X. Action Man, Redwolf und Flint müssen auf verschiedenen Teilen der Insel zuerst einander finden um dann den Plänen des bösen Doktors ein Ende setzen.
Activision Anthology (USA)	Die GBA-Version von Activision Anthology unterscheidet sich von Activision Anthology: Remix Edition (Windows / Mac), Activision Anthology (PS2) und Activision Hits Remixed (PSP). Es enthält 56 Spiele, mehr als die anderen Versionen, und enthält nicht die Imagic-Titel (Atlantis, Demon Attack und Moonsweeper). Einige der zusätzlichen Spiele sind Homebrew-Spiele. Der Spieler kann auch die Originalpatronen (2D, nicht 3D wie die anderen Versionen) und die Handbücher anzeigen. Diese Version enthält auch weniger Musik als die anderen. Es gibt verschiedene Spielmodi und Sie können originale Gamer-Patches verdienen.
Advance Guardian Heroes (USA)	Advance Guardian Heroes ist die Fortsetzung des Sega Saturn-Klassikers Guardian Heroes. Es ist ein Side-Scrolling-Action-Spiel. Sie wählen aus 3 Charakteren, zu denen ein legendärer Seelenheld aus einer anderen Welt kommt. Du musst die Kontrolle über das legendäre Seelenschwert aus dem Grab des Seelenhelden übernehmen und die Welt retten. Es gibt 2 Spielmodi, den Story-Modus, den Sie alleine oder kooperativ mit einem anderen Spieler spielen können und einen VS. Modus, in dem bis zu 4 Spieler gegeneinander kämpfen können.
Advance Wars (USA)	Mit Advance Wars für den Game Boy Advance können Strategie-Fans beweisen, was sie taktisch draufhaben! In der Rolle verschiedener Kommandanten muss der Spieler seine jeweilige Truppe zum Sieg führen. Für die Missionen stehen unterschiedliche Einheiten zur Verfügung (Infanterie, Luftwaffe, Marine), die mit verschiedenen Eigenschaften wie Beweglichkeit, Angriffsstärke und Reichweite ausgerüstet sind. Auf 114 Schauplätzen werden Konflikte mit feindlichen Truppen, zahlreichen Waffen und diversen Transportmitteln simuliert. Den gefährlichen Kontrahenten können sich bis zu 4 Freunde gleichzeitig mit nur einem Spielmodul im Multiplayer-Modus entgegenstellen, und das sogar mit nur einem Game Boy Advance!
Advance Wars 2 - Black Hole Rising (USA)	Jetzt heißt es volle Konzentration für alle Hobbystrategen! Sturm, der böse Anführer der Black-Hole-Armee, ist zurück und versucht Marco-Land zu erobern. Ausgerüstet mit vielen neuen Waffensystemen und mit Hilfe seiner neuen Kommandanten fordert Sturm die Spieler zu gewaltigen Schlachten heraus. Zum Glück verfügen auch die eigenen Truppen von Orange Star, Blue Moon, Vellow Comet und Green Earth über zahlreiche neue Möglichkeiten. Mit verbesserter Taktik und mit einer ausgetüftelten Strategie können Sie die Schlacht für sich entscheiden.
Adventure of Tokyo Disney Sea (Japan)	Adventure of TOKYO DisneySEA ist ein Action-Abenteuerspiel, das auf dem 2001 eröffneten Tokyo DisneySea-Themenpark basiert. In diesem Spiel sind alle sieben &quot;Anlaufhäfen&quot; der Tokyo DisneySea vertreten: Mittelmeerhafen, American Waterfront, Lost River Delta, Hafenentdeckung, Meerjungfrauenlagune, Arabische Küste und Mysterious Island. Die Aquakugel ist ebenfalls abgebildet. Zu den Disney-Figuren zählen unter anderem Aladdin und Ariel. Das Hauptziel ist das Sammeln von Karten mit dem Stein-Papier-Schere Prinzip. Einige werden frei vergegeben, während andere nur erhalten werden können, wenn der Spieler einen Gegner besiegt.
Adventures of Jimmy Neutron Boy Genius, The - Attack of the Twonkies (USA, Europe)	Das Abenteuer Spiel basiert auf der Nickelodeon Jimmy Neutron Halloween TV-Folge. Im Spiel erforscht Jimmy einen Kometen, der über Retroville eingeschlagen ist. Bei seiner Suche begegnet er einem schrecklichen Monster. Jimmy nimmt den Alien mit nach Hause. Das anfangs nette kleine Haustier, entpuppt sich jedoch schnell als eine riesige Bedrohung. Nun liegt es an Dir den Alien aufzuhalten und Jimmys Erfindungen zu nutzen.
Aero the Acro-Bat (USA)	Sie spielen als Fledermaus Aero, der den verrückten Wissenschaftler Edgar Ektor aufhalten muss, der versucht, die Welt von Vergnügen und Spaß zu befreien. Sie springen also mit verschiedenen Arten von Maschinen wie Katapulten, Kanonen, Sprudelmaschinen, Plattformen usw. durch die Levels im Zirkusstil, sammeln verschiedene Power-Ups wie Käse, Soda, Schlüssel, Uhren usw. und vermeiden tödliche Hindernisse.
Agassi Tennis Generation (USA)	Sein Name ist Synonym für Talent und Sieg: Andre Agassi, ohne Zweifel der ausgezeichnetste Spieler seiner Generation, stellte sein Talent und seine Erfahrung zur Entwicklung dieses Tennisspiels zur Verfügung. Motion-Capture ermöglicht dem virtuellen Charakter alle Bewegungen und Spielweisen des Vorbildes. Eine ehrwürdige Kulisse, intelligent platzierte Kameras und dynamische Belichtung verleihen dem Spiel eine unglaublich realistische und spannende Atmosphäre.
Agent Hugo - Roborumble (Europe) (En,Fr,De,Es,It,Nl,Pt,Sv,No,Da,Fi)	Der neue Bösewicht Geekdorph will die Welt in ein neues Zeitalter drängen, in dem allein die Roboter herrschen und alle anderen Lebewesen nichts weiter als rechtlose Sklaven sind. Um sein Ziel zu verwirklichen, lässt er Armeen von Robotern bauen. Völlig überrascht von der Invasion beauftragt die Bevölkerung die Spion-Agentur R.I.S.K., ihren besten Mann in diese Angelegenheit einzubringen. Agent HUGO startet seine Mission, die ihn quer durch die Stadt, durch die Wüste und ins Weltall schickt, um alle möglichen Informationen über den fiesen Geek-dorph herbeizuschaffen und ihm zum Schluss zum finalen Gegenschlag gegenüber zu stehen.
Aggressive Inline (USA)	Die extremste Art, sich auf Inlines zu bewegen, feiert ihre Premiere! Schnall die Skates an, setz Deinen Helm auf und erlebe die rasanteste und waghalsigste Aggressive Inline Action. Meistere 9 riesige Levels oder selbsterstellte Areale. Doch pass auf: Autos, Fußgänger und andere lästige Hindernisse wollen Dir die Tour vermasseln. Skate als Taig Kris oder wähle einen anderen Top-Profi wie Jaren Grob oder Shane Yost.
AirForce Delta Storm (USA) (En,Ja,Fr,De)	Fliegt neun unterschiedliche Luftattacken in einer großen Palette von Missionen, die vom Bombardieren bis zu Luftkämpfen reichen. In einer von Oben-Ansicht könnt ihr eure Geschwindigkeit erhöhen, Gleiten und zielgelenkte Raketen oder Maschinengewehre einsetzen. Dabei müsst ihr eure Flughöhe und den Treibstoff im Auge behalten und mit Hilfe des Radars eure Gegner ausmachen.
Aka-chan Doubutsuen (Japan)	Kümmere dich in diesem nur in diesem Japanischen Zoospiel um kleine Tierbabys wie Giraffen, Pandas, Elefanten, Koalas und Affen - freue dich über ihre Niedlichkeit und trainiere sie, um fröhliche kleine Tricks auszuführen. Mit mehr als 160 verschiedenen Tieren aus über 40 Arten.
Aladdin (USA) (En,Fr,De,Es)	Basierend auf dem klassischen Spiel für den SNES und Disneys Animationsfilm erweitert Disneys Aladdin die Game Boy Advance-Bibliothek mit brandneue Funktionen. In diesem Side-Scrolling-Plattformspiel schlüpfst du in die Rolle von Aladdin und seinem schelmischen Affen Abu, die Äpfel werfen, Seile klettern und Zauberteppiche reiten, um ihr Schicksal herauszufinden. Disneys Aladdin bietet eine Bonusstufe für jedes Level und eine Vielzahl von Umgebungen zum erkunden, darunter Jafars Schloss, die Lampe des Genies und eine alte Pyramide.
Aleck Bordon Adventure - Tower & Shaft Advance (Japan)	Aleck Bordon ist ein Platform-Action Game, das nur in Japan erschien. Der Spieler reist um die Welt und muss unter Zeitdruck einer Tower erklimmen oder in einen Schacht absteigen. Dabei kann er verschiedene Charaktere freischalten.
Alex Rider - Stormbreaker (USA)	Die Spielumsetzung zum Kinofilm Stormrider! Der 14-jährige Teenager Alex Rider wird überraschend als Agent des englischen Geheimdienstes MI6 ausgebildet. In einem aufregenden Actionabenteuer muss er das Böse ausspionieren, überlisten und schließlich kaltstellen! Das Spiel setzt dabei sowohl auf Tarnung, aber auch schnelle Rennaction und herausfordernde Kämpfe. Zahlreiche ausgefeilte Mini-Games, in denen besondere Spionage-Ausrüstung clever eingesetzt werden muss, vermitteln von Anfang an das Gefühl, Teil eines echten Agentenabenteuers zu sein.
Alien Hominid (Europe) (En,Fr,De,Es,It)	Sie sind ein kleines gelbes Alien. Das FBI hat Ihr Schiff abgeschossen, als Sie über den Planeten Erde geflogen sind. Und Sie landen buchstäblich direkt vor den Toren des FBI. Welche andere Möglichkeit haben Sie, nachdem eine Reihe von FBI-Agenten Ihr Schiff inspiziert und übernommen hat, außer zu fliegen und alles auf Ihrem Weg zu zerstören, um Ihr Schiff zu bergen? Alien Hominid ist ein Side-Scrolling-2D-Shooter mit hervorragenden Verweisen auf die Metal Slug-Spieleserie, mit handgezeichneten Grafiken, massiven Explosionen und sogar der Fähigkeit, FBI-Agenten auszunutzen, wenn Sie sich ihnen nähern.
Alienators - Evolution Continues (USA, Europe)	Evolution, vielleicht bekannt aus dem letztjährigen Kinofilm, war die Vorlage für eine sehr erfolgreiche US-Zeichentrickserie. Genau wie auf der Mattscheibe, muß man bei Evolution Continues üble Mutanten mit blauem Schleim bekämpfen. Das ganze hört sich nicht nur witzig an, sondern ist auch sehr amüsant zu spielen.
All Grown Up! - Express Yourself (USA, Europe)	Endlich ein Spiel, das nur für Mädchen gemacht ist! Hilf Angelica bei der Schülerzeitung, singe ein Lied mit Susie, stelle mit Lil schicke Outfits zusammen, tausche Informationen mit deinen besten Freundinnen aus, stimme über ein heißes Thema ab oder nutze die PDS-Funktion, um deine Woche zu planen!
All-Star Baseball 2003 (USA)	Der vierfache Weltmeister Derek Jeter macht Schlagzeilen in dieser neuesten Ausgabe von All-Star Baseball. Jeder Spieler aus der Major League Baseball-Saison 2002-2003 ist hier, mit Hunderten von Statistiken, Regeln und Optionen zum anpassen und aufzupeppen deines Baseballerlebnis. Neben dem üblichen Saisonmodus gibt es auch Playoffs zu gewinnen, Homerun Wettbewerbe, Multiplayer Optionen und All-Star-Modi.
All-Star Baseball 2004 Featuring Derek Jeter (USA)	All-Star Baseball 2004 ist wie Derek Jeter das Spiel &quot;mit allen Werkzeugen&quot;. Mit der realistischsten Simulation aller Zeiten, der einfacheren Spielfunktionalität und den gleichen Fähigkeiten, die Derek zum Anführer und Gewinner machen, ist ASB 2004 wirklich das Spiel mit allen Werkzeugen.
Altered Beast - Guardian of the Realms (USA)	Zeus, Schöpfer und Herrscher der Wächter der Tore, erhebt dich aus deinem Grab! Sie müssen Vierter werden und ein neues, unbekanntes Übel besiegen, das die Wächter zerstört und das Universum verwüstet hat. Dazu musst du die Schlüssel und die Essenz jedes Landes sammeln und dich in Bestien mit unnatürlichen Kräften und besonderen Fähigkeiten verwandeln. Besiege dieses Übel und du wirst der einzige Wächter, der Beschützer des Universums.
American Bass Challenge (USA)	American Bass Challenge ist ein Angelspiel, bei dem der Spieler aus fünf verschiedenen Seen mit insgesamt 20 verschiedenen Standorten wählen kann, um nach Welsen, Crappies und den Namensgeber des Spiels, den Big Mouth Bass, zu fischen. Der Spieler wählt aus acht verschiedenen Ködern: Spinner, Swisher, Elritze, Gummischablone, Wurm, Frosch, Kurbelköder und Spinnerköder, während er mit einem Fischfinder den besten Ort zum Angeln findet.
American Dragon - Jake Long - Rise of the Huntsclan (USA, Europe) (En,Fr,De,Es,It)	Jake Long ist eigentlich ein ganz normaler Teenie: Er skatet durch die Straßen von New York, liebt Hip Hop-Musik und Videospiele, mag coole Klamotten und hängt gerne mit seinen Freunden ab. Sein Großvater, der große Drachen-Meister Lao Luong, will Jake zum ersten American Dragon ausbilden und hilft ihm dabei, seine Mission zu erfüllen. Denn traditionsgemäß beschützen Drachen alle Zauber- und Fabelwesen, die versteckt unter den Menschen leben, vor bösen Mächten. In Disneys American Dragon entführt Jake Longs gefürchteter Feind der dunkle Drache dessen Liebe Rose, um ihn in eine Falle zu locken. Als der dunkle Drache bemerkt, dass der große Jäger ebenfalls an der Rettung der Geisel interessiert ist, beginnt das ultimative Duell. Durchkreuze die Pläne des dunklen Drachen, bekämpfe das Böse, rette Rose und werde zum Helden.
American Idol (USA)	Mit einem computergenerierten Randy Jackson, Paula Abdul und Simon Cowell und den typischen Beleidigungen ist American Idol ein musikbasiertes Rhythmus-Action-Spiel, in dem du einen Kandidaten für den Wettbewerb erstellen, stylen und trainieren kannst. Sobald du ihn gestylt und trainiert hast, wirst du sehen, wie dein Kandidat die Castings und die verschiedenen Vorrunden durchläuft und es dann hoffentlich bis zum großen Finale schafft. Du brauchst flinke Finger, wenn du die richtige Tastenkombination mit dem kombinierst, was auf dem Bildschirm angezeigt wird, und deinem Kandidaten dabei hilfst, eine süße Harmonie zu singen und zum Rhythmus des Liedes zu tanzen. Wenn du es falsch machst, wird deine Stimme schwächer und verstimmt, während die Jury und später das Publikum verunsichert werden.
American Tail, An - Fievel's Gold Rush (USA) (En,Es)	Fievel Mousekewitz, ein Nager mit einer Einwanderungskarte, macht sich in An American Tail: Fievel's Gold Rush auf den Weg nach Westen. Basierend auf der Zeichentrickserie von Universal Studios steuert der Spieler Fievel auf seiner Reise durch 18 Level und sechs Welten, darunter &quot;New York City&quot; und &quot;Gold Dust Gulch&quot;, um die Schatzkarte von Cat Malone zusammenzusetzen. Fievel schwingt auf Seilen, greift mit seinem Zehn-Gallonen-Hut an, fährt auf Flussschiffen und springt auf den Zug, um Wylie Burps Gold zu finden.
Angel Collection - Mezase! Gakuen no Fashion Leader (Japan)	Angel Collection ist ein japanisches Modesimulationsspiel, in dem es Ihr Ziel ist, über 300 Kleidungsstücke und Accessoires, Frisuren, Make-up usw. zu sammeln, um der modischste Schüler Ihrer Schule zu werden.
Angel Collection 2 - Pichimo ni Narou (Japan)	Angel Collection 2: Pichimo Ni Narou ist ein Modesimulationstitel für den japanischen GBA. Dieses Spiel enthält Modelle aus dem Modemagazin Pichi Lemon, die in animierter Form mit ihren richtigen Namen erscheinen. Die Spieler können der Redaktion des Magazins helfen, wenn Sie sich mit den verschiedenen Mädchen treffen. Über 300 Modeartikel erscheinen im Spiel und helfen Ihnen dabei, Ihre Modefähigkeiten zu verbessern, während Sie sich durch eine Geschichte arbeiten. Außerdem gibt es ein Make-up-Studio (das Make-up muss zum Gesamtoutfit passen), viele zufällige Events, das Pichiremon-Hauptquartier, eine offiziell lizenzierte Darstellung des Penty's-Shops und mehrere Enden, abhängig von den Fähigkeiten und Entscheidungen des Spielers.
Angelique (Japan)	Angelique ist ein Dating-Spiel, das von Ruby Party entwickelt wurde, einer Abteilung von Koei, die ausschließlich aus Frauen besteht. Es wurde ursprünglich am 23. September 1994 für das Super Famicom veröffentlicht und wurde seitdem unzählige Male portiert, oft mit zusätzlichen Funktionen. Der Spieler übernimmt die Rolle von Angelique Limoges, einer jungen Frau, die von der Königin des bekannten Kosmos ausgewählt wurde, um eines Tages ihre Nachfolge anzutreten. Dazu muss sie ein Königreich bevölkern, das ihr gegeben wurde, bevor ihre Rivalin und Mitkandidatin der Königin, Rosalia, das Selbe tun kann. Angelique kann die Hilfe von neun männlichen Wächtern in Anspruch nehmen, die bei der Regulierung verschiedener Aspekte des Königreichs helfen können und zur Sabotage des Königreichs ihres Rivalen geschickt werden können. Wenn die Spielerin den Wettbewerb gewinnt, wird Angelique die neue Königin. Sie kann sich stattdessen auch dafür entscheiden, einen der neun Wächter zu heiraten, von denen jeder umworben werden kann, und ihren Thron für die wahre Liebe zu opfern.
Animal Snap - Rescue Them 2 by 2 (USA)	Animal Snap: Rescue Them 2 By 2 ist ein Mahjong Solitaire-Spiel mit Tiermotiven. Die Spieler müssen Sets mit gleichen Motiven bilden, um die Steine zu entfernen. Wenn jedes Brett geräumt ist, retten die Spieler ihre Tierfreunde.
Animal Yokochou - Doki Doki Kyuushutsu Daisakusen! no Maki (Japan)	Animal Yokochou - Doki Doki Kyushutsu Daisakusen! No Maki ist das erste Spiel, das auf dem japanischen Anime und Manga Animal Yokochou basiert. Während das zweite Spiel Puzzlespiel war, ist dieses ein Plattformer.
Animal Yokochou - Doki Doki Shinkyuu Shiken! no Maki (Japan)	Animal Yokochou: Doki Doki Shinkyuu Shiken! ist das zweite Spiel, das auf dem japanischen Anime und Manga Animal Yokochou basiert. Während das erste Spiel ein Platformer war, ist dieses ein Puzzlespiel. Es beinhaltet zudem eine vertonte Story Mode.
Animaniacs - Hollywood Hypnotics (Europe) (En,Fr,De,Es,It) (Proto)	In the game, the villainous duo Pinky and The Brain hatch a plan to conquer the world. They place hidden speakers around the Warner Bros. movie studio lots that broadcast eerie, mind-controlling sounds. This hypnotic frequencies trick the studio crew and actors into believing they actually are the fictional characters they are portraying.While everyone else falls under the trance, Yakko, Wakko, and Dot prove completely immune. Upon discovering that a brainwashed Ralph the Guard won't let them back into their home, the Warner siblings set out across the studio lots to smash the speakers and foil Brain's master plan
Animaniacs - Lights, Camera, Action! (Europe) (En,Fr,De,Es,It)	Anarchischer Zeichentrickhumor mit durchgeknallten Comic-Stars aus dem Hause Warner In einem überdrehten 3D-Action-Adventure rücken die Warner-Geschwister Wakko, Yakko und Dot aus und erleben Turbulentes: Um das schöne Städtchen Tinsel Town zu retten, müssen sowohl Bösewicht Cyril Coupe Deville überwältigt als auch die gestohlenen 45 Famous-Edgar-Trophäen gefunden werden. Cartoon-Schwester Dot samt Brüderpaar besitzen individuelle Spezial-Fähigkeiten und bringen Widersacher zur Raison. Nebenbei warten herausfordernde Rätsel auf die Heldenriege und auch Comic-Kollegen Pinky und Brain wollen sich in spaßigen Mini-Games mit ihnen messen.
Ant Bully, The (USA) (En,Fr)	Nachdem er eine unschuldige Ameisenkolonie misshandelt hat, wird ein Junge namens Lucas auf magische Weise auf die Größe einer Ameise geschrumpft und begibt sich auf ein spannendes Abenteuer. Schlüpfe in die Rolle von Lucas und erlebe das gefährliche Leben einer Ameise, indem du in seiner neuen Ameisenwelt kämpfst, erkundest und neue Freundschaften mit den Einheimischen und anderen Spezies schließt. Ganz neue Herausforderungen wurden speziell für das Spiel geschaffen. Helfen Sie Lucas dabei, sich auf seiner Suche nach der Rettung der Kolonie vor der Ausrottung vom Einsiedler zum Helden zu entwickeln.
Antz - Extreme Racing (USA)	Denken Sie, dass 0,5 Meilen pro Stunde nicht schnell genug für Sie sind? Stellen Sie sich vor, dass Ihr Fahrzeug nur schnell genug ist, um eine Hauptfigur aus dem Film Antz zu transportieren. Sie müssen Ihr ganzes Können aufbieten, um im Antz-Rennen zu bestehen. 0,5 mph ist schnell - es ist sehr schnell! Antz Extreme Racing spielt in jeder der vier gemäßigten Jahreszeiten und bietet vier verschiedene Arten von Rennen: Fahren, Fliegen auf dem Rücken von Insekten, Laufen und Snowboarden oder Surfen. Das Spiel bietet sowohl einen Einzelspieler- als auch einen Mehrspielermodus; der Mehrspielermodus mit geteiltem Bildschirm unterstützt bis zu vier Spieler.
Ao-Zora to Nakama-tachi - Yume no Bouken (Japan)	Ao-zora To Nakama-tachi - Yume No Bouken ist ein nur in Japan erschienener Platformer für GBA und PSX. Sie erleben mit dem blauen Elephanten Aozora und seinen Freunden kindliche Abenteuer im Traumland.
Archer Maclean's 3D Pool (USA)	Begleiten Sie den weltberühmten Poolspieldesigner Archer Maclean am Tisch in ARCHER MACLEANS 3D POOL für den Game Boy Advance. Dieses virtuelle Poolspiel von Ignition Entertainment stellt Spieler in einer echten dreidimensionalen Umgebung gegen 20 verschiedene Computergegner oder gegen andere Spieler. Der Einspieler-Modus bietet verschiedene Optionen. Spieler können entweder Coin-Op- oder professionelle Regeln verwenden. Sowohl amerikanische als auch britische Variationen des Spiels sind ebenfalls verfügbar.
Arctic Tale (USA)	Arctic Tale basiert auf dem von National Geographic unterstützten offiziellen Kinofilm und begeleitet wie auf der Leinwand die Bewohner der Antarktis auf ihrem täglichen Überlebenskampf. Der Spieler wählt zwischen einem knuffigen Eisbären und einem Walross und hilft diesen Bewohnern bei ihren täglichen Prüfungen. Dabei erweist sich vor allem die durch den Menschen bedingte Klimaerwärmung als größter Gegner. In bester National Geographic-Manier werden immer wieder wissenswerte Informationen eingeblendet wodurch ein kurzweiliger Mix aus Entertainment und Lernen entsteht. An Arctic Tale nutzt alle Elemente des Nintendo DS und setzt diese sinnvoll ein. Zahlreiche Minispiele garantieren ein flüssiges und stets unterhaltsames Gameplay. Arctic Tale ist ein Spiel für Tierfreunde aller Altersklassen.
Army Men - Operation Green (USA) (En,Fr,De,Es,It)	Operation Green folgt einem ähnlichen Design wie der ursprüngliche PC-Titel von Army Men und lässt Sie einen langen grünen Soldaten kontrollieren, der sich hinter die feindlichen Linien kämpfen und die Tan-Armee in ihrem eigenen Spiel besiegen muss. Bei jeder der 15 Missionen kämpfst du gegen eine Reihe feindlicher Charaktere und benutzt deine Waffen (Granaten, Maschinengewehre, Raketenwerfer und mehr), um so viele wie möglich abzuschießen. Sie können während der Action auch bestimmte Fahrzeuge verwenden, um noch mehr Feuerkraft einzusetzen.
Army Men - Sarge's Heroes (USA, Europe) (Proto 7)	General Plastro, der niederträchtige Anführer der braunen Armee, hat eine Armee Außerirdische von einem anderen Planet zu Hilfe geholt, um sie im Kampf gegen die Grünen zu unterstützen. Jetzt ist es an Sarge und Vikki herauszufinden, wo die kleinen blauen Männchen herkommen und was sie vorhaben. Nur so können sie die Herausforderung annehmen und ihre grünen Truppen vor den unbekannten Feinden schützen und dann Plastro selbst zu einer finalen Schlacht zu zwingen.
Army Men - Turf Wars (USA)	Colonel Grimm hat die Niederlage der Tan-Armee angeordnet und ein Zwei-Mann-Spezialeinheitenteam für die Mission ausgewählt. Dieses Special Forces-Team besteht aus dem Blue Spy und Ihnen, Sgt. Hawk. Kämpfe dich durch verschiedene Hinterhofumgebungen mit dem ultimativen Ziel, die Tan-Armee zu zerstören. Viel Glück, Soldat!
Army Men Advance (USA, Europe) (En,Fr,De,Es,It)	General Plastro, der niederträchtige Anführer der braunen Armee, hat eine Armee Außerirdische von einem anderen Planet zu Hilfe geholt, um sie im Kampf gegen die Grünen zu unterstützen. Jetzt ist es an Sarge und Vikki herauszufinden, wo die kleinen blauen Männchen herkommen und was sie vorhaben. Nur so können sie die Herausforderung annehmen und ihre grünen Truppen vor den unbekannten Feinden schützen und dann Plastro selbst zu einer finalen Schlacht zu zwingen.
Around the World in 80 Days (USA)	In 80 Tagen um die Welt bringt eine der großartigsten Geschichte der Vergangenheit zurück. Aus der klassischen Erzählung wird ein Remake mit Jackie Chan. Die Kombination aus Komödie und Spannung erwacht zum Leben, wenn Sie die Abenteuer des Films nachspielen. Phineas Fogg hat eine merkwürdige Wette angenommen: Er muss in 80 Tagen einmal um die ganze Welt reisen oder er verliert sein Vermögen. Helfen Sie ihm, indem Sie Jackie Chans Rolle übernehmen.
Arthur and the Invisibles (USA) (En,Fr,Es)	Tauch in die ungewöhnliche Geschichte von Luc Bessons Film ein: Schlüpf in die Rolle des kleinen Arthur und seiner beiden Freunde Selenia und Betameche. Arthur wird in einen Minimoy verwandelt und muss sich in der Welt der Minimoys zurechtfinden. Du musst Arthurs Großvater retten und den verlorenen Schatz suchen, um die Welt der Minimoys zu retten! Wird es dir gelingen...?
Ashita no Joe - Makka ni Moeagare! (Japan)	Dieses nur in Japan erschienene Boxspiel basiert auf den beliebten &quot;Ashita No Joe&quot; Mangas und Animes rund um den Waisenjungen Joe Yabuki, der sich aus den Slums bis zum Profiboxer hocharbeitet.
Asterix & Obelix - Bash Them All! (Europe) (En,Fr,De,Es,It,Nl)	Zwei Spiel enthalten: &quot;Asterix & Cleopatra&quot; - Hier geht es darum, so viele Römer wie möglich KO zu schlagen. Die Story des Spiels ist an den gleichnamigen Kinofilm angelehnt. Bei dem Jump'n'Run &quot;Asterix & Obelix&quot; ist Schnelligkeit angesagt. Hier handelt es sich um die Umsetzung des bereits erschienenen Super Nintendo Spiels.
Asterix & Obelix XXL (Europe) (En,Fr,De,Es,It,Nl)	Asterix & Obelix XXL ist ein Action-Adventure-Computerspiel, das vom französischen Entwickler Étranges Libellules entwickelt und vom französischen Publisher Atari SA veröffentlicht wurde. Das Spiel ist im November 2003 für PlayStation 2 und im Juli 2004 für Windows, GameCube, Game Boy Advance erschienen. Die Handlung spielt im Jahr 50 vor Christus. Fast ganz Gallien ist von den Römern besetzt. Asterix, Obelix und Idefix machen sich auf den Weg, um ihre Freunde, die in die Hände der Römer gefallen sind, zu befreien. Die Schauplätze aus den Comics wurden im Spiel übernommen. So verschlägt es die drei Helden in die Normandie, in die Schweiz, nach Griechenland, nach Ägypten und Rom. Ebenfalls wurde das gallische Dorf nachgebildet. Bei ihrer Mission sind die drei aber nicht ganz auf sich gestellt, denn Cäsars ehemaliger Meisterspion HCL (Acidix Hydrochloridrix) hilft den dreien, indem er an einigen Stellen im Spiel entscheidende Hinweise gibt. Am Ende eines jeden Abschnitts gilt es eine römische Kampfmaschine zu zerstören, diese ist jedes Mal stärker, wenn Asterix & Obelix auf sie treffen.
Astro Boy - Omega Factor (USA) (En,Ja,Fr,De,Es,It)	Astroboy, der Roboter-Superheld mit dem Geist eines Menschen, fliegt in ein düsengetriebenes Abenteuer, um die Roboterwieder mit den Menschen zu vereinen. In Zusammenarbeit mit Tezuka Productions und Sony Pictures Television hat das SONICTEAM-Studio von SEGA das Universum von Astro Boy detailgetreu nachgebildet. Dies erhöht nicht nur den Bekanntheitsgrad der Marke, sondern ist zugleich auch ein Tribut an ein klassisches Symbol der japanischen Animes, das zur Zeit als Serie im amerikanischen Cartoon Network läuft. In Astro Boy setzt der Spieler Astros Raketenfüße, Armkanone, 100.000 PS-Stärke, Röntgenblick und andere spezielle Fähigkeiten ein, um Metro City zu retten. Mit jedem gelösten Fall entwickeln sich Astros Fähigkeiten weiter, was ihm hilft, mit Atlas, Acheron, dem Blauen Ritter und anderen seine Kräfte zu messen!
Atari Anniversary Advance (USA)	Zum 30-jährigen Jubiläum des Videospielpioniers Atari zusammengestellte Compilation, deren sechs Klassiker &quot;Asteroids&quot;, &quot;Battlezone&quot;, &quot;Centipede&quot;, &quot;Missile Command&quot;, &quot;Super Breakout&quot; und &quot;Tempest&quot; wahlweise im horizontalen oder vertikalen Displaymodus gespielt werden können.
Atlantis - The Lost Empire (USA, Europe)	Tauche ein in eine geheimnisvolle Unterwasserwelt und entdecke eine Zivilstation reich an dunklen Mysterien und bewacht von mystischen Monstern. Diese Welt wird von einem mächtigen Kristall kontrolliert, der in den falschen Händen in der Lage wäre, das legendäre Reich zu zerstören. Mit einem geheimnisvollen Tagebuch ausgestattet, begibst du dich in der Role des Hauptcharakters Milo Thatch per U-Boot auf die lange und gefährliche Reise, um das Geheimnis von Atlantis zu lüften. Auf deiner Expedition bekämpfst du riesige Seeungeheuer, löst kniffelige Rätsel und triffst sogar auf eine wunderschöne Prinzessin.
Atomic Betty (USA, Europe)	Das kleine Mädchen hat ein großes Geheimnis: Für ihre Freunde und Familie ist Betty nur das nette Girl von nebenan, doch wenn der Galaxis Unheil droht, verwandelt sie sich in Atomic Betty, die Verteidigerin des Weltalls! Und sie ist nicht allein: An ihrer Seite kämpfen der ewig hungrige Co-Pilot Sparky und der Roboter X-5, ein wahrhaft wandelndes Lexikon. Doch natürlich gibt es bei so vielen Helden auch miese Bösewichte, allen voran Maximus I.Q.! Dieser Finsterling will unbedingt in die kosmische Halle der Schurkerei für schurkische Schurken aufgenommen werden und plant daher ein paar ganz üble Dinger Aber auch Bettys normales Privatleben ist bedroht: Die verwöhnte Penelope will nämlich verhindern, dass Betty am kommenden Basketball-Turnier teilnimmt. Also: Rette die Galaxis vor Maximus I.Q. und zeige der nervigen Penelope, dass sie gegen eine wahre Heldin keine Chance hat!
ATV - Quad Power Racing (USA, Europe)	Brettert über Rundstrecken mit einer großen Auswahl an Quads, jedes mit Vor- und Nachteilen bei Handling und Geschwindigkeit. Beendet jedes Rennen in der vorgegebenen Zeit, um ins nächste Level zu gelangen. Habt ihr ein Rundenrennen geschafft, werden schwierigere Strecken, bessere Quads und intelligentere Gegner freigeschaltet.
ATV - Thunder Ridge Riders (USA)	Machen Sie sich bereit für die wildeste Off-Road Action auf dem GameBoy Advance! Mit Thunder Ridge Riders kommen Quad-Fans voll auf ihre Kosten und fahren heiße Rennen über unwegsames Gelände. Trainieren Sie Ihre Fähigkeiten und gehen Sie bis ans Limit, um als Erster vor ihren Mitstreitern die Ziellinie zu überqueren. Lassen Sie ihren Gegnern ihren Staub schmecken!
Avatar - The Last Airbender (USA)	In Händen eines 12-Jährigen ruht das Schicksal der Welt! Das Action-Adventure Avatar lässt sich in der Rolle von Aang, Katara und Sokka erleben. Zusammen setzt das Team seine magischen Kräfte und Kung-Fu-Fähigkeiten ein, um das Avatar-Universum zu erkunden. Ihre Widersacher sind zunächst die bösen Kräfte der Feuernation, aber irgend etwas lauert im Verborgenen, das noch gefährlicher zu sein scheint ... Avatar erzählt ein großartiges Abenteuer voller Hoffnungen, Verrat und Konflikte, das auf der beliebten neuen TV-Serie von Nickelodeon basiert, die Anfang 2006 erfolgreich gestartet ist!
Avatar - The Last Airbender - The Burning Earth (USA)	Avatar: Die Erde brennt basiert auf der zweiten TV-Staffel von Avatar - Der Herr der Elemente. Der junge Held Aang setzt darin seine aufregenden Abenteuer und seinen Kampf gegen die böse Feuer-Nation fort. Sein Ziel ist es, das Gleichgewicht seiner von Unfrieden und finsteren Mächten geplagten Welt wieder herzustellen! Unterstützen Sie Aang und seine Freunde dabei und verteidigen Sie die größte Stadt des Erdreichs gegen einen Überfall der Feuer-Nation! Helfen Sie ihnen außerdem, ihre Fähigkeiten zu verbessern und neue Magie zu erlernen.
Azumanga Daiou Advance (Japan)	Azumanga Daioh Advance ist ein Kartenspiel für den GBA. Die Karten werden in Fünferpaaren ausgegeben. Diese Karten haben Sterne und jede Karte hat eine bestimmte Anzahl dieser Sterne. Ziel ist es, so viele Sterne wie möglich, die auf den Karten in Ihrer Hand abgebildet sind, zu einer Kombination zu verbinden oder zu verlinken. Je höher die Kombination die Sie erreichen, desto mehr Punkte erzielen Sie gegen Ihren Gegner, wodurch dessen Gesundheitsbalken aufgebraucht werden. Die Spiele sind kurz und können ungefähr 5 Runden dauern, wobei jede Runde etwa fünfzehn Sekunden dauert.
Babar to the Rescue (USA) (En,Fr,Es)	An einem wunderschönen Tag spielen Barbars Söhne Pom und Alexander gemeinsam mit Cousin Arthur im lauschigen Celesteville Verstecken. Barbars Kinder haben rasch das ideale Versteck im Schlosspark entdeckt: Zwei Heißluftballons, am Erdboden verkettet, warten darauf, die beiden vor Arthurs Blicken zu verbergen. Doch oh Schreck! Plötzlich löst sich das Band und die beiden schweben gen Himmel! Als der Elefantenkönig seine beiden Sprösslinge sucht, erkennt er schnell die Situation und schwingt sich in den zweiten Ballon. Los geht die luftige Reise. Wird Barbar seine Söhne sicher nach Hause bringen?
Back to Stone (USA) (En,Fr)	Back To Stone ist ein isometrisches Actionspiel in einer Welt, in der Menschen Weisheit erlangt haben, um Krieg und Hunger zu überwinden. Jemand spürt jedoch ein schwarzes Buch auf und rezitiert die Worte, die eine Horde Dämonen entfesseln und die Menschen besiegen. Einige werden in dunklen Experimenten als Versuchskaninchen am Leben erhalten. Einer der Gefangenen, der namenlose Protagonist, konnte entkommen. Er wurde mit einer dämonischen Essenz erfüllt, die ihm seiner menschlichen Form beraubt, ihm aber Superkräfte und die Fähigkeit, Fleisch in Stein zu verwandeln, verleiht. Dieses GBA-Spiel bietet ungefähr 20 verschiedene Umgebungen. Jede Umgebung hat ihre eigenen Erfahrungen und Interaktionen. Die Welt wird von etwa 30 Monstern und vielen Boss-Meister-Dämonen bewohnt.
Back Track (USA, Europe)	Domingoaniax und seine Armee von Mutanten und Robotersoldaten haben die Kontrolle über die geheime Mondbasis übernommen. Seit Monaten entführen diese Außerirdischen Menschen und assimilieren sie zu einer Armee von Droiden, mit denen die Erde überwältigt werden kann. Als unsere letzte Hoffnung müssen Sie Jim Track helfen, die Mondbasis zu infiltrieren und dort erfolgreich zu sein, wo viele andere vor ihm versagt haben. Zerstören Sie jedes Alien oder assimilierte Menschen, denen Sie begegnen; portieren Sie so viele nicht assimilierte Menschen wie möglich aus den Pods und lösen Sie dann die Selbstzerstörungssequenz aus, um die Mondbasis und die verbleibenden Aliens zu zerstören.
Backyard Baseball (USA)	Erstellen Sie das Baseballteam Ihrer Träume! Dies ist eine großartige Baseball-Action mit den Hinterhofkindern und echten Profispielern als Kinder. Wählen Sie Ihr Team, Logos und Spielfelder. Spielen Sie einzelne Spiele, eine ganze Saison oder ein Home Run Derby. Es ist die Chance Ihres Lebens, mit den Profis direkt in Ihrem eigenen Garten zu spielen. Wählen Sie aus allen 30 Major League Baseball-Teams aus, erstellen, speichern und handeln Sie benutzerdefinierte Spieler, üben Sie Ihren Schwung im Home Run Derby und verfolgen Sie die Spieler- und Teamstatistiken im Saisonspiel.
Backyard Baseball 2006 (USA)	Backyard Baseball ist eine Reihe von Baseball-Videospielen für Kinder, die von Humongous Entertainment entwickelt und von Atari veröffentlicht wurden. Es wurde erstmals im Oktober 1997 veröffentlicht. Einige der erstellten Spieletitel umfassen Backyard Baseball, Backyard Baseball 2001-2010 und Backyard Sports: Sandlot Sluggers. Das ursprüngliche Spiel bestand aus 30 Kindern aus der Nachbarschaft, die der Spieler spielen kann. Im Laufe der Jahre wurde die Idee von &quot;Profispielern als Kinder&quot; populär, und die ursprünglichen Statistiken und das Aussehen der Spieler haben sich geändert. Zu den verfügbaren Profispielern gehörten Chipper Jones, Frank Thomas, Alex Rodríguez, Alfonso Soriano, Ichiro Suzuki, Sammy Sosa, Jim Thome, Albert Pujols, Nomar Garciaparra, Ken Griffey Jr. und Barry Bonds. Im Verlauf des Spiels werden einige Profis verfügbar oder &quot;freischaltbar&quot;, darunter Randy Johnson, Derek Jeter und Mike Piazza.
Backyard Basketball (USA)	Erstellen Sie Ihr Basketballteam mit Backyard Kids (30 Backyard Kids) und Kinderversionen von NBA-Stars (10 Kinderversionen von NBA-Stars). Backyard Basketball hat sehr coole Power-Ups, zwei Minispiele und einen Saison-Spielmodus. Es ist möglich, mit einem anderen GBA-Spieler über ein Game-Link-Kabel gegeneinander anzutreten.
Backyard Football (USA)	Dies ist eine großartige Fußball-Action mit den Backyard Kids und echten Profispielern als Kinder. Kleine Fußballfans werden es genießen, aus allen 32 NFL-Teams zu wählen oder ihre eigenen mit benutzerdefinierten Teamnamen und Uniformen zu erstellen. Leiten Sie die gesamte Action in einzelnen Spielen oder in der gesamten Saison. Es ist die Chance Ihres Lebens, mit den Profis direkt in Ihrem eigenen Garten zu spielen!
Backyard Football 2006 (USA)	Backyard Football 2006 ist die vierte Veröffentlichung des preisgekrönten Spiels, das realistische Fußballspiele und -strategien mit verrücktem Humor kombiniert. Backyard Football 2006 bietet Kinderversionen von NFL-Superstars, darunter Peyton Manning, Tom Brady, Donovan McNabb und Daunte Culpepper. Backyard Football 2006 umfasst alle 32 NFL-Teams sowie 19 verrückte Backyard-Teams und bietet neue Hintergründe, 7x7-Teams und ein Power-Moves-System.
Backyard Hockey (USA)	Skaten, schießen und punkten Sie mit den Backyard Kids und Kinder-Versionen der heißesten NHL-Profis. Sie können die gesamte Action in diesem Hockeyspiel steuern. Bauen Sie Ihr eigenes Team aus 30 Backyard Kids und zehn NHL-Profis auf, darunter Mike Modano, Jaromir Jagr, Martin Brodeur, Paul Kariya und Jarome Iginla. Nachdem Sie Ihre Spieler ausgewählt haben, wählen Sie eine fantastische Eisbahn aus und zoomen auf das Eis herunter. Mit verrückten Power-Ups bietet Backyard Hockey lustige, schnelle und durchgängige Action.
Backyard Skateboarding (USA)	Backyard Skateboarding ist ein rasantes Extremsportspiel, mit dem Kinder als Junior-Version des achtmaligen Skateboard-Weltmeisters Andy Macdonald skaten können. Die Ausgabe 2006 von Backyard Skateboarding bietet neue Herausforderungen, Missionen, Ausrüstung, Power-Ups und freischaltbare Elemente. Das Spiel hat eine einfachere Steuerung und schnelleres Gameplay.
Backyard Sports - Baseball 2007 (USA)	Stellen Sie Ihr eigenes Team zusammen und kontrollieren Sie jedes verrückte Spielfeld, jeden Kupplungstreffer und jeden Sprint. Mit Spielern wie Alex &quot;A-Rod&quot; Rodriguez, geheimen Profis zum Freischalten und erstaunlichen Power-Ups können Kinder direkt in ihrem eigenen Garten Big-League-Ball spielen. Eine All-Star-MLB-Besetzung: Carlos Delgado, Alfonso Soriano, Nomar Garciaparra, Alex Rodriguez, Ichiro, Albert Pujols, Eric Gagne, Pedro Martinez, Ivan Rodriguez und Vladamir Guerrero.
Backyard Sports - Basketball 2007 (USA)	Erstellen Sie Ihr Basketballteam mit Backyard Kids und Kinderversionen von NBA-Stars. Spielen Sie ein einzelnes Spiel, in dem Sie Ihr Team, Ihre Spieler und einen Platz auswählen können. Spielen Sie die Basketball-Saison und führen Sie Ihr Team durch eine strenge BBA-Saison und kämpfen Sie um die BBA-Meisterschaft. Es sind vier Minispiele enthalten (Übungsmodus, Hot Shot, Block Shot, Ball Balance).
Backyard Sports - Football 2007 (USA)	Wie in der vorherigen Teilen der Serie bietet Backyard Sports Football 2007 die Möglichkeit, einen eigenen Spieler zu erstellen, ein eigenes Team aufzubauen, Exhibitions oder einen Saisonmodus zu spielen und als NFL-Spieler zu spielen. Außerdem wurde zum ersten Mal ein 7-gegen-7-Gameplay hinzugefügt.
Baldur's Gate - Dark Alliance (USA)	Diese Version von Baldur's Gate: Dark Alliance folgt der gleichen Geschichte und weist viele spielerische Ähnlichkeiten mit der Konsolenversion auf, unterscheidet sich aber auch deutlich von ihr in der Präsentation und den Gameplay-Features. Diebe und Räuber haben Sie und Ihre Familie von Ihrem Hof vertrieben. Auf der verzweifelten Suche nach Schutz innerhalb der Mauern von Baldur's Gate gerät Ihre Familie in einen Hinterhalt und Ihre Schwester wird entführt ... Ihre Suche nach der Rettung Ihrer Schwester ist intensiv, um einen Krieg zu verhindern, der die Schwertküste in Blut ertränken wird. Diese Geschichte voller Intrigen und wilder Allianzen wird Ihre Fähigkeiten auf die Probe stellen, während Sie sich einen Weg zur Wahrheit und zur Rache bahnen.
Ballistic - Ecks vs. Sever (USA)	Ecks vs. Sever 2: Ballistic ist ein First-Person-Shooter. das für Gameboy Advance veröffentlicht wurde. Begegnen Sie den Agenten Ecks und Sever in der Fortsetzung ihres Abenteuers. Es geht immer noch darum, nichts am Leben zu lassen Leben auf deinem Weg und um einen rasanten Mehrspielermodus.
Banjo-Kazooie - Grunty's Revenge (USA, Europe)	Gruntilda ist zurückgekehrt und es liegt an Banjo und Kazooie den heimtückischen Plan von Gruntilda zu vereiteln. Schlüpfe in die Rolle von Banjo und folge ihm in die Vergangenheit. Jede Menge Rätsel, Kämpfe und bekannte wie neue Gesichter warten auf dich, wenn Banjo-Kazooie sein Debüt auf dem Gameboy Advance gibt!
Banjo-Pilot (USA)	Vögel können fliegen! Klar, keine Frage, darüber wundert sich ja heutzutage niemand mehr. Wie siehts aber mit ausgewachsenen Bären aus? Unmöglich? Weit gefehlt, denn in Banjo Pilot ist es nämlich nicht nur der Vogel Kazooie, der in die Luft geht, nein, sogar der große Bär Banjo und viele andere bekannte Figuren aus dem Banjo Kazooie-Universum. Sie alle treten in diesem witzigen und technisch überwältigenden 3D-Fun-Racer - nun ja, eher Fun-Flyer - gegeneinanderan, um als Erster über die Ziellinie zu fliegen.
Barbie - The Princess and the Pauper (USA)	Begleite Barbie auf einem traumhaften Abenteuer. Spiele als Erika, Anneliese und als die königlichen Katzen Wolfie und Serafina, um den bösen Preminger davon abzuhalten, Chaos im Königreich zu verbreiten. Nutze deine besonderen Fähigkeiten, um mehr als 20 Level an 5 zauberhaften Orten zu meistern. Inspiriert von dem Film Barbie und das Dorfmädchen.
Barbie and the Magic of Pegasus (USA)	Magislaus hat großes Unglück über Annikas Familie gebracht: die Eltern hat er in Stein verwandelt und ihre Schwester wurde in einen Pegasus verzaubert und wird vermisst. Nur der legendäre Lichtstab kann sie retten! Begleite Barbie als Prinzessin Annika, ihre Schwester Brietta und Shiver auf einer fantastischen Reise durch vier zauberhafte Welten. Auf deiner Suche nach dem rettenden legendären Lichtstab triffst du viele Menschen, die dir dabei helfen können. Meistere zahlreiche Ausgaben und knifflige Puzzles. Wenn du Magislaus besiegt hast, gibt es ein rauschendes Fest im Kristallpalast!
Barbie as The Island Princess (USA)	Barbie als The Island Princess folgt der Handlung des beliebten DVD-Starts in einem lustigen Party-Format. Sie spielen als Rosella, die Schiffbruchprinzessin, die von einer &quot;Familie&quot; tierischer Freunde aufgezogen und von Prinz Antonio von ihrer tropischen Insel gerettet wird. Durch eine Reihe von Minispielen mit Musik und Charakteren aus dem Film wagen Sie sich in einem unterhaltsamen Abenteuer von Rosellas Insel nach Hause zum Küstenschloss des Prinzen!
Barbie Diaries, The - High School Mystery (USA)	Barbie und ihre Band Charmz freuen sich auf den High School Battle of the Bands, doch jemand sabotiert den Wettbewerb mit bedrohlichen SMS: „Hör auf, sonst passiert was!“ und ruiniert ihre Noten und die Bühne. Barbie lässt sich nicht abhalten und beginnt, die merkwürdigen Vorkommnisse zu untersuchen. Kann sie das Geheimnis lüften und ihre Freundschaften sowie die Band zusammenhalten, um am Battle of the Bands teilzunehmen und zu gewinnen? Die Spieler steuern Barbie aus der Third-Person-Perspektive in einer innovativen sozialen Strategiesimulation. Barbie muss Freundschaften schließen und Unterstützung gewinnen, um das Rätsel zu lösen. Finde Freunde, indem du gemeinsame Interessen entdeckst, Gespräche führst, Gefälligkeiten und Aufgaben erledigst sowie Rätsel und Aktivitäten löst. Erkunde dabei spannende High School-Schauplätze wie Klassenzimmer, Bibliothek, Computerraum, Gemeinschaftsräume und Musikzimmer.
Barbie Horse Adventures - Blue Ribbon Race (USA)	Stürz dich in ein aufregendes Pferdeabenteuer mit Barbie! Es ist wieder die Zeit für den großen nationalen Pferde-Wohltätigkeits-Pokal und du bist herzlich eingeladen. Bestehe das schwierige Querfeldein-Rennen, reite durch wunderschöne Landschaften und bestreite spannende Wettkämpfe. Nutze deine ganze Geschicklichkeit und weiche Felsen und Heubalen aus. Sammle Punkte und Power-Ups und dein Galopp wird schneller. Erlebe mit Barbie ein großartiges Pferdeabenteuer.
Barbie in the 12 Dancing Princesses (USA)	Erlebe mit Barbie als Prinzessin Genevieve ein entzückendes Abenteuer in einer zauberhaften Welt. Prinzessin Genevieve und ihre elf Schwestern lebten glücklich in einem wunderschönen Schloss, bis die böse Herzogin Roswitha einzog. Nun versucht Roswitha das Königreich an sich zu reißen! Sie hat den König vergiftet und die königlichen Prinzessinnen im ganzen Schloss versteckt. Nur du kannst mit Prinzessin Genevieve ihre Schwestern befreien und mit ihren einmaligen Geschenken das Königreich und ihren Vater retten.
Barbie Software - Groovy Games (USA)	Reisen Sie zu großartigen Orten und spielen Sie die coolsten Spiele! Fahren Sie zum Strand, um eine Partie Dame zu spielen, oder schauen Sie im Spielzeugladen vorbei, um Hangman auf eine ganz neue Art und Weise zu spielen! Nur Barbie kann diesen coolen Klassikern einen angesagten, neuen Stil verleihen! Mit neun Spielen zur Auswahl haben Sie stundenlangen Spaß für unterwegs!
Barbie Superpack - Secret Agent + Groovy Games (USA)	2 unterhaltsame Barbie-Spiele in einem! Secret Agent Barbie: Verbünde dich mit Secret Agent Barbie zu einem Superspionage-Abenteuer! Barbie: Groovy Games Besuchen Sie die Stadt mit Barbie und ihren Freunden für Spaß und Abenteuer!
Barnyard (USA)	Das Spiel hat mehrere verschiedene Spielkonten, von Missionen bis hin zu einem Minispielsystem. Der Spieler spielt das Spiel durch eine Sequenz von 9 Kapiteln als Nutztier seiner Wahl. Ein weiteres Nutztier konnte von Nickelodeon-Spielen freigeschaltet werden, als sie in das &quot;Crossover&quot;-Event aufgenommen wurden. Als der Spieler durch die Spielkapitel ging, begegnete er neuen Charakteren, öffnete neue Bereiche, bekam mehr Währung im Spiel usw. Der Spieler drehte den Barnyard um und erkundete die Zone(n), die das Spiel zu bieten hat, oder verfolgte die Geschichte und beendete die Missionen, indem er zum Stalltier ging, das einen Text an sein Handy schickte. Ich konnte diese Zeichen finden, indem ich den schnellsten Weg zu '!' auf der Karte suchte und dem '!' folgte.
Baseball Advance (USA)	Sega und THQ bringen Baseball zusammen auf den GBA. Mit den Modi Saison, All-Star, Playoff und Exhibition können Sie aus jedem Team und Spieler aus dem aktuellen Lineup (2001) der Major Baseball League auswählen. Sie haben auch vier Plätze zur Auswahl (Fenway Park, Safeco Field, Wingley Field und Pacific Bell Park).
Bass Tsuri Shiyouze! - Tournament wa Senryaku da! (Japan)	Virtuelle Angler rüsten sich mit authentischen Booten, Ruten und Ködern aus und werfen sie in das realistischste tragbare Angelspiel aller Zeiten. Die Spieler wählen aus einem von sieben exotischen Orten weltweit, um zu sehen, ob sie über die Fähigkeiten und die Geduld verfügen, um die intensivsten Angelkämpfe zu meistern, die man sich vorstellen kann.
Batman - Rise of Sin Tzu (USA) (En,Fr,Es)	In Batman: Rise of Sin Tzu steht Batman einem neuen Feind gegenüber, dem er noch nie zuvor begegnet ist. Der gesichtslose Bösewicht stürzt Gotham City in der Nacht des Jahrestages des Mordes an Bruce Waynes Eltern ins Chaos. Wer ist dafür verantwortlich, Gotham City zu verwüsten? Die Wahrheit wird enthüllt, nachdem Sie gegen böse Mächte und Superschurken gekämpft haben, darunter Bane, Clayface, Scarecrow und den neuen beeindruckenden Feind Sin Tzu. Zusätzlich zu Batmans Kampfkunstangriffen verfügt Batman über ein Arsenal, das den Batarang, den Greifhaken und Rauchgranaten umfasst.
Batman - Vengeance (USA) (En,Fr,Es)	Batman glaubt Mary zu retten - es stellt sich aber heraus, daß die gerettete Harley Quinn ist. Batman ist in eine Falle getappt, die der Joker ihm gestellt hatte. Die Falle schnappt nicht zu und der Joker flieht. Nach Jokers vermeintlichem Tod fegt eine Welle der Gewalt durch Gotham City. Batman entdeckt, dass beide Verbrechen miteinander verbunden sind und das der Joker seinen Tod nur vorgetäuscht hat, um Batman und den Rest von Gotham City manipuliern zu können. Wenn sein Plan erfolgreich ist, wird Gotham City niedergebrannt und Batman zur Verantwortung gezogen. Es liegt in Batmans Händen dem Joker Gerechtigkeit widerfahren zu lassen. Batmans Vengeance ist ein schnelles Adventure-Game in hervorragender Qualität rund um Gotham City.
Batman Begins (USA, Europe) (En,Fr,De,Es,It,Nl)	Verfolgen Sie die Geschichte des Films durch eine Vielzahl hochgradig interaktiver Ebenen, die sich über verschiedene Schauplätze erstrecken. Steuern Sie Bruce Wayne, während er im Himalaya trainiert, der überrascht wird, als er nur knapp einem Angriff auf seine Villa entkommt, und als Batman, der eine Vielzahl von akrobatischen Bewegungen und kombinierten Angriffen einsetzt. Kämpfen Sie gegen eine herausfordernde KI und setzen Sie die Geräte aus dem Bat Belt gegen Bosse wie Ra's Al Ghul und The Scarecrow ein. Das Spiel präsentiert eine reichhaltige grafische Umgebung voller interaktiver und Umgebungsobjekte, die Echtzeit-Beleuchtung und Alpha-Effekte nutzen.
Battle B-Daman (USA)	Der Eiji Inuki-Anime kommt in Form eines Rollenspiels auf den GBA, in dem Monster eine besondere Rolle spielen: Kreaturen trainieren und verbessern im Pokémon-Stil. In Battle B-Daman werden wir den jungen Yamato kontrollieren und mit seiner Cobalt Blade die B-DaWorld aus der Shadow Alliance befreien und im Übrigen Turniere gewinnen und berühmt werden.
Battle B-Daman - Fire Spirits! (USA)	In diesem Actionspiel, das auf der Spielzeugserie basiert, spielst du einen Jungen namens Yamato, der seine B-Daman-Maschinen über alles liebt. Sie treten in B-Daman-Kämpfen gegen Yamatos Konkurrenten an und setzen Spezialangriffe ein, um als Sieger hervorzugehen. Im Laufe des Spiels kannst du deine Maschinen anpassen und Yamato aufziehen. Auf seinen Reisen trifft Yamato sowohl bekannte als auch unbekannte Charaktere, darunter den warmherzigen Alan und den finster dreinblickenden Goblin. Nur wenige haben das Zeug dazu, ein B-Daplayer zu werden; wird Yamato der B-Dachampion werden?
Battle X Battle - Kyodai Gyo Densetsu (Japan)	Battle x Battle: Kyoudai Uo Densetsu is ein Angelspiel, das nur in Japan 2003 erschien. Das Ziel ist es, mehr Fische als sein Gegner zu angeln.
BattleBots - Beyond the BattleBox (USA)	Basierend auf der beliebten amerikanischen TV-Serie geht in es in Battlebots um Kämpfe mit ferngesteuerten Robotern. In der Show treten die Kandidaten mit selbstgestalteten Robotern in schnellen und erbarmungslosen Kämpfen gegeneinander an, um den gegnerischen Roboter möglichst schnell zu zerstören. Neben dem Entwickeln des besten Roboters geht es auch um die Fähigkeiten der Kandidaten, diesen möglichst gut zu steuern und geschickte Manövertaktiken zu entwickeln, um den gegnerischen Attacken auszuweichen und ihm größtmöglichen Schaden zu zufügen. Der Wettbewerb findet in einem stählernen Käfig, der BattleBox, statt, die für die Sicherheit der Außenwelt und härteste Bedingungen im Inneren sorgt. Im Spiel steuert der Spieler einen seinen favorisierten BattleBots der TV Show oder kreiert seinen eigenen BattleBot. Mit der Siegesprämie kann dann der BattleBot weiter verbessert werden.
BattleBots - Design & Destroy (USA)	Betreten Sie das Roboter-Chaos von BattleBots: Design & Destroy, das exklusiv für den Game Boy Advance entwickelt wurde. Basierend auf der gleichnamigen TV-Show BattleBots haben Sie mit dem Spiel die Kontrolle über Ihre Lieblingsroboterfahrzeuge, darunter Overkill, Tazbot, Diesector, Minion und mehr. Sie können als einer der Kämpfer in der TV-Show spielen oder Ihren eigenen BattleBot aus sechs Kategorien von Teilen und Waffen erstellen. Sehen Sie, wie gut Ihre Maschine gegen bis zu vier BattleBots abschneidet.
Battletoads (USA) (Proto)	Battletoads ist ein unveröffentlichter Titel für den Game Boy Advance. Die Entwicklung des Spiels ging nie über den Alpha-Status hinaus, aber eine Prototyp-ROM ist aufgetaucht. Das Spiel sollte vorgerenderte Sprites verwenden, ähnlich wie in den Donkey Kong Country-Titeln. Der Prototyp enthält nur Sprites für Rash, der für die Verwendung von Kleidung neu gestaltet wurde, sowie die Psyko Pigs, die Walker mit Waffen und Drachen neu gestaltet haben. Nur zwei Etappen stehen kurz vor dem Abschluss, die erste ist ein Remake von Ragnaroks Canyon und die zweite eine seitlich rollende Eishöhle, die den Artic Caverns ähnelt. Die meisten verbleibenden Grafiken im Prototyp sind Platzhalter.
Beast Shooter - Mezase Beast King! (Japan)	Du schießt mit deinem Shooter Rahmen aus, die „Beasts“ genannt werden, und schießt die gegnerischen Könige vom Feld. Passen Sie Ihre Bestie an und versuchen Sie, das Turnier zu gewinnen.
Bee Game, The (USA)	Eines Nachts, der Mond ist längst hoch am Himmel aufgegangen, Maja schläft tief im Bienenstock und träumt von ihren Abenteuern am nächsten Tag. Ein heftiger Sturm weht über die Klatschmohnwiese, der deren Bewohner in arge Nöten bringt und einige von Majas und Willis besten Freunden dabei in alle vier Winde weht! davon bekommt Maja in ihrem tiefen Schlummer zunächst nichts mit bis der Sturm sich verzieht, alsdann beschließen die beiden unzertrennlichen Bienen ihre Freunde wieder zurück zu bringen, entdecken dabei so manche Herausforderung und erleben einige spannende Abenteuer! Spielen Sie als Maja oder Willi im Comeback auf dem GBA.
Berenstain Bears and the Spooky Old Tree, The (USA)	Die Berenstain-Bärenserie mit ihren Büchern und Fernsehsendungen erfreut seit über vier Jahrzehnten Kinder auf der ganzen Welt. Jetzt, mit dem Segen der Schöpfer Stan und Jan Berenstain, machen Bruder Bär, Schwester Bär und Cousin Fred den Sprung zur interaktiven Unterhaltung für eine neue Generation von Kindern. Die Berenstain-Bären und der gruselige alte Baum ist das krokodil-, spinnen- und fledermausverseuchteste Spiel in der Geschichte des Gruselns! Als die Bären in ein Gewitter geraten und sich verirren, suchen sie Schutz in einer mächtigen, krummen alten Eiche im Herzen eines dunklen Waldes. Diese riesige Eiche entpuppt sich als der &quot;Spooky Old Tree&quot;, und ohne einen Moment der Ruhe müssen die Bären zusammenarbeiten, um sich den vielen furchterregenden Bestien zu stellen, die darin wohnen.
Best Play Pro Yakyuu (Japan)	Vous devenez le manager d'une équipe de baseball professionnelle et prenez en charge l'équipe pour remporter la course au fanion. Vous pouvez créer vos propres joueurs originaux et les utiliser dans la ligue et les courses au fanion.
Beyblade G-Revolution (USA)	Das neue Beyblade Gameboy Advance Game zur Erfolgsserie auf RTL2! Beyblade Grevolution ist ein echtes RPG Battle Adventure Game, in dem die Spieler die Rolle des Helden aus der Serie, Tyson, übernehmen. Im Laufe des Spiels entwickelt sich der Charakter immer mehr und der Spieler wird schließlich zum echten Beyblade-Champion. Die Geschichte von Beyblade Grevolution basiert auf der dritten Staffel der TV-Serie.
Beyblade V-Force - Ultimate Blader Jam (USA)	Aufgepasst Beyblader: Dies ist die Chance, ein Champion zu werden. Stürze dich als dein Beyblade-Lieblingsheld in die Schlacht, oder bezwinge deine Gegner mit selbstgebauten Spezialblades. Zum Sieg brauchst du Stärke, Ausdauer und natürlich mächtige Bit-Beasts.
Bibi Blocksberg - Der Magische Hexenkreis (Germany)	Einen Tag allein zu Hause - Das ist der Traum einer jeden kleinen Hexe... Die ganze Stadt ist wie verhext. Verhext? Bibi hat nur noch einen Gedanken: Sollte ihr Hexspruch etwas damit zu tun haben? Abwechslungsreiches Gameplay mit aufwändigen Grafikeffekten. 13 Levels in 10 unterschiedlichen Grafik-Sets. Isometrische Levels in Kombination mit Sidescroller-Sequenzen. Zusätzlich 6 Minispiele die auch unabhängig gespielt werden können.
Bibi und Tina - Ferien auf dem Martinshof (Germany)	In den Herbstferien gibt es eine wirklich &quot;tierische&quot; Überraschung für Bibi und Tina: Ein kleiner Hund taucht auf dem Martinshof auf. Natürlich schließen die beiden den süßen Außreiser sofort ins Herz. Bis der Besitzer gefunden ist, müssen sich die beiden nun um ihren Findelhund kümmern. Um genügend Hundefutter für den Kleinen aufzutreiben, suchen sich Bibi und Tina verschiedene Ferienjobs. Plötzlich haben Sie alle Hände voll zu tun - denn neben den Jobs dürfen sie ja auch ihre Pferde und die Aufgaben auf dem Martinshof nicht vernachlässigen! Hilf Bibi und Tina, das alles zu schaffen - füttere die Pferde, reinige die Boxen, kümmere dich um den Gemüsegarten und die Blumenpflege. Auch bei ihren Ferienjobs brauchen die beiden deine Hilfe. Und natürlich darfst du nicht vergessen, dich um den kleinen Hund zu kümmern!
Bible Game, The (USA)	The Bible Game für den Game Boy Advance ist ein Quizspiel, das das Bibelwissen der Spieler testet und Action/Abenteuer mit Quizfragen kombiniert. Auf ihrer Suche nach der Rüstung Gottes können die Spieler entweder als Billy oder als Jenny durch sieben Levels spielen, darunter Wald, verschneite Tundra, Wüste und tropische Inselumgebung. Auf ihrem Weg müssen sie Fragen aus dem Alten und Neuen Testament beantworten. Es kann entweder die New International Version oder die King James Übersetzung der Bibel gewählt werden und drei Schwierigkeitsstufen machen das Spiel für alle Altersgruppen zugänglich.
Big Mutha Truckers (USA)	Miss Jackson hat angekündigt, sich nach einem ausschweifenden Leben nun endlich zur Ruhe zu setzen. Doch wer wird der neue Besitzer von &quot;Mutha Truckers Inc.&quot;? Die Wahl wird nicht ganz einfach werden. Doch Ma Jackson hat sich dafür eine spezielle Aufgabe einfallen lassen: Derjenige, der innerhalb von 60 Tagen in Hick State Country das meiste Geld zusammenbringt wird zukünftig die Herrschaft über das Mutha Truckers Inc. Imperium haben. Bist du Manns genug für diese Aufgabe?
Bionicle (USA)	Bionicle: The Game (auch bekannt als Lego Bionicle und auf dem Cover einfach Bionicle genannt) ist ein Action-Adventure-Videospiel, das 2003 veröffentlicht wurde. Das Spiel basiert auf Teilen des Films Bionicle: Mask of Light und anderen Teilen des Bionicle Handlung. Ursprünglich sollte das Spiel jeden Toa, Toa Nuva und den Toa des Lichts spielbar machen, aber aufgrund von Fristen wurde ein Großteil des Spiels eingestellt. Alle Charaktere sind jedoch in der Game Boy Advance-Version spielbar. Die Mac OS X-Version des Spiels wurde von Feral Interactive veröffentlicht.
Bionicle - Matoran Adventures (USA, Europe) (En,Fr,De,Es,It,Nl,Sv,Da)	BIONICLE: Matoran Adventures bietet eine unterhaltsame Funktion zum Wechseln der Charaktere, die den Spielern hilft, in jedem der sechs Levels des Spiels voranzukommen. Die Spieler beginnen als Matoran und schalten im Laufe des Spiels weitere Matoran-Charaktere frei. Die Turaga mit ihren einzigartigen Kräften können im Laufe des Spiels aufgesammelt“ werden, um dem Spieler durch eine elementare Gefahr wie einen Lavapool zu helfen oder einen Schalter für eine geheime Tür zu aktivieren. Einmal gefunden, folgt der „aufgesammelte“ Turaga dem Spieler auf seinem Abenteuer.
Bionicle - Maze of Shadows (USA)	Sechs Helden, die Toa Metru, suchen nach einer mysteriösen Kraft, mit der sie die schlafenden Menschen, die so genannten Matoran, erwecken können. Nachdem sie das tödliche Labyrinth der Schatten betreten haben, beginnt das Abenteuer für die Toa Metru in einem Reich voller Fallen und Rätsel. Gefangen genommen von den bösartigen Karzahni, bleibt den Toa Metru nichts anderes übrig, als einen Weg in das Herz des Labyrinths zu suchen. Der Spieler bekommt hierbei die Möglichkeit, alle sechs Helden der Toa zu spielen und diese durch die einzelnen Areale zu führen. Hier kann er in zahlreichen Kämpfen seine Erfahrung steigern und mit den gefundenen Disks seine Strategie an den nächsthöheren Gegner anpassen.
Bionicle Heroes (USA) (En,Fr,De,Es,It,Da)	Lego Bionicle Heroes entführt den Spieler auf die mysteriöse Insel Voya Nui. Hier schlüpft er in die Rolle der heldenhaften Toa Inika, um die heimtückischen Piraka zu besiegen und die Zukunft der Insel zu sichern. Die sechs Piraka haben die Bewohner der Insel versklavt und die allmächtige Maske des Lebens gestohlen. Die mysteriösen und gefährlichen Mächte der Maske des Lebens haben die Bewohner der Insel in boshafte Kreaturen verwandelt, die zum Teil seit Jahren nicht mehr gesehen wurden. Der Spieler schlüpft in die Rolle der Helden, um die sechs Piraka zu besiegen und der Insel den Frieden zu bringen.
bit Generations - Boundish (Japan) (En)	bit Generations: Boundish ist ein Game Boy Advance Videospiel, das im Juli 2006 veröffentlicht wurde. Es wurde als Teil der bit Generations-Spiele veröffentlicht, und wurde nur in Japan veröffentlicht. Das Spiel kann leicht mit dem Spiel Pong verglichen werden, obwohl es viele Gameplay-Unterschiede, grafische Verbesserungen (obwohl die Grafiken selbst absichtlich primitiv sind) und Sounds aufweist. Im Spiel übernimmst du die Kontrolle über zwei Schläger, die sich jeweils bewegen, wenn der andere es tut. Ziel ist es, den Ball innerhalb des Spielfelds zu halten. Wenn Sie ihm erlauben, das Spielfeld zu verlassen, ist das Spiel vorbei. Insgesamt gibt es fünf Etappen, die alle unterschiedliche Konzepte enthalten, aber alle das gleiche Ziel haben. In Wild Go Round steuern Sie zum Beispiel einen Ball auf einer sich bewegenden Schallplatte. Da sich die Platte bewegt, ändert sie in entscheidenden Momenten die Richtung des Balls, so dass der Spieler schnell sein und angemessen handeln muss. Insgesamt umfasst das Spiel die Modi Pool Flower, Box Juggling, Power Slide, Human League und Wild Go Round. Spieler, die im Mehrspielermodus spielen möchten, können sich mit nur einer einzigen Cartridge mit einem anderen Game Boy Advance verbinden. Im Mehrspielermodus stehen alle Stages außer Box Juggling zur Verfügung.
bit Generations - Coloris (Japan) (En)	bit Generations: Coloris ist ein Game Boy Advance-Videospiel, das ausschließlich in Japan veröffentlicht wurde. Es war Teil der zweiten Serie von bit Generations-Videospielen und ist einfach nur ein einfaches Puzzle-Videospiel. In dem Spiel musst du drei gleichfarbige Spielsteine nebeneinander legen, um sie loszuwerden. Anders als bei den meisten Spielen dieser Art tauscht man die Kacheln jedoch nicht aus, sondern beginnt, die Farbe der Kachel zu ändern, indem man mit dem Cursor auf sie drückt. Bei jedem Spielschritt wird der Cursor eine der drei Farben anzeigen, die gerade im Spiel sind. Wenn es ein rotes, blaues und violettes Plättchen gibt, wird ein blaues Plättchen, auf das man mit dem roten Cursor drückt, nicht automatisch in diese Farbe umgewandelt, sondern eher in violett. Drückt man jedoch immer wieder mit dem roten Cursor auf das Plättchen, so wird es schließlich zu einem roten Plättchen. Im Laufe des Spiels, in dem es mehr als nur drei verschiedene Farben gibt, steigt der Schwierigkeitsgrad.
bit Generations - Dialhex (Japan) (En)	bit Generations: Dialhex ist ein Game Boy Advance Videospiel, das 2006 von Nintendo und skip, Ltd. veröffentlicht wurde. Das Spiel war Teil der ersten Serie von bit Generations-Spielen. Das Spiel wurde nicht in Amerika oder Europa veröffentlicht, aber ein Remake des Spiels mit dem Titel Art Style: ROTOHEX für den Wii-Dienst WiiWare wurde zwei Jahre später, 2008, veröffentlicht. Das Remake war etwas anders, aber für Fans von Dialhex sofort wiedererkennbar.
bit Generations - Digidrive (Japan) (En)	Ziel des Spiels ist es, den scheibenförmigen Kern so viele Meter wie möglich voranzutreiben, bevor der Kolben mit dem Kern zusammenstößt und das Spiel beendet. Der Spieler muss bis zu drei verschiedene Arten von &quot;Fahrzeugen&quot;, jedes in einer anderen Farbe, in eine von vier verschiedenen Bahnen lenken. Wenn fünf gleiche Fahrzeuge die gleiche Spur füllen, erscheint ein Dreieck und die Spur wechselt die Farbe des Fahrzeugtyps, der diese Spur betreten hat.
bit Generations - Dotstream (Japan) (En)	Bei Dotstream führen die Spieler ihren Punkt, der eine Linie hinter sich herzieht, durch eine Strecke mit Hindernissen wie Quadraten, Rechtecken und Kreisen. Die Rennen (auch als &quot;Draw&quot; bezeichnet) dauern in der Regel 2 Runden. Dotstream bietet drei Modi: Grand Prix, Spot Race und Formation. Grand Prix gilt als das &quot;Hauptspiel&quot;, bei dem die Spieler auf fünf Rundkursen um die Wette fahren, wobei in diesem Modus neue Zeichnungen freigeschaltet werden. Spot Race ist ein Zeitangriffsmodus, der sich auf freigeschaltete Zeichnungen konzentriert. Bei Formation beginnt der Spieler mit einem Punkt und muss kleine Kügelchen sammeln, um einen Zähler zu füllen. Wenn der Zähler ausreichend gefüllt ist, erscheint ein weiterer Punkt, der beim Einsammeln der Kügelchen hilft. Während nur der Punkt des Spielers direkt gesteuert werden kann, können weitere Punkte durch Gedrückthalten der entsprechenden Formationstaste manipuliert werden.
bit Generations - Orbital (Japan) (En)	Orbital ist ein Game Boy Advance Videospiel, das exklusiv in Japan als Teil der zweiten Serie von Bit Generations Titeln veröffentlicht wurde. Es ist ein innovativer Titel, bei dem der Spieler in jeder Phase eine Vielzahl von Planeten zusammenfügen muss, um einen großen Felsen zu erschaffen. Es wurde auf WiiWare unter dem Titel Art Style: ORBIENT neu aufgelegt und war der erste von mindestens drei Titeln, die in der Art Style-Serie veröffentlicht wurden.
bit Generations - Soundvoyager (Japan) (En)	Soundvoyager soll von blinden Spielern gespielt werden können, indem sie nur den Ton benutzen, ohne auf den Bildschirm der Konsole zu schauen. Das Spiel besteht aus mehreren verschiedenen Unterspielen. In einem davon müssen die Spieler versuchen, einen Punkt auf einer seitlich scrollenden Bühne über einem unsichtbaren Ziel zu zentrieren, indem sie nur die Geräusche des linken und rechten Lautsprechers zur Orientierung nutzen, und in einem anderen versucht der Spieler, auf einer dreispurigen Straße in die falsche Richtung zu fahren und entgegenkommenden Fahrzeugen auszuweichen, indem er darauf achtet, auf welcher Spur sie sich befinden.
Black Belt Challenge (Europe)	Black Belt Challenge ist ein 2D-Kampfspiel für den Nintendo Game Boy Advance. Es gibt 11 verschiedene Charaktere und jeder hat seinen eigenen Level. Das Spiel bietet Spielmodi wie Arcade, Challenge, Survival, Training und einen VS-Modus, in dem man gegen einen Gegner über das Link-Kabel kämpfen kann. Die im Herausforderungsmodus gesammelten Münzen können in der Kunstgalerie ausgegeben werden, um zusätzliche Funktionen freizuschalten. Die Cartridge unterstützt eine Speicheroption, um den Spielfortschritt zu speichern.
Black Black - Bura Bura (Japan)	Das Ziel ist es, Dämonen zu überreden, sich deinem Team anzuschließen und den Dämonenkönig zu besiegen, während du den Kerker erkundest. Indem du kompatible Dämonen zusammenbringst und sie miteinander vermischst, kannst du mächtige Dämonen erschaffen.
Black Matrix Zero (Japan)	Black Matrix Zero kombiniert taktisches Standard-RPG-Gameplay mit einer Anspielung auf jüdisch-christliche religiöse Themen, insbesondere in Bezug auf die Natur von Gut und Böse und das Zusammenspiel zwischen Himmel, Hölle und Erde und deren Bewohnern. Das Spiel spielt in der gleichen fiktiven Welt wie das ursprüngliche Black/Matrix-Spiel, allerdings Hunderte von Jahren zuvor. Drei Abteilungen der Menschheit teilen sich dieselbe Welt - Menschen mit weißen Flügeln, die Engel genannt werden, Menschen mit schwarzen Flügeln, die Teufel genannt werden, und Menschen ohne Flügel. Diejenigen, die Flügel haben, verfügen über große Kräfte und schenken den flügellosen Menschen wenig Beachtung. Die Engel regieren die Welt über eine religiöse Organisation namens Prodevon Church, die sich sowohl der Kooperation als auch der Ignoranz der flügellosen Menschen versichert.
Blackthorne (USA)	Ein einzelner Krieger steht dem Königreich des Bösen gegenüber. Mit einer Schrotflinte bewaffnet, und durch Rache beseelt - übernehmen Sie die Rolle von Kyle Blackthorne. Befreien Sie das unterjochte Volk und kämpfen sich den Weg frei durch dämonische Horden von Mutanten, um die Wurzel allen Übels zu besiegen. Das Schicksal der Welt liegt in Ihren Händen!
Blades of Thunder (USA)	Ein US-Aufklärungsteam berichtet, dass eine terroristische Zelle einen Großangriff im Nahen Osten plant, um die Ölraffinerien der Golfstaaten zu überrennen und damit den weltweiten Terror zu finanzieren. Um unsere Freiheit zu sichern, müssen Sie diese Bedrohung aufspüren und zerstören, bevor sie zuschlägt. Übernehmen Sie das Kommando über ein tödliches Kanonenboot, um Amerikas Zorn mit der stahlummantelten Wut der tödlichsten Waffensysteme von heute zu bekämpfen.
Bleach Advance - Kurenai ni Somaru Soul Society (Japan)	Bleach Advance: Kurenai ni Somaru Soul Society, das auf der Manga- und Anime-Serie Bleach basiert, ist ein Kampfspiel und bietet sowohl einen Einzelspieler-Story-Modus als auch einen Überlebensmodus.
Blender Bros. (USA)	Blender Bros. ist ein schrulliges, rasantes Actionspiel mit futuristischen und bizarren mutierten Tieren, die um die Herrschaft über das Universum kämpfen. Schaffe als Blender, dem Anführer der Cosmos Keepers, mehrere Level in verschiedenen Welten und benutze seine superlangen Ohren, um Gegenstände zu greifen, zu kämpfen und zu fliegen. Sammle Mini Bros. ein, um Power-Ups zu erhalten, und schließe dich dann mit anderen Cosmos Keepers zusammen, um die bösen Zooligans zu besiegen. Im Mehrspielermodus können bis zu vier Spieler ihre Game Boy Advance-Systeme mit dem Game Link-Kabel verbinden und Minispiele mit nur einem Game Pak spielen.
BMX Trick Racer (USA)	Die Spieler fahren Rennen und zeigen Tricks auf 15 Straßen- und Schotterpisten in einzigartigen BMX-Umgebungen, die durch Städte, Dschungel, Wüsten, Berge, Schnee und Eis führen. Ziel ist es, mit echten BMX-Tricks und ein paar unwirklichen Tricks so viele Punkte wie möglich zu sammeln und dabei Hindernisse zu überwinden, die es in anderen BMX-Spielen nicht gibt, wie z. B. Rampen, Federn und einstürzende Brücken. Im Einzelspielermodus tritt man gegen fünf andere Biker an, die einen bis an die Grenzen des Machbaren treiben, um wie ein Profi zu fahren.
Board Game Classics (USA)	Board Game Classics enthält die Spiele Schach, Dame und Backgammon. In jedem dieser Spiele kann man entweder auf einen von drei Schwierigkeitsstufen gegen einen KI-Gegner spielen, oder gegen seine Freunde; dem KI-Gegner beim Spielen zusehen, oder ein Turnier gegen den KI-Gegner veranstalten. Man kann ebenfalls einen Avatar, Spielfigurensatz und Spielbrett aussuchen. Optionale Varianten der Spielregeln beinhalten erzwungene Sprünge bei Dame, Rochade und En Passant bei Schach, und Backgammon Scoring und automatische Verdopplung in Backgammon.
Boboboubo Boubobo - Ougi 87.5 Bakuretsu Hanage Shinken (Japan)	Based on the manga and anime series Bo-bobo. This is the first Game Boy Advance game in the series, as well as the first Bo-bobo video game title overall.
Boktai - The Sun Is in Your Hand (USA)	Boktai: The Sun Is in Your Hand ist das erste Game Boy Advance-Spiel, das Sonnenlicht zur Beeinflussung des Gameplays nutzt. Im Spiel verfolgen Sie die Abenteuer von Django, einem jungen Vampirjäger auf der Suche nach der Befreiung der Welt vom Bösen. Als Django musst du Fallen überwinden, Feinde besiegen und dich durch die tiefsten Teile der Dungeons kämpfen. Achten Sie auf die Menge an Sonnenlicht – Django ist tagsüber stärker, während die Vampire nachts stärker sind. Das Spiel verfügt über einen Sonnensensor auf der Patrone und ein Echtzeituhrsystem.
Boktai 2 - Solar Boy Django (USA)	Boktai 2 ist die Fortsetztung zu Hideo Kojimas innovativen Action-Adventure, welches Sonnenlicht in das Spielgeschehen miteinbezieht. Der Spieler schlüpft erneut in die Rolle von Django, dem Solar Boy, und muss die Welt von Boktai ein weiteres Mal erkunden. Dabei erleben die Spieler fantastische Rätsel gepaart mit dem typisch genialen wie ideenreichen Gameplay von Hideo Kojima.
Bomberman Max 2 - Blue Advance (USA)	Rette als Max die Welt! Bomber Base auf dem Planeten Bomber...Bomberman und Max werden von Mujoe, dem Anführer der HIGE HIGE Banditen, mit Hilfe einer geheimen Waffe auf die Größe einer Ameise geschrumpft. Um wieder auf normale Größe zu wachsen begeben sich Bomberman und Max auf die Suche der mysteriösen &quot;Mini Mini&quot;-Waffe. Das neuste Abenteuer beginnt!
Bomberman Max 2 - Red Advance (USA)	Bomberman tut sich erneut mit Max zusammen, um den bösen Mujoe zu besiegen. Doch bevor sie Glück haben, dreht Mujoe den Spieß um und lässt die Helden zu winzigen Lebewesen werden. Jetzt durchqueren sie die Level, sprengen Hindernisse und gelangen zum Ausgang, um schließlich das Gerät zu zerstören und zur normalen Größe zurückzukehren.
Bomberman Tournament (USA, Europe)	Am Rande der Galaxie befindet sich ein kleiner Planet namens Phantarion. Aus der Intro-Szene zu Beginn des Spiels geht hervor, dass fünf Meteore (die 5 Dastardly Bombers) auf dem Planeten angekommen sind. Bald darauf wurde eine Festung mit einem großen Turm errichtet, und das ganze Land um sie herum begann neben der Festung immer mehr zu frieren. Die Leute von Phantarion schickten einen Hilferuf, den Professor Ein erhielt, und er schickte Bomberman Max, um Nachforschungen anzustellen. Als Max den Planeten erreicht hat, macht er sich auf den Weg zur Basis des Turms. Sobald er drinnen ist, wird er mit einer riesigen vogelförmigen Kreatur konfrontiert (die später als einer der 5 düsteren Bomber in einem verwandelten Zustand angesehen wird). Max wird mit einem Schlag vom Vogel besiegt und irgendwo in den Turm geschickt. Als Professor Ein eine Woche später mit Bomberman Kontakt aufnimmt, teilt ihm Bomberman mit, dass sie jeglichen Kontakt zu Max verloren haben. Dann wird Bomberman von Professor Ein zum Turm der Phantarion-Festung geschickt, um Max zu finden und zu retten. Danach beginnt er damit, vom Spieler behandelt zu werden.
Bouken Yuuki Pluster World - Pluston GP (Japan)	Dieses Spiel, das am selben Tag wie „The Legendary Plaster World“ veröffentlicht wurde, ist ein Autorennspiel aus der 3D-Perspektive und weniger ein Rollenspiel. Die Einstellung von Figuren auf dem Lesegerät kann Ihnen einen Vorteil bei der Spielentwicklung verschaffen. Die Verwendung von Gips macht die Strecke flüssiger und umgekehrt. Viel Spaß mit den verschiedenen Kombinationen.
Boulder Dash EX (USA)	Boulder Dash EX ist ein Puzzle-Spiel für den Gameboy Advance. Das Ziel des Spiels ist einfach: Du musst eine bestimmte Anzahl von Edelsteinen einsammeln, um eine Tür zum nächsten Level erscheinen zu lassen. Natürlich ist der Schwierigkeitsgrad progressiv. Du musst auch verschiedene Boni sammeln, die hier und da verstreut sind.
Boxing Fever (USA, Europe)	Ein Boxspiel im Arcade-Stil von Majesco. Boxing Fever bietet acht spielbare Charaktere in verschiedenen Modi, darunter Meisterschaft, Training, verknüpftes Spiel und mehr. Enthalten sind fünf verschiedene Schaltkreise zum Kämpfen und einige versteckte Charaktere zum Freischalten. Das Spiel wird im &quot;In your Face Viewpoint&quot; gespielt und bietet detaillierte 3D-Grafiken und Bewegungseffekte. Das Gameplay beinhaltet eine Vielzahl von Boxbewegungen und jede Menge Combos.
Bratz (USA) (En,Fr,Es)	Dies ist ein Tanzspiel, bei dem du eines der 5 Bratz-Mädchen sein kannst. Du kannst üben oder dir deinen Weg durch das Bratz-Turnier bahnen. Es gibt einen wettbewerbsfähigen Tanzmodus und einen Nachahmungsmodus, in dem du mit deinen Freunden Spaß haben kannst.
Bratz - Babyz (USA)	Mach einen Schritt zurück in die Vergangenheit und geh mit den Bratz aus, um zu sehen, wie alles begann, wie sie sich mit ihrem einzigartigen Sinn für Stil und viel Baby &quot;Brattitude&quot; ausdrücken. Nimm an vielen lustigen Abenteuern teil, während du Cloe, Jade, Sasha und Yasmin dabei hilfst, den Hund ihrer Freunde, Snappy, vor dem Tyrannen der Kindertagesstätte, Duane, zu retten.
Bratz - Forever Diamondz (USA)	Die Bratz im Diamantenfieber! Cloe, Jade, Sasha und Yasmin sind zurück in einem brandneuen Abenteuer. Diesmal sind sie die Stars in der Fernseh-Show &quot;America Rocks Fashion&quot;, in deren Auftrag sie durch ganz Amerika reisen und den angesagtesten jungen Mode-Designer des Landes suchen. Ihre Reise führt die Bratz quer durch die USA und stellt sie vor immer neue Herausforderungen, die es stilsicher zu meistern gilt. Natürlich stehen dabei das richtige Outfit und die neuesten Trends im Mittelpunkt des Geschehens! Kleine Minispiele, wie z. B. Eistanzen oder die Aufzucht eines eigenen Haustiers runden Bratz: Forever Diamondz ab und machen es zum idealen Geschenk für junge GBA-Spielerinnen! Features: * Cloe, Jade, Sasha und Yasmin können gespielt werden und erleben jeweils individuelle Abenteuer! * Im Eislaufwettbewerb wird die Prinzessin auf dem Eis gesucht! * Erstmals kann ein eigenes Haustier aufgezogen, mit Kleidung und anderen Accessoires ausgestattet werden! * Auf speziellen Wettbewerben kann man das eigene Haustier dann sogar vorstellen! * Komplett in Deutsch.
Bratz - Rock Angelz (USA, Europe)	Bratz: Rock Angelz erweckt die beliebte Modepuppen-Reihe zum Leben und sorgt für lustige und ermutigende Abenteuer. Tauche tief in die Welt der Bratz ein, wenn sie sich auf der Suche nach spannenden Geschichten auf eine Reihe von Reisen begeben, um sich inspirieren zu lassen und ihr eigenes Modemagazin zu erstellen. Merkmale & Details * Spiele als eines der vier Bratz Girls und erlebe verschiedene Abenteuer * Passe die Haare, das Make-up und die Outfits der Bratz Girls an, während du die neuesten Modetrends einkaufst * Reise an exotische internationale Orte, um die heißesten Geschichten zu recherchieren und dein eigenes Modemagazin zu erstellen * Chatte von Angesicht zu Angesicht mit den Bratz-Charakteren in ihrer eigenen Welt
Bratz - The Movie (USA)	Die Bratz machen auch auf dem roten Teppich in Hollywood eine gute Figur! Nach langer und harter Arbeit an der eigenen Rockband-Karierre und dem eigenen Mode-Magazin haben Chloe, Jade, Sasha und Yasmin in Bratz: The Movie die einmalige Möglichkeit, die Stars in ihrem eigenen Film zu sein!
Breath of Fire (USA)	Das Spiel beginnt mit einer Konfrontation der Light Dragons mit den Dark Dragons. Die Truppen des Imperators Zog - ein Dark Dragon - überfallen das Dorf der Light Dragons, dabei wird Ryus Schwester gefangen genommen. Ryu beginnt seine Reise zunächst nur um Zog davon abzuhalten die Welt komplett zu erobern. Während seiner Reise schließen sich ihm sieben weitere Krieger an. Dabei erfahren sie, dass Zog die göttlichen Schlüssel sammelt. Mit diesen sieben Schlüsseln haben einst die Light Dragons die Göttin der Zerstörung, Tyr, eingesperrt und mit ihnen kann sie auch wieder befreit werden. Tyr ist so mächtig, dass sie die ganze Welt zerstören könnte. Es beginnt ein Kampf um die göttlichen Schlüssel und zur Rettung der Welt.
Breath of Fire II (USA)	Ryu war ein kleiner Junge, der sich an ein seltsames Dorf in der Ferne und ein magisches Tor erinnert, durch das er gesogen wurde. Doch das sind nur ferne Erinnerungen. Ryu und sein bester Freund Bow sind Lehrlinge in der Waldläufergilde. Als Abenteurer übernehmen sie Aufträge, die von den Stadtbewohnern benötigt werden. Es dauert jedoch nicht lange, bis ein Auftrag schief geht und Bow beschuldigt wird, einen wertvollen Gegenstand gestohlen zu haben. Um den Namen seines Freundes reinzuwaschen und die Bedeutung seiner Träume zu finden, erkundet Ryu die Welt und entdeckt schließlich die Bedeutung seiner Träume und verborgene Fähigkeiten in sich selbst. Breath of Fire II ist ein Rollenspiel. Der größte Teil des Spiels wird von einer Top-Down-Karte aus gespielt, aber die Kämpfe werden aus einer isometrischen Ansicht gesehen. Ryu bildet Gruppen aus 8 anderen Charakteren, jeder mit seinen eigenen Fähigkeiten und Kräften, die ihm helfen werden.
Britney's Dance Beat (USA)	Britney's Dance Beat ist ein Rhythmusspiel für den Gameboy Advance. Spielen Sie als einer der sechs Tänzer, die um die Teilnahme an der internationalen Tournee der Pop-Ikone Britney Spears konkurrieren. Drücken Sie im Rhythmus der bekanntesten Lieder die Tasten, um Ihren Wert unter Beweis zu stellen, und treten Sie dann im Mehrspielermodus gegen Ihre Freunde an.
Broken Circle (Europe) (En,It) (Proto)	Das Märchen erzählt die Geschichte des Landes Midgard, das nie ein ruhiges Land des Friedens war, da viele Kriege im Land gewütet haben. In den letzten Monaten ist die Gewalt von Menschen und Monstern eskaliert, und die Monster sind viel gefährlicher geworden. Erdbeben begannen das Land zu erschüttern. Propheten behaupten, dies sei das Zeichen von Ragnarök, dem Tag, an dem Menschen und Monster gleichermaßen sterben werden. Freunde und Feinde werden deinen Weg kreuzen. Wirst du deine Reise überleben, um Hagen, den zaubernden Geisterbeschwörer, den offensichtlichen Verursacher der Unruhen in Midgard, zu bekämpfen und zu besiegen? Oder wird die Jägerbestie aus der Hölle, die dich verfolgt, dich auf deiner Reise aufhalten?
Broken Sword - The Shadow of the Templars (USA) (En,Fr,De,Es,It)	Ein ruhiger Drink in einem Pariser Café ist für den jungen Amerikaner George Stobbart der Beginn eines mysteriösen Point and Click Adventures. Unwissentlich wird er in ein Netz archaischer und finsterer Verschwörungen hineingezogen, deren Ursprünge bis ins frühe 14. Jahrhundert und den tödlichen Orden der Tempelritter zurückreichen. Tauchen Sie ein in ein globales Adventure-Spiel, lösen Sie kryptische Rätsel und kämpfen Sie ums Überleben. Erfreuen Sie sich an über 60 wunderschön animierten Charakteren an über 70 atemberaubenden, handgezeichneten Orten.
Brother Bear (USA)	Disney's Brother Bear lässt Sie in eine vollständig interaktive Version von Kenais Welt eintauchen, komplett mit den üppigen Umgebungen, die auf dem Animationsfilm basieren. Begleiten Sie Kenai und Koda auf ihrem Weg durch verschiedene Gebiete im Wald. Sie können Kenai und Koda nicht nur als Bären spielen, sondern sich auch in einen Wolf, eine Krähe und einen Adler verwandeln. Außerdem interagieren Sie mit sieben verschiedenen Charakteren aus dem Film.
Bruce Lee - Return of the Legend (USA)	Der legendäre Bruce Lee ist zurück als Hai Feng! Meistern Sie Bruces wütende Fäuste, Nunchaku und Dutzende fantastischer Bewegungen, während Sie in diesem epischen Kampfkunst-Abenteuer rund um den Globus zu Orten voller Geheimnisse und Intrigen reisen! Nutzen Sie die Umgebung zu Ihrem Vorteil, weichen Sie Ihren Feinden aus, indem Sie Wände erklimmen, kämpfen Sie wie der Meister mit mehreren Combo- und Power-Up-Angriffen.
Bubble Bobble - Old & New (USA)	Bubble Bobble: Old & New ist ein Action-Plattform-Spiel, das für den Gameboy Advance erschienen ist. In Anlehnung an das gleichnamige Arcade-Spiel steuerst du einen kleinen grünen Drachen, der in den 100 Levels seines Abenteuers alle Hände voll zu tun hat. Im Mehrspielermodus kommt ein zweiter Drache hinzu.
Buffy the Vampire Slayer - Wrath of the Darkhul King (USA, Europe)	Vor Jahren wurde der Darkhul-König in eine verborgene Dimension verbannt. Aber irgendwie hat er den Weg zurück zur Erde gefunden und ist nun bereit, seine Kräfte auf die ahnungslosen Bewohner von Sunnydale loszulassen. Natürlich ist Sunnydale auch die Heimat der einzigartigen Buffy. Indem Sie ihre Erfahrung im Kampf gegen zahlreiche Monster, ihre erstaunliche Kraft und Kampftechniken zu Nutze machen, liegt es an Ihnen, die Dämonenjägerin durch jedes Level zu führen und die vielen Vampire und anderen bösen Wesen zu besiegen, bevor Sie es mit dem größten Übel, dem Darkhul-König selbst, aufnehmen.
Butt-Ugly Martians - B.K.M. Battles (USA)	Imperator Bog beabsichtigt, mit Hilfe einer abtrünnigen Armee von Außerirdischen und Robotern in dem seitwärts scrollenden Actionspiel Butt-Ugly Martians die Erde zu erobern: BKM Battles. Der Spieler schlüpft in die Rolle eines der heldenhaften Butt-Ugly-Marsianer und setzt erstaunliche Marswaffen ein, um die feindlichen Außerirdischen von der Übernahme des Planeten abzuhalten. Im Kampf gegen die Feinde und um der Gefangennahme zu entgehen, befinden sich die Spieler im Butt-Kicking-Modus (BKM) für maximale Kampfkraft! BKM Battles bietet 28 Level mit rasantem Gameplay und sieben futuristische Umgebungen voller Gadgets, Geräte und Power-Ups.
Cabbage Patch Kids - The Patch Puppy Rescue (USA)	Cabbage Patch Kids: Patch Puppy Rescue nimmt die Kinder auf ein völlig neues Abenteuer! Die Kids gehen zum Mittagessen, um ihre neuen Welpen zu feiern, während die Welpen im Babyland Spielzimmer schlafen können. Nach ihrer Rückkehr finden sie, dass die Welpen sich losgelassen und entkommen sind! Sie werden sie im Park, in der Stadt, sogar bei der Autowaschung! Wenn du alle Welpen gefunden hast, begegne du einem Welpen ohne Zuhause... es ist einfach so, dass es perfekt für dich ist.
Cabela's Big Game Hunter (USA)	Big Game Hunter von Cabela bietet ein faszinierendes Jagdspiel mit 24 Großwildtieren aus Nordamerika, fortgeschrittenem Tierverhalten und detaillierten Landschaften. Spielen Sie Career Hunt oder springen Sie mit Quick Hunt in die Action, um sofort zufrieden zu sein. Zu den besonderen Merkmalen gehören eine Bullet-Cam, Röntgenfernrohre, eine benutzerdefinierte Journal-Kabine mit einer Trophäenmünze und ein fortschrittliches Punktesystem.
Cabela's Big Game Hunter - 2005 Adventures (USA, Europe)	Die Jagd geht weiter... Basierend auf dem äußerst erfolgreichen Vorgänger wurde bei Big Game Hunter 2005 Adventures noch mehr Wert auf authentische Schauplätze, eine realistische anmutende Tierwelt und originalgetreues Zubehör sowie Waffen gelegt. Erstmalig überrascht Big Game Hunter den Spieler durch eine lineare Storyline und führt ihn dabei durch ein spannendes Jagdabenteuer, ohne dass er sich dabei selbst der Gefahr aussetzen muss. Mit der Wildnis ist nicht zu spaßen Töten oder getötet werden, so lautet die Devise, wenn der Spieler Angesicht zu Angesicht mit Bären, wild gewordenen Elchen oder anderem Großwild steht.
Caesars Palace Advance - Millennium Gold Edition (USA, Europe)	In Caesars Palace Advance: Millennium Gold Edition gibt es sechs verschiedene Casinospiele, die in vier verschiedenen Kategorien gespielt werden können. Das Ziel des Spiels ist es, genug Geld zu sammeln um in den VIP-Bereich zu gelangen und der Champion des Caesars Palace zu werden.
Calciobit (Japan)	Es ist ein Simulationsspiel, das am Ende der Lebensdauer des ursprünglichen GBA veröffentlicht wurde. Es wurde nie außerhalb Japans veröffentlicht. Der Name Calciobit leitet sich vom italienischen Wort für Fußball (Calcio) und Chobitto ab, was bedeutet, &quot;ein bisschen zu spielen&quot;.
Camp Lazlo - Leaky Lake Games (USA)	Camp Lazlo: Leaky Lake Games basiert auf der gleichnamigen Cartoonserie des Cartoon Networks. Im Spiel übernehmen die Spieler abwechselnd die Kontrolle über Lazlo, einem optimistischen, energiegeladenen brasilianischen Affen, Raj, einem weisen indischen Elefanten und Clam, einem exzentrischen und hochintelligenten Zwerg-Nashorn, um an einer Vielzahl von Camp-Herausforderungen teilzunehmen und das Recht zu verdienen, das Camp im finalen Turnier vertreten zu dürfen.
Capcom Classics Mini Mix (USA)	Eine actionreiche Sammlung von drei der beliebtesten Titel von Capcom, die ursprünglich für das Nintendo Entertainment System veröffentlicht wurden. Das Trio der Old-School-Action-Titel umfasst &quot;Bionic Commando&quot;, &quot;Strider&quot; und &quot;Mighty Final Fight&quot;.
Captain Tsubasa - Eikou no Kiseki (Japan)	Captain Tsubasa: Eikou no Kiseki basiert auf den Mangas und Animes rund um den jungen Fussballspieler Captain Tsubasa. Dieses nur in Japan erschienene Fussballspiel enthält die original J-League Lizenzen.
Car Battler Joe (USA)	Car Battler Joe ist ein spannendes Actionspiel rund um den futuristischen Sport &quot;Car Battles&quot;. Dies sind Autokämpfe wobei es darum geht die gegnerischen Wagen zu verschrotten, indem Sie viele verschiedene Waffen oder Tricks einsetzen. Im Story-Modus schlüpfen Sie in die Rolle des ehrgeizigen Jungen Joe Todoroki und werden vom unerfahrenen Erstling zu einem echten &quot;Car Battler&quot;. Verdienen Sie Ihr Geld, indem Sie abwechslungsreiche Aufgaben erledigen. Kaufen Sie hunderte von neuen Teilen um Ihr Auto aufzurüsten, und tunen Sie dieses. Es gibt 3 Millionen verschiedene Kombinationsmöglichkeiten!
Card Party (Japan)	Enthält 12 verschiedene Kartenspiele: Neurasthenia, Mule Puller, Doughnut, Dobon, Page One, Millionaire, Seven Bridge, Seven in a Row, 29, 51, Blackjack und Poker. Es gibt nicht nur die gewohnten Regeln, sondern auch originale, spieleigene Regeln.
Cardcaptor Sakura - Sakura Card de Mini Game (Japan)	Das Spiel fasst die dritte Staffel von „Cardcaptor Sakura“ zusammen. Insgesamt können 21 verschiedene Minispiele abgeschlossen werden. Bei einer hohen Punktzahl in den Minispielen wird eine Grafik einer bekannten Szene freigeschaltet.
Carrera Power Slide (Europe) (En,Fr,De,Es,It,Nl)	Carrera meets Nintendo Game Boy Advance. Genieße die heiße Action auf der Überholspur einer Carrera Rennbahn, überzeuge mit der richtigen Pit-Stop-Strategie, und du wirst als Erster die Zielflagge sehen! Mit dem neuen realen und virtuellen Racing-Spaß namens Carrera V.R.S-System (= Carrera Virtureal Racing System) haben die Driver der Zukunft die Möglichkeit, ihre Rennqualitäten sowohl auf der Carrera Bahn als auch auf dem Game Boy Advance unter Beweis zu stellen. Die Software Carrera Power Slide ist ein faszinierendes, rasantes Autorennspiel mit jeder Menge Features und Carrera Action für den Game Boy Advance.
Cars (USA, Europe)	Erlebe auf deinem Spielsystem packende Rennen bis zur Ziellinie und natürlich den ganzen Spaß des nächsten Disney Pixar Films &quot;Cars&quot;. Spiel all deine Lieblingscharaktere und hilf Lightning McQueen dabei, den begehrten Piston Cup zu gewinnen. Außerdem kannst du mit Lightning McQueen eine Spritztour durch die Stadt Radiator Springs und die Umgebung von Ornament Valley machen! Erlebe dabei spannende Mini-Spiele und heiße Rennen mit deinen Lieblingsfiguren von Cars.
Cars - Mater-National Championship (USA) (En,Fr)	Hook, der beste Freund von Lightning McQueen, veranstaltet zum aller ersten Mal das jährliche &quot;Mater-National-Rennen&quot;. Dazu lädt er eine völlig neue Reihe internationaler Rennwagen ein, die schon ganz versessen darauf sind, Lightning McQueen zu besiegen! Der aus dem Disney/Pixar-Film Cars bekannte rote Renner hat natürlich trainiert, aber etwas Hilfe kann auch er gebrauchen: also, steigen Sie ein und erkunden Sie die erweiterte offene Spielwelt rund um die Stadt Radiator Springs! Neue Spielmöglichkeiten, wie der brandneue Monstermodus oder Rennen gegen 5 neue, internationale Rennwagen und fesselnde Minispiele, lassen die rasante Welt rund um Lightning McQueen lebendig werden!
Cartoon Network Block Party (USA)	Cartoon Network Block Party ist ein Partyspiel für den GBA. Mit den beliebten Cartoon Network Charakteren Johnny Bravo, Courage, Cow and Chicken und Ed, Edd n Eddy können bis zu 30 verschiedene Minispiele auf vier bunten Brettern gespielt werden.
Cartoon Network Speedway (USA)	Alle Eure Lieblingsstars im Cartoon Network drehen ihre Motoren auf, um um die Speedway-Meisterschaft zu kämpfen. Nehmen Sie als einer von 12 Charakteren an der Kart-Action teil. Um die Hindernisse in jedem Kurs zu umgehen, müssen Sie Speed Boosts, Sprünge und Power-Ups zu Ihrem Vorteil einsetzen. Beeindrucken Sie das Publikum mit Stunts, um die höchste Beliebtheit zu erzielen.
Casper (USA) (En,Fr,Es)	Doktor Harvey, der Fachmann in Sachen Gespenster, wurde von den Einwohnern der Stadt gebeten, den Umtrieben des nur allzu berühmten Gespenstischen Trios ein Ende zu bereiten. Dieses vergnügt sich seit Halloween damit, alle Erwachsenen zu verwandeln. Und damit leider auch den Doktor. In der Rolle des Casper besteht die Aufgabe des Spielers darin, den Doktor zu beschützen, damit sich dieser seiner Genesung und der Rettung der Stadt vor den Auswüchsen des Bösen widmen kann.
Castlevania - Aria of Sorrow (USA)	Die Fortsetzung von Konamis populären Castlevania-Serie - mit noch unglaublicher Action, packendem Gameplay und hochentwickelter Grafik...Wir schreiben das Jahr 2035. Du und deine Freundin sind im Schloss des Herrn der Finsternis gefangen. Nutze all deine Fähigkeiten um hinter die Geheimnisse des Schlosses zu kommen. Bekämpfe ganze Scharen von Ungeheuern mit Zahlreichen verschiedenen Waffen und Magie. Nimm die Seelen deiner Gegner gefangen um neue Fähigkeiten zu erlangen. Versuche zu entkommen und stell dich deinem Schicksal! Einzigartige Plattform-Action mit Adventure- und Rollenspiel-Elementen
Castlevania - Circle of the Moon (USA)	Bekämpfe die Wurzeln des Bösen! Man schreibt das Jahr 1830.In den Gemäuern eines verfallenen Schlosses an der äußeren Grenze des österreichischen Imperiums erhebt sich eine dunkle Macht aus ihrer Verbannung. Ein brandneues Kapitel aus der legendären Castlevania-Serie öffnet sich zum ersten Mal auf dem Game Boy Advance.
Castlevania - Harmony of Dissonance (USA)	Schnapp dir erneut die magische Peitsche deiner Vorfahren und stell dich den Kreaturen der Unterwelt, um deine Freunde aus der Gewalt des Grafen Dracula zu befreien. Erforsche eine komplett neue und noch umfangreichere Spielwelt mit atemberaubender Grafik. Setze das neue Magiesystem geschickt ein um in deinem Abenteuer zu bestehen und lüfte das Geheimnis von Castlevania.
Castlevania Double Pack (USA)	Castlevania Doublepack ist eine Zusammenstellung der beiden vorherigen Game Boy Advance Castlevania-Titel - Castevania: Harmony of Dissonance und Castlevania: Aria of Sorrow. Die Spiele sind in ihrer vollständigen Form enthalten und geben den Spielern die Möglichkeit, entweder als Juste Belmont oder als Soma Cruz zu agieren, je nachdem, welche Geschichte und welches Spiel Sie angehen möchten. Beide Spiele bieten eine Reihe von Waffen und Feinden, während Sie durch die Burg gehen um Dracula im 2D-Kampf zu bekämpfen.
Catwoman (USA, Europe) (En,Fr,De,Es,It,Nl)	Eine klassische Geschichte voll Verrat und Rache, das ist Catwoman - das Spiel, das auf dem gleichnamigen Film von Warner Bros. Pictures basiert. Der Spieler steuert Halle Berry als Catwoman spielend durch den Film und setzt dabei ihre katzenartigen Fähigkeiten, Sinne und Cleverness ein, um ihre Gegner zu besiegen.
Catz (USA, Europe)	In Catz kann der Spieler zwischen 13 süßen Katzenbabys auswählen, für die er sorgen muss. Je besser der Spieler sein Katzenbaby erzieht, desto mehr Punkte erhält er. Der Spieler kann mit seinem Kätzchen spielen und unter anderem auch durch die Nachbarschaft ziehen. Um die Katze stets zu unterhalten, können im Ladengeschäft Spielzeuge und Accessoires erworben werden.
Charlie and the Chocolate Factory (USA) (En,Fr,Es,Nl)	Charlie & die Schokoladenfabrik für GameBoy Advance basiert auf dem gleichnamigen Film von Tim Burten. Jedes Level ist ziemlich nah an dem Plot des 2005 erschienen Films. Während du am Anfang von Charlie & die Schokoladenfabrik versuchst, das Geld für einen Wonka Riegel zu bekommen, läuft der Hauptteil des Spiels in der Schockoladenfabrik ab. Erlebe in Charlie & die Schokoladenfabrik die Wunder der Schockoladenfabrik aus den Augen des Charlie Bucket. Ein wahres Zuckerschlecken!
Chessmaster (USA)	Chessmaster, das weltbekannte Computerspiel, gibt es jetzt für Ihren Game Boy Advance - das ist Schachvergnügen für jede Gelegenheit! Dank der erweiterten Lehreinheit und der Vielfalt von gespeicherten Schachspielen und AI-Persönlichkeiten ist Chessmaster interessant für Anfänger, fortgeschrittene Anfänger und Fortgeschrittene. Durch eine intuitive Menüführung und visuelle Gegner ist das Spiel für jeden Spieler von Anfang an einfach und spannend zu spielen.
Chicken Little (USA, Europe) (En,Fr,De,Es,It,Nl)	Hilf Hühnchen Junior und seiner Gang die Welt zu retten. Spiele deinen Lieblingscharakter und erlerne seine coolen Aktionen. Finde und beherrsche eine Menge unterschiedlicher Hilfsmittel, z.B. Jet-Packs, Schleudern, Katapulte und ein Jo-Jo. Fordere deine Freunde in einem Völkerball-Turnier und in Wettrennen heraus.
Chicken Shoot (USA)	Die Hühner sind los! Chicken Shoot ist ein klassischer Fun-Shooter mit Adventure-Elementen nach dem erfolgreichen &quot;Moorhuhn&quot;-Prinzip. In jeder Mission kann der Spieler zusätzlich diverse Items sammeln und für verschiedene Aktionen weitere Bonuspunkte erhaschen. Im Verlauf des Spiels steigt der Schwierigkeitsgrad an, wodurch es immer schwieriger wird, höhere Punktzahlen zu erreichen. Verschiedene Gimmicks, die eigens für jeden Level kreiert wurden, lockern den Spielspaß auf. Jetzt geht's dem Federvieh ans Leder!
Chicken Shoot 2 (USA)	Das Sequel zu &quot;Chicken Shoot&quot; ist im Prinzip identisch zu seinem Vorgänger. Es hat die selben Spielmodi, die selben Waffen und das selbe Spielkonzept. Der einzige Unterschied ist, dass dieses Spiel ein paar neue Level hat.
Chocobo Land - A Game of Dice (Japan)	Chocobo Land: A Game of Dice, der erste von Square-Enix entwickelte GBA-Titel, findet auf einer brettartigen Karte statt. Du kontrollierst einen Chocobo, indem du einen Würfel wirfst. Das Ziel ist es, Kristallpunkte zu erhalten, indem Sie sie Ihren Gegnern stehlen. Mit diesen Punkten kann beispielsweise eine Zauberin gekauft werden, was die Chance erhöht, mehr Punkte zu erhalten. Es ist der Kapitalismus in seiner reinsten Form.
ChuChu Rocket! (USA) (En,Ja,Fr,De,Es)	Die ChuChus, kleine Mäuschen, leben glücklich und zufrieden, bis eines Tages KapuKapus, die Weltraumkatzen, auf dem Planeten landen. So viel zur Story. Die Aufgabe des Spielers ist es nun, seine Mäuschen sicher in die bereit gestellten Raketen zu befördern, und dabei keine der Katzen an Bord zu lassen. Zu diesem Zweck stehen ihm lediglich ein paar Pfeile zur Verfügung, die er den ChuChus in den Weg legt, damit sie ihnen folgen. Aber Vorsicht: die KapuKapus benutzen diese Pfeile ebenfalls!
CIMA - The Enemy (USA)	Seit Jahrzehnten stehen die Menschheit und die CIMA-Rasse in ständigem Konflikt miteinander. Als Ark J besteht Ihre Mission darin, das Tor zwischen den beiden Welten zu bewachen, Ihre festgelegte Stadt zu schützen und letztendlich Frieden zu finden. Sie werden eine nichtlineare Handlung durchlaufen, während Sie Rätsel lösen, Welten erkunden und gegen Feinde kämpfen. Das Spiel enthält ein Kampfsystem, das sowohl Action- als auch Strategieelemente enthält. Mit einer weiteren Funktion können Sie nicht spielbare Charaktere aktivieren, um Ihre Ziele zu erreichen.
Cinderella - Magical Dreams (USA) (En,Fr,De,Es,It)	Erleben Sie die Magie von Disney's Cinderella in dieser Videospiel-Adaption des Films. Schlüpfen Sie in Cinderella's Glasschuhe, während Sie ihr bei ihren Aufgaben helfen, mit dem Prinzen auf dem königlichen Ball tanzen und der guten Fee dabei helfen, Wünsche zu erfüllen. Sie werden sogar gegen Lucifer die Katze kämpfen können, während Sie die beiden hilfreichen Mäuse Gus und Jaq spielen! Cinderella: Zauberhafte Träume ist ein gewaltfreies Jump'n'Run-Spiel, das verschiedene Spielstile bietet, um das Spiel interessant zu gestalten. Neben dem traditionellen Springen und dem Sammeln von Gegenständen gibt es auch ein Tanzspiel, bei dem Sie sich im Rampenlicht halten müssen, während Sie dippen, wirbeln und heben. Außerdem spielen Sie als die gute Fee, bei der Sie bestimmte Zauberblasen platzen lassen müssen, um Cinderellas Wünsche zu erfüllen. Während die Spieler im Spiel fortschreiten, werden sie mit verschiedenen Clips aus dem Film belohnt, die die Geschichte vorantreiben. Es ist auch möglich, zusätzliche Bilder aus dem Film freizuschalten, indem man im Spiel versteckte Gegenstände findet.
Cinnamoroll - Koko ni Iru yo (Japan)	Cinnamoroll Koko ni Iru yo ist ein Puzzlespiel, entwickelt von AI und veröffentlicht von Imagineer, welches in Japan 2003 erschienen ist.
Classic NES Series - Bomberman (USA, Europe)	Bomberman war ein Roboter in einer Bombenfabrik, der sich nach seiner Freiheit sehnte. Es kursierten Gerüchte, dass das Entweichen an die Oberfläche es dem Roboter ermöglichen würde, menschlich zu werden. Aussteigen wäre der Trick. In jedem Raum leben Monster, die neutralisiert und der Ausgang selbst unter Ziegeln versteckt werden muss. Der erste der Bomberman-Serie. Bomberman ist ein Einzelspieler-Spiel mit einer Ansicht von oben nach unten und vereinfachten Steuerelementen. Zusätzlich zur Bewegung haben Sie nur eine einzige Fähigkeit: Bomben platzieren. Jede Bombe explodiert in eine kreuzförmige Explosion (4 Richtungen), die entweder Feinde oder Blöcke zerstören kann. Power-Ups können die Explosion erhöhen, zusätzliche Bomben platzieren, die Geschwindigkeit des Bomberman erhöhen oder durch Wände gehen. Ihr Ziel in jedem Level ist es, alle Feinde zu zerstören und durch den Ausgang zu fliehen, bevor das Zeitlimit abgelaufen ist. Wenn Sie den Ausgang mit einer Bombenexplosion treffen, werden mehr Feinde freigesetzt, die ebenfalls zerstört werden müssen.
Classic NES Series - Castlevania (USA)	Mit dem klassischen Side-Scrolling-Spiel Castlevania kannst du in Erinnerungen schwelgen. In dem Spiel, das Teil der Classic NES Series auf dem Game Boy Advance ist, begibst du dich auf die Mission den Fluch des bösen Grafen zu brechen. Bevor du den Grafen herausforderst musst du zunächst seine Armee aus Geistern, Mumien, Fledermäusen und Zombies bekämpfen. Benutze deine magische Peitsche und andere Waffen um es lebend aus dem Schloss zu schaffen.
Classic NES Series - Donkey Kong (USA, Europe)	In Donkey Kong muss Jumpman eine in Not geratene Jungfrau, Lady, vor einem Riesenaffen namens Donkey Kong retten. Der Held und der Affe wurden später zu zwei der beliebtesten Charaktere Nintendos. Das Spiel ist in vier verschiedene Ein-Bildschirm-Phasen unterteilt. Jede stellt 25 Meter der Struktur dar, die Donkey Kong bestiegen hat, wobei eine Stufe 25 Meter höher ist als die vorherige. Der letzte Bildschirm erfolgt bei 100 m.
Classic NES Series - Dr. Mario (USA, Europe)	In diesem Spiel im Tetris-Stil spielen Sie als Dr. Mario, der verschiedenfarbige Pillen auf die Viren legen muss, um sie aus der Flasche zu entfernen. Jede Pille ist zweigeteilt, wobei jede Seite eine andere Farbe hat. Passen Sie diese Farbe an die Farbe des Virus an, und es wird aus der Flasche entfernt. Im Spiel sind der normale Modus, ein Zeitfahren und ein Kampfmodus für zwei Spieler enthalten, um zu sehen, wer die meisten Viren eliminieren kann.
Classic NES Series - Excitebike (USA, Europe)	Excitebike ist ein Motocross-Rennspiel von Nintendo. Es erschien erstmals 1984 als Famicom-Titel in Japan zum Preis von 5.000 Yen. Es war das erste Spiel der Excite-Reihe, gefolgt von Excitebike 64 auf dem Nintendo 64 und seinen geistigen Nachfolgern Excite Truck und Excitebots auf der Wii. Die in Europa als NES Classics (Classic NES Series in den USA und Famicom Mini Series in Japan) bekannte Videospielserie ist eine Reihe von Videospielen, die ursprünglich auf dem NES/Famicom und dem Famicom Disk System veröffentlicht wurden und anlässlich des 20-jährigen Jubiläums der Famicom-Konsole in Japan auf den Game Boy Advance portiert wurden.
Classic NES Series - Ice Climber (USA, Europe)	In Ice Climber müssen ein oder zwei Spieler den Gipfel von 32 verschiedenen Bergen erklimmen. Jeder Berg besteht aus acht Ebenen mit Plattformen und einer Bonusetappe auf dem Gipfel. Verschiedene Kreaturen, von Eisbären bis hin zu Kondoren, sowie tückische Landschaften mit herabfallenden Eiszapfen, sich bewegenden Plattformen und vereisten Böden versuchen, den Spieler am Aufstieg zu hindern. Zur Hilfe steht den Spielern eine Waffe, ein Hammer, zur Verfügung, mit dem sie Feinde ausschalten und Ziegelsteine auf den Plattformen wegsprengen können, um Platz für den Sprung auf die nächste Ebene zu schaffen. Wenn der Spieler schließlich die Spitze erreicht hat, ist es Zeit, zum nächsten, schwierigeren Level weiterzugehen.
Classic NES Series - Metroid (USA, Europe)	Metroid ist das erste Spiel der Metroid-Reihe. Es erschien Ende der 1980er Jahre für das Nintendo Entertainment System. Das Spiel wurde von Gunpei Yokoi produziert, der unter anderem den Game Boy entwarf. Ein Remake des Spiels erschien für den Game Boy Advance unter dem Titel Metroid: Zero Mission. Innerhalb dieses Remakes ist das Original-Metroid ein freischaltbares Extra, desweiteren wurde das Spiel auch innerhalb der Classic-Serie für den GBA portiert, und erschien als Download der Virtual Console für Wii. Zusätzlich kann man das Spiel in Metroid Prime freischalten, indem man ein durchgespieltes Metroid Prime-Spiel per Game Boy Advance Game Cube Kabel mit Metroid Fusion verbindet.
Classic NES Series - Pac-Man (USA, Europe)	Der Spieler kontrolliert Pac-Man durch ein Labyrinth und isst Pac-Dots. Wenn alle Punkte gegessen sind, wird Pac-Man zur nächsten Stufe gebracht, zwischen einigen Stufen wird eine von drei Pausenanimationen abgespielt. Vier Feinde (Blinky, Pinky, Inky und Clyde) durchstreifen das Labyrinth und versuchen, Pac-Man zu fangen. Wenn ein Feind Pac-Man berührt, ist ein Leben verloren. Wenn alle Leben verloren sind, endet das Spiel.
Classic NES Series - Super Mario Bros. (USA, Europe)	Klassische NES-Serie: Super Mario Bros. bringt Sie zurück zum allerersten Kampf zwischen Mario und Bowser. Jetzt im Game Boy Advance können Sie alle pilzfressenden, Koopa-stampfenden Aktionen des Originalspiels nacherleben. Streben Sie immer nach dem Highscore, während Sie auf Fahnenmasten, Rohren und Ziegeln springen. Dieses Mal können zwei Spieler abwechselnd mit einem einzelnen Game Pak oder mit GBAs spielen, die über ein Game Boy Advance Game Link-Kabel verbunden sind.
Classic NES Series - The Legend of Zelda (USA, Europe)	The Legend of Zelda ha inventato un genere e ha affascinato una generazione di videogiochi. Ora puoi giocare all'intramontabile avventura per NES sul tuo Game Boy Advance! Il malvagio stregone Ganon ha imprigionato la principessa Zelda e ha immerso la pacifica terra di Hyrule nell'oscurità e nella disperazione. Solo un ragazzino di nome Link ha il coraggio di rispondere alla chiamata di un eroe. Riuscirà a trovare i frammenti perduti della Triforza, a uccidere Ganon ea salvare la Principessa Zelda? Solo tu puoi decidere il destino di Hyrule!
Classic NES Series - Xevious (USA, Europe)	Invasoren aus dem Weltraum sind auf der Erde gelandet, aber Sie haben ein Einweihungsgeschenk, das sie nicht mögen werden. Hüpfen Sie in Ihr Solvalou und nehmen Sie die Erde in Xevious zurück, einem Teil der NES Classics-Serie auf dem Game Boy Advance. In diesem vertikalen Bildlaufspiel liegt es an Ihnen, Luftziele zu schießen und Bodentruppen zu bombardieren, um die außerirdischen Mutterschiffe zu Fall zu bringen. Jedes Level enthält versteckte Bonuspunkte, zusätzliche Leben und mehr Geheimnisse.
Classic NES Series - Zelda II - The Adventure of Link (USA, Europe)	Zelda II: The Adventure of Link ist der zweite Teil der Zelda-Reihe. Das Spiel erschien Anfang 1987 in Japan und Ende 1988 in den USA und Europa. Das Spiel hebt sich stark von den anderen Teilen der Serie ab, da man nur auf der Oberwelt die Figur aus der Vogelperspektive steuert und in Dungeons, Städten und anderen Abschnitten in die Seitenansicht wechselt. Remakes Das Spiel wurde mit anderem NES-Titeln auf dem Gameboy Advance neu aufgelegt. Zudem erschien der Titel auf das Spiel mit vier weiteren Zelda-Titeln auf dem GameCube in der The Legend of Zelda: Collector's Edition. Auch erschien das Spiel als Virtual Console Titel auf der Wii U, in der man zum ersten Mal an jeder Stelle einen Speicherpunkt erstellen kann.
Cocoto - Kart Racer (Europe) (En,Fr,De,Es,It)	Cocoto ist zurück für diese neue Herausforderung! Der freundlichste Kobold verfügt jetzt über ein ausgewogenes Kart und zahlreiche Kräfte. Spiele Cocoto und seine Freunde in teuflischen Rennen! Wählen Sie aus 12 Charakteren und ihren verrückten Karts. Rennen mit bis zu vier Spielern in zwei Spielmodi: Meisterschaft und einfaches Rennen. Besiege deine Gegner mit vielen verheerenden Angriffen auf 15 Tracks!
Cocoto - Platform Jumper (Europe) (En,Fr,De,Es,It)	Cocoto Platform Jumper für den GameBoy Advance ist ein Spiel, dass 2004 von Neko Entertainment veröffentlicht wurde. Cocoto Platform Jumper für den GameBoy Advance kam auch auf anderen Konsolen, wie dem Nintendo Gamecube, der Playstation 2 und Microsoft Windows raus. Springe dir deinen Weg durch 5 verscheidene Welten. Deine Waffe: ein Regenbogenangriff. Cocoto Platform Jumper für den GameBoy Advance ist ein in Deutschland eher wenig bekanntes Jump'n'Run-Spiel. Features: 3 schwierigkeits Grade 5 Welten mit 40 Leveln 30 Verschidene Gegner und 5 individuelle Entgegener Multiplayermodus
Codename - Kids Next Door - Operation S.O.D.A. (USA)	Es ist eine dunkle Zeit für Kinder weltweit. Mit der jüngsten Verabschiedung des Soda Control Act wurde das Trinkalter von Soda auf 13 Jahre und älter angehoben. Die Kids Next Door haben sich geweigert diesen heimtückischen Versuch anzuerkennen, Kindern das Trinken ihres Lieblingsgetränks zu verbieten und es sich zur Aufgabe gemacht, eine geheime Operation durchzuführen, bei der jedes Kind auf der Welt das will, mit Soda versorgt wird.
Colin McRae Rally 2.0 (USA) (En,Fr,De)	Colin McRae Rally 2.0 ist ein Rallye- / Offroad-Rennspiel. Dieses zweite Spiel von Colin McRae umfasst unter anderem den Ford Focus WRC aus dem Jahr 1999, den Ford Focus RS WRC aus dem Jahr 2000, den Mitsubishi Lancer EVO VI Gr.A, den Subaru Impreza WRC2000, den Peugeot 206 WRC, den Toyota Corolla WRC und den SEAT Córdoba WRC . Die eingeschlossenen Länder sind Kenia (Kies und Asphalt), Finnland (Kies und Schlamm), Großbritannien (Asphalt, Schlamm und Kies), Schweden (Schnee und Eis), Australien (loser Erbsenkies), Japan (1 Stufe im Herausforderungsmodus). Asphalt und Schlamm), Frankreich (Korsika) (Asphalt), Griechenland (rauer Kies) und Italien (Asphalt). Das Auto auf der Titelseite des Spiels war McRaes Ford Focus WRC 2000 (V3 FMC).
Columns Crown (USA)	Prinzessin Dazzle hat überall nach den fehlenden magischen Edelsteinen gesucht, die die Säulenkrone ausfüllen. Du musst ihr helfen, sie aus einer Gruppe von Walddieben zu bergen, indem du jedes Rätsel schlägst, um die verborgenen Edelsteine freizuschalten! Kannst du sie alle sammeln und die Krone vervollständigen? Rasende Multiplayer-Action voller verheerender Spezialattacken. Sammle magische Edelsteine, um spektakuläre Elementarangriffe auszulösen. Neue Survival-, Versus- und Flash-Spaltenmodi.
Combo Pack - Sonic Advance + Sonic Pinball Party (USA) (En,Ja,Fr,De,Es+En,Ja,Fr,De,Es,It)	Sonic Advance: Sonic the Hedgehog ist da und erlebt sein erstes Abenteuer auf einer Nintendo-Konsole. Sonic Advance kombiniert Elemente aus der ursprünglichen Sonic-Serie auf Segas Genesis sowie aus der Dreamcast Sonic Adventure-Serie.Wählen Sie zwischen Sonic, Knuckles, Tails oder Amy und führen Sie sie durch ein Level nach dem anderen mit unglaublich schnellem Gameplay und dem Sammeln von Ringen, wobei Sie Feinden auf Ihrem Weg zum finalen Showdown mit Dr. Robotnik (auch bekannt als Dr. Eggman) ausweichen. Sonic Pinball Party: Sonic Pinball Party ist ein Flipperspiel für den Gameboy Advance. Finde Sonic und seine Freunde sowie Amigo und Nights auf deinem Handheld. Wirf die Kugel und benutze die Flips, um weiterzukommen. Die drei vorhandenen Tische sind keine gewöhnlichen Flipperautomaten, da Gegner deine Kugel behindern werden. Erreiche in einer bestimmten Zeit genügend Punkte, um in der Geschichte voranzukommen.
Comix Zone (Europe) (En,Fr,De,Es,It)	Sketch Turner wird von seinem selbst erfundenen Zeichentrick - Bösewicht Mortus - in seinen eigenen Comic verbannt. Denn nur hier kann der Erzfeind den Helden Sketch vernichten! Wenn dies Mortus wirklich gelingen sollte, wird dieser größenwahnsinnige Mutant Wirklichkeit und die Erde wird unter seine Herrschaft fallen. Aber es gibt Hoffnung. Im Comic besitzt Sketch übermenschliche Kräfte und setzt alles daran, um in die reale Welt zurückzukehren. Zusammen mit seiner Ratte Roadkill, welche zur Killerratte mutiert ist, kämpft er gegen die Mutanten aus Mortuses Feder an.
Contra Advance - The Alien Wars EX (USA)	Mit Contra Advance: The Alien Wars EX für Game Boy Advance präsentiert Konami of Europe den legendären Klassiker jetzt auch für Nintendos Handheld. Basierned auf den Bestseller für SNES, bietet der Titel außerdem noch eine Reihe actionreicher neuer Level, durch die sich ein oder zwei schwerbewaffnete Spieler im Kampf gegen zahlreiche angriffslustige Aliens ihren Weg bahnen müssen.
Corvette (USA) (En,Fr,De,Es,It)	Mit Corvette können Sie eine Vielzahl von Corvettes auf offener Straße oder auf Super-Speedways fahren. Das Spiel umfasst mehr als 120 Serienmodelle von 1953 bis 2003 sowie Show- und Rennwagen. Wählen Sie ein Auto, eine offizielle Fahrzeugfarbe und einen Fahrer und fahren Sie dann auf Strecken oder einer mit Hindernissen gefüllten Route 66. Rüsten Sie den Motor und die Federung Ihres Autos auf, um eine realistischere Physik zu erzielen. Im Heritage-Modus können Sie eine Reise durch die Corvette-Geschichte unternehmen und jede Serien-Corvette testen.
Crash & Spyro Super Pack Volume 1 (Europe) (En,Fr,De,Es,It,Nl)	Beinhaltet die Spiele &quot;Crash Bandicoot 2 - N-Tranced&quot; und &quot;Spyro - Seasons of Ice&quot;. Der böse N-Trance hat Crashs Freunde einer Gehirnwäsche unterzogen... kann Crash sie retten? Ein böser Zauberer hat alle Elfen des Drachenreichs entführt. Spyro muss ihnen helfen!
Crash & Spyro Super Pack Volume 2 (Europe) (En,Fr,De,Es,It,Nl)	Beinhaltet die Spiele &quot;Crash - Nitro Kart&quot; und &quot;Spyro - Season of Flame&quot;. Crash muss den fiesen Imperator Velo in einem intergalaktischen Wettrennen besiegen! Jemand hat alle Glühwürmchen aus dem Frachenreich gestohlen. Spyro muss sie finden!
Crash Bandicoot - The Huge Adventure (USA)	Der schändliche Dr. Neo Cortex ist es leid, endlos gegen Bandicoots zu kämpfen, und schrumpft die gesamte Erde und Crash and Coco zusammen auf die Größe einer Wumpa-Frucht. Glücklicherweise erfindet Coco eine Maschine, um die Effekte umzukehren, aber sie braucht Kristalle aus der ganzen Welt, um sie anzutreiben. Crash muss die Kristalle zurückholen, um den gesamten Planeten in seinen natürlichen Zustand zurückzubringen. Erlebe Crashs bisher größtes Abenteuer mit Spielmodi, die vom Side-Scrolling über 3D-Verfolgungsjagden bis hin zu Luftkampfkämpfen reichen. Kämpfe dich durch über 20 riesige Levels und sechs einzigartige Orte, um Cortex zu besiegen und die Welt zu retten.
Crash Bandicoot 2 - N-Tranced (USA)	In Crash Bandicoot 2: N-Tranced geraten Crash und seine Freunde erneut ins Visier von Doktor N. Tropy. Nachdem Uka Uka die bisherigen Misserfolge von Dr. Neo Cortex beklagt, schmiedet N. Tropy einen neuen Plan zur Weltherrschaft. Statt die Bandicoots nur zu bekämpfen, will er sie mithilfe des Hypnosemeisters N. Trance auf seine Seite ziehen. Während Crash auf N. Sanity Island schläft, werden Coco und Crunch von einem mysteriösen Wirbel entführt. Aku Aku informiert Crash über die Gefahr und bittet ihn, einen Power Crystal zu holen, um herauszufinden, was passiert ist. Dabei wird Crash selbst in einen Wirbel gezogen und erkennt bald, dass N. Tropy und N. Trance hinter den Ereignissen stecken. Nun muss Crash durch verschiedene Welten reisen, Kristalle sammeln, seine Freunde retten und den Plan der Schurken stoppen.
Crash Bandicoot Purple - Ripto's Rampage (USA)	In Crash Bandicoot Purple: Riptos Amoklauf und Spyro Orange: Die Cortex-Verschwörung haben Dr. Neo Cortex, Crashs Nemesis, und Ripto, Spyros Nemesis, versehentlich unterirdische Portale passiert und sind bereit, das gesamte Universum zu übernehmen. Crash und Spyro müssen sich zusammenschließen, um die Identität der neuen Bedrohung zu entdecken und das Universum vor dieser bösen Verschwörung zu retten. In diesen Side-Scrolling-Abenteuern können Sie sich mit drei Freunden für eine Vielzahl von Multiplayer-Modi verbinden, darunter Partyspiele, Glücksspiele und Kartenhandel. Durch die Verbindung von Crash Bandicoot Purple und Spyro Orange können Sie spezielle Inhalte freischalten und die Karten mit Freunden tauschen und wetten.
Crash Nitro Kart (USA)	Dieses Videospiel wird fortgesetzt, lange nachdem Lachgas von dem Charakter besiegt wurde, den der Spieler in Crash Team Racing verwendet hat. Später beschloss Lachgas, sich nach der Allianz mit dem Kaiser seines Planeten zu verbünden, mit dem die Geschichte dieser Folge spielt of Oxide dreht sich die Geschichte um den Kaiser des Planeten Lachgas, dh Velo XXVII, der die Erdbewohner zu einem Kartrennen herausfordert, das zum schnellsten Rennfahrer der gesamten Galaxie erklärt wurde. Um Crash und seine Freunde in das Weltraumkolosseum zu bringen, müssen unsere Charaktere (in Teams) gegeneinander kämpfen, um ein Team zu finden, das ihn herausfordern kann. Schließlich fügt er hinzu, dass ein Team, wenn es gewinnt, es auf die Erde zurückbringt, aber wenn es gewinnt, wird es die Erde übernehmen und sie zerstören. So tritt jeder in einen Kampf gegen Velo ein und die klassischen Rivalen des traditionellen Spiels können ausgewählt werden.
Crash of the Titans (USA) (En,Fr)	Crash und seine Freunde ruhen sich aus, während seine Schwester Coco einen Butterrecycler beendet. Er bittet Crash, ihm den Transvelupador (einen lila Schraubenschlüssel) zu geben, aber als Crash ihn aufhebt, erscheint Cortex in seinem Luftschiff, das Coco und Aku- entführt. Aku. Und nachdem Cortex einen Strahl abgefeuert hat, der Crunch einfriert, steckt Crash den Transvelupator in seine Tasche und wirft den Recycler, der Aku-Aku rettet, ihn aber mitten im Dschungel zurücklässt. In der Zwischenzeit muss Crunch eingefroren sein. Crash muss alleine gehen, um nach Aku-Aku zu suchen. Nachdem er Aku Aku aus dem Käfig entfernt hat, gehen er und Crash über die ganze Insel und besiegen verschiedene Kreaturen, die in verschiedenen Gebieten der Insel auftauchen Rette Coco und erreiche direkt einen Tempel, in dem Aku-Aku und Crash entdecken, dass Cortex und Uka-Uka das magische Mojo stehlen. Aku-Aku sagt Crash, dass es mit den Kreaturen zu tun haben muss, die er und Crash haben Sie haben gekämpft. Dann betreten Crash und Aku-Aku den Tempel, wo sie sich einem Kampf gegen Cortex gegenübersehen, aber Crash besiegt ihn und Cortex sagt Crash, dass er glaubt, ihn besiegt zu haben. Uka-Uka hat das ganze Mojo und Coco genommen und für Der letzte Cortex flieht.
Crash Superpack - Crash Bandicoot 2 - N-Tranced + Crash Nitro Kart (USA)	Hole Dir mit Crash Superpack für GameBoy Advance - 2 Games in 1 zwei tolle Spiele! Mit Crash Bandicoot 2 und Spyro - Season of Ice kommt garantiert keine Langeweile auf! Mit insgesamt 70 tollen Leveln in beiden Spielen, hast Du ein riesiges Abenteuer vor Dir! Triff jede Menge witzige Charaktere und entdecke in Crash Superpack für GameBoy Advance - 2 Games in 1 zwei tolle Spielwelten! Features: 40 actionreiche Level in Crash Bandicoot 2 - N-Tranced Spiele als Crash, Coco, oder Crunch Nutze neue Special-Moves 30 spaßiges Level in Spyro - Season of Ice
Crayon Shin-chan - Densetsu o Yobu Omake no Miyako Shockgaan! (Japan)	Das Spiel spielt in einer Sonderfolge der Serie (mit dem gleichen Namen wie das Videospiel). Während des Spiels findet sich Shin Chan in einem unheimlichen Vergnügungspark namens Shock Gahn wieder, aus dem er mit Hilfe seiner Familie und Freunde entkommen muss. Er wird einige Verkleidungen haben, die ihm in jedem Level neue Fähigkeiten verleihen. Das Spiel wurde nur in Japan und Spanien veröffentlicht.
Crazy Chase (USA)	BOMBENSTIMMUNG! &quot;Crazy Chase&quot; ist ein actiongeladenes Abenteuer im coolen 3-D-isometrischen Grafik-Stil.Auf dem GBA bringt das vom Super Nintendo bekannte Spiel 16 Level aufs Parkett. Kid Klown - Held wider Willen und ohne Chance - entgeht Fallen, Gegnern und gemeinen Comic-Überraschungen. Er springt, skated, benutzt ausgeflippte Extras. 4 Mini-Spiele sind dabei. Und diese Grimassen... einfach urkomisch!
Crazy Frog Racer (Europe) (En,Fr,De,Nl)	Er ist klein und hässlich. Aber verdammt erfolgreich - Crazy Frog. Nun erklimmt der Frosch auch die Konsole und erscheint als Hauptfigur eines rasanten Fun-Kart-Racers auf dem GBA. Auf insgesamt 12 Strecken liefert sich der Crazy Frog actionreiche und rasante Rennen mit sieben weiteren verrückten Charakteren. Genretypisch kann man während des Rennens seine Gegner mit einer Vielzahl von Gadgets (wie z.B. Raketen, Fallen etc.) beharken und aus der Bahn werfen, um siegreich aus dem Rennen hervorzugehen.
Crazy Taxi - Catch a Ride (USA)	Crazy Taxi findet seinen Weg auf die Handheld-Konsole, in einer 3D Präsentation liegt der Titel recht nahe an der Dreamcast-Version. Wie gewohnt könnt ihr aus 4 Taxis wählen und müsst Passagiere in einem Zeitlimit an ihrem Zielort absetzen. Mit Drifts und spektakulären Fahrmanövern erhöht ihr die Geldsumme. In zwei Städten könnt ihr ebenfalls einige Minispiele bestreiten.
Creatures (Europe) (En,Es,It)	Creatures - Dein Gameboy Advance lebt! Nach dem Welterfolg auf dem PC erobern die Norns jetzt in drie abwechslungsreichen Welten deinen Gameboy Advance. Sie wachsen auf, lernen von dir und mit deiner Hilfe und Fürsorge werden sie gegen die bösen Grendels bestehen.
Croket! 2 - Yami no Bank to Banqueen (Japan)	In diesem Actionspiel macht sich Croquette, die auf ihrer Reise Menchi und Worcester von einem mysteriösen Ziel entführt hat, daran, sie zu retten und die Ambitionen von Shishkaboo zu vereiteln. Dafür muss jeder Charakter durch Teamkämpfe weiterentwickelt werden.
Croket! 3 - Granu Oukoku no Nazo (Japan)	Auf der tropischen Insel Paprika entfaltet sich ein Abenteuer, bei dem Croquette und ihre Freunde, angeleitet vom rätselhaften Krieger Sirloin, alles daransetzen, die Wiedererweckung des alten Dämonenkönigs zu verhindern. Das Spiel führt das Konzept von Tag und Nacht ein, wodurch unterschiedliche Ereignisse je nach Tageszeit stattfinden und das Geschehen beeinflussen.
Croket! 4 - Bank no Mori no Mamorigami (Japan)	Die Geschichte ist wieder einmal völlig neu und spielt im Bankenwald. Der Kampfmodus wurde um Luftkämpfe erweitert, das Spielfeldmuster wurde auf die ganze Welt ausgedehnt und die Bunkeranpassung wurde weiterentwickelt, um mehr Freiheiten zu ermöglichen, so dass Sie Ihren eigenen Bunker bauen können. Auch Originalcharaktere tauchen im Spiel auf.
Croket! Great - Toki no Boukensha (Japan)	In diesem Spiel erkundest du die Gegenwart, die Vergangenheit und die Zukunft mit der Unterstützung deiner Bunker. In den Kämpfen kannst du deine Croquettes frei bewegen, um anzugreifen, zu verteidigen oder Spezialangriffe einzusetzen. Strategie und Timing sind entscheidend, um die Herausforderungen in den verschiedenen Zeitepochen zu meistern.
Cross Town Heroes (USA)	In Matchbox Cross Town Heroes übernehmen junge Spieler das Steuer von beliebten Matchbox-Fahrzeugen wie dem Fire Crusher oder dem Rescue Net Police Car in drei weitläufigen Welten. Die Spieler können fahren und erstaunliche interaktive Umgebungen erkunden, um nach neuen Notfällen zu suchen. Jedes Mal, wenn eine neue Welt besucht wird, sind die Notfalleinsätze an einem anderen Ort, so dass das Spiel endlos wiederholt werden kann. Jede Welt bietet außerdem Bonus-Minispiele und Rätsel sowie mehr als 50 verschiedene Charaktere, Tiere und Kreaturen. Nach Abschluss der Notfallaufgaben erhalten die Spieler Heldenauszeichnungen, mit denen sie neue Fahrzeuge freischalten und ausdruckbare Urkunden für heldenhafte Leistungen erwerben können.
Cruis'n Velocity (USA, Europe)	Rasante Rennen und unglaubliche Geschwindigkeit - Cruis'n Velocity bietet Renn-Action in Reinkultur. Elf verschiedene Vehikel stehen dabei zur Verfügung, vom Polizeiwagen bis zum Kleinbus ist alles vertreten. Doch noch schräger sind die Rennstrecken: Von Las Vegas bis zum Mars führt diese verrückte Autojagd.
Crushed Baseball (USA)	Mit seinem einzigartigen, von Comics inspirierten Kunststil, bietet Crushed Baseball 2004 ein rasantes Arcade-Gameplay, das sowohl Sport- als auch Nicht-Sport-Gaming-Fans anspricht. Mit seinem übertriebenen Stil können Spieler Charaktere aktivieren und ihnen übermenschliche Fähigkeiten und Spezialkräfte verleihen, die als &quot;Mojo&quot; -Fähigkeiten bezeichnet werden. Zum Beispiel könnte ein Pitcher einen Pitch werfen, der als Kreissäge fungiert und durch den Schläger des Schlagmanns schneidet. Ein Schlagmann kann einen Bodenball treffen, der sich im Feld festsetzt, sodass er nicht aufgenommen werden kann, und ein Feldspieler kann seine Saughandschuh-Fähigkeit nutzen, um den Ball in seinen Handschuh zu saugen, um ein Out zu erzwingen.
CT Special Forces (USA) (En,Fr,De,Es,It,Nl)	CT Special Forces bietet dem Spieler völlig neue Dimensionen auf dem Gameboy Advance! Übernehmen Sie die Führung der Spezialeinheit &quot;CT Special Forces&quot;, um die terroristischen Bedrohungen in der ganzen Welt zu beenden. Ihre Einheit wird mit den modernsten Waffen der Welt ausgestattet. Aber seien Sie vorsichtig, die Terroristen werden mindestens genau so gut ausgestattet sein. Sind Sie bereit, die Welt von dem größten Terroristennetzwerk zu befreien?
CT Special Forces 2 - Back in the Trenches (USA) (En,Fr,De,Es,It,Nl)	Mit diesem gelungenen Mix aus Plattformaction und Shoot`em`up kommen PsOne und GBA-Besitzer voll auf ihre Kosten. Als Mitglied eines Antiterror-Elitekommandos gilt es, die Schreckensherrschaft des Terrorismus ein für alle Mal zu beenden. Mit einem Expertenteam hochtrainierter, bis an die Zähne bewaffneter Männer sollten Spieler bereit sein, an allen Brennpunkten der Welt einzugreifen. Ob waghalsiger Hubschraubereinsatz oder Überlebenskampf in unwirklichem Klima: Das Team der CT Special Forces weiß, wie man jeden noch so unbarmherzigen Kampf gewinnt.
CT Special Forces 3 - Bioterror (Europe) (En,Fr,De,Es,It,Nl)	Kampfbereite GBA- und PsOne-Besitzer an die Waffen! Ein explosiver Mix aus Plattform-Action und Shoot'em'up rollt auf die Konsolen zu! Die Story: Allmählich verdichtet sich Ahnung zur Gewissheit. Verschlagene Terroristen entwickeln ein neues, unheilbringendes DNA-Molekül. Indem sie bestimmte Kraft- und Aggressionsgenen mit neuem Leben füllen, kreieren die Staatsfeinde eine Phalanx unbesiegbarer, übermenschlicher Superkämpfer. Nur die hochtrainierte Elitetruppe CT Special Forces und mit ihnen der angriffslustige Spieler vermögen das grausame Regiment des Terrorismus auszumerzen.
Cubix - Robots for Everyone - Clash 'N Bash (USA)	In Bubble Town passiert etwas Seltsames. Roboter werden wahnsinnig wegen Solex, dem Zeug, das allen Robotern ihre Kraft verleiht. Sie müssen jeden der kaputten Roboter vor dem bösen Dr. K finden und böse Bots treffen, besonders den gruseligen und mächtigen Kolossal!
Curious George (USA)	In diesem Abenteuerspiel, das auf dem Animationsfilm „Curious George“ von Universal Pictures und Imagine Entertainment basiert, kannst du deine Lieblingsfiguren aus dem Film treffen und begrüßen. Als der Mann mit dem gelben Hut auf der Suche nach einem verlorenen Artefakt nach Afrika reist, kehrt er mit einer unerwarteten Fracht zurück - einem neugierigen kleinen Primaten namens George. Begleite George beim Laufen, Springen, Klettern und Schwingen durch eine Vielzahl von abenteuerlichen Levels vom Dschungel bis zur Großstadt, wo er durch seine mutige und lebenslustige Art neue Freunde findet und in eine Reihe von Missgeschicken gerät. Helfen Sie George und seinen Freunden, den einen besonderen Gegenstand zu finden, der das Museum vor dem Bulldozer retten kann, und machen Sie sich zum Affen. Jede Menge Bonusinhalte und herausfordernde Minispiele beschäftigen die Spieler auch noch lange nach dem Ende der Hauptgeschichte.
Custom Robo GX (Japan)	Custom Robo GX ist eine exklusiv in Japan erschienene GBA-Version von Custom Robo. Es behält das Markenzeichen des RPG-Hybrid-Gameplays der Serie bei, ändert jedoch das Kampfsystem, um der begrenzten Kapazität des GBA gerecht zu werden.
Cyberdrive Zoids - Kijuu no Senshi Hyuu (Japan)	Cyber ​​Drive Zoids ist ein Rollenspiel der Zoids-Reihe, das auch als Special Edition-Paket mit einem Diablo Tiger Beta-Spielzeug und einer speziellen Infrarot-Steuereinheit erhältlich ist, die an den Datenport des Game Boy Advance angeschlossen wird. Mit Cyber ​​Drive Zoids können Fans der japanischen Spielzeug- und Anime-Serie motorisierte Zoids mit ihrer Game Boy Advance-Einheit drahtlos steuern. Bei der Steuerung des Zoid zeigt der GBA-Bildschirm ein spezielles Cockpit mit Informationen und Anzeigen. Das Rollenspiel selbst ähnelt den Zoids Saga-Spielen, enthält jedoch polygonale Darstellungen von Zoids sowie handgezeichnete Story-Segmente. Beide Versionen enthalten den Infrarotadapter.
Dai-mahjong. (Japan)	Das Spiel bietet vier Spielmodi: einen Alles-oder-nichts-Wettbewerb, eine Liga um goldene Plättchen, ein freies Spiel und einen Telekommunikationsmodus. Zusätzlich können durch das Sammeln goldener Plättchen Minispiele freigeschaltet werden.
Daisenryaku for Game Boy Advance (Japan)	„Daisenryaku for Game Boy Advance“ ist ein strategisches Spiel, in dem du als Kommandant deine Einheiten kontrollierst, um die gegnerische Armee zu besiegen. Mit dem mobilen Adapter GB können neue Karten und Waffen heruntergeladen werden, um das Spielerlebnis zu erweitern.
Daisuki Teddy (Japan)	Ein kindliches Rollenspiel, das nur in Japan erschienen ist. Man kleidet einen Teddybären ein und geht mit ihm auf ein Abenteuer. Die Special Edition kam mit einem Plüschteddy in der Packung.
Danny Phantom - The Ultimate Enemy (USA)	Danny Phantom: The Ultimate Enemy auf dem Gameboy Advance ist ein 2D-Actionspiel, bei dem Sie die Kontrolle über den Helden der Nickelodeon Serie übernehmen. Dieser stellt sich dem Kampf gegen allerlei Gespenster und anderen phantastischen, ektoplasmischen Schrecken.
Danny Phantom - Urban Jungle (USA)	Höchste Zeit für Geisterkräfte! Die Zukunft steht auf dem Spiel und Danny Fenton stellt gerade fest, dass er höchstpersönlich der Grund dafür ist! Denn der unheimliche Geist Clockwork hat die Macht, die Zeit zu kontrollieren, und will Danny in das böse Dan-Phantom verwandeln, indem er alles vernichtet, was Danny lieb ist. Wenn er seine Freunde und seine Familie vor der größten denkbaren Gefahr retten will – sich selbst –, muss Danny neue Kräfte erlernen und Clockworks Pläne durchkreuzen! Das erste Videospiel mit Danny Phantom bietet Superhelden-Action, den Humor der TV-Serie und ermöglicht es dem Spieler, Dannys unglaubliche Superkräfte in einem spannenden Geisterjagd-Abenteuer einzusetzen.
Daredevil (USA, Europe)	Er wuchs in einer Welt ewiger Dunkelheit auf, und doch kann er Dinge wahrnehmen, die kein normaler Mensch sehen könnte. Obwohl Matt Murdock blind ist, funktionieren seine anderen vier Sinne übermenschlich gut. Er ist Daredevil, ein maskierter Held, der sich in den dunklen Straßen der Stadt herumtreibt und für Recht und Ordnung sorgt. Er ist... der Mann ohne Furcht.
Darius R (Japan) (En)	Darius R ist ein Remake des ursprünglichen Darius, das nur in Japan erschienen ist. Es versetzt Sie erneut in das Cockpit des Silverhawk, um die Kräfte intergalaktischer Fische zu besiegen, die die Galaxie bedrohen. Zu den herausragenden Funktionen gehört die Verwendung des klassischen Darius-Level-Auswahlschemas, mit dem das Spiel in verschiedenen Phasen verzweigt werden kann und somit je nach eingeschlagenem Weg eine Reihe unterschiedlicher Enden bietet. Einzigartig für dieses GBA-Remake ist die Möglichkeit, jede Stufe einzeln (sobald Sie sie in der Hauptkampagne freigeschaltet haben) in einem Level-Select-Modus zu spielen.
Dark Arena (USA, Europe)	Fesselnde Ego-Shooter-Action für Einzelkämpfer oder für die Multiplayer-Party unterwegs! Das Jahr 2146. Die United Arms Organization hat das geheime Training ihrer Elitetruppen aufgenommen. Eine genetisch manipulierte und extrem aggressive Spezies wurde herangezüchtet, die den Kämpfern als ultimative Herausforderung zum Training dienen sollte. Doch etwas ging schief: Die mutierten Gegner übernahmen die Kommandozentrale und eliminierten nahezu alle Kämpfer der Einheit. Als einziger Überlebender in der Rolle des Special Operations Officers Bradshaw übernimmt der Spieler die Aufgabe, diese gefährlichen Wesen zu eliminieren und verschiedene Rätsel zu lösen, um einen Ausweg aus der Dark Arena zu finden.
Dave Mirra Freestyle BMX 2 (USA)	In Dave Mirra Freestyle BMX 2 zeigt der 10-fache Weltmeister Dave Mirra seine coolsten, neuesten Tricks. Im Kern ist Dave Mirra Freestyle BMX 2 ein absolut schnelles Spiel mit zahlreichen Tricks und Moves, das die genialen BMX Freestyle Tricks realistisch darstellt. Diesmal gibt es zwei Spielvarianten: interaktive Herausforderungen entwickeln die Grundlagen und im Wettkampf werden dann Kreativität und Fortschritt bewertet. Je weiter der Spieler sich verbessert, desto größer sind die Belohnungen. Dadurch ist eine Langzeitmotivation und hoher Spielspaß gewährleistet.
Dave Mirra Freestyle BMX 3 (USA, Europe)	Er ist endlich wieder da! Dave Mirra, der &quot;König des BMX&quot; feiert seinen dritten Aiftritt exklusiv auf dem GameBoy Advance. Dank der noch verbesserten Aggressive Inline-GBA-Engine sehen die über 1000 Trickvariationen noch spektakulärer aus und der fetzige Soundtrack verwandelt sogar den kleinen GameBoy Advance in einen Mini-Multiplayer Modus via Link-Kabel, indem man in verschiedenen Disziplinen gegen seinen Freund antreten kann.
David Beckham Soccer (USA) (En,Es)	Trainiere wie er - Spiel wie er - Sei einfach wie er! David Beckham Soccer ist eine aufregende und schnelle Fußballsimulation.
Davis Cup (USA) (En,Fr,De,Es,It)	Treten sie an gegen die größten Tennis-Stars aller Zeiten. Nur eine Nation kann den begehrtesten Pokal des Tennis-Sports gewinnen: den Davis Cup. FEATURES: Tennis-Dreamteams: Stellen sie ihr eigenes Davis Cup Team zusammen, trainieren und managen es, damit es gegen die Tennis Stars aus über 140 Nationen bestehen kann. Ball, Satz und Sieg: Spielen sie ein schnelles Einzel, nehmen sie am gesamten Davis Cup Turnier teil oder fordern sie ihre Freunde zu einem spannenden Doppel heraus. Das absolute Davis Cup Ereignis: Schlagen sie ihre Gegner auf Asche, Rasen und Sand.
Dead to Rights (USA)	In DEAD TO RIGHTS schlüpft der Spieler in die Rolle des Polizisten Jack Slate, einem guten Cop in einer bösen Stadt. Schon zu Beginn des Spiels findet Jack seinen Vater ermordet auf und wird selbst des Mordes verdächtigt. Sofort schwört er blutige Rache an dem wahren Mörder. Während er den Tod seines Vaters untersucht, stellen sich ihm allerlei düstere Gestalten in den Weg, die ihm allesamt nicht gerade wohlgesonnen sind. Ausgestattet mit einem reichhaltigen Waffenarsenal bahnt er sich seinen Weg durch 10 riesige Levels, löst diverse Rätsel und kämpft bis zum finalen Showdown mit dem wahren Mörder seines Vaters.
Deal or No Deal (USA)	Deal or No Deal bringt die TV-Sendung zu Ihrem Game Boy Advance! Die Prämisse ist einfach: Sie haben 26 Koffer vor Ihnen. Jeder enthält einen anderen Geldbetrag. Öffnen Sie jeden Fall nacheinander, und versuchen Sie, den Koffer mit der größten Menge an Geld zu finden. Deal oder No Deal?
Defender (USA)	Defender offenbart dem Spieler das ultimative Next-Generation-Action-Shoot-em-Up, bei dem die menschliche Rasse vor einer Invasion der Außerirdischen beschützt werden muss. Steigen Sie in eines Ihrer einsatzbereiten Defender-Raumschiffe, und kämpfen Sie gegen gefährliche Aliens, während Sie Ihr Schiff strategisch durch mehr als 17 spannende Missionen quer durchs Sonnensystem steuern. Retten Sie die Menschheit vor den Außerirdischen, und bringen Sie ein für allemal Frieden in die Galaxis.
Defender of the Crown (USA)	Ursprünglich im Jahr 1986 veröffentlicht, fand Defender of the Crown weltweiten Zuspruch und erntete hohe Wertungen. Im laufe der Zeit wurde es auf nahezu allen Systemen wie z. B. dem Commodore, Amiga und dem Nintendo Entertainment System veröffentlicht und insgesamt mehr als 1.000.000 mal verkauft. Das süchtig machende Spielprinzip mit einer gesunden Mischung aus Strategie und Action feiert nun seinen Einstand auf dem Game Boy Advance und wurde speziell dafür um weitere neue Spielmodi ergänzt und technisch ordentlich aufpoliert.
DemiKids - Light Version (USA)	Das Jahr ist 200X. Jin, Akira und Lena sind Freunde aus der 6. Klasse, die zusammen aufgewachsen sind. Sie sind auch Mitglieder des &quot;Mystery Club&quot;, welcher nach interessanten und mysteriösen Dingen sucht. Während sie sich durch die Schulbibliothek wühlen, finden sie ein mysteriöses Buch mit einer Vielzahl von Zaubersprüchen. Sie werden von Neugier überwältigt und beschließen, ein Beschwörungsritual durchzuführen, ohne auf die Konsequenzen vorbereitet zu sein... Zu ihrer Überraschung erscheint ein böser Dämon und ihre einzige Hoffnung kommt von einer merkwürdigen neuen Mitschülerin, Amy, die Jin und Akira die Kraft gibt, Dämonen zu fangen und zu beschwören durch die Macht des Demiloc. Sie werden außerdem von Rand und Gale begleitet, Schützer-Dämonen, die gesendet wurden, um sie zu schützen.
Demon Driver - Time to Burn Rubber! (USA)	Demon Driver: Time to Burn Some Rubber ist ein Action-Spiel, das von Ignition Entertainment entwickelt und 2004 veröffentlicht wurde.
Denki Blocks! (USA) (En,Es)	Denki Blocks! verwendet ein einziges, einfaches digitales Spielzeugset, um eine Sammlung von „Puzzlespielen“ bereitzustellen. Denki Blocks! wird gespielt, indem Blöcke auf einem Brett herumgeschoben werden. Wenn sich gleichfarbige Blöcke berühren, kleben sie zusammen und bilden Klumpen. Manchmal muss der Spieler alle Blöcke derselben Farbe auf jede erdenkliche Weise verbinden. Manchmal müssen bestimmte Formen hergestellt werden.
Densetsu no Stafy (Japan)	Am Anfang bewegte Stafy Dinge im Pufftop-Palast, bis er stolperte und einige Dinge fallen ließ. Eines davon fiel ins Meer, der magische Krug. Ein Gegenstand der das böse Wesen namens Ogura versiegelt.
Densetsu no Stafy 2 (Japan)	Stafy ist nun wieder zurück im Pufftop-Palast und spielt mit seinem Freund Moe. Ogura, gefangen im magischen Einmachglas, entfesselt seine Kinder in den Himmel. Oguras Kinder verursachen eine Serie an Gewittern und Erdbeben, die den Pufftop-Palast erschüttern, woraufhin das magische Einmachglas zu Boden fällt und Ogura befreit wird.
Densetsu no Stafy 3 (Japan)	Kurz nach Densetsu no Stafy 2 war alles ruhig und alle einschließlich Stafy waren wieder glücklich. Doch ein weiteres schweres Gewitter zog auf und erschütterte den Pufftop Palace e. Diesmal ist es noch schlimmer als zuvor. Ein Blitz schlägt in den Zauberkrug ein und zerstört ihn. Somit Ogura ist wieder befreit.
Desert Strike Advance (USA)	Steuern Sie einen Apache-Kampfhubschrauber und kämpfen sie gegen einen militärischen Tyrannen, der nach globaler Dominanz strebt. Durch das Absolvieren einer anspruchsvollen Serie von riskanten Missionen werden Sie wichtige militärische Ziele eliminieren, Geiseln befreien und die Welt in der Wüste vor dieser Bedrohung befreien!
Dexter's Laboratory - Chess Challenge (USA)	Dexter's Laboratory: Chess Challenge ist ein Videospiel im Stil eines Brettspiels, entwickelt von Virtucraft und veröffentlicht von BAM! Entertainment. Das Spiel basiert auf der Cartoon Network-Zeichentrickserie Dexter's Laboratory sowie auf dem Spiel Battle Chess. Der Spieler verwendet eines von vier Schachsets (Dexter's, Dee Dee's, Mandark's oder Major Glory's) mit Figuren im Stil von Dexter's Laboratory für das traditionelle Schachspiel. Das Schlagen von Figuren wird von animierten Szenen begleitet, die die Niederlage der geschlagenen Figur darstellen. Es gibt auch einen Rätselmodus, der den schwersten Schwierigkeitsgrad freischaltet, wenn er abgeschlossen ist. Ein Versus-Modus erlaubt es zwei Spielern, einen Game Boy Advance hin und her zu tauschen oder auf zwei separaten Game Boy Advances mit zwei Kopien des Spiels gegeneinander zu spielen. Der Schwierigkeitsgrad des Spiels ist auf jüngere Spieler ausgerichtet.
Dexter's Laboratory - Deesaster Strikes! (USA) (En,Fr,De,Es,It)	Dexter hat die ultimative Erfindung gemacht - den Clone-a-matic - aber seine ältere Schwester Dee Dee hat sich wieder eingemischt und sich versehentlich selbst geklont. Und es gibt nicht nur ein Exemplar von ihr. Dexters Labor wird von Mini-Dee Dees heimgesucht, die Dexters wunderbare Experimente zerstören wollen - was für ein Albtraum! Es liegt an den Spielern, Dexter dabei zu helfen, die Dee Dees zu fangen, sein Labor wieder auf Vordermann zu bringen und Dee Dee wieder zu ihrem Single-Dasein zu verhelfen, bevor Mom zum Abendessen ruft.
Diadroids World - Evil Teikoku no Yabou (Japan)	„Diadroids World: Evil Teikoku no Yabou“ ist ein Rollenspiel, das auf dem beliebten Spielzeug „Daidroid“ basiert. Durch das Gewinnen von Kämpfen kannst du „Diamantblöcke“ sammeln, die deinem Daidroid hinzugefügt werden, um es stärker zu machen.
Digimon - Battle Spirit (USA)	Dies ist ein Plattform-Kampfspiel, das auf der Manga/Anime-Serie Digimon basiert. Du kannst gegen die Computer-KI oder im Zwei-Spieler-Modus kämpfen. Es gibt sieben Digimons als spielbare Charaktere zur Auswahl; allesamt sind berühmte Digimon-Charaktere aus der Originalserie, die jeweils mit einem menschlichen Dompteur verbunden sind. Die Kämpfe finden auf einem Plattformsystem statt. Du kannst dich frei bewegen, springen und eine Vielzahl von Nah- und Fernkampfangriffen ausführen. Die Gegner können sich auch gegenseitig mit Statuskrankheiten belegen. In jedem Level finden zufällige Ereignisse statt, die die Leistung der Kämpfer beeinflussen.
Digimon - Battle Spirit 2 (USA) (En,Fr,De,Es,It)	Digimon Battle Spirit 2 auf dem Gameboy Advance ist ein Kampfspiel, das im berühmten Digimon-Universum spielt. Wählen Sie Ihren Kämpfer aus einer Liste von mehreren verschiedenen Digimon und bekämpfen Sie Ihre Gegner mit Strategie und Schnelligkeit.
Digimon Racing (USA) (En,Fr,De,Es,It)	Die Digimon erweisen sich als vielseitige Kreaturen, wenn sie in diesem Rennspiel im Kart-Stil in Autos springen und gegeneinander antreten. Digimon Racing ist das dritte Digimon-Spiel für den Game Boy Advance und bietet alle Funktionen, die Sie von einem Rennspiel erwarten. Es gibt eine gute Auswahl an farbenfrohen und unbeschwerten Strecken (insgesamt 15, darunter eine große Vielfalt an Themen wie Dschungel, Wüsten, belebte Stadtstraßen, Eispisten und kiesbedeckte Hügel), fast ein Dutzend Digimon zur Auswahl und Freischaltung und mehrere Spielmodi, die von Pokalrennen bis hin zu Zeitfahren reichen. Eine Handvoll Boss-Rennen runden die Action ab und stellen eine Herausforderung für die Spieler dar. Die Besonderheit dieses Spiels besteht darin, dass die Rennfahrer auf der Strecke Energie sammeln, um sich in verbesserte Versionen ihrer selbst zu verwandeln. Sobald Sie sich digitalisiert haben, können Sie zusätzliche Angriffskräfte nutzen, um Ihre Gegner weiter zu behindern und Ihr eigenes Digimon vor den anderen zu halten. Während das Einzelspieler-Spiel Sie mit seinen vielen Modi und Charakteren eine Weile beschäftigen wird, glänzt Digimon Racing im Mehrspieler-Bereich wirklich. Da es Unterstützung für bis zu vier Spieler über das Verbindungskabel oder den WLAN-Adapter bietet, ist das Multiplayer-Erlebnis das eigentliche Highlight des Spiels.
Dinotopia - The Timestone Pirates (USA, Europe) (En,Fr,De,Es,It,Nl)	Gefahr! Wütende Dinosaurier stehen kurz vor einer Invasion. Skorbutpiraten sind hungrig nach Schätzen. Und ein uralter Stein von unvorstellbarer Macht ist dabei, in die falschen Hände zu geraten. Steigen Sie in die Lüfte und bereiten Sie sich auf den Kampf vor – nur Sie können die einzigartige Welt von Dinotopia bewahren!
Disney Princess (USA, Europe)	Schaffe dein eigenes glückliches Ende. Jedes kleine Mädchen träumt davon, eines Tages eine Prinzessin zu werden und jetzt ist deine Chance. Spiele als Schneewittchen, Cinderella, Arielle, Dornröschen, Belle und Jasmin, während du nach der magischen Tiara der Freundschaft suchst, um sicherzustellen, dass alle glücklich bis ans Ende ihrer Tage leben. Auf dem Weg wirst du auf viele andere Disney-Charaktere treffen, einschließlich der sieben Zwerge, der guten Feen von Dornröschen und dem Genie von Aladdin, aber pass auf, denn du wirst auch auf den ein oder anderen Bösewicht treffen.
Disney Princess - Royal Adventure (USA)	Disneys Prinzessinnen: Königliches Abenteuer ist ein Action Adventure Abenteuer das auf dem erfolgreichen Franchise basiert: Die Spieler machen sich auf die Suche nach den vermissten Kronen des verzauberten Königreichs. Dabei sammeln sie in verschiedenen Arealen in und rund um das Dorf Punkte, mit denen sie ihre Fähigkeiten entfesseln und verschiedene Welten frei spielen können. Unterwegs erhalten die Spieler prominente Unterstützung von den vier beliebtesten Disney-Prinzessinnen Jasmin, Cinderella, Belle, Ariel, Schneewittchen und Dornröschen.
Disney Sports - Basketball (USA)	Mickey und seine Freunde übernehmen das Gericht! Sind Sie bereit für die schnellste, höchste und härteste Basketballaktion, die Sie je gesehen haben? Disney Sports Basketball bringt übertriebene Moves und originale Locations zum Leben, während Ihre Lieblingsfiguren aus Disney auf dem Platz stehen. Zu den Spielfunktionen gehören 2-gegen-2-Action am Spielfeldrand, 6 Spielmodi, darunter eine ganze Reihe von Minispielen, und über 25 magische Gegenstände, um die Leistung zu steigern.
Disney Sports - Football (USA)	Mach dich bereit für harte Tackles und wilde Touchdowns, wenn Mickey, Goofy und andere Disney-Figuren auf dem Spielfeld stehen. In Disney Sports Football erstellst du ein Team und trittst in vier Modi an: Herausforderung, Pokal, Ausstellung und Training. Es gibt viele Lauf- und Passspielzüge, offensive und defensive Formationen und Turbo-Moves zu meistern, sowie magische Gegenstände, um die Leistung deines Teams zu verbessern. Im Einzel- oder Mehrspielermodus treten Sie in fantastischen Stadien gegen eine Vielzahl von Gegnern an. Dank der einfachen Steuerung und der einzigartigen Kombination aus Disney-Spaß und Football-Action ist dieses Spiel perfekt für Spieler jeden Alters. * 3 Spielmodi - Challenge Cup, Ausstellung und Training * Große Auswahl an offensiven und defensiven Formationen * Umfangreiche Lauf- und Passspielzüge * Über 14 Arten von Magie zur Leistungssteigerung
Disney Sports - Skateboarding (USA)	Können Sie sich Mickey Mouse und die Disney-Gang beim Skateboarden vorstellen? Überlegen Sie nicht länger, denn DISNEY SPORT SKATEBOARDING ist da. Mit 8 riesigen Leveln können Sie Skateboards, Sticker, Outfits und andere coole Sachen sammeln, während Sie in Singleplayer die Straßen abrasieren oder im Multiplayer-Modus kollektives Chaos anrichten.
Disney Sports - Snowboarding (USA)	Bei Disney Sports Snowboarding fährt man auf insgesamt fünf verschiedenen Parcours um die Wette. Zu Beginn wählt der Spieler einen Fahrer aus und tritt mit diesem gegen einen Kontrahenten auf einer Schneepiste an. Jede Spielfigur verfügt dabei über Stärken sowie Schwächen. Während Micky beispielsweise ausgeglichene Fähigkeiten vorweisen kann, sind Chip und Chap äußert agil, können aber im Gegenzug nicht lange in der Luft verharren. Die einzelnen Rennen finden nicht nur auf schneebedeckten Pisten statt, sondern führen auch durch das Weltall oder ein Schloss. Erweitert wird das Spielprinzip mit der Möglichkeit, Tricks auszuführen oder Magie einzusetzen, um so Vorteile im Rennen zu erhalten. Für gewonnene Rennen schaltet man gelegentlich weitere Snowboards frei, zusätzliche Bretter können gegen Punkte eingetauscht werden. Mittels Link-Kabel können freigeschaltete Boards sowie weitere Gegenstände aus anderen Titeln der Serie getauscht werden. Das Spiel bietet verschiedene Einzelspielermodi, darunter eine Rallye sowie Zeit- und Einzelrennen. Darüber hinaus können zwei Spieler in einem Mehrspielermodus gegeneinander antreten.
Disney Sports - Soccer (USA)	Disney Sports Football ist ein Sportspiel für den Gameboy Advance . Wie der Titel vermuten lässt, handelt es sich um ein Fußballspiel, das im Disney-Universum angesiedelt ist. Sie können daher bei Partien im Arcade-Stil mit Ihren Lieblingscharakteren spielen.
Disney's Party (USA, Europe) (En,Fr,De,Es,It)	Onkel Dagobert steht kurz vor der Eröffnung eines neuen Freizeitparks, bis Dr. Nickel auftaucht, die Stromsysteme übernimmt und die magischen Kräfte im ganzen Park verstreut. Damit der Park wieder eröffnet werden kann, müssen Mickey, Minnie, Donald und Daisy die magischen Kräfte finden und den Park wieder in seinen ursprünglichen Zustand versetzen. Um dies zu erreichen, muss die Bande verschiedene Partyspiele absolvieren, während sie auf dem Spielbrett unterwegs ist. Die Spieler würfeln abwechselnd und bewegen ihre Spielfigur. Bestimmte Teile des Spielbretts öffnen Minispiele die absolviert werden müssen um weiterzukommen. Es gewinnt derjenige, der die meisten magischen Kraftsterne hat, die man erhält, wenn man auf blauen Feldern auf dem Spielbrett landet. Es gibt vier Spielbretter, von denen jedes ein eigenes Thema hat, das an eine Fahrt im Vergnügungspark angelehnt ist. Bis zu vier Spieler können mit einer Konsole spielen oder mit vier Konsolen gegeneinander in einer Reihe von Minispielen antreten.
DK - King of Swing (USA)	Das Spiel beginnt während des „Jungle Jam“ -Turniers, bei dem auf Donkey Kong Island ein großes Festival stattfindet. Während des Turniers werden die Medaillen als Preise für verschiedene Wettbewerbe vergeben, z. B. das Brechen von Fässern und das Springen. Der Gewinner heißt „ Held &quot;der Insel. König K. Rool hingegen versucht, das Turnier zu ruinieren und stiehlt alle Medaillen, bevor das Turnier beginnt. Er proklamiert sich selbst als&quot; Held des Dschungels &quot;. Donkey Kong schickt den Kremling-Anführer, um nach allen zu suchen Medaillen, um den Frieden auf der Insel wiederherzustellen.
Dogz (USA)	Dogz ist die erste Haustiersimulation, die es auf dem Game Boy Advance gibt. Der Spieler hat die Auswahl zwischen 18 verschiedenen Hunderassen und kann mit seinem Hund trainieren, oder kleine Spiele bestreiten. Dies geschieht nicht nur zwischen den eigenen vier Wänden, denn ebenfalls in der Nachbarschaft gibt es einiges zu entdecken.
Dogz - Fashion (USA)	Dogz Fashion lässt den Spieler einen niedlichen Welpen adoptieren und ihn in alle möglichen modischen Outfits kleiden, um ihn dann an Modewettbewerben teilnehmen zu lassen.
Dogz 2 (USA)	Dogz 2 ist der Nachfolger der ersten Haustiersimulation für den GameBoy Advance. Der Spieler hat diesmal die Auswahl zwischen 24 verschiedenen Hunderassen und kann mit seinem Hund trainieren oder kleine Spiele bestreiten. Dies geschieht nicht nur in den eigenen vier Wänden, denn ebenfalls in der Nachbarschaft gibt es einiges zu entdecken. Zudem stehen dem Spieler neue Mini-Games zur Verfügung: Hunderennen, ein abgewandeltes Billard-Spiel und ein neues Ball-Spiel, in denen der Spieler sein Geschick beweisen muss.
Dokapon - Monster Hunter (USA)	Dokapon ist ein tiefgründiges, langanhaltendes und fesselndes Rollenspiel, das auf der Insel Dokkano in der Stadt Poponga spielt, einem mystischen Ort voller mystischer Kreaturen. Ihr Ziel ist es, ein lizenzierter Abenteurer zu werden – dazu müssen Sie eine Abenteurerprüfung bestehen. Erfüllen Sie eine Reihe von zugewiesenen Missionen und besiegen Sie dabei alle Arten von Monstern im Kampf. Sobald Sie das Monster besiegt haben, können Sie das Monster einsammeln und es zu Ihrem &quot;Monsterpartner&quot; machen und es in zukünftigen Kämpfen verwenden, um Gegner zu besiegen.
Dokidoki Cooking Series 1 - Komugi-chan no Happy Cake (Japan)	Holen Sie sich Informationen, Items und Rezepte in der Stadt und backen Sie einen Kuchen. Der Teil des Kuchenbackens findet als ein Quiz statt, und wenn Sie die Fragen richtig beantworten, wird sich Ihre Bewertung erhöhen.
Donald Duck Advance (USA)	Durchsuche die Enden der Welt, um Merlock zu finden und zu besiegen, Daisy zu retten und die Energiesphären zu nutzen, die nötig sind, um Gyros Zeitmaschine zu aktivieren. *Verhindern Sie, dass der verrückteste aller Helden seine Beherrschung verliert und in lächerliche Raserei verfällt. *Meistern Sie ein actiongeladenes Gameplay in 18 spannenden Levels. *Spielen Sie ein Spiel, das einen Zeichentrickfilm mit lebendigen Grafiken, verrückten Charakteren und verrückten Soundeffekten miniaturisiert
Donkey Kong Country (USA)	In Donkey Kong Country für Gameboy Advance spielst du als Nintendos berühmter Gorilla. King K. Rool hat Donkeys Bananen gestohlen, und er beschließt, sich auf die Suche nach ihnen zu machen. Zwei Charaktere sind spielbar, Donkey ist größer und stärker, während Diddy schneller ist. Es ist möglich, zu zweit zu spielen, entweder abwechselnd oder in Teams. Tiere helfen dir, bestimmte Levels zu meistern und die Kremlings zu besiegen.
Donkey Kong Country 2 (USA)	Donkey Kong ist zurück, aber oh... er ist in der Gewalt von Feinden und muss gerettet werden. Diddy übernimmt das Kommando und wird in diesem epischen Jump'n'Run-Abenteuer von seiner neuen Freundin Dixie unterstützt. Befreie DK mit Hilfe von Rhinozerossen, Straußen und Fässern und bringe seine Bananen in Sicherheit! In Donkey Kong Country 2 kannst du auch gegen drei deiner Freunde gleichzeitig in spaßigen Minispielen wie Straußenrennen und Hubschrauberjagden antreten. Zahlreiche Trick-Kombinationen der beiden Affen und Dutzende Level machen das Spiel zu einem wahren Affentheater - im positiven Sinne, versteht sich!
Donkey Kong Country 3 (USA)	Besuche Donkey Kong Island erneut und begleite die Kong-Familie bei ihrem neuesten Abenteuer. Die Kremlings haben einen mysteriösen neuen Anführer namens KAOS und treiben wieder einmal ihr übliches Unwesen – sie haben sogar Donkey Kong und Diddy Kong gefangen genommen. Nun liegt es an Dixie Kong und dem neuesten Kong-Mitglied, einem riesigen Kleinkind namens Kiddy, die beiden vermissten Affen zu retten.
Doom (USA, Europe)	Von den legendären Spieleentwicklern von id Software kommt eine explosive Reise in die Albtraumwelt von DOOM. Begeben Sie sich auf eine erschütternde Mission, um die Mars-Mondbasis von Horden dämonischer Kreaturen zu befreien. Navigieren Sie durch die 24 labyrinthartigen Level von DOOM und durchsuchen Sie die Korridore nach geheimen Bereichen und Kampfhilfen, während Sie es mit einem explosiven Arsenal aus Kettengewehren, Plasmagewehren und Raketenwerfern mit Dämonen aus der Hölle aufnehmen. Verwenden Sie das Game Boy Advance Game Link®-Kabel, um sich mit einem Freund zusammenzuschließen und gemeinsam die Level zu meistern, oder verbinden Sie bis zu vier Spieler für das ultimative Deathmatch.
Doom II (USA)	Erlebe eine explosive Reise in die albtraumhafte Welt von Doom. Begib Dich auf einen schonungslosen Kampfeinsatz und säubere die Erde von ganzen Horden dämonischer Kreaturen. Kämpfe Dich durch die labyrinthartigen Level von Doom, durchforste die Korridore nach geheimen Zonen und Hilfsmitteln und zeige den der Hölle entsprungenen Monstern den Weg dorthin zurück. Viel Glück!
Dora the Explorer - Super Star Adventures! (USA)	Dora the Explorer: The Adventures of the Super Stars für Gameboy Advance ist ein Abenteuerspiel für jüngere Kinder, in dem du dich auf die Suche nach Sternen machst und dabei die bekanntesten Schauplätze des Zeichentrickfilms aufsuchst. Es gibt drei Aufgaben: Du musst Sterne in einer Umgebung finden, in einer Plattform-Phase ans Ziel kommen und schließlich eine Denkphase durchlaufen, in der du einen bestimmten Gegenstand zu einer bestimmten Person bringen oder eine bestimmte Note auf einem Xylophon spielen musst.
Dora the Explorer - The Search for the Pirate Pig's Treasure (USA)	In „Dora the Explorer: The Search for the Pirate Pig's Treasure“ haben Dora und Boots die Aufgabe, den verlorenen Schatz des Piraten-Schweins zu finden. Mit der Unterstützung von Karte, Rucksack und dir überwinden sie lustige und knifflige Hindernisse. Der Rucksack enthält alles, was für das Abenteuer benötigt wird, aber Vorsicht vor Swiper dem Fuchs – er könnte wichtige Gegenstände für die Reise stibitzen!
Double Dragon Advance (USA)	Nachdem ein Atomkrieg die Welt in Schutt und Asche gelegt hat, treten kriminelle Banden als neue Herrscher aus den Ruinen hervor und übernehen die Kontrolle über die Stadt. Die Zwillingsbrüder Jimmy und Billy Lee überleben das katastrophale Ereignis mit intakten Kampfkunstfähigkeiten, doch Billys Freundin wird bald von mysteriösen Schlägern entführt. Jetzt liegt es an euch, beide Brüder durch verschiedene Level voller Feinde und Bossgegner zu steuern. Egal, ob Du alleine oder kooperativ mit einem Freund spielst, Du musst neue Techniken und den Umgang mit Waffen beherrschen, um das Mädchen zu finden und die Bösewichte zu erledigen.
Doubutsu-jima no Chobigurumi 2 - Tama-chan Monogatari (Japan)	A lost child who washed up on Animal Island? Tama-chan? Let's take her to meet her mommy. Play mini-games and collect the necessary items. You can also enjoy making sweets.
Downforce (Europe) (En,Fr,De,Es,It)	Eine Gruppe von Fahrern und Teams hat sich, nachdem sie zu lange durch Regeln und Vorschriften behindert wurden, von der Formel 1 Meisterschaft getrennt. Die Rennen sind langweilig geworden, Überholmanöver und reiner Rennsport sind in ihren Augen auf einem historischen Tiefstand. Diese neue Rennliga wurde als zu gefährlich verurteilt und darf nicht mehr auf Rennstrecken in aller Welt fahren. Stattdessen finden nun die Rennen in und um Großstädte statt. Die Autos nutzen alle heute verfügbaren Technologien, um die Geschwindigkeit und den &quot;Abtrieb&quot; zu erhöhen. Da die Regeln nun weniger streng sind, haben sich die Teams in verschiedene Richtungen weiter entwickelt und eine Vielzahl verbesserte Superautos entwickelt.
Dr. Muto (Europe) (En,Fr,De,Es,It)	Du bist Dr. Muto, ein wahnsinniger und genial verrückter Wissenschaftler, dessen neuestes Experiment versehentlich seinen eigenen Heimatplaneten (mit Ausnahme seines Labors) zerstört hat! Dr. Muto wird seine neueste Erfindung, die Splizz Gun, nutzen, um zu mutieren und sich in jeden lebenden Organismus zu verwandeln, um Aufgaben zu erfüllen, die kein Mensch alleine bewältigen könnte. Durch eine simple Entnahme einer DNA-Probe kann sich der Arzt in eine Spinne, eine Maus, einen Gorilla oder ein anderes Lebewesen verwandeln. Jetzt muss er seine teuflischen Geräte und seine Verwandlungsfähigkeit nutzen, um organische Materie von den Nachbarplaneten zu stehlen, damit er seine Welt wieder aufzubauen kann.
Dr. Sudoku (USA)	Das seltsame Zahlenspiel, das man immer wieder in Zeitungen sieht, ist jetzt auch für den GameBoy Advance erhältlich. Sudoku ist ein Logik-Puzzle-Spiel, bei dem ein 27x27-Quadrat teilweise mit Zahlen ausgefüllt ist. Ziel des Spiels ist es, die leeren Quadrate so auszufüllen, dass in jeder Spalte, jeder Zeile und jedem 3x3-Quadrat eine Zahl von 1-9 eingetragen ist... ohne Wiederholung. Dr. Sudoku enthält 1.000 Rätsel, die vom führenden Entwickler von Sudoku, der Skynet Corporation aus Japan, entwickelt wurden. Wenn Sie das Spiel noch nicht kennen, haben Sie keine Angst - zusätzlich zu den leicht zugänglichen Hinweisen bietet Dr. Sudoku einen Lernmodus, der Sie durch das Spiel führt. Sie können den Doktor auch bitten, zu überprüfen, ob ein Rätsel tatsächlich lösbar ist. Eine weitere Funktion ist der &quot;Originalmodus&quot;, mit dem Sie Ihre eigenen Rätsel erstellen können (damit können Sie Rätsel aus der Zeitung auf Ihren GBA übertragen).
Dragon Ball - Advanced Adventure (USA)	Jede Suche hat einen Anfang, jede Saga ihren Ursprung. In Dragonball - Advanced Adventure übernimmst Du wahlweise die Rolle der Helden Goku oder Krillin, um sämtliche Schlüsselmomente der Originalserie hautnah zu erleben: Stell Dich der Red Ribbon Army, gewinne die World Tournament und zerstöre Piccolos finstere Absichten! Neben drei unterschiedlichen Spielmodi für ein bis zwei Spieler sorgen zahlreiche Mini-Games für weitere Action.
Dragon Ball GT - Transformation (USA)	Spielen Sie als einer von sieben spielbaren DBGT Charakteren einschließlich Goku, Trunks, Pan und Uub. Nutzen Sie die Switch-Steuerung von Dragon Ball GT Transformation für den GameBoy Advance zwischen Goku, Trunks und Pan und anderen Figuren. Treten Sie mit Dragon Ball GT Transformation für den GameBoy Advance gegen General Rilldo, Luud, Baby und anderen intergalaktischen Schurken an. Kämpfen Sie sich durch die DBGT Storyline von der Kinder-Goku Saga bis zur Baby Saga.
Dragon Ball Z - Buu's Fury (USA)	Dragon Ball Z: Buu's Fury beginnt mit der Andere Welt Turnier Saga und setzt sich in der Kid Buu Saga fort, dem letzten Kapitel der Geschichte von Dragon Ball Z. In einem Spiel, das Action- und Rollenspielelemente mit Erkundung, Feinden, Bossgegnern, Rätseln und Quests kombiniert, ist es Ihr ultimatives Ziel, Buu zu besiegen. Wählen Sie für jede Mission den besten Charakter Goku, Vegeta, Gohan, Goten oder Trunks, erstellen Sie bei Bedarf Fusionscharaktere und entfesseln Sie mächtige Angriffskombinationen und Super-Moves.
Dragon Ball Z - Collectible Card Game (USA)	Dragon Ball Z Collectible Card Game ist ein Strategiespiel für den Gameboy Advance. Du spielst eine der folgenden vier Figuren: Goku, Gohan, Garlic Junior oder Frieza und verfügen über ihr zugehöriges Deck. Das Spiel geht über fünf Runden, wobei die letzte Runde gegen Cell gespielt wird. Am Ende des Spiels schalten Sie einen der Charaktere frei, gegen die Sie antreten, wobei das Ziel letztlich darin besteht, alle Charaktere freizuschalten.
Dragon Ball Z - Supersonic Warriors (USA)	Anime-Fans steht ein heißer Sommer bevor - Dragon Ball Z: Supersonic Warriors vereint die legendären Kämpfer aus einer der erfolgreichsten Anime-TV-Serien aller Zeiten in einem actiongeladenen Abenteuer der Superlative. Erleben Sie Goku, Gotenks, Majin Buu, Cell, Android #18, Dr. Gero, Frieza, Captain Ginyu, Trunks, Vegeta, Krillin, Piccolo und Gohan, die ihren Widersachern in packenden Kämpfen kräftig einheizen. Rasante, hochdetaillierte Grafik, komplexe Kampftechniken und ein spannender Storyplot machen Dragon Ball Z: Supersonic Warriors zu einer Spielerfahrung, die sich kein Dragon Ball Z- Fan entgehen lassen sollte.
Dragon Ball Z - Taiketsu (USA)	Spielen Sie als einer der 16 beliebtesten Dragon Ball Z Charaktere - inklusive des mächtigen Broly! Im Kampf können gewaltige Kombos und Supermoves eingesetzt werden, egal ob Sie alleine oder gegen Freunde in Multiplayer-Matches antreten. Ihre Herausforderung ist es, sich bis an die Spitze zu kämpfen - sind sie bereit für den Kampf?
Dragon Ball Z - The Legacy of Goku (USA)	Dragon Ball Z - Das Erbe des Goku lässt dem Spieler an einer fantastischen Reise durch das Universum teilhaben, um den Erzfeind Frieza zu besiegen. Gohan ist entführt worden. Der Frieden steht auf dem Spiel. Alles hängt von Ihren Fähigkeiten ab, um Gohans Vater Goku im Kampf gegen seine Feinde zu unterstützen. Tauchen Sie ein in ein Action-Adventure zur angesagtesten TV-Serie Deutschlands.
Dragon Ball Z - The Legacy of Goku II (USA)	Dragon Ball Z Das Erbe des Goku II ist ein Action Adventure Spiel. Das Spiel handelt in der Zukunft, sowie in der Gegenwart. In der Zukunft zerstören zwei Androide die Zivilisation der Erde. Der mittlerweile erwachsene Sohn des Goku, Gohan trainiert in dem Spiel die Trunks im Kampf gegen die Androiden. Gohan, der außergewöhnliche Kräfte besitzt, ist dennoch nicht im Stande die Übermacht zu bezwingen. Mit dem Ende des ersten Teiles des Spiels Das Erbe des Goku, geht hier der zweite Teil weiter. Die Gegenwart sieht hier so aus, dass ein Jahr vergangen ist, seitdem Goku seinen Erzfeind Frieza auf dem Planeten Nemesik besiegt hat. Gokus Familie wartet indes hoffnungsvoll auf eine Nachricht von Goku und seinen jetzigen Aufenthaltsort, als sie unerwartet mit dem wiedrbelebten Frieza und dessen Vater, King Cold, konfrontiert werden. Ein geheimnisvoller Teenager taucht auf und Friezas Plan zur Zerstörung der Erde, wird zunächst verhindert. Der Jugendliche verkündet unheilvolles über die Zukunft der Erde, doch er ahnt nicht, das es noch eine schlimmere Bedrohung für die Erde gibt, das Spiel beginnt.
Dragon Quest Monsters - Caravan Heart (Japan)	Der Protagonist ist Kiefer, der ursprünglich in Dragon Warrior VII erschien. An Prinz Keifers 10. Geburtstag suchte der Prinz nach einem Weg, um ein wenig Ärger zu verursachen, und floh aus der Burg von Great Estard. Das macht seinen Vater wütend und als Keifer endlich gefangen genommen wird, versteckt er sich in seinem Zimmer. Während Magarugi sich im Schrank versteckt, einer maskierten Gestalt, die sich die Herrin der Illusionen nennt, erscheint sie und sagt Keifer, dass er einen Wunsch erhalten wird, wenn er die Lotuskugeln findet. Keifer wird in das Geisterreich von Torland, der Welt von Dragon Quest II, hineingezogen. Als er zum ersten Mal ankommt, trifft er auf eine Karawane mit einem schwachen Anführer, Luin. Luin sucht auch nach den Kugeln, um seine kranken Eltern zu retten. Nach ihrem ersten gemeinsamen Kampf bittet die Karawane Keifer, sie zu führen. Gemeinsam müssen sie die Welt bereisen, um ein Heilmittel für Luins kranke Eltern zu finden und Keifer die Rückkehr nach Estard Island zu ermöglichen.
Dragon's Rock (Europe) (En,Fr,De,Es,It)	Die Zwillinge Julia und Julius sind dabei ihre große Drachenprüfung abzulegen. Auf ihrem Weg erwarten sie viele Aufgaben und Abenteuer.
Drill Dozer (USA)	Drill Dozer für den GBA ist ein Actionspiel, in dem du eine kleine Figur steuerst, die auf der Spur eines von Räubern gestohlenen Edelsteins ist. Der Spieler bewegt sich in einem Gerät namens Breakall Drillbot, das in der Lage ist, alles auf seinem Weg zu zerquetschen. Ändern Sie die Rotation des Geräts mit den Triggern der Konsole, um sich schnell fortzubewegen.
Driv3r (USA)	Dem Undercover Agenten Tanner - genannt &quot;Der Fahrer&quot;- ist jedes Mittel recht, um eine weltweite agierende Bande von Autodieben hochgehen zu lassen. Als einer der Ihren getarnt, nimmt er an rasanten Verfolgungsjagden und Schießereien teil, die ihn über 3 Kontinente führen.
Driven (USA) (En,Fr,De,Es,It)	Driven ist ein F1-Rennspiel in Vogelperspektive, das realistische Aspekte des Sports mit einigen skurrilen, vom Film inspirierten Elementen kombiniert. Im Story-Modus des Spiels schlüpfen Sie abwechselnd in die Rollen von Joe Tanto und Jimmy Bly mit dem Ziel, 12 Ziele aus dem Film zu erfüllen.
Driver 2 Advance (USA)	Steigen Sie hinter das Lenkrad und kehren Sie auf die Straßen zurück, als Tanner, der weltweit schnellste Undercover-Fahrer. Ein internationaler Bandenkrieg ist ausgebrochen und Sie befinden sich im Kreuzfeuer. Erleben Sie das völlig neue urbane Chaos, während Sie es mit US-amerikanischen und brasilianischen Gangstern zu tuen haben.
Droopy's Tennis Open (Europe) (En,Fr,De,Es,It,Nl)	Ähnlich wie bei anderen Videospielen, die auf Tennis basieren, wie z. B. Mario Tennis, besteht das grundlegende Gameplay aus traditionellen Tennismatches. Jeder der spielbaren Charaktere, darunter: Droopy, McWolf, Butch, Bubbles Vavoom, Dripple und Screwy Squirrel haben ihre eigenen einzigartigen Eigenschaften und Stärken. Das Spiel enthält sechs Spielfelder, die auf Orten aus der Serie basieren, wie dem Nordpol und dem Wilden Westen. Das Spiel enthält die Modi Arcade, Turnier und Multiplayer. Im Arcade-Modus &quot;Cartoon&quot; können die Spieler ihren Gegner mit Fallen, Zeitbomben, mehreren Bällen, einem Netz, Hammerschlägern, Dampfwalzen, Federn, Meteoritenbällen und Käfigen ablenken und angreifen. Der Mehrspielermodus des Spiels ermöglicht bis zu vier Spielern über das Link Cable-Zubehör und die Unterstützung mehrerer Karten.
Dual Blades (USA)	Dual Blades ist ein seitlich scrollendes Kampfspiel, das im Jahr 150 v. Chr. im Hunnenreich spielt. Der größte Krieger der Welt, Alperen, hat unglaubliche Energie erlangt, indem er seine Seele mit Dual Blades, einem mysteriösen Schwert, verschmolzen hat. Das Schwert verleiht ihm Kräfte jenseits des Glaubens und Unsterblichkeit. Alle Kämpfer aus der Vergangenheit und der Zukunft werden herbeigerufen, um gegen ihn für seine Unsterblichkeit zu kämpfen oder den Tod zu akzeptieren. Das Spiel bietet Kopf-an-Kopf-Kampfaction mit einer Auswahl von 9 einzigartigen Charakteren. Die Charaktergrafiken sind großartig und finden in bunten, mehrfach scrollenden Arenen statt. Es gibt einzigartige Funktionen im Spiel, darunter Combos, Blut und grausame Todesstöße. Das Gameplay umfasst die Arcade-, Versus-, Battle- und Trainingsmodi. Zwei Spieler können über das Game Link-Kabel gegeneinander antreten.
Duel Masters - Kaijudo Showdown (USA)	Bereite dich auf intensive Turnierkämpfe in diesem Kartenspiel vor, das Charaktere aus der animierten Serie Duel Masters präsentiert. In Kaijudo Showdown musst du ein kämpfendes Deck aus 300 Duel Masters-Karten zusammenstellen, mit dem du deine Gegner besiegen musst. Während du gegen verschiedene Gegner antrittst, verbesserst du deine Fähigkeiten und löst das Geheimnis um die verschwundenen Artefakte. Mit einem Game Boy Advance Link-Kabel kannst du gegen deinen Freund kämpfen oder Karten tauschen.
Duel Masters - Sempai Legends (USA)	Werde ein wahrer Kaijudo-Meister! Schaffe das ultimative Kampfdeck, um mächtige Kreaturen zu beschwören, unschlagbare Zauber zu sprechen und wilde Attacken zu entfesseln. Gib niemals auf, vertraue dir selbst und gib alles - dann kannst du nicht verlieren! FEATURES - Begib dich auf die Suche nach einem Satz mächtiger Karten, die von einem mysteriösen Fremden gestohlen wurden - Trainiere und spiele mit allen Karten des Duel Masters Basis-Packs und des Erweiterungs-Packs Evo - Exterminatoren - Nimm an Turnieren teil, gewinne Karten und vermehre deinen Ruhm - Spiele mit deinen Freunden und tausche Karten mithilfe des Gameboy Advance - Game Link Kabel.
Duel Masters - Shadow of the Code (USA)	Deine Talente sind legendär. Deine Anhänger wollen Autogramme von Dir und sämtliche Ladenbesitzer möchten gern Deine Sponsoren werden. Doch bald erkennst Du, dass Du mit Ruhm allein in den dunklen Ecken der Kreaturenwelt nicht weit kommst!
Duke Nukem Advance (World) (En,Fr,De,It) (Evercade)	Los científicos extraterrestres están trabajando para apoderarse de la Tierra y ya han ocupado la base militar secreta, el Área 51. Pero poco saben que Duke Nukem está de vuelta y en su caso, y viajará por todo el mundo, desde Egipto hasta Australia. , para asegurarse de que le hayan disparado, congelado y / o estampado en cada uno de estos bichos; y recoger a algunas chicas mientras está en eso. Hay 19 etapas por completar, cada una con sus propios secretos y tarjetas de colores, sin mencionar a los alienígenas desagradables. Algunas de las armas clásicas están de moda, el rayo retráctil y el congelador, por ejemplo. Y también hay algunos viejos villanos, como el Pig Cop favorito de todos los tiempos. Se pueden vincular hasta 4 GBA para el modo Deathmatch multijugador, pero cada jugador debe tener su propio gamepak.
Dungeons & Dragons - Eye of the Beholder (USA)	Dungeons & Dragons: Eye of the Beholder ist eine moderne Nacherzählung des allgemein beliebten PC-Klassikers Eye of the Beholder . Ein neues Böse ist auf die friedliche Stadt Waterdeep gefallen und Sie wurden aufgerufen, ihre Quelle zu entdecken und sie zu zerstören. Während Sie sich auf eine epische Odyssey mit einer Band furchtloser Abenteurer vorbereiten, müssen Sie sich auf die Konfrontation mit unzähligen Feinden und Hindernissen vorbereiten. Sie beginnen das Abenteuer, indem Sie eine Party von bis zu sechs Figuren aus den Rennen des vergessenen Realms erschaffen: Mensch, Half-Elf, Half-Orc, Lightfoot Halfing, Shield Zwarf, Mond-Elf und Rock Gnom – und anderen Fähigkeiten und Funktionen kreieren. Rüsten Sie Ihre Charaktere mit mehr als 60 Standard- und 30 magischen Gegenständen und über 70 arkanen und göttlichen Zaubersprüchen aus und steigen Sie bis auf die siebte Ebene. Es gibt auch Möglichkeiten, nicht spielerische Charaktere anzuschließen und die Party zu verbessern, während Sie sich mit einer Vielzahl interaktiver Rätsel und Begegnungen in Ego-Person entdecken.
Dynasty Warriors Advance (USA)	Dynasty Warriors Advance ist eine Game Boy Advance-Adaption des Dynasty Warriors-Franchise. Basierend auf der &quot;Drei-Königreiche-Periode&quot; des alten China findet sie am Ende der Han-Dynastie im Jahr 190 n. Chr. Statt. Während die vorherige Regierung zusammenbricht, erheben sich Kriegsherren und kämpfen untereinander und errichten schließlich drei mächtige Königreiche: Wei, Wu und Shu. Generäle aus jeder dieser Nationen kämpfen die nächsten 100 Jahre untereinander und versuchen, die dominierende Macht zu werden. Dynasty Warriors Advance ist ein rundenbasiertes Strategie-Brettspiel von oben nach unten, das sich jedoch auf Action-Kämpfe konzentriert. Da es auf den früheren Dynasty Warriors-Titeln basiert, werden viele der gleichen Konzepte übernommen. Die Spieler wählen zunächst einen von drei verfügbaren Charakteren aus den Ländern Wu, Shu oder Wei aus. Jeder Charakter hat seine eigene Handlung und Mission. Für jede Mission wird eine Einweisung gegeben, in der bestimmte Ziele aufgeführt sind, bevor der Spieler sich im Lager mit Waffen und Fähigkeiten ausrüsten kann. Einmal begonnen, bewegt der Spieler die entworfene Anzahl von Feldern (bestimmt durch Bewegung) um das &quot;Brett&quot;. Wenn ein feindlicher Spieler angetroffen wird, wechselt das Spiel in einen Top-Down-Action-Kampfmodus. Hier greift der Spieler mit einem Knopf an, mit einem anderen, um aufzuladen, und mit einem anderen, um nach dem Einschalten einen Misou-Spezialangriff auszulösen. Misou-Energie wird durch erfolgreich angreifende feindliche Einheiten aufgeladen. Der Erfolg des Spielers gegen die feindliche Einheit bestimmt die &quot;Heide&quot; der Einheit und wird vollständig zerstört, wenn alle Einheiten zerstört werden. Einige feindliche Einheiten enthalten nicht nur Soldaten, sondern auch feindliche Generäle, die ihre eigenen Spezialbewegungen und eine größere Gesundheit haben. Viele Missionen haben bestimmte Ziele, anstatt nur alle Feinde zu besiegen.
E.T. - The Extra-Terrestrial (USA)	Erlebe in diesem GBA-Titel die besten Momente des Filmklassikers E.T. The Extra-Terrestrial noch einmal. Suchen Sie die Teile des Transmitters und bauen Sie ihn zusammen, damit E.T. seine Heimatwelt kontaktieren kann (auch bekannt als &quot;Phone Home&quot;) und entkommen Sie dann der Polizei, dem FBI und den Wissenschaftlern, um zum Landeplatz des Raumschiffs zu gelangen. Spiele sowohl als E.T. als auch als Elliott in vollständig interaktiven Umgebungen und spiele Levels, die auf Schlüsselszenen des Films basieren (z. B. der Kontakt mit der Heimatwelt, die Verfolgungsjagd mit dem Fahrrad und mehr).
Earthworm Jim (USA, Europe)	Die böse, geschwollene, eiternde, verschwitzte, mit Eiter gefüllte und missgebildete Königin Slug for a Butt befiehlt Professor Monkey Head, ein Kostüm zu kreieren, mit dem sie so schön sein kann wie ihre Schwester &quot;Wie heißt sie?&quot;. 4 Der Anzug wird jedoch gestohlen und fällt versehentlich auf den Planeten Erde auf einen Regenwurm namens Jim. Im Anzug durchläuft der Wurm eine Metamorphose und verwandelt sich in einen Superhelden, der seine bis jetzt größten Feinde, die Krähen, besiegen kann. Dieser Anzug wird von Psy-Crow gesucht, einem Kopfgeldjäger, der von Queen Slug geschickt wurde. Er entdeckt den Ort, an dem der Anzug gefallen ist und ruft die Königin an, um ihr mitzuteilen, dass er ihn abholen wird. Jim versteckt sich hinter einem Baum und erfährt von der Absicht der Königin in Bezug auf das Kostüm und die ungewöhnliche Schönheit der Prinzessin &quot;Wie heißt sie?&quot;. Jim sehnt sich nach ihr, springt auf seine Rakete und beginnt die Suche nach der Prinzessin, bevor Psy-Crow ihn finden kann.
Earthworm Jim 2 (USA)	Ein gewöhnlicher, durchschnittlicher Regenwurm namens Jim geht seinem normalen Alltagsleben nach, indem er Krähen ausweicht und andere allgemeine wurmartige Dinge tut. Plötzlich wird Jim von einem sehr großen, ultrahochtechnischen, unzerstörbaren Super-Weltraum-Cyber-Anzug angegriffen. Durch reines Glück befindet sich Jim sicher im Halsring des Anzugs. Plötzlich beginnen die ultrahochtechnischen Raumfahrtpartikel des Anzugs mit Jims weichem, wurmigem Fleisch zu interagieren. Es findet eine radikale Evolution in Lichtgeschwindigkeit statt. Jim merkt bald, dass er die Kontrolle über den Anzug hat. Das Gameplay ähnelt dem des ersten Spiels, in dem Jim durch die Levels springt und läuft. Es gibt 5 Waffen mehr als im Originalspiel zu sammeln. Charaktere wie Princess Whats-Her-Name und Psy-Crow tauchen auf.
Ecks vs Sever (USA) (En,Fr,De,Es,It)	„Ecks vs. Sever“ ist ein spannendes Spiel, bei dem der Spieler die Wahl hat, entweder als Ecks, ein ehemaliger FBI-Agent, oder als Sever, eine tödliche Auftragsmörderin, zu spielen. Die Handlung entfaltet sich durch die Jagd und das Katz-und-Maus-Spiel zwischen den beiden, während sie allmählich erkennen, dass sie Teil einer größeren Regierungsverschwörung sind. Jede Figur hat ihre eigenen Missionen und Perspektiven, die die Spielerfahrung stark beeinflussen, selbst wenn die Schauplätze oft ähnlich sind. Das Spiel bietet zudem einen Mehrspielermodus für bis zu vier Spieler mit abwechslungsreichen Modi wie Deathmatch, Attentat und Bombenbau, die für zusätzlichen Nervenkitzel sorgen.
Ed, Edd n Eddy - Jawbreakers! (USA)	Ed, Edd n Eddy: Jawbreakers! ist ein 2D-Side-Scrolling-Videospiel, das von der Climax Group entwickelt und von BAM! Entertainment veröffentlicht wurde, wobei der europäische Vertrieb von Acclaim Entertainment übernommen wurde. Es wurde in den USA am 15. September 2002 exklusiv für den Game Boy Advance veröffentlicht. Das Spiel handelt von Ed, Edd (Double Dee) und Eddys aus der gleichnamigen Cartoon Network Serie und ihrer Mission, Geld zu verdienen, um Kieferbrecher zu kaufen.
Ed, Edd n Eddy - The Mis-Edventures (USA) (En,Fr)	Midway bringt mit ED, EDD, N EDDY: MIS-EDVENTURES den schrägen Humor der Cartoon-Network-Serie auf den Game Boy Advance. Im Spiel begleiten die Spieler die drei Freunde Ed, Edd und Eddy, die zwar denselben Namen tragen, aber sehr unterschiedliche Fähigkeiten besitzen: Ed ist stark und kann schwere Objekte bewegen, Edd versteht sich auf Maschinen und Werkzeuge, während Eddy mit List und Stinkbomben Gegner vertreibt. Zwischen den Figuren lässt sich jederzeit wechseln, um die abwechslungsreichen und oft verrückten Levels zu meistern. Neben individuellen Fähigkeiten gibt es besondere Team-Aktionen, bei denen alle drei zusammenarbeiten. Die Aufgaben reichen von kuriosen Geschäftsideen wie dem Verkauf von Schneekugeln bis hin zu kleinen Gaunereien, bei denen gestohlen, getrickst und improvisiert wird. Damit fängt das Spiel perfekt den chaotischen Charme und Witz der Serie ein und macht Fans wie Neueinsteigern gleichermaßen Spaß.
Egg Mania (USA) (En,Fr,Es)	Als Eggo-Bauer ist es deine Aufgabe, Puzzleteile die aus der Luft abgeworfen werden zu sortieren und zu organisieren, um Plattformen zusammenzusetzen die allmählich einen Turm über einem stetig steigenden Ozean bilden. Da Wasser schnell durch unvollständige Etagen nach oben dringt, ist es wichtig vollständige Plattformen zu bauen um den Anstieg des Wassers zu verlangsamen. Das Ziel ist es, den Ballon zu erreichen der hoch am Himmel schwebt. Allerdings, um die Dinge zu komplizieren, streifen turmstürzende und stehlende Feinde in den Tiefen und schweben in den Lüften, auf der Suche nach Möglichkeiten deinen Geist zu ertränken - also sei schnell!!
Elemix! (Japan)	In „Elemix!“ schlüpfen Sie in die Rolle von Prinz Skip, der mithilfe des heiligen „Elementar-Rings“ die Mächte von Feuer, Eis und Erde beherrscht. Das Land Galiant wird von Monstern bedroht, die der böse Marius entsandt hat, der zudem König Graccus, Skips Vater, entführt hat. Nach Ihrer Rückkehr in die Stadt Kanne nach dem Training finden Sie die Bewohner unter Angriff vor und kämpfen sich durch die Feinde, um Antworten zu finden und das Land zu retten.
Elf - The Movie (USA) (En,Fr,De,Es,It)	Elf: The Movie basiert auf dem gleichnamigen Film und erzählt die Geschichte von Buddy, einem Menschen, der von Elfen am Nordpol aufgezogen wurde. Nach 30 Jahren merkt Buddy, dass er nicht mehr hineinpasst, und begibt sich nach New York, um seinen echten Vater zu finden. Spieler übernehmen die Rolle von Buddy und navigieren durch 10 Level, die vom Film inspiriert sind, oder treten in drei Mini-Spielen an. Auf dem Weg begegnet Buddy Herausforderungen wie Eisbergen, Manhattan-Verkehr und anderen Hindernissen. Das Ziel: Santa helfen und den Weihnachtsgeist verbreiten!
Elf Bowling 1 & 2 (USA)	„Elf Bowling 1“ ist ein Spiel, in dem du Santa hilfst, Weihnachten vor den gierigen Elfen zu retten. Ausgestattet mit Bowling-Skates und einer glänzenden Weihnachtskugel zeigst du den Elfen, was „Strike“ wirklich bedeutet. In „Elf Bowling 2 – 'Elves in Paradise'“ kehren die schadenfrohen Elfen zurück, aber diesmal gesellt sich Santas räuberischer Bruder, Dingle Kringle, zu ihnen auf einem Kreuzfahrtschiff, das zu einem Inselabenteuer führt. Dort treten sie in einem verrückten Shuffleboard-Turnier an, bei dem die Elfen als „Pucks“ fungieren und ihre eigene, bunte Kommentierung bieten.
Enchanted - Once Upon Andalasia (USA) (En,Fr)	Tauchen Sie ein in das offizielle Spiel, das auf dem Disney-Animationsfilm basiert. Die Geschichte handelt von Prinzessin Giselle, die von einer bösen Königin aus ihrem magischen, musikalisch animierten Königreich verbannt wird und in der harten Realität des modernen Manhattan landet. Verblüfft über eine Welt, in der es kein Happy End gibt, muss sich Giselle in einer chaotischen Umgebung zurechtfinden, die dringend einen Hauch von Charme braucht.
Eragon (USA)	Eragon für den Game Boy Advance ist ein traditionelles rundenbasiertes Rollenspiel mit einem Kampfsystem, bei dem Bewegung und Action im Vordergrund stehen. Spieler nutzen Kombinationen aus Zaubersprüchen, Nahkampfangriffen und Fernkampfangriffen, um Urgals, Diebe, Soldaten und andere verschiedene Feinde zu bekämpfen. Dies ist ein Rollenspiel, bei dem die Kampfstrategie eine Schlüsselrolle für den Erfolg spielt. Spieler können die RPG-Mechanik nutzen, um Angriffs- und Verteidigungstränke herzustellen, bessere Rüstungen und Waffen herzustellen, Angriffs- und Verteidigungszauber zu erlernen oder Fährtenleser zu werden, die in der Lage sind, versteckte Begegnungen zu finden. Dieses Design regt zum Experimentieren an, eröffnet viele strategische Möglichkeiten und ermöglicht viel Wiederspielbarkeit. Der Spieler übernimmt die Rolle von Eragon, einem kleinen Jungen mit mysteriöser Herkunft und einer wichtigen Zukunft, auf seiner gefährlichen Reise, um seinen Vater zu rächen, die Frau seiner Träume zu retten und sich mit den Varden in ihrem Krieg gegen König Galbatorix zu verbünden. Auf diesem Abenteuer trifft Eragon auf viele Verbündete; Brom, die alte, schrumpelige Geschichtenerzählerin, Ayra, die Elfenwächterin des Dracheneis, Murtagh, die Waise mit einer unruhigen Vergangenheit, Angela, eine Kräuterkundige Hexe, und ein mächtiger Drache, der dabei helfen wird, Eragons wahres Schicksal zu enthüllen.
ESPN Final Round Golf 2002 (USA)	Das Spiel bietet 14 talentierte Golfer als spielbare Charaktere, 5 wunderschön modellierte Golfplätze und eine Vielzahl von verschiedenen Schlägern für unterschiedliche Anwendungen. Das Spiel bietet außerdem wechselnde Wetterbedingungen und andere realistische Faktoren. Wenn du weiter übst, kannst du deine Fähigkeiten vielleicht sogar auf das echte Golfspiel übertragen!
ESPN X-Games Skateboarding (USA)	Die X-Games könnten als die Olympischen Spiele der Generation X angesehen werden. Jetzt hat eines der wichtigsten Events, das Skateboarden, mit ESPN X GAMES SKATEBOARDING seinen Weg auf den Game Boy Advance gefunden. Wähle zwischen den acht Profi-Skatern Bob Burnquist, Carlos DeAndrade, Chad Fernandez, Kerry Getz, Rick McCrank, Colin McKay, Chris Senn und Lincoln Ueda sowie 64 lizenzierten Decks und mach dich bereit, auf den Straßen, Bürgersteigen, Handläufen und mehr zu shredden. Es gibt drei Städte zum Skaten: San Francisco, New York und Los Angeles. Jede mit ortsspezifischen Elementen und Wahrzeichen. Das Spiel besteht aus neun Levels, die in drei Kategorien unterteilt sind: X-Games-Wettbewerb, Street-Skating und Fantasy. Zwölf namhaften Bands, darunter Linkin Park, Voodoo Glow Skulls und New Found Glory, sorgen für die adrenalingeladene Musik, die das Spiel in Schwung hält. Mach dich bereit für Ollies, Grinds und Kickflips auf dem Weg zum Sieg mit ESPN X GAMES SKATEBOARDING.
European Super League (Europe) (En,Fr,De,Es,It)	European Super League versammelt mit 16 vollständig lizensierten Mannschafts- und Stadionausstattungen die Talente der besten Mannschaften Europas, die auf Ihrem Bildschirm die &quot;European Super League&quot;-Meisterschaft austragen. Jetzt auch für den GameBoy Advance. Features: * Zwei Steuerungsoptionen auf, die sich an die individuellen Talente des Spielers anpassen lassen * 16 vollständig lizensierten europäische Spitzenmannschaften * absolute Realitätsnähe durch aufwendigst gestaltete Stadien
Extreme Ghostbusters - Code Ecto-1 (USA)	In einem Versuch, die Welt zu übernehmen, haben die neu befreiten und mächtigen ektoplasmischen Kräfte unter der Führung des halb menschlichen, halb dämonischen Grafen Mercharior zwei wichtige Mitglieder des Teams der Extreme Ghostbusters entführt. Ohne eine Sekunde zu verlieren, springen Eduardo und Kylie in den berühmten Krankenwagen Ecto-1 und rasen los, um sie zu retten... In der Rolle von Eduardo und Kylie findest du Hinweise auf die Entführung, stellst dich dem bösen Graf Mercharior und bringst deine Teamkollegen Roland und Garrett in Sicherheit! Features: Das gesamte Universum und die Charaktere der bekannten Zeichentrickserie in einem brandneuen Abenteuer! Zwölf spannende Plattform-Levels in vier gigantischen Welten! Vier aufregende Autorennen durch die belebten Straßen von New York City!
Extreme Skate Adventure (USA, Europe)	Skate like a pro, Disney style! Disney's Extreme Skate Adventure is the first skateboarding game that allows you to skate through the universes of Disney/Pixar's Toy Story, Disney's The Lion King and Disney's Tarzan. You can create your own skater or play as your favorite Disney characters, such as Buzz Lightyear and Woody from Toy Story, Simba and Rafiki from The Lion King, and Young Tarzan and Terk from Tarzan. You'll get to play through a skating 'career' and perfect your skateboarding skills along the way!
Eyeshield 21 - DevilBats DevilDays (Japan)	Dieses Spiel basiert auf Eyeshield 21, einer Anime- (und Manga-) Serie über einen Jungen namens Sena, der ein erstaunliches Lauftalent hat und schikaniert wird, damit er in das American-Football-Team seiner Schule eintritt und der legendäre Running-Back &quot;Eyeshield 21&quot; wird, der Held von Notre Dame. Es ist ein Spiel mit Text und Minispielen.
F-14 Tomcat (USA, Europe)	Einer der Starttitel für den Game Boy Advance von Majesco (neben Boxing Fever und Iridion 3D) ist F-14 Tomcat im Wesentlichen ein Port des SNES-Spiels Turn and Burn: No-Fly Zone von Absolute Entertainment aus dem Jahr 1994. Der Spielinhalt ist identisch, bietet jedoch einen Mehrspielermodus zwischen anderen Systemen (sofern sie eine Kopie des Spiels und das GBA-Link-Kabel besitzen) und eine brandneue Handlung: Der Spieler steuert einen F-14-Piloten, der vom US-Regierung ausgewählt wurde, um dem Operationsgebiet eines Krieges zwischen der Republik China und Taiwan zugeteilt zu werden, um Amerikas &quot;Interessen&quot; in der Region zu schützen.
F-Zero - Climax (Japan)	F-Zero Climax ist die sechste Folge der F-Zero-Serie und die dritte, die für den Game Boy Advance veröffentlicht wird. Dies ist das erste F-Zero-Spiel, das über einen integrierten Track-Editor verfügt, ohne dass eine Erweiterung oder ein Add-On erforderlich ist. Benutzerdefinierte Titel können für die zukünftige Verwendung in einem von 30 Steckplätzen gespeichert und über ein Verbindungskabel mit anderen Spielern ausgetauscht werden. Wenn der Speicher voll ist oder keine Verbindungskabelverbindung hergestellt werden kann, kann das Spiel ein Passwort für den Titel generieren. Wenn es in eine F-Zero Climax-Kassette eingegeben wird, generiert das Kennwort den Titel sofort.
F-Zero - GP Legend (USA)	Wir schreiben das Jahr 2201 n. Chr. Und stehen kurz vor dem Einstieg in die Welt der ultraschnellen F-ZERO Grand Prix-Rennen, die auf speziell gebauten Rennstrecken im gesamten Universum stattfinden. Übernimm die Kontrolle über acht verschiedene Charaktere - darunter den mysteriösen Captain Falcon, den neuen Rennstar Rick Wheeler und den bösen Mr. Black Shadow -, während du durch eine actionreiche Geschichte rennst, die mehrere Planeten umfasst!
F-Zero - Maximum Velocity (USA, Europe)	Alle galaktischen Geschwindigkeitsbegrenzungen stehen kurz vor der Zerstörung! F-Zero Maximum Velocity ist da und die Zukunft des Rennsports ist am schönsten. Es erwarten Sie neue Fahrzeuge und neue Originaltöne. Egal, ob Sie ein Super Nintendo-Veteran oder ein Rennanfänger sind, Sie werden auf jeden Fall ein paar Übungsrunden benötigen. Auch wenn Sie den Grand Prix dominieren können, müssen Sie Ihre Freunde schlagen, denn mit dem Game Boy Advance Link-Kabel können Sie mit bis zu drei menschlichen Rivalen konkurrieren. Machen Sie sich bereit für den Sprung, den Absturz und den Turbo auf Ihrem Weg zum intergalaktischen Ruhm.
F1 2002 (USA, Europe)	Alle galaktischen Geschwindigkeitsbegrenzungen stehen kurz vor der Zerstörung! Die F-Zero Maximum Velocity ist da und die Zukunft des Rennsports ist auf dem Höhepunkt. Neue Fahrzeuge und neue Originalmusik erwarten Sie. Egal, ob Sie ein Super Nintendo-Veteran oder ein Rennanfänger sind, Sie werden auf jeden Fall ein paar Übungsrunden benötigen. Selbst wenn Sie es schaffen, den Grand Prix zu dominieren, müssen Sie Ihre Freunde schlagen, denn mit dem Game Boy Advance Link-Kabel können Sie mit bis zu drei menschlichen Rivalen konkurrieren. Treffen Sie den Boden und machen Sie sich bereit zu springen, zu schlagen und Ihren Weg zum intergalaktischen Ruhm zu verbessern.
Fairly OddParents!, The - Breakin' da Rules (USA)	Wieder einmal fahren Timmy Turners Eltern in den Urlaub und lassen ihn bei der bösen Babysitterin Vicky zurück. Als er einen Wunsch äußern will, erklären ihm Cosmo und Wanda, dass dies gegen die Regeln verstößt. Frustriert wünscht sich Timmy, die Regeln nicht mehr befolgen zu müssen, woraufhin Cosmo das Buch zerstört. Vicky gelangt in den Besitz des Buches und nutzt dessen Macht, um Timmy im Schlaf zu halten. Nach einer Anklage vor dem Feen-Gericht gibt Jorgen ihnen 49 Stunden Zeit, um die verlorenen Seiten in zehn Levels wiederzubeschaffen. In der GBA-Version versucht Anti-Cosmo, das Buch zu stehlen; am Ende wird Vicky besiegt und der Frieden wiederhergestellt.
Fairly OddParents!, The - Clash with the Anti-World (USA)	Cosmo, Wanda und Timmy Turner stürzen sich in ein neues verrücktes Abenteuer, während sie ihrem Erzfeind, Mr. Crocker, und bösen Antifeeen gegenüberstehen, die sich in Dimmsdale eingeschlichen haben. Am unglücklichsten Tag des Jahres, dem Freitag, den 13., liegt es an Timmy und seinen Eltern, den Fairy Godparents, ihren scharfsinnigen Verstand und großzügige Wünsche einzusetzen, um die Antifeeen zu besiegen und Crockers Plan zur Weltherrschaft zu vereiteln.
Fairly OddParents!, The - Enter the Cleft (USA)	Der Spieler steuert Timmy, während dieser in die Welt seines Lieblings-Comic-Helden, des Crimson Chin, eintaucht. Als Timmy entdeckt, dass Chin entführt wurde, ist Chins treuer Begleiter Cleft the Boy Chin Wonder – hinter dessen Maske sich niemand Geringeres als Timmy selbst verbirgt – der Einzige, der die Situation retten kann. In diesem actiongeladenen Side-Scrolling-Videospiel muss der Spieler Chin befreien, indem er Gegner besiegt und Hindernisse überwindet. Timmys Feenpaten Cosmo und Wanda tauchen im Verlauf der 20 Spiellevel immer wieder auf, um ihm zur Seite zu stehen. Sie versorgen Timmy – in seiner Rolle als Cleft – mit nützlichen Gegenständen für seine Reise, von denen einige unerlässlich sind, um die Entführer zu besiegen.
Fairly OddParents!, The - Shadow Showdown (USA)	Als der Fernseher ausgerechnet zu Beginn des Staffelfinales von Crash Nebula den Geist aufgibt, wendet sich Timmy Turner hilfesuchend an seine Elfenpaten. Nachdem sie feststellen, dass sie ihre Kräfte verloren haben, erfahren sie bald, dass „Der Schatten“ dafür verantwortlich ist. Timmy muss sich dieser neuen Bedrohung stellen, während er versucht, die Magie wiederherzustellen und zu verhindern, dass das Chaos seine Welt überrollt.
Famicom Mini 12 - Clu Clu Land (Japan)	Clu Clu Land ist ein einzigartiges Puzzlespiel, in dem du eine fischähnliche Kreatur spielst, die die vielen Spielfelder erkunden muss, um Goldbarren zu sammeln, die ein Bild ergeben. Das Spielfeld ist mit Gegnern übersät, die du mit einer Energiewelle wegpusten kannst, um sie für kurze Zeit aus dem Spiel zu nehmen. Du musst dich auch an den Pfosten und Wänden festhalten, um in die Lücken auf dem Spielfeld zu gelangen, was dem Spiel ein Timing-Element verleiht.
Famicom Mini 13 - Balloon Fight (Japan)	In Balloon Fight müssen Sie mit Hilfe von zwei Ballons herumfliegen und versuchen, die Ballons Ihrer Gegner platzen zu lassen, bevor sie Ihre platzen lassen. Wenn Sie auf Ihren Gegnern landen, wird deren Ballon platzen und sie werden einen Fallschirm benutzen, um sich in Sicherheit zu bringen. Sie müssen dann den gefallenen Gegner zerstören, indem Sie in ihn hineinlaufen, bevor er einen neuen Ballon aufblasen und den Kampf wieder aufnehmen kann. Sollten beide Ballons platzen, fallen Sie ins Wasser und verlieren ein Leben. Es gibt auch eine zweite Spielvariante namens &quot;Ballonfahrt&quot;, bei der Sie so viele Ballons wie möglich einsammeln müssen, während Sie dem Ozean unter Ihnen und Blitzen ausweichen, die labyrinthartige Wände bilden.
Famicom Mini 16 - Dig Dug (Japan)	Dig Dug wurde als Arcade Spiel 1982 von Namco veröffentlicht. Das beliebte Spiel mit einfachen Konzept wurde auf viele Konsolen und Heimcomputer (z. B. C64) portiert. Dig Dugs Spielziel ist es, höhlenbewohnende Monster zu vernichten. Es gibt zwei Gegner: Pooka und Fygar Der Spieler steuert einen tunnelgrabenden Bergmann, der sein Leben lässt, wenn er von einem Monster erwischt, von Fygars Feuer verbrannt oder von einem herabfallenden Stein erschlagen wird. Man muss viermal mit dem Feuerknopf pumpen, um ein Monster platzen zu lassen. Halb aufgeblasene Monster erholen sich nach einigen Sekunden wieder, sind bis dahin aber gelähmt. Das Spiel läuft in einer Schleife. Der jeweils letzte Feind versucht an der Erdoberfläche links aus dem Bild zu laufen. Der Level wird durch Blumen in der rechten oberen Ecke repräsentiert. In jedem Folgelevel steigen Anzahl und Geschwindigkeit der Gegner
Family Feud (USA)	Diese interaktive Version hat alle klassischen Komponenten, die die Spielshow seit über 3 Jahrzehnten zu einem Hit gemacht haben, von den witzigen Umfragefragen bis zu den Schnelles Geld-Runden und natürlich mit der Stimme und dem Konterfei deines Lieblingsmoderators
Fantastic 4 (USA)	Die Fantastic Four für den GBA ist ein Actionspiel, das die Grundzüge des gleichnamigen Spielfilms aufgreift. Erleben Sie den Bungee-Mann, die menschliche Fackel, das Ding und die unsichtbare Frau in ihrem Kampf gegen Doom und seine Schergen. Nutzen Sie die Kräfte aller Beteiligten, um die Mächte des Bösen zu besiegen.
Fantastic 4 - Flame On (USA)	Fantastic 4 - Flame On ist ein Action-Videospiel aus dem Jahr 2005, das für das Game Boy Advance-Handheld-System (GBA) entwickelt wurde und das zweite GBA-Spiel ist, das auf der Comicserie und dem Film basiert: Fantastic Four. Dieses Mal konzentriert sich das Spiel auf die Geschichte um das Mitglied Johnny Storm, auch bekannt als &quot;The Human Torch&quot;. Eliminiere die Bösewichte und besiege verschiedene Feinde und Bosse. Je weiter du im Spiel fortschreitest, desto mehr hast du auch Zugriff auf andere Mitglieder des Teams. Spiele die menschliche Fackel, besiege Schurken und löse verschiedene Probleme. Begleite Johnny, wenn er seine neuen Fertigkeiten und Fähigkeiten ausprobiert. Suche die Hilfe deiner Fantastic-Freunde und befreie die Welt von Bösewichten.
FIFA Soccer 06 (USA, Europe) (En,Fr,De,Es,It,Nl)	FIFA 06 bietet neue Steuerungs- und Gameplay-Elemente. Besonders auffällig sind die verbesserte Anzahl an Animationen sowie detailliertere Ball- und Spielerphysik. Die in der 2004er-Version eingeführte und unbeliebte „Off-the-Ball“-Steuerung wurde entfernt. Außerdem wurde das Freistoßsystem überarbeitet, sodass für den Gegner nicht mehr sofort erkennbar ist, ob ein Torschuss oder ein Pass gespielt wird. Neu ist auch das Konzept der „Teamchemie“, das beeinflusst, wie gut eine Mannschaft als Einheit zusammenspielt.
FIFA Soccer 07 (USA, Europe) (En,Fr,De,Es)	Die FIFA Fussball-Weltmeisterschaft 2006(TM) ist vorbei und Spieler wie Ronaldinho, Kaká, Podolski, Villa, etc. sind zu ihren Vereinen zurückgekehrt, um auf Clubebene die Jagd nach neuen Titeln zu beginnen - auch du kannst im neuen EA SPORTS(TM) FIFA 07 dein Team zu neuem Ruhm führen. Vom Anpfiff an nimmt dich FIFA 07 mit auf die Reise durch eine aufregende Fußballsaison und lässt dich die knisternde Stadionatmosphäre in Heim- und Auswärtsspielen spüren. Genieße die glanzvollen Siege gegen den Erzrivalen, durchlebe die quälenden Momente von Heimniederlagen. Nimm bei Heim- und Auswärtsspielen die Gänsehaut-Atmosphäre im Stadion auf, während sich deine Mannschaft einen Platz an der Tabellenspitze erkämpft. Hör deinen Fans zu, wie sie die Namen deiner Spieler singen und in guten wie in schlechten Zeiten die Schlachtrufe deines Clubs ertönen lassen.
FIFA Soccer 2003 (USA, Europe) (En,Fr,De,Es,It)	FIFA 2003 ist das zehnte Spiel der FIFA-Serie und das siebte, das in 3D produziert wurde. Eine Reihe neuer Funktionen wurde hinzugefügt, um die vorherige Version zu verbessern. Der Club Championship Mode wurde eingeführt, in dem man gegen 17 europäische Spitzenclubs in ihren eigenen Stadien spielen kann und die Fans ihre einzigartigen Gesänge und Lieder singen. Ein TV-ähnliches Übertragungspaket bietet Highlights in der Halbzeit und während des Spiels sowie eine umfassende Analyse. Eine der am meisten erwarteten neuen Funktionen ist die &quot;Freestyle Control&quot; von EA Sports, die es dem Benutzer ermöglicht, den Ball zu schnippen und ihn an seine Mitspieler abzugeben. Zu den weiteren Neuerungen gehören größere Ähnlichkeiten mit einigen der bekanntesten Spieler wie Thierry Henry und Ronaldinho sowie realistische Reaktionen der Spieler. Auf dem europäischen Cover sind Roberto Carlos, Ryan Giggs und Edgar Davids zu sehen, die Brasilien, Manchester United bzw. Juventus vertreten. In den Vereinigten Staaten erschien Landon Donovan anstelle von Roberto Carlos.
FIFA Soccer 2004 (USA, Europe) (En,Fr,De,Es,It)	Wir stehen vor einem Spiel, das Spaß macht und viele Möglichkeiten bietet, aber im Vergleich zur vorherigen Version kaum Neuigkeiten bietet. Es erhöht lediglich die Anzahl der Teams und aktualisiert die Vorlagen, dh eine FIFA. Trotzdem ist es das beste GBA-Fußballspiel, ohne dass dies viel aussagt. Sie haben die Wahl, aber wenn Sie nach einem lustigen und spielbaren Fußballspiel suchen, ist dies eine gute Wahl, solange Sie nicht das aus dem letzten Jahr haben. Wenn Sie es haben, überlegen Sie es sich vor dem Kauf zweimal, da es praktisch das gleiche ist. Wir warten immer noch auf das endgültige Fußballspiel für GBA oder zumindest auf das, das die Grundlage dafür legt, was es sein sollte. In der Zwischenzeit können wir uns jedoch mit FIFA 2004 unterhalten.
FIFA Soccer 2005 (USA, Europe) (En,Fr,De,Es,It,Nl)	FIFA Football 2005 für den GBA ist eine realistische Fußballsimulation. Sie finden achtzehn Ligen, achtunddreißig Nationalmannschaften und 11.000 Spieler. Erstellen Sie einen Spieler nach Ihrem Vorbild und spielen Sie mit Ihren Helden oder stellen Sie sich neuen Herausforderungen, indem Sie neue Wettbewerbe organisieren. Die fünfzehn Saisons des Karrieremodus geben Ihnen die Zeit und die Mittel, um Ihre Traummannschaft zu formen.
FightBox (Europe)	FightBox ist das Turnier des neuen Jahrtausends. Es findet in der FightBox-Arena statt - einer Arena tödlicher Fähigkeiten und überlegener Kämpfe, in der Angst ein unbekanntes Konzept ist. Künstliche Krieger spielen ihre Stärken gegeneinander aus, um der Champion von FightBox zu werden. Die aus den Elementen erschaffenen Warriors-Komponenten werden zusammengesetzt, geschmiedet und geformt, um ein Wesen zu erschaffen, das versucht, den FightBox-Wettbewerb und den ultimativen Preis der Unsterblichkeit zu gewinnen. Die Sentients sind künstlich unsterbliche Wächter, die ein Bewusstsein erlangt haben und deren Aufgabe es ist, die FightBox-Traditionen zu bewahren und alle Herausforderer auf die Probe zu stellen! In der Kampfarena, umringt von den grölenden Massen, stehen sich die Krieger gegenüber und kämpfen mit ihrem tödlichen Arsenal an Waffen, Fähigkeiten und Kampfregeln gegen die Sentients und gegeneinander, um in die nächste Runde zu kommen. Nur einer kann das Turnier gewinnen; nur einer kann der wahre Champion sein. Der endgültige Sieger des Turniers erhält den größten Preis von allen. Der Gewinner erhält das Geschenk des Lebens - der Empfindungsfähigkeit - und wird zum siebten Sentient, der seinen Platz als Wächter einnimmt - ein Halbgott von FightBox.
FILA Decathlon (Europe) (En,Fr,De,Es,It,Sv)	10 Veranstaltungen. 2 Finger. Ein Ziel. Bist Du der beste Taschensportler der Welt? Fila Decathlon stellt deine Finger im ultimativen sportlichen Leistungstest auf dem Game Boy Advance auf die Probe. Bei 10 Veranstaltungen werden Geschwindigkeit, Kraft und Ausdauer zeigen, ob Du das Zeug zum Sieg hast – um der beste Athlet der Welt zu werden. Das Spiel bietet klassisches Gameplay, das für eine neue Generation verbessert und aktualisiert wurde. Atemberaubende Grafiken und erstaunlich lebensechte Animationen verbinden sich mit einem fesselnden Gameplay.
Final Fantasy I & II - Dawn of Souls (USA)	Final Fantasy I: Erleben Sie Final Fantasy auf eine Art und Weise, wie Sie es sich nie vorgestellt haben, mit verbesserter Grafik und dem brandneuen Dungeon &quot;Soul of Chaos&quot;. Schlüpfen Sie in die Rolle der vier Krieger des Lichts und bringen Sie Ordnung in ihre chaotische Welt! Final Fantasy II: Final Fantasy II bot den Spielern tiefere Charaktere und eine fesselndere Handlung. Erleben Sie in dieser verbesserten Edition zusätzlich &quot;Soul of Rebirth&quot;, eine nie zuvor erzählte Saga der Helden, die ihr Leben gaben, um ihre Welt zu retten!
Final Fantasy IV Advance (USA)	Final Fantasy IV Advance ist ein Remake des klassischen Rollenspiels, das ursprünglich 1991 für den Super Nintendo erschien. Das Spiel wurde von Square Enix entwickelt und im Jahr 2005 für den Game Boy Advance veröffentlicht. Die Geschichte handelt von dem dunklen Ritter Cecil, der die grausamen Befehle seines Königs in Frage stellt. Daraufhin wird er verbannt und begibt sich auf eine Reise, um Verbündete zu sammeln und die Welt vor einer bösartigen Bedrohung zu retten. Das Spiel verfügt über eine aktualisierte Grafik, die den Charakteren ein neues Aussehen verleiht und verbesserte Cutscenes bietet. Der Kampf ist rundenbasiert und erlaubt es dem Spieler, ein Team von Charakteren mit einzigartigen Fähigkeiten und Zaubern zu steuern. Das Spiel bietet außerdem neue Dungeons und zusätzliche Inhalte im Vergleich zur Originalversion. Final Fantasy IV Advance gilt als ein Klassiker des RPG-Genres und als eines der einflussreichsten Spiele seiner Zeit.
Final Fantasy Tactics Advance (USA)	Marche und einige seiner Freunde sind wie so oft in ihrer Heimatstadt St. Ivalice unterwegs und finden dabei ein Buch voller Magie. Alsbald wird Marche in eine Fantasiewelt transportiert, wo er seine verlorgen gegangenen Freunde finden muss. Der Titel kombiniert viele Elemente des Originals. So müsst ihr euch um das Inventar und die Kampfkraft eurer Teammitglieder kümmern. Mit Hilfe des Linkkabels könnt ihr zudem zusammen kämpfen, Gegenstände tauschen oder einen Clan gründen.
Final Fantasy V Advance (USA)	Final Fantasy V Advance erzählt von Bartz, der zusammen mit seinem Chocobo, Prinzessin Lenna, dem geheimnisvollen Galuf und der Piratin Faris versucht, die vier Kristalle zu retten, die das Gleichgewicht der Welt bewahren. Doch ein dunkler Zauberer droht, diese Macht zu zerstören. Auf ihrer Reise erkunden sie eine riesige Fantasy-Welt, sprechen mit Bewohnern, stellen sich gefährlichen Monstern und enthüllen nach und nach das Geheimnis der Kristalle. Mit jedem Sieg steigen sie in der Erfahrung, erlernen neue Fähigkeiten und finden stärkere Waffen und Rüstungen. Die Advance-Version bietet zusätzlich einen völlig neuen Dungeon mit 30 Ebenen und exklusiven Schätzen – eine echte Herausforderung für erfahrene Abenteurer.
Final Fantasy VI Advance (USA)	Ein uralter Konflikt entflammt von neuem. Tausend Jahre nach Ende des Magi-Kriegs hat Imperator Gestahl die Macht der Magie wiedererweckt und will die Welt unterjochen - nur wenige Rebellen können ihm die Stirn bieten. Terras Magie, Edgars Gadgets, Sabins Fäuste - befehlige mehr als ein Dutzend Heroen im Kampf gegen die Bedrohung! Beschwöre eine Vielzahl von Epern und erlebe ein episches Abenteuer!
Final Fight One (USA)	La acción clásica de arcade no está disponible en el sistema Game Boy Advance en Final Fight One. Hay problemas en Metro City. Los miembros de Mad Gear Gang han secuestrado a Jessica, la hija del alcalde, y el tiempo corre. El alcalde, un ex luchador callejero, llama a los grandes para que ayuden, alistando al equipo de mano de hierro de Cody y Guy. Ahora, es una carrera contrarreloj para recorrer la ciudad, derrotar a un ejército de secuaces de Mad Gear Gang y rescatar a Jessica antes de que sea demasiado tarde.
Finding Nemo (USA, Europe)	An seinem ersten Schultag gehorcht Nemo seinem Vater nicht und wagt sich vom Riff weg, um den Boden eines Bootes zu berühren. Dies macht Marlin wütend und beginnt einen Streit vor Nemos Klassenkameraden. Zum Entsetzen seines Vaters wird Nemo von einem Taucher gefangen genommen. Marlin versucht Nemo zu retten, wird jedoch vom Kamerablitz eines anderen Tauchers geblendet. Das Boot verschwindet in der Ferne.
Finding Nemo - The Continuing Adventures (USA, Europe)	Die Aquarium-Bande ist es gelungen aus der Zahnarztpraxis zu entkommen, in dieser Fortsetzungsgeschichte die von dem Disney/Pixar Blockbuster-Film inspiriert ist. Hilf Nemo, Dory, Marlin, Bruce, Crush und Squirt, sie in ihre neuen Heimat im Meer zu bringen. Besuche alle deine Freunde aus dem Walt Disney Pictures Film &quot;Findet Nemo&quot;, der von Pixar Animation Studios präsentiert wird. Insgesamt gibt es 22 verschiedene Minispiele, die auf der Handlung basieren. Die Geschichte, die in &quot;Findet Nemo: Das Abenteuer geht weiter&quot; präsentiert wird, wurde von Andrew Stanton geschrieben, dem Autor und Regisseur des Films &quot;Findet Nemo&quot;. Veröffentlicht von THQ in den USA und Yuke's in Japan.
Fire Emblem (USA, Australia)	Der lange Weg nach Caelin. Im Lande Elibe, einer fantastischen Welt voller Mythen und Sagen, bahnt sich Großes an. In den Ebenen von Sacae entdeckt das Bauernmädchen Lyn, dass sie die Enkelin eines der mächtigsten Männer von Elibe ist, des Marquis von Caelin. Doch nicht genug, dass ihr Großvater nicht die geringste Ahnung von Lyns Existenz hat, obendrein versucht auch noch der Bruder des Marquis, die Macht über Caelin an sich zu reißen. Doch nicht er ist der rechtmäßige Erbe des Throns, diese Ehre gebührt einzig und allein Lyn. Also schart sie ihre Freunde um sich und macht sich auf, ihr angestammtes Recht einzufordern. Auf ihrem Weg durch die wunderschönen Landschaften von Elibe, durch Dörfer, Städte und Wälder wird der Party eines schnell klar: Es gibt zahlreiche Feinde, die verhindern wollen, dass Lyn ihr Ziel erreicht. Der Spieler kann Lyn und ihr Gefolge durch mehr als 30 gefahrvolle Missionen führen und so dafür sorgen, dass die Herrschaft über Caelin nicht in die falschen Hände gerät.
Fire Emblem - Fuuin no Tsurugi (Japan)	Fire Emblem: Fūin no Tsurugi ist ein rundenbasiertes taktisches Rollenspiel, in dem Spieler eine kleine Gruppe von Einheiten um ein quadratisches Gitter bewegen und ihre Feinde bekämpfen, um ein bestimmtes vordefiniertes Ziel zu erreichen. Es erinnert an andere taktische RPGs mit Features wie Charakterklassen und der Möglichkeit aufzusteigen.
Fire Emblem - The Sacred Stones (USA, Australia)	Das Königreich Renais ist in Trümmern, nachdem es von einem vermeintlichen Verbündeten überfallen wurde. Im taktischen Rollenspiel Fire Emblem: The Sacred Stones für den GBA musst du den Thronfolgern Erika und Ephraim dabei helfen, Renais wieder aufzubauen und die Ursache für den Krieg herauszufinden, der ihre Nation verwüstet hat. Ein Klassenwechselsystem ermöglicht es dir, deine Charaktere in einem oder mehreren Bereichen zu spezialisieren und zu stärken.
Fire Pro Wrestling (USA, Europe)	Fire Pro Wrestling verfügt über ein umfangreiches Roster, das aus vielen nicht ganz urheberrechtswidrigen Wrestlern wie &quot;The Bionic Man&quot; (Steve Majors), &quot;Stone Cold&quot; (Steve Austin) und &quot;Axe Duggan&quot; (Hulk Hogan) besteht. Dies ermöglicht Kämpfe zwischen WCW, WWF und ECW. Die Steuerung geht weit über das typische &quot;Drücke auf die Knöpfe, bis etwas passiert&quot; hinaus welches in früheren Wrestling-Spielen so beliebt war. Stattdessen kommt es auf das richtige Timing an, um eine Bewegung oder einen Griff richtig auszuführen.
Fire Pro Wrestling 2 (USA)	Fire Pro Wrestling 2 bietet detaillierte Action und es stehen mehr als 200 Wrestler zur Auswahl. Außerdem besteht die Möglichkeit, eigene Wrestler zu erstellen und zu speichern. Zusätzlich können bis zu vier Game Boy Advance verbunden werden um gegeneinander anzutreten, sich zu verbünden oder Wrestler untereinander zu tauschen. Sie können das Aussehens eines Wrestlers bis ins Detail anpassen und mehr als 1.200 Kampftechniken in verschiedenen Modi anwenden. Dazu gehören Normal, Deathmatch, Gruesome und Battle Royal. Das Spiel beinhaltet auch ein Übungs-Dojo, in dem Sie ihre Kampftechniken verfeinern können.
Flintstones, The - Big Trouble in Bedrock (USA)	In The Flintstones: Big Trouble in Bedrock gehört Barney der Vergangenheit an, es sei denn, Fred kann ihn vor dem finstersten Bösewicht der Steinzeit retten. Du bist der Mittelpunkt des Geschehens und Wilma, Betty und die ganze Stadt Bedrock erwachen vor deinen Augen zum Leben. Also tanke Brontorippchen und sei auf alles gefasst, denn es ist eine gefährliche prähistorische Welt, und vielleicht braucht es Freds berühmte Bowlingkugel und ein paar Tricks von Gazoo, um Barney wieder lebendig zu machen...
Ford Racing 3 (USA)	„Ford Racing 3“ bietet eine breite Auswahl an Ford-Fahrzeugen, von Klassikern wie dem Model T bis hin zu modernen Straßenwagen und Konzeptfahrzeugen. Auf abwechslungsreichen Strecken kannst du zahlreiche Spielmodi genießen und Bonusfahrzeuge sowie neue Strecken freischalten. Der Ford Competition Modus mit einzigartigen Herausforderungen sorgt für zusätzlichen Spielspaß und Abwechslung.
Fortress (USA, Europe)	Fortress ist eine Mischung aus dem Strategiespiel Rampart und den Puzzle-Elementen von Tetris, bei dem die Spieler mit Hilfe von Blöcken Festungen zu vier Themen errichten: Höhlenmensch, Mittelalter, Pirat und Futurismus. Der Grund für den Bau Ihrer Festung ist natürlich, dass ein Gegner (entweder der Computer oder bis zu drei Freunde, die über das separat erhältliche Kommunikationskabel mit Ihrem GBA vernetzt sind) versucht, Sie mit Projektilwaffen außer Gefecht zu setzen. Je geschickter Sie Ihre Festung bauen, desto besser können Sie die Salven Ihres Gegners abwehren. Außerdem verleihen spezielle Zaubersprüche und Angriffssoldaten dem Spiel zusätzliche Tiefe.
Foster's Home for Imaginary Friends (USA)	Fosters Zuhause für imaginäre Freunde basiert auf der gleichnamigen Zeichentrickserie im Cartoon Network, die von Craig McCracken (der auch der Schöpfer von The Powerpuff Girls ist) erstellt wurde. Das Spiel zeigt den etwas schüchternen Mac und seinen imaginären Freund Bloo (Blooregard Q. Kazoo). Das Spiel ist von denkwürdigen Episoden aus der Hit-Serie von Cartoon Network inspiriert und ermöglicht es den Fans, Mac und Bloo zu steuern, während sie skurrile Herausforderungen lösen und Missionsziele erreichen. Die Aktion findet in und um Fosters Home for Imaginary Friends statt und zeigt viele der charakteristischen Charaktere der Show, darunter Wilt, Eduardo, Coco und viele mehr.
Franklin the Turtle (USA) (En,Fr,De,Es,It,Sv,No,Da,Fi)	Wie an jedem normalen Tag für Franklin geht er zur Schule, hilft seinen Eltern zu Hause und spielt natürlich mit seinen Freunden. Hilf Franklin und seinen Freunden auf dieser abenteuerlichen, lehrreichen und spannenden Reise, während ihr zusammen Spaß habt.
Freekstyle (USA)	Kämpfen Sie mit den weltbesten Draufgängern aus den Kurven, durch die Whoops und in der Luft - und wenn es vorbei ist, stürmen Sie zurück auf die Spitze des Hügels und machen Sie alles noch einmal! Features: * Das ultimative Motocross-Erlebnis * Geeignet für Personen ab sechs Jahren * Kompatibel mit Game Boy Advance, Game Boy Advance Mirco und Nintendo DS * 1-2 Spieler
Frogger Advance - The Great Quest (USA)	Frogger Advance: The Great Quest für den Game Boy Advance ist ein seitwärts scrollender Plattformer, in dem die Hauptaufgabe des Spielers darin besteht, einer Flut von gefährlichen Hindernissen auszuweichen. Frogger wechselt nahtlos zwischen schwimmenden Unterwasser Levels, Lauf und Sprung Levels an Land und stellt sich einer Horde von Feinden, darunter gigantische Käfer, Drachen und eine Reihe von wilden Meereskreaturen.
Frogger's Adventures - Temple of the Frog (USA) (En,Fr,De,Es,It)	Firefly Swamp stirbt und die Frösche vom Elder Council haben Frogger gebeten, ihn zu retten! Dazu muss Frogger eine anstrengende Suche unternehmen, um die heiligen Elemente zu sammeln, die nötig sind, um den Sumpf am Leben zu erhalten. Diese Elemente wurden vom bösen Mr. D gestohlen und auf vier gefährliche Welten verteilt. Frogger muss in jede Welt reisen, um die gestohlenen Elemente zu finden und die bösen Handlanger von Mr. D zu besiegen. Dann und nur dann wird er in der Lage sein, den Tempel des Frosches zu betreten, um sich dem tückischen Mr. D zu stellen.
Frogger's Adventures 2 - The Lost Wand (USA) (En,Es)	Mach' mit und helfe Frogger bei seiner lustigen Suche nach den fünf verlorengegangenen Stücken eines Zauberstabes! Hüpfe über fünf verzauberte Inseln und trickse über 20 Gegner aus! Spiele im supercoolen Mehrspieler-Rennmodus gegen Deine Freunde! Features: * Besuche 5 verzauberte Inseln * Über 20 Feinde, die es zu vermeiden gilt * Multiplayer-Rennmodus
Fushigi no Kuni no Alice (Japan)	„Fushigi no Kuni no Alice“ lässt dich mit 19 verschiedenen Karten strategisch gegen deine Gegner vorgehen. Bis zu vier Spieler können gleichzeitig gegeneinander antreten und taktisch versuchen, sich gegenseitig zu übertrumpfen.
Futari wa Pretty Cure - Arienaai! Yume no Sono wa Daimeikyuu (Japan)	In dieser Spieladaption eines beliebten Animes steuerst du abwechselnd Nagisa und Honoka, um die Level zu meistern. Sammle in jedem Level die Karten ein, um ein Quiz zu starten und dich der nächsten Herausforderung zu stellen. Teamwork und cleveres Spielen sind der Schlüssel, um alle Aufgaben zu bewältigen.
Gachasute! Dino Device 2 - Dragon (Japan)	In einer nahen Zukunft voller technologischer Innovationen steuerst und kämpfst du mit „Dyna“ durch das Spiel. Mit etwa 500 verschiedenen „Devices“, speziellen Modifikationsgegenständen, kannst du Dyna nach deinen Vorstellungen anpassen und verbessern, um einzigartige Fähigkeiten und Strategien zu entwickeln.
Gachasute! Dino Device 2 - Phoenix (Japan)	Kämpfe mit „Dyna“, einem futuristischen Spielzeug, das du vollständig unter deiner Kontrolle hast. Passe Dyna ganz nach deinen Vorstellungen an, indem du aus rund 500 verschiedenen „Devices“ wählst, um es zu verbessern und einzigartige Fähigkeiten zu entwickeln.
Gadget Racers (USA)	Irgendwann in den 1980er Jahren fanden die japanischen Choro-Q Racing-Spielzeuge ihren Weg an die US-Küste. Die aufziehbaren Autos, die zugunsten des amerikanischen Absatzes in Penny Racers umbenannt wurden, wurden so gebaut, dass sie verschiedene Tricks (vor allem Wheelies und Drehungen) ausführen konnten, wenn ein Penny in ihr Chassis gesteckt wurde. Die Plastik-Rennwagen sind in Japan immer noch sehr beliebt und haben ein Videospiel namens CHORO-Q ADVANCE inspiriert. Die US-Version des Spiels heißt GADGET RACERS und ist genauso spannend wie die Spielzeuge, auf denen es basiert. Steuere eines von 50 einzigartigen Fahrzeugen durch 40 verschiedene Kurse mit Hindernissen, Tricks und allgemeinem Chaos. Sie können Ihren Rennwagen nach Ihren Wünschen anpassen und mit mehr als 130 verschiedenen Teilen Reifen, Bremsen, Lenkung, Motoren und vieles mehr aufrüsten. Die Tatsache, dass vier Spieler über ein Verbindungskabel und für Game Boy Advance-Konsolen um den Ruhm kämpfen können, macht das Spiel noch aufregender. Es ist ein Rätsel, warum das Spielzeug nicht mehr in den Kinderzimmern amerikanischer Haushalte zu finden ist, aber vielleicht sorgt dieses fantastische Videospiel für eine Wiederbelebung.
Gakkou o Tsukurou!! Advance (Japan)	„Gakkou o Tsukurou!! Advance“ ist eine Simulation, in der du als Schuldirektor eine Schule leitest. Durch das Trainieren von Schülern und Lehrern sowie das Disziplinieren von Problemfällen kannst du daran arbeiten, deine Schule innerhalb eines festgelegten Zeitraums zur besten in Japan zu machen.
Gakuen Senki Muryou (Japan)	Basierend auf dem gleichnamigen Anime arbeitest du mit deinem Partner zusammen, um die Rätsel der Ereignisse in Amami City zu lösen. Sammle Informationen, spiele Mini-Spiele und tauche in die sieben Kapitel der Geschichte ein, um die Geheimnisse der Stadt zu entschlüsseln.
Galidor - Defenders of the Outer Dimension (USA) (En,Fr,De,Es,It,Nl,Sv,Da)	Galidor: Defenders of the Outer Dimension ist ein Action-Adventure für den Gameboy Advance, das von einer TV-Serie inspiriert wurde. Sie spielen als Nick Bluetooth, der aus einer anderen Dimension kommt, um seine von einem Tyrannen entführten Freunde zu retten. Der Held kann die Eigenschaften seiner Feinde absorbieren, um sie gegen sie anzuwenden und sich sowohl in der Luft als auch am Boden weiterzuentwickeln.
Game & Watch Gallery 4 (USA)	In Game & Watch Gallery Advance kannst du sechs Knaller aus der Vergangenheit genießen und noch einiges mehr entdecken. Diese Sammlung beinhaltet Mario's Cement Factory, Donkey Kong Jr., Donkey Kong 3, Fire, Boxing und Rain Shower. Die Spiele haben einen modernen Modus, in welchem Grafik, Sound sowie Gameplay komplett überarbeitet wurden. Und es gibt auch ein paar ganz neue Twists. Sie können auch im klassischen Modus in ihrem ursprünglichen LCD-Technik-Glanz gespielt werden.
Game Boy Wars Advance 1+2 (Japan)	Dieses nur in Japan erhältliche Spiel kombiniert zwei Spiele in einer Kassette. Die enthaltenen Spiele sind Game Boy Wars Advance (im Westen als Advance Wars bekannt) und Game Boy Wars Advance 2 (im Westen als Advance Wars 2: Black Hole Rising bekannt).
Games Explosion! (USA)	Games Explosion! ist eine Sammlung von 16 Minispielen, darunter Neon, eine Variante von Pong, Sudoku, Tic Tac Toe, Dame, Mastermind und viele andere.
Ganbare! Dodge Fighters (Japan)	Ein Spiel, das den Comics nachempfunden ist, ein Sportspiel, bei dem man Völkerball nach den Regeln von J.D.B.A. spielen kann. Du kannst auch gegen Doji und seine Kämpfer und ihre Rivalen spielen. Das Spiel kann in fünf verschiedenen Formationen gespielt werden.
Garfield - The Search for Pooky (USA) (En,Fr,De,Es,It)	Garfield hat seinen Lieblingsbären Pooky verloren... Die jungen Spieler müssen Garfield bei seiner Suche nach Pooky helfen. Das Spiel führt Garfield durch seine bekanntesten Schauplätze und interagiert mit seinen Lieblingscharakteren, wie Jon, Odie und Arlene, um nur einige zu nennen. Keine Katzengeschichte wäre vollständig ohne die üblichen Begegnungen mit Hunden, Mäusen, Spinnen und Essensresten. Wie es seinem Charakter entspricht, kann Garfield nicht widerstehen, während des Spiels so viel wie möglich zu fressen, aber Nahrung ist gleichbedeutend mit Energie und Energie ermöglicht es dem dicken Kater, während seiner Abenteuer im Spiel außergewöhnliche Bewegungen auszuführen. Gleichzeitig müssen alle möglichen Hindernisse umgangen werden, wie z.B. Spinnennetze, der glückliche Odie, der auf Garfield zustürmt, schlechtes Essen, nervige Kinder, wütende Pitbulls und vieles mehr.
Garfield and His Nine Lives (USA) (En,Fr,Es)	Nachdem er eine weitere große Mahlzeit gegessen hat, ist Garfield bereit für ein langes Nickerchen mit vollem Bauch. Als er einschläft, hat er einige sehr seltsame Träume, die darauf zurückzuführen sind, dass er kurz vor seinem Nickerchen zu viel gegessen hat. Jeder Traum ist verrückter als der letzte. Die Aufgabe des Spielers ist es, Garfield durch dieses alptraumhafte Abenteuer zu helfen, indem er ihn sicher durch jedes seiner neun Leben führt.
Gauntlet - Dark Legacy (USA)	Gauntlet Dark Legacy steht in der Tradition der Arcade- und Konsolenspiele und versetzt die Spieler in eine große, fesselnde Welt, in der bis zu vier Spieler ein Hack n Slash-Abenteuer erleben können. Mit acht Charakteren, die von Kriegern (Sie wissen schon, die Art, die Nahrung braucht) bis hin zu Zauberern reichen, können die Spieler mit einer Vielzahl von Waffen und verheerender Magie fast alles zerstören, was sich bewegt.
Gekido Advance - Kintaro's Revenge (USA)	Es ist Zeit zum Kämpfen! Ein Jahr ist vergangen seit der epischen Schlacht, die über das Schicksal der Menschheit entschied und das Leben der geliebten Angela kostete. Dunkle Omen kündigen erneut die Rückkehr einer bösen Macht an. Ushi ist der letzte verbliebene Meister der alten Kunst des Shin-Ken, und er bittet Tetsuo, seinen Schüler und Adoptivsohn, seltsame Vorkommnisse in einem weit entfernten Bauerndorf außerhalb der Stadt zu untersuchen.
Gekitou Densetsu Noah - Dream Management (Japan)	Eine Simulation des Managements der professionellen Wrestling-Organisation &quot;NOAH&quot;. Die Kämpfe werden nur grob gesteuert, und die Hauptaufgabe des Spielers ist es, das Training zu leiten und das Matchmaking zu entscheiden. Während er die Bedürfnisse der Fans über den Fan-Club erforscht, entscheidet er über die Trainingspolitik und den Zeitplan der Kämpfe.
Gem Smashers (USA)	Gem Smashers ist ein Action-Puzzlespiel, bei dem es darum geht, gefangene Tiere zu befreien, indem man farbige Edelsteine zerschlägt. Der Spieler steuert eines von drei prähistorischen Tieren und versucht, Edelsteine der gleichen Farbe zu zerstören, bevor die Zeit abläuft. Doch bevor die Spieler die Edelsteine zerschlagen können, müssen sie zunächst ihre Spielfigur in die entsprechende Farbe verwandeln, indem sie das richtige Power-Up finden. Erst dann können die Spieler alle Edelsteine zerstören und den versteckten Ausgang freilegen, durch den die gefangenen Tiere entkommen können. Zu den Spielmodi gehören Story, Arcade und Vs. Battle, wobei im Laufe des Spiels drei weitere Varianten freigeschaltet werden.
Genseishin Justirisers - Souchaku! Hoshi no Senshi-tachi (Japan)	Ein Spiel, das auf der TV-Spezialeffektshow basiert. Der Spieler steuert die Hauptfigur, &quot;Justiriser&quot;. Ein seitlich scrollendes Actionspiel, in dem der Spieler die Erde vor der bösen außerirdischen Armee von Kaiser Hades schützen muss. Die Geschichte enthält das Originalszenario des Spiels, und die hohen Bilder der Charaktere werden von den Fernsehschauspielern selbst gesprochen. Auch der Höhepunkt des Spiels, eine riesige Roboterschlacht, wird im Spiel nachgestellt
Gensou Suikoden - Card Stories (Japan)	GensÅ Suikoden Card Stories ist ein Spin-off-Titel der Suikoden-Franchise von Konami, der sowohl ein Game Boy Advance-Spiel als auch ein physisches Sammelkartenspiel umfasst. Beide wurden im Herbst 2001 in Japan verÃ¶ffentlicht und sind nicht in andere Sprachen übersetzt worden. Im Gegensatz zu anderen Teilen der Suikoden-Franchise, in denen die Handlung ein wichtiges Element des Gameplays ist, konzentriert sich Card Stories hauptsächlich auf die Kartenkämpfe selbst und weniger auf die Handlung. Die meisten der Karten zeigen Charaktere, die sowohl in Suikoden als auch in Suikoden II der Rollenspiel-Videospielserie von Konami auftauchen. Einige Karten zeigen auch Charaktere, die später in Suikoden III auftauchen werden. Das GBA-Spiel erzählt die Geschichte von Suikoden II mit ein paar Änderungen in der Handlung.
Get Ride! Amdriver - Senkou no Hero Tanjou! (Japan)	Spieladaption der TV-Animation. Sie können Ihren ursprünglichen AmDriver anpassen, indem Sie seine Ausrüstung und Waffen kombinieren. Im Kampf, der in Echtzeit abläuft, ist es möglich, Feinde zu vernichten, indem man mit Freunden zusammenarbeitet und Kombinationsangriffe mit den ausgerüsteten Waffen ausführt. Nach dem Beenden einer Etappe können Sie die Kampfszene als Nachrichtenvideo abspielen.
Get Ride! Amdriver - Shutsugeki! Battle Party (Japan)	Spieladaption der TV-Animation. Ein Brettspiel mit zusätzlichen Kampfelementen. Drehe die Schlitze, um dich auf dem Spielfeld zu bewegen, und gewinne einen Preis, wenn du eine Runde schaffst. Im Kampf erscheinen die Waffen aus dem Anime als Kampfkarten, die man im Spiel erhalten kann.
Get! - Boku no Mushi Tsukamaete (Japan)	GET! Boku no Mushi Tsukamaete basiert auf der Erfahrung von Kindern in Japan, die im Sommer Käfer fangen. Du gehst auf eine Reihe von Quests und bildest ein Team, um über 200 Käfer zu fangen, zu sammeln und zu verkaufen, während du versuchst, den legendären Gaou (Mottenkönig) zu finden, um eine tödliche Schädelkrankheit zu heilen, von der die Kinder der Region betroffen sind. Je nachdem, welche Käfer und Nebenquests du erledigst, kannst du mehrere Enden erreichen.
GetBackers Dakkanya - Jagan Fuuin! (Japan)	Schließen Sie sich mit einer Gruppe von drei Personen zusammen, um den Auftrag zu erhalten, das Grundstück zurückzuerobern und das Ereignis abzuschließen, während Sie den Feind besiegen. Unterstützungsangriffe und Kombinationstechniken variieren je nach Kompatibilität der Teammitglieder.
GetBackers Dakkanya - Jigoku no Scaramouche (Japan)	Sie steuern eine Figur aus dem Comic &quot;GetBackers Retrievers&quot;, um in der Stadt Informationen zu sammeln und die gewünschten Gegenstände zu beschaffen. Je nach Kompatibilität Ihrer Gefährten ändern sich deren Fähigkeiten im Kampf.
GetBackers Dakkanya - Metropolis Dakkan Sakusen! (Japan)	Basierend auf einem beliebten Comicbuch. Bilden Sie eine Gruppe mit bekannten Charakteren und erfüllen Sie zahlreiche Aufträge. Drücke die Tasten, die während des Kampfes erscheinen, um Kombinationsbewegungen und Unterstützungsangriffe einzusetzen.
Ghost Rider (USA, Europe) (En,Fr,De,Es,It,Nl)	„Ghost Rider“ setzt die Handlung des Films fort und schickt den Spieler in die Rolle von Johnny Blaze, dem Ghost Rider, der Mephistos Plan stoppen soll, Blackheart auf der Erde wiederzubeleben. Dieses Vorhaben könnte die Apokalypse auslösen und Mephisto die Kontrolle über die Hölle kosten, da es gegen die Regeln der Engel verstößt, dass keine Dämonen auf der Erde existieren dürfen. Trotz seiner eigenen Motive stimmt Ghost Rider zu, um Roxanne Simpson, die Frau, die er liebt, zu retten. Der Spieler kämpft zu Fuß gegen Dämonen, nutzt aufrüstbare Angriffe wie Faustschläge und die Höllenkette und muss auf dem Höllenrad über weite Strecken rasen. Dabei werden Dämonen auf ihren Transportwegen mit der Höllenkette und Feuerbällen ausgeschaltet.
Ghost Trap (Japan)	Steuern Sie den Wissenschaftler George, und fangen Sie den Geist, der im Geisterhaus erscheint, in einer Falle. Die KARTE des Geisterhauses wird zu einer 3D-Darstellung und die Struktur der KARTE ändert sich jedes Mal, wenn Sie das Spiel spielen. Du kannst verschiedene Fallen bauen, indem du verschiedene Gegenstände kombinierst, die du erhalten hast.
Global Star - Sudoku Fever (USA)	Sudoku ist das Rätselphänomen aus Japan, ein Spiel, das wie ein mathematisches Problem aussieht, aber in Wirklichkeit ein kniffliges Rätselspiel ist. Die Regeln sind einfach: Man beginnt mit einem Gitter, das aus neun drei mal drei Quadraten besteht, in denen einige Zahlen bereits vorgegeben sind. Füllen Sie die leeren Felder so aus, dass jede Spalte, jede Zeile und jedes Drei-mal-drei-Gitter eine Zahl von 1 bis 9 enthält, ohne dass sich eine davon wiederholt.
Go! Go! Beckham! - Adventure on Soccer Island (Europe) (En,Fr,De,Es,It)	Los! Los! Beckham! Adventure on Soccer Island ist ein von Denki entwickeltes und von Rage Software veröffentlichtes Actionspiel, das 2002 in Europa veröffentlicht wurde.
Godzilla - Domination! (USA)	Sechs Monster kämpfen durch sieben zerstörerische Orte, um sich als das größte Monster der Welt zu beweisen. Jedes Monster verfügt über einen persönlichen Satz an Schlägen, Tritten und Spezialbewegungen, um die Konkurrenz zu dominieren. Zu den Spielfunktionen gehören 7 Monster mit jeweils eigener Heimarena und Spezialbewegungen, Power-Ups und Waffen, die durch die Zerstörung von Gebäuden freigelegt werden, fünf verschiedene Modi, darunter der Link-Modus zum Spielen gegen vier Freunde, und individuelle Kämpfe für unbegrenzte Spielstile.
Goemon - New Age Shutsudou! (Japan)	Goemon: New Age Shutsudou! gibt der Franchise ein neues Gesicht und versetzt Goemon und seine Freunde in ein futuristisches Japan, wo sie eine übernatürliche Macht abwehren müssen, die die Stadt bedroht.
Golden Nugget Casino (USA, Europe)	Erleben Sie den Nervenkitzel des Glücksspiels mit hohen Einsätzen im Golden Nugget Casino mit klassischen Spielen wie Blackjack, Craps und Roulette, sowie Spielautomaten und Video Poker. Wenn Sie kein GlÃ¼ck haben, besuchen Sie den Geldautomaten und setzen Sie sich an die Tische, um mehr Action zu erleben. Im Golden Nugget Casino kÃ¶nnen Sie ein High Roller sein und Ihre Brieftasche zu Hause lassen. Meistern Sie eine Vielzahl von Karten- und Tischspielen sowie Spielautomaten und Videopoker und ziehen Sie den Hebel bei Automatenspielen wie Halloween Spooky und Wild West. Fordern Sie sich bei Video Poker Spielen wie Deuces Wild, Jokerâ€™s Wild, Jacks or Better und Tens or Better heraus. Holen Sie sich an der Kasse einen Kredit von bis zu 2.000 $ auf einmal, bis zu einem Maximum von 10.000 $. Das Passwortsystem ermÃ¶glicht es Ihnen, ein Passwort einzugeben und das Spiel mit einem zuvor gespeicherten Kontostand fortzusetzen.
Golden Sun (USA, Europe)	Ein episches Abenteuer erhebt sich aus der Dunkelheit! Die Mächte der Finsternis suchen nach der verlorenen Kunst der Alchemie. Langsam kommen sie ihrem Ziel näher und die Zukunft der Menschheit liegt im Unklaren. Du und deine Freunde seid die letzte Hoffnung! Ausgestattet mit mächtigen Waffen, einem Arsenal an magischen Formeln und mit der Hilfe elementarer Kreaturen müsst ihr einen Weg finden, das drohenden Unheil von der Welt abzuwenden!
Golden Sun - The Lost Age (USA, Europe)	Eine neue Epoche dämmert...und die Helden aus Golden Sun versinken in den Strudeln der Vergangenheit. Die Welt steht am Rande eines Schlundes unendlicher Dunkelheit. Eine neue Gruppe von Abenteurer ist vielleicht ihre allerletzte Hoffnung, vielleicht aber auch ihr Untergang. Verfolgt von den Helden aus dem ersten Golden Sun-Epos müssen sie sich beeilen, ihr Schicksal zu erfüllen, bevor die Welt dem namenlosen Vergessen anheim fällt.
Gradius Galaxies (USA)	Die seitlich scrollende Action von Gradius Galaxies erinnert an die Anfänge der Arcade-Shooter - Welle um Welle von Gegnern jagt dich durch 8 völlig neue Levels, und kolossale Endbosse füllen den Bildschirm mit einer Konstellation aus schwerem Feuer. Schnallen Sie sich fest an die Steuerung der Vic Viper, einem schnellen und tödlichen Angriffsschiff. Wählen Sie die Waffenkonfiguration, darunter Zwillingskanonen, Photonenraketen und Strahlenlaser, und verbessern Sie diese Waffen während des Spiels, indem Sie Power-Ups einsammeln.
Grand Theft Auto (USA)	La serie Grand Theft Auto finalmente llega a Game Boy Advance. Juegas como un gángster perseguido por la policía y otros mafiosos de la ciudad. Tu amigo Vinnie fue asesinado cuando tenía todo el dinero con él, lo que te permite salir de la oscura ciudad de Liberty City en paz. Encuentra a los asesinos y venga a tu compañero. Al igual que en entregas anteriores de la serie Grand Theft Auto, puedes robar vehículos, explorar la ciudad y manejar una gran variedad de armas.
Greg Hastings' Tournament Paintball Max'd (USA)	Paintball-Profi Greg Hasting kehrt in GREG HASTING'S TOURNAMENT PAINTBALL MAX'D von Activision für den Game Boy Advance zurück, dem Nachfolger von GREG HASTING'S TOURNAMENT PAINTBALL. Das zweite Spiel der Serie enthält eine Reihe von Paintball-Profis, verschiedene Modi und einen Level-Editor. Wie der Vorgänger enthält GREG HASTING'S TOURNAMENT PAINTBALL MAX'D eine Reihe von verschiedenen Spielmodi. Die Spieler arbeiten als Teil eines Teams (entweder KI-gesteuert oder mit Freunden), um das gegnerische Team in verschiedenen Umgebungen zu besiegen. Der Einzelspieler-Kampagnenmodus geht noch einen Schritt weiter und überlässt dem Spieler die Aufgabe, aus einer Reihe von Unbekannten ein Paintball-Team zusammenzustellen und sie zu Paintball-Champions zu machen. Auf dem Weg dorthin treten die Spieler gegen namhafte Paintballspieler an, darunter Nicky Cuba, Matt Marshall, Peter Utsching und schließlich Greg Hasting selbst. Zwischen den Turnieren können die Spieler neue Ausrüstungsgegenstände für ihre Charaktere kaufen und gesammelte Fähigkeitspunkte ausgeben, um ihre Statistiken zu verbessern. Die größte Neuerung in MAX'D ist der Level-Editor.
Gremlins - Stripe vs Gizmo (USA)	Die Gremlins sind zu Weihnachten wieder nach Kingston Falls zurückgekehrt: Bereitet euch auf die bereits zum Mythos gewordene Auseinandersetzung zwischen Stripe und Gizmo auf dem Game Boy Advance vor! Zwei einzigartige Abenteuer, bei denen du entweder Gizmo, der liebe Mogwai oder Stripe, der schreckliche Gremlin sein kannst. Drei mögliche Spielmodi: Abenteuer, Im Wettlauf mit der Zeit oder zwei Spieler mit dem GBA Game Link Kabel. Fünf gigantische Welten, absolut filmgetreu und voller Tücken!
Grim Adventures of Billy & Mandy, The (USA)	In „Grim Adventures of Billy & Mandy“ treten die Charaktere der beliebten Cartoon-Network-Fernsehserie in einem actiongeladenen Abenteuer-/Kampfspiel gegeneinander an. Im Kampfmodus stehen den Spielern zahlreiche Waffen in zerstörbaren Arenen wie der Wüste des Verderbens und der Unterwelt zur Verfügung. Alternativ können die Spieler im Abenteuermodus, einer Reihe von storybasierten Missionen, allein oder mit einem Freund spielen und dabei neue Waffen und spielbare Charaktere freischalten.
Groove Adventure Rave - Hikari to Yami no Daikessen (Japan)	Basierend auf dem beliebten Anime &quot;RAVE&quot;. Das &quot;Tension Gauge&quot; steigt, wenn du Feinde angreifst, und du kannst &quot;Kime-teki&quot; benutzen, um dein &quot;Tension Gauge&quot; zu erhöhen. Der schnellste Spieler, der das &quot;Kime-teki&quot; aktiviert, gewinnt das Spiel.
GT Advance - Championship Racing (USA, Europe)	Auf die Plätze! Fertig! Los geht's! GT Advance Championship Racing ist ein Rennspiel für den Gameboy Advance. Wähle dein Auto aus 45 authentischen Modellen und lass den Motor schnurren. Im Meisterschaftsmodus kannst du auf 32 verschiedenen Strecken antreten. Außerdem hast du die Möglichkeit, die Leistung deines Rennwagens mit 9 Kategorien von Teilen zu verbessern, die du austauschen kannst.
GT Advance 2 - Rally Racing (USA)	Bei GT Advance 2 Rally Racing kann man sich hinter das Steuer der weltbesten Rally-Autos setzten und rund um den Globus um die Meisterschaft fahren. Auf über 40 abwechslungsreichen Strecken mit wechselndem Wetter und Gelände und 14 fordernden Etappen wird man von seinem Copiloten mit Ansagen unterstützt. Auf dem Weg zum Zielende, muss man über Schanzen springen oder um Hindernisse schliddern. Im Mehrspielermodus gibt es die Möglichkeit sich 2 Spieler hitzige Kopf-an-Kopf Rennen zu liefern und das Geschehen im Replay-Modus erneut abspielen lassen.
GT Advance 3 - Pro Concept Racing (USA)	Setzen Sie sich hinter das Steuer der weltbesten Rallye-Autos und fahren Sie um den Globus, um die Meisterschaft zu gewinnen. Hören Sie Ihrem Navigator zu, wenn er Ihnen auf 14 aufreibenden Etappen durch mehr als 40 einzigartige Strecken mit unterschiedlichen Wetter- und Geländebedingungen hilft. Fliegen Sie über Sprünge oder umfahren Sie Hindernisse auf Ihrem Weg an die Spitze des Rallye-Rennzirkus. Verbinden Sie sich mit einem Freund über das GBA-Link-Kabel, um sich ein spannendes Kopf-an-Kopf-Rennen zu liefern, oder schauen Sie sich die Action im Replay-Modus noch einmal an.
GT Racers (Europe) (En,Fr,De,Es,It)	Wenn GT Racers Sie durch die Straßen der größten Städte der Welt führt, sorgt es mit einem Dutzend extrem leistungsstarker Superautos für Nervenkitzel und Gänsehaut auf den Straßen von London bis Tokio, Paris und New York. Vergessen Sie das Sightseeing, vergessen Sie Geschwindigkeitsbegrenzungen, berühmte Sehenswürdigkeiten wie das Brandenburger Tor und die Brooklyn Bridge werden zu bloßen Unschärfen in der Landschaft, wenn Sie mit 200 Meilen pro Stunde an ihnen vorbeifahren!
Guilty Gear X - Advance Edition (USA)	Guilty Gear X für den Gameboy Advance ist ein 2D-Kampfspiel. Es gibt noch einen Gear (eine biologische Waffe) auf der Erde und die Regierung bietet demjenigen, der ihn eliminiert, ein schönes Paket an. Es melden sich 14 Freiwillige, die alle sehr unterschiedlich in ihrem Kampfstil sind. Jetzt sind Sie an der Reihe. Füllen Sie Ihre Spannungsanzeige auf und lassen Sie im richtigen Moment den ultimativen Angriff los.
Gumby vs. the Astrobots (USA)	Professor Kapp hat versehentlich eine Maschine erfunden, die Gumbys Freunde, die Astroboter, steuern kann. Wenige Minuten nach ihrer Erfindung wird sie natürlich von den schelmischen Blockheads gestohlen! Wer weiß, was sie damit alles anstellen werden! Gumby vs. the Astrobots ist ein seitlich scrollendes Plattformspiel, in dem du als Gumby spielst. Erkunde verschiedene Bücher, um deine Freunde Pokey, Prickle und Goo zu retten, die alle von den Astrobots entführt wurden. Gumby kann sich mit seinen Fähigkeiten in eine Knetkugel, ein Minenauto, einen Hubschrauber und vieles mehr verwandeln, während er die verschiedenen Bücher erkundet, um seine Freunde zu retten. In jeder Welt gibt es Eiscreme, Gumbys Lieblingsspeise, zu sammeln.
Gunstar Super Heroes (USA)	Eines der beliebtesten 2D-Spiele aller Zeiten, Gunstar Heroes, bekommt endlich einen Nachfolger, der von Treasure entwickelt wird - dem legendären Team, das schon für das Original verantwortlich war. Red und Blue, die Stars von Gunstar Future Heroes, müssen erneut dafür sorgen, dass ein sehr mächtiger Stein nicht in die Hände eines finsteren Imperiums fällt, das den Gott des Ruins wiedererwecken will. Beide Charaktere bestreiten dasselbe Abenteuer, allerdings auf verschiedenen Wegen, und die Story passt sich dabei dem gewählten Schwierigkeitsgrad an, so dass sie insgesamt sechs unterschiedliche Verläufe nehmen kann. Der Spieler bezwingt mit Schnellfeuer, Maschinenpistolen, Laser und Sprengstoff sechs originelle Level und stellt sich gewaltigen Endgegnern, die den gesamten GBA-Bildschirm einnehmen.
Guranbo (Japan)	Folgen Sie den Robotern namens &quot;Grambo&quot; und schützen Sie den Frieden vor der bösen Gruppe &quot;Skyshark&quot;. Jagen Sie feindliche Grambos und entwickeln Sie Ihren eigenen Grambo weiter.
Hajime no Ippo - The Fighting! (Japan)	„Hajime no Ippo: The Fighting“ ist ein Boxspiel, das auf dem Manga und Anime „Hajime no Ippo“ basiert. Es erzählt die Geschichte von Ippo, einem schüchternen Jungen, der seiner Mutter bei ihrem Fischereibetrieb hilft und deshalb kaum Zeit hat, Freunde zu finden. Wegen seiner Zurückhaltung wird er oft von Schlägern drangsaliert, bis eines Tages ein Fremder namens Takamura ihn rettet. Takamura bringt Ippo in ein Boxstudio, wo er sein verborgenes Talent als Boxer entdeckt.
Hamtaro - Ham-Ham Games (Japan, USA) (En,Ja)	Stelle deine sportlichen Fähigkeiten mit Hamtaro und seinen Ham-Ham-Kollegen bei den Ham-Ham-Spielen 2004 auf die Probe. Du musst verschiedene Ham-Hams in 15 Sportdisziplinen zum Sieg führen, darunter Bogenschießen, Sprinten, Segeln, Schwimmen und mehr. Drücke deinen Lieblings-Hamtaro-Charakteren die Daumen, wenn sie gegen neue Ham-Hams antreten, wie zum Beispiel die Piraten vom Team Seaham. Mit dem Game Boy Advance Game Link-Kabel kannst du außerdem Statistiken und Sammelkostüme mit deinen Freunden austauschen.
Hamtaro - Ham-Ham Heartbreak (USA)	Ab sofort sorgt der kleine Hamtaro zusammen mit seiner Hamsterbande auch auf dem Game Boy Advance für mächtig Wirbel. Im neuesten Abenteuer um die cleveren Nager sorgt ein Bösewicht namens Spat für Unruhe im Paradies. Er verbreitet gemeine Lügen und die wildesten Gerüchte über Hamtaro. Die will der Kopf der Ham-Ham-Bande sofort aus der Welt schaffen. Dazu muss er aber mehr als 80 neue Wörter der Hamstersprache erlernen, sonst können die vielen Rätsel nicht gelöst werden. Sobald die Hamster ein Wort oder eine Fähigkeit erlernt haben, zeigen sie dazu die etnsprechende Gestik und Mimik - also jede Menge neue Animationen für jeden einzelnen Hamster. Ganz neu: der &quot;Dress up & Photo&quot; -Raum, in dem sich die Hamster witzig verkleiden können. Mit dem neuen Hamster-Abenteuer Hamtaro. Ham-Ham Heartbreak sprechen alle Spielfans eine Fremdsprache mehr: den Hamchat!
Hamtaro - Rainbow Rescue (Europe) (En,Fr,De,Es,It)	Un día, mientras Bijou jugaba en el exterior, apareció un gran arco-iris. Al desaparecer, el príncipe Bo cayó al suelo. El príncipe dijo que podía hacer arco-iris usando su paraguas. Intentó demostrarlo a los Ham-Hams, pero se dio cuenta demasiado tarde que los colores de su paraguas se habían ido. De esta forma, Hamtaro y sus amigos Ham-Ham se deben embarcar en un viaje para recoger cosas del color adecuado para que el príncipe Bo las pueda usar para su paraguas y así crear un arco-iris con el que volver a casa.
Happy Feet (USA) (En,Fr)	Happy Feet basiert auf dem Komödienabenteuer von Warner Bros. Sie schlüpfen in die Rolle von Mumble, einem jungen Pinguin, der in eine Nation von singenden Kaiserpinguinen hineingeboren wurde. In diesem Land braucht jeder Pinguin ein Herzenslied, um einen Seelenverwandten anzuziehen. Leider ist Mumble der schlechteste Sänger der Welt. Aber er ist ein brillanter Stepptänzer. Basierend auf der allgemeinen Handlung des Films kann der Spieler das Leben aus der Sicht von Mumble durch Musik, Tanz und Interaktion mit den Freunden und Feinden in der Welt der Pinguine erleben.
Hardcore Pool (Europe) (En,De,Es,It)	Dieses Billardspiel bietet realistische Ball- und Tischphysik, 3D-gerenderte Grafiken, 8 spielbare Charaktere und 5 Spielmodi – Arcade, Turnier, 8-Ball, 9-Ball und Time Challenge.
Harlem Globetrotters - World Tour (USA)	Die Harlem Globetrotters gehören zu den größten Entertainern der Sportweit und beeindrucken mit ihren wahnwitzigen Tricks, ihrer Luftakrobatik und ihrer komödiantischen Ader. Jetzt hast du auf deinem Nintendo DS™ die Gelegenheit, die Clown-Prinzen des „Hardwoods™ in dieser unglaublichen 2 gegen 2&quot;-Basketball-Action zu steuern.
Harobots - Robo Hero Battling!! (Japan)	Harobots - Robo Hero Battling!! ist ein Action-Rollenspiel für den Gameboy Advance, in dem du Haro, einen Kampfroboter aus der Gundam-Serie, besitzt. Du kannst ihn verbessern und ihn gegen andere Roboter kämpfen lassen.
Harry Potter - Quidditch World Cup (USA, Europe) (En,Fr,De,Es,It,Nl,Da)	Handheld-Adaption des Fantasy-Sportspiels Electronic Arts. Nehmen Sie eines der Hogwarts-Häuser, um im Hogwarts-Quidditch-Pokal zu triumphieren, und nutzen Sie dann Ihre neuen Fähigkeiten, um Ihr Land zum Sieg im Quidditch-Weltcup zu führen. Die Spieler können zwischen neun internationalen Quidditch-Teams wählen, von denen jedes seinen eigenen Spielstil hat: USA, England, Frankreich, Deutschland, das nordische Team, Spanien, Australien und Bulgarien mit Viktor Krum. GBA-Besitzer können das erste Harry-Potter-Multiplayer-Spiel für die Plattform erleben. Verbinde dich, um dich mit deinen Freunden in magischer, schneller und aufregender Zwei-Spieler-Action zu messen.
Harry Potter and the Chamber of Secrets (USA, Europe) (En,Fr,De,Es,It,Nl,Pt,Sv,No,Da)	Das Spiel für Game Boy Advance, das auf dem zweiten Harry-Potter-Buch und -Film basiert, ist wie sein Vorgänger ein Action-Abenteuer, diesmal mit einer isometrischen Perspektive. In Harrys zweitem Jahr in Hogwarts passieren schlimme Dinge. Die alte Kammer der Geheimnisse wurde eröffnet, und was darin lauert, ist der Angriff auf Studenten. Um diese Tortur lebend zu überstehen (und die Handlung voranzutreiben), muss Harry erneut verschiedene Herausforderungen meistern. Diese bestehen hauptsächlich aus dem Navigieren durch große Labyrinthe - dem Kampf gegen Monster, dem Lösen von Rätseln, dem Umlegen von Schaltern und dem Drücken von Knöpfen zum Öffnen von Türen.
Harry Potter and the Goblet of Fire (USA, Europe) (En,Fr,De,Es,It,Nl,Da)	Harry, Ron und Hermine sind zurück in Harry Potter und der Feuerkelch - ein Spiel, das auf J.K. Rowlings viertes Buch. Das Spiel folgt Harry, dem Zauberer im Training, der sich einem feuerspeienden Drachen stellt, Freunde aus den eisigen Tiefen des Schwarzen Sees rettet und durch die verwinkelten Korridore eines Labyrinths navigiert. Als Harry, Ron oder Hermine kannst du eine Vielzahl von Zaubersprüchen sowohl im Einzelspieler- als auch im kooperativen Modus wirken.
Harry Potter and the Order of the Phoenix (USA, Europe) (En,Fr,De,Es,It,Nl,Da)	In Harry Potter und der Orden des Phönix kehrt Harry für sein fünftes Studienjahr nach Hogwarts zurück und entdeckt, dass ein Großteil der Zauberergemeinschaft die jüngste Begegnung des Teenagers mit dem bösen Lord Voldemort leugnet. Der Zaubereiminister hat beschlossen, Kurse in Verteidigungsmagie zu geben, aber dadurch sind die jungen Zauberer völlig unvorbereitet, sich gegen die dunklen Mächte zu verteidigen, die sie bedrohen. Harry trifft sich heimlich mit einer kleinen Gruppe von Schülern, die sich „Dumbledores Armee“ nennen, und hat es sich zur Aufgabe gemacht, seiner Gruppe von Schülern beizubringen, wie sie sich gegen die Dunklen Künste verteidigen können, um die mutigen jungen Zauberer auf den außergewöhnlichen Kampf vorzubereiten, der vor ihnen liegt.
Harry Potter and the Prisoner of Azkaban (USA, Europe) (En,Fr,De,Es,It,Nl,Da)	Die Dementoren kommen, und Harry braucht seine Freunde mehr denn je. Im Videospiel Harry Potter und der Gefangene von Askaban, das gleichzeitig mit dem neuen Film veröffentlicht werden soll, kehren Harry Potter und seine Freunde Ron Weasley und Hermine Granger als Teenager im dritten Schuljahr zur Hogwarts-Schule für Zauberei und Hexerei zurück. Hier treffen sie auf den Geheimnis umwobenen Sirius Black, der kurz zuvor aus dem berühmten Zauberer- Gefängnis Askaban ausgebrochen ist. Zum ersten Mal ermöglicht das Gameplay dem Spieler ein Gemeinschaftsspiel, d.h. er kann das Spiel sowie seine Missionen und Herausforderungen als Harry, Ron und Hermine spielen und hat dabei einzigartige individuelle Fähigkeiten und Zaubersprüche zur Verfügung. Die drei Freunde müssen ihre Stärken vereinen und fantastische neue Zaubersprüche lernen, um den gruseligsten aller bisherigen Gegner zu besiegen: die Dementoren, die gefürchteten Wächter des Askaban-Gefängnisses.
Harry Potter and the Sorcerer's Stone (USA, Europe) (En,Fr,De,Es,It,Nl,Pt,Sv,No,Da)	„Harry Potter und der Stein der Weisen“ lässt Sie auf dem Gameboy Advance in die magische Welt des jungen Zauberers eintauchen. In den verschiedenen Missionen entdecken Sie die vielen Geheimnisse von Hogwarts. Lernen Sie in Begleitung Ihrer Freunde Ron und Hermine, auf Ihrem Besen zu reiten und Zaubersprüche zu meistern, um ein echter Zauberer zu werden. Endlich wird Quidditch Ihr neuer Lieblingssport sein.
Harvest Moon - Friends of Mineral Town (USA)	Der beliebteste Farmer der Nintendo Fans ist endlich wieder da! In Harvest Moon Friends of Mineral Town trifft der Harvest Moon-Fan auf alte Freunde aus Harvest Moon - Back to Nature aber darüber hinaus gibt es natürlich viele Neuerungen: Die Familie hat die alte Farm verkommen lassen und nun braucht es viel Kraft und Geduld, diese wieder erfolgreich zu bewirtschaften. Den Weg zum Ziel kann der Spieler dabei frei wählen: Wird das Geld mit Viehzucht, Landwirtschaft oder Teilzeit-Jobs verdient? Vor lauter Arbeit dürfen Freunde und Freizeit nicht zu kurz kommen! Denn so lernt der Farmer die Frau fürs Leben kennen, mit der er eine Familie gründen kann. Ein tolles Farmer-Familienleben ist zum Greifen nahe!
Harvest Moon - More Friends of Mineral Town (USA)	Lebe das einfache Leben als Bauer in Harvest Moon: Mehr Freunde der Mineralstadt. Dieses Spiel ähnelt dem ursprünglichen Harvest Moon: Friends of Mineral Town, aber jetzt können Sie als Mädchen spielen, das die Stadt verlassen hat, um ein Leben auf der Farm zu führen. Sie beteiligen sich am Anbau von Pflanzen, an der Bewirtschaftung von Vieh, an der Suche nach einem Ehemann und an der Erziehung von Kindern.
Hatena Satena (Japan)	Hatena Satena wurde bereits 2001 von Hudson für den Game Boy Advance veröffentlicht. Es ähnelt der Picross-Reihe von Spielen - Einzelbild-Raster-Rätsel, bei denen Sie Hinweise darauf erhalten, wo Sie abplatzen müssen, um schließlich ein Bild im Raster anzuzeigen. Elemente von Minesweeper sind ebenfalls vorhanden - jedes Quadrat, das Sie aufdecken, zeigt an, wie viele der gleichen Farbquadrate es berühren bisschen Text, es ist für jeden völlig spielbar, unabhängig von den Sprachkenntnissen.
Heidi - The Game (Europe) (En,Fr,De,Es,It)	Erlebe mit Heidi und ihren Freunden spannende Abenteuer in den Bergen und der Stadt Frankfurt. Mache dich auf die Reise durch die Berge und löse alle Aufgaben. Es erwarten dich versteckte Geheimwege, verborgene Extras und eine scheinbar unbegrenzte Vielfalt an Levelabläufen. FEATURES: - Komplette 3D-Abenteuerwelt in den Bergen - Führe Heidi durch insgesamt sechs abgeschlossene Abenteuer - Einzigartige 3rd-Person-Kamera - Integrierte Minispiele - Spiele alle Minispiele im &quot;Party-Modus&quot; mit deinen Freunden.
Hello Kitty - Happy Party Pals (USA)	Hallo Kitty: Happy Party Pals! Triff den Liebling der kleinen Mädchen. Erforsche die wunderbare Welt von Hello Kitty und entdecke alle Zutaten, die dieses Treffen zu einem Erfolg machen werden. Finde den perfekten Ort und kontaktiere Kittys Freunde per Telefon. Du kannst ihnen Nachrichten und Einladungen schicken. Nimm an dreizehn verrückten Minispielen in einem sehr bunten Universum teil.
Hello! Idol Debut - Kids Idol Ikusei Game (Japan)	In diesem Spiel schlüpfst du in die Rolle eines neuen Schülers an einer Idol-Trainingsschule und arbeitest auf dein großes Debüt hin. Absolviere Lektionen in Gesang, Make-up, Schauspiel und mehr, um dich zu verbessern. Mit jedem Fortschritt erhältst du Angebote für TV-Auftritte und Bühnenperformances. Dein Ziel ist es, dich als Idol zu etablieren und erfolgreich zu werden.
Hey Arnold! - The Movie (USA)	Basierend auf dem Kinofilm &quot;Hey Arnold! - The Movie&quot; folgt der Spieler Arnold und seinen Freunden durch ein turbulentes Abenteuer und versucht, die Nachbarschaft vor einem fiesen Geschäftsmann zu retten, der ein Super-Pieper-Emporium bauen will. In den verschiedenen Levels des Spiels musst du Arnold helfen, sich an den Sicherheitsleuten vorbeizuschleichen, Gerald die Blockapalooza-Party bekannt zu machen und Oma aus dem Gefängnis zu befreien!
High Heat Major League Baseball 2002 (USA, Europe)	High Heat 2002 ist der dritte Teil der „High Heat“-Reihe und verzichtet im Gegensatz zu den Vorgängern auf die Sammy‑Sosa-Lizenz. Wie zuvor handelt es sich um eine umfassende Baseball-Simulation, in der du dein Team entweder nur managen oder jedes Spiel selbst auf dem Feld spielen kannst. Die Saisonlänge lässt sich anpassen, neue Teams können erstellt, Divisionen neu sortiert und Spieler vor Saisonbeginn zwischen Teams verschoben werden. Außerdem kannst du Teameinstellungen verändern und eigene Spieler erstellen. Vom Schwung des Schlägers bis zu großen Transfers liegt die volle Kontrolle bei dir.
High Heat Major League Baseball 2003 (USA)	Die High Heat-Serie kehrt für eine weitere Baseball-Saison zurück, dieses Mal mit den folgenden Updates: Verbesserte Truplay-KI-Technologie, die realistischere Animationen für Batter, Fielder und Pitcher usw. ermöglicht. Alle aktualisierten Mannschaftsaufstellungen für die neue Saison Zweiköpfiges Kommentatorenteam Über Feldtrainer und Manager Und neue Spielmodi, darunter Homerun-Derby, Fantasy-Draft, Spieler erstellen, Schlagtraining und eine Zwei-gegen-Zwei-Herausforderung.
Hikaru no Go (Japan)	Hikaru No Go für den Gameboy Advance ist der erste Teil des Go-Spiels, das auf dem gleichnamigen Manga basiert. Das Go-Spiel ist ein sehr altes japanisches Strategiespiel.
Hikaru no Go 2 (Japan)	Hikaru No Go für Gameboy Advance ist der zweite Teil des Go-Spiels, das auf dem gleichnamigen Manga basiert. Go ist ein sehr altes japanisches Strategiespiel.
Hobbit, The - The Prelude to the Lord of the Rings (USA)	Bilbo der Hobbit auf GBA ist ein Action-/Abenteuerspiel, das das von Tolkien erfundene Universum des Herrn der Ringe originalgetreu nachbildet. Wie im Buch gibt es Hobbits, Elfen, Kobolde und alle anderen Kreaturen, die Mittelerde bewohnen. Spielen Sie als Bilbo, einen jungen Hobbit, der von Gandalf ausgewählt wurde, um den Schatz zurückzuholen, der vor langer Zeit von Smaug dem Drachen gestohlen wurde, dem gleichen, der das Königreich der Zwerge zerstört hat.
Hot Potato! (USA)	In Anlehnung an die ursprünglichen Arcade-Spiele steuern die Spieler einen Bus, in dem sich eine Gruppe bunter Kartoffeln befindet. Während der Bus durch die Straßen rollt, lassen die Spieler Wellen von Kartoffeln auf die Straße vor ihnen los. Wenn eine Kartoffel auf eine gleichfarbige Kartoffel trifft, retten sie diese. Auf dem Bildschirm gibt es ständig Action, denn jede Kartoffel ist animiert und winkt mit den Armen, um Ihre Aufmerksamkeit zu erregen. Die kleinen Kartoffeln sind niedlich, zeigen eine breite Palette an komischen Animationen und sind buchstäblich überall. Es liegt an den Spielern, die niedlichen Kartoffeln zu fangen und die Erde für immer zu retten!
Hot Wheels - Burnin' Rubber (USA)	&quot;Hot Wheels: Burnin' Rubber&quot; lässt dich aus mehr als 15 authentischen Hot Wheels-Fahrzeugen der Erstauflage 2001 in fünf verschiedenen Klassen wählen. Du kannst auf 12 Strecken in vier verschiedenen Spielmodi (Grand Prix, freies Rennen, Zeitfahren und Zwei-Spieler-Modus) und vier Spielstufen (Bronze, Silber, Gold und Spezial) fahren. Gewinne Rennen, um weitere Autos und Bonuslevel freizuschalten. Du kannst dein Auto auch in einer anderen Farbe lackieren oder in der Werkstatt bis zu sieben Modifikationen vornehmen lassen und dann mit dem GBA-Link-Kabel gegen einen Freund antreten.
Hot Wheels - Stunt Track Challenge (USA, Europe)	Die Spieler nehmen an einer heißen neuen Extrem-Game-Show teil, in der sie gefährliche Stunts absolvieren und intensive Rennen gewinnen müssen. Das Ziel ist es, die Gegner zu besiegen und das Publikum mit furchtlosen Manövern zu beeindrucken, um in weitere Episoden vorzustoßen und bessere Autos zu gewinnen. Am Ende der Saison wird der Fahrer mit dem meisten Mut und den besten Stuntfähigkeiten in einem vergoldeten Auto als &quot;Hot Wheels Champion&quot; davonfahren. Die Spieler wählen aus 30 authentischen Hot Wheels-Autos, um in 24 Stunt Challenges auf 12 verschiedenen Strecken in Umgebungen wie Buccaneer Bay, Jurassic Jam, Zero Gravity Zone, Tiki Island, Spider Alley und Lava Land anzutreten. Die Spieler können ihre Autos auch mit einzigartigen Farben, Felgen und Aufklebern individualisieren.
Hot Wheels - World Race (USA)	In Hot Wheels Highway 35 World Race erreicht das Rennfahren ein neues Niveau, denn die Spieler werden in die einzigartige futuristische Hot Wheels-Fantasiewelt katapultiert, in der sich das Leben um die intensivsten Stuntrennen dreht, die man sich vorstellen kann. Die Spieler fahren auf extremen Strecken mit geteilten/mehrstufigen Kursen, Hindernissen und Geschwindigkeiten, die alles bisher Dagewesene übertreffen, gegen die Zeit. Die Spieler können wilde, der Schwerkraft trotzende Stunts vollführen, durch riesige Loopings rasen, Wände hochfahren, versteckte Abkürzungen finden oder einfach nur mit ihren Gegnern durch Vulkane, Eis, Berge und mehr rasen. Im Spiel können die Spieler aus authentischen Hot Wheels-Autos wählen.
Hudson Best Collection Vol. 2 - Lode Runner Collection (Japan)	Hudson Best Collection Vol. 2: Lode Runner Collection auf dem GBA ist eine Zusammenstellung, die auf derselben Kassette Lode Runner und Championship Lode Runner zusammenbringt, zwei Titel, die ursprünglich auf Nes erschienen sind. In diesen Action-/Puzzlespielen muss der Spieler durch die Levels gehen, eine bestimmte Menge an Gold sammeln und den patrouillierenden Feinden ausweichen.
Hugo - Bukkazoom! (Europe) (En,Fr,De,Es,It,Nl,Pt,Sv,No,Da,Fi,Pl)	Im verrückten und rasanten Cartoon-Kart-Rennspiel Hugo Bukkazoom! steuern die Spieler eine Vielzahl von Charakteren aus der Hugo-Welt, während sie durch das frei durchstreifbare Universum rasen. Dieses einfache und leicht zu spielende Rennspiel bietet drei unterschiedliche Umgebungen, fünf Spielmodi, freischaltbare Karts und Power-Ups.
Hunter X Hunter - Minna Tomodachi Daisakusen!! (Japan)	Nach dem Manga Hunter X Hunter von Togashi, Hunter X Hunter: Minna Tomodachi Daisakusen ermöglicht es dir, den Abschnitt, der auf Greed Island spielt, mit den 2 Helden, aber auch einigen Mitgliedern der Geisterbrigade, nachzuspielen.
Ice Age (USA) (En,Fr,Es)	„Ice Age“ bringt die tierischen Helden des Kinofilms auf den Game Boy Advance und lässt dich in zehn abwechslungsreichen Leveln durch die eiszeitliche Wildnis ziehen. Du steuerst zunächst Mammut Manny, der gemeinsam mit dem Menschenbaby Roshan allerlei Gefahren trotzt – von Säbelzahntigern über Stachelschweine bis hin zu wütenden Bienen. Um sich zu wehren, schleudert Manny riesige Nüsse auf seine Gegner. Doch nicht nur wilde Tiere stehen im Weg: Du musst schlafende Nashörner beiseiteschieben, skunkige Gase einatmen, um über Abgründe zu schweben, und jede Menge Geschick beweisen, um ans Ziel zu kommen. Ein humorvoll inszeniertes Abenteuer mit kreativen Hindernissen.
Ice Nine (USA, Europe) (En,Fr,De,Es,It)	Der junge Agentenanwärter James Clayton fällt während seiner Ausbildung durch und wird dann von seinem Ex-Ausbilder Burke rekrutiert, um an einer geheimen Operation teilzunehmen, die den Diebstahl eines zerstörerischen Programms mit dem Namen &quot;Ice Nine&quot; vereiteln soll. Sie, der Spieler, sind der verdeckte Ermittler und führen Aufträge aus, die von einem hochrangigen CIA-Mitglied erteilt werden. Platzieren Sie Mikrofone, schießen Sie Lichter aus, um Dunkelheit zu erzeugen, benutzen Sie Ihr Nachtsichtgerät, schlagen Sie Leute k.o., schießen Sie von oben auf Feinde. Bietet eine Vielzahl von Waffen, darunter ein Scharfschützengewehr, Granaten, Maschinenpistolen, Raketen und Schrotflinten, eine detaillierte Verschwörungsgeschichte und aktualisierte Missionsbriefings für wechselnde Szenarien. Spielt in realistischen Umgebungen wie dem CIA-Gebäude in Langley, der geheimen CIA-Ausbildungseinrichtung &quot;The Farm&quot; und den Straßen von Washington DC.
Ignition Collection - Volume 1 (Europe)	Ignition Collection: Volume 1: 3 Games in 1: Animal Snap + World Tennis Stars + Super Dropzone is a Miscellaneous game, developed and published by Ignition Entertainment, which was released in Europe in 2006.
IK+ (USA)	IK+ ist der Gipfel der computergesteuerten Kampfaction. Lebendige Grafiken und tolle Sounds bieten eine Kulisse für spannende Ein- oder Zweispieler-Action, wie sie kein anderes Spiel dieser Art bietet. Und wenn Ihnen zwei Kämpfer nicht genug sind, gibt es noch einen dritten computergesteuerten Gegner, der Sie ins Schwitzen bringen wird. Zu den zahlreichen Moves, die Ihnen zur Verfügung stehen, gehören Killer-Kicks, pulverisierende Schläge, schwere Kopfstöße, fliegende Tritte, verheerende Split-Kick-Manöver und der spektakuläre Backflip. Und das alles in einem Tempo, das Ihnen den Atem rauben wird.
Incredibles, The (USA, Europe)	Superkraft, Supergeschwindigkeit, Unsichtbarkeit und Elastizität sind alle Kräfte, die Ihnen zur Verfügung stehen, um das Böse in „Die Unglaublichen“ zu bekämpfen. Die werden sie auch brauchen, denn Ihre Feinde werfen Bomben, schießen mit Kugeln und Lasern auf Sie. Basierend auf dem Film von Pixar erzählt „Die Unglaublichen“ die Geschichte einer Familie verdeckter Superhelden, die versucht, ein ruhiges Vorstadtleben zu führen, aber wieder in Aktion treten muss, um die Welt zu retten. Als Hauptfiguren des Films müssen Sie in mehr als 18 actiongeladenen Levels kämpfen, Rennen fahren und Rätsel lösen.
Incredibles, The - Rise of the Underminer (USA, Europe)	Als der böse Tunnelgräber mit einem finsteren Plan zur Weltherrschaft an die Oberfläche kommt, liegt es an Mr. Incredible und seinem supercoolen Kumpel Frozone, den Tag zu retten. Während Mrs. Incredible, Violet, Dash und Jack-Jack sich um die Dinge an der Oberfläche kümmern, stürmen Mr. Incredible und Frozone in den Untergrund, um den heimtückischen Plänen des Tunnelgräbers ein Ende zu setzen und den teuflischen Bösewicht ein für alle Mal zu begraben! Völlig neues Action-/Abenteuerspiel. Spielen Sie jederzeit als Mr. Incredible oder Frozone. Kooperatives Gameplay mit der Möglichkeit, die Charaktere jederzeit im Spiel zu wechseln. Verbessern Sie die Moves und Fähigkeiten Ihres Charakters im Laufe des Spiels.
International Karate Advanced (Europe)	International Karate Advanced ist ein GBA-Remake von International Karate 2000 für den Game Boy Color mit dem 3-Wege-Free-for-All von IK+ anstelle des standardmäßigen 1-gegen-1-Kampfes der ursprünglichen IK und IK2000. Es verfügt über die gleichen 12 spielbaren Charaktere, aber jetzt zeigt Ihnen das Spiel die Fähigkeiten des Charakters auf einer Skala von 1 bis 5 Sternen an. Die gleichen klassischen Bonusspiele von IK+ und IK2000 sind zurückgekehrt, ebenso wie ein Übungs-Dojo, das zuvor im Game Boy Color-Spiel enthalten war.
International Superstar Soccer (Europe)	Das beste Fußballspiel, das es gibt, ist jetzt tragbar! Nehmen Sie an Schauspielen, internationalen Pokalen und Elfmeterschießen teil und versuchen Sie, die beste Fußballnation der Welt zu werden. Wählen Sie aus 36 Teams mit vollständigen Spieleraufstellungen und legen Sie Ihre eigenen Strategien fest. Erhitzen Sie das Netz, während Sie die Welt herausfordern.
International Superstar Soccer Advance (Europe)	international Superstar Soccer Advance lässt die Konami Fußballspielserie auf Nintendos Handheld aufleben, mit einem Gameplay, das dem ursprünglichen SNES-Spiel ähnelt. Das Geschehen wird von oben betrachtet, die Spieler sind groß dargestellt und der sichtbare Bereich des Bildschirms ist vordefiniert. In dieser Ausgabe können Sie einer Weltmeisterschaft sowie Freundschaftsspiele und Elfmetertraining in 5 Schwierigkeitsstufen spielen. Es gibt 40 Mannschaften zur Auswahl wobei alle echten Fußballprofis mit 9 verschiedenen Fähigkeitskategorien vorhanden sind.
Inukko Club (Japan)	Basierend auf dem beliebten Comic „Inukko Club“ steuert der Spieler Fukumaru, einen Hund, der Informationen von verschiedenen Hunden in der Stadt sammelt und zu seinem Besitzer zurückbringt. Das Spiel enthält zudem eine Vielzahl unterhaltsamer Minispiele.
Invader (Europe)	Invader ist ein vertikal scrollendes Shoot-em-up für den Nintendo Game Boy Advance. Es gibt 8 Levels, durch die man sich schießen muss, jedes endet mit einem Endboss. Der Spieler kann zwischen 2 verschiedenen Schiffen wählen, die jeweils über besondere Eigenschaften verfügen. Feinde hinterlassen Münzen, die im Shop ausgegeben werden können, wo Upgrades wie Waffen, Extraleben und Credits zum Kauf angeboten werden. Zu den Spielmodi gehören Arcade, Survival, Boss Attack und 2-Spieler-Kooperativ über das Link-Kabel.
Invincible Iron Man, The (USA, Europe)	Sie sind Anthony Stark, Erfinder und Geschäftsmann. Nach einer fast tödlichen Verletzung aufgrund eines Sabotageakts in der Industrie haben Sie eine lebenserhaltende Hülle aus einer Hightech-Rüstung entwickelt - einen Anzug, der es Ihnen ermöglicht, der unbesiegbare Iron Man zu werden. Doch nun ist der Anzug in die Hände des Bösen gefallen. In einem alternativen Anzug musst du gegen Blizzard, Crimson Dynamo und andere bösartige Feinde kämpfen, um dir das zurückzuholen, was dir rechtmäßig gehört. Nutzen Sie Repulsorstrahlen, Boot-Jets, Uni-Beams und fliegende Schulterladungen, um Ihren Anzug zurückzuerobern und Ihre Feinde auszuschalten. Kämpfe dich durch vier spektakuläre Schauplätze, darunter die Docks, der tiefe dunkle Wald, der alpine Schnee und der industrielle Forschungsturm. Mit vielfältigen Umgebungen, zahlreichen Power-Ups und freischaltbaren Boni ist Marvel's The Invincible Iron Man das ultimative Erlebnis für Fans des goldenen Rächers aus den Marvel Comics.
Iridion 3D (World) (Steam, GOG)	In diesem von Afterburner inspirierten Gameboy Advance-Starttitel steuert der Spieler den SHN-Jäger durch sieben Pseudo-3D-Level. Als der Protagonist von einer Weltraummission zur Erde zurückkehrt, muss er feststellen, dass das Iridion-Imperium die Macht übernommen hat. Der SHN-Jäger kann mit fünf verschiedenen Waffentypen ausgerüstet werden. Dies ist das erste englischsprachige Spiel des deutschen Entwicklers Shin'en.
Iridion II (USA)	Nach den Ereignissen in Iridion 3D verschwanden die Kräfte des Iridion vollständig, was die Menschheit dazu veranlasste in den Weltraum zu reisen und die Planeten der Heimatgalaxie des Iridion zu kolonisieren. Nach Hunderten von friedlichen Jahren kehrte das Iridion-Imperium jedoch zurück und griff die menschlichen Kolonisten an, um ihre Planeten zurückzuerobern. Der Spieler übernimmt die Kontrolle über die SHN-27, die unterwegs ist, um die Menschheit ein weiteres Mal vor den Iridions zu retten.
It's Mr. Pants (USA, Europe)	Vielleicht kennen Sie mich: Mein Name ist Mr. Pants und ich bin hier, um Ihnen die abgedreht-funkigen Sehenswürdigkeiten von Hosenland zu zeigen. Meine lieben Fans, in meiner kurzen Freizeit, die ich zwischen meinen exklusiven Unterwäsche- Werbeauftritten hatte, habe ich für euch ein paar tolle Knobeleien zusammengestrickt. Seht selbst und habt Spaß.
Jackie Chan Adventures - Legend of the Dark Hand (USA, Europe)	Bist du Chan genug? Als Jackie Chan, Kampfkunstmeisterin und Archäologin, haben Sie | eine Suche um die Welt zu unternehmen, um die böse Organisation der Dunklen Hand zu besiegen. Ihre finsteren Dämonen versuchen, das irdische Reich zu betreten, und es liegt an Ihnen und Ihrem listigen Witz, Ihren Kampfkunstfähigkeiten und Ihren magischen Schriftrollen, sie auf ihren Spuren zu stoppen.
James Pond - Codename Robocod (USA) (En,Fr,Es,Pt)	In seinem zweiten Abenteuer muss James Pond die Spielzeuge zurückholen, die Dr. Maybe gestohlen hat. Pond ist mit einem Stretch-Gerät im Stil von Inspector Gadget bewaffnet, mit dem er höher gelegene Bereiche einsehen oder sich an Decken festkrallen kann, um über diese zu gleiten. Das Spielgeschehen findet in Welten statt, die sich um bestimmte Arten von Spielzeug drehen, z. B. Sportartikel, Süßigkeiten und Flugzeuge. Die Levels bewegen sich seitwärts, obwohl eine kleine Menge an vertikaler Bewegung enthalten ist. In jedem Level muss Pond 2 Pinguine einsammeln und den Ausgang erreichen, obwohl es normalerweise mehrere Ausgänge und viele geheime Bereiche zu erkunden gibt.
Jazz Jackrabbit (USA, Europe)	Jazz, eine Mischung aus Bugs Bunny und Han Solo, hat seine üblichen Tricks, um die Welt zu retten, aber dieses Mal gibt es einen noch größeren Anreiz: Geld.In diesem exklusiven GBA-Titel muss Jazz 24 Levels erkunden, um so viel Geld wie möglich zu verdienen. Mit diesem Geld kann er dann neue Waffen kaufen, mit denen er den Feind vernichten kann, z. B. die übliche Auswahl an Blastern, Raketenwerfern und Flammenwerfern.Neben dem Einzelspieler-Abenteuer sind auch Mehrspieler-Modi für bis zu 4 Personen enthalten, wobei die Spielmodi vom üblichen Deathmatch-Stil bis zum Capture the Flag reichen.
Jet Grind Radio (USA)	Der Hip-Hop Dreamcast-Hit findet sein Weg auf den Game Boy Advance. Ihre Lieblings-Skater von Jet Grind Radio kehren in echtem 3D zurück und rasen durch aufregende und vielfältige Levels. Schnappen Sie sich Ihre Sprühdosen und sprühen Sie die Stadt in Ihren Farben um, während sie die Polizisten und konkurrierenden Banden meiden. Es ist nicht einfach, ein Kind in Tokio zu sein, aber mit Ihren übertriebenden magnetisch-motorischen Schlittschuhen und dem Bedürfnis nach Selbstdarstellung sind Sie auf dem Weg, die Stadt zu Ihrer Stadt zu machen! Bietet mehrere Spielmodi, einschließlich Einzelrennen, Freestyle-Skaten für Punkte, zeitgesteuerte Tagging-Sitzungen und mehrere spielbare Charaktere, die ein einzigartiges Erscheinungsbild haben, Power-Ups, die Ihnen, dem Skater, zusätzliche Kräfte ermöglichen.
Jimmy Neutron - Boy Genius (USA)	Noch vor dem Frühstück Kontakt zu einer anderen Galaxie aufnehmen und einen provisorischen Satelliten ins All schießen? Für Jimmy Neutron, das junge Genie, ist das kein Problem. Doch seine unglaublichen Erfindungen bringen ihn oft in jede Menge Schwierigkeiten. Diesmal liegt es an dir, Jimmy aus seinem bislang kniffligsten Schlamassel zu befreien. Du spielst dich durch sechs Level, darunter Jimmys Haus, die Asteroiden, das Yolkus-Unterwelt, die Yolkus-Stadt und Retroland. Flitze herum auf Goddard, Jimmys stolzester Erfindung, die sich in den Goddard-Pogo, den Goddard-Scooter und den Goddard-Schlitten verwandeln kann. Wird es Jimmy gelingen, dieses große Abenteuer zu bestehen?
Jonny Moseley Mad Trix (USA) (En,Fr,De,Es,It)	In Jonny Moseley: Mad Trix kämpfen aufstrebende Freeskier um Medaillen bei Veranstaltungen, die den X Games oder Gravity Games ähneln. Je mehr Anerkennung sie erlangen, desto mehr Möglichkeiten eröffnen sich für Sponsoren, Magazincover und sogar Filme. Medaillen sind cool, aber Titelseiten und Filme sind der ultimative Erfolg. Wenn du bei den Wettbewerben auf der Piste genug Erfolg hast, wirst du eingeladen, im nächsten Skifilm mitzuspielen, wodurch der Big Mountain-Modus freigeschaltet wird. Als Nächstes wirst du dich aus einem Hubschrauber stürzen, um vor der Kamera dein Bestes zu geben. Jonny Moseley: Mad Trix mischt eine große Portion Realismus mit einer gehörigen Portion Fiktion. Während der Big Mountain-Modus dich an Orte wie Alaska und den Everest schickt, sind die Pistenkurse in verrückte Stadtumgebungen wie das verschneite San Francisco, Las Vegas und Machu Picchu eingebaut. Wähle zwischen Profi-Freeskiern wie Jonny Moseley und Tanner Hall oder einer Handvoll unverschämter fiktiver Charaktere.
Juka and the Monophonic Menace (USA) (En,Fr,Es)	Vor langer Zeit bauten die geheimnisvollen &quot;Alten&quot; im ganzen Land Maschinen, die die Kraft des Klangs nutzbar machen konnten. Die &quot;Antiker&quot; verschwanden und hinterließen nur Geräte, die zukünftige Zivilisationen entdecken konnten. Jahre später kamen die &quot;Siedler&quot; und errichteten ihre Städte in den Gebieten, in denen die Maschinen zurückgeblieben waren, und alles war in Wohlstand. Doch nichts bleibt für immer perfekt. Mächtige Alchemisten versuchten, sich in ihrer Machtgier die Kraft der Maschinen der Antiker zunutze zu machen, und es kam zum Krieg. Diejenigen, die versuchten, die Maschinen der Antiker zu nutzen, oder die Dunklen Alchemisten, wie sie genannt wurden, wurden getötet oder verbannt, und schließlich kehrte der Frieden zurück. Es gibt jedoch Gerüchte, dass der letzte der Dunklen Alchemisten, die monophone Bedrohung, zurückgekehrt ist, um die Welt zu erobern.
Jungle Book, The (USA) (En,Fr,De,Es,It,Nl)	The Jungle Book 2 für den Game Boy Advance basiert auf dem beliebten Disney-Film und folgt der Geschichte von Mowgli, einem zehnjährigen Jungen, der im Dschungel von Wölfen aufgezogen wurde. Der Wolfsrat beschließt, Mowgli zum Schutz vor dem gefährlichen Tiger Shere Khan ins Menschendorf zurückzuschicken. Spieler begleiten Mowgli auf seiner Reise durch den Dschungel, wo er sich verschiedenen Herausforderungen und Dschungelbewohnern stellen muss. Ein farbenfrohes Abenteuer für Animationsfans jeden Alters!
Jurassic Park III - Island Attack (USA)	Das wird kein Spaziergang! Nur ein Weg führt fort von dieser Insel, doch auf diesem lauern Horden hungriger Dinosaurier. Dein Kampf ums Überleben hat begonnen, und nur mit List und Tücke wird Dir die Flucht gelingen.
Jurassic Park III - Park Builder (USA)	Jurassic Park III: Park Builder Die etwas andere Vergnügungspark-Simulation: Bereisen Sie Ausgrabungsstätten auf der ganzen Welt auf der Suche nach seltenen Dinosaurier-DNS, züchten Sie bis zu 140 verschiedene Dino-Arten und stellen Sie sie in Ihrem Park zur Schau, bauen Sie Straßen und Wege, pflanzen Sie Bäume und Sträucher, betreiben Sie Restaurants, Läden und Hotels und sorgen Sie dafür, daß sich Besucher und Dinos in Ihrem Park wohlfühlen und die Kasse klingelt! FEATURES: - Einzigartig: Die bislang einzige Park Simulation Für Game Boy Advance - Außergewöhnlich mit viel Spielspaß: Das Theme-Park-Konzept mit Dinosauriern! - Lizenzstark: Offizielle Jurassic Park III Lizenz - Lehrreich: Die Dinozucht und -pflege vermittelt viel Wissen über die ehemaligen Könige der Urzeit - Link-fähig: Über das Game Boy Advance Game Link Kabel können Spieler miteinander Dino-DNS-Stränge austauschen und so ihre Dinosaurier-Sammlung vervollständigen.
Jurassic Park III - The DNA Factor (USA)	Nicht nur auf der Leinwand werden die Dinosaurier für Unruhe sorgen; auch auf dem Game Boy Advance werden sie mit Jurassic Park III: The DNA Factor ihren großen Auftritt haben. In diesem kniffligen Jump & Run müssen die DNA-Sequenzen seltener Dinosaurier-Arten auf der Isla Sorna gefunden und im Laboratorium der InGen Corporation wieder vervollständigt werden. Der Spieler muss Rätsel lösen und sich möglichst geschickt durch die Level bewegen, um so am Ende einer neuen Dinosaurier-Spezies neues Leben einzuhauchen.
Justice League - Chronicles (USA)	Justice League: Chronicles auf dem Gameboy advance ist ein Abenteuer, das auf der gleichnamigen Serie basiert. Die Gerechtigkeitsliga begibt sich auf die Suche nach einer großen übersinnlichen Kraft in der Arktis. Du spielst als ein Team von zwei Superhelden, wobei die KI den Helden steuert, den du nicht ausgewählt hast. Beachten Sie, dass ein zweiter Spieler mit Ihnen zusammenarbeiten kann.
Justice League - Injustice for All (USA)	Wenn in Justice League: Injustice for All für den GameBoy Advance Katastrophen geschehen und die Welt in höchster Gefahr schwebt, schlägt die Stunde der Justice League, der größten Helden aller Zeiten. Sie kämpfen für die Wahrheit, für Gerechtigkeit und Freiheit. Schlüpfe in die Rollen von Superman, Batman, Wonder Woman, Flash, Green Lantern, Hawkgirl oder Martian Manhunter und tritt in Justice League: Injustice for All für den GameBoy Advance gegen die Feinde der Menschheit an.
Justice League Heroes - The Flash (USA)	In Justice League Heroes: The Flash schlüpft der Spieler in die Rolle von The Flash und setzt seine Fähigkeiten aus der „Speed Force“ ein, um Gegner zu besiegen, bevor diese zurückschlagen können. Er kann mächtige Kombinationen freischalten und die Zeit verlangsamen, um Feinde in Zeitlupe zu bekämpfen. Zudem kann er die Unterstützung anderer Helden der Justice League wie Superman, Batman und Wonder Woman rufen, um spezielle Angriffe auszuführen.
Kamaitachi no Yoru Advance (Japan)	Kamaitachi no Yoru ist der zweite Titel in der nach Bruder Kiriso erschienenen Lautromanreihe. Der Tonroman ist ein Roman mit einer mehrschichtigen Struktur, mit realistischen Klängen, Toneffekten und schönen Bildern, die sogar die Psychologie des Spiels darstellen. Der Schauplatz der &quot;Nacht des Kamai-tachi&quot; ist eine Winterrente. In dieser Rente werden die Protagonisten in einen mysteriösen Mordfall verwickelt. Werden Sie in der Lage sein, den Mörder zu finden und den Fall zu lösen? Zusätzlich zum einfachen Durchlesen des Textes gibt es auch Szenarien, die das Ende und die Weltsicht je nach den von Ihnen getroffenen Entscheidungen verändern, so dass es ein Spiel ist, das wiederholt gespielt werden kann.
KAO the Kangaroo (USA) (En,Fr,De,Es,It,Nl)	Willkommen bei Kaos neuem Abenteuer! Gleich zu beginn findet sich Kao in einem Käfig, entführt von dem bösen Evil Hunter, bewaffnet mit Boxhandschuhen wieder. Glücklicherweise kann es entkommen... Hilf Kao auf seinem Weg durch die farbenprächtigen Landschaften und die unterschiedlichsten Welten, bekämpfe die verschiedensten Gegner und schlage die Endgegner. Niemand weiß wie viele Gegner du vernichten, und wie viele gefährliche Situationen du durchstehen musst, bist du alle Tiere aus Ihrem Gefängniss befreit hast und die Rückreise nach Australien antreten darfst. Features: * 5 verschiedene Welten mit ingesamt 34 Leveln * 4 verschiedene Fahrzeuge (Snowboard, Skateboard u.s.w.) * Innovatives Checkpoint System * 20 verschiedene Gegner * 5 Oberbosse
Karnaaj Rally (USA, Europe)	Karnaaj Rally ist ein rasantes Handheld-Rennspiel aus der Top-Down-Perspektive, das 2D- und 3D-Grafiken miteinander vermischt. Ähnlich wie im Klassiker Micro Machines tritt man hier auf abwechslungsreichen Strecken gegen drei Kontrahenten an. Als Unterstützung dienen temporäre Turbos sowie Waffen wie Raketen und Minen, die auf den Kursen eingesammelt werden können. Der Karrieremodus bietet vier Rennserien mit einzigartigen Fahrzeugen. Durch Erfolge verdientes Geld fließt in Upgrades für Reifen, Motor und Panzerung oder in den Kauf neuer Munition. Wer sein Budget schneller aufbessern möchte, kann bei einer Glücksspiel-Option auf den Rennausgang wetten. Ein Mehrspielermodus erlaubt zudem Rennen mit bis zu vier Teilnehmern.
Kelly Slater's Pro Surfer (USA, Europe)	Kelly Slater's Pro Surfer sorgt für einen absoluten Adrenalinrausch, wenn die Spieler die Wellenwände hinunterstürzen, sich in rasante Tube Rides stürzen und ihre Fähigkeiten mit Hunderten von verrückten Trickkombinationen und typischen Profi-Moves testen. Der authentischste und aufregendste Surftitel aller Zeiten lässt dich als sechsfacher Weltmeister Kelly Slater und acht weitere der erfolgreichsten Surfprofis aller Zeiten die Wellen reiten. Pro Surfer bietet mehrere Spielmodi, darunter Surf Trip, und lässt dich auf der Suche nach der perfekten Welle zu 13 der heißesten Surfspots der Welt reisen, darunter die USA, Europa, Afrika, Australien und der Südpazifik.
Keroro Gunsou - Taiketsu! Gekisou Keronprix Daisakusen de Arimasu!! (Japan)	Basierend auf einem beliebten Anime setzt du in diesem Spiel alles daran, deine Gegner aus dem Rennen zu drängen und den ersten Platz zu erreichen. Nutze eine Vielzahl von Gegenständen und Spezialangriffen, um dir einen Vorteil zu verschaffen. Mit einem kabellosen Adapter kannst du gegen andere Spieler antreten und Gegenstände tauschen. Spannung und Action sind garantiert, während du dich an die Spitze kämpfst.
Kid Paddle (Europe) (Fr,Nl)	Um die brandneue Ultra-Konsole 3000 zu gewinnen, muss Kid Paddle die City-Game-Herausforderung gewinnen und beweisen, dass er der König der Videospiele ist. Aber die Herausforderung ist ernst und Kid wird von seinen Freunden Horace und Big-Bang unterstützt, die seine Trainer werden. Sie können 26 verschiedene Spiele spielen. Einige der Spiele sind Plattformspiele, andere ähneln der alten Spielhalle und wieder andere ähneln Minispielen, aber alle integrieren den „Gore“- und politisch-inkorrekten Geist der Comic-Reihe. Der 1996 von Midam kreierte Comic „Kid Paddle“ ist in Europa ein großer Erfolg. Die 9 veröffentlichten Alben wurden mit mehr als 2,5 Millionen Exemplaren verkauft und die Zeichentrickserie gehört zu den erfolgreichsten.
Kien (USA) (Proto)	Entdecke das Geheimnis von Kien! Seit 7.000 Jahren wird der Planet Malkut von den 7 Meistern des Absoluten weise regiert. Doch das Chaos ist wiedergeboren, denn das Böse korrumpiert das Land der Harmonie. Die 7 Meister sind verschwunden, die mystischen Krieger wurden abgeschlachtet, und die Tempel sind dem Untergang geweiht. Die einzige Hoffnung, die bleibt, ist in den Herzen und dem Willen zweier junger Lehrlinge gefangen. Ihr Schicksal ist es, das Böse zu bekämpfen, die Wahrheit zu enthüllen und das Geheimnis von Kien zu entdecken.
Kill Switch (USA)	Kill.switch ist die Handheld-Version des Third-Person-Shooterspiels Kill.switch. Es gibt mehrere Unterschiede zur Konsolenversion, wie z.B. die Anzahl der Level (nur sechs in dieser Version). Der Spieler steuert einen Soldaten der Missionen abschließen und Feinde und Bosse töten muss, sich von Bereich zu Bereich bewegt um neue Feindgruppen zu bekämpfen. Das Spiel verfügt über ein Deckungssystem, dass es dem Spieler ermöglicht sich an Objekten &quot;anzuheften&quot; und aus einer sicheren Position auf die Feinde zu schießen. Kill.switch hat volle 3D-Grafiken, was für ein Game Boy Advance-Spiel eine Seltenheit ist.
Killer 3D Pool (USA)	Killer Pool 3D ist der ideale Titel für das kurze Spiel zwischendurch - an Killer Pool 3D hat die ganze Familie Spaß. Verschiedene Reglements und unterschiedliche Computergegner sorgen für langanhaltenden Spielspaß und lassen erst gar keine Frustmomente aufkommen. Im Hostentaschenformat ist Killer Pool 3D stets mit dabei und fordert sowohl den Gelegenheitsspieler als auch den ambitionierten Pool-Master. FEATURES: * Aufwendige Darstellung des Geschehens in texturierter 3D-Grafik * Einstellbarer Schwierigkeitsgrad mit 15 verschiedenen Gegenspielern * Multiplayer-Modus für spannende Duelle mit Freunden.
Kim Possible 2 - Drakken's Demise (USA) (En,Fr)	Kim Possible - Drakken's Demise führt die Protagonistin Kim Possible in neue Abenteuer. Sie muss in vier intensiven Episoden gegen Falsetto Jones, Gemini, Duff Killigan, Shego und Dr. Drakken kämpfen. In jeder Episode erwirbt sie neue Werkzeuge und akrobatische Fähigkeiten wie Wall-Bounces, das Reflektieren von Laserstrahlen oder das Versprühen von heisser Flüssigkeit zum Schmelzen von Hindernissen aus Eis. Neue Fertigkeiten laden zum erneuten Spielen vorheriger Leveln ein, da sich Wege öffnen die davor nicht passierbar waren. Dank ihres Stealth-Anzugs kann sie sich vor Feinden verbergen.
King of Fighters EX 2, The - Howling Blood (USA)	Verbessere Dich mit jedem neuen Kampf: verfeinere Deine Qualitäten, schalte Geheimnisse frei und lerne gewaltige, durchschlagende neue Kampf-Moves - 21 mordsgefährliche Gegner: 7 beinharte Teams mit je drei eisenharten Kämpfern - Herausfordernder 2 Spieler Modus: mit einem GBA Link Kabel trittst Du gegen einen Kumpel entweder im Single- oder im Team-Modus an - 6 verschiedene Spielmodi: Klassischer 3 vs 3 Teamkampf, 2 Spieler vs Modus, ein GBA exklusiver Storymodus
King of Fighters EX, The - NeoBlood (USA)	The King of Fighters EX: Neoblood ist ein 2D-Kampfspiel für den Gameboy Advance. Die Software bietet zahlreiche Spielmodi wie Team Play, Single Play, Practice, Survival und Versus für Besitzer des Cable Link. Die Teams aus King of Fighters sind vertreten, vom Fatal Fury Clan über das Hero Team bis hin zum gefürchteten Psycho Soldier Team.
Kingdom Hearts - Chain of Memories (USA)	Chain of Memories setzt die Geschichte dort fort, wo die PS2-Version endete. Sora und seine Gefährten Donald und Goofy wurden ihrer Fähigkeiten beraubt und sehen einer neuen Gefahr ins Auge. Sora muss allein ein mysteriöses Schloss erforschen, um seine Kräfte zurückzubekommen. In den Kämpfen wählt ihr euren Angriff mit Hilfe eines Karten-Systems, wodurch Kombos und Spezial-Attacken mit dem richtigen Timing ausgeführt werden. Habt ihr einen Feind besiegt, bekommt ihr neue Gegenstände, Karten und Fähigkeiten.
Kirby & The Amazing Mirror (USA)	Die Spiegelwelt wurde von einem bösen Schatten überfallen und Kirby muss den Tag retten! Zum Glück muss er es nicht alleine schaffen! Er wurde in vier Kirbys unterschiedlicher Farbe aufgeteilt und mit seinem treuen Handy kann er seine farbenfrohen Klone anrufen, um mitzuhelfen!
Kirby - Nightmare in Dream Land (USA)	Kirbys Fähigkeit, seine Feinde aufzusaugen und ihre Fähigkeiten zu imitieren, macht ihn zu einem der vielseitigsten Spielcharaktere aller Zeiten. Kirby kann alle 24 Fähigkeiten einsetzen, die er von seinen Feinden übernehmen kann, um knifflige Hindernisse zu überwinden. Wenn Kirby einen Gegner einsaugt, kann er ihn verschlucken und sich in eine Kirby-Kopie dieses Gegners verwandeln. Das Arsenal an Fähigkeiten, die er rauben kann, umfasst Laserstrahlen, Bumerangs, Feuerstöße, Stacheln, Regenschirme und vieles mehr. Es gibt auch Fähigkeiten, die eher witzig als nützlich sind. Aber das ist eben Kirby - ihm zuzusehen macht Spaß, mit ihm zu spielen ist ein Vergnügen.ichzeitig.
Klonoa - Empire of Dreams (USA)	Klonoa: Empire of Dreams ist ein Jump'n'Run-Spiel, das für den Gameboy Advance erschienen ist. Ein böser Tyrann hat verfügt, dass Träumen verboten ist. Und natürlich spielst du einen Helden, der gegen diese Regel verstoßen hat und eingesperrt wird. Du musst ausbrechen und die Schurken aus dem Königreich vertreiben.
Klonoa 2 - Dream Champ Tournament (USA)	Klonoas Schlappohren werden spitz. Vollgepackt mit Fallen, Hoverboard-Rennen und verrückten Puzzles ist dies der Beginn eines außergewöhnlichen Abenteuers. Die Spielarena von Klonoa 2 ist mit Vorfreude und einem Hauch von Geheimnis gefüllt - dieses Turnier verheißt mehr, als das Auge zu sehen mag. Der Wettbewerb ist hart, aber Klonoa ist nicht aus der Fassung zu bringen.
Klonoa Heroes - Densetsu no Star Medal (Japan)	„Klonoa Heroes: Densetsu no Star Medal“ kombiniert klassische Action-Elemente mit Rollenspiel-Features. Der Spieler steuert Klonoa, Guntz oder Pango aus der Vogelperspektive und kämpft sich durch Feinde, um Erfahrungspunkte in Form von Traumsplittern und Gold zu sammeln. Klonoa nutzt erneut seinen Windring, der diesmal blaue oder rote „Windkugeln“ abfeuern kann. Guntz verwendet Handfeuerwaffen, Pango setzt Bomben ein, wobei die Waffen mit der passenden Farbe mehr Schaden an Gegnern mit derselben Farbaffinität verursachen. Neue Waffen können im Spiel erworben werden, während der Spieler die Fähigkeiten und Strategien der Charaktere auf ihrem Abenteuer weiterentwickelt.
Konami Krazy Racers (USA)	Konami Krazy Racers ist ein Kart-Rennspiel mit super deformierten Rennfahrern. Es enthält berühmte Konami-Figuren wie Goemon (aus Ganbare Goemon), Dracula (aus Castlevania) und Vic Viper (aus Gradius). Es gibt 16 Strecken, auf denen man Rennen fahren kann, und man kann Münzen sammeln, um Gegenstände zu kaufen. Das Gameplay ist ähnlich wie bei Mario Kart.
Kong - King of Atlantis (USA)	Kong: King of Atlantis ist eng an den Begleitfilm zu Kong: The Animated Series angelehnt und integriert die Handlung der Videoversion in ein actiongeladenes Side-Scrolling-Abenteuer. Als sich eine uralte Prophezeiung zu erfüllen beginnt, beginnt die versunkene Stadt Atlantis aufzusteigen. Die böse Königin Reptilla plant, Kong mit einem Trick zu ihrem König zu machen und ihn als Sklaven zu benutzen, um die sich bekriegenden Clans von Atlantis für ihre eigenen bösen Zwecke zu vereinen. In einem Wettlauf gegen die Zeit muss Jason Kong davon überzeugen, dass Königin Reptilla böse ist, in der Hoffnung, dass sie gemeinsam die Inseln Kong und Atlantis und ihre Bewohner retten können.
Kong - The Animated Series (USA) (En,Fr,De,Es,It,Nl)	Unsere moderne Welt und ein altes Land sind auf Kong Island zusammengekommen, einer geheimen Welt prähistorischer Bestien, die die 13 heiligen Steine ​​schützen – den Schlüssel zur ultimativen Macht! Begleite Kong, Jason und seine Freunde in einem fantastischen Plattform-Abenteuer, in dem du gegen prähistorische Kreaturen kämpfst, um die Steine ​​vor den Mächten des Bösen zu retten und den Planeten zu retten.
Kotoba no Puzzle - Mojipittan Advance (Japan)	„Kotoba no Puzzle: Mojipittan Advance“ ist ein japanisches Wortpuzzlespiel, das dem Brettspiel Scrabble ähnelt. In diesem Spiel treten die Spieler gegen den Computer an, indem sie Kacheln mit Sprachzeichen auf einem Raster platzieren, um Wörter zu bilden. Im Gegensatz zu Scrabble kann jedoch ein Spieler nur eine Kachel pro Zug legen. Außerdem kann die Kachel an beliebiger Stelle auf dem Spielfeld platziert werden, auch wenn sie an Kacheln angrenzt, die zusammen mit ihr ein nicht existierendes Wort bilden würden. Solange die Platzierung der Kachel mindestens ein gültiges Wort bildet, ist sie erlaubt.
Kurukuru Kururin (Europe)	Kuru Kuru Kururin ist ein innovatives Knobelspiel, bei dem der Hauptcharakter in einem Hubschrauber sitz und in kürzester Zeit durch ein Labyrinth navigieren muß. Die Bewegungen müssen zeitlich abgestimmt und präzise sein, denn sobald die Rotorblätter eine Wand berühren bekommt man eine Zeitstrafe von 3 Sekunden. Die Aufgabe des Protagonisten ist es, seine Brüder aufzusammeln, die ihm dann zur Seite stehen. Er findet auch zahlreiche Power-ups, die es ihm erlauben das Erscheinungsbild seines Hubschraubers anzupassen.
Kururin Paradise (Japan)	Kururin Paradise für den Game Boy Advance ist ein Action-/Reflexionsspiel, in dem du eine kleine blaue Figur steuerst, die eine fliegende Maschine bedient. Um die Level zu durchqueren, musst du darauf achten, dass die Rotorblätter der Maschine nicht gegen die Umgebung stoßen. Eine ziemlich schwierige Aufgabe, denn die Rotorblätter drehen sich ständig.
Lady Sia (USA) (En,Fr,De,Es,It,Nl)	Mit Hilfe des Riesen Griffin aus dem Gefängnis entkommen, stürzt sich die mutige junge Prinzessin Sia in einen abenteuerlichen Kampf gegen die T'soas, gefährliche Monster, die es auf ihr geliebtes Heimatland abgesehen haben. Die einzige Chance, in den mysteriösen Fantasywelten mit jeweils fünf Level und einem Geheim-Level gegen die bizarren Kreaturen zu bestehen, liegt darin, immer neue Waffen und Zauberkräfte zu erringen.
Lara Croft Tomb Raider - Legend (USA) (En,Fr,De,Es,It)	Lara Croft begibt sich in Tomb Raider Legend für den Game Boy Advance auf ein neues Abenteuer, um eines der wertvollsten Schätze der Welt zu finden – eine Waffe, die Frieden bringen könnte, aber auch den Untergang der Welt herbeiführen kann. Auf ihrem Weg muss sie Fallen ausweichen, sich gegen Feinde verteidigen, die ebenfalls hinter dem Schatz her sind, und ihre akrobatischen Fähigkeiten nutzen, um aus brenzligen Situationen zu entkommen.
Lara Croft Tomb Raider - The Prophecy (USA) (En,Fr,De,Es,It)	Lara Croft entdeckt ein Manuskript, das von einer geheimnisvollen okkulten Magie spricht, die bald Zerstörung über die Erde bringen soll. Die Prophezeiung erwähnt auch drei legendäre Steine, die mit dieser drohenden Katastrophe verbunden sind. Von Neugier getrieben begibt sich Lara auf eine weltweite Suche nach diesen mystischen Artefakten. Dabei begegnet sie sowohl menschlichen als auch übernatürlichen Gegnern und muss sich dunklen Mächten stellen. Das Abenteuer findet in einer „quasi-3D“-Draufsicht statt, die Lara erlaubt, zu rennen, zu springen, zu klettern und zu schießen. Obwohl es keine Speicherfunktion gibt, sorgt ein Passwortsystem dafür, dass du fast nahtlos weitermachen kannst.
Legend of Spyro, The - A New Beginning (USA)	The Legend of Spyro: A New Beginning ist das erste Spiel der The Legend of Spyro-Trilogie, einem Neustart der Spyro the Dragon-Reihe. Es wurde von Krome Studios entwickelt und von Sierra Entertainment für PlayStation 2, Xbox, GameCube und Game Boy Advance veröffentlicht. Amaze Entertainment hat die Nintendo DS-Version entwickelt. Das Spiel nutzt die Stimmen von Prominenten, darunter Elijah Wood als Stimme von Spyro, Komiker David Spade als Sparx, Cree Summer als Cynder und Gary Oldman als Ignitus. Krome Studios hatte vor, ein Crash Bandicoot-Spiel zu entwickeln, aber Sierra Entertainment bat sie, stattdessen The Legend of Spyro zu entwickeln. Das Spiel ist auch dafür bekannt, dass es eine dunklere und komplexere Handlung als die Spyro-Serie beginnt. Der Erfolg brachte zwei Fortsetzungen und einen geplanten CGI-Film hervor.
Legend of Spyro, The - The Eternal Night (USA) (En,Fr)	Der kleine Drache wird nicht nur von seltsamen Visionen heimgesucht, sondern muss auch erkennen, dass seine Widersacher die Welt in ein Zeitalter der Dunkelheit stürzen wollen. Da kann man nur hoffen, Dir der (Feuer-)Atem nicht so schnell ausgeht und Du Deinen geflügelten Helden nach Kräften dabei unterstützen kannst, sich gegen seine fiesen Gegner zu behaupten! Klar, dass auch diesmal wieder Spyros treue Gefährten mit von der Partie sind, allen voran die flinke Libelle Sparx und Spyros Mentor, der weise Feuerdrache Ignitus Wenn die Finsternis kommt, wartet die Welt auf einen Helden!
Legend of Zelda, The - A Link to the Past & Four Swords (USA)	„The Legend of Zelda: A Link to the Past & Four Swords“ bringt das legendäre Abenteuer von Link auf den GBA und bleibt dem Original treu. Die Mischung aus Oberwelt-Erkundung und Dungeon-Kämpfen sorgt für ein spannendes Erlebnis, bei dem Link erneut Prinzessin Zelda retten muss. Dabei müssen zahlreiche Hindernisse überwunden, Gegenstände gesammelt und Herzcontainer aufgefüllt werden, während die Welt von Hyrule voller Geheimnisse steckt. Zusätzlich enthält das Modul mit „Four Swords“ ein weiteres Abenteuer, in dem bis zu vier Spieler gemeinsam Rätsel lösen und Schätze bergen. Ein zeitloses Abenteuer, das stundenlangen Spielspaß garantiert.
Legend of Zelda, The - The Minish Cap (USA)	„The Legend of Zelda: The Minish Cap“ ist das zwölfte Spiel der Hauptreihe und erschien für den Game Boy Advance. Prinzessin Zelda besucht Link zu Hause, wo Onkel Alberich gerade arbeitet und ihr erzählt, dass Link noch schläft. Doch als Alberich Link weckt, geht er in den Arbeitsraum. Zelda nimmt Link mit auf ein Minishfestival, bei dem Link eine Waffe von Alberich dem König von Hyrule überreichen soll. Während des Festivals gewinnt ein Teilnehmer eines Schwertkampfturniers, Vaati, und wird zum Schloss Hyrule geschickt, um seinen Preis abzuholen. Doch Vaati offenbart, dass er die Truhe, in der Kreaturen verbannt wurden, haben möchte. Dabei zerstört er die Truhe und versteinert Zelda. Um Zelda zu retten, muss Link die Minish suchen, die ihm helfen, das Schwert zu reparieren. Sie erklären ihm, dass er die vier Elemente sammeln muss, um das Schwert zu vervollständigen.
Legends of Wrestling II (USA, Europe)	Die Fortsetzung ist eine verbesserte und erweiterte Version des ersten Teils, in dem du einen Kämpfer oder ein Team von Kämpfern in der wohl blutlosesten Kampfsportart, dem Wrestling, steuerst. Über 65 berühmte „Champions“ stehen dir zur Verfügung, darunter Hulk Hogan, Andre The Giant, Rowdy Roddy Piper, Bruno Sammartino, Bret „Hitman“ Hart, Sid Vicious, „Big Poppa Pump“ Scott Steiner und Jerry „The King“ Lawler. Es gibt viele verschiedene Arten von Kämpfen, darunter 6- und 8-Mann-Eliminationsmatches, Käfigkämpfe, Battle Royals, Ladder Matches, Tische und 3- sowie 4-Wege-Kämpfe, sowie die Body Slam Challenge mit Big John Studd und Tag-Team-Turniere mit großartigen Teams wie den Road Warriors, den Steiner Brothers, den British Bulldogs, den Nasty Boys, den Rock-n-Roll Express und vielen mehr. Die „Create-A-Legend“-Funktion ist nun größer und besser und ermöglicht es den Spielern, ihren ultimativen Wrestler zu erschaffen.
LEGO Racers 2 (USA) (En,Fr)	Und schon geht es los mit dem rasanten Abenteuer nach LEGO Racers, bei dem du von Anfang bis Ende mit den Füßen auf dem Boden bleibst. Baue deine Traummaschine und rase dann durch fünf unglaubliche LEGO Welten mit haarsträubenden Herausforderungen und explosiven neuen Features hinter jeder Ecke. Erkunde jede Welt in rasantem Tempo, während du nach den begehrten goldenen Steinen suchst. Je mehr du sammelst, desto weiter kommst du der ultimativen Herausforderung gegen den bösen, schlanken Rocket Racer näher. Mach dich also bereit für die Fahrt deines Lebens!In dieser Version sind Schnelligkeit und Geschicklichkeit gefragt, um die begehrten goldenen Steine zu sammeln.Du fährst in völlig neuen Welten und nimmst es mit noch schwierigeren Bossen auf, um Rocket Racer dabei zu helfen, die Meisterschaft in der Galaxie zu gewinnen. Mit einer glänzenden neuen Grafik-Engine, neuen Power-Ups und einem großartigen Auto- und Fahrer-Builder verspricht LEGO Racers 2 Rennabenteuer im echten LEGO Stil. Die Fahrer und Rennwagen sehen aus wie echte LEGOs und reagieren auch so - bei einem Crash zerbrechen sie in einzelne LEGO-Steine. Die Szenerie reagiert ebenso: Sie werden sehen, wie Bäume beim Aufprall explodieren und vieles mehr.
LEGO Star Wars - The Video Game (USA, Europe) (En,Fr,De,Es,It,Nl,Da)	In Lego Star Wars treffen Lego-Spielzeuge auf die Charaktere, Geschichten und Fahrzeuge aus den frühen Epochen des Star Wars-Universums. Du kannst jetzt Szenen aus den Filmen &quot;Die dunkle Bedrohung&quot;, &quot;Angriff der Klonkrieger&quot; und &quot;Rache der Sith&quot; nachspielen, während du Charaktere wie Obi-Wan Kenobi, Yoda und Anakin Skywalker steuerst. Benutze die Jedi &quot;Kraft&quot;, um Rätsel zu lösen und Umgebungen zu manipulieren. Während deiner Reise wirst du vieles erleben, von Pod-Rennen auf Mos Espa bis zur Verteidiung des Droidenangriffs in der Genosianischen Arena.
LEGO Star Wars II - The Original Trilogy (USA)	LEGO Star Wars II: Die Klassische Trilogie verbindet das Vergnügen und die zahllosen Kombinationen von LEGO mit der epischen Geschichte, den Charakteren und der Handlung aus den klassischen Star Wars-Filmen, die damals Popkultur verändert haben (Episode IV: Eine neue Hoffnung, Episode V: Das Imperium schlägt zurück und Episode VI: Die Rückkehr der Jedi-Ritter).
Lemony Snicket's A Series of Unfortunate Events (USA, Europe)	&quot;Lemony Snicket: Raetselhafte Ereignisse&quot; versetzt den Spieler in die unglücklichen Schuhe der Baudelaire-Waisen Violet, Klaus und Sunny. Jede der Waisen verfügt über eine besondere Fähigkeit, die ihr hilft, durch die verschiedenen Kapitel und Level des Spiels voranzukommen. Das Spiel kombiniert klassische Side-Scrolling-Elemente mit Rätseln und Abenteuerspielen, wobei der Fokus auf cleveren Problemlösungen liegt, statt auf Kämpfen. Die Kinder müssen ihre Talente sowie Gegenstände, die sie in der Welt finden, nutzen, um den finsteren Count Olaf und seine Pläne zu vereiteln. Ein wichtiger Bestandteil des Spiels sind Erfindungen, die aus gewöhnlichen Haushaltsgegenständen zusammengebaut werden müssen, um den Gegnern zu entkommen. Das Spiel bietet zudem eine hohe Wiederspielbarkeit, da es Quest-Punkte und exotische Bücher für das Entdecken aller Geheimnisse gibt.
Let's Ride! - Dreamer (USA)	In Pferd & Pony: Lass uns Reiten 2 dreht sich alles um den Umgang mit Pferden und das Training für verschiedene Reitdisziplinen. Du kümmerst dich um dein Pferd, indem du es pflegst, fütterst, tränken und für das Reiten vorbereitest. In den Stallungen findest du alles, was du für die Versorgung und Vorbereitung benötigst. Zusätzlich kannst du im Clubraum Informationen abrufen, deinen Fortschritt verfolgen und neue Ausrüstung entdecken. Anschließend stellst du dein Können in verschiedenen Dressurprüfungen unter Beweis oder meisterst Hindernisparcours, um eine möglichst hohe Wertung zu erreichen.
Lilo & Stitch (USA)	WARNUNG: Stitch ist extrem gefährlich. Stitch ist das Ergebnis eines illegalen genetischen Experiments eines verrückten Wissenschaftlers. Er scheint harmlos zu sein - klein, pelzig, mit sechs Beinen - aber seine bloße Existenz ist eine Abscheulichkeit für alles, was in der Galaxie anständig ist. Zuletzt wurde er auf der Insel Hawaii in Begleitung eines kleinen Mädchens namens Lilo gesehen. Der Flüchtige könnte als Haustier der Familie getarnt sein.
Lion King 1 1-2, The (USA)	Hakuna Matata! Nach einem weiteren Angriff der Hyänen hat Timon entgültig genug vom Erdmännchenleben und verlässt die Kolonie ... Alleine. Unterwegs trifft er Pumbaa, das Warzenschwein. Gemeinsam beschließen sie, ein neues Zuhause für sich zu finden. Dabei freunden sie sich mit Simba an, einem mutigen kleinen Löwen, der losgezogen ist, um gegen seinen Onkel Scar zu kämpfen. Und das Abenteuer beginnt ... Sie müssen viele Gefahren der Savanne meistern, gegen Hyänen und Gnus bestehen und vieles mehr. Dabei lernen sie, wie wichtig es ist, Freunde zu haben.
Little Mermaid, The - Magic in Two Kingdoms (USA, Europe) (En,Fr,De,Es,It)	Arielle, die fröhliche und übermütige Meerjungfrau, rettet bei einem Sturm den Prinz ihrer Träume vor dem Ertrinken. Daraufhin lässt sie sich auf einen Handel mit der teuflischen Meerhexe ein und tauscht ihre Flossen und ihre bezaubernde Stimme gegen menschliche Beine. Mit ihren besten Freunden, dem Fisch Fabius und Sebastian der Krabbe, muss Arielle die Liebe des Prinzen gewinnen und das Königreich ihres Vaters retten - und das alles in einem Kampf gegen die Zeit.
Lizzie McGuire - On the Go! (USA)	&quot;Lizzie McGuire -- On the Go!&quot; ist mehr als nur ein Spiel! Sie können das aufregende Arcade-Spiel &quot;When Cheerleaders Attack!&quot; Sie und Ihre Freunde können sich mit aufregenden Spielen wie Gordo's Gunk, Dots 'n Boxes, Box Bash, Memory, Dropper und Hangman vergnügen. Sie können auch Lizzie McGuire für die GBA als Herzstück jeder Party verwenden! &quot;Lizzie McGuire - Unterwegs!&quot; wird der Hit der Party, da Mädchen sie durch verrückte Party-Spiele wie Charades, MatchMaker, Fill-In (Mad-Libs?) und Operator führen können. Schließlich hilft Lizzie McGuire für die GBA den Spielern dabei, Kontaktinformationen, wichtige Daten und natürlich auch Horoskope und Biorhythmen Ihrer Freunde zu verfolgen! Insgesamt mehr als 20 Spiele und Aktivitäten zur Auswahl!
Looney Tunes - Back in Action (USA, Europe) (En,Fr,De,Es,It)	„Looney Tunes: Back in Action“ schickt Bugs Bunny und Daffy Duck auf eine urkomische Schatzsuche rund um den Globus, um den legendären Blauen Affen-Diamanten zu finden. Von Hollywood über Las Vegas bis nach Paris und Afrika müssen sich die beiden durch eine Welt voller cartoonhafter Gefahren kämpfen, während sie versuchen, die finsteren Pläne der ACME Corporation zu durchkreuzen und die Welt zu retten. Dank des „Toon Swapping“-Features kannst du jederzeit zwischen Bugs und Daffy wechseln, um verschiedene Herausforderungen zu meistern und die abenteuerlichen Schauplätze des Films zu erkunden.
Lord of the Rings, The - The Fellowship of the Ring (USA)	J.R.R. Tolkiens Mittelerde ist ein Land der Schönheit, Magie und Dunkelheit. In Der Herr der Ringe: Die Gefährten des Rings folgen Sie Tolkiens Erzählung vom Auenland zu den Hallen von Moria und schließlich zu den Ufern des Flusses Anduin. Das Gameplay wechselt zwischen Nahkampf, Bogenschießen, Zauberei und Heimlichkeit, während Sie Frodo, Gandalf und Aragorn kontrollieren. Schließen Sie sich dieser Gruppe von Helden an, um den Einen Ring zu zerstören, der die ganze Macht des dunklen Lords Sauron enthält.
Lord of the Rings, The - The Return of the King (USA, Europe) (En,Fr,De,Es,It)	„The Lord of the Rings: The Return of the King“ bringt dich zurück nach Mittelerde und lässt dich die entscheidenden Ereignisse des letzten Kapitels der Saga erleben. Mit beeindruckend detaillierten Nachbildungen der Schlachten und Schauplätze wirst du zum Helden, der das Schicksal Mittelerdes bestimmt. Du durchquerst die unheimlichen Pfade der Toten, verteidigst Minas Tirith und kämpfst an den Schwarzen Toren von Mordor. Die Reise kann sogar gemeinsam mit einem Freund bestritten werden. Das Schicksal von Mittelerde liegt in deinen Händen.
Lord of the Rings, The - The Two Towers (USA, Europe) (En,Fr,De,Es,It,Nl)	Das zweite Kapitel der epischen Geschichte von Mittelerde stellt dich gegen Sauron und die bösen Kräfte von Mordor. In „Der Herr der Ringe: Die Zwei Türme“ kämpfst du gegen eine Armee von 10.000 Uruk-Hai auf den Mauern von Helms Klamm, Horden von Orks auf den Ebenen von Rohan und sogar gegen den monströsen Höhlentroll im Grab von Balin. Führe Aragorn, Gimli oder Legolas durch 13 interaktive Umgebungen und nutze die einzigartigen Bewegungen, Fähigkeiten und Waffen jedes Charakters, um deine Mission zu erfüllen.
Lost Vikings, The (USA)	Das Spiel bietet spannende Arcade-Action mit über 35 Level, unzähligen Gegnern und komplexen Aufgaben. Zusammen sind sie ein unschlagbares Team: der schnelle Läufer &quot;Erik, der Flinke&quot;, der kräftige Verteidiger &quot;Olaf, der Starke&quot;, und der unnachgiebige Schwertkämpfer &quot;Baleog, der Schreckliche&quot;. Setzen Sie die besonderen Fähigkeiten der drei Charaktere geschickt ein, um im Spiel voranzukommen.
Lucky Luke - Wanted! (Europe) (En,Fr,De,Es,It,Nl)	Das darf nicht warh sein: Die Dalton-Brüder sind wieder auf freiem Fuß. Anscheinend haben sie sich im Gefängnis allerdings kein Stück verbessert. Sie überfallen sofort die Bank von Yuma City. Zur Hilfe, Lucky Luke. Leg den Banditen das Handwerk und bring sie dahin zurück, wo sie hingehören. Mit verschiedenen Spielmodi die für Abwechslung sorgen, Abenteuerlevel und Minispiele in denen du gegen einen Freund oder die Konsole antreten kannst. Und natürlich jede Menge Spaß mit Lucky Luke und Jolly Jumper.
Lufia - The Ruins of Lore (USA)	Lufia: The Ruins of Lore ist ein Heroic-Fantasy-Rollenspiel für den Gameboy Advance, in dem du eine Gruppe mit bis zu 8 Charakteren leitest. Der böse Ragule hat die Nation Gratze zum Angriff auf ihre Nachbarn aufgerufen. Sein geheimer Plan ist es, ein längst eingeschlafenes, furchterregendes Monster zu erwecken, um sich dessen Kräfte anzueignen und endlich über die gesamte Menschheit zu herrschen!
Lunar Legend (USA)	Lunar Legend ist ein Rollenspiel für den Gameboy Advance, dessen Handlung in einer mittelalterlichen Fantasy-Welt spielt. Basierend auf den Spielen der Serie, die auf Sega-CD und Playstation 1 veröffentlicht wurden, erzählt Lunar Legend die Geschichte von Alex, einem Drachenmeisterlehrling, dessen Ziel es ist, so stark zu werden wie sein Held Dyne.
M&M's - Blast! (USA)	M&M's Blast! für den Game Boy Advance bringt die Spieler in einem brandneuen Abenteuer wieder mit den liebenswerten M&M-Charakteren - Rot, Blau, Grün und Gelb - zusammen. Die Spieler absolvieren eine Reihe von Herausforderungen in einer Vielzahl von Leveln im Stil eines Brettspiels.
M&M's - Break' Em (USA) (Rev 1)	Mr. Runch, eine faule und gefährliche Erdnuss, die fest entschlossen ist, einer der M&M's zu werden, ist gerade aus der Mülltonne entkommen, wo er als zu grässlich entsorgt wurde! Er ist in der Galaxie unterwegs und versucht, alle M&M's zu entführen und in Kristalle zu sperren, bis er bekommt, was er will: die Chance, eine echte M&M's-Süßigkeit zu werden!
Madagascar (USA)	Madagascar für den GBA ist ein Action-Plattform-Spiel, das aus dem abendfüllenden Zeichentrickfilm entstanden ist. Machen Sie sich bereit für eine unvergessliche Reise über die Ozeane hinweg, von den Straßen New Yorks bis zur Insel Madagaskar. Um in dieser wilden Welt zu überleben, müssen Alex, Marty, Gloria, Melman und die Pinguine ihre tierische Natur finden und ihre Instinkte beherrschen.
Madagascar - Operation Penguin (USA)	Die Pinguine schmieden einen Plan, um aus dem Zoo zu fliehen, und ziehen dabei andere Tiere in ihren verrückten Plan mit ein. Wie im Film wollen die Pinguine aus dem New Yorker Zoo ausbrechen. Zu Beginn des Spiels hat das Team der Pinguin-Ausbrecher die letzten Details ihres Fluchtplans ausgearbeitet, der darin besteht, einen Tunnel unter dem Zoo und bis in die Antarktis zu graben. Natürlich ist das nicht so einfach, wie es sich anhört, und die Pinguine benötigen eine Reihe von Vorräten, Gegenständen und Hilfe. Auf ihrem Weg fangen sie auch eine Gruppe von vier verirrten Tieren ab, die auf dem Weg zur Insel Madagaskar sind. Die Spieler übernehmen die Kontrolle über Private Penguin, der eine Reihe von Missionen zu erfüllen hat. Zu Beginn verfügt er über einige Standardangriffe und -sprünge, doch im Laufe des Spiels erlernt er mächtigere Angriffe und Fähigkeiten wie das Gleiten. Außerdem findet er verschiedene nützliche Gadgets, mit denen er seine Gegner besiegen kann. Auch die vier Hauptfiguren aus dem Film tauchen gelegentlich auf. Während Spieler aller Altersgruppen Spaß an den verrückten Pinguin-Possen haben werden, richtet sich der Schwierigkeitsgrad des Spiels eher an jüngere Spieler.
Madden NFL 06 (USA)	Madden NFL 06 für den Gameboy Advance ist ein American-Football-Spiel. Erlebe auf deiner Konsole die Intensität und Gewalt der Spiele der Saison. Wähle dein Team und spiele in der Meisterschaft oder in einfachen Begegnungen. Trainiere mit Tipps von Profis, steigere dich in den gewünschten Schwierigkeitsgrad, entwickle deine Techniken vor und während des Spiels und werde zum Superstar des US-Footballs.
Madden NFL 07 (USA)	Die 2007er Ausgabe von EAs unaufhaltsamem American Football-Franchise. Neu in der GBA-Version sind in diesem Jahr weitere Game Boy Advance-exklusive Minispiele: Offense- und Defense-Fertigkeitsspiele, Punting- und Running-Fertigkeitsspiele und mehr. Halten Sie sich außerdem mit neuen Mannschaftsaufstellungen, Uniformen und Logos für die NFL-Saison 2006 auf dem Laufenden, was die Off-Season angeht.
Madden NFL 2002 (USA)	Madden NFL 2002 ist eine American-Football-Simulation für den Gameboy Advance. In disem Spiel stehen alle 32 NFL-Teams sowie alle Spieler der Saison 2002. Es gibt einen klassischen Saisonmodus, einen Modus für schnelle Partien und einen Trainingsmodus. Neu in diesem Spiel ist der Kartenmodus, in dem du Spielerkarten sammeln und ansehen kannst.
Madden NFL 2003 (USA)	Mit Madden NFL 2003 wird Football noch realistischer. Die diesjährige Ausgabe der Madden NFL Football-Reihe bietet mehr Tiefe, neue Animationen, realistische Spieler-KI und umfangreiche Spielmodi. Steigen Sie in John Maddens Cruiser Tour Bus und reisen Sie zu allen NFL-Städten, um im brandneuen Mini-Camp-Modus anspruchsvolle Aufgaben zu erfüllen. Die verbesserte Grafik und Präsentation zeigen nun Sidearm-Quarterbacks, Gang-Tackling, Stand-Still-Receiver-Fänge und mehr als 300 realistische Spielergesichter. Madden NFL 2003 bietet Ihnen mehr Kontrolle als je zuvor, mit schnellerer Spielgeschwindigkeit, einem feiner abgestimmten Passspiel und unabhängigen Audibles für die Defensive Line, Linebacker und Defensive Backs.
Madden NFL 2004 (USA)	Madden NFL 2004 ist ein American-Football-Spiel, das für den Gameboy Advance erschienen ist. Führe deine Mannschaft aus professionellen Football-Spielern auf das Spielfeld und spiele dank der individuellen Steuerung unabhängig voneinander in einem. Du kannst auch einen Verein leiten, indem du Personal einstellst und das Training leitest.
Madden NFL 2005 (USA)	Madden NFL 2005 ist eine American-Football-Simulation für den GBA. Lernen Sie alle möglichen Taktiken kennen, um Ihre Mannschaft zur besten der Welt zu machen. Gewinnen Sie die amerikanische NFL-Meisterschaft und kommen Sie in den begehrten Super Bowl. Drehen Sie ein Spiel mit einem perfekten Tackle und erzwingen Sie einen Fumble gegen Ihre Gegner, um Ihre zahlreichen Fans zu begeistern.
MAER Heaven - Knockin' on Heaven's Door (Japan)	Eine der beliebtesten Comic- und Zeichentrickserien Japans wird dank Konami portabel. In diesem Action-RPG spielen Sie die Rolle von Ginta Toramizu, der sich danach sehnt, in eine Fantasiewelt zu reisen. Diese Chance bekommt er eines Tages, als plötzlich eine Tür zu einer anderen Welt vor ihm auftaucht. Ginta betritt die Tür und wird in eine geheimnisvolle neue Welt entführt. Gintas Abenteuer beginnen, als er einen besonderen &quot;ARM&quot;-Gegenstand in die Hände bekommt, der in dieser Welt gefunden wird. Diese Gegenstände können sowohl als Waffen als auch zum Wirken von Magie verwendet werden. Der Titel Mar Heaven sollte eigentlich M.A.R. Heaven lauten, da er für &quot;Märchen Awakes Romance&quot; (Märchen weckt Romantik) steht.
Magi Nation (Japan)	Ein Remake von Magi Nation für den Game Boy Color: Du bist in einer Höhle unter der Erdoberfläche gefangen, und das Einzige, was dich jetzt noch befreien kann, ist eine Kombination aus Mut und Fantasie. Fange und trainiere bis zu 80 Monster, um in diesem originellen Rollenspiel gegen deine Feinde anzutreten.
Magical Houshin (Japan)	Magical Houshin ist ein japanisches GBA-Spiel, das nur sehr lose auf dem chinesischen Roman Fengshen Yanyi (Houshin Engi auf Japanisch) basiert. Das Spiel erzählt die Geschichte eines kleinen Jungen namens Sora, der auf einen Berg geht, um zu studieren und ein Einsiedler zu werden. Gleich an seinem ersten Tag brechen er und seine Freunde das Siegel, das in eine Höhle mit einem magischen Gegenstand führt, der es den Menschen ermöglicht, Superwaffen, die so genannten &quot;Paopei&quot;, herzustellen. Als der oberste Einsiedler davon erfährt, bittet er sie, die Dämonen zu besiegen, die derzeit in der Unterwelt wüten, und so ziehen sie los.
Magical Quest 2 Starring Mickey & Minnie (USA) (En,Fr,De)	Disney's Magical Quest 2 Starring Mickey and Minnie basiert auf dem SNES-Originalspiel und erscheint nun für den Game Boy Advance. Als Mickey oder Minnie musst du den bösen Baron Pete und seine Schergen davon abhalten, Ärger zu machen. Während deiner Suche kannst du drei verschiedene Kostüme tragen (den Feger, den Ranger und den Cowboy).
Magical Quest 3 Starring Mickey & Donald (USA) (En,Fr,De)	Disney's Magical Quest 3 starring Mickey & Donald für Gameboy Advance ist ein Jump'n'Run-Spiel mit den beiden berühmten Disney-Figuren. Schlüpfe in die Rolle eines Sidekicks deiner Wahl und rette Donalds Neffen Riri, Fifi und Loulou, die von dem bösen König Pat entführt wurden.
Magical Quest Starring Mickey & Minnie (USA)	Pluto wurde vom bösen Imperator Pete entführt, und es liegt an Mickey, ihn zu retten. Mickey muss sich seinen Weg durch sechs Levels bahnen, die in Unterlevels und Bosskämpfe unterteilt sind, um Pluto zurückzubekommen. Auf dem Weg dorthin kann er Blöcke und Gegenstände auf Gegner werfen oder auf ihre Köpfe springen, und später kann er auch Kostüme benutzen. Mit dem Zauberergewand kann Mickey magische Blitze schießen; mit dem Feuerwehrmann-Kostüm kann Mickey mit dem Feuerwehrschlauch Blöcke in Gegner und aus dem Weg schieben; und mit der Kommando-Uniform kann Mickey mit einem Haken durch die Level klettern.
Magical Vacation (Japan)	Magical Vacation ist eines der ersten RPGs für den GameBoy Advance, und außerdem Brownie Brown's erstes Spiel nach der Fertigstellung von Legend of Mana, und der Trennung von Squaresoft. Es ist eine Art Prequel zum Nintendo DS Spiel Magical Starsign. Brownie Brown entwickelte später noch Sword of Mana und Mother 3 für den GBA. Letzteres wurde nie außerhalb Japans releast und ist eines der wenigen Japan-exklusiven Highlights für das System.
Majesco's Sports Pack (USA)	Das 3-in-1 Sports Pack vereint drei aufregende Spiele auf einer Cartridge für das ultimative Sporterlebnis! Ducke dich, weiche aus und schieße dir den Weg zum Sieg in Paintball: Splat! Führe dein Team in Dodgeball: Dodge This! zum Turniersieg: Dodge This!. Triff die Bahnen mit deiner Glückskugel in Big Alley Bowling. Außerdem kannst du dich mit drei deiner Freunde zusammenschließen, um die ganze Action in jedem Spiel zu genießen!
Manga-ka Debut Monogatari - Akogare! Manga Ka Ikusei Game! (Japan)	Ein Simulator des Lebens eines Manga-Autors. Das Spiel hat zwei verschiedene Modi: den Story-Modus und den Manga-Künstler-Modus. Im ersten Modus schlüpft der Spieler in die Rolle eines Manga-Künstlers, der versucht, sich in dieser riesigen Branche eine Nische zu erobern. Der Spieler durchläuft verschiedene Stufen, vom Assistenten eines Mangaka bis hin zum Autor selbst, und interagiert dabei mit einer Vielzahl von Charakteren. Im zweiten Modus kann jeder mit verschiedenen Werkzeugen seiner Fantasie freien Lauf lassen und den bestmöglichen Manga zeichnen. Der Zeichenmodus bietet mehrere Werkzeuge zum Üben, wie zum Beispiel verschiedene Arten von Strichen und Panels.
Manic Miner (Europe) (En,Fr,De,Es,It)	In Manic Miner schlüpfen Sie in die Rolle von Miner Willy, der zufällig auf die Überreste einer untergegangenen Hochkultur stößt. Sie müssen die verborgenen Schätze (wertvolle Mineralien) aus dem Inneren der Mine holen, um den Ausgang zu erreichen, bevor der Countdown, der die verbleibende Sauerstoffmenge anzeigt, abgelaufen ist. Willy wird von beweglichen oder festen Gegnern am Vorankommen gehindert. Der Boden kann an manchen Stellen einbrechen und Laufbänder erschweren die Fortbewegung. Die Punktzahl wird anhand der verbleibenden Sauerstoffmenge ermittelt.
Mario & Luigi - Superstar Saga (USA)	Eine böse Hexe hat die schöne Rede von Prinzessin Peach durch Sprengstoff ersetzt! Mario und Luigi müssen ihr erneut zu Hilfe kommen, aber dieses Mal nutzen sie die Hilfe von Bowser, ihrem Erzfeind. Mario und Luigi müssen neue Bewegungen lernen und ihre Kräfte bündeln, um Feinde abzuwehren und näher an das Schloss der Hexe heranzukommen. Führe diesen ungewöhnlichen Haufen durch eine Fülle von Minispielen wie Border Jump und Mystery Carts. Kombiniere die Kräfte von Mario und Luigi, um spezielle Tag-Team-Moves auszuführen. Tauchen Sie ein in diese helle, cartoonartige und humorvolle Welt, komplett mit Hitmusik aus früheren Mario-Spielen.
Mario Golf - Advance Tour (USA)	Dieses Spiel kombiniert Elemente einer Simulation mit denen eines Rollenspiels. Schnapp dir deine Golfschläger und mach dich auf den Weg zum perfekten Golfspieler. Bestehe im Story-Modus gegen eine Auswahl anspruchsvoller Gegner auf clever gestalteten Golfplätzen und verbessere deine Fähigkeiten. Meisterst du alle Herausforderungen, tittst du am Ende vielleicht sogar gegen Mario und seine Freunde an.
Mario Kart - Super Circuit (USA)	Alle Ihre Lieblings-Kart-Renncharaktere sind zurück und bereit, Vollgas zu geben! Auf dem Game Boy Advance erwarten Sie 20 brandneue Strecken, vollgepackt mit klassischen Power-Ups und vorbereitet für die Art rasanter Rennen, die nur Mario Kart: Super Circuit bieten kann. Es ist Zeit, im Grand Prix Gas zu geben, deine Freunde herauszufordern, gegen deinen eigenen Geist anzutreten, im Kampfmodus gegeneinander anzutreten und die Kraft in deiner Handfläche zu spüren!
Mario Party Advance (USA)	„Mario Party Advance“ bringt die Mario Party-Reihe erstmals auf den Game Boy Advance und bietet ein Spielerlebnis, das sich stark auf den Einzelspielermodus konzentriert. Im Mittelpunkt steht die Erkundung von „Shroom City“, einem großen Spielbrett, auf dem der Spieler als Mario, Luigi, Peach oder Yoshi startet, abhängig von der gewählten Figur. Mithilfe von Würfeln bewegt man sich durch die Stadt und nimmt an Quests teil, die oft das Lösen von Minispielen oder das Sammeln von Gegenständen beinhalten, um den Bewohnern zu helfen. Erfolgreich absolvierte Quests bringen Sterne, die zu Bosskämpfen mit Bowser führen und zusätzliche Minispiele sowie Gaddgets freischalten – kleine, spielzeugähnliche Extras, die für Abwechslung sorgen. Dieses Konzept weicht deutlich vom klassischen Mehrspielermodus früherer Titel ab und bietet ein individuelles Abenteuer.
Mario Pinball Land (USA, Australia)	Dies ist die Standardgeschichte &quot;Bowser hat die Prinzessin entführt und Mario muss sie retten&quot;. In diesem Fall wird die Prinzessin in einen Ball verwandelt und von einer Super Mario 64-Kanone abgefeuert, die ein Paar Goombas direkt auf Bowsers Schloss zielt. Mario verwandelt sich ebenfalls in einen Ball und jagt ihr nach. Es gibt 5 Ebenen, die jeweils aus einem Satz Flipper bestehen. Jeder Tisch hat einige Ausgänge (einschließlich des unter den Flossen), mit denen Mario zu anderen Tischen wechseln kann. Außerdem hält jeder einen Stern, der normalerweise durch das Besiegen aller Feinde auf dem Tisch erhalten wird. Einige Ausgänge erfordern, dass Mario eine bestimmte Anzahl von Sternen hat. Um Zugang zu Bowsers Schloss zu erhalten, muss Mario die Bosse der ersten 4 Level besiegen, wodurch er Sternschlüssel erhält. Das Spiel bietet auch einen &quot;Time Attack&quot; -Modus, mit dem Spieler bereits besiegte Bosse erneut bekämpfen können.
Mario Tennis - Power Tour (USA, Australia) (En,Fr,De,Es,It)	Eins der beliebtesten Sport- und Funspiele aller Zeiten wird mobil, denn jetzt gibt's Mario Tennis endlich auch für den Game Boy Advance. Bis zu 4 Mitspieler können hier in verschiedene Rollen schlüpfen und sich auf drei &quot;klassischen&quot; Tenniscourts sowie etlichen abgedrehten Funplätzen wilde Zweikämpfe liefern. Neue, phantastische animierte Features bieten ein Fest fürs Auge, während der rasante Mix aus realistischen Matches und durchgeknallten Spaßturnieren auch abgebrühten Tennisprofis den Schweiß auf die Stirn treiben wird. In mehr als 10 verschiedenen Spielmodi können sich bis zu 4 Spieler die Bälle um die Ohren hauen, bei diversen Minispielen wichtige Erfahrungen sammeln und Schlag für Schlag dem Champion-Status ein Stück näher kommen. Jeder Spieler hat zudem die Möglichkeit, individuelle Fähigkeiten der Figuren für sich zu nutzen, Bowser kann z. B. wahre Wuchtbrummen übers Netz schicken und kann so sein eigenes Spiel kontinuierlich verbessern. Und ob als cooler Einzel-Champ oder im Mehrspielermodus, Mario Tennis Advance bietet auch auf dem Game Boy Advance den ultimativen Partyspaß.
Mario vs. Donkey Kong (USA, Australia)	Mario und der Affe treffen wieder aufeinander! In diesem herausfordernden und aufpolierten Plattform-Spaß für Nintendo Game Boy Advance stehen sich die zwei Nintendo-Ikonen wieder einmal als Rivalen gegenüber. Mario muss die Mini-Mario-Spielzeuge retten, die der niederträchtige Kong aus Toads Laden geklaut hat. In sechs unglaublich einfallsreichen Welten, die vor komplizierten Rätseln und die Reflexe fordernden Gefahren nur so strotzen findest du Schlüssel, lernst neue Moves und suchst nach den Mini-Marios. Ein wahres Heer von altbekannten Mario-Quälgeistern wie z. B. Shy Guys, Piranha Plants und Bob-ombs ist mit von der Partie, um dich von deiner Aufgabe abzuhalten. Aber du schaffst das schon, oder?
Marvel - Ultimate Alliance (USA)	In der Handheld-Version von Marvel Ultimate Alliance übernimmt der Spieler, wie in den Konsolenversionen, die Kontrolle über eine Auswahl von Marvel-Superhelden und kämpft sich durch Orte und Feinde aus dem Marvel-Universum. Auswählbare spielbare Charaktere sind: Spider-Man, Blade, Elektra, Thor, Wolverine, Captain America, Deadpool und Iceman. Ms. Marvel und Thing sind ebenfalls als freischaltbare Charaktere verfügbar. Das Spiel spielt sich ähnlich wie Final Fight, bei dem der Spieler von links nach rechts läuft, sich auf der Z-Achse bewegen kann und Welle um Welle von Gegnern, darunter auch gelegentliche Endgegner, schlägt und tritt. Das Spiel verfügt jedoch über einige einzigartige Elemente, die den Grundlagen des Genres hinzugefügt wurden. Eine Anzeige steuert den Einsatz von Superkräften, die mit zunehmender Erfahrung verbessert werden können. Die Spieler haben auch die Möglichkeit, verschiedene Marvel-Helden zu beschwören, die sie schnell unterstützen können. Es gibt viele Gegenstände zu finden, sowohl Quest-Gegenstände wie Schlüssel zum Aufschließen von Türen und Waffen als auch Ausrüstungsgegenstände wie Waffen und Rüstungen, um die Fähigkeiten der Charaktere zu verbessern.
Masters of the Universe - He-Man - Power of Grayskull (USA)	Eternia war einst ein Ort der Schönheit und Sicherheit. Dieses heilige Land, das von den Meistern des Universums und der mystischen Mauer beschützt wird, kann niemals vom Bösen der Außenwelt berührt werden. Doch eines dunklen Tages gelang es Skeletor und seinen bösen Kriegern, die Mystic Wall zu durchbrechen. Ihre unerbittlichen Angriffe haben die Meister des Universums an ihre Grenzen getrieben - und jetzt noch eine weitere Welle von Angriffen. Es ist klar, dass nur ein Mann dieses Land und seine Menschen beschützen kann - He-Man, der mächtigste Mann im Universum! Kannst du als He-Man die bösen Bestien in die dunkle Hemisphäre zurückschieben? Testen Sie Ihre Fähigkeiten und finden Sie heraus, ob Sie es wert sind, He-Man zu sein.
Mat Hoffman's Pro BMX (USA, Europe)	Der legendäre BMX-Fahrer Mat Hoffman führt in diesem Titel im Stil von Tony Hawk's Pro Skater eine Riege der besten Fahrer der Welt an. Führen Sie Tricks aus und sammeln Sie Punkte, um jedes Level der Street-, Vert- und Dirt-Strecken zu meistern, oder treten Sie im 2-Spieler-Modus mit geteiltem Bildschirm gegen einen Kumpel an, um zu sehen, wer das beste Bike der Stadt hat. Im Karrieremodus kannst du deinen gewählten Charakter ausbauen und, wie der Name schon sagt, eine Karriere starten. Und mit dem BMX-Kurs-Editor kannst du deine eigenen Street-, Vert- und Dirt-Kurse für Multiplayer-Action erstellen.
Mat Hoffman's Pro BMX 2 (USA, Europe)	Matt Hoffman's Pro BMX 2 nimmt dich mit auf eine Fahrt durch frei befahrbare Städte, in denen du eine Vielzahl von Stunts auf deinem Rad ausführen kannst. Wähle aus einer Reihe von professionellen Fahrern - darunter Matt Hoffman, Ruben Alcantara, Cory Nastazio, Mike Escamilla, Nathan Wessel und Joe Kowalski - und beginne eine Skater-Karriere. Du reist in acht weitläufige Städte, die mit Hubschraubern, Booten, Autos und Fußgängern zum Leben erwachen. Fordere dann deinen Freund im Push-Modus heraus, bei dem jedes Mal, wenn du einen großen Treffer landest, deine Seite des Bildschirms größer wird, während die deines Freundes schrumpft.
Matantei Loki Ragnarok - Gensou no Labyrinth (Japan)	Ein Rollenspiel, das auf der Manga-Serie Mythical Detective Loki Ragnarok basiert: Loki, der nordische Gott des Unfugs, wurde vom Gott Odin aus Gründen, die er nicht versteht, in die Menschenwelt verbannt. Zusammen mit seiner Verbannung ist Loki gezwungen, die Gestalt eines Menschenkindes anzunehmen, und die einzige Möglichkeit, in das Reich der Götter zurückzukehren, besteht darin, die bösen Auren zu sammeln, die die Herzen der Menschen übernehmen.
Math Patrol - The Kleptoid Threat (USA)	Wir schreiben das Jahr 2762, und die Erde wird vom Imperium der Kleptoiden angegriffen! Die Kleptoid-Armee greift mit mathematischer Präzision an, und das Einzige, was sie jetzt noch aufhalten kann, ist die Math Patrol - eine Elite-Kampftruppe. Nutze deine mathematischen Fähigkeiten, um der Mathe-Patrouille beizutreten und die Bedrohung durch die Kleptoiden zurückzudrängen, um Galaktischer Champion zu werden! Kostenlose Übungsseiten & Spaßseiten und andere Ressourcen sind unter http verfügbar:
Max Payne (USA)	Das Spiel dreht sich um den ehemaligen NYPD-Polizeidetektiv Max Payne, der versucht, die mysteriösen Morde an seiner Frau und Seiner Tochter im Zusammenhang mit einem Drogenhandelsfall mit einer Designerdroge namens &quot;Valkyr&quot; aufzuklären und dabei in eine und größere Verschwörung im US-Militär verstrickt ist. Es verfügt über einen düsteren Neo-Noir-Stil und verwendet Graphic Novel-Panels (mit Voice-overs) anstelle von animierten Zwischensequenzen, um das Spiel zu erzählen, da es sich von hartgesottenen Detektivromanen von Autoren wie Spill Mickeyane inspirieren lässt. Das Spiel enthält viele Anspielungen auf die nordische Mythologie, vor allem den Mythos ragnar'k, und einige der Namen, die im Spiel verwendet werden, sind die der nordischen Götter und Mythos. Das Gameplay ist stark vom Hong Kong Action-Kino-Genre beeinflusst, insbesondere von der Arbeit des Regisseurs John Woo,[5][7][7] und es war eines der ersten Spiele, das den von The Matrix populär gemachten Kugelzeiteffekt zeigte.
Maya the Bee - Sweet Gold (Europe) (En,Fr,De,Es,It)	Es ist ein herrlicher Spätsommertag im Bienenstock. Die Bienen haben ihre Honigsuche beendet und blicken auf einen erfolgreichen Sommer zurück. Alles scheint perfekt zu sein. Doch gerade als Kassandra ihre letzte Schulstunde für den heutigen Tag beendet, wird sie hinterrücks von den Hornissen überrumpelt und entführt. Der Schreck steckt noch allen Kindern in den Gliedern, da meldet sich schon die Königin der Hornissen und verlangt fünf goldene Honigtöpfe, randvoll gefüllt mit feinstem Honig, als Lösegeld. Ohne lange nachzudenken, beschließen Maja und Willi, sich dieser Aufgabe anzunehmen und Kassandra zu befreien - und jetzt kommst Du ins Spiel...
Maya the Bee - The Great Adventure (Europe) (En,Fr,De,Es,It)	Europäisches Jump'n'Run-Spiel nach der beliebten Fernsehserie und dem Kinderbuch von Waldemar Bonsels. Willie, Mayas bester Freund, ist verschwunden. Hilf Maya, ihren Kumpel in 16 lebendigen Spielbereichen in vier Welten zu finden. Erforsche den Bienenstock, ohne von den Wachbienen erwischt zu werden. Durchquere die Mohnfelder, aber hüte dich vor Ameisen und Hornissen, dann reise über den Teich, wo du auf Libellen und springende und spuckende Fische triffst, und in den Wald, wo du dich mit Moskitos und Termiten auseinandersetzen musst. Alle Freunde von Maya werden dir auf deiner Reise helfen: Cassandra, die Lehrerin, Flip, der Grashüpfer, Alexander, die Maus, und Puck, die Stubenfliege. Kannst du Maya helfen, ihren Freund Willie zu finden und zu retten?
Mazes of Fate (USA) (En,Fr,De,Es,It)	„Mazes of Fate“ ist ein mittelalterliches Fantasy-Dungeon-Crawler-Rollenspiel, in dem die Menschheit am Rande ihrer Auslöschung steht, verurteilt von den alten Göttern. Um das drohende Schicksal abzuwenden, muss ein magischer Gegenstand gefunden werden, der von Feinden gestohlen wurde. Der Spieler erstellt einen Charakter basierend auf Geschlecht, Klasse und Attributen oder wählt aus vorgefertigten Figuren und begibt sich auf eine gefährliche Reise. Das Spiel kombiniert Stadt- und Weltkartenerkundungen aus der Vogelperspektive mit Ego-Perspektive in Dungeons, in denen Kämpfe gegen Monster und das Sammeln von Schätzen im Fokus stehen. Der Echtzeitkampf wird durch pausierende Aktionsmenüs ergänzt, die strategische Entscheidungen ermöglichen.
Mech Platoon (USA)	Mech Platoon ist ein Action-/Strategiespiel für den Gameboy Advance. In einer fernen Zukunft haben Roboter die menschlichen Infanteristen ersetzt. Du musst dich für eine Seite aus drei Streitkräften mit unterschiedlichen Eigenschaften entscheiden: Leon-Truppen, Monos und Trampler.
Medabots - Metabee (USA)	Begleite Ikki auf seiner Reise als Medafighter und versuche, seine Heimatstadt Riverview City vor der bösen Rubberobo-Bande zu retten. Ikki muss mit der Hilfe seiner Freunde und dem Phantom Renegade verschiedene Rätsel lösen. Interagiere mit Charakteren und steuere Medabots, die aus der TV-Zeichentrickserie Medabots bekannt sind. Kann Ikki die Welt vor der heimtückischen Rubberobo-Gang retten und die Nummer 1 der Medafighter werden ... Es liegt an dir!
Medabots - Rokusho (USA)	Begleite Ikki zu Beginn seines Abenteuers als Medafighter, während er versucht, seine Heimatstadt Riverview City vor der bösen Rubberobo-Gang zu retten. Mit der Hilfe seiner Freunde und des geheimnisvollen Phantom Renegade muss Ikki diverse Rätsel lösen. Interagiere mit Charakteren und steuere die beliebtesten Medabots aus der Zeichentrickserie. Kann Ikki die Welt vor der tückischen Rubberobo-Gang retten und der Medafighter Nummer eins werden? Es liegt ganz bei dir!
Medabots AX - Metabee Ver. (USA)	Alle vier Jahre versammeln sich die weltbesten Medafighter zum World Robattle Tournament. Begleite Ikki und Metabee, wenn sie gegen die härtesten Medafighter und deren Medabots antreten, um zu beweisen, wer der Beste von allen ist! Doch Vorsicht: Gerüchten zufolge plant die gefürchtete Schurkentruppe „Rubberobo Gang“, den Preis zu stehlen. Teamwork und Strategie sind entscheidend, wenn du den Sieg davontragen willst. Passe deine Medabots an und sichere dir durch gewonnene Kämpfe seltene, wertvolle Teile, um deine Erfolgschancen zu steigern. Solltest du jedoch verlieren ... könnte dein Medabot als Schrott enden! Die Metabee-Version enthält Meda-Teile und Medaillen, die in der Rokusho-Version nicht verfügbar sind.
Medabots AX - Rokusho Ver. (USA)	Begleite Ikki zu Beginn seines Abenteuers als Medafighter und hilf ihm, seine Heimatstadt Riverview City vor der bösen Rubberobo-Gang zu retten. Interagiere mit Charakteren und steuere die beliebtesten Medabots aus der Zeichentrickserie. Erschaffe deinen eigenen, ganz speziellen Medabot aus Hunderten einzigartiger Meda-Teile! Tritt in Robattles an und tausche Meda-Teile mit deinen Freunden. Jede Version von Medabots bietet exklusive Meda-Teile und Medaillen, die in der jeweils anderen Version nicht enthalten sind.
Medal of Honor - Infiltrator (USA, Europe) (En,Fr,De)	In Medal of Honor Infiltrator übernimmst du die Rolle von Corporal Jake Murphy, einem Mann, der fünf gewagte Missionen erfüllen muss, um die Achsenmächte im Zweiten Weltkrieg zu besiegen. Du musst feindliche Ressourcen sabotieren, wichtige Persönlichkeiten gefangen nehmen und dich in heftige Feuergefechte stürzen. Dabei wirst du verschiedene Spielstile beherrschen müssen, um den Feind zu besiegen. Zu Fuß, in einem Panzer oder sogar in Verkleidung trittst du gegen Gegner auf dem Schlachtfeld an und nutzt eine Vielzahl von Waffen aus dem Zweiten Weltkrieg, darunter Maschinengewehre, Granaten, Bazookas und mehr.
Medal of Honor - Underground (USA)	MEDAL OF HONOR: UNDERGROUND kommt mit Feuerkraft, tödlichen Feinden und umfangreichen Missionen, die deinen Mut und deine Entschlossenheit herausfordern, auf dein Game Boy Advance-System. 17 Spielstufen mit Verkleidungsmodus und mehreren Waffen machen dieses Spiel zu einem spannenden Erlebnis. Mehrspieler-Action bedeutet, dass Sie die Erfahrung teilen können, und eine vollständige Speichermöglichkeit erlaubt es Ihnen, die Aktion zu unterbrechen und zu einem späteren Zeitpunkt zu Ihrer Mission zurückzukehren!!! Also sei mutig und du wirst die Medaille bekommen.
Meet the Robinsons (USA)	In die Zukunft... und zurück! Spiele als Wilbur oder Lewis 20 neue Missionen, die weit über den Filmspaß hinausgehen! Aktiviere coole Gadgets um die Kleine Doris und andere Schurken zu bekämpfen. Erlebe turbulente Zeiten mit der verrückten Familie Robinson!
Mega Man & Bass (USA)	Ein neuer Gegner hat eine Kriegserklärung abgegeben und will die Weltherrschaft an sich reißen. Wer ist diese neue Gefahr? Der Robot King. King hat ultra-geheime Roboter-Baupläne gestohlen, um eine Armee böser Roboter aufzustellen. Er hat erklärt, dass Roboter, die sich den Menschen als überlegen erweisen, die Erde beherrschen sollten. Die Regierung nimmt diese Drohung äußert ernst und hat Mega Man mit der Untersuchung beauftragt. Zusammen mit seinem alten Widersacher Bass kämpft Mega Man erneut, um die Welt zu retten.
Mega Man - Battle Chip Challenge (USA)	Mega Man Battle Chip Challenge für den GBA ist ein Ableger der Mega Man Battle Network-Serie und konzentriert sich auf strategische Kämpfe. Vor dem Hintergrund von Turnieren musst du Fortschritte machen und dich gegen verschiedene Gegner beweisen, um eine Verschwörung zu vereiteln, die von einer neuen Organisation inszeniert wird.
Mega Man - Battle Network (USA)	In ferner Zukunft hackt sich der junge Internet-Kämpfer Lan in das hochmoderne Internet ein und nimmt zusammen mit seinem PET (Personal Information Terminal) den Kampf gegen die organisierte Internet-Kriminalität auf. Lan's PET ist kein gewöhnlicher Netzwerk-Navigator: Es ist MegaMan.exe, der berühmte Cyber-Held, der sich in das von Kriminalität verseuchte Internet einschleust, um dort zerstörerische Computer-Viren auszulöschen.
Mega Man - Battle Network 2 (USA)	Willkommen in der Zukunfts-Welt von Mega Man 2! Schliessen Sie sich Mega Man.exe bei seinen Kampf gegen das Cyber-Verbrechen an, und erleben Sie ein spannendes, brandneues Abenteuer in der Battle Network Serie. Dies mal wird Mega Man.exe mit seinen Kumpel Lan und ihren Freunden einen zerstörerischen Virus bekämpfen. FEATURES: - Neu! Mega Man's Aussehen und Eigenschaften entwickeln sich und passen sich Ihren individuellem Spielstil an - Noch mehr verschiedene versteckte Battle Chips zu entdecken - Tauschen sie Battle Chips aus oder treten Sie gegen Ihre Freunde an per Link Kabel
Mega Man - Battle Network 3 - Blue Version (USA)	Schließen Sie sich Mega Mega.EXE, seinem Kumpel Lan und seinen Freunden an und bewahren Sie das Netz vor Cyber-Chaos im bislang umfangreichsten Battle Network-Abenteuer. Finden Sie zusammen mit der White-Version alle Änderungen des Kampfstils von Mega Man, der &quot;Giga Class&quot; -Chips, der Gegner und entdecken Sie weitere Überraschungen nur für Sie!
Mega Man - Battle Network 3 - White Version (USA)	Schließe dich Mega Mega.EXE, seinem Kumpel Lan und ihren Freunden an, während sie das Netz vor Viren und Cyberbedrohungen schützen. Du wirst durch neue virtuelle und reale Welten reisen, dich mit neuen Bossen auseinandersetzen, mit neuen Charakteren interagieren und sogar neue Battle Chips finden. Das ist Cyber-Chaos vom Feinsten!
Mega Man - Battle Network 4 - Blue Moon (USA)	Lan und sein virtuelles Gegenstück Mega Man.EXE müssen sich einer doppelten Bedrohung stellen, als ein Asteroid auf die Erde zusteuert und ein mysteriöser NetNavi das Netzwerk bedroht. nnTeils Rollenspiel, teils Kampfsimulation, Mega Man Battle Network 4 gibt es in zwei Versionen: Blue Moon und Red Sun. Beide Spiele bieten unterschiedliche Handlungsverläufe, Feinde, Battle Chips und Upgrades. Du kannst Battle Chips sammeln, um deine Strategien aufzustellen, und das neue Soul Unison-System aktivieren, um spezielle Fähigkeiten zu erhalten.
Mega Man - Battle Network 4 - Red Sun (USA)	Der vierte Teil der Mega Man Battle Network-Reihe gibt es in zwei Versionen – Red Sun und Blue Moon – jeweils mit unterschiedlichen Feinden, Kampfchips, Seelen und Charakteren. Erneut übernehmen Sie die Rolle von Lan, während er und sein Freund Mega Man.exe darum kämpfen, das Internet von Viren und anderen Feinden der Cyberwelt zu befreien. Im Gegensatz zu früheren Spielen der Serie konzentriert sich Mega Man Battle Network 4 auf ein Turniersystem, bei dem die Spieler auf eine Vielzahl von Feinden treffen, die es zu besiegen gilt. Ein neues Soul Unison-System ermöglicht es Mega Man, sich in seine besiegten Feinde zu verwandeln.
Mega Man - Battle Network 5 - Team Colonel (USA)	Dr. Regal und sein Verbrechersyndikat Nebula sind wieder im Netzwerk. Lan muss daher seinen Navi Mega Man reaktivieren, um die virtuelle Welt von ihren Viren zu befreien. Das Rollenspiel Mega Man Battle Network 5 auf GBA ist in zwei Versionen erhältlich (Team ProtoMan und Team Colonel), die sich in den Kräften, die der Held aufnehmen kann, geringfügig voneinander unterscheiden.
Mega Man - Battle Network 6 - Cybeast Falzar (USA)	In Mega Man Battle Network 6 hat Lans Vater einen Jobtransfer erhalten und die Familie zieht nach Cyber ​​City, einer Stadt, die für die Durchführung verschiedener technologischer Experimente bekannt ist. Lan wird neue Leute kennenlernen und neue Freundschaften in der realen Welt schließen, während Mega Man sich mit hilfreichen Navis anfreundet und im virtuellen Flugzeug auf gefährliche neue Feinde trifft. Zusammen werden sie Bedrohungen ausgesetzt sein, die weitaus mächtiger und gefährlicher sind als je zuvor.
Mega Man - Battle Network 6 - Cybeast Gregar (USA)	In Mega Man Battle Network 6 hat Lans Vater einen Jobtransfer erhalten und die Familie zieht nach Cyber ​​City, einer Stadt, die für die Durchführung verschiedener technologischer Experimente bekannt ist. Lan wird neue Leute kennenlernen und neue Freundschaften in der realen Welt schließen, während Mega Man sich mit hilfreichen Navis anfreundet und im virtuellen Flugzeug auf gefährliche neue Feinde trifft. Zusammen werden sie Bedrohungen ausgesetzt sein, die weitaus mächtiger und gefährlicher sind als je zuvor.
Mega Man Zero (USA, Europe)	Die legendären Helden der Reploids, X und Zero, haben den bösen Sigma vor langer Zeit besiegt, und eine neue Armee wurde geschaffen, um den Ausbruch des Maverick-Virus zu verhindern. Doch im Laufe der Zeit wurde die Armee immer repressiver und begann, eine paranoide Art von Gerechtigkeit zu üben. Es heißt, dass ihr Anführer, einst ein großer Krieger, kalt und berechnend geworden ist und jeden Reploid eliminiert, der es wagt, sich ihm zu widersetzen. In diesen dunklen Zeiten wird ein Held gebraucht, und genau den haben Ciel und ihre Rebellengruppe in einer alten Ruine gefunden ... einen Helden aus der Vergangenheit, der in der Zukunft wiedergeboren wurde. Zero ist in eine Zeit gekommen, die er nicht kennt, um sie vor einer Gestalt aus der Vergangenheit zu retten ... das Schicksal der Freiheit ruht auf seinen Schultern.
Mega Man Zero 2 (USA)	Ein Jahr nach den Ereignissen in Mega Man Zero findet sich der Held in einem weiteren Kampf um die Rettung der Welt wieder. Gefangen zwischen den Reploiden und den Menschen hat Neo Arcadias neuer Kommandant Zero dazu gebracht, ihr zu helfen, obwohl ihre Gründe ungewiss sind. Um das Problem zu beheben, muss sich Zero Level für Level durchkämpfen und sich dabei mit der neuen Chain Rod-Waffe an Felsvorsprüngen festhalten, um sich einen Vorteil beim Sammeln von außer Reichweite befindlichen Gegenständen oder beim Angriff auf Feinde von oben zu verschaffen. Cyber-Elfen können wieder eingesammelt werden, um einige hilfreiche Powerups zu erhalten. Neu in der Serie ist ein Herausforderungsmodus für zwei Spieler, bei dem derjenige gewinnt, der das Level als Erster abschließt.
Mega Man Zero 3 (USA)	Im aufregenden dritten Teil der Mega Man Zero-Reihe muss der Roboterheld ein weiteres Mal Neo Arcadia retten. Dieses Mal vor einem gigantischen Reploid namens Omega! Zum Glück verfügt Zero dafür über ein noch mächtigeres Arsenal an Waffen und Ausrüstung. Neue Anpassungschips ersetzen das altbekannte Form-System, und du kannst diese Chips beliebig kombinieren, um für jede Situation gerüstet zu sein. Das Cyber-Elf-System wurde ebenfalls komplett überarbeitet. Außerdem wird Zeros neue Recoil Rod-Waffe dafür sorgen, dass seine Gegner ins Schwitzen kommen!
Mega Man Zero 4 (USA)	The Zero Knuckle ... mit dem bösesten neuen Werkzeug in Zeros Arsenal können Sie die Waffen Ihrer Feinde stehlen und sie im Kampf einsetzen. Setzen Sie dies zusammen mit unzähligen anderen coolen Aktionen ein, um gegen die neo-arkadische Armee zu kämpfen, den bösen Dr. Weil zu besiegen und der Karawane der Menschen zu helfen, den Frieden und die Sicherheit von Area Zero zu erreichen.
Meitantei Conan - Akatsuki no Monument (Japan)	Akatsuki no Monument ist das zweite Detective Conan-Spiel für den Game Boy Advance und bietet einen Szenario-Modus sowie verschiedene Minispiele. Die Geschichte des Hauptspiels beginnt mit Conan, Ran und Kogorou auf dem Weg zu einer Zeremonie in einem neu gebauten Resort am Meer. Kogorou Mouri wurde als renommierter Detektiv (dank Conan) zur Eröffnungsfeier eingeladen, während Conan und Ran einfach nur mitkommen. Als sie ankommen, bittet der Besitzer des Luxusresorts sie, den Gerüchten über das Land, auf dem die Villa gebaut wurde, nachzugehen. Das Gerücht ist bekannt als das so genannte &quot;Dorf der Selbstmörder&quot;. Später am Abend, als sie sich am Buffet bedienen und viele andere geladene Gäste treffen, werden Höflichkeiten ausgetauscht und kleine Gespräche ergeben wenig bis gar nichts von Interesse... bis eine Leiche auf einen Sportwagen fällt, der in der Lobby ausgestellt war. Zufall, oder ist an den Gerüchten wirklich etwas dran... Conan macht sich auf den Weg, um die Wahrheit herauszufinden und das Geheimnis hinter diesem Todesfall und den Gerüchten zu lüften, die in der Gegend umherschwirren.
Meitantei Conan - Nerawareta Tantei (Japan)	Neraiwareta Tantei ist das erste von zwei Detektiv Conan-Spielen für den Game Boy Advance und beinhaltet sechs verschiedene Ermittlungen. Im ersten Teil diskutieren zwei mysteriöse Personen über die Wiederbelebung einer Geheimorganisation namens Sphinx. Conan besucht Professor Agasa, der den Auftrag hat, Verteidigungsroboter zu bauen, im Beika Disaster Prevention Center. Das Sicherheitssystem spielt jedoch bald darauf verrückt, und Conan wird von Agasa beauftragt, in das Gebäude einzudringen, die Roboter zu besiegen, das Sicherheitssystem auszuschalten und das gestohlene Paket zurückzuholen.
Men in Black - The Series (USA)	Men in Black: The Series ist ein Jump'n'Run-Spiel für den Gameboy Advance. Sie sind ein MIB. Ihre Aufgabe ist es, die Menschen zu überwachen und vor einer Alien-Invasion zu schützen. Spiele dich als Agent J oder Agent K durch 6 Level und bekämpfe die Feinde auf deinem Weg.
Mermaid Melody - Pichi Pichi Pitch (Japan)	Mermaid Melody: Pichi Pichi Pitch ist ein Musik-/Rhythmus-Videospiel und das erste Spiel, das auf der Mermaid Melody-Serie basiert.
Metal Max 2 Kai (Japan)	Eine Portierung des Super Famicom-Spiels Metal Max 2. Das Spiel hat ein offenes Ende und ist nicht-linear, wobei der Spieler die Freiheit hat, zu entscheiden, wohin er geht und welche Missionen er in welcher Reihenfolge erledigen möchte. Der Spieler kann die Charakterklassen, wie z.B. Mechaniker oder Soldat, für die Spielercharaktere wählen. Die Kämpfe sind rundenbasiert, wobei die Charaktere entweder zu Fuß oder mit Panzern kämpfen können. Die Panzer können vom Spieler erstellt und angepasst werden, der jedes Teil eines Fahrzeugs modifizieren und verbessern kann, obwohl es für jeden Panzer eine Gewichtsbeschränkung gibt. In bestimmten Gebieten, in denen Panzer nicht durchkommen, müssen die Charaktere die Feinde zu Fuß bekämpfen. Das Spiel bietet auch Spielautomaten, an denen Minispiele gespielt werden können, darunter Third-Person-Shooter und Rennspiele.
Metal Slug - Super Vehicle-001 (Japan) (En) (Proto)	Ein früher Prototyp einer unveröffentlichten Portierung von Metal Slug: Super Vehicle-001 für den Nintendo Game Boy Advance. Angeblich wurde das Spiel aufgrund der begrenzten Größe des Karts eingestellt.
Metal Slug Advance (USA)	Traditionsreiche Arcade-Ballerei für unterwegs: Als Comic-Söldner auf brandgefährlicher Hosentaschen-Mission. Eine ferne Insel im Süden des Pazifiks. Während eines Trainingseinsatzes kommt es zu einem schwerwiegenden Zwischenfall: Walter und Tyra, frischgebackene Rekruten der PF-Einheit, stehen unter fremdem Beschuss. Ein unbekannter Feind attackiert die Neuzugänge des eigens von der Regierung gegründeten Elite-Kaders. Nun rücken die Greenhorns zu Fuß als auch mit unterschiedlichen Vehikeln der fremden Militärmacht auf den Leib.
Metroid - Zero Mission (USA, Australia)	In dieser preisgekrönten Neuauflage des ersten Metroid-Abenteuers schlüpfst du in die Rolle der Kopfgeldjägerin Samus Aran, um den Planeten Zebes zum allerersten Mal zu infiltrieren und schließlich die Weltraumpiraten und das Mother Brain zu besiegen. Aber auf Zebes ist nicht alles so, wie du dich zu erinnern glaubst! Metroid: Zero Mission bietet komplett neu designte Level basierend auf den klassischen Labyrinthen, allerdings mit vielen Erweiterungen wie zum Beispiel Morph Ball-Werfern und Seilrutschen. Zusätzlich wirst du auf eine Vielzahl neuer Gegner und Bosse treffen. Außerdem wirst du feststellen, dass das Spiel nach dem Sieg über Mother Brain noch lange nicht vorbei ist!
Metroid Fusion (USA)	Metroid Fusion ist chronologisch der letzte Teil der Metroid-Saga und erschien für den Game Boy Advance. Der Untertitel Fusion bezieht sich dabei darauf, dass Samus in diesem Spiel eine gezwungene Fusion mit Metroid-DNS eingeht. Sie bekommt ein auf Metroid-Basis hergestelltes Serum verabreicht, da sie von sogenannten X, einer enorm bedrohlichen amöben Lebensform, infiziert wird. Durch diesen Vorfall übernahm Samus einige Fähigkeiten und Schwächen der Metroids und ist deshalb in der Lage die X zu absorbieren. Die Überreste ihres kontaminierten Power Suit passten sich diesen Umständen ebenfalls an und wurden zum Fusion Suit.
Micro Machines (Europe) (En,Fr,De,Es,It)	Micro Machines für GameBoy Advance ist gebündelte Rennspielaction im Kleinstformat. Rase mit einem Fuhrpark von mehr als 40 Mini-Boliden aus Micro Machines für den GameBoy Advance über die außergewöhnlichesten Pisten, die Dir jemals in einem Rennspiel unter die Achsen gekommen sind. Ob mit dem Rennwagen, Booten, Beach Buggies oder Mini-Panzern, bei Micro Machines für GameBoy Advance kannst Du Deinen Bleifuß getrost freien Lauf lassen. Jetzt wird gefahren, was das Zeug hält! Die Räder Deines Boliden sind vielleicht klein - winzig klein ... und doch ist Dein ganzes Können gefordert, wenn Du in den 8 enorm großen, einmaligen Spielwelten unterwegs bist. Du musst auf Teufel komm raus losbrausen und Deine Gegner in Deinem Mini-Flitzern abhängen, bis sie von der Bildfläche verschwinden.
Midnight Club - Street Racing (USA)	Midnight Club bringt die Action von Hochgeschwindigkeitsrennen und Abenteuern auf den Game Boy Advance. Das Konzept des Spiels basiert auf den illegalen Rennen der Midnight Clubs in der realen Welt. Der Kern des Spiels besteht aus Hochgeschwindigkeitsrennen durch völlig offene Straßen der Stadt. Lebe das Leben auf der Schleichspur, entkomme dem Gesetz und sammle ein ganzes Arsenal an Fahrzeugen.
Mike Tyson Boxing (USA) (En,Fr,De,Es,It)	Mit mehr als 100 verschiedenen Schwergewichtlern und einem ganzen Arsenal an rippenberstenden Körperschlägen, gehirnerschütternden Jabs und kieferbrechenden Aufwärtshaken gibt Mike Tyson Boxing für den Game Boy Advance den Spielern die Möglichkeit, einen Boxer zu erstellen und ihn auf Spitze zu bringen.
Mini Moni. - Onegai Ohoshi-sama! (Japan)	Minimoni, die beliebte Hello! Project-Einheit, hat ihren Auftritt in einem GBA-Spiel! Im exklusiven „Starget“-Modus müssen Spieler auf einem Feld voller Herausforderungen Sterne sammeln. Dabei treten verschiedene Minispiele wie ein Glücksroulette als Events auf. Der „Minispiel“-Modus bietet 30 einfache und unterhaltsame Spiele. Beide Modi können von zwei Spielern über ein Verbindungskabel gemeinsam gespielt werden. Zusätzlich gibt es einen „Wahrsage“-Modus, in dem die vier Minimoni-Mitglieder vier verschiedene Arten von Wahrsagerei durchführen.
Minna no Ouji-sama (Japan)	Minna no Oujisama basiert auf der beliebten Serie Tennis no Oujisama, die in Japan als TeniPuri (kurz für &quot;Tennisu Purinsu&quot;) bekannt ist. Wie die meisten Anime hat auch TeniPuri seinen Ursprung in einem Manga, der in der monatlichen Shounen Jump-Comicserie von Takeshi Konomi veröffentlicht wurde. Dieses Spiel ist im Grunde eine Reihe von Minispielen, die in der Welt von TeniPuri spielen. Es enthält üppige Grafiken und Sound-Samples in voller Länge, die von höherer Qualität sind als die üblichen GBA-Spiele, zusammen mit einer Demo des kommenden Tennis no Oujisama 2004. Es ist außerdem das erste kommerzielle 256MBit-Spiel für den Game Boy Advance!
Minna no Shiiku Series - Boku no Kabuto, Kuwagata (Japan)	Der dritte Teil einer Serie von drei Abenteuerspielen, in denen die Spielfigur Insekten, insbesondere Käfer, sammelt.
Minna no Shiiku Series 1 - Boku no Kabutomushi (Japan)	Der erste Teil einer Serie von drei Abenteuerspielen, in denen die Spielfigur Insekten, insbesondere Käfer, sammelt.
Minna no Shiiku Series 2 - Boku no Kuwagata (Japan)	Der zweite Teil einer Serie von drei Abenteuerspielen, in denen die Spielfigur Insekten, insbesondere Käfer, sammelt.
Minna no Soft Series - Happy Trump 20 (Japan)	Die Minna no Soft-Reihe ist eine Sammlung von preisgünstigen Spielen, die sich in der Regel um ein einfaches Konzept drehen. Happy Trump 20 ist eine Zusammenstellung von zwanzig Kartenspielen, darunter Solitaire, Poker, das Herzspiel und andere.
Minna no Soft Series - Hyokkori Hyoutan-jima - Don Gabacho Daikatsuyaku no Maki (Japan)	Die Minna no Soft-Reihe ist eine Sammlung von Budget-Spielen, die in der Regel auf einem einfachen Konzept basieren. Dieses Spiel ist ein Sudoku-Spiel, das auf dem Franchise Hyokkori Hyoutan-jima basiert.
Minna no Soft Series - Minna no Mahjong (Japan)	Die Minna no Soft-Reihe ist eine Sammlung von preisgünstigen Spielen, die sich in der Regel um ein einfaches Konzept drehen. Dieses hier ist ein Mahjong-Spiel.
Minna no Soft Series - Minna no Shougi (Japan)	Die Minna no Soft-Reihe ist eine Sammlung von preisgünstigen Spielen, die sich in der Regel um ein einfaches Konzept drehen. Dieses hier ist ein Shogi-Spiel.
Minna no Soft Series - Shanghai (Japan)	Die Minna no Soft-Reihe ist eine Sammlung von preisgünstigen Spielen, die meist auf einem einfachen Konzept basieren. Dieses Spiel basiert auf dem beliebten Einzelspieler-Dominospiel Shanghai.
Minority Report - Everybody Runs (USA, Europe)	Du spielst John Anderton, einen Precrime-Offizier und Leiter einer Eliteeinheit, die Mörder noch bevor sie ihre Verbrechen begehen, verhaften kann. Alles schien perfekt, bis plötzlich etwas schiefgeht. Jetzt bist du auf der Flucht vor deinem eigenen Team und musst in einem futuristischen Nervenkitzel alles daran setzen, deinen Namen reinzuwaschen und eine böse Verschwörung zu stoppen, bevor es zu spät ist. Erlebe den Filmklassiker hautnah und tauche in die Welt des Jahres 2054 ein. Bekämpfe sowohl menschliche als auch robotische Feinde im Nahkampf und setze ein explosives Arsenal an Waffen ein. Nutze einen Jetpack, um durch die Level zu fliegen, während du deine Feinde mit Maschinengewehrfeuer überziehst und dabei Hindernissen und Gefahren ausweichst.
Mission Impossible - Operation Surma (USA) (En,Fr,Es)	Guten Morgen, Mr. Hunt! Verzeihen Sie, dass ich Ihren Urlaub störe, aber die IMF hat einen neuen Auftrag für Sie und Ihr Team. Sie sollen das international operierende Konglomerat SURMA, angeführt von Simon Algo, zerschlagen. Sie werden sechs abwechslungsreiche Locations aufsuchen und 25 verschiedene Abschnitte meistern müssen. Ihnen stehen hierfür die neuesten Waffen und die modernste Technologie zur Verfügung. Allein oder im Team gilt es, unauffällig Informationen über SURMA zu sammeln, deren Stützpunkte zu zerstören und Simon Algo nebst seinen Anhängern zu eliminieren.
MLB SlugFest 2004 (USA)	MLB SlugFest 20-04 ist das erste und einzige Baseball-Videospiel-Franchise im aggressiven Stil und bietet eine proprietäre Mischung aus blitzschnellem, adrenalingeladenem Hardcore-Gameplay und wichtigen Baseball-Features, die selbst den eingefleischtesten Sportfan begeistern werden. Zu den Spielfunktionen gehören ein adrenalingeladenes Gameplay, ein revolutionäres, schnelles Batter/Pitcher-Interface, strategischer Kontakt und eine intuitive, schnelle, adrenalingeladene Steuerung.
Mobile Suit Gundam SEED - Battle Assault (USA)	Gundam Seed: Battle Assault, ein großartiges neues Actionspiel, ist das erste Gundam-Spiel, das für den Game Boy Advance erhältlich ist. Gundam Seed ist der nächste große Wurf in der Welt von Gundam. Basierend auf dem Anime, der 2003 in Japan und 2004 in den USA auf Cartoon Network TV ausgestrahlt wurde, bietet das Spiel 12 spielbare mobile Anzüge aus der Serie. Außerdem sind sieben Spielmodi enthalten, darunter ein VS-Modus für zwei Spieler, bei dem bis zu vier Game Boy Advance-Systeme über ein Game Boy Advance Game Link-Kabel (separat erhältlich) miteinander verbunden werden können, um gegeneinander anzutreten. Um das Spiel für ein breites Publikum zugänglich zu machen, enthält das Spiel einen Schwierigkeitsgrad für alle Spieler: Wähle den automatischen oder manuellen Modus und passe dann Rüstung, HP und Energieanzeigen an, um die Herausforderung zu maximieren.
Monopoly (USA)	In Monopoly übernehmen Computer und Technologie die harte Arbeit, sodass Sie sich auf strategische Entscheidungen konzentrieren können. Bis zu vier Spieler, oder Sie und drei Computergegner, treten abwechselnd auf dem Brett an. Ziel ist es, alle anderen Spieler in den Bankrott zu treiben. Das Spiel bietet verschiedene Modi, darunter einen Schnellspielmodus und eine zeitlich begrenzte Variante. Spieler können eigene Hausregeln festlegen, wie Belohnungen für das Landen auf einem kostenlosen Parkplatz, zufällige Grundstücksverteilung zu Beginn oder Änderungen der Anforderungen für den Bau von Häusern. Die benutzerfreundliche Oberfläche erleichtert die Finanzverwaltung. Obwohl mehrere Spieler das Spiel verlängern können, bleibt der Spielspaß von Monopoly durch strategisches Denken und Planung bestehen.
Monster Force (USA)	In den Tagen, als die Menschen die Monster noch mit Fackeln verfolgten, fiel es ihnen sehr schwer ein normales Leben zu führen. Um es den Monstern etwas leichter zu machen zogen die Gebrüder Frankenstein mit ihren Geschöpfen in ein neues Land, in dem sie in Frieden leben konnten. Auf diese Weise entstand das Monsterland. Dann verschwand einer der Brüder und das Monsterland wurde vom Bösen überrannt. Jetzt muss eine ungleiche Gruppe von Helden sich dem Bösen entgegenstellen und das Monsterland retten.
Monster Gate (Japan)	Monster Gate ist ein Dungeon-RPG, ähnlich wie Chunsofts Fushigi no Dungeon, das eine Adaption des Arcade-Spiels Monster Gate für den Gameboy Advance ist. Das Spiel bietet eine Auswahl an prozedural generierten Dungeons, von denen jeder seine eigene Größe, Tiefe, Auswahl an Monstern und verschiedene Sonderregeln/Funktionen hat. Du beginnst mit Basiswerten und sammelst schnell Erfahrungspunkte, indem du Monster tötest (die unsichtbar sind und die du nur anhand deiner maximalen HP erkennen kannst). Es dauert nicht lange, bis du keine Erfahrungspunkte mehr sammelst. Um dir im Dungeon zu helfen, kannst du bis zu 10 Einwegkarten mitnehmen (weitere findest du im Dungeon), die als Zaubersprüche fungieren.
Monster House (USA) (En,Fr)	Oh nein! Das Haus des alten Nebbercracker verschlingt alles und jeden, der ihm zu nahe kommt – und Halloween steht kurz bevor! Also schnapp dir deinen Wasserblaster, fasse all deinen Mut zusammen und mach dich bereit, das Monster House zu erkunden, um seine Geheimnisse zu lüften. Monster House ist ein Action-Adventure-Spiel, das von Artificial Mind and Movement entwickelt und von THQ veröffentlicht wurde. Das Spiel basiert auf dem gleichnamigen Film. Obwohl es – wie der Film – hauptsächlich für ein jüngeres Publikum vermarktet wurde, erinnert das Gameplay stark an Resident Evil 4. Die Qualität des Spiels lag deutlich über vielen anderen Spielen, die auf Kinderfilmen basieren. Deshalb erhielt es auch hohe Bewertungen von bekannten Spielemagazinen und Websites, darunter Play und GameZone.
Monster Jam - Maximum Destruction (USA)	Setze dich hinter das Steuer der berühmtesten Monster Trucks der Welt mit einem brutalen Waffenarsenal und stelle dich einem wilden Fahrzeugzweikampf. Spring rein,halt dich fest und schleife dich durch interaktive Arenen mit mehreren Ebenen,Tricks, Fallen und Überraschungen. Sorge für das totale Gemetzel indem du deine Tricks in sechs Spielmodi meisterst. Dazu gehören ein Freestyle-Modus und ein tabuloser Meisterschaftsmodus, in dem sich deine Belohnungen für die ultimative Monstertruck Zerstörung auszahlen.
Monster Maker 4 - Flash Card (Japan)	In „Monster Maker 4 - Flash Card“ können Spieler ihre eigenen Monster erstellen, indem sie verschiedene Körperteile, Fähigkeiten und Elemente kombinieren. Die erschaffenen Monster können trainiert und in Kämpfen gegen die Kreationen anderer Spieler eingesetzt werden. Das Spiel bietet zudem ein Flash-Card-System, mit dem durch physische Karten neue Inhalte wie seltene Monsterteile und Fähigkeiten freigeschaltet werden können.
Monster Rancher Advance (USA)	„Monster Rancher Advance“ ermöglicht es, einzigartige Monster zu erschaffen und zu trainieren, indem Buchstaben, Zahlen und Symbole im Schrein eingegeben werden. Die Monster können durch Futter, Training und Gegenstände individuell angepasst werden, um ihre Fähigkeiten zu verbessern und neue Angriffe zu erlernen. Ältere Monster können als Trainer für neue Generationen eingesetzt oder kombiniert werden, um stärkere Nachkommen zu erschaffen. Turniere bieten die Möglichkeit, das Können der Monster zu testen und Belohnungen zu erhalten. Die offene Spielweise und die Möglichkeit, Monster und Gegenstände mit anderen Spielern zu tauschen, sorgen für ein abwechslungsreiches und langanhaltendes Spielerlebnis.
Monster Rancher Advance 2 (USA)	Alle beliebten Charaktere aus dem Monster Rancher-Universum sind zurück! Spieler können nun wieder den Spaß genießen, Monster zu züchten, zu trainieren und mit ihnen zu kämpfen, während sie gegen rivalisierende Züchter oder ihre Freunde in globalen Monster-Turnieren antreten. Steige durch die Züchter-Ränge auf und bringe Ruhm für deinen Verband, während du danach strebst, der beste Monster-Züchter im Land zu werden.
Monster Trucks (USA, Europe)	Monster Trucks bringt all die Action und Aufregung der Monster Truck-Veranstaltungen auf den Game Boy Advance. Die Spieler bauen ihr Fahrzeug im Schrottplatz zusammen und arbeiten sich dann durch Arena-Wettkämpfe, um der Beste im Zirkus zu werden. Dabei müssen sie fünf verschiedene Monster Truck-Gegner besiegen, die entschlossen sind, sie aus der Liga zu werfen. Mit dem verdienten Geld können sie ihr Truck und das Monster Truck-Team mit neuen Upgrades verbessern.
Monster! Bass Fishing (USA)	Wählen Sie in Monster Bass Fishing für den GameBoy Advance aus einer Vielzahl von Ködern und Stangen, um die richtigen Fische jedes Mal zu fangen. Die Kameraführung wechselt hinter dem Fischer oder unter Wasser, damit die Spieler immer die Aktion miterleben können! Perfektionieren Sie Ihre Technik in Free Fishing-Modus von Monster Bass Fishing für den GameBoy Advance. Speichern Sie Ihre besten sechs Fänge in einem Aquarium und zeigen diejenigen, die Ihnen nicht entkommen konnten!
Monsters, Inc. (USA, Europe)	Monstropolis hat eine enorme Energiekrise und es liegt an Mike und Sulley, eine Heilung zu finden. Hilf ihnen, das Rätsel zu lösen, indem du mit Freunden sprichst, Hinweise erhältst, Gegenstände sammelst, neue Tricks lernst und ihre Angst- und Scherztaktiken einsetzt, um die allgegenwärtige Energiekrise in Monstropolis zu bewältigen. Bietet mehr als 10 Spielebenen basierend auf verschiedene Filmstiele.
Moorhen 3 - The Chicken Chase! (Europe) (En,Fr,De,Es,It)	Die Moorhuhnjagd auf dem Game Boy Advance beginnt. Und das ist noch nicht alles. Die liebe Verwandtschaft vom Land hat sich angekündigt - das vom Aussterben bedrohte Lesshuhn schaut ausgerechnet zur Jagdsaison mal kurz vorbei. Auch zahlreiche andere friedliche Bewohner des kleinen Küstenstreifens wagen sich unvorsichtigerweise aus der Deckung. Das zieht natürlich Jäger in rauhen Mengen an und so erwarten dich diesmal wirklich große Überraschungen.
Mortal Kombat - Deadly Alliance (USA) (En,Fr,De,Es,It)	Experimenta la intensidad letal de un Mortal Kombat totalmente renovado. Enfréntate a más de 20 guerreros, tanto clásicos como algunos nuevos, y con tres tipos diferentes de estilo de lucha para cada personaje.
Mortal Kombat - Tournament Edition (USA) (En,Fr,De,Es,It)	Die tödliche Allianz zwischen Shang Tsung und Quan Chi ist nach wie vor intakt. In Mortal Kombat: Tournament Edition sucht jedoch eine neue Gruppe von Kriegern Rache an den beiden bösen Kriegsherren. Verfolge wer den Sieg davonträgt während du dich auf deinem Game Boy Advance durch Turnier- und Tag-Team-Action kämpfst. Zusätzlich zu mehr Kämpfern bietet dieser Teil der Mortal Kombat-Serie Multiplayer-Unterstützung für bis zu vier Spieler (über das Game Boy Advance-Verbindungskabel), eine Vielzahl von Gameplay-Modi und neue Schlachtfelder.
Mortal Kombat Advance (USA)	Der Game Boy Advance erhält diese Spielhallen-Portierung von Ultimate Mortal Kombat 3. Komplett mit Einzelspielermodus, über 20 Kämpfern, Verbindungsmodus für bis zu 4 Spieler und vielen Extras zum Freischalten. nnVerfügt über die klassischen 2D-Kämpfe mit seitlichem Scrollen, die das ursprüngliche Mortal Kombat so beliebt gemacht haben. Fatalities, Brutalities und sogar &quot;Friendship moves&quot; haben es in diese Portierung geschafft.
Mother 1+2 (Japan)	Mother erzählt die Geschichte von Ninten, einem 12-jährigen Jungen, der mit seinen übersinnlichen Kräften um die Welt reist, um acht Melodien zu sammeln, um den Planeten vor einer bösen Rasse von bewusstseinskontrollierenden Außerirdischen zu retten. Mother 2 erzählt die Geschichte von Ness, einem Jungen, der ebenfalls mit seinen übersinnlichen Kräften um die Welt reist, um acht Melodien zu sammeln, um die Zukunft vor einem Außerirdischen des puren Bösen zu retten, der beabsichtigt, die gesamte Realität zum Schrecken der ewigen Dunkelheit zu verurteilen.
Mother 3 (Japan)	Mother 3 ist ein Top-Down-Rollenspiel. Der Spielercharakter (die vom Spieler gesteuerten Charaktere wechseln häufig) reist mit seiner Gruppe auf den Nowhere Islands umher, spricht mit Leuten und treibt die Handlung voran. Es ist möglich, zu &quot;flitzen&quot;, was nicht nur eine schnellere Fortbewegung ermöglicht, sondern auch schwächere Feinde aus dem Weg zu räumen (oder einige Objekte/Charaktere zu rammen). Im Spiel gibt es viele Feinde zu bekämpfen. Die Kämpfe sind rundenbasiert; in jeder Runde kann ein Charakter mit seiner Waffe angreifen, eine Spezialfähigkeit einsetzen (einige Charaktere haben mächtige psychische Fähigkeiten, andere haben verschiedene Spezialfähigkeiten), einen Gegenstand benutzen oder versuchen, wegzulaufen. Die Kämpfe verfügen über ein musikalisches Combo-System, bei dem das Antippen einer Taste im Rhythmus der Hintergrundmusik dem Gegner zusätzlichen Schaden zufügt. Die Charaktere haben &quot;rollende HP-Meter&quot;; wenn sie Schaden erleiden, verlieren sie nicht sofort alle HP, sondern ihre HP nehmen langsam ab; auf diese Weise kann ein Charakter, selbst wenn er großen Schaden erleidet, mit nur leichten Verletzungen überleben, wenn es gelingt, den Kampf schnell zu beenden. Durch gewonnene Kämpfe erhalten die Charaktere Erfahrung (und werden dadurch stärker) und später im Spiel Geld (bekannt als &quot;DP&quot;), das in Geschäften verwendet werden kann, um bessere Ausrüstung oder nützliche Gegenstände zu kaufen.
Moto Racer Advance (USA) (En,Fr,De,Es,It)	Der Spieler steuert einen Motorradfahrer und muss versuchen, Rennen in verschiedenen Geländen und Umgebungen zu gewinnen. Jedes Motorrad im Spiel verhält sich anders. Es gibt verschiedene Modi: Grand Prix (GP), Motocross und Verkehr. GP findet an verschiedenen Orten auf der ganzen Welt auf asphaltierten Strecken statt, beispielsweise in San Francisco und Russland. Auf den asphaltierten Strecken muss der Spieler lernen, wie er in Kurven effektiv bremst. Die GP-Kurse weisen kleine Unterschiede zwischen ihnen auf, was den Kursen im Spiel mehr Abwechslung verleiht. Beim Motocross muss der Spieler im Gelände fahren und das „Powersliding“ in Kurven beherrschen. Die Strecken bei Motocross-Rennen sind weniger gastfreundlich und finden oft an trockenen, ungepflegten Orten und mit Hindernissen statt. Der Verkehr mischt GP- und Motocross-Rennen mit gemischten Asphaltkursen und Verkehr auf Straßen, die als Hindernisse dienen.
MotoGP (USA) (En,Fr,De,Es,It)	Die Moto GP-Strecke ist eine der beliebtesten Motorradstrecken der Welt. Millionen von Fahrern träumen davon, sie zum Spaß zu fahren, und Millionen weitere fahren sie für Geld. THQ bringt die ganze Action von Moto GP nach Hause mit, nun ja, keinem anderen als Moto GP für den Game Boy Advance. Moto GP bietet vier Spielmodi (Schnelles Rennen, Turnier, Grand Prix und Time Attack) und Multiplayer-Funktionen für bis zu vier Spieler via Link-Kabel. Moto GP zeigt auch einige der heißesten Motorräder von Herstellern wie Suzuki und Le Mans.
Mr Nutz (Europe) (En,Fr,De,Es,It)	Es ist kalt. Sehr, sehr kalt. Die ganze Erde steht kurz davor, unter einer dichten, eisigen Schneedecke begraben zu werden - und Schuld daran ist der Yeti, ein abscheuliches Monster mit einem Herz aus Stein, das davon träumt, über ein Reich der Kälte zu herrschen. Zum Glück gibt es da noch Mr. Nutz, das Super-Eichhörnchen, das sich dem Bösewicht tapfer in den Weg stellt. Ausgerüstet ist er nur mit einem nahezu unerschöpflichen Vorrat an Nüssen, einer Menge Mut und seinem buschigen Schweif. Auch wenn die Temperaturen fallen, wird die Lage für den Yeti bald ziemlich brenzlig werden!
Mr. Driller 2 (USA)	Die Welt steht erneut kurz davor, unter einer Horde rätselhafter Blöcke begraben zu werden. Nur der heldenhafte Mr. Driller kann sie jetzt noch retten! Oder etwa nicht? Gestatten: Anna Hottenmayer, eine rivalisierende Bohrerin! Du übernimmst die Kontrolle über Mr. Driller oder Anna und bringst dich grabenderweise in Sicherheit. Dabei musst du herabfallenden Blöcken ausweichen und die Luftkapseln erreichen, um deinen Sauerstoffvorrat aufzufüllen. Du kannst deine Bohrfertigkeiten in drei Spielmodi unter Beweis stellen: Mission Driller, Endless Driller und Time Attack Driller.
Ms. Pac-Man - Maze Madness (USA)	Ms Pac-Man ist zurück in einem brandneuen 3-D-Abenteuer. Kämpfe dich durch mystische Welten, um Professor Pac zu retten. Befreie die verlorenen Welten von Pac-Land von der schrecklichen Hexe Mesmeralda. Die berühmteste und beliebteste Heldin des Videospiels ist zurück, um den Tag zu retten!
Mugenborg (Japan)	„Mugenborg“ ist ein Spiel, in dem ein Junge mit seinen Robotern gegen andere Gegner und deren Roboter kämpft. Die Kämpfe finden in speziellen Arenen statt, wobei die Roboter ähnlich wie in der „Pokémon“-Serie befehligt werden.
Muppet Pinball Mayhem (USA)	Während einer Fahrt auf Professor Honigtau-Bunsenbrenners neuer Flipper-Vergnügungspark-Achterbahn in den Muppet Laboratorien ist irgendetwas schief gelaufen! Beaker hat eine noch unfertige Fahrt gestartet, noch während die Muppets mitten drin sitzen. Kermit, Miss Piggy und Gonzo sind gefangen! Die Spieler müssen ihre Flipper-Fertigkeiten benutzen, um Kermit, Miss Piggy und Gonzo auf den richtigen Weg zu bringen und dabei ihre gesammelte Erfahrung einsetzen, um sie zu befreien. Auf ihrem Weg werden sie dabei anderen Muppets und Vergnügungspark-Attraktionen begegnen. Features: * Die Originalkulisse, -musik und -stimmen aus der berühmten Muppet-Show * 5 einzigartige Flippertische im echten Muppet-Design plus 20 lustige Mini-Spiele * Alle klassischen Features eines echten Flippers * 2 Spielmodi: Wettbewerb (1 bis 4 Spieler) und Abenteuer (1 Spieler)
MX 2002 Featuring Ricky Carmichael (USA, Europe)	MX 2002 enthält einen robusten und süchtig machenden Freestyle-Modus, darunter den Bus Jump und die Step-Up Challenge. Es ist außerdem das einzige Spiel mit Ricky Carmichael, dem vierfachen AMA-Supercross-Meister. Es enthält 30 echte Fahrer aus der 125er-, 250er- und Freestyle-Riege, darunter Mike LaRocco, Kevin Windham, Ezra Lusk, Carey Hart, Trevor Vines, Mike Jones und James &quot;Bubba&quot; Stewart. Es gibt 22 Motocross-, Supercross-, Amateur-, Fantasy- und Freestyle-Strecken im Spiel, und Wettbewerbe wie die Loretta Lynn's Amateur National Motocross Championships, die Chevy Trucks U.S. Motocross Championships, die FreeRide Moto-X Championships und die THQ U.S. Open sind vertreten. Ein innovatives Stunt-Combo-System ermöglicht eine umfassende Liste von Freestyle-Tricks, darunter so bekannte Moves wie Carey Harts Hart Attack und Tommy Clowers Catwalk. Dank der präzisen, reaktionsschnellen Steuerung kannst du riesige Wheelies, Stoppies und Tail Whips ausführen. Zu den sechs Multiplayer-Modi gehören Stunt Showdown, Challenge Race und die Step-Up Challenge. Mit der Funktion &quot;Create-a-Rider&quot; (mit allen namhaften Sponsoren) und einer Auswahl von mehr als 10 vollständig anpassbaren Motorrädern kannst du deinen Fahrer individuell gestalten. Der mitreißende Soundtrack besteht aus echten Bands aus dem Untergrund der Motorradwelt.
Namco Museum (USA)	Reisen Sie zurück in die Zeit und erinnern Sie sich an das goldene Zeitalter der Videospiele. Genießen Sie diese unvergesslichen Klassiker: Ms. Pac-Man, Galaga, Galaxian, Dig-Dug und Pole Position. Diesmal wird der Spaß mobil! Jedes der vier Spiele der Sammlung wurde detailgetreu neu erstellt und enthält jeden Level, Bonuslevel und versteckte Bereiche, der in den Arcade-Versionen zu finden ist.
Namco Museum - 50th Anniversary (USA)	Zu Ehren seines 50. Geburtstages stellt Namco die größte Sammlung aus Namco- Klassikern zusammen, die je das Licht der Konsolenwelt erblickt haben. Die neue Retro-Menüführung erlaubt es Spielern, eine virtuelle Spielhalle zu erkunden, in der jeder Klassiker in seiner ursprünglichen Automatenform zu finden ist ... allerdings werden dieses Mal keine Münzen benötigt! Während frühere Versionen von NAMCOMUSEUM™ bis zu 12 Titel enthielten, wartet die Namco Museum Jubiläumsedition mit 14 der besten Namco-Spielhallenhits aller Zeiten auf! Die klassischen Spielhallenhits sind: * Pac-Man (1980) * Ms. Pac-Man (1981) * Galaga (1981) * Galaxian (1979) * Dig Dug (1982) * Pole Position (1982) * Pole Position II (1983) * Rolling Thunder (1987) * Rally X (1980) * Bosconian (1981) * Dragon Spirit (1987) * Sky Kid (1985) * Xevious (1982) * Mappy (1983)
Napoleon (Japan)	Im Story-Modus des Spiels schlüpfen die Spieler in die Rolle von Napoleon Bonaparte, der die Revolutionsarmee in den Kampf gegen die Briten führt. Napoleons Geschichte spielt im späten 18. Jahrhundert und wird in Fire Emblem-Manier über strategische Karten und Charakterdialoge erzählt. Allerdings nimmt sich das Spiel viele Freiheiten mit historischer Genauigkeit, wie zum Beispiel Napoleon, der gegen menschenfressende Oger und abscheuliche Schneemänner kämpft. Die Ziele der Missionen variieren leicht, aber die Grundidee besteht darin, Einheiten auszusenden, den Feind zu besiegen und die Festung des Gegners zu übernehmen.
Naruto - Ninja Council (USA)	Hier erlebst Du ein handlungsorientiertes Spiel mit zwei Modi - Story-Modus und Free-Modus. In beiden kannst Du 2 Charaktere Spielen. Die Geschichte von Naruto: Ninja Council 1 für GameBoy Advance beginnt mit dem Überleben der Prüfung und endet mit Orochimarus Angriff auf das Verborgene Konoha Dorf. Wähle zwischen Naruto und Sasuke und beginne ein spannendes Ninja-Abenteuer. In jeder Stufe hast Du 5 Minuten zeit, um an das Ende zu gelangen, sei also schnell und besiege jeden Gegner.
Naruto - Ninja Council 2 (USA)	Actionspiel, basierend auf dem Shonen Jump Manga. Diese Fortsetzung des allerersten Naruto-Spiels auf dem GBA (das zweite Spiel war eine ganz andere Simulation/Abenteuer) hat die dreifache Anzahl an Stages und doppelt so große Charaktere. Die Action ist gestrafft und dynamischer. Die Spieler können sich in Naruto, Sasuke und Sakura verwandeln und ihre Fähigkeiten einsetzen, um die scrollenden Level zu besiegen. Das Spiel nutzt auch das Link-Kabel für einen Zwei-Spieler kooperations Modus und für einen Vier-Spieler Kampfmodus.
Naruto RPG - Uketsugareshi Hi no Ishi (Japan)	Naruto: Path of the Ninja für den Nintendo DS ermöglicht es den Spielern, das Dorf Konohagakure (das „Verborgene Dorf im Laub“) und die Welt von Naruto zu erkunden, während sie durch Wälder, Felder, Flüsse und Berge ziehen. Unterwegs begegnen die Spieler Bossen und Gegnern, die sie mit speziellen Techniken besiegen müssen. Jeder der 6 spielbaren Charaktere verfügt über ein einzigartiges, zeitbasiertes Kampfsystem, und die Spieler trainieren ihr Ninja-Team, um mehr als 90 verschiedene Jutsu-Techniken zu erlernen.
NBA Jam 2002 (USA, Europe)	NBA Jam 2002 ist ein Sportspiel für den Game Boy Advance, das von Acclaim Entertainment als lizenzierte Basketballsimulation für die NBA-Saison 2002-2003 entwickelt wurde. Es war die Fortsetzung von NBA Jam 2001 und das letzte Spiel in der NBA Jam-Reihe, das ein Jahr in seinem Titel erwähnte.
Need for Speed - Carbon - Own the City (USA, Europe) (En,Fr,De,Es,It)	Was in der Stadt beginnt, wird in den Schluchten angesiedelt, da Need for Speed Carbon Sie in die gefährlichste und adrenalingefüllte Form des Straßenrennens der Welt eintaucht. Sie und Ihre Crew müssen in einem ausgiebigen Krieg um die Stadt rennen und alles riskieren, um die Nachbarschaften deiner Rivalen zu übernehmen. Wenn die Polizei die Hitze aufgibt, wechselt die Schlacht letztendlich zum Carbon Canyon, wo Territorien und Ruf auf jeder gefährlichen Kurve verloren gehen können. Das neue Modell von Canyon Duel und Drift ist der ultimative Test für Geschicklichkeit und Nerven, wo eine falsche Kurve Sie mehr kosten könnte als das Rennen um die Kontrolle über die Stadt Block-by-Block zu beweisen. Ein neues Physik-Modell macht jede Klasse Griff und Fahren unterschiedlich. Wählen Sie strategisch Ihre Besatzungsmitglieder aus und nutzen Sie dann ihre Fähigkeiten auf der Straße und in der Garage, um Ihnen zu helfen, Rennen zu gewinnen und Ihre Autos anzupassen.
Need for Speed - Most Wanted (USA, Europe) (En,Fr,De,It)	Need for Speed: Most Wanted ist ein Rennspiel für den GBA, das Ihnen die Möglichkeit bietet, sich in verschiedenen Verfolgungsjagden den Ordnungskräften zu stellen. Das Ziel besteht darin, Verstöße zu sammeln, während Sie der Polizei ausweichen, um an die Spitze der Liste der meistgesuchten Fahrer zu gelangen. Verschiedene Arten von Autos stehen zur Verfügung (Sportwagen, Supersportwagen, Muscle-Cars).
Need for Speed - Porsche Unleashed (USA)	Need for Speed: Porsche Unleashed ist ein Rennspiel für den Gameboy Advance, in dem du Autos der berühmten Marke Porsche steuern kannst. Das Modul bietet zahlreiche Modi: Karriere, Rennen auf der Rennstrecke, Slalom zwischen den Autos... Spüre die Rennen mit extremen Geschwindigkeiten.
Need for Speed - Underground (USA, Europe) (En,Fr,De,It)	Need For Speed: Underground ist das siebte Spiel der langjährigen Need For Speed-Rennserie. Underground dreht sich um illegale nächtliche Straßenrennen mit stark modifizierten Importautos und wurde stark vom Film „The Fast And The Furious“ und seiner Fortsetzung beeinflusst. Spieler haben die Möglichkeit, ihre eigene Rennmaschine fast von Grund auf zu bauen, mit Hunderten oder echten lizenzierte Teile und viele lizenzierte Autos, darunter der Mazda RX-7 und der Nissan Skyline GT-R. Das Spiel bietet außerdem über 100 Einzelspieler-Rennen und einen Hip-Hop/Hardrock-Soundtrack mit Künstlern wie Mystikal, Rob Zombie und The Crystal Method.
Need for Speed - Underground 2 (USA, Europe) (En,Fr,De,It)	Need for Speed Underground 2, Nachfolger des 2003 meistverkauften Rennspiels und aktueller Blockbuster der legendären Need for Speed-Serie, entführt den Spieler wieder in die aufregende Welt der Tuner-Szene. Das Spiel ist in einer großen, frei zugänglichen Stadt mit fünf verschiedenen und miteinander verbundenen Stadtteilen angesiedelt. Während der Spieler die Stadt erkundet, trifft er auf rivalisierende Fahrer, die ihm die Underground-Welt näher bringen und ihn zu den coolsten Renn-Treffpunkten der Stadt führen.
NFL Blitz 2002 (USA)	NFL Blitz 20-02 ist ein Spiel, das auf dem American Football basiert. Wie die gesamte Serie verzichtet es auf die meisten Regeln und Taktiken (übrigen bleiben 36 Offensiv- und 18 Defensivspiele) und konzentriert sich stattdessen auf einen aktionsorientierten Ansatz. Aufgrund des eingeschränkten Steuerungsschemas des Systems sind die Optionen auf dem Spielfeld im Vergleich zur Hauptkonsolenversion geringer: Neben den üblichen Bewegungs-, Pass- und Spielerbewegungsbefehlen kann der Spieler auch tackeln, springen oder einen Turbo-Boost aktivieren. Die Spielperspektive ist eine abgewinkelte Pseudo-3D-Ansicht mit den Toren oben/unten auf dem Bildschirm. Sowohl im Ausstellungs- als auch im Saisonmodus (17 Wochen) bietet das Spiel die Wahl zwischen 32 Teams mit unterschiedlichen Statistiken in Bezug auf Passen, Defensive und Linie. Die Minispiele, die auch aus dem Hauptmenü ausgewählt werden können, sind im Wesentlichen Übungsmodi für Field Goal- und Goal Line-Situationen sowie ein NFL-Quiz.
NHL 2002 (USA)	NHL 2002 ist der einzige Teil in Electronic Arts' Eishockey-Serie, der für den Game Boy Advance veröffentlicht wurde. Während die Konsolenversionen bereits Jahre zuvor auf 3D-Grafik umgestiegen waren, behält das Handheld-Spiel eine 2D-Top-Down-Ansicht bei, die sehr ähnlich ist wie bei den frühesten Titeln der Serie auf dem Megadrive und SNES. Neben einem Standardmodus für Ausstellungsspiele verfügt das Spiel über einen Übungsmodus, in dem die Anzahl der Spieler auf dem Feld frei gewählt werden kann. Der Saisonmodus ist ungewöhnlich, da der Spieler im Gegensatz zu anderen Spielen kein Team auswählt, um es durch eine Saison zu führen. Stattdessen enthält das Spiel den vollen Spielplan der NHL-Saison 2001-2002, und jedes Team kann in jedem geplanten Spiel gespielt werden. Wenn an einem bestimmten Tag keine interessanten Spiele angesetzt sind, kann dieser übersprungen und die Ergebnisse simuliert werden. Der Saisonmodus ermöglicht auch den Handel von Spielern, das Unterzeichnen von Free Agents und sogar das Erstellen von Spielern. Das Spiel enthält auch einen Mehrspielermodus über das Verbindungskabel, bei dem bis zu vier Spieler für kooperatives oder kompetitives Spielen teilnehmen können.
NHL Hitz 2003 (USA)	Was ist ein tragbares System ohne ein Eishockeyspiel, bei dem man sich selbst in Brand setzen kann? Nichts, das ist es ... oder das ist es, was uns gesagt wurde. Da jeder das Feuer und jeder das Eishockey liebt, ist es keine Überraschung, dass Midway diesen Herbst NHL Hitz 20-03 auf den Game Boy Advance bringt. Mit Klassikern wie dem 'On-Fire-Modus', überdrehten Animationen und vollständig in 3D dargestellten Menschenmassen erweitert das Spiel das Angebot und bleibt dabei den altehrwürdigen Traditionen der Serie treu. Wie alle NHL Hitz-Spiele bietet auch NHL Hitz 20-03 Spielmodi für bis zu 6 Spieler via Linkkabel, Kämpfe im Spiel und versteckte Teams, Spieler und Stadien.
Nicktoons - Attack of the Toybots (USA)	Hilf SpongeBob und seinen Freunden dabei, den teuflischen Plan von Professor Calamitous zu durchkreuzen und die bösen Zwillinge der Nicktoons zu besiegen. Spiele als SpongeBob, Jimmy Neutron oder einer ihrer Freunde, um dieses großartige Abenteuer zu bestehen!
Nicktoons Racing (USA)	Nicktoons Racing ist ein Rennspiel für den Gameboy Advance. Die Software bietet 12 Helden aus dem Nickelodeon-Universum, von SpongeBob über Chatchien und Arnold bis hin zu den Razmokets. Sie können auf 12 Strecken antreten, die den Hintergründen der Cartoons nachempfunden sind. Die Software bietet 3 Spielmodi und die Möglichkeit, mit bis zu 4 Spielern über eine Multikonsolenverbindung gegeneinander anzutreten.
No Rules - Get Phat (USA, Europe) (En,Fr,De,Es,It,Nl)	One Eye Jack, ein knallharter kleiner Skater und Anführer der &quot;No Rules&quot; Gang, muss eine Invasion von Außerirdischen in seinen Stammlokalen verhindern. Um sein Ziel zu erreichen, muss er wie ein Profi skaten. Bewaffnet mit seiner Steinschleuder und einer Alien-Schleimkanone auf den Punkt genau treffen und die Grenzen der sozialen Verantwortungslosigkeit ausloten - alles im Namen der Bewahrung seines Lebensstils.
Ochaken Kururin - Honwaka Puzzle de Hotto Shiyo (Japan)	„Ochaken Kururin: Honwaka Puzzle De Hottosho?“ ist ein Puzzle-Spiel mit den Ochaken-Maskottchen von Sega Toys/Horipro, bekannt für ihre Teeblatt-Ohren („Ochaken“ bedeutet „Teehund“). Besonders beliebt bei Mädchen in Japan, bietet das Spiel vier verschiedene Modi. Im Story-Modus wählt der Spieler seinen Lieblings-Ochaken und durchläuft 11 Puzzle-Quests mit einer Geschichte über sieben Teehunde und drei Teekatzen. Die fallenden Blöcke sind Ochakens! Der „Hitori de Kururin“-Modus erlaubt endloses Einzelspiel mit steigendem Tempo, „Puzzle de Kururin“ bringt wechselnde Block-Entfernungspuzzles, und ein Zwei-Spieler-Modus bietet Puzzle-Duelle.
Ochaken no Heya (Japan)	Ein weiteres Spiel basierend auf der Ocha-Ken-Franchise von Sega Toys. Ziel des Spiels ist es, das „Teehund-Zimmer“ mit verschiedenen Gegenständen zu dekorieren. Neue Gegenstände können jedoch nur durch das Gewinnen von Minispielen freigeschaltet werden.
Oddworld - Munch's Oddysee (USA, Europe)	Oddworld: Munch's Oddysee ist ein Jump'n'Run/Adventure-Spiel, das für den Gameboy Advance veröffentlicht wurde. Steuere Munch oder Abe, um sie aus den Klauen der verrückten Wissenschaftler zu befreien, die sie gefangen genommen haben. Um dies zu erreichen, musst du die stärkenden Getränke und die verrückten Waffen, die ihnen zur Verfügung stehen, ausgiebig nutzen.
One Piece (USA)	Shonen Jump's One Piece ist eine Adaption der Abenteuer des berühmten Piraten, die ausschließlich auf dem US-amerikanischen Markt veröffentlicht wurde. Es wurde von Dimps entwickelt und 2005 von Bandai herausgegeben. Es ist ein Beat'em all im Stil eines Double Dragon oder Street of Rage. Die Handlung des Spiels umfasst die gesamte East Blue-Saga, beginnend mit dem Romance Dawn-Arc und endend mit dem Loguetown-Arc, in insgesamt 18 Levels.
One Piece - Dragon Dream (Japan)	One Piece Dragon Dream! ist ein Action-Rollenspiel mit dem Helden der Serie Luffy als Hauptfigur. Das Spiel beginnt, als Ruffy ein mysteriöses Mädchen trifft und schließlich sein Gedächtnis verliert. Um sein Gedächtnis wiederherzustellen, beschließen Luffy und seine Freunde, vergangene Abenteuer noch einmal zu erleben, neue Orte von Ihrer Piratenkarte auszuwählen und Sequenzen von Geschichten zu durcharbeiten, die eine originelle Geschichte darstellen, die exklusiv für das Spiel erstellt wurde. Wenn Sie Ereignisse löschen, werden die wiederhergestellten Speicher von Luffy zur schnellen Anzeige in einem Diagramm gespeichert.
Onimusha Tactics (USA)	Hilf Onimaru, einem jungen Krieger, bei seiner schwierigen Mission, die gegnerische Genma-Armeen zu besiegen und nimm es mit dem üblen Kriegsherrn Nobunaga auf. Setze Deine Ressourcen und Deine Ausrüstung klug ein, schare Deine Verbündeten um Dich und mach Dich auf wüste Kämpfe der japanischen Feudalzeit gefasst. Im Tauziehen um die Macht kommt es auf jede Bewegung an. Der Gegner muss um jeden Preis gestoppt werden!
Onmyou Taisenki - Zeroshiki (Japan)	„Onmyou Taisenki: Zeroshiki“ basiert auf dem Anime und Manga „Onmyou Taisenki“ und spielt in einer alternativen Zeitlinie nach den Ereignissen des Animes. Charaktere aus dem Prequel-Manga treten ebenfalls wieder auf. Tauche ein in eine spannende Welt voller Action und Strategie, in der du bekannte Figuren und neue Herausforderungen erlebst.
Operation Armored Liberty (USA)	Operation Armored Liberty für den GameBoy Advance hast Du das Kommando über das militärische top-gepanzerte Verteidigungsfahrzeug, der M1A1 Abrams Battle Panzer. Meistere Mission für Mission und schreite durch die Nahost-Wüste. Verteidige Dich gegen die sowjetischen T72s, mobile S.C.U.D. Stürme die Reihe von irakischen Hubschrauberpistolen-Schiffen, kämpfe Dich durch den sengenden Sand der Wüste, stürme Bagdad und siege!
Oriental Blue - Ao no Tengai (Japan)	Das Spiel setzt die Tradition der Tengai Makyou-Serie fort, die auch als &quot;Far East of Eden&quot; bekannt ist. Sie spielen entweder Tenran oder Aoi, einen Jungen bzw. ein Mädchen im Teenageralter, die sich auf die Suche machen, um das uralte Böse zu besiegen, das das wohlhabende Land Jipang bedroht, um sich des legendären Feuerclans würdig zu erweisen, der Jipang seit vielen Generationen vor bösen Dämonen und Hexenmeistern beschützt. Das Land Jipang ist dem mittelalterlichen Japan sehr ähnlich, und während ihres Abenteuers werden Sie auch die Mongolei, China und andere asiatische Länder besuchen. Die wichtigste Neuerung des Spiels ist eine nicht-lineare Handlung. Sie können viele Missionen in beliebiger Reihenfolge angehen, und die Handlung ändert sich auch in Abhängigkeit vom Ausgang wichtiger Kämpfe. Wenn Sie gegen einen Bossgegner verlieren, ist das Spiel nicht zu Ende, sondern es wird ein abzweigender Handlungsstrang offenbart. Ansonsten ist das Gameplay ähnlich wie bei anderen Tengai Makyou-Spielen, mit Reisen über die Weltkarte und rundenbasierten Kämpfen in der Ego-Perspektive.
Ottifanten Pinball (Germany)	Die Ottifanten sind los - und das im wahrsten Sinne des Wortes: Kaum hat die Urlaubsreise in Richtung Sonne, Strand und Meer begonnen, da wird die Ottifanten-Sippe auch schon in allerlei unerwartete Abenteuer verwickelt. An zwei Flippertischen müssen Sie zeigen, dass Sie sowohl auf dem Rummelplatz als auch an der Nordseeküste den Highscore knacken können. Spielen sie wie an einem echten Tisch mit Bumpers, Tunnels und Bouncers, schalten Sie die versteckten Zusatzgames frei und erleben sie bei abwechslungsreichem Gameplay eine aufregende Mischung aus Pinball und Comic.
Over the Hedge (USA)	Eine Gruppe ziemlich verrückter Waldbewohner wollen sich ihr Revier von den Menschen in der schicken Neubausiedlung zurückholen. Ein böser Kammerjäger macht ihnen mit seinen ferngesteuerten Ratten das Leben schwer und kidnappt auch noch ihren Kumpel, das Opossum. Ein wilder Eroberungskampf mit neunmalklugen Nagern, verrückten Eichhörnchen und einer neurotischen Schildkröte beginnt und garantiert Spielspaß für die ganze Familie!
Over the Hedge - Hammy Goes Nuts! (USA)	Erlebe die verrückten Abenteuer des total überdrehten Eichhörnchens 'Hammy' aus dem Dream-Works-Animationsstreifen 'Ab durch die Hecke'. Erlebe neue Umgebungen und Abenteuer, die weit über den Film hinausgehen, und führe deinen Helden Hammy durch die große Vorstadt auf der Suche nach Nahrung.
Ozzy & Drix (USA)	Ozzy & Drix ist ein 2D-Plattformer mit 3D-Elementen und basiert auf der erfolgreichen Zeichentrickserie von Kids' WB!, die wiederum auf dem Film Osmosis Jones basiert. Nimm an den abgefahrenen Abenteuern des weißen Blutkörperchen-Polizisten Ozzy und seines rezeptfreien Erkältungstabletten-Kumpels Drix teil. Fans der Erfolgsserie werden nun auf dem Game Boy Advance Teil des Geschehens sein. Flitze im „Cel Camino“ über eine Blutzellenautobahn, schütze dich vor der gefürchteten „Phlegmalanche“, trete gegen die Erzfeinde Spryman und Gluteus an und vieles mehr, während Ozzy und Drix in ihrer Welt im Teenager Hector Cruz leben und spielen.
Pac-Man Collection (USA)	Diese Sammlung von Namco enthält vier klassische Pac-Man-Spiele: 1. Pac-Man: Der originale Arcade-Klassiker, komplett und ungeschnitten. 2. Pac-Mania: Eine Konvertierung des Updates von 1987 zu Pac-Man, bei der die Elemente des ursprünglichen Arcade-Spiels in eine isometrische Ansicht gebracht und die Sprungfähigkeit hinzugefügt werden. 3. Pac-Man-Arrangement: Es verwendet wieder die Elemente des ursprünglichen Pac-Man und fügt einen fünften Geist hinzu. Neue Power-Ups sind ebenfalls enthalten, wie die Möglichkeit, schnell über den Bildschirm zu rasen, Warp-Punkte, um von einem Ort zum anderen zu gelangen, und neue Möglichkeiten, Geister zu fangen. Pac-Attack: Wie zuvor bei Tetris müssen Sie fallende Blöcke zusammenfügen, um eine Linie zum Löschen des Bildschirms zu vervollständigen. In diesem Fall enthalten die fallenden Kacheln auch Geister. Sobald die Pac-Man-Kachel angezeigt wird (eine Kachel mit dem Pac-Man-Symbol), frisst Pac-Man alle Geister, die sich auf seinem Weg befinden
Pac-Man Pinball Advance (USA)	Es ist Pac-Man trifft Flipper! PMPA verbindet klassische Pac-Man-Action mit Flipper, was an Kirbys Flipperland erinnert, und lässt den Spieler aus verschiedenen Tischhintergründen wählen, deren Ziel es ist, bestimmte Teile zu treffen, um Power-Ups zu erzielen, sogar die Fähigkeit Pellets und die Geisterfeinde zu essen (Blinky, Inky, Pinky und Clyde), um Pac-Mans-Freunde zu retten, einschließlich Ms Pac-Man. Es gibt auch Minispiele wie einen Vertikalschützen und klassische Pac-Man-Labyrinthe.
Pac-Man World (USA)	Im Gegensatz zu den meisten &quot;Pac-Spielen&quot; ist Pac-Man World ein Plattform-Abenteuer, bei dem der runde, gelbe Held über 20 Action-Levels durchläuft. Er ist jedoch immer noch dem Widerstand von gespenstischen Nemes wie Inky, Blinky, Pinky und Clyde ausgesetzt. Er muss auch rennen, springen und an anderen bösartigen Kreaturen wie Skeletten, Spinnen und Killerfischen vorbeischwimmen. Zum Glück hat Pac-Man eine Vielzahl von Angriffsmethoden. Mit Ausnahme von Geistern sind die meisten Bösewichte anfällig für Projektil-Pac-Dots, den &quot;Ultra Butt-Bounce&quot; (der ihm auch hilft, höher zu springen) oder den &quot;Rev Roll&quot;, einen Geschwindigkeitsschub, der es Pac-Man ermöglicht, lange Sprünge zu machen Rampen. Wenn er jedoch Geister entsorgt, muss er zuerst ein gutes altmodisches Kraftpellet einnehmen und sie dann verschlingen, bevor die Auswirkungen nachlassen.
Pac-Man World 2 (USA)	Vor langer Zeit, im Mittelalter, hatte ein böser Geist namens Spooky das gesamte Pac-Land terrorisiert. Als Reaktion darauf kreierte der große Zauberer Pac einen Trank, der aus 5 gewöhnlichen Früchten die &quot;Goldene Frucht&quot; machte. Ein junger Ritter namens Sir Pac-alot kämpfte und versiegelte Spooky unter einem großen Baum mit der Goldenen Frucht, die an den Zweigen des Baumes befestigt war. In der heutigen Zeit schleichen sich Inky, Pinky, Blinky und Clyde spät in der Nacht ins Dorf und pflücken in ihrem Unheil die goldene Frucht vom Baum im Zentrum der Stadt. Leider hat dies Spooky aus seinem Gefängnis entlassen. Spooky fordert die Geister auf, die Goldene Frucht zu nehmen und ihm zu folgen, wenn sie das Land für immer von den Pac-Leuten befreien wollen. Als Pac-Man aufwacht, hört er die Nachrichten von Professor Pac über die Goldene Frucht und Spooky und macht sich auf den Weg, um die Geister und Spooky zu besiegen.
Paws & Claws - Best Friends - Dogs & Cats (USA)	In „Best Friends – Hunde & Katzen wollen tapsige Hunde- und Katzenbabies von dir versorgt werden! Stelle dir deinen Traumwelpen oder dein Wunschkätzchen zusammen, spiele mit ihm, pflege es mit unzähligen Utensilien und bringe ihm die verrücktesten Tricks bei. Damit stärkst du nicht nur die Kondition des Tieres, sondern auch sein Vertrauen in dich. Besonders gute Pflege und abwechslungsreiches Training machen euch bei den Geschicklichkeitsturnieren und Schönheitswettbewerben zu Siegern. Im Auslaufareal gibt es für deinen kleinen Freund eine Menge zu entdecken! Mit großem Einfühlungsvermögen und vielen Streicheleinheiten werden deine Tierbabies eine unvergessliche Kindheit bei dir haben – und du gewinnst einen Freund, der mit dir durch dick & dünn geht!
Paws & Claws - Pet Resort (USA)	Meine Tierpension ist das raffinierte Tierpflegeprogramm für anspruchsvolle Spieler. Besitzer von Fischen, Wellensittichen, Meerschweinchen, Kaninchen, Katzen, Hunden, Pferden und deren Jungtieren geben ihre Tiere bei Ihnen ab und Sie bringen sie selbstverständlich in bestem Zustand zurück. Je mehr Erfolg, desto mehr Möglichkeiten! Kümmern Sie sich so gut wie möglich um Ihre vierbeinigen und gefiederten Gäste: Füttern Sie sie, halten Sie ihre Gehege sauber, spielen Sie mit ihnen, besorgen Sie neues Spielzeug für sie und reiten Sie auf den Pferden durch die Landschaft. In spannenden Szenarien einer realistischen 3D-Welt mit unterschiedlichen Schwierigkeitsgraden bauen Sie Ihr Haustierhotel nach Ihren Vorstellungen auf und aus, um den Haustieren einen guten und geschützten Platz zum Wohnen zu bieten.
Paws & Claws - Pet Vet (USA)	räumst Du auch manchmal davon Tierärztin zu sein? Mit &quot;Meine Tierarztpraxis&quot; kann dieser Traum Wirklichkeit werden. Du kannst deine eigene Praxis aufbauen, entscheiden, wann du welches Gebäude baust, und welche Patienten du behandeln möchtest. Jeden Tag kommen Leute mit ihren Tieren zu dir, Meerschweinchen, Kaninchen, Wellensittiche, Katzen, Hunde und sogar Pferde. Manchmal kann es sogar notwendig sein, dass du die Tiere aufnimmst und für einige Tage pflegst, damit sie schnell wieder gesund und glücklich werden. Dafür kannst du extra Ställe und Unterkünfte bauen lassen. Füttern, Spielen, Gesellschaft leisten, aber auch putzen und die tägliche Behandlung, gehören zu deinen Aufgaben. Und auch wenn die Arbeit mit den Tieren viel Spaß macht, braucht selbst die beste Tierärztin mal Zeit für sich. Dann nimmst du dein eigenes Pferd und machst einen langen Ausritt. Tanke neue Energie, damit du die beste Tierärztin aller Zeiten werden kannst.
Payback (Europe) (En,Fr,De,Es,It)	In &quot;Payback&quot; erlebt der Spieler missionsbasierte Renn- und Shooter-Action in einer komplett frei begehbaren 3D-Welt. Dabei erlebt er ein beispielloses kriminelles Chaos in der Draufsicht. Atmosphärische Tag- und Nachteffekte sowie diverse Wettereffekte versprechen eine unglaubliche realistische Umgebung. Eine große Anzahl an Fahrzeugen, Waffen und einfallsreichen Missionen definieren einen neuen Standard für mobilen Spielspaß. Multipliziert mit dem Mehrspieler- und Rampage-Modus (freies herumtoben), welcher dynamisch maßgeschneiderte Levels generiert, hat dieser Titel ein sehr großes Verkaufspotenzial.
Peter Pan - The Motion Picture Event (USA)	Entdecke, schwebe und rette den Tag in einem actiongeladenen, epischen Abenteuer, das auf dem Universal Studios Kinofilm Peter Pan basiert. Spiele als Peter Pan und begleite Wendy, John, Michael und Tinker Bell auf einer fantastischen Reise von London nach Nimmerland. Erlebe wilde Piratenschlachten, haarsträubende Gefahren, knappe Fluchten und trete schließlich gegen den berüchtigten Captain Hook an. Peter Pan wird aus der Dreiviertelperspektive gespielt und kann fliegen, springen, tauchen, rollen, laufen und mit seinem Schwert gegen Feinde kämpfen. Neben Kämpfen, Rätsellösungen und Plattformsprüngen müssen die Spieler auch spezielle Objekte einsammeln, um zusätzliche Leben und Bonuspunkte zu erhalten. Peter Pan wurde von Saffire entwickelt und enthält auch digitalisierte Szenen aus dem Film.
Phalanx (USA)	Der futuristische Shooter Phalanx ist der Name des Prototyps eines Starfighters, der von Wink Baufield, einem genetisch verbesserten Piloten, geflogen wird. Er wird ausgesandt, um Delia IV zu schützen und zurückzuerobern, einen Planeten in der Andromeda-Galaxie, der von Menschen zu interstellaren Forschungszwecken kolonisiert wurde. Doch eine unbekannte und mächtige außerirdische Macht hat den Planeten überrannt, die militärischen Verteidigungsanlagen wurden vollständig überwältigt, und alle Hoffnung ruht auf der Phalanx. Du fliegst durch acht Levels, zuerst durch verschiedene Orte auf Delia IV, und dann greifst du die Aliens selbst an. Wie bei den meisten Shootern kannst du deine Waffen aufrüsten, indem du Bonusgegenstände einsammelst, die von feindlichen Schiffen abgeworfen werden.
Phantasy Star Collection (USA)	Diese Sammlung enthält die ursprüngliche Phantasy Star-Trilogie in einem einzigen Spiel. In Phantasy Star führen Sie eine Gruppe von Kriegern, die sich in den Künsten des Kampfes (sowohl offensiv als auch defensiv) und der Magie üben, durch ein Labyrinth des Bösen, bis hin zum Herzen, wo es residiert. Ihre Aufgabe ist es, das Böse zu vernichten, in diesem Fall gleich dreimal. 1. Phantasy Star - Reisen Sie zum Algo-Sonnensystem und nehmen Sie es mit König Lassic auf, der das Böse in die Galaxie gebracht hat. 2. Phantasy Star II - ein neues Übel übernimmt den Planeten Mota, und nur du kannst den Frieden wiederherstellen und die tödlichen Mächte besiegen, die sich in Wellen auf deinen Weg zum Sieg machen. 3. Phantasy Star III: Generations of Doom - obwohl das Böse besiegt ist, findet es immer noch einen Platz in der Galaxie. Führen Sie Ihre Gruppe durch 7 verschiedene Welten und 3 Generationen, und setzen Sie alles ein, um es ein für alle Mal zu beseitigen.
Pikapika Nurse Monogatari - Nurse Ikusei Game (Japan)	Ein Strategiespiel, in dem eine junge Krankenschwester die richtige Balance zwischen ihrem Privatleben und ihrer beruflichen Verantwortung finden muss, während sie im Krankenhaus Patienten behandelt.
Pinball Advance (Europe) (En,Fr,De,Es,It)	Pinball Advance bietet die Flippertische Tarantula, Jailbreak und Daredevil, alle vollständig in glänzendem 3D gerendert und jeweils mit ihren eigenen exklusiven Einzel- und Multiball-Spielmodi. Der Tarantula-Tisch ermöglicht es angehenden Flipper-Zauberern, sich in das Versteck der Spinne zu wagen und sich ihren Weg auf die Anzeigetafel zu erkämpfen, ohne den Schrecken des Tisches zu überwinden. In Jailbreak müssen die Spieler dem Richter ihre Unschuld beweisen oder an den Gefängniswärtern vorbei fliehen. Schließlich ermöglicht The Daredevil den Spielern, ihr Risiko mit dem Rad des Todes und der Schleife des Feuers einzugehen.
Pinball Challenge Deluxe (Europe)	Pinball Dreams und Pinball Fantasies, zwei der berühmtesten Flipper-Simulationen aller Zeiten kehren zurück auf dem Game Boy Advance! Mit über einer Million verkaufter Einheiten auf allen Plattformen war und ist Digital Illusions Flipper-Serie eines der erfolgreichsten und bekanntesten dieses Genres! Features: * Testen Sie Ihr Geschick auf unzähligen Rampen, Fallen und Schanzen. * Erleben Sie verschiedenste Herausforderungen in 8 unterschiedlichen Pinball-Welten wie Steel Wheel, Partyland, Nightmare uvm. * Zwei Spiele auf einem Modul!
Pinball of the Dead, The (USA)	Bist Du bereit für ein extremes Pinball-Game? Dann mach Dich auf The Pinball of the Dead für GameBoy Advance gefasst! 3 actiongeladenen Tische erwarten Dich und hinter jeder Ecke lauern Zombies, Monster und Fallen! Entdecke versteckte Zonen und stelle Dich den fordernden Boss-Kämpfen. Stelle Dich den Herausforderungen und knacke Deinen persönlichen Highscore! Hast Du eine Chance den Zombieangriff zu überleben? Nutze Dein ganzes Können!
Pinball Tycoon (USA)	Pinball Tycoon für den GameBoy Advance - bereit für 'ne Runde Flipper? Der neue GBA publisher AIA AG bietet vier einzigartige Tische für den Game Boy Advance. Bis zu vier Spieler können in Pinball Tycoon für den GameBoy Advance abwechselnd im Wettbewerb um hohe Punktzahlen - Pinball Tycoon für den GameBoy Advance speichert die Bestnoten in einer Hall of Fame.
Pink Panther - Pinkadelic Pursuit (USA)	Gerade als du dachtest, der Pink Panther könnte nicht in noch mehr Schwierigkeiten geraten... Während er an einem gemütlichen Sonntagnachmittag glücklich auf See angelt, wird der Pink Panther plötzlich auf einer fehlgeleiteten Rakete ins Weltall geschossen! Begleite den Pink Panther auf einem Abenteuer durch Zeit und Raum und finde deinen Weg zurück zur Erde! - Reise bis an die äußersten Grenzen der Galaxie, einschließlich des Weltraums, einer aufregenden und gefährlichen Unterwasserwelt und sogar ins Mittelalter! - Bowlingkugeln, rosa Sprühfarbe, ein Feuerlöscher und ein riesiger Magnet sind nur einige der verrückten Gadgets, die dir zur Verfügung stehen! - Verwende viele Verkleidungen, um dich vor deinen Feinden zu verstecken, während du gefährliche Aufgaben erledigst!
Pinobee - Wings of Adventure (USA, Europe)	Pinobee: Wings of Adventure schöpft die Möglichkeiten der 32-Bit-Farbgrafik des Game Boy Advance voll aus und besticht durch flüssige Animationen sowie detailreiche Umgebungen. Auch wenn das Spiel auf den ersten Blick wie ein klassischer Plattformer wirkt, unterscheidet sich das Gameplay deutlich: Pinobee kann zwar laufen oder klettern, doch seine bevorzugte Fortbewegungsart ist das Katapultieren durch die Luft. Im Spielverlauf verbessert sich seine Sprint- und Sprungfähigkeit, sodass er mehr Zeit gleitend und fliegend am Himmel verbringt als am Boden – was für ein frisches und einzigartiges Spielgefühl sorgt.
Pitfall - The Mayan Adventure (USA, Europe)	Pitfall: The Mayan Adventure ist ein Plattformspiel, in dem der Spieler in die Rolle des Forschers Pitfall Harry schlüpft, der sich durch den Dschungel bewegen und dabei allen möglichen Hindernissen wie Treibsand, Schlangen, Tapiren, Affen, Jaguaren usw. ausweichen muss. Er kann Löchern ausweichen, über Hindernisse springen, an Spinnennetzen abprallen, sich von Liane zu Liane schwingen und andere elastische Lianen greifen, mit denen er senkrecht nach oben klettern kann.
Planet Monsters (USA) (En,Fr,De,Es,It,Nl)	Mach sie alle fertig! Bei dieser verrückten Monsterjagd gibt es nur eine Regel: Du musst als Einziger überleben! Kämpfe dir den Weg mit Fallen, Blöcken, Granaten oder Gel-Gewehren frei und schicke deine Feinde mit einem Jauchzer zurück in die Wallachei. Mit bis zu 4 Spielern, 40 Levels, 8 Welten, tonnenweise Boni, Monstern, Erzbösewichten und coolen Power-Ups...du kommst nicht mehr davon los...Mach' sie alle fertig... Mach' sie alle fertig!
Planet of the Apes (USA) (En,Fr,De,Es,It,Nl)	Der Spieler schlüpft in die Rolle des Astronauten Ulysses, der nach 200 Jahren im Weltraum auf die Erde zurückkehrt und feststellt, dass Affen zur dominierenden Spezies geworden sind und die Menschheit fast ausgelöscht haben. Zusammen mit einer Gruppe von Überlebenden versucht er, das Zentrum des Affenimperiums zu erreichen und General Ursus aufzuhalten, der einen letzten Angriff auf die Menschheit plant. Der Spieler muss Fallen und Hindernisse durch geschicktes Springen und Klettern überwinden und sich gegen feindliche Affen verteidigen, die ihn aufhalten wollen. Dabei stehen ihm verschiedene Waffen zur Verfügung, beginnend mit einem Messer, das später durch eine Pistole und ein Gewehr ergänzt wird. Die Geschichte wird in 13 Levels durch Standbilder erzählt, die von den Filmen inspiriert sind, und ein Passwortsystem ermöglicht es, das Abenteuer jederzeit fortzusetzen.
Pocket Dogs (USA)	In Pocket Dogs interagieren Sie mit acht verschiedenen Hunden, um Ihre Mensch-Hund-Beziehung zu verbessern. Sie können sich mit Ihrem Hund unterhalten, wobei sich der Dialog je nach Tierart ändert. Sie können den Hund auch zum Spielen bringen, indem Sie Spielzeug mit ihm teilen. Als Spieler kannst du mit drei Minispielen, die im Titel enthalten sind, Spiele für dich selbst spielen. Durch das Spielen von Minispielen können die Spieler Juwelen gewinnen, die sie verwenden können, um Gegenstände für ihren Hund zu kaufen und seinen Lebensraum zu dekorieren. Zu den vorgestellten Rassen gehören der Mops, der Chihuahua und der Shih Tzu. Pocket Dogs wurde in Zusammenarbeit mit dem Hana Deka Club entwickelt, einer Marke für Spielzeuge und Geschenke, die die charakteristischen niedlichen Hunde zeigen, die mit Fischaugenobjektiven fotografiert wurden.
Pocket Music (Europe) (En,Fr,De,Es,It)	Mit Pocket Music, einem Spiel zum Musik machen, können Sie auch unterwegs musizieren. Erstellen Sie Ihre eigene Musik aus einer Auswahl von Samples, Drumbeats, Baselines, Melodien und anderen Musikinstrumenten. Spielen Sie die Musik ab, speichern Sie sie auf Ihrer Cartridge oder tauschen Sie sie mit Ihren Freunden aus.
Pokemon - Emerald Version (USA, Europe)	Die Smaragd-Edition von Pokemon entführt den Spieler aufs Neue in das sagenumwobene Land Hoenn, das auch der Schauplatz von Pokemon Rubin und Saphir war. Im Mittelpunkt dieses neuen Spiels steht das fliegende Drachen-Pokemon Rayquaza, das von den Spielern an der Spitze des Sky Pillar aufgespürt werden muss. Kaum aufgeweckt, stürzt er sich in den Zweikampf mit Kyogre und Groudon, den zwei wichtigsten Pokemon der Editionen Rubin und Saphir. Speziell für die Smaragd-Edition wurde das Land Hoenn um etliche spannende Features erweitert. Acht verschiedene &quot;Battling Areas&quot; laden zu actiongeladenen Kämpfen ein. Auf den beiden Inseln Navel Rock und Birth Island können Spieler die drei Pokemon Lugia, Ho-oh und Deoxys aufspüren. Außerdem erlaubt ein neues Kommunikationstool, auch über große Entfernungen mit anderen Trainern Kontakt zu halten, Erfahrungen austauschen und eventuelle Revanchekämpfe zu vereinbaren.
Pokemon - FireRed Version (USA, Europe)	In diesem Abenteuer reist du durch die Region Kanto, baust eine enge Bindung zu deinen Pokémon auf und fängst verschiedene Arten, um den Pokédex zu vervollständigen. Fordere andere Trainer heraus, stelle dich Team Rocket entgegen und kämpfe gegen die Arenaleiter, um alle acht Orden zu erlangen. Mit diesen in deinem Besitz kannst du die Top Vier herausfordern und schließlich in einem letzten, entscheidenden Kampf gegen den amtierenden Champ antreten. Dein Ziel: Werde der beste Trainer und schnapp sie dir alle!
Pokemon - LeafGreen Version (USA, Europe)	In der Region Kanto beginnt dein Abenteuer, in dem du eine enge Verbindung zu deinen Pokémon aufbaust und verschiedene Arten fängst, um den Pokédex zu vervollständigen. Stelle dich anderen Trainern in spannenden Kämpfen, bekämpfe Team Rocket und besiege die Arenaleiter, um alle acht Orden zu erlangen. Mit diesen kannst du die Top Vier herausfordern und schließlich in einem entscheidenden Duell gegen den amtierenden Champ antreten. Dein Ziel: Werde der beste Trainer und schnapp sie dir alle!
Pokemon - Ruby Version (USA, Europe)	Dein Abenteuer beginnt mit deinem Umzug nach Wurzelheim, das in der Hoenn-Region liegt. Durch dein/e Nachbar/in lernst du Professor Birk kennen, von dem du deinen Pokédex und dein erstes Pokémon bekommst. Ab hier beginnt dein Pokémonabenteuer. Reise durch die Region, fange alle Pokémon um deinen Pokédex zu vervollständigen und verhindere die Machenschaften von Team Magma, deren Mitglieder du immer wieder auf deiner Reise triffst. Sobald du alle 8 Orden gewonnen hast, kannst du dich den Top-Vier und anschließend dem Champ widmen. Besiegst du die Top-Vier und den Champ, nimmst du seinen Platz ein! Schnapp sie dir alle!
Pokemon - Sapphire Version (USA, Europe)	Dein Abenteuer beginnt mit deinem Umzug nach Wurzelheim, das in der Hoenn-Region liegt. Durch dein/e Nachbar/in lernst du Professor Birk kennen, von dem du deinen Pokédex und dein erstes Pokémon bekommst. Ab hier beginnt dein Pokémonabenteuer. Reise durch die Region, fange alle Pokémon um deinen Pokédex zu vervollständigen und verhindere die Machenschaften von Team Aqua, deren Mitglieder du immer wieder auf deiner Reise triffst. Sobald du alle 8 Orden gewonnen hast, kannst du dich den Top-Vier und anschließend dem Champ widmen. Besiegst du die Top-Vier und den Champ, nimmst du seinen Platz ein! Schnapp sie dir alle!
Pokemon Mystery Dungeon - Red Rescue Team (USA, Australia)	In &quot;Pokémon Mystery Dungeon: Team Rot&quot; erwacht der Spieler eines Morgens als Pokémon in einer Welt, die von unerklärlichen Naturkatastrophen verwüstet wurde. Zusammen mit einem Partner bildet der Spieler ein Rettungsteam, um herauszufinden, was hinter den mysteriösen Ereignissen steckt und das Rätsel zu lösen.
Pokemon Pinball - Ruby & Sapphire (USA)	PokÃ©mon Flipper: Rubin & Saphir hat alle Features die man von einem Flipper Spiel erwartet,mit bonus Tischen,vielen Bumpern und Wege Massiv Punkte zu erzielen. So wie bei jedem Flipper Videospiel steuert man die Flossen mit dem linken Knopf des Steuerkreuzes und dem A-Knopf und benutzt die R/L Trigger um den Tisch zu schütteln. Der Unterschied ist, dass alles an PokÃ©mon angelehnt ist. Statt eines normalen Balls verwendet man einen PokÃ©ball. Statt normalen Bumpern schießst man den Ball gegen PokÃ©mon und das ultimative Ziel ist es natürlich sie &quot;alle zu fagen&quot;. Das Spiel beinhaltet 200 PokÃ©mon, 2 Haupttische und Link Kabel Unterstützung.
Polarium Advance (USA)	Die Regeln bei Polarium sind einfach, jedoch, wie bei allen großartigen Rätselspielen, schwer zu meistern. Jede Stufe präsentiert ein Raster aus schwarzen und weißen Steinen. Um ein Puzzle abzuschließen, musst du eine Route bestimmen, indem du bestimmte Steine umdrehst und das Raster zu einer einzigen Farbe änderst ... und das alles in einem Zug! Polarium Advance beinhaltet 365 Puzzles, eins für jeden Tag des Jahres! Es gibt auch einen Spiel-auf-Zeit-Modus gegen die Uhr und einen Puzzle-Erstellungsmodus, sodass du für deine Freunde eigene Knobelaufgaben erstellen kannst.
Polly Pocket! - Super Splash Island (USA) (Vivendi)	Polly Pocket ist seit 15 Jahren der &quot;Klassiker&quot; unter den Puppen im Mini-Format und eröffnet kleinen Mädchen unterschiedlichste Welten voller Geheimnisse, Überraschungen und Modespaß pur! Polly und ihre Freunde toben sich nun auch auf dem GameBoy Advance in einem spaßigen und feuchtfröhlichen Adventure aus. Polly Pocket Fans kommen in Super Splash Island voll auf ihre Kosten und lassen ihre Lieblingscharaktere in vielen coolen Wassersport-Spielen antreten und riesige Wassertuschen bezwingen. FEATURES: * Sammle Preise und viele andere Gegenstände auf, um die Fähigkeiten von Polly und ihren Freunden zu verbessern. * In einer Vielzahl von Wassersportspielen kannst du deine Geschicklichkeit unter Beweis stellen. * Riesige Rutschbahnen fordern dein Reaktionsvermögen. * Zahlreiche Minispielchen sorgen für ein abwechslungsreiches und lang anhaltendes Vergnügen! * Mit Mehrspielermodus für spannende Abenteuer zu zweit.
Popeye - Rush for Spinach (USA, Europe) (En,Fr,De,Es,It)	Popeye: Rush for Spinach zeigt Popeye, wie er in einer Reihe von Rennen auf verschiedenen Fahrzeugen die Herausforderungen der fiesen Konkurrenz von anderen beliebten Charakteren wie Olive Oyl, Wimpy und Brutus annimmt. Das von Magic Pockets entwickelte Spiel bietet vier voll spielbare Charaktere, 12 Rennen in detailreichen und interaktiven Landschaften, 13 Fortbewegungsmittel für jeden Charakter und einen Vier-Spieler-Link-Modus mit Wettbewerbs- und Kooperationsmöglichkeiten.
Power Rangers - Dino Thunder (USA, Europe)	Power Rangers: Dino Thunder ist ein Actionspiel, das die Abenteuer der gleichnamigen Fernsehserie nachempfindet. Der Schurke Dr. Mesosog hat es sich zur Aufgabe gemacht, die gesamte Menschheit ins Zeitalter der Dinosaurier zurückzuversetzen. Nun ja, fast vollständig, denn eine tapfere Gruppe von Highschool-Schülern stellt sich dem verrückten Wissenschaftler mutig entgegen. Du durchquerstverschiedene Level und vermöbelst die Schergen des Wissenschaftlers mit Hilfe von mechanischen Dinosauriern.
Power Rangers - Ninja Storm (USA)	Böse Außerirdische unter der Führung von Lothor haben im Rahmen seines teuflischen Plans, die Erde zu erobern, alle Ninja-Akademien angegriffen. Es sind nur noch drei Schüler der Wind Ranger Ninja-Akademie und zwei Schüler der Thunder Ranger Ninja-Akademie übrig. Jetzt müssen sich diese Schüler rivalisierender Ninja-Akademien mit dem mysteriösen Grünen Samurai Ranger zusammenschließen, um die Welt zu retten.
Power Rangers - Time Force (USA, Europe)	A equipe fantasiada de heróis adolescentes percorre espaço e tempo para impedir ocorrências do mal ao longo da história neste lançamento da Game Boy Advance da THQ. Os Power Rangers vão e voltam no tempo para parar o mal e manter o futuro seguro em mais de 15 níveis de jogo. Cada personagem tem habilidades de combate únicas e o jogo também possui um modo de batalha Megazord. A história é avançada através de cenas cortadas em estilo de quadrinhos e um recurso de senha permite que os jogadores salvem seu progresso entre as sessões.
Power Rangers - Wild Force (USA, Europe)	In Power Rangers Wild Force für Game Boy Advance werden junge Spieler als ihr bevorzugter Power Ranger gespielt, diesmal mit der Stärke und den Eigenschaften der Power Animals, darunter Bison, Tiger, Shark, Eagle und Lion. Das 3D-Erkundungsabenteuer von oben nach unten ermöglicht es Spielern, sich den Org zu stellen, einer uralten Rasse von Schurken, die das Gleichgewicht der Natur zerstören wollen.
Powerpuff Girls, The - Him and Seek (USA)	In Townsville ist nichts, wie es scheint! Die Powerpuff Girls wurden von Mrs. Keane auf eine völlig harmlose Schnitzeljagd geschickt, bis der böse Him mit seiner eigenen Version des Spiels eingreift, um die Sache aufzupeppen! Übernimm die Kontrolle über Blossom Bubbles und Buttercup, besiege die Bösewichte, löse das Geheimnis und erteile ihm ein für alle Mal eine Lektion.
Powerpuff Girls, The - Mojo Jojo A-Go-Go (USA) (En,Fr,De,Es,It,Nl)	Blossom, Buttercup und Bubbles fliegen auf dem GameBoy Advance. Anscheinend hat Mojo Jojo die Juwelen der Stadt gestohlen um damit eine Armee von kybernetischen Robotern, genannt &quot;Mobots&quot;, mit Energie zu versorgen. Während die Mobots eine Herrschaft des Terrors auf Townsville loslassen, liegt es jetzt an den Powerpuff Girls, Mojo Jojo und seine Kreaturen zu besiegen, und den bösen kleinen Affen daran zu hindern, Townsville zu übernehmen.
Prehistorik Man (USA, Europe) (En,Fr,De,Es,It,Nl)	Das Leben ist hart für Sam, den Urzeitmenschen. Bei dreieinhalb Stunden Arbeit in der Woche ist es schwierig, noch Zeit für Höhlenmalereien, Essen und Schlafen zu finden. Als dann noch gierige Dinosaurier die ganzen Vorräte für den Winter wegfressen, ist Sam wirklich sauer! Bewaffnet mit seiner besten Keule und seiner kraftvollen Jägerstimme benötigt Sam nur noch eins: deine Hilfe. Sammle Nahrung und zieh den Dinos in einem von 22 coolen Leveln das Fell über die Ohren! Doch für die atemberaubende Action, Hunderten von geheimen Orten, genialen Waffen und unglaublichen Fahrzeuge musst du gewitzt sein. Naja, gewitzter als Sam auf jeden Fall...
Premier Action Soccer (Europe) (En,Fr,De,Es,It)	Premier Action Soccer ist ein preisgünstiger Titel, der auf der FIFA Fussball-Weltmeisterschaft 2006 in Deutschland basiert und am Eröffnungstag veröffentlicht wurde. Einschließlich aller 32 an dem Turnier teilnehmenden Teams, die in vier Bereichen (Verteidigung, Mittelfeld, Angriff und insgesamt) mit fiktiven Spielernamen bewertet wurden (obwohl die Fans schnell erkennen werden, wer T. Brinks und M. Pallack aus Deutschland, Manillas aus Spanien und Romualdo aus Brasilien sind ) können Spieler an Freundschaftsspielen teilnehmen, an der Weltmeisterschaft teilnehmen (die realen Gruppen von 2006 sind enthalten, aber es ist möglich, sie nach dem Zufallsprinzip zu sortieren) oder für Elfmeterschießen trainieren. Das Gameplay ist einfach und unkompliziert.
Premier Manager 2003-04 (Europe) (En,Fr,De,It)	In „Premier Manager 2003-04“ übernimmst du die Verantwortung für den sportlichen und finanziellen Erfolg eines Fußballteams. Das Spiel umfasst die vier englischen Ligen mit ihren nationalen Pokalwettbewerben, die vier schottischen Ligen sowie die höchsten beiden Ligen und Pokale aus Frankreich, Deutschland, Italien und Spanien. Die Spiele werden mit einer 2D-Engine dargestellt, während du deine Strategien umsetzt und dein Team zum Erfolg führst.
Premier Manager 2004-2005 (Europe) (En,Fr,De,It)	Im brandaktuellen Premier Manager 2004/2005 für GameBoy Advance nimmt der Spieler die Entscheidungen für seinen Lieblingsfußballverein in die Hand. Egal, ob es um Transfers in Millionenhöhe, Verhandlungen von TV-Rechten, Wutausbrüche oder utopische Gehaltsforderungen von Spielern geht, eines ist gewiss: Die Zukunft des Vereins liegt in den Händen des Managers! Du bist in Premier Manager 2004/2005 für GameBoy Advance im Bilde, was die Profile, News und medizinischen Gutachten der Spieler betrifft. Konsultiere noch einmal Trainer und Teamchef, bevor Du in der großen Pressekonferenz von den Journalisten mit unangenehmen Fragen zu den Eskapaden Deines Star-Mittelfeldspielers gelöchert werden. Das ist der harte Alltag des Managers, aber der Erfolg des Teams wird in Premier Manager 2004/2005 für GameBoy Advance an Deinen Leistungen gemessen.
Premier Manager 2005-2006 (Europe) (En,Fr,De,It)	In dieser tragbaren Version des Premier Managers hat der Spieler die Möglichkeit, eine Mannschaft der ersten beiden Spielklassen in England, Italien, Spanien, Deutschland oder Frankreich zu steuern, aber auch viele Spieler aus nicht spielbaren Ligen sind verfügbar. Der Manager ist für die Einstellung und den Verkauf von Spielern und Personal, die Verbesserung von Vereinseigentum wie dem Stadion, dem Vereinsladen und den medizinischen Einrichtungen und natürlich für die Suche nach der perfekten Taktik (sieben zur Verfügung stehende) für die verfügbaren Spieler verantwortlich. Der Spieler hat die Möglichkeit, von einem Tag auf den nächsten zu springen oder direkt zum nächsten Ereignis überzugehen, z. B. zu Spielertransferangeboten (oder neuen Fortschritten bei einem solchen), Verletzungen oder anderen vereinsbezogenen Neuigkeiten.
Princess Natasha - Student, Secret Agent, Princess (USA)	Prinzessin Natasha: Schülerin, Geheimagentin. Prinzessin Natasha ist eine zoravische Prinzessin und die einzige Tochter von König Carl und Königin Lena. Außerdem ist sie Geheimagentin! Sie wurde nach Illinois geschickt, um ihren bösen Onkel Lubek daran zu hindern, den zoravischen Thron zu stehlen. Sie gibt vor, eine ganz normale Austauschschülerin zu sein, und darf keinem ihrer Freunde verraten, dass sie eigentlich eine Prinzessin ist. Das würde die ganze Sache mit der Geheimagentin auffliegen lassen – als ob ihr das überhaupt jemand glauben würde!
PukuPuku Tennen Kairanban - Youkoso! Illusion Land he (Japan)	Im dritten Teil der „Pukupuku Tennen Kairanban“-Reihe wird der tierische Hauptcharakter aus diesem Shojo-Manga in eine magische Welt transportiert. Dort knüpft er Freundschaften mit Kreaturen, die über besondere Kräfte verfügen. Ein fantasievolles Abenteuer voller Magie und neuen Begegnungen erwartet dich.
Puyo Pop (USA) (En,Ja)	Puyo Pop ist ein rasantes Puzzle-Spiel, in dem du Arle und Carbuncle dabei hilfst, sicher nach Hause zu gelangen. Auf ihrem Weg triffst du auf schräge Charaktere, die du in herausfordernden Puyo-Duellen besiegen musst. Dein Ziel ist es, Puyos zu löschen, Kettenkombos zu erstellen und das Spielfeld deines Gegners zu füllen, bevor deins überläuft. Schnelligkeit und Strategie sind der Schlüssel zum Erfolg in diesem temporeichen Abenteuer!
Puyo Pop Fever (Europe) (En,Fr,De,Es,It)	Puyo Pop Fever für den GBA ist ein Puzzlespiel, in dem es darum geht, Puyos der gleichen Farbe in eine Reihe zu bringen, damit sie verschwinden. Wenn du es schaffst, mehrere Reihen hintereinander zu bilden, kannst du deinen Gegner blockieren, der gerade dabei ist, das gleiche Puzzle zu lösen wie du. Neben dem klassischen Modus entdecken Sie auch Varianten des Spiels, die das Gameplay aus anderen Blickwinkeln betrachten.
Quad Desert Fury (USA, Europe)	Rase verrückte und coole ATVs durch extreme Wüstenkurse gegen die besten Rennfahrer der Welt! Rase den Sand entlang, rase mit hoher Geschwindigkeit gegen andere Konkurrenten und lasse sie alle im Staub, um die begehrten Trophäen und den Ruhm zu erringen! Werden Sie zur Legende in der internationalen Community der Quad-Bike-Rennen, indem Sie an den Wüstenrennen teilnehmen und alle bis zur Ziellinie schlagen!
R-Type III - The Third Lightning (USA)	Eine Legende kehrt zurück... Die legendäre Serie mit der alles begann kommt auf den Gameboy Advance: R-Type III: The Third Lightning ist kurz gesagt das definitive Shoot'em up. Diese originalgetreue Umsetzung des gefeierten Super Nintendo Originals aus dem Jahre 1994 beinhaltet all die aufreibende Action und das motivierende Spielprinzip welches man als ambitionierter Spieler von einem Arcade-Titel dieser Ära erwartet. Farbenfrohe dynamische Grafiken, detaillierte Hintergründe, eine große Auswahl an abgefahrenen Power-Ups, bildschirmfüllende Endgegner und zig Angriffswellen des bösen Bydo Empires fesseln den Spieler an den Gameboy Advance. Der &quot;Must-Have&quot;-Titel für jeden ambitionierten Spieler und ein idealer Einstiegstitel für alle Neuling in die Welt der Shoot'em Ups.
Racing Gears Advance (USA)	Dieses Handheld-Rennspiel bietet eine Reihe lizenzierter Autos, mehrere Rennstrecken und Rundkurse sowie eine Reihe herausfordernder Gegner. Zu diesen Standardelementen kommt noch eines hinzu: Waffen. Jetzt können Sie wählen, ob Sie mit Nitro am Gegner vor Ihnen vorbeifahren oder ihn mit einer Rakete verlangsamen möchten. Mit jedem Fahrzeug- und Fahrerpaar können Sie im Übungsmodus Rennen fahren, um sich mit den Strecken vertraut zu machen, oder einen Meisterschaftsmodus wählen, um eine Reihe von Strecken zu absolvieren. Nach jedem Rennen müssen Sie einen Teil des verdienten Geldes (entweder durch die Platzierung oder das Aufsammeln von Geldsymbolen während des Rennens) ausgeben, um Ihr Auto zu reparieren und – wenn möglich – aufzurüsten. Die Upgrades können Ihr Auto als Rennmaschine (z. B. größerer Motor oder bessere Bremsen) oder als Kriegsmaschine (z. B. durch Hinzufügen weiterer Waffenschächte oder Kauf eines neuen Waffentyps) verbessern. Das Streckendesign nutzt die isometrische Ansicht und stellt das Auto fast nie hinter ein Hindernis. Allerdings gibt es unter den kurvigen Straßen auch ein paar Abkürzungen, die es erfordern, über die Grenzen der Straße hinaus zu denken und gelegentlich einen Sprung ins Ungewisse zu wagen.
Rampage - Puzzle Attack (USA, Europe)	Rampage Puzzle Attack ist ein rasantes Puzzlespiel mit mehr als fünf Spielmodi, Passwortspeicherung und Linkkabel-Unterstützung für zwei Spieler auf einer einzigen Kassette. Die Spieler bewegen einen Cursor auf einer gleitenden horizontalen Reihe von Blöcken und drehen die Position von zwei farbigen Blöcken um, um gleichfarbige Verbindungen herzustellen. Wenn Sie gut sind, können Sie Ketten bilden, während sich der Stapel im Mülleimer absetzt. Im Abräum-Modus versuchen Sie, mehr als 50 Ebenen mit farbigen Blöcken abzuräumen. Im Rettungsmodus haben die Spieler die Möglichkeit, andere Monster aus ihren Käfigen zu retten, bevor sie zerquetscht werden. Wenn man diesen Modus abschließt, werden alle Monster für die anderen Modi freigeschaltet. Im Puzzle-Modus müssen Sie alle Farbblöcke auf dem Spielfeld mit einer begrenzten Anzahl von Tropfen abräumen.
Rapala Pro Fishing (USA, Europe)	Rapala Pro Fishing führt dich durch 12 Orte wie Mille Lacs in Minnesota, Sam Rayburn in Texas, den Lake Okeechobee und den Amazonas. Du wirst nach 13 Arten von Spielfischen angeln, wie Groß- und Kleinmaulbarsch, Wels, Hecht, Zander und Königslachs. Wähle aus über 750 Ködern der Marke Rapala. Ein Angelguide wird dir helfen, wenn du nicht sicher bist, welcher Köder, welcher Ort oder welche Strategie am besten ist.
Ratatouille (USA)	Die Spieler erleben die aufregendsten Momente des Films noch einmal, während sie in die Rolle von Remy schlüpfen, einer jungen Ratte, die davon träumt, ein großer französischer Koch zu werden, trotz der offensichtlichen Probleme, eine Ratte zu sein. Von den unterirdischen Abwasserkanälen bis zu den geschäftigen Straßen von Paris sausen, gleiten und rutschen die Spieler durch 6 actiongeladene Welten voller gefährlicher Feinde, Raubüberfälle und gefährlicher Missionen. Spieler können in Multiplayer-Minispielen gegen ihre Freunde antreten oder sich ihren Weg durch ein sensationelles Rattenrennen bahnen, das die kulinarische Welt von Paris auf den Kopf stellt.
Rave Master - Special Attack Force! (USA)	Es ist Zeit für die &quot;Rave-olution&quot;! Kämpfe als Haru Glory, Elie, Musica und viele andere Charaktere aus der spannenden neuen Zeichentrickserie. Führe mächtige Waffen und nutze die Fähigkeiten des Spannungsmessers, um explosive Angriffskombinationen und unglaubliche Special Moves zu entfesseln und deine Feinde zu besiegen. * Intensiver Vier-Spieler-Kampfmodus über das Game Link-Kabel. * Meistere einzigartige Angriffe und Combos, um deine Feinde zu besiegen. * Nutze den Spannungsmesser, um Kampfschreie und Spezialbewegungen zu entfesseln und zu gewinnen. * Mehrere einzigartige Angriffskombinationen und Waffen für jeden Charakter.
Rayman - Hoodlum's Revenge (USA) (En,Fr,Es)	Raymans neuestes Abenteuer verfügt über eine brandneue 3D-Iso-Perspektive. Der gliederlose gallische Held knöpft sich darin den fiesen Andre, den Boss der Dunklen Lums vor! Du kannst in die Rolle von Rayman oder seines Gefährten Globox schlüpfen. Dabei solltest du wissen, dass Globox zur Zeit unter einer gespaltenen Persönlichkeit leidet. Zuweilen kann es passieren, dass Raymans gutmütiger Kumpel ausflippt und zum Berserker wird! Noch schlimmer ist allerdings, dass die Hoodlums Globox' unvorhersehbares Verhalten missbrauchen, um ihre scheußlichen Pläne in die Tat umzusetzen. Mit einem Freund zusammen kannst du im Koop-Modus als Ray und Glo gegen die hinterhältigen Hoodlums kämpfen. Zudem bietet dieses Rayman-Spektakel brandneue Gadgets und Power-Ups wie Rotorblätter, sowie 16 Level, die Bereiche wie dunkle Kerker umfassen. Ein starkes Gameplay ist also garantiert! Aber pass auf die Bossgegner auf...
Rayman - Raving Rabbids (USA) (En,Fr,Es)	Rayman: Raving Rabbids markiert die Rückkehr des kultigen Videospielhelden Rayman. Als seine Welt von einer verheerenden Invasion verrückter, außer Kontrolle geratener Hasen bedroht wird, muss Rayman sich gegen seine pelzigen Feinde erheben! Mit erstaunlichen neuen Fähigkeiten und der Hilfe magischer Kreaturen muss Rayman alle Hebel in Bewegung setzen, um seine Welt vor den wahnsinnigen Häschen und ihren Hasenstreichen zu retten.
Rayman 3 (USA) (En,Fr,Es)	Eines Tages verwandelte sich ein rotes Lum namens André in ein dunkles Lum, einen pelzigen und tollwütigen kleinen Ball. Seine Absicht war es, die Welt zu erobern, und nachdem er andere Rote Lums in Dunkle Lums verwandelt hatte, schlossen sie sich zu einem Wesen zusammen, das aus der Vereinigung von Dunklen Lums und Tierhaaren resultierte, und bildeten so die Hoodlums, die die Welt mit Terror und Chaos erfüllten. Im Laufe der Zeit übernahmen die Hoodlums den Wald und nach und nach den Rest der Welt. Nachdem Rayman und Murphy den Eingang zum Fairy Council erreicht haben, entdecken sie Globox, der in einem Fass versteckt ist. Nachdem Rayman seinen Freund von dort weggebracht hat und seine Hände zurückgibt (die er versehentlich im Intro des Spiels entfernt hat), treffen sich André und einige seiner Soldaten mit ihnen und beginnen, sie zu jagen, was ihm viel gibt. Angst vor Globox und er flieht. Rayman und Murphy erfahren von Andrés bösen Plänen: das Herz der Welt zu korrumpieren, damit er dieselbe Energie in einer Armee von Hoodlums erzeugen kann.
Rayman Advance (USA) (En,Fr,De,Es,It)	Rayman Advance ist ein GBA Spiel. Es ist ein Port von Rayman mit kleinen Änderungen. Der böse Mr. Dark hat den großen Protoon gestohlen, die Electoons entführt und Betilla die Fee entführt. Rayman muss 5 Welten bereisen, damit er im Finale Mr. Dark treffen und besiegen kann.
Razor Freestyle Scooter (USA)	„Razor Freestyle Scooter“ bringt den Nervenkitzel des beliebten Scootersports auf den Game Boy Advance. Mit einer Auswahl aus zehn einzigartigen Charakteren und 45 spektakulären Tricks wie No-Footers, Tailwhips und Supermen, gilt es, Freunde aus den Fängen des bösen Roboters Norton zu retten. Die actiongeladenen Levels sind mit Hindernissen und versteckten Boni gespickt, während die intuitiven Steuerungen schnelle Erfolgserlebnisse bieten. Zeige deine Skills, indem du Geländer grindest, Fässer überspringst und schwierige Tricks ausführst, allein oder im Duell mit einem Freund.
Ready 2 Rumble Boxing - Round 2 (USA)	Nun ist der Nachfolger da: &quot;Ready 2 Rumble Boxing Round 2&quot; bietet noch mehr Kämpfer (19 an der Zahl), angefangen beim funky Afro Thunder bis zu Boris Knockimov mit dem treffenden Namen. Diesmal ist sogar Afro Thunders Bruder JC Thunder mit von der Partie ganz zu schweigen von Michael Jackson unter den versteckten Figuren... Dank verbesserter Grafik und Animation wirken Figuren und Hintergründe lebensecht und ihre Moves noch realistischer. Im Meisterschafts-Modus trainiert der Boxer in der Halle, ehe er gegen bares Geld bei Preiskämpfen antritt. Ein Kampf-Kalender macht es möglich, das Training genau auf den nächsten Kampf abzustimmen. Im Zwei-Spieler-Modus macht &quot;Ready 2 Rumble Boxing Round 2&quot; süchtig auf einen Schlag. Das ist Boxen mit dem gewissen Etwas!
Rebelstar - Tactical Command (USA)	In dem rundenbasierten Strategiespiel Rebelstar kannst du als Anführer einer Revolte spielen: Tactical Command. Das Arelianische Imperium hat vor 70 Jahren die Kontrolle über die Erde übernommen und ist seitdem ein unterdrückerisches Regime, das die Welt mit Angst und marodierenden Schocktruppen kontrolliert. Du kannst zurückschlagen, indem du ein Team von Rebellen ausrüstest und sie im Kampf kontrollierst. Rebelstar: Tactical Command enthält eine Kampagne, ein Scharmützel, einen Multiplayer-Hotseat und einen Multiplayer-Link-Modus.
Reign of Fire (USA) (En,Fr,De,Es,It)	Reign of Fire wird die Spieler in erbitterte Kämpfe zwischen zwei antiken Spezies werfen, die ums Überleben kämpfen: Menschen und Drachen. Ein actiongeladenes Third-Person-Arcade-Abenteuer, das in der nahen Zukunft spielt. Die Spieler werden sich entscheiden können, auf welcher Seite sie stehen wollen - entweder auf der Seite der Menschen, die verzweifelt gegen ihre scheinbar übermächtigen Feinde kämpfen, oder auf der Seite der Drachen selbst - einer beeindruckenden Armee feuerspeiender Bestien, die darauf aus sind, alles in ihrem Weg zu verbrennen. Die Drachen sind bis heute geheimnisvoll geblieben, obwohl sie die Stars von Reign of Fire sind. Die Spieler werden im Verlauf des Spiels auf verschiedene Arten dieser tödlichen Kreaturen stoßen, entweder auf der empfangenden Seite ihrer furchterregenden zerstörerischen Kräfte oder noch besser, auf dem Fahrersitz selbst.
Rescue Heroes - Billy Blazes! (USA)	Rescue Heroes feiert sein Debüt auf dem Game Boy Advance – mit Billy Blazes an der Spitze. Die Spieler übernehmen Löscheinsätze und bekämpfen Brände mithilfe verschiedener Ausrüstungsgegenstände und Fahrzeuge. Billy rennt, springt, schwingt sich voran und weicht Gefahren aus, während er Wanderer, eingeklemmte Autofahrer und Menschen aus brennenden Gebäuden rettet. Hindernisse und Gefahren erschweren das Vorankommen, doch mit Entschlossenheit lassen sich alle Herausforderungen meistern und ganz Sky High Village retten.
Resident Evil 2 (Unknown) (Proto)	Der Anfang allen Übels war ein Unfall im Versuchslabor eines Herrenhauses. Dieser Unfall hatte zur Folge, daß der T-Virus, ein bilogischer Kampfstoff der Umbrella Corporation, freigesetzt wurde. Alles Leben in seiner ursprünglichen Form wurde vernichtet und in schleckliche Mutationen verwandelt. Dies liegt etwa zwei Monate zurück und der Fall schien abgeschlossen, doch die schrecklichen Experimente der Umbrella Corporation waren alles andere als vorbei. Der T-Virus war nur ein Vorbote. Ganz Raccoon City wurde durch den noch todbringenderen G-Virus infiziert. Die Stadt wird von Zombies und anderen höllischen Kreaturen bevölkert. Zu diesem Zeitpunkt treffen Leon. S. Kennedy und Claire Redfield nichts ahnend in der Stadt ein und stürtzen Hals über Kopf in das Abenteuer Ihres Lebens.
Revenge of Shinobi, The (USA)	En el mítico mundo del antiguo Japón, los jugadores asumen el papel del guerrero ninja Shinobi. Para liberar al mundo de la maldición de Goaku, Shinobi debe recuperar 5 espadas elementales y derrotar a los Shoguns que las empuñan. Se necesitará sigilo, fuerza y el dominio de las artes místicas para que Shinobi se abra paso a través de las 5 tierras.
Rhythm Tengoku (Japan)	Rhythm Tengoku ist ein Musikspiel, bei dem es um gutes Timing und Rhythmus geht. Die Musik des Spiels stammt von der Plattenfirma J.P. ROOM und wurde von dem Team entwickelt, das für Wario Ware verantwortlich ist. Das merkt man auch an der eigenwilligen Präsentation des Spiels. Wie bei Wario Ware ist das Spiel eigentlich eine Reihe von kürzeren Spielen, die in einem Paket zusammengefasst sind. Vor jedem Spiel gibt es ein kurzes Tutorial, in dem man sich vorbereiten und üben kann, bevor man das eigentliche Spiel beginnt. Die Steuerung ist normalerweise sehr einfach - in der Regel wird nur der A-Knopf benötigt, aber bei einigen Spielen müssen die Spieler mehrere Knöpfe für verschiedene Aktionen drücken. Die Spieler schlagen im Takt mit einem Karate-Experten, während Töpfe und Steine geworfen werden; zupfen Haare von einer Zwiebel; marschieren im Takt eines Lehrers; schlagen einen Baseball, während der Bildschirm ein- und ausgezoomt wird; schießen Geister mit Pfeilen ab; hacken Dämonen als Samurai und vieles mehr. Am Ende jeder Reihe von Stages gibt es eine &quot;Remix-Stage&quot; - in dieser Stage werden Teile der zuvor gespielten Stages kombiniert und nach dem Zufallsprinzip auf den Spieler geworfen, während ein einziger Song gespielt wird.
River City Ransom EX (USA)	Der böse Slick hat Ryans Freundin gekidnappt und die Highschool in seine Gewalt gebracht. Der Spieler schlüpft entweder in die Rolle von Ryan oder Alex und muss sich durch die gnadenlosen Gangs von River City kämpfen, bevor er sich Slick stellen und sein Mädchen befreien kann.
Riviera - The Promised Land (USA)	In Riviera: The Promised Land folgst du zwei tapferen Kriegern, die mit göttlichen Waffen bewaffnet sind, auf einer Mission, um die Dämonen ein für alle Mal zu besiegen. Das Abenteuer bietet mehr als 30 Stunden Rollenspiel-Gameplay, einschließlich Minispielen, mehreren Enden sowie geheimen Wegen und Gegenständen. Das einzigartige Gegenstandssystem des Spiels lässt die Items je nach den Charakteren, die sie ausrüsten, unterschiedlich funktionieren.
Road Rash - Jailbreak (USA)	Dies ist die Game Boy Advance-Version der langjährigen Motorrad-Action-Serie. Die Spieler kämpfen auf der Great Bikers Convention um die Trophäe und verbrennen Gummi auf der Strecke, um das Wild Race zu gewinnen, bei dem Fahrstil und Waffen Teil der Show sind. Das Ziel ist es, den Gewinner des letztjährigen Wettbewerbs zu besiegen und dabei seine Gang-Kumpels zu vermöbeln. Aber pass auf dich auf: Die County Police wird dich keine Sekunde lang zu Ruhe kommen lassen. Die Game Boy Advance-Version wurde von Magic Pockets für Destination Software entwickelt.
Robopon 2 - Cross Version (USA)	Nachdem er im Originalspiel zur Legende 1 der Insel Porombo geworden ist, macht sich Cody auf den Weg in ein neues Land und zu einem neuen Turnier. Die Dinge nehmen eine Wendung zum Schlechteren, als ein heftiger Sturm Codys Boot zerstört und ihn aufs Meer treibt. Er erwacht in einer Hütte im Land Majiko, aber nicht alles ist in Ordnung. Er entdeckt, dass die umliegenden Länder vom Maskman und seinen Kumpanen terrorisiert werden. Um die Dinge wieder in Ordnung zu bringen, muss Cody 20 Jahre in die Vergangenheit und wieder zurück reisen.
Robot Wars - Advanced Destruction (USA)	„Robot Wars“ für den Game Boy Advance bietet actionreiche Kämpfe, inspiriert von der beliebten TV-Serie. Spieler können ihre eigenen Roboter entwerfen und bauen, indem sie aus einer umfangreichen Datenbank von Körperteilen, Rüstungen, Motoren, Rädern und Waffen wählen. Nach der Konstruktion treten die Roboter in spannenden Arenakämpfen gegeneinander an. Für schnelle Matches steht eine „Schnellstart“-Option zur Verfügung, bei der vorgefertigte Roboter gewählt werden können, um direkt in die actiongeladenen 3D-Kämpfe einzusteigen.
Robotech - The Macross Saga (USA, Europe) (En,Fr,De,Es,It,Nl)	Ein klassischer 2D-Shooter, der Side-Scrolling und Gameplay mit erzwungener Perspektive kunstvoll kombiniert. Spielen Sie als mächtiger Kämpfer aus der erfolgreichen Robotech-Serie und kämpfen Sie darum, den Planeten Erde vor der völligen Zerstörung zu retten. Autokanonenfeuer erhellt den Himmel in diesem epischen intergalaktischen Krieg mit den Zentradi-Legionen. Die beste Verteidigung, die die Erde hat, ist die Veritech Valkyrie, ein sich schnell verändernder Jäger, der sich mit der Anmut eines Tänzers durch die Luft bewegt und die Durchschlagskraft einer Panzerdivision einsteckt!
Robots (USA)	Robots für den Gameboy Advance ist ein Jump'n'Run-Spiel, das vom gleichnamigen Film inspiriert wurde. Rodney Wonderbottom ist ein Android-Erfinder, der nur einen Wunsch hat: Er möchte in die Stadt reisen, um Bigweld, das Idol all seiner Artgenossen, zu treffen. Leider ist der geniale Erfinder nicht anwesend und wurde durch den bösartigen Ratchet ersetzt, der alle Androiden vernichten will. In den Levels, in denen du Gegner umhauen und Plattform-Passagen absolvieren musst, musst du den Schlüssel zu diesem Verschwinden finden.
Rock 'N Roll Racing (USA)	Rock & Roll Racing ist ein Rennspiel von Silicon & Synapse aus dem Jahr 1993, welches auf dem Super Nintendo Entertainment System und dem Sega Mega Drive erschien. Im Jahre 2003 folgte eine Portierung für den Game Boy Advance. Es gehört zum Genre der Fun-Racer und besitzt ein futuristisch ausgelegtes Streckenszenario.
Rockman EXE 4.5 - Real Operation (Japan)	Rockman EXE 4.5 Real Operation ist eine Fortsetzung der vorherigen Spiele Mega Man Battle Network 4 Red Sun und Blue Moon. In diesem Spiel kontrolliert der Spieler Lan nicht - stattdessen spielen Sie als Sie selbst. Beim ersten Spiel werden Sie aufgefordert, Details wie Datum, Uhrzeit, Alter und Beruf einzugeben. Sie können dann Ihr Net Navi auswählen (zunächst stehen Mega Man, Roll, GutsMan und NumberMan zur Auswahl).
Rockman EXE 5 - Team of Blues (Japan)	Dr. Regal und sein Verbrechersyndikat Nebula sind wieder im Netzwerk. Lan muss daher seinen Navi Mega Man reaktivieren, um die virtuelle Welt von ihren Viren zu befreien. Das Rollenspiel Mega Man Battle Network 5 auf GBA gibt es in zwei Versionen (Team ProtoMan und Team Colonel), die sich in den Kräften, die der Held aufnehmen kann, geringfügig voneinander unterscheiden.
Rocky (USA) (En,Fr,De,Es,It)	Steige als Rocky Balboa in den Ring und trete gegen 29 harte Gegner an, darunter &quot;Apollo Creed&quot;, &quot;Clubber Lang&quot;, &quot;Ivan Drago&quot; und &quot;Tommy Gunn&quot;. Mickey und Co. trainieren dich von den Straßen Philadelphias bis hin zum Weltmeisterschaftskampf im Schwergewicht. Meister Rockys kraftvolle Schlagkombinationen und schnellen Schlägen. Übe deine Fähigkeiten im Sparring-Modus und stelle sie dann im Knockout-Turnier gegen 15 andere Spieler unter Beweis. Basierend auf der Filmtrilogie testet Rocky deine Hingabe, dein Können und dein Herz in verschiedenen Spielmodi.
Sabre Wulf (USA)	Das Amulett, mit dem Sabrewulf gefangen gehalten wurde, wurde vom bösen Dr. Dolittle-Goode zerschmettert. Nun liegt es an Sabreman, das Land auf der Suche nach diesen Schurken zu durchqueren. und die acht Teile des Amuletts zurückzuholen. Das Spiel ist in zwei Spielmodi unterteilt: den 3D-Erkundungsmodus und die 2D-Plattform-Abschnitte. Im 3D-Erkundungsmodus bewegt sich Sabreman durch die acht verschiedenen Themenwelten von Sabre Wulf. Obwohl es in diesem Modus keine Feinde gibt, gibt es viele Leute, mit denen Sie sprechen können und die Ihnen bei Ihrer Suche helfen könnten. Außerdem sind über fünfzig 2D-Plattform-Levels verstreut, die Sie durch die Kopftunnel des Wolfes erreichen können.
Salt Lake 2002 (USA) (En,Fr,De,Es,It,Nl)	Salt Lake 2002 ist ein Sportspiel für Gameboy Advance, das Sie in die Olympischen Winterspiele in Salt Lake City eintauchen lässt. Der Titel bietet 4 Spielmodi: Olympisch, Frei, Turnier und Klassisch. Er bietet eine exakte Reproduktion der Orte und offiziellen Veranstaltungen. Was die Veranstaltungen angeht, finden wir Abfahrtslauf, Freestyle-Skifahren, Slalom, Bobfahren, Skispringen und Snowboard-Slalom. Salt Lake 2002 bietet einen 4-Spieler-Modus.
Samsara Naga 1x2 (Japan)	Die Sammlung enthält zwei RPGs von Samsara Naga für das Famicom. Die Geschichte handelt von einem Jungen oder Mädchen, das ein wertvolles Straußenei aus dem Dorf Orissa stiehlt und über seine Taten nachdenkt, während er oder sie danach strebt, ein Dragoon zu werden, um die verlorene Ehre wiederherzustellen. Der Protagonist begibt sich auf ein Abenteuer, rettet Leben, vollbringt gute Taten und zieht einen neu geschlüpften Drachen auf. Es gibt Bosse, und viele NPC-Straßenhändler versuchen, dich mit fehlerhaften Gegenständen zu betrügen oder dich auszurauben. Der Hauptprotagonist kann nicht aufleveln und hat feste Basiswerte von 40 STR und 40 DEF, während der Drache, den du großziehst, sich weiterentwickelt. Zu den einzigartigen Spielmechaniken gehören die Möglichkeit, tote Körper an den Drachen zu verfüttern, um dessen Level zu erhöhen, verzauberte Rüstungen, Ereignisse auf der Weltkarte, versteckte Sehenswürdigkeiten, einige Nebenquests und Minispiele.
Samurai Deeper Kyo (USA)	Löse in diesem rasanten Action-Abenteuer das Geheimnis um das plötzliche Wiederauftauchen des legendären Schwertkämpfers Demon Eyes Kyo. Nimm deine Waffen in die Hand und kämpfe gegen Horden von Feinden, während du die Geschichte von Samurai Deeper Kyo erlebst! Merkmale: Führe verheerende Special Moves aus. Spiele als Demon Eyes Kyo, Kyoshiro Mibu, Yuya Shiina, Yukimura Sanada oder Benitora. Schalte mächtige Waffen und zusätzliche Modi frei.
Samurai Evolution - Oukoku Geist (Japan)	Samurai Evolution spielt in einer bizarren, futuristischen Version Japans, in der sich bionische Samurai duellieren und Kirschbäume gentechnisch so verändert wurden, dass sie als Supercomputer dienen. Etwa fünfzehn Jahre zuvor wurde Kontakt mit den &quot;Tenkai&quot; oder dem himmlischen Reich aufgenommen - einer verborgenen außerirdischen Zivilisation, deren Bewohner und Tierwelt stark an Wesen aus den Legenden und Mythen der Erde erinnern. Ein kurzer Krieg später begannen die Dinge interessant zu werden. In der Friedenszeit nach dem Konflikt wurde Japan in das Oukoku, das &quot;Kirschblüten-Königreich&quot;, umgewandelt, und das Astralduell wurde zu einer nationalen Obsession.
Samurai Jack - The Amulet of Time (USA, Europe)	Samurai Jack ist ein Krieger, der von dem polymorphen Zauberer Aku in eine bizarre Zukunft verbannt wurde. Jack macht sich also auf die Suche nach einem Portal, um in seine Zeit zurückzukehren und der Bedrohung ein für alle Mal ein Ende zu setzen. In diesem Gameboy Advance-Titel musst du mit deinem Katana kräftig zuschlagen, um die verschiedenen Teile eines Medaillons zu finden, das die Ordnung wiederherstellen kann.
Scooby-Doo (USA)	Scooby-Doo auf dem Gameboy Advance ist ein Abenteuerspiel nach dem gleichnamigen Film. Ein Geist erschreckt die Gäste von Spooky Island. Der Besitzer der Insel wendet sich deshalb an die berühmte Mystery, Inc. Sie beginnen das Abenteuer mit Scooby-Doo oder Sammy. Später wird das Team erweitert, da jeder Charakter eine einzigartige Fähigkeit in das Spiel einbringt.
Scooby-Doo and the Cyber Chase (USA, Europe)	„Scooby-Doo and the Cyber Chase“ für den Game Boy Advance basiert auf dem gleichnamigen Film und folgt Scooby-Doo und seinen Freunden, die sich zusammen mit dem Phantomvirus in ein Videospiel teleportiert haben. Gefangen in der virtuellen Welt müssen sie sich gegen zahlreiche Bösewichte behaupten, um herauszufinden, wer den Phantomvirus freigesetzt hat, und einen Weg zurück in die Realität zu finden.
Scorpion King, The - Sword of Osiris (USA)	The Scorpion King: Sword of Osiris ist ein Action-Plattform-Spiel für den Gameboy Advance. Du spielst Mathayus, den König der Skorpione. Deine Frau Cassandra wurde von dem heimtückischen Menthu entführt, der die magischen Kräfte deiner Schönheit nutzen will, um Ägypten zu zerstören. Bewaffnet mit Ihrem treuen Schwert müssen Sie sich durch Levels kämpfen, die von Kreaturen aller Art heimgesucht werden, um Ihre Geliebte zu retten. Der Titel umfasst sechs Welten.
Scrabble (Europe) (En,Fr,De,Es)	Scrabble ist ein Brettspiel für den Gameboy Advance. Du musst auf einem Spielfeld Wörter bilden, um möglichst viele Punkte zu sammeln. Jedem Buchstaben ist nämlich ein Wert zugeordnet, der umgekehrt proportional zu seiner Häufigkeit in der französischen Sprache ist. Auf dem Spielfeld sind auch einige Bonusfelder verstreut, mit denen du den Wert des Buchstabens oder des Wortes, der/das dort vorbeikommt, verdoppeln oder sogar verdreifachen kannst.
Scurge - Hive (USA) (En,Fr,Es)	..Vor 48 Stunden wurde ein Notsignal von einem abgelegenen Forschungslabor gesendet, das einen virulenten Organismus untersuchte, der als Geißel identifiziert wurde. Als Kopfgeldjägerin Jenosa Arma werden Sie geschickt, um jegliche Technologie aus der Anlage zu bergen. Ausgestattet mit Ihrem Können, streng geheimen Projektilhandschuhen und einem Prototyp-Kampfanzug treten Sie gegen über 50 Arten infizierter biologischer, mechanischer und energiebasierter Kreaturen an. Da die Geißel nicht nur die Kontrolle über den Planeten übernimmt, sondern auch durch Ihre eigenen Adern fließt, können Sie sich auf ununterbrochene, intensive Kämpfe freuen, während Sie sowohl um Belohnung als auch ums Überleben kämpfen.
SD Gundam G Generation Advance (Japan)	SD Gundam G Generation Advance ist ein rundenbasiertes Strategiespiel mit einigen RPG-Elementen. Es ist Teil der G Generation-Subserie der Gundam-Franchise. In dieser Serie wurden die Gundams, riesige Kampfmaschinen, auf superdeformierte Versionen ihres früheren Selbst reduziert. Der Spieler befehligt kleine Gruppen von Einheiten im Kampf. Das Spiel hat 2 Modi: Im ersten Modus bewegen sich die Einheiten auf der Karte, wählen den anzugreifenden Feind und schließen sich zu größeren Gruppen zusammen; im zweiten Modus, &quot;Kämpfe&quot;, wählt der Spieler die Angriffsart für jede Einheit und beobachtet die Ergebnisse der Duelle. Die Geschichte und die Charaktere werden durch die vielen Dialoge zwischen den Missionen eingeführt.
Sea Trader - Rise of Taipan (USA)	In „Sea Trader: Rise of Taipan“ übernehmen Sie das Kommando über ein Schiff und eine bunte Crew, um neue Länder zu entdecken und im Handel mit Seide, Getreide, Währungen und Schmuggelware Reichtum zu erlangen. Sie müssen sich gegen Piraten verteidigen oder selbst andere Schiffe angreifen, um deren Waren zu erbeuten. Nach erfolgreichen Abenteuern steht es Ihnen frei, Ihren Sieg ausgelassen zu feiern.
Secret Agent Barbie - Royal Jewels Mission (USA)	Verbünde dich mit Secret Agent Barbie zu einem weiteren Superspionage-Abenteuer! Königliche Smaragde, Rubine und Diamanten verschwinden auf der ganzen Welt, und die Hinweise deuten auf einen schlauen Gauner hin. Aber warum sollte jemand all diese Juwelen nehmen? Es liegt an Ihnen und Secret Agent Barbie, dies herauszufinden. Schließen Sie sich Barbie an, während sie Hinweise rund um den Globus verfolgt, ihre Deckung behält und den Bösewicht ein für alle Mal geschickt überlistet! Nur Sie können Barbie helfen, die mysteriöse Verschwörung zu enträtseln und den Tag zu retten!
SEGA Arcade Gallery (USA)	4 klassische Sega-Arcade-Titel kehren auf einer GBA-Cartridge zurück: In Outrun rasen Sie bis zur Ziellinie, mit mehreren Strecken, unterschiedlichen Bedingungen und viel Verkehr, dem Sie ausweichen müssen. Über das Radio können Sie außerdem aus einer Reihe von Hintergrundmusikstücken wählen. In Space Harrier fliegst und sprengst du dich durch ein Level nach dem anderen mit Aliens und musst dabei dem Feuer und anderen Hindernissen ausweichen. Super Hang On, das zweite Rennspiel in der Sammlung, ist ein Rennspiel im MotoGP-Stil, bei dem der Turbo-Boost zum Einsatz kommt. Schlagen Sie die Zeit und die gegnerischen Rennfahrer, während Sie Ihr Motorrad auf der Strecke halten, um nicht zu stürzen. Schließlich gibt es noch den Flugsimulations-Action-Titel After Burner, bei dem Sie über Land und Meer fliegen und sich mit feindlichen Flugzeugen messen müssen.
SEGA Rally Championship (USA)	Sega Rally gibt mit dieser GBA-Version sein Debüt auf dem Handheld. Wählen Sie aus einer Reihe von voll lizenzierten Rallye-Autos (Subaru, Ford, Toyota, Mitsubishi usw.) und begeben Sie sich auf die Rallye-Strecken. Sie finden eine Reihe von unterschiedlichen Terrains vor, von Schotter bis Schnee, von Landstraßen bis zu Dschungelhügeln. Ziel ist es, die Ziellinie mit der bestmöglichen Zeit zu überqueren und die Konkurrenz zu schlagen, um den Hauptpreis zu gewinnen. Du hast die Möglichkeit, dein Auto zu verbessern und zu reparieren, was wichtig ist, wenn du die Ziellinie als Erster erreichen willst. Je mehr du gewinnst, desto mehr wirst du freischalten. Von neuen Autos und Strecken bis hin zu Minispielen und Galerien. Es gibt auch einen Vier-Spieler-Modus, in dem du deine Freunde in einer wettbewerbsfähigen Rallye herausfordern kannst.
SEGA Smash Pack (USA)	Das Smash Pack wurde ursprýnglich fýr Dreamcast als Teil des letzten Systempakets von Sega verýffentlicht, bevor Dreamcast in den Sonnenuntergang fuhr. Natürlich, wie wir alle wissen, sterben klassische Spiele nie, und das ist genau das, was das Smash Pack enthielt. Aus diesem Grund kündigten Sega und THQ an, dass das Smash Pack seinen Weg auf den Game Boy Advance finden würde. Auch wenn die GBA-Version nicht genau die gleichen Titel enthält, so sind doch Sonic Spinball (einer der weniger bekannten Titel), Ecco the Dolphin und Golden Axe enthalten. Alle drei Titel waren Klassiker auf dem Sega Genesis in den frühen 90er/späten 80er Jahren.
Sennen Kazoku (Japan)	Sennen Kazoku ist ein Strategiespiel für den GBA. Du spielst die Rolle eines Engels, der von Gott gebeten wurde, sich um eine Familie zu kümmern und sie zu beschützen, damit sie viele Nachkommen hat. Um dies zu tun, verwenden Sie verschiedene Arten von Pfeilen, um die Emotionen und Handlungen der Familienmitglieder zu verändern und sie zu Wohlstand zu führen...
Serious Sam Advance (USA) (En,Fr,De)	Das Spiel bietet mit Ägypten und Rom zwei neue Schauplätze, einen neuen Grafikstil sowie zahlreiche Feinde und Waffen aus „The First Encounter“ und „The Second Encounter“. Darüber hinaus führt das Spiel viele neue, exklusive Feinde und Waffen ein. Die Geschichte dreht sich um Sam, der erneut in die Vergangenheit reist. Gleichzeitig trifft eine Gruppe von Menschen, die sich mit alten Zivilisationen befassen, auf neue Kräfte der hybriden Armee von Mental. Sam muss zunächst nach Ägypten und anschließend nach Rom reisen. Dabei muss er sich unterwegs gegen Horden von Feinden zur Wehr setzen. Die Endgegner des Spiels, die jeweils am Ende zweier Schauplätze auftreten, sind zwei ähnlich aussehende, lykanthropähnliche Kommandanten: Sirian Sphinx in Ägypten und Wolfiator in Rom. Nach der Niederlage des Letzteren kehrt Sam Stone siegreich in seine Zeit zurück.
Shaman King - Master of Spirits (USA)	Basierend auf der beliebten Anime-Serie, folgt dieses Spiel den Abenteuern von Yoh Asakura, High-School-Schüler bei Tag und Schamane bei Nacht. Dank seiner mystischen Kräfte ist dieser jugendliche Zauberer in der Lage, sich mit einem 600 Jahre alten Samurai-Krieger zu verständigen und zu bündeln, und jetzt ist es an der Zeit, seinen Status als Schamanenkönig zu sichern, indem er an einem großen Turnier teilnimmt, das einmal alle 500 Jahre stattfindet. Gleichzeitig musst du einen bösen rivalisierenden Schamanen davon abhalten, den tödlichen Wächter der Dämonen wieder zum Leben zu erwecken. Die Folgen könnten katastrophal sein! Reise durch verschiedene von Monstern befallene Szenarien, Fallen und alle möglichen Gefahren in diesem Abenteuer im Castlevania-Stil.
Shaman King - Master of Spirits 2 (USA)	In dieser Fortsetzung wird der Spieler erneut als Hauptfigur des Schamanen-Königs, Yoh Asakura, auftreten. Wenn es um die neuen einzigartigen Funktionen im Spiel geht, kann einer von ihnen besiegte feindliche Geister als Verbündete einsetzen, um im aktuellen Kampf zu helfen. Konami hat eine neue Funktion eingeführt, mit der der Spieler im Verlauf des Spiels mehr Combos, Spezialangriffe und Fähigkeiten erzielen kann. Geister können auch verbessert werden, was sie nützlicher macht, um Fallen im Spiel zu überwinden. Wenn es darum geht, verschiedene andere Geister zu erhalten, ist bekannt, dass einige verschiedene Level durchlaufen müssen und an zufälligen Orten zu finden sind, die normalerweise manchmal versteckt sind. In Bezug auf die Grafik ist bekannt, dass sie genau das gleiche Qualitätsniveau wie das vorherige Spiel aufweisen.
Shaman King Card Game - Chou Senjiryakketsu 3 (Japan)	Wie der Vorgänger ist auch dieses Spiel ein Japan-exklusives Abenteuer-Rollenspiel, das auf dem „Shaman King“-Manga basiert. Kämpfe werden nicht rundenbasiert, sondern mithilfe von Karten ausgetragen. Die Geschichte folgt Yoh Asakura, der seine Fähigkeiten als Schamane verbessern möchte, um durch den Sieg im Shaman Fight zum Shaman King zu werden, ganz wie in der Manga-Vorlage.
Shamu's Deep Sea Adventures (USA)	In Shamus geliebtem SeaWorld Adventure Park ist nicht alles in Ordnung - Poseidon möchte Shamu und SeaWorld die Magie des Parks stehlen. Wenn Sie die Kontrolle über Shamu übernehmen, führen Ihre Abenteuer Sie über SeaWorld hinaus in die seltsamen Tiefen unter dem Park und weiter in die Unterwasserwelt von Atlantis. Sie werden erstaunliche Unterwassertiere treffen und sogar gegen Poseidon, den Unterwassergott, und sein treues Meeresungeheuer, den Kraken, kämpfen. Sammeln Sie lustige Sammlerstücke, öffnen Sie Seetruhen und erkunden Sie 12 Handheld-exklusive Levels vom Shamu Stadium-Pool bis zu den Meerestiefen von Atlantis. Haben Sie das Zeug dazu, SeaWorld und Shamu zu retten?
Shantae Advance - Risky Revolution (World) (Limited Run Games)	In Shantae Advance: Risky Revolution kehrt die Halb-Dschinn-Heldin in einem lang verschollenen Abenteuer zurück! Risky Boots plant, ganz Sequin Land zu drehen, um jedes Dorf an die Küste zu verschieben – ideal für ihre Piratenpläne. Doch Shantae kontert mit einem neuen Trick: Sie kontrolliert die Erdplatten selbst! Durch das Verschieben von Level-Elementen erkundest du verschobene Städte, verwinkelte Dungeons und monsterverseuchte Ruinen. Mit sechs Verwandlungen, actionreichen Bosskämpfen und sogar einem 4-Spieler-Versus-Modus ist dieses Comeback ein echter Wirbelwind.
Shark Tale (USA, Europe)	Shark Tale: Das Spiel basiert auf dem DreamWork-Film &quot;Shark Tale&quot; und nimmt Sie mit auf ein neues Abenteuer in der Rolle von Oscar, einem kleinen, schnell sprechenden Fisch, der in Schwierigkeiten gerät, als er fälschlicherweise für einen Helden gehalten wird. Erlebe den ansteckenden Funk und die Heiterkeit des Films in dem einzigen Spiel, das eine einzigartige Mischung aus Unterwasserabenteuer, Rennen, Kämpfen und Hip-Hop-Tanz bietet. Fahre durch eine belebte Unterwassermetropole und weiche dem Verkehr, Gebäuden und Brücken aus. Erlebe Reef City aus erster Hand: Arbeite in der Walwaschanlage, schleiche durch den versunkenen Liner und erkunde Oscars düstere Nachbarschaft. Hebe die Flossen in die Luft und meistere anspruchsvolle Tanzsequenzen, um zu beweisen, dass du der coolste Fisch im Riff bist!
Shaun Palmer's Pro Snowboarder (USA, Europe)	Diese Handheld-Version bietet ein abwechslungsreiches Snowboard-Erlebnis, bei dem der Spieler aus einer Auswahl bekannter Snowboarder wie Shaun White, Ingemar Backman, Tara Dakides und Shaun Palmer wählen kann. Es stehen 16 Strecken an vier verschiedenen Orten zur Verfügung, ergänzt durch authentische Snowboards, die im Verlauf des Spiels freigeschaltet werden können. Verschiedene Modi wie Tutorial, Free Ride, VS-Duelle für zwei Spieler und ein Karrieremodus sorgen für Abwechslung. Jeder Stil, wie Freestyle oder Palmer X, bringt eigene Herausforderungen mit, darunter das Ausführen von Tricks, das Rennen gegen Gegner oder das Absolvieren von Parcours innerhalb eines Zeitlimits.
Sheep (Europe) (En,Fr,De,Es,It)	Sheep ist ein Puzzlespiel für den Gameboy Advance, in dem du Schafe von A nach B treiben musst, indem du den verschiedenen Hindernissen ausweichst, die sich ihnen in den Weg stellen. Du schlüpfst also in die Rolle des Schäferhundes und musst dafür sorgen, dass den dummen kleinen Schafen auf ihrer Reise nichts passiert. Diese Software ist ausschließlich für Einzelspieler gedacht.
Shin Megami Tensei (Japan)	Ein junger Mann lebt zusammen mit seiner Mutter in Kichijoji, einem Bezirk im modernen Tokio. Eines Tages hat er einen seltsamen Traum: Er wird in eine andere Dimension gesaugt, eine seltsame labyrinthartige Struktur. Ein Geist erscheint vor ihm und fragt ihn nach seinem Namen. Im weiteren Verlauf des Spiels trifft er auf einen Mann, der am Kreuz hängt, einen anderen, der von einem Dämon gequält wird, und eine mysteriöse junge Frau, die in einem Pool badet ... &quot;Aufwachen!&quot; - Die Stimme seiner Mutter durchbricht den Traum. Der junge Mann wacht auf und prüft seinen Computer. Plötzlich kommt eine Nachricht: Die Welt neigt sich Richtung Zerstörung. Nur wer Dämonen durch einen virtuellen Raum beschwören kann, kann eine Katastrophe verhindern. Was könnte das bedeuten? Der junge Mann geht nach draußen und erfährt, dass im nahe gelegenen Park ein Mord stattgefunden hat. Der Bezirk muss vom Rest der Stadt abgeschnitten sein, bis der Mörder gefunden wird. Das war der Beginn der Geschichte des Dämonbeschwörers ... &quot;Shin Megami Tensei&quot; ist ein First-Person-Rollenspiel im modernen und futuristischen Tokio. Der Held des Spiels kann Dämonen beschwören, die eine geheimnisvolle Energie namens Magnetit verwenden. Die Dämonen können für Sie kämpfen und andere nützliche Aufgaben erfüllen. Der First-Person-Kampf ist rundenbasiert. Zu Beginn des Spiels können Sie die Statistiken Ihrer Gruppenmitglieder festlegen und deren Stärke, Ausdauer, Intelligenz usw. bestimmen. Sie müssen während des Spiels einige wichtige Entscheidungen treffen, die auch das Ergebnis der Ereignisse beeinflussen.
Shin Megami Tensei II (Japan)	Shin Megami Tensei II für den Game Boy Advance ist die Fortsetzung des Rollenspiels von 1992. Die Handlung setzt etwa zwanzig Jahre nach den Ereignissen des ersten Teils ein. Der Spieler steuert einen jungen, amnesischen Mann, den der frühere Krieger Okamoto aufnimmt und trainiert, damit er gegen die wiederkehrenden Dämonen auf der Erde kämpfen kann. Mythologische und religiöse Inspirationen prägen erneut das Universum und die Handlung des Spiels.
Shining Force - Resurrection of the Dark Dragon (USA)	Shining Force ist ein rundenbasiertes taktisches RPG. Die Kämpfe finden in quadratischen Rastern statt, wobei jede Einheit ein Feld einnimmt. Jede Einheit kann sich bis zu einer bestimmten Anzahl von Feldern auf dem Schlachtfeld bewegen, die durch ihre Bewegungsstatistik bestimmt wird. Abhängig von ihrer Position im Verhältnis zu Feinden und Verbündeten kann eine Einheit auch eine Aktion ausführen: angreifen, einen Zauber wirken, einen Gegenstand benutzen oder das Gebiet durchsuchen. Einige Befehle, wie das Ausrüsten oder Ablegen von Gegenständen, zählen nicht als Aktionen. Die Reihenfolge der Züge wird durch die Geschicklichkeitspunkte der Einheit und einen Zufallswert bestimmt. Jede verbündete Einheit hat auch eine Klasse, die eine Reihe von Fähigkeiten für diese Einheit definiert und bestimmt, zu welchen Zaubern und Ausrüstungen sie Zugang hat. Eine Einheit kann auf jeder Stufe zwischen 10 und 20 in eine andere Klasse befördert werden. Bei der Beförderung wird die Stufe des Charakters auf 1 zurückgesetzt und die Statistiken werden um einen festen Betrag reduziert, obwohl sie höher beginnen, wenn der Charakter auf einer höheren Stufe befördert worden wäre.
Shining Soul (USA)	Das Spiel findet im Land der Rune statt, wo eine Kreatur namens Dark Dragon eine Armee der Dunkelheit zusammengestellt hat, um die Zerstörung der Welt herbeizuführen. Ihr Charakter ist ein Held der Shining Fleet, der Dark Dragon und seine fünf Generäle in der Region Runefaust gefangen hat und sich nun auf einen endgültigen Angriff auf die feindlichen Streitkräfte vorbereitet.
Shining Soul II (USA)	Shining Soul II erzählt von einer Welt, in der das Gleichgewicht zwischen Licht und Dunkelheit erneut zerbricht, weil die Menschen die frühere Bedrohung längst vergessen haben. Nach düsteren Vorzeichen, einem ermordeten Propheten und finsteren Intrigen am Königshof liegt es wieder an einem neuen Helden, sich der wachsenden Finsternis entgegenzustellen. Was zunächst mit einem Turnier am Schloss beginnt, entwickelt sich schon bald zu einer weit größeren Reise voller Gefahren, Monster und Geheimnisse. Besonders reizvoll ist dabei, dass sich die Figuren nicht nur durch Ausrüstung und Kämpfe weiterentwickeln, sondern auch durch den direkten Umgang mit Gefahren widerstandsfähiger werden. So verbindet das Abenteuer eine klassische Rettung-der-Welt-Geschichte mit viel Tempo und stetigem Fortschritt.
Shrek - Hassle at the Castle (USA) (En,Fr,De,Es,It,Nl)	Shrek muss sein Zuhause im Sumpf vor den lästigen Feenkreaturen retten. Mit der Hilfe seines Freundes Esel und Prinzessin Fiona ist er für jedes Abenteuer bereit. Begleite Shrek und seine Freunde auf ihrem wilden Ritt durch mehr als 20 actiongeladene Missionen, die auf dem beliebten Film basieren. Merkmale: * Action- oder Abenteuerspiel basierend auf dem Film * Führe Shrek zum Schloss des Drachen, um Prinzessin Fiona zu retten * 7 Levels * Spiel als Shrek, Esel oder Prinzessin Fiona * Für 1 bis 4 Spieler
Shrek - Smash n' Crash Racing (USA)	Smash N' Crash durch das Shrek-Universum auf einem Reittier mit einer ganz eigenen Persönlichkeit! Schlüpfe in die Rolle deines Lieblingscharakters Shrek und stelle deine Renn- und Kampffähigkeiten gegen eine Reihe von verdrehten Märchengegnern unter Beweis. Schnapp dir dein Reittier und stoße, stürze und rutsche durch 12 märchenhafte Orte. Wenn du zurückfällst, mach dir keine Sorgen - benutze magische Aufputschmittel, um die Chancen auszugleichen, oder kämpfe dich zurück, indem du deine Gegner von ihren Pferden stößt. Schlage deine Freunde bis zur Ziellinie in diesem witzigen und lustigen Märchenabenteuer mit Crash und Crash!
Shrek - Super Slam (USA)	In Shrek SuperSlam kannst du gegen Charaktere aus den Shrek-Filmen kämpfen. Wähle einen von 20 Charakteren, wie den heldenhaften Shrek oder den hinterhältigen Prinz Charming. Setze Waffen, Tränke oder die Spezialfähigkeiten der Charaktere ein, um dich durch 16 vollständig zerstörbare Arenen zu schlagen. Außerdem kannst du mit bis zu vier Freunden kämpfen oder über 30 Minispiele spielen.
Shrek - Swamp Kart Speedway (USA, Europe) (En,Fr,De,Es,It,Nl)	Schnapp dir deine mutigsten Freunde und rase durch das Märchenland, von dem du nicht einmal wusstest, dass es existiert. Du hast deinen Lieblings-Oger noch nie so schnell fahren sehen! 8 spielbare Charaktere, jeder in seinem eigenen speziellen Freak-Kart, 4 böse Bosse, die es zu besiegen, freizuschalten und zu spielen gilt, 16 sumpfige Rennstrecken, Multiplayer-Action, bei der Freunde gegeneinander antreten können.
Shrek 2 (USA, Europe)	Shrek 2 wurde vom GBA-Spezialisten Vicarious Visions entwickelt und ist ein Actionspiel, das stark von Blizzards Klassiker The Lost Vikings inspiriert ist. Die Spieler müssen bestimmte Plattformherausforderungen bewältigen, indem sie die Stärken und Fähigkeiten jedes Charakters nutzen. Shrek ist bullig, also kann er Gegenstände tragen, die an anderer Stelle gestapelt werden können, oder geschwächte Böden stampfen. Esel kann höher springen und Mauern niederreißen. Später erwerben die Spieler neue Charaktere, wie den verwegenen Kater in Stiefeln, der sich an Wänden festhalten und Geländer zermahlen kann, sowie viele andere Charaktere aus dem Film. Lerne die Eigenschaften der Persönlichkeit, der Angriffe und der Fähigkeiten jedes Charakters, um eine actionreiche Quest zu bestehen. Nutze Shreks Ogerstärke, Esels Burro-Kick und Prinzessin Fionas Fähigkeit, die Zeit zu verlangsamen.
Sigma Star Saga DX (World) (Limited Run Games)	Ian Recker, ein Spion der Erde, wird undercover als Gefangener geschickt, um in die Krill-Armee aufgenommen zu werden. Er wird mit einer parasitären Rüstung ausgestattet, die ihm mehr Kraft verleiht und die Fähigkeit, mit Krill-Schiffen zu verschmelzen, die lebende Organismen sind. Er entdeckt jedoch bald, dass in diesem Krieg nicht alles so ist, wie es scheint, und Recker muss sich entscheiden, für welche Seite er kämpft. Sigma Star Saga ist eine Mischung aus Side-Scrolling-Shooter und RPG. Die Spieler interagieren mit Charakteren, erkunden die Oberwelt und werden häufig von zufälligen Schiffen zu Kämpfen gerufen. Um einen Kampf erfolgreich abzuschließen, muss der Spieler eine vorgegebene Anzahl von Gegnern besiegen und erhält mit jedem besiegten Feind Erfahrung. Während der Spieler die Oberwelt erkundet, kann er auch Waffendaten entdecken, mit denen er seinen Schuss mit über 15.000 verschiedenen Waffenkombinationen anpassen kann, wobei er Fähigkeiten wie Schnellfeuer, Vertikalschuss und Erfahrungsgewinn nutzen kann.
Silent Scope (USA) (En,Fr,De,Es,It)	Silent Scope ist ein Shooter für den Gameboy Advance. Der Präsident und seine Familie wurden als Geiseln genommen und nur du kannst sie noch retten. Mit neuen Levels und Mehrspielermodi bietet Silent Scope dir die Möglichkeit, die Verbrecher vor Gericht zu bringen! Diese Version enthält einen brandneuen Story-Modus als Ergänzung zur Arcade-Version des Spiels, einen Mehrspielermodus, ein sich entwickelndes Trainingssystem und zahlreiche Herausforderungen.
SimCity 2000 (USA)	SimCity 2000, abgekürzt SC2K, ist ein Simulationsvideospiel, das auf der Erstellung von Städten basiert. Es war die Fortsetzung der ursprünglichen SimCity und die zweite in der SimCity-Serie. Maxis veröffentlichte es 1993 für Apple Macintosh- und MS-DOS-Computer. Später wurde es auch für Amiga (1994), Microsoft Windows (1995), SNES (1995), Sega Saturn (1995), PlayStation (1996), Nintendo 64 (1998), Pocket PC (1999) und Game Boy Advance (2003) veröffentlicht. ). 1995 erhielt SimCity 2000 die Auszeichnung als &quot;Bestes Strategiespiel&quot;.
Simpsons, The - Road Rage (USA, Europe)	In Simpsons Road Rage treibt Mr. Burns sein Unwesen, indem er Springfields Busse aufkauft und die Fahrpreise in die Höhe treibt. Jetzt müssen die Einwohner von Springfield ihre Autos in Taxis verwandeln und auf den Straßen arbeiten. Hoffentlich verdienen sie dabei genug Geld, um die Busse zurückzukaufen, bevor die Zeit abläuft. Wähle aus über 30 deiner Lieblingscharaktere aus den Simpsons und bezwinge die überfüllten Straßen von sechs riesigen Levels, indem du Big-Air- und Powerslide-Stunts ausführst. Kämpfen Sie im geteilten Bildschirm mit zwei Spielern um Fahrgäste. Tob dich aus, ganz im Simpsons-Stil.
Sims 2, The - Pets (USA, Europe)	In diesem Spiel kannst du deinen eigenen Sim erstellen, indem du Geschlecht, Hautfarbe, Frisur, Haartfarbe und Lebensziele auswählst. Danach geht es zur Tierhandlung, wo du dir ein Haustier aussuchen kannst – jeden Tag stehen sechs neue Tiere zur Adoption bereit. Um ein bisschen Geld zu verdienen, wählst du aus einer Vielzahl von Karrieren wie Haustierbetreuung, Tierpädagogik, Veterinärmedizin oder sogar Tier-Psychologie. Die Tiere haben ihre eigene Persönlichkeit, die ihr Verhalten bestimmt, sei es in Bezug auf Sauberkeit, Freundlichkeit, Verspieltheit oder Aktivität. Doch denk daran: Es ist nicht immer einfach, alten Tieren neue Tricks beizubringen!Schließlich kannst du deinen Sim auch damit beauftragen, das Haustier für Wettbewerbe zu trainieren und es für große Shows vorzubereiten.
Sims, The - Bustin' Out (USA, Europe) (En,Fr,De,Es,It,Nl)	In „The Sims Bustin' Out“ kannst du mit deinen Sims das Haus verlassen und verschiedene Orte wie das Shiny Things Lab oder Casa Caliente erkunden. Das Spiel bietet zwei Modi: den „Bust Out“-Modus mit missionsbasiertem Gameplay und den „Freeplay“-Modus, der ein offenes Spielerlebnis wie im Originalspiel bietet. Mit neuen Features und Umgebungen erweiterst du das Leben deiner Sims über die heimischen vier Wände hinaus.
Sitting Ducks (USA) (En,Fr,De,Es,It,Nl)	Willkommen in der wunderlichen Welt der Sitting Ducks, in der das Leben gut und das Essen reichlich ist und Alligatoren im benachbarten Swampwood lauern. Ein Vogel sticht in der Herde hervor: Bill. Er ist eine skurrile, unterdurchschnittlich kleine Ente mit einer großen Fantasie und einer geheimen, lebenslustigen Seite. Zusammen mit seinem Alligatorfreund Aldo beginnt Bill 20 verschiedene Missionen in diesem skurrilen Actionspiel. Spielen Sie als Bill the Duck und Aldo the Alligator aus der TV-Serie und erkunden Sie farbenfrohe und detaillierte Levels.
Smashing Drive (USA)	Smashing Drive versetzt Sie in den Fahrersitz eines verrückten, ausgefallenen Taxis durch die belebten Straßen von New York City. Ihre Aufgabe besteht darin, einfach so schnell wie möglich von Punkt zu Punkt zu rennen. Der Schlüssel zum Erfolg in Smashing Drive liegt in zwei Features: verrückte Power-Ups und versteckte Abkürzungen. Fast alle Power-Ups verwandeln Ihr Taxi auf eine Weise, die es Ihnen ermöglicht, mühelos durch den Verkehr zu kommen. Und die Abkürzungen bestehen meist darin, durch das Innere von Gebäuden wie Kinos und Sportarenen zu krachen.
Smuggler's Run (USA)	Starten Sie auf dem GameBoy Advance eine rasante Schmuggler-Karriere. Schmuggeln Sie verschiedene Güter für diverse Auftraggeber und investieren Sie Provite in neue Fahrzeuge. Doch passen Sie auf! Nicht nur die Polizei, auch rivalisierende Schmugglerbanden versuchen ihre Fracht abzujagen.
Snood (USA)	Snood ist ein Match-3-Puzzlespiel, das sich am klassischen Stil von Bust-A-Move orientiert. Man muss drei gleichfarbige Kreaturen so anordnen, dass sie verschwinden, um das Spielfeld schnellstmöglich zu leeren. Dank der einfachen, direkten Spielmechanik bietet es eine zugängliche und fesselnde Herausforderung für Fans von Arcade-Puzzlespielen.
Snood 2 - On Vacation (USA)	Snood 2 für den Game Boy Advance ist ein Puzzlespiel, bei dem es darum geht, den Bildschirm vollständig von den dort vorhandenen kleinen Kreaturen zu befreien. Das Prinzip ist denkbar einfach: Gruppieren Sie die Figuren nach Farben, damit sie verschwinden. Verschiedene Spielmodi sorgen für Abwechslung, während der steigende Schwierigkeitsgrad eine gewisse Herausforderung bietet.
Soccer Kid (USA, Europe)	Aliens attempting to steal the World Cup have crashed as they tried to flee, and the Cup has been broken, its pieces scattered around the globe. As Soccer Kid, you must retrieve it. During your journey you will visit Britain, Italy, Russia, Japan, and finally the States. Soccer Kid is a platform game with some unique elements. As the name implies, you have to kill your enemies with your ball. Football-style tricks of keeping the ball in the air and under control are especially useful - headers and overhead kicks can be played with practice. You gain access to the pieces by collecting 11 Player Cards across each world. There is a saving feature that gives you the ability to save between each country (but not between individual levels).
Sonic Advance (USA) (En,Ja)	Sonic the Hedgehog ist da und erlebt sein erstes Abenteuer auf einer Nintendo-Konsole. Sonic Advance kombiniert Elemente aus der ursprünglichen Sonic-Serie auf Segas Genesis sowie aus der Dreamcast Sonic Adventure-Serie. Wählen Sie zwischen Sonic, Knuckles, Tails oder Amy und führen Sie sie durch ein Level nach dem anderen mit unglaublich schnellem Gameplay und dem Sammeln von Ringen, wobei Sie Feinden auf Ihrem Weg zum finalen Showdown mit Dr. Robotnik (auch bekannt als Dr. Eggman) ausweichen. Sammle unterwegs Chaos Emeralds, um dich für mehr Geschwindigkeit in Super Sonic zu verwandeln, und trainiere deinen Chao, um sie in Sonic Adventure 2 Battle auf dem Nintendo Gamecube einzutauschen. Und als ob das noch nicht genug wäre, können Sie mit Ihren Freunden auch 4-Spieler-Kampfmodi spielen, indem Sie einen Spielwagen zwischen 4 GBAs verwenden.
Sonic Advance 2 (USA) (En,Ja,Fr,De,Es,It)	Sonic kehrt für ein weiteres Abenteuer zurück, um die Welt erneut vor Dr. Eggman zu retten. Dieses Mal wird er von seinen Freunden Tails, Knuckles, Cream und Rabbit begleitet, die alle über einzigartige Fähigkeiten verfügen, um besondere Bereiche in den Levels zu erreichen. Allerdings musst du das Spiel zuerst mit Sonic abschließen, um die anderen Charaktere freizuschalten. Chaos-Smaragde und Spezialringe sind in den Levels verteilt. Um die Smaragde zu sammeln, musst du die versteckten Spezialringe finden und die Bonusstufe meistern. Die Smaragde sind notwendig, damit sich Sonic für den letzten Kampf mit Dr. Eggman in Super Sonic verwandeln kann. Mit einem Verbindungskabel kannst du außerdem Chaos sammeln und mit Sonic Adventure 2: Battle auf dem Gamecube verbinden.
Sonic Advance 3 (USA) (En,Ja,Fr,De,Es,It)	Eggman hat die Welt in sieben Teile zerlegt, nun muss der Spieler die sieben Chaos Emeralds finden, um die Welt wiederherzustellen. Sonic Advance 3 ist ein Sonic-Spiel mit dem gewissen Etwas: Der Spieler kann mit einem Freund im Koop-Modus oder in einem der vielen Mehrspielermodi wie dem Ringrennen spielen. Das Spiel enthält Funktionen von Sonic Advance und Sonic Advance 2, aber mit mehr Optionen wie der Auswahl von zwei Charakteren im Story-Modus (einem Haupt- und einem Folgecharakter).
Sonic Battle (USA) (En,Ja,Fr,De,Es,It)	„Sonic Battle“ ist ein schnelles Kampfspiel mit isometrischer 3D-Ansicht und 2D-Charakter-Sprites. Mit neun Charakteren und fünf Spielmodi wie Story, Kampf und Minispiele bietet das Spiel abwechslungsreiche Action. Spieler können Angriffe für Luft, Boden und Schutz individuell anpassen und aus insgesamt neun Spezialangriffen wählen, die während des Matches flexibel geändert werden können. Ein trainierbarer Robotercharakter ermöglicht es, Fähigkeiten und Techniken individuell zu verbessern, während jedes Detail seines Stils angepasst werden kann. Das Spiel bietet umfangreiche Inhalte und eine hohe Wiederspielbarkeit für alle, die alle Charaktere und Moves freischalten möchten.
Sonic Pinball Party (USA) (En,Ja,Fr,De,Es,It)	Sonic Pinball Party ist ein Flipperspiel für den Gameboy Advance. Finde Sonic und seine Freunde sowie Amigo und Nights auf deinem Handheld. Wirf die Kugel und benutze die Flips, um weiterzukommen. Die drei vorhandenen Tische sind keine gewöhnlichen Flipperautomaten, da Gegner deine Kugel behindern werden. Erreiche in einer bestimmten Zeit genügend Punkte, um in der Geschichte voranzukommen.
Sonic The Hedgehog - Genesis (USA)	Durchbrechen Sie mit Sonic the Hedgehog die Geschwindigkeitsbarriere des Videospiels. Flitze mit dem Superschall-Spin-Angriff blitzschnell vorbei. Machen Sie eine Schleife, indem Sie der Schwerkraft trotzen. Stürzen Sie sich durch Tunnel hinab. Dann sprinten Sie mit Sonics Power-Sneakern in Sicherheit. Alles in rasendem Tempo. Sonic hat eine Einstellung, die einfach nicht aufgibt!
Sound of Thunder, A (USA) (En,Fr,De,Es,It)	Willkommen in der nahen Zukunft! Es war eine Reise wie jede andere, eine einfache Fahrt zurück in die Vergangenheit, um ein paar Dinosaurier zu jagen. Die würden ja früher oder später sowieso aussterben. Alles lief ganz normal, so wie immer, und der &quot;Safari-Leiter&quot; Travis Ryer hatte alles unter Kontrolle... bis dann irgendwas ganz furchtbar schief ging... Jemand hielt sich nicht an die Regeln... Jemand ignorierte die Vorschriften... Jemand brachte die Zukunft durcheinander... und plötzlich bist Du die letzte Hoffnung der Menschheit! A SOUND OF THUNDER basiert auf dem Sci-Fi-Action-Adventure-Film nach der bekannten Kurzgeschichte des beliebten Autors Ray Bradbury.
Space Channel 5 - Ulala's Cosmic Attack (USA)	Als die Morolianer einfallen, erfährt die Topreporterin Ulala die Story für Space Channel 5. Die Hip-Hop-Aliens versetzen die Bürger in eine hypnotische Tanztrance, aber Beat Girl Ulala ist ihnen haargenau ebenbürtig. Sie setzt ihre coolsten Angriffe ein, um die Gefangenen zu befreien und Schlagzeilen zu machen. Begleiten Sie Segas Supernova-Star, während sie mit Stil durch die Raumstation stolziert. Zu den Spielfunktionen gehören 18 einzigartige Level, angesagte, auffällige Bewegungen und eine farbenfrohe retro-futuristische Umgebung.
Space Hexcite - Maetel Legend EX (Japan)	An intriguing puzzle game based around colorful hexagons, featuring characters designed by legendary artist Leiji Matsumoto (Captain Harlock, Galaxy Express 999)
Space Invaders (USA, Europe)	Space Invaders ist ein weiteres klassisches Arcade-Remake von Activision (siehe Battlezone und Asteroids). Diesmal lizenzierte Activision jedoch ein Spiel von Taito anstelle von Atari. Das Spiel bleibt nah an seinen Wurzeln und fügt viele Power-Ups und Feinde hinzu. Sie können entweder einen oder zwei Spieler gegen die Invasoren spielen, die in geordneten Zeilen und Spalten in einer von drei Schwierigkeitsstufen über den Bildschirm marschieren. Sie beginnen in Pluto und arbeiten sich durch das Sonnensystem zum Mars, dann zur Venus und schließlich zur Erde. Wie im ursprünglichen Spiel gibt es auch Mutterschiffe, die über der Aktion fliegen, aber in dieser Version können Sie, wenn Sie sie treffen, andere nützliche Power-Ups wie Schilde oder Doppelschüsse aufnehmen. Nachdem Sie mehrere Wellen auf jedem Planeten abgewehrt haben, stehen Sie einem einzigartigen Boss gegenüber. Wenn Sie es schaffen, das Spiel zu beenden, können Sie eine Reproduktion des ursprünglichen Coin-Op spielen.
Spider-Man (USA, Europe)	Spiderman: The Movie führt die Tradition der Marvel-Titel aus dem Hause Activision fort. Mit einer rundum verbesserten Technik schwingt Peter Parker alias Spiderman fortan auf den Next-Generation-Konsolen seine klebrigen Netze. Die Story orientiert sich grob am Film-Vorbild, setzt jedoch zudem auf eigene spannende Nebenhandlungen. Hauptgegner des geschickten Spiderman ist der Grüne Kobold, der New York in Schrecken versetzt. Mit Hilfe neuer Fähigkeiten jedoch legt Spiderman den Schergen das Handwerk.
Spider-Man - Mysterio's Menace (USA, Europe)	Spider-Man: Mysterios Bedrohung spielt in New York und ermöglicht es den Spielern, die Rolle des Spider-Man zu übernehmen, während sie den Superschurken Mysterio und seine illusorischen Tricks zur Kontrolle von Manhattan übernehmen. Spider-Man muss gegen eine Menge von Mysterios finsteren Verschwörern und Spielereien kämpfen, um ihrer Verschwörung auf den Grund zu gehen und New York von Mysterios umwerfendem Griff zu befreien.
Spider-Man 2 (USA, Europe)	Spider-Man 2 für den GBA ist ein Action-Plattform-Spiel, in dem du in die Rolle von Peter Parker schlüpfst. Du schwingst dich von Gebäude zu Gebäude durch die Straßen von Manhattan, um verschiedene Geiseln zu retten und dich von fiesen Terroristen zu befreien, die auf der Suche nach Prügel sind. Der Titel folgt der allgemeinen Handlung des Films.
Spider-Man 3 (USA)	Treten Sie gegen 10 von Spider-Mans berüchtigtsten Feinden an HÄRTER: Als Schutzengel von New York hat Spider-Man in Spider-Man 3 für den GameBoy Advance selten eine ruhige Minute. Dieses Mal zeigt er sich jedoch von seiner ganz harten Seite: Spielen Sie den aggressiveren Spider-Man im schwarzen Anzug und setzen Sie Ihre Macht gegen die Dunkelheit ein, die Ihre Welt bedroht. GRÖSSER: Erkunden Sie das größte und detaillierteste Modell von New York City, das je in einem Spider-Man-Spiel zu bestaunen war, von den Wolkenkratzern bis zu den U-Bahn-Schächten.
Spirits & Spells (USA)	In der Halloween-Nacht sammeln ein paar Kinder Süßigkeiten. Unterwegs im Wald, auf der Suche nach einem freundlich aussehenden Haus, verschwinden sie plötzlich spurlos. Nur zwei können sich retten: Ann und Greg. Wird es Dir gelingen die beiden aus dem Land der Toten zurück zu bringen? Ein originelles, lustiges und gleichzeitig einfaches Spielvergnügen in einem Mix aus Jump & Run und Adventure
SpongeBob SquarePants - Creature from the Krusty Krab (USA)	In SpongeBob SquarePants: Creature from the Krusty Krab erleben die Spieler Bikini Bottom aus einer ganz neuen Perspektive. Das Spiel führt neue, noch nie zuvor gesehene Kunststile und Gameplay-Mechaniken ein, die die Wahrnehmung der bekannten Welt von Bikini Bottom für immer verändern. Der Spieler begleitet SpongeBob und seine Freunde auf einem verrückten Abenteuer voller ungewöhnlicher und bizarrer Erlebnisse.
SpongeBob SquarePants - Revenge of the Flying Dutchman (USA, Europe)	Ein Schatz verwandelt sich in SpongeBob Schwammkopf in einen Schrecken: Die Rache des fliegenden Holländers. Auf seiner Fahrt durch Bikini Bottom entdeckt SpongeBob mehrere Schatztruhen. Die Warnschilder ignorierend, öffnet SpongeBob die Truhen, nur um festzustellen, dass er den Fliegenden Holländer freigelassen hat - einen wütenden Geist, der nun SpongeBob und seine Freunde zu einem Teil seiner Crew machen will. Während du SpongeBob dabei hilfst, den Holländer davon abzuhalten, in Bikini Bottom Unheil anzurichten, kannst du deine Kostüme wechseln, Goldmünzen sammeln und mit all deinen Lieblingscharakteren aus der Fernsehserie interagieren.
SpongeBob SquarePants - SuperSponge (USA, Europe)	„Ich bin bereit!“ SpongeBob möchte seinem besten Freund Patrick Star zu seinem Geburtstag ein Autogramm von ihren Lieblingssuperhelden Meerjungfraumann und Blaubarschbube schenken. Helfen Sie SpongeBob, die Quest zu erfüllen!
SpongeBob SquarePants Movie, The (USA)	The SpongeBob SquarePants Movie basiert auf dem gleichnamigen Film und schickt SpongeBob in ein neues Abenteuer. König Neptuns Krone wurde gestohlen, und Mr. Krabs wird beschuldigt. Trotz einer verpassten Beförderung macht sich SpongeBob mit seinem treuen, aber tollpatschigen Freund Patrick auf den gefährlichen Weg nach Shell City, um die Krone zurückzuholen und Mr. Krabs zu retten. Spiele als SpongeBob und Patrick, setze coole Team-Moves wie den Parachute Glide oder Butt Stomp ein, und treffe bekannte Freunde sowie mächtige Gegner. Fahre den „Patty Wagon“ und entdecke Bonusbereiche, Belohnungen und versteckte Mini-Spiele.
Spy Hunter (USA) (En,Ja,Fr,De,Es)	Eines der beliebtesten Arcade-Spiele der Geschichte kann so verkleinert werden, dass es in Ihre Handfläche passt. Von der unverwechselbaren Musik bis zur krönenden Bootstransformation tut diese Übersetzung alles, um das ursprüngliche Münzabenteuer nachzubilden, ohne den Nervenkitzel zu verlieren. Versuchen Sie mit dem blitzschnellen G-6155 Interceptor, einem Fahrzeug, das vom Auto über das Boot bis zum Motorrad wechseln kann, die N.O.S.T.R.A. zu erobern. zerstören. Sie nutzen Ölteppiche, Nebelwände und Raketen, um Ihre Feinde von der Straße, aus der Luft und unter die Wasseroberfläche zu stoßen. Diese Version von SPYHUNTER dient eigentlich als eine Art Update zum Original, da es sieben reale Orte gibt, an denen Sie Ihre Entschlossenheit testen können, und das Gameplay jetzt missionsbasiert ist. Auch die Grafik wurde leicht überarbeitet, die Darstellung erfolgt nahezu in 3D.
Spy Kids 3-D - Game Over (USA)	Alle Spy Kids aufgepasst! Zeit, sich für euer nächstes Abenteuer in der 3. Dimension zu rüsten. Du hast schon mal Videospiele gespielt, aber so etwas noch nie! Tauche ein in die Welt eines 3-D-Videospiels und erlebe, wie es ist, auf der anderen Seite des Bildschirms zu spielen. Features: * Spiel als Juni und rette Carmen * 12 actiongeladene Levels und rasante Mega Cycle Races * Kämpfe gegen den bösen Toymaker, Riesenroboter und lavaschleudernde Monster
Spyro - Attack of the Rhynocs (USA)	In einem schrecklichen Missgeschick haben Spyro, Sparx und der Professor versehentlich ein Loch in das Gefüge des Raumes zwischen den Rhynoc- und Dragon Realms gerissen. Jetzt, auf Befehl des schwer fassbaren Ripto, strömen Scharen von Rhynocs in die Drachenreiche in einem weiteren Versuch, das Leben elend zu machen. Als Spyro, Agent 9 oder Sergeant Byrd musst du dem Professor helfen, das Loch schnell zu schließen, bevor das Tor zu groß wird und die beiden Reiche miteinander verschmelzen - dauerhaft. Du kannst Spyros neue Fähigkeiten nutzen, einschließlich Head-Butt Slam, Cyclone Attack, Phoenix Vision und mehr.
Spyro - Season of Ice (USA)	Drachen haben einen schlechten Ruf und müssen sich ständig vor Drachentötern in Acht nehmen. Spyro blieb davon zwar meist verschont, doch leicht hatte auch er es nie. Nach seinen gefährlichen PlayStation-Abenteuern – einschließlich des Sieges über die böse Zauberin – hätten Spyro und seine Freunde eine Pause an den Dragon Shores verdient. Aber neues Unheil zieht auf: Für den kommenden Game-Boy-Advance-Titel wartet schon das nächste Abenteuer auf den kleinen Drachen.
Spyro 2 - Season of Flame (USA)	Spyro zeigt die Fähigkeit, eine Explosion von eisiger Luft zu atmen Der Spieler kontrolliert Spyro den Drachen, der durch die Drachenreiche reisen und die gestohlenen Glühwürmchen bergen muss. Glühwürmchen sind an vielen Orten zu finden, egal ob sie auf freiem Raum laufen oder sich hinter Hindernissen verstecken. Glühwürmchen können manchmal als Belohnung für die Durchführung von Aufgaben für die Bürger der Drachenreiche empfangen werden. Einmal gefunden, können Glühwürmchen durch Spyros Eisatmung eingefroren werden, so dass Spyro sie sammeln kann. [5] In Drachenreichkann Spyro auf mehrere andere Ebenen zugreifen, indem es durch Portale geht. Wenn er ein Portal betritt, wird Spyro in eine Welt versetzt, in der er auf Kreaturen trifft, die sich Sorgen machen, in Rhynocs einzudringen.
Spyro Orange - The Cortex Conspiracy (USA)	Ripto und Neo Cortex, die beiden Erzfeinde von Spyro, haben sich verbündet, um ihren Plan von der Weltherrschaft endlich in die Tat umzusetzen. Mit Hilfe von alten, längst in Vergessenheit geratenen Portalen können sich die zwei Schurken nun frei zwischen den beiden Welten bewegen und schicken ihre bösartigen Untertanen los, um die friedvollen Welten der beiden Helden zu beherrschen.
SSX 3 (USA, Europe)	Es gilt, einen riesigen Berg zu erkunden, in dem der Spieler völlig in das Schneeparadies eintauchen kann. Ein einzigartiger Aufstieg erwartet den Spieler, und wenn er den Gipfel erreicht hat, gibt es den ultimativen Ride: ein unglaubliches Areal zum Boarden, zum Erforschen und für ausgedehnte Wettkämpfe. Der Spieler findet in dieser einzigartigen Bergwelt offene Strecken mit hervorragendem Schnee sowie Trick-Events, Railparks, Rennstrecken und unglaublichen Half-Pipes. Hier gilt es, neue Tricks zu bewältigen und gegen neue Gegner zu bestehen. Das SSX-Team hat ca. zwei Jahre daran gearbeitet, die zentralen Elemente nicht nur zu verändern, sondern von Grund auf neu zu erstellen. Es wurden viele neue Erfahrungen sowie unterschiedliche Spielmodi integriert. Der Spieler kann als eingefleischter Snowboard-Veteran oder als lernfreudiger Anfänger ins Spiel einsteigen. Außerdem kann er andere Fahrer herausfordern oder sich an die größte Herausforderung überhaupt wagen - den Berg selbst.
SSX Tricky (USA, Europe) (En,Fr,De)	Verrückte Fahrer aller Nationalitäten, stratosphärische Tricks, die den Gesetzen der Physik trotzen, und harte Wettkämpfe, bei denen Schläge mehr als ratsam sind, stehen auf der Speisekarte von SSX Tricky, einem superstarken Snowboard-Spiel für den GBA.
Stadium Games (USA)	Stadium Games ist ein Sportspiel im Stil einer Olympiade, bei dem du in sechs Disziplinen antreten kannst: 1. Schießen 2. Bogenschießen 3. Speerwerfen 4. Fußball 5. Stabhochsprung 6. Hammerwurf Es gibt zwei Spielmodi. Der erste ist der Übungsmodus, bei dem ein Spieler jederzeit ein beliebiges Ereignis spielen kann, ohne die anderen zu durchlaufen. Der zweite ist das Turnier, bei dem ein oder zwei Spieler an einem Gerät alle Ereignisse durchspielen können. Für jedes Ereignis erhält der Spieler Punkte, und es gibt eine Highscore-Tabelle für die Gesamtpunktzahl.
Star Wars - Episode III - Revenge of the Sith (USA) (En,Fr,Es)	Star Wars Episode III: Die Rache der Sith auf Game Boy Advance führt Sie an der Seite von Obi-Wan Kenobi und Anakin Skywalker ins Herz der düsteren Handlung des Films. Um sich den Horden kampfbereiter Feinde zu stellen, sind Stärke und Lichtschwerter erforderlich. Das Schicksal der Republik liegt in Ihren Händen. Sie müssen die Wege der Macht meistern und ihren dunkelsten Versuchungen widerstehen. - Setzen Sie tödliche Waffenkombinationen und Manöver ein, um legendäre Star Wars-Bösewichte wie General Grievous und Count Dooku zu besiegen. - Entdecken Sie beeindruckende Jedi-Kräfte, darunter Force Push, Saber Throw und Jedi Mind Trick. - Fliegen Sie Schiffe in actiongeladenen Luftkämpfen für bis zu vier Spieler. - Steigern Sie das Level Ihres Charakters, indem Sie beim Abschluss jeder Phase Punkte sammeln.
Star Wars - Flight of the Falcon (USA)	Star Wars: Flight of the Falcon ist ein Actionspiel, das für den Gameboy Advance erhältlich ist. Der Spieler schlüpft in die Rolle von Han Solo, der den Millennium Falcon, den X-Wing oder einen Motorrad-Jet steuert und Missionen der Rebellenkräfte erfüllen muss. Es warten fast 14 Missionen auf dich, in denen du die Schlüsselmomente der Episoden IV, V und VI erleben kannst.
Star Wars - Jedi Power Battles (USA)	Von 10.000 Jedi der gesamten Galaktischen Republik wurde einerauserwählt, um vor den Hohen rat der Jedi zu treten umd eine Mission von gößter Wichtigkeit zu übernehmen. in den tiefsten Weiten der Galaxis hat die gierige Handelsföderation eine illegale Blockade errichtet, die den Warenaustausch mit dem fridlichen Planeten Naboo verhindert. die Aufgabe der Spielers besteht darin, mit Hilfe seines Lichtschwertes die Bedrohung durch die Handelsföderation auszuschalten und den Palast von Theed zurückzuerobern. Die Macht wird stark sein in den Händen des Spielers, aber der Widerstand, mit dem er konfrontiert wird, ist möglicherweise noch stärker. Droidekas, die das Schlachtschiff der Föderation bewachen, Kampfdroiden, die entlang der Straßen von Theed patrouillieren sowie ein bedrohlicher Sith-Krieger werden seine Fähigkeiten auf eine harte Probe stellen. Der Spieler hat die Wahl zwischen den 3 mächtigen Jedi-Rittern Obi-Wan Kenobi, Qui-Gon Jinn und Mace Windu. In 10 abwechslungsreichen Leveln trifft er in rasanten Lichtschwertgefechten auf spezialisierte Droiden, gefähliche Bestien der Planeten Tatooine bzw. Naboo und steht schließlich dem gefürchteten Darth Maul gegenüber
Star Wars - The New Droid Army (USA)	Im Spiel wird Anakin Skywalker geschickt, um Gerüchte zu untersuchen, dass die Separatisten eine neue Art von Droiden erschaffen, die anderen Droiden überlegen und für Lichtschwerter unverwundbar ist. Anakin reist nach Tatooine, wird aber von Aurra Sing verfolgt und hält ihn schließlich von Jabba the Hutt gefangen. Anakin explodiert und wird nach Coruscant gerufen. Dort jagt Anakin einen dunklen Jedi namens Trenox und besiegt ihn. Er entdeckt Graf Dookus Plan, das Jedi-Archiv zu zerstören. Anakin hält ihn auf, aber Dooku entkommt. Anakin wird dann nach Metalorn geschickt, wo er die Cortosis-Droidenfabrik zerstören und Wat Tambor, den Anführer der Techno Union, gefangen nehmen muss. Anakin erfüllt beide Ziele, muss sich jedoch Graf Dooku stellen, wenn er die Fabrik verlässt. Anakin besiegt Dooku und geht weiter.
Star Wars Trilogy - Apprentice of the Force (USA) (En,Fr,Es)	Zum ersten Mal erscheint die legendäre Star Wars-Filmtrilogie auf dem Game Boy Advance. Spieler erleben die aufregendsten und unvergesslichsten Szenen aus Star Wars: Eine neue Hoffnung, Das Imperium schlägt zurück und Die Rückkehr der Jedi-Ritter. Kontrolliere Luke, während er ein Jedi wird, kämpfe gegen Darth Vader und Boba Fett, entkomme der furchterregenden Rancor-Bestie und zerstöre den Todesstern.
Star X (World) (En,Fr,De,Es,It,Nl) (Evercade)	Sie wurden als Friedensbotschafter zu einer neu entdeckten Alienrasse geschickt, nur um herauszufinden, dass diese keinen Frieden, sondern die Menschheit als Sklaven will. Sie müssen sich Ihren Weg zurück zur Erde erkämpfen, um die Menschheit vor der Bedrohung durch diese Aliens zu warnen. Das Gameplay besteht aus Third-Person-Shootern, mit Perspektive hinter dem Raumschiff, wobei Sie in jedem Level unterschiedliche Waffen, Waffen-Upgrades und Schild-Power-Ups einsammeln können. Einige Level enden mit einem Bosskampf, während Sie in anderen einfach eine Aufgabe erfüllen müssen, z. B. alle Weltraumminen in einem bestimmten Level zu zerstören, bevor Sie weitermachen können.
Starsky & Hutch (USA)	In Starsky & Hutch, das auf der Fernsehserie der 70er Jahre basiert, rasen Sie in Starskys knallrotem Ford Torino durch Bay City, während Hutch mit seiner .357 Magnum auf Kriminelle zielt - aber glauben Sie nicht, dass das eine Vergnügungsfahrt wird. Wenn Ihre Fahr- und Schießkünste die Fernsehzuschauer nicht in Atem halten können, sinken die Einschaltquoten, die Serie wird abgesetzt, und das Spiel ist vorbei. Du glaubst nicht, dass du den Highspeed-Kick allein bewältigen kannst? Suchen Sie sich einen Partner und lassen Sie ihn drehen, während Sie fahren.
Street Fighter Alpha 3 (USA)	Street Fighter Alpha 3 ist ein 1-gegen-1 Prügelspiel und der dritte Teil der Alpha-Reihe, deren Handlung zwischen dem ersten Street Fighter und Street Fighter II angesiedelt ist. In Japan trägt es den Titel Street Fighter Zero 3. Mit über 30 Kämpfern vereint das Spiel fast alle Charaktere aus Street Fighter II und den Alpha-Titeln. Neu ist vor allem die Wahl zwischen drei Kampfstilen: A-ISM, V-ISM und X-ISM. Verfeinertes Gameplay und der markante Anime-Look ergänzen das Paket. Alpha 3 erschien zunächst in der Spielhalle und später für zahlreiche Konsolen, oft mit unterschiedlichen Zusätzen im Titel.
Street Jam Basketball (USA, Europe)	Illegal aus dem Untergrund: Ein Street Jam Match wird nur von den schnellsten und härtesten Basketball-Spielern gewonnen. Wähle dein Team und stürme auf den Platz für glühende &quot;Three-on-Three&quot; Matches auf fünf verschiedenen Courts, angefangen vom verdreckten Hinterhof über den lauten Flughafen bis hin zum sonnenüberfluteten Strand. Du brauchst Taktik und Aggressivität. Du brauchst jeden gemeinen Trick um Bälle zu stehlen, Dunks zu blocken und um selbst zu punkten. Mache deinen Weg nach oben an die Spitze und besiege deine Gegner in fünf verschiedenen Spielmodi.
Street Racing Syndicate (USA)	In Städten wie L.A., Philadelphia und Miami treiben Crews von Importtunern jede Nacht ihre Nitrobesessenheit auf die Spitze. Ob bei unterirdischen oder sanktionierten Rennen, auf der Rennstrecke oder in den Straßen der Stadt - hohe Geschwindigkeiten bringen hohe Risiken mit sich. Und ernsthaften Rausch. Wählen Sie im Street Racing Syndicate Ihre Rennen sorgfältig aus. Ihr Gegner könnte mehr unter der Haube haben, als es den Anschein hat. Betrachten Sie dies als Ihren Einstieg in die Untergrundwelt der Straßenrennen.
Strike Force Hydra (USA)	Du gehörst zu einem Elite-Kampfteam namens Strike Force Hydra. Sie und Ihr Geschwader müssen den Feind besiegen! Steuern Sie Ihr Hovership durch die aquatischen Schlachtfelder und zerstören Sie den Feind und alles, was er auf Sie abfeuert.
Stuart Little 2 (USA, Europe)	In der Rolle des liebenswerten, tüchtigen Stars Stuart rennt, weicht aus, fährt, fährt Skateboard, springt und fliegt der Spieler in einem actiongeladenen Plattform-Adventure-Spiel. Der Titel folgt der Handlung des Films und fordert die Spieler heraus, das Verschwinden von Stuarts neuem besten Freund Margalo und Mrs. Littles Ehering aufzuklären. Zu den Aktivitäten gehören Wettrennen, der Kampf gegen herausfordernde Feinde, das Steuern eines Flugzeugs und die Fahrt mit Heliumballons durch 10 abwechslungsreiche Level. Über das Game Boy Advance Game Link Cable können die Spieler als Stuart oder Margalo gegeneinander antreten und sich spannende Rennen liefern.
Stuntman (USA) (En,Fr,Es)	Stuntman ist ein Rennspiel für den Gameboy Advance. Werde vom Fahranfänger zum Superstar der Filmstunts. An den 6 verfügbaren Filmsets, die sich in exotischen Kulissen befinden, hast du Zugang zu 10 verschiedenen Fahrzeugen, mit denen du 21 mögliche Stunts ausführen kannst. Je weiter du im Spiel voranschreitest, desto wichtiger werden die Filme und desto höher ist der geforderte Erfolgsprozentsatz.
Summon Night - Craft Sword Monogatari - Hajimari no Ishi (Japan)	Summon Night Swordcraft Story 3: Stone of Beginnings ist ein Action-Rollenspiel von Flight-Plan für den Game Boy Advance. Es ist Teil der Summon Night Spielserie und die Fortsetzung von Summon Night: Swordcraft Story 2. Im Gegensatz zu den vorherigen Spielen ist Summon Night Swordcraft Story 3: Stone of Beginnings das einzige Spiel, das nicht außerhalb Japans veröffentlicht wurde. Der Hauptprotagonist war der Lehrling von Rob und seinem Partner, der Beschwörungsbestie V.E. Eines Tages wurden sie jedoch getrennt, und Rob wurde von einer Beschwörungsbestie getötet, was V.E zum neuen Meister des Hauptprotagonisten machte. Seitdem wird der Hauptprotagonist als sein Meister angesehen.
Summon Night - Swordcraft Story (USA)	Beschwörungsnacht: Swordcraft Story ist ein Rollenspiel, das in der seltsamen Welt von Lyndbaum spielt, einem heiligen Land, das mit vier magischen Dimensionen verbunden ist, aus denen Beschwörer Geister, so genannte Guardian Beasts, herbeirufen können, um ihre Wünsche zu erfüllen.
Summon Night - Swordcraft Story 2 (USA)	In Summon Night: Swordcraft 2 ist der Spieler ein Waisenkind aus dem Clan der Colthearts, das von einem Craftknight (einem Schmied
Super Army War (USA)	In Zeiten des Krieges liegt es an Ihnen, Ihr Flugzeug über die feindlichen Linien zu steuern, um den Gegner anzugreifen und die amerikanischen Bodentruppen zu verteidigen. Im Cockpit eines Hubschraubers oder Kampfflugzeugs müssen Sie Unterdrückungsfeuer abgeben, Raketen auf feindliche Bunker schießen und Soldaten einsetzen, um verlorenes Gebiet zurückzuerobern. Während Sie für Ihr Land kämpfen, denken Sie daran, Zivilisten zu retten, die in das Kreuzfeuer geraten sind. Finden Sie heraus, ob Sie das Zeug dazu haben, 16 Missionen in unterschiedlichem Terrain zu überleben, darunter gefrorenes Ödland und palmengesäumte Strandabschnitte.
Super Bubble Pop (World) (Evercade)	Mit Super Bubble Pop, einer Kombination aus Tetris und Bust-A-Move, steuern Sie einen Charakter am unteren Rand des Spielfelds, mit dem Sie Blasen unterschiedlicher Farbe auf die andere Seite des Spielfelds werfen. Wenn Sie sie auf die Linie werfen, stapeln sie sich in Sechserhaufen. Wenn Sie drei Blasen miteinander verbinden, platzen sie. Wenn Sie sechs Blasen verbinden, bilden die Blasen auf dem Weg einen neuen Stapel davor. Das Ziel des Spiels ist es, alle Blasen vom Spielfeld zu entfernen, aber es gibt auch eine andere Möglichkeit, ein Spiel zu beenden. Während des Spiels werden Token angezeigt. Wenn Sie genügend gesammelt haben, können Sie mit der nächsten Runde fortfahren, unabhängig davon, was Sie auf dem Spielfeld haben.
Super Bust-A-Move (USA) (En,Fr,Es)	Jetzt können Sie eines der berühmtesten und bekanntesten Videospiele überall spielen. Noch lustiger, noch niedlicher und noch mehr Suchtgefahr als jemals zuvor. Eröffnen Sie das Feuer, treffen Sie die Seifenblasen und räumen Sie den Bildschirm leer. Treffen Sie die bunten Blasen, so dass sie aneinander kleben bleiben. Sind drei oder mehr Seifenblasen vereinigt, so explodieren sie von selbst. Aber VORSICHT! Falls Sie es nicht schaffen, die Blasen rechtzeitig zu beseitigen, haben Sie ein großes Problem.
Super Dodge Ball Advance (USA)	Wir schreiben das Jahr 20XX. Dodge Ball ist eine der Top Sportarten in der Welt geworden! Teams aus der ganzen Welt messen sich in Wettbewerben, um das beste Dodge Ball Team der Welt zu werden! FEATURES: - Über 50 niederschmetternde Superwürfe, um den Gegner &quot;abzuschießen&quot; - Zahlreiche Attack-Kombinationen, wie z.B. Cross Attack and Wide Attack stehen zur Verfügung - Wähle aus einem Dutzend Weltklasse-Teams - Brutale Kopf-an-Kopf-Action mit Hilfe des Game Boy Advance Game Link Kabels - Bestimme Dein individuelles Team. Jeder Spieler hat unterschiedliche Eigenschaften. - Einfaches Gameplay für sofortigen Spielspaß.
Super Duper Sumos (USA)	Super Duper Sumos ist ein Action-Spiel, das auf der gleichnamigen Erfolgsserie von Nickelodeon basiert. Es stehen drei 18-jährige Sumo-Ringer zur Auswahl: 1. Boomer, Verteidiger des Friedens 2. Kimo, Verteidiger der Ehre, oder 3. Mamoo, Verteidiger der Wahrheit Die drei altertümlichen Helden reisen in die moderne Welt, um alles Gute zu verteidigen und die böse Ms. Mister und ihre Schergen bei Build and Destroy Incorporated zu besiegen. Alle drei können ihre Körpergröße vergrößern und ihre Spezialkräfte einsetzen, um ihre Feinde zu besiegen. Boomer führt den Gluteus Maximus aus, mit dem er seine Feinde mit seinem Hintern zerquetscht; Kimo führt den Honorable Thunderball aus, bei dem er mit voller Geschwindigkeit auf seine Feinde zuläuft und sie überrollt; Mamoo nutzt seinen Sumo Squeeze, um das Leben aus seinen Feinden zu pressen. Gemeinsam müssen sie ihre Kräfte einsetzen, um die Welt zu retten.
Super Ghouls'n Ghosts (USA, Europe)	Als unerschrockener Ritter Arthur bist du in die gefährlichsten Quests verwickelt! Das Königreich wurde verzaubert. Ihre schöne Jungfrau, Prinzessin Prin Prin, wurde vom bösen Kaiser geschnappt. Nur als Arthur kannst du sie von den Kreaturen der Untoten zurückholen, die das Land heimsuchen. Testen Sie Ihren Mut und Ihr Können bis an die Grenzen. Sie müssen die Suche fortsetzen. Auf Ihrer Reise erwartet Sie Ihre mächtigste Waffe von allen ... MAGIE!
Super Hornet FA 18F (USA, Europe)	In der F-18 Super Hornet werden die Spieler mehr als 19 verschiedene Land- und Seemissionen in echten irakischen Städten unternehmen, um die Koalition zu verteidigen und die aufständischen Streitkräfte mit einer Reihe leistungsstarker Waffen zu besiegen.
Super Mario Advance (USA, Europe)	Super Mario Advance ist die Adaption von Super Mario Bros 2 auf NBA, die auf NES veröffentlicht wurde. Diese Episode markiert einen Wendepunkt in der Serie, da sie die Möglichkeit bietet, seinen Charakter zu wählen. Verkörpern Sie das berühmte Tandem der Mustachio-Klempner, Prinzessin Peach oder ihre Begleiterin Toad, in einem magischen Abenteuer. Sie müssen die Bewohner der Traumwelt vor den Fängen der unedlen Warze, des batrachischen Tyrannen, retten. Diese Version bietet als Bonus eine überarbeitete Version des Spiels Mario Bros.
Super Mario Advance 2 - Super Mario World (USA, Australia)	„Super Mario World: Super Mario Advance 2“ bringt den Klassiker vom Super NES auf den Game Boy Advance. Bowser und seine Koopalings haben Dinosaur Island übernommen, und Mario und Luigi müssen mit Yoshi reiten, P-Schalter finden, geheime Pfade entdecken und Feuerbälle sprengen, um die Insel zu retten. Mit allen 96 Levels, von der Star Road bis zum Wald der Illusionen, bietet das Spiel das komplette Abenteuer mit neuen Funktionen. Spiele als Mario oder Luigi, der höher springen und fliegen kann. Außerdem kannst du im Mehrspielermodus das Arcade-Spiel „Mario Bros.“ mit bis zu vier Spielern genießen.
Super Mario Advance 3 - Yoshi's Island (USA)	Yoshi's Island: Super Mario Advance 3 lässt uns den Ursprung der Brüder Mario und Luigi entdecken. Während ein Storch die beiden Babys zu ihren Eltern bringt schlägt ihn der Zauberer Kamek, um ihn daran zu hindern sein Ziel zu erreichen. Kamek hat vorausgesagt, dass Mario und Luigi in der Zukunft ein Problem für seinen Meister Bowser darstellen würden. Kamek gelingt es Luigi zu entführen, aber Mario landet auf Yoshis Insel. Die beiden organisieren sich, damit Mario seinen Bruder wieder findet.
Super Mario Advance 4 - Super Mario Bros. 3 (USA)	In Super Mario Advance 4: Super Mario Bros. 3 begleitest du Mario auf seinem größten Abenteuer im Mushroom Kingdom. Bowsers sieben Kinder haben die Zauberstäbe der Könige gestohlen und sie in Tiere verwandelt. Nur Mario kann die Truppen von Bowser aufhalten, die Stäbe zurückholen und das Königreich retten. Dich erwarten 8 verschiedene Welten mit über 80 Levels voller Abwechslung. Mit neuen Moves wie Schwimmen, Rutschen oder Fliegen in speziellen Outfits und mit mächtigen Power-Ups eröffnen sich dir viele Möglichkeiten. Mario spricht diesmal sogar, was das Spiel noch lebendiger macht. Zusätzlich gibt es Items wie die Wolke, mit der du ganze Welten überspringen kannst. Und auch Mehrspielerspaß ist garantiert – zu zweit in Super Mario Bros. oder zu viert in Mario Bros. Classics.
Super Monkey Ball Jr. (USA)	Basierend auf der gleichnamigen Gamecube-Serie haben Sie mit Super Monkey Ball Jr. die Kontrolle über Arenen im 3D-Stil mit jeweils unterschiedlichen Schwierigkeitsgraden und Zielen. Ihr kleiner Affe in einem Ball ist auf Ihre Bewegung in der Arena angewiesen, um die erforderlichen Ziele zu erreichen (Sammeln von Gegenständen, Erreichen der Ziellinie innerhalb eines bestimmten Zeitlimits usw.). Abgesehen von der Einzelspieler-Puzzle-Erfahrung (die mehr als 60 Arenen umfasst) können bis zu vier Personen eine Sammlung von Minispielen spielen (die Sie im Einzelspieler-Spiel freischalten müssen). Spielen Sie Affen-Bowling (auch bekannt als Ten-Pin-Bowling), Affenkampf (werfen Sie den Affenball der anderen 3 Spieler aus der Kreisarena) oder eine 18-Loch-Minigolf-Herausforderung.
Super Puzzle Fighter II (USA)	Capcoms umwerfende Puzzle-Spiel-Action, die im Street Fighter-Universum angesiedelt ist, kommt auf den Game Boy Advanced. Super Puzzle Fighter wird als eines der besten Puzzlespiele aller Zeiten gepriesen und ist vollgestopft mit wilden Wettkämpfen, winzigen Charakteren und energiegeladenem Wahnsinn ohne Ende. Stapeln Sie die herabfallenden farbigen Edelsteine sorgfältig in strategischen Kombinationen. Wenn der richtige Moment gekommen ist, kannst du einen Edelstein zum Platzen bringen, um deine Blöcke zu zerstören. Sieh zu, wie dein Charakter eine Kombo ausführt und eine Salve von Kontersteinen auf deinen Gegner regnen lässt. Sei der Erste, der den gegnerischen Bildschirm mit Edelsteinen füllt und den anderen Spieler k.o. schlägt. Enthält acht Charaktere aus den Dark Stalkers- und Street Fighter-Franchises, darunter Ryu, Ken und Chun-Li.
Super Real Mahjong Dousoukai (Japan)	Super Real Mahjong Dousoukai ist ein weiteres Mahjong-Spiel mit Anime-Mädchen im Teenageralter, von denen man Bilder in Bikinis bekommen kann, wenn man sie besiegt.
Super Robot Taisen - Original Generation (USA)	Im Gegensatz zu einigen anderen Werken der Saga enthält Super Robot Taisen: Original Generation enthält nur Originalkreationen des Entwicklers Banpresto. Der Spieler kann diese Episode beginnen, indem er einen der beiden vorgeschlagenen Protagonisten verkörpert, die jeweils ihr eigenes Szenario haben. Zum ersten Mal in der Serie kann der Spieler seine Roboter individuell gestalten und ihre Ausrüstung und Waffen auswählen.
Super Robot Taisen - Original Generation 2 (USA)	Die Schlacht wütet weiter! Nach einem brutalen Krieg gegen die außerirdische Armada kehrt langsam Frieden auf dem Planeten Erde ein. Doch die Welt kann sich nicht lange ausruhen, denn neue Kräfte tauchen auf und drohen, die Erde erneut in die Knie zu zwingen. Setzen Sie all Ihre Gerissenheit und Ihr taktisches Geschick ein, um die besten und klügsten Mech-Piloten zu befehligen, die die Welt je gesehen hat, und die Menschheit vor Feinden zu retten, die die menschliche Rasse beherrschen - oder schlimmer noch, ihre Existenz vernichten wollen.
Super Robot Taisen A (Japan)	Die Geschichte von Super Robot Wars A dreht sich um eine Organisation namens Shadow-Mirror, die in einer Parallelwelt existiert, in der sich die Ereignisse anders abgespielt haben als in der Welt des Originalspiels, so dass sich der Zustand der Welten unterscheidet, auch wenn er manchmal ein wenig ähnlich ist. Ihr Anführer, Vindel Mauser, wünscht sich eine Welt des ewigen Krieges, um die Menschheit durch Krieg zu verbessern. Sein Plan ist es, seine Agenten in eine andere Dimension zu schicken, die Verteidigungskräfte der Welt auszuspionieren, um Anpassungen am Angriff vorzunehmen, und sie schließlich zu erobern.
Super Robot Taisen D (Japan)	Super Robot Wars Destiny ist ein rundenbasiertes Strategiespiel, das viele berühmte japanische Mecha-Animes aufgreift. Es war der vierte Teil der Serie auf dem Gameboy Advance und spielt in einer post-apokalyptischen Welt, kurz nach dem Beginn von Getter Robo Armageddon, wo eine nukleare Explosion den Großteil der Menschheit auslöscht. Während andere Fraktionen ihren eigenen Aktivitäten nachgehen, stellen sie schockiert fest, dass die Erde versiegelt und vom Antlitz des Universums verschwunden ist. Die drei Hauptprotagonisten müssen den Grund für die Versiegelung herausfinden und herausfinden, wie man sie aufhalten kann. Im Laufe der Reise wird der Spieler gegen den Antagonisten Ruina antreten, eine zerstörerische Rasse, die den Rest des Universums in Trümmern sehen will.
Super Robot Taisen R (Japan)	Raul/Fiona und ihre beiden Freunde testen ihre Maschine, die Excellence, werden aber mitten im Test angegriffen und die Basis wird zerstört. Sie senden ein SOS aus, das von der Ra Calium und der Nadesico empfangen wird. Wer wird überleben?
Super Street Fighter II Turbo - Revival (USA)	Capcoms zeitloses Meisterwerk, Street Fighter™ II, hat den Game Boy Advance mit dieser einzigartigen Version erobert: 16 Kämpfer und mehr Modi, als sich Fans von Kampfspielen wünschen können!nnSuper Street Fighter II Turbo Revival bietet mehr als ein halbes Dutzend unterschiedliche Modi, von Arcade bis Team-Kampf und Zeit-Attacke zu Missionen. Und natürlich sind alle deine Lieblingskämpfer dabei, von Akuma bis Zangief.
Superman - Countdown to Apokolips (USA)	Superman - Countdown to Apokolips: Agenten von Darkseid kommen auf die Erde, um Superman auszuschalten. Unterdessen entführt der Schurke Kalibak Lois Lane und Supermans Feinde; Livewire, Metallo und Bruno Mannheim fliehen aus dem Gefängnis.
Superman Returns - Fortress of Solitude (USA, Europe) (En,Fr,De,Es,It)	Inspiriert durch den Warner Bros. Pictures-Film und mehr als 60 Jahre DC Comics-Geschichte. Als Mann aus Stahl verbesserst du deine weltfremden Superkräfte wie Flug, Röntgenblick, Hitzeblick, Supergehör, Superstärke, Supergeschwindigkeit und Superatem, um Schurken zu bekämpfen, die nur Superman besiegen kann.
Surf's Up (USA) (En,Fr,Es)	Surfs Up ist ein Surfspiel, das auf dem gleichnamigen Animationsfilm basiert. Die Game Boy Advance-Adaption des Spiels hat insgesamt 5 Spieler (2 sind von Anfang an verfügbar), 5 Zonen mit jeweils 1 bis 3 Levels und die Championship- und Minigames-Modi.
Sutakomi - Star Communicator (Japan)	Sutakomi: Star Communicator ist ein Spiel von Konami, das auf traditionellen Spielen im Stil der Haustierzucht basiert. Dieser Titel unterstützte auch den Mobile GB Adapter, der es den Spielern ermöglichte, Post online zu senden und zu empfangen, Gegenstände für das Haustier zu kaufen und bezahlte Inhalte wurden auch in gewisser Weise für eine &quot;Sternenehe&quot;-Funktion verwendet.
Sweet Cookie Pie (Japan)	Sweet Cookie Pie ist ein Action-RPG-Spiel, in dem die Hauptfigur versucht, Koch zu werden. Indem sie verschiedene Gerichte in rhythmusbasierten Minispielen kocht, verbessert sie ihre Fähigkeiten und kann sich neue Ausrüstung zum Kochen kaufen.
Sword of Mana (USA, Australia)	Sword of Mana ist ein Remake von Mystic Quest und verbindet Action-Adventure mit Rollenspielelementen. Du steuerst frei durch die Spielwelt und kämpfst in Echtzeit gegen Gegner, während Werte wie Angriff oder Verteidigung den Schaden bestimmen. Bei Levelaufstiegen kannst du Berufsklassen wählen, was den Figuren unterschiedliche Stärken verleiht. Die Geschichte dreht sich diesmal nicht nur um den Helden mit dem Schwert, sondern auch um eine Heldin, die als zweite Hauptfigur eingeführt wurde. Beide besitzen ihre eigenen Handlungsstränge, die sich im Verlauf verweben. Der Antagonist ist der finstere Schattenherrscher, der die Welt bedroht.
Sylvanian Families - Fashion Designer ni Naritai! - Kurumi-risu no Onnanoko (Japan)	Die fünfte Episode in der Sylvanian Family-Franchise für den Game Boy und Game Boy Advance, ein kleines flauschiges Eichhörnchen wird der Auserwählte, der Sylvania Valley vor dem großen Bösen retten muss... aber sie will nur hübsche Kleidung entwerfen!
Sylvanian Families - Yousei no Stick to Fushigi no Ki - Marron-inu no Onnanoko (Japan)	Das letzte Spiel in der Sylvanian Family-Serie für den Game Boy und Game Boy Advance. Als ein Panda-Mädchen auf der Suche nach einem mysteriösen Baum in das Sylvanian-Dorf kommt, versammeln sich alle Dorfbewohner, um ihr zu helfen. Verbringen Sie Zeit in der Schule für einige Minispiele, sammeln Sie einige Materialien und nahen Sie Ihre eigene Kleidung!
Sylvanian Families 4 - Meguru Kisetsu no Tapestry (Japan)	Sylvanian Families 4 ist eine Fortsetzung der ursprünglichen Spiele für den Game Boy und den Game Boy Color und basiert immer noch auf der beliebten Sylvanian-Spielzeugserie des japanischen Herstellers Epoch. In diesem gewaltfreien und familienfreundlichen Rollenspiel sorgst du für das Wohlergehen deiner Familie, indem du dich um dein Haus kümmerst und deine Kinder erziehst.
Tactics Ogre - The Knight of Lodis (USA)	Übernehmen Sie die Rolle von Alphonse, einem Ritter aus Galizien, der auf eine Mission geschickt wurde, um die Absichten des verdächtigen Regierungsorgans des Heiligen Lodis-Reiches zu untersuchen und das Geheimnis von Ovis zu lösen. Unterwegs werden Sie viele Prüfungen und Schwierigkeiten erleben, aber Sie müssen die unerbittlichen Schlachten überleben und die Fähigkeiten Ihrer Charaktere entwickeln, um Ihr wahres Schicksal zu offenbaren.
Taiketsu! Ultra Hero (Japan)	In diesem Kampfspiel, das im Ultraman-Universum angesiedelt ist, steuert der Spieler mehrere Helden der Serie (Ultraman, Ultraseven, Ultraman Jack, ...) gegen schurkische Kaiju, die versuchen, die Erde zu zerstören (Dinosaurier-Panzer, Tyrant und andere)
Tak - The Great Juju Challenge (USA, Europe)	Tak, jedermanns Lieblingsschamane, ist zurück in einem weiteren Plattform-Abenteuer, das in seiner mystischen Stammeswelt spielt, in der Magie (Juju) tatsächlich funktioniert. Ein innovativer kooperativer Spielstil für zwei Spieler kombiniert einzigartige Rätsel, zeitbasierte Strategien und ein robustes Kampfsystem, bei dem die Spieler verrückte Konkurrenten besiegen müssen, um die größte Belohnung zu erhalten, die die großen Jujus je gegeben haben.
Tak 2 - The Staff of Dreams (USA)	Das Gameplay ist fast identisch mit dem des ursprünglichen Tak-Spiels, wobei Taks Waffe immer zur Hand ist und das Mana durch die Anzahl der Federn und nicht durch eine Anzeige dargestellt wird. Das Spiel findet an verschiedenen Orten statt, z. B. in tropischen Wäldern, Canyons, Vulkangebieten, verschneiten Tundren und anderen rauen Umgebungen. Es gibt auch eine Reihe von Dimensionsstufen in der Traumwelt. Tak erhält Hilfe von Tieren, von denen einige im ersten Spiel noch nicht vorkamen. In diesem Spiel wird Taks Juju-Magie ausgelöst, indem er eine Taste gedrückt hält und Kombinationen aus anderen Tasten drückt. Außerdem erhält Tak im Laufe des Spiels nach und nach Juju-Kräfte, anstatt sie suchen zu müssen.
Tak and the Power of Juju (USA)	Wie in der Konsolenversion dieses Spiels geht es in Tak and the Power of Juju um den bösen Schamanen Tlaloc, dem prophezeit wurde, dass er die Mondsteine stehlen und damit den Untergang des Mond-Juju herbeiführen würde. Lok, der Lehrling, wurde ausgebildet, um den bösen Schamanen zu bekämpfen, als er auftauchte, aber jetzt wurden Lok und die anderen Dorfbewohner in Schafe verwandelt, und nur Tak blieb zurück. Die Gameboy Advance-Version von Tak and the Power of Juju ist ein seitlich scrollendes Actionspiel. Du spielst dich durch acht Welten, jede mit mehreren Levels. Tak beginnt mit einem Blasrohr und wird im Laufe seines Abenteuers auch einen Knüppel in die Hand nehmen. Zur Abwechslung gibt es auch Schwimm- und Fluglevel.
Tales of Phantasia (USA, Australia)	Als die jungen Abenteurer Cress und Chester in ihre Heimatstadt zurückkehren und sehen, dass diese zerstört und ihre Familien erschlagen wurden, schwören sie, heraus zu finden, wer hierfür verantwortlich ist – und somit nimmt ein unvergessliches Fantasy-Rollenspiel seinen Anfang. Ursprünglich ein großer Hit auf dem SNES in Japan, kannst du Tales of Phantasia jetzt selbst entdecken. Die Kampfszenen zeichnen sich durch detailierte und gut animierte Charaktere aus, und das Kampfsystem unterzieht deine Reaktionsfähigkeit einem Härtetest. Lenke deine Gruppe aus drei Abenteurern mit taktischem Geschick, und übernimm dann die Rolle des zentralen Helden Cress. Du verteilst heftige Schläge und vernichtest den Gegner mit magischen Angriffen in Echtzeit, ganz wie in einem Actionspiel; deine Begleiter kämpfen eigenständig an der von dir vorgegebenen Stelle. Du wirst bei der Suche in Verliesen, Höhlen und an anderen dunklen Orten alles geben müssen, um den Zauberer zu finden, der deine Stadt zerstört hat...
Tales of the World - Narikiri Dungeon 2 (Japan)	Tales of the World: Narikiri Dungeon 2 ist ein Rollenspiel, das 2002 von Telenet Japan entwickelt und von Namco für den Game Boy Advance veröffentlicht wurde. Es ist Teil der Tales of the World-Spin-off-Reihe und die Fortsetzung des ursprünglichen Narikiri Dungeon. Die Geschichte folgt den Zwillingen Frio und Kyaro, die in eine geheimnisvolle Welt transportiert werden, in der sie verschiedene „Narikiri“-Rollen (Cosplay) annehmen müssen, um Gegner zu bekämpfen und die Ursache der dimensionalen Störungen aufzudecken. Das Spiel enthält Charaktere aus der gesamten Tales-Reihe, darunter Tales of Phantasia, Tales of Destiny und Tales of Eternia, und bietet so ein Crossover-Abenteuer, das bekannte Helden mit neuen Figuren kombiniert.
Tales of the World - Narikiri Dungeon 3 (Japan)	Frio und Kyaro, zwei Teenager, lieben Thales Legenden und lesen jeden Tag vor dem Schlafengehen darüber. Nach einem Erdbeben findet Dr. Brown in den Ruinen eine alte Zeitreisemaschine. Damit können sie die Legenden von Thales sehen. Sie gehen schlafen und machen sich bereit für morgen. Bevor er schlafen ging, las Frio noch einmal eine Legende aus Tales. Aber dieser endete seltsamerweise: Der Held ist zu spät und die Welt ist zerstört. Als Frio und Kyaro aufwachen, stellen sie fest, dass die Maschine gestohlen wurde. Kurz nachdem sie es herausgefunden haben, erscheint eine neue Maschinenfarbe. Der einzige, der es verschickte, war Dr. White, Dr. Brown aus 100 Tagen in der Zukunft, dessen Haare vor extremem Stress weiß geworden waren. Diebe ruinieren die Zeitleiste der Thales-Legenden und müssen gestoppt werden. Dr. White braucht jetzt Frio und Kyaro, um die Diebe aufzuhalten, und bringt die Hilfe von Tales of Symphonias Helden Destiny und Eternia mit.
Tales of the World - Summoner's Lineage (Japan)	Tales of the World: Summoner's Lineage für Gameboy Advance ist ein Nebenwerk der Rollenspielserie von Namco. Es spielt in der Welt von Tales of Phantasia und handelt von Fulein K. Lester, einem Beschwörer, der von Klarth abstammt. Der Titel ist strategisch ausgerichtet und bietet ein Kampfsystem in Form eines Spielbretts, auf dem der Spieler seine verschiedenen, zuvor beschworenen Einheiten organisieren muss.
Tanbi Musou - Meine Liebe (Japan)	Ein Versuch von Konami, ein geschlechtergetauschtes Tokimeki Memorial zu entwickeln und an Mädchen zu verkaufen. In diesem Dating-Spiel spielst du ein Mädchen in einer Highschool im fiktiven Land Kuchen um 1937 und tust dein Bestes, um mit mehreren männlichen Klassenkameraden anzubändeln.
Tang Tang (USA)	Im Jahr 3025 werden die friedlichen Planeten des Assoziierten Nexus der Galaxien (TANG) von Horden von Invasoren bedroht, die die natürlichen Ressourcen der Energiekristalle plündern wollen. Ihr Angriff ist schnell und präzise; die Planeten werden fast vollständig von diesen wilden Aliens überrannt. Die TANG, die nun in die Enge getrieben sind, leiten ihre letzte Verteidigungslinie ein. Sie rufen vier superdimensionale Cyborg-Helden herbei. Diese tapferen Soldaten, die wegen ihrer Fähigkeit, feste Blöcke aus dem Nichts herbeizuzaubern, Tangibles genannt werden, setzen ihre Gerissenheit, ihre schnellen Reflexe und ihre Power Bolts ein, um die Energiekristalle zu bergen und die vorrückende Armada zurückzudrängen.
Tantei Gakuen Q - Kyuukyoku Trick ni Idome! (Japan)	Basierend auf einer Manga-Serie, die im Westen als Detective School Q bekannt ist, ist dies die Geschichte einer Gruppe junger Schüler der Klasse Q der Dan Detective School (DDS), einer prestigeträchtigen und renommierten Detektivakademie, die von Morihiko Dan, dem berühmtesten Detektiv Japans, gegründet wurde, und den Abenteuern und Rätseln, die sie gemeinsam erleben und lösen.
Tantei Gakuen Q - Meitantei wa Kimi da! (Japan)	Basierend auf einer Manga-Serie, die im Westen als Detective School Q bekannt ist, handelt die Geschichte von 5 jungen Kindern, die das Talent haben, Top-Detektive zu werden. Top-Detektive zu werden. Sie werden eingeladen, an einigen Tests an der DDS (Dan Detective School) teilzunehmen, die von dem berühmten Detektiv Dan Morihiko geleitet wird. Nachdem sie die Tests bestanden haben, treten die 5 Kinder in Dans Q-Klasse ein, die beste Detektivklasse, die es gibt, und beginnen ein Abenteuer voller Geheimnisse.
Tantei Jinguuji Saburou - Shiroi Kage no Shoujo (Japan)	Die im Westen als &quot;Jake Hunter&quot;-Serie bekannte Tantei Jingūji ist eine beliebte Serie von Detektivspielen, die ihren Ursprung auf dem Famicom hat; Shiroi Kage No Shoujo ist die erste und einzige Episode auf dem Game Boy Advance. Als Jingūji an der Beerdigung seines Freundes teilnimmt, bittet ihn die Mutter des Freundes, eine vermisste Person zu untersuchen, während Polizeiinspektor Kumano ihn bittet, den urbanen Mythos &quot;Yū-chan&quot; zu untersuchen.
Tarzan - Return to the Jungle (USA, Europe)	Basierend auf Edgar Rice Burroughs' klassischer Erzählung folgt Disney's Tarzan: Return to the Jungle den Abenteuern von Tarzan, der auf verschiedenen Quests unterwegs ist, von der Suche nach dem Brunnen der Jugend bis zur Entdeckung des Verlorenen Tals der Dinosaurier. Neben der Möglichkeit, an Lianen zu schwingen, durch gefährliche Gewässer zu schwimmen und Baum-Surfing zu betreiben, wird Tarzan nun auch in der Lage sein, seinen treuen Boomerang, einen mächtigen Speer und seinen berühmten Tierruf zu benutzen, um seine Freunde und sein Zuhause im Dschungel zu beschützen. Auf seinen Abenteuern werden Tarzans Freunde, Jane, Terk und Professor Porter, ihm zur Seite stehen.
Taxi 3 (France)	Taxi 3 basiert auf dem gleichnamigen Film von Luc Besson unter der Regie von Gerard Krawczyk. Der Spieler übernimmt die Rolle der Hauptfigur des Films: Daniel, ein Taxifahrer, der ein hochgetuntes Auto besitzt. Es handelt sich um ein Rennspiel für Gameboy Advance. Setzen Sie sich ans Steuer des berühmten Taxis und erfüllen Sie 12 explosive Missionen, die direkt von der Handlung des Originalfilms inspiriert sind. Hier sind präzises und schnelles Fahren und gute Reflexe gefragt. Im Spielemodus können Sie die großartigsten Momente des Films noch einmal erleben.
Teen Titans (USA) (En,Fr)	Teen Titans bringt dir die Action und die Spannung der erfolgreichen Zeichentrickserie, denn die Totans stehen ihrer bisher größten Bedrohung gegenüber. Tief in der Hive Academy beschließt Bruder Blood, die Teen Titans zu beseitigen, indem er sie klont und sie in den Kampf gegen ihre Doppelgänger schickt. Die Action wird verrückt, während du die Teen Titans durch den härtesten Kampf ihrer jungen Karriere führst!
Teenage Mutant Ninja Turtles (USA)	Spiele als dein liebster Ninja Turtle und stelle in der actiongeladenen Welt dein höchstes Ninja-Können unter Beweis. Nimm den Kampf auf gegen Shredder und seine widerwärtigen Gefolgsleute, die Foot Ninjas: Streife durch die Strassen von New York, ziehe durch die Abwasserkanäle unter der Erde und erkämpfe dir deinen Weg über zahlreiche Dächer. Bewältige in dem herausfordernden Spiel sämtliche Ninjatechniken, entdecke Schriftrollen und schalte spezielle Angriffsbewegungen und Effekte frei. Und kommuniziere mit Splinter, Casey Jones und all den anderen Charakteren der TV-Serie Ninja Turtles.
Teenage Mutant Ninja Turtles 2 - Battle Nexus (USA)	Teenage Mutant Ninja Turtles 2: Battle Nexus ist ein Kampfvideospiel, das 2004 von Konami veröffentlicht wurde. Das Spiel basiert auf der TV-Serie 2003. Das Spiel bietet Cel Shading-Grafiken, eine Kapazität von 4 Spielern und das klassische Arcade-Spiel Teenage Mutant Ninja Turtles als freischaltbar. Leonardo, Donatello, Raphael und Michelangelo sind von Anfang an spielbar, während Karai, Slashuur, Splinter und Casey Jones freigeschaltet werden können. Die Handlung des Videospiels basiert auf dem gleichnamigen Film Teenage Mutant Ninja Turtles: Battle Nexus, der 2004 im Fernsehen ausgestrahlt wurde.
Teenage Mutant Ninja Turtles Double Pack (USA) (En,Fr,De,Es,It)	A two-pack of high-flying, big-kicking, pizza-eating TMNT adventures. Teenage Mutant Ninja Turtles lets players select their favorite Turtle and lead them on a battle against immortal enemy Shredder. Taking on wave after wave of Foot Soldiers, the player is rewarded with unlockable new moves and weapons, while the ever-reliable Master Splinter and Casey Jones are on hand with words of encouragement and tips. Teenage Mutant Ninja Turtles 2: Battle Nexus sees the world under attack once again, with only the Turtles capable of repelling the invasion. More than 30 moves are available to the player as they punch, kick and use flying attacks on the game's huge cast of enemies. Battle Nexus also makes use of Nintendo's Game Boy Advance Game Link cable, allowing up to four players to simultaneously test their ninja skills in massive street battles.
Tekken Advance (USA)	Tekken Advance ist ein Kampfspiel für den Gameboy Advance. Du kannst in die Rolle von 10 Charakteren schlüpfen, die jeweils über 70 verschiedene Angriffe haben. Es gibt 7 Spielmodi: Training, Überleben, Arcade, Zeitfahren und den Tag-Modus, in dem du mehrere Charaktere auswählen und per Knopfdruck während des Kampfes zwischen den Kämpfern wechseln kannst. Die Software kann zu zweit über eine Multikonsolenverbindung gespielt werden.
Tennis Masters Series 2003 (Europe) (En,Fr,De,Es,It,Pt)	¿Estás listo para enfrentarte a los mejores tenistas del mundo? Domina el estilo de uno de los 67 jugadores seleccionables y compite en partidos individuales, dobles y torneos. En el juego están representados los nueve Master Series incluyendo Miami, Roma y París. Con las cuatro clases de golpes (smash, globo, dejada o liftado) puedes crear hasta 60 combinaciones diferentes.
Tennis no Ouji-sama - Aim at the Victory! (Japan)	In diesem Sport-RPG, basierend auf dem berühmten Manga und Anime „Prince of Tennis“, trittst du als neues Mitglied dem Seigaku-Tennisclub bei. Dein Ziel ist es, Freundschaften zu schließen, andere Clubs zu besiegen und deine Fähigkeiten sowie deine Ausrüstung, wie Schläger und Schuhe, zu verbessern, um ein wahrer Champion zu werden.
Terminator 3 - Rise of the Machines (USA)	Be the ultimate weapon. From one of the most successful film franchises of all time comes an action-adventure game of unprecedented power. For the first time ever, play Arnold Schwarzeneggar, in the most hard-edged, butt-kicking role of his phenomenal career: The Terminator.
Tetris Worlds (USA)	Es ist Tetris, wie wir es alle kennen. Lassen Sie unterschiedlich geformte Blöcke in den Behälter fallen und fügen Sie sie zu einer horizontalen Linie zusammen. Die Linie verschwindet. Ihre Aufgabe ist es, so lange wie möglich weiterzumachen, indem Sie den Container von Blöcken befreien. Dies ist das erste Mal auf einem Game Boy-System, dass 4 Spieler Multiplayer-Tetris spielen können, das dem ursprünglichen Tetris weitgehend ähnelt, nur dass, wenn Sie eine Reihe von Blöcken löschen, die Reihe(n) auf dem Bildschirm eines anderen Spielers angezeigt wird/werden.
Three Stooges, The (USA)	Stars aus Fernsehen und Kino, und jetzt auch Stars ihres eigenen Videospiels. Begleite Moe, Larry und Curly (in keiner bestimmten Reihenfolge), die 5000 Dollar sammeln müssen, um ein Waisenhaus und die dort lebenden Kinder vor dem bösen Banker zu retten, während sie gleichzeitig vermeiden müssen, dass ihnen Kuchen ins Gesicht geworfen wird. Mit Plattform-Level-Designs, die auf klassischen Stooge-Szenen aus ihren zahlreichen TV-Episoden und Filmen basieren, und Level-Zielen, die viele ihrer Possen wieder aufleben lassen, sowie den Originalstimmen der Stooges und Stooge-Trivia.
Thunderbirds - International Rescue (Europe)	Jeff Tracy leitet, unterstützt von seinen fünf Söhnen, die Aktivitäten von International Rescue, einer Organisation, die mit technisch hoch entwickelten Fahrzeugen, den Thunderbirds, auf der ganzen Welt todesmutige Eskapaden unternimmt, um Menschen in Not zu retten. Sie übernehmen die Kontrolle über eines der 8 möglichen Fahrzeuge, um die Ihnen zugewiesenen Missionen zu erfüllen. Zu den Missionen gehören die Zerstörung von feindlichen Radaranlagen, die Rettung von Zivilisten usw.
Tiger Woods PGA Tour 2004 (USA, Europe)	&quot;Tiger Woods PGA Tour2004&quot; ist das umfassendste Golfspiel, das auf dem Markt erhältlich ist. In diesem Jahr erhält der Spieler die Chance, seinen ultimativen Golfer zu erstellen, um die Tour zu gewinnen und die Weltrangliste anzuführen. Neu: &quot;Create-A-Golfer&quot;: Der Spieler kann eine unglaublich detaillierte Version von sich selber oder jemand anderem erstellen und es mit Tiger Woods und der PGA TOUR aufnehmen. Es lassen sich sämtliche Eigenschaften und Körpertypen wie Kopfform, Augenfarbe und Hautfarbe anpassen. Ist der Spieler im Spiel erfolgreich, können neue Kleidungsstücke und Accessoires freigeschaltet werden.
Tiger Woods PGA Tour Golf (USA, Europe)	In dieser kleineren Version des großartigen Golfspiels übernimmt der Spieler die Kontrolle über Tiger Woods selbst oder andere weniger berühmte Golfspieler. Der Spieler muss auf das Timing des Schwungs achten und darf den Ball nicht in einen der vielen Bunker schlagen, noch darf er den Schlag zu schwach machen oder das Fairway verfehlen. Das Golfspiel wird auf ein genaues Niveau simuliert und ist ebenso fesselnd wie frustrierend, genau wie das Original.
Tim Burton's The Nightmare Before Christmas - The Pumpkin King (USA, Europe) (En,Fr,De,Es,It)	Sehr zum Missfallen von Jack Skellington und den Bürgern von Halloween Town haben ungewöhnliche Wanzen angefangen, ihre Gemeinde zu befallen. An der Wurzel dieser immer größer werdenden Käferinvasion steht Oogie Boogie, ein früherer Feiertagskönig, der fest entschlossen ist, Halloween zu übernehmen. Mit der Hilfe seiner Freunde, Sally, der Bürgermeisterin und Dr. Finklestein, machen sich Jack und sein vertrauter Kumpel Zero auf die Suche, um die Stadt von Käfern zu befreien und Oogie Boogie davon abzuhalten, seinen bösen Plan auszuführen. Als Jack musst du Oogies gruselige Handlanger mit einem Arsenal verschiedener Waffen bekämpfen und durch Sprengfallen, Labyrinthe und Rätsel navigieren.
Tiny Toon Adventures - Wacky Stackers (USA)	Ein Puzzle-Spiel im Stil von Tetris und Columns im Tiny Toon Universum. Der Spieler muss Cluster von gleichfarbigen Eiern erstellen, die explosive Kettenreaktionen auslösen und versuchen den Bildschirm zu leeren. Man kann gegen den Computer oder gegen bis zu vier menschliche Mitspieler über ein Link-Kabel spielen. Besonders effektive Züge bewirken, dass zusätzliche Elemente auf die Bildschirme der anderen Spieler geschickt werden. Der Spieler kann auch spezielle Züge auslösen, die von Tiny Toon-Charakteren ausgeführt werden, indem er Münzen sammelt.
Titeuf - Mega Compet (France)	Titeuf: Mega Compet ist ein Partyspiel, entwickelt von Eden Games und veröffentlicht von Atari, auf PlayStation 2 und Windows und später auf Game Boy Advance. Das Spiel zeigt die Protagonisten des Comics Titeuf des Autors Zep. Es ist das dritte Spiel der Titeuf-Reihe, das letzte war „Titeuf: Ze Gag Machine“, das 2002 auf GBA veröffentlicht wurde.
Titeuf - Ze Gag Machine (France)	Titeuf: Ze Gag Machine ist ein Action-Spiel, das auf der Comic-Serie Titeuf basiert. Die Spieler steuern Titeuf, während er versucht, den Menschen in seiner Umgebung Streiche zu spielen. Der Herausforderungsmodus besteht aus einer Reihe von Levels mit bestimmten Objekten. In jedem dieser Levels läuft Titeuf in einer Umgebung wie der Schule oder einem Spielplatz herum. Er kann Objekte wie Bananen, Knallkörper, explodierende Dosen, Spielzeugautos usw. aufheben. Er muss diese auf die Menschen in der Umgebung schleudern, um sie zu erschrecken oder zum Rutschen zu bringen. Die Gegner haben drei Alarmstufen: blau, gelb und rot. Blau bedeutet, dass es sicher ist, das Objekt abzuschießen, Gelb bedeutet, dass er entdeckt wird, und Rot lässt sie Titeuf hinterherjagen.
TMNT (USA) (En,Fr,Es)	Cowabunga! Übernimm die Kontrolle über deine Lieblings-Turtle-Ninjas in ihrer größten Bewährungsprobe als Helden und als Familie, als Raphael, Donatello und Michelangelo ihr Ziel aus den Augen verlieren und kämpfen müssen, um ihre Einheit und Disziplin als Ninjas zu erhalten. Jetzt hängt alles an Leonardo und der vertrauensvollen Vaterfigur Splinter, die Brüder wieder zu vereinen und New York City von einer bösen Macht zu befreien, die hinter jeder Ecke lauert. Der Foot Clan treibt sein Unwesen auf den Straßen, und ein mysteriöser Mann namens Winters scheint mit ihnen zu tun zu haben. Nur die Ninja Turtles können die Straßen wieder aufräumen!
TOCA World Touring Cars (Europe)	Hardcore Global Racing. Denken Sie global, denken Sie an Ruhm, denken Sie an TOCA World Touring Cars. Von Bathurst bis Buenos Aires, bereisen Sie die Welt und treten Sie gegen alle an, bei der authentischsten Rennherausforderung, die man sich vorstellen kann. Mit einer Garage voller neuer Hochleistungsautos, echten Strecken und atemberaubender Grafik ist TOCA World Touring Cars eine Weltklasse für sich. Enthält lizenzierte Autos von BMW, Ford, Subaru, Mitsubishi, TVR, Volvo, Lancia, Peugeot und anderen. Basierend auf dem PlayStation-Spiel.
Tom and Jerry - The Magic Ring (USA) (En,Fr,De,Es,It)	Jerry steckt mit seinem Kopf in einem wertvollen magischen Ring fest! Er muss einen Weg finden den Ring los zu werden bevor Tom ihm den Ring gewaltsam entfernt. Spiele entweder Tom oder Jerry und mach dich auf zu einer wilden Verfolgungsjagd. Verwende eine Vielzahl von Waffen und begib dich in die actionreiche Slapstick-Welt der klassischen Tom- und Jerry-Cartoons.
Tom and Jerry Tales (USA) (En,Fr,Es)	Tom and Jerry Tales für den GBA ist ein Jump'n'Run-Spiel, in dem du auf die berühmte Katze und die Maus triffst. Dein Ziel ist es, den Fallen auszuweichen, die dein katzenartiger Feind im ganzen Haus aufgestellt hat, und so möglichst viel Schaden anzurichten. Es liegt an dir, die schlimmsten Strategien zu entwickeln und umzusetzen, um dich aus der Affäre zu ziehen und deinen Gegner in den Wahnsinn zu treiben.
Tony Hawk's American Sk8land (USA)	Die Version für tragbare Konsolen des neuesten Tony Hawk Skateboard-Wahnsinns (American Wasteland) bietet eine völlig andere Erfahrung, insbesondere in Bezug auf die visuelle Darstellung. Statt auf Realismus zu setzen, setzt Sk8land auf eine Cell-Shading Atmosphäre, in der die gleichen Gameplay-Mechaniken des Skatens in jedem Park und das Absolvieren von Aufgaben und Herausforderungen genauso süchtig machen wie immer. Nintendo DS-Spieler können Sk8land auch online im Wi-Fi-Modus spielen, zusammen mit Touchscreen-Steuerungen. Auch GBA-Spieler kommen nicht zu kurz, mit einem aktualisierten Create-a-Park-Modus, Skater-Modi und Mehrspieler-Modi.
Tony Hawk's Downhill Jam (USA)	Tony Hawk's Downhill Jam bietet ein innovatives und einzigartiges Skateboard-Erlebnis, das sich auf Kopf-an-Kopf-Rennen konzentriert. Das Spiel ermöglicht es den Spielern, die atemberaubende Geschwindigkeit des Downhill-Wettbewerbs zu spüren, während sie die steilsten Terrains der Welt unsicher machen und Tricks ausführen sowie Gegner in Orten wie San Francisco, Machu Picchu und Hongkong überholen. In der Rolle von Tony Hawk oder einem von neun Charakteren treten die Spieler in zeitbasierten Herausforderungen in einem der drei Spielmodi an, darunter Rennen, Tricks und Slalom.
Tony Hawk's Pro Skater 2 (USA, Europe)	Tony Hawk ist zurück. Mit neuer Grafik, neuen Profis und neuen Tricks. Die Legende rollt weiter. Skate als einer von 13 Profis in komplett neuen Leveln oder erstelle deinen ganz persönlichen Skater. Neue Moves wie Blunt Slides, FS/BS Nose- und Tall-Slides und Hurricanes bringen jede Menge Knete, die du um Skateshop oder für Statistikpunkte ausgeben kannst. Errichte mit dem Park-Editor deine eigenen Traumpark in Echtzeit-3D und statte ihn mit Rampen, Funboxen, Rails und vielem mehr aus. Verschiedenste Modi wie Karriere oder Skate for Fun für einen Spieler oder Trick-Turnier, Graffiti, Loser und Gotcha für zwei Spieler sorgen für Abwechslung und Spielspaß pur.
Tony Hawk's Pro Skater 3 (USA, Europe)	Tony Hawk -- der Klassiker der Old-School-Skateboard-Games nun in der überarbeiteten Version 3. Damit übertrifft sich eines der besten Funsport-Games auf dem Markt selbst: einzigartige Steuerbarkeit, ausgefeilte Tricks und trainierbare Trickserien, detaillierte Konfigurierbarkeit der schon legendären Skater (Tony Hawk, Bucky Lasek, Rodney Mullen, Chad Muska und vielen anderen) und natürlich der fulminante Soundtrack mit Originalbands wie Ramones, Red Hot Chili Peppers, Motörhead und anderen. Neu sind die verbesserte grafische Darstellung und einige neue Tricks. Die grafische Überarbeitung geht dabei nicht auf Kosten der Spieltiefe oder Levelanzahl. Trotzdem lassen verblüffend realistische Slams selbst den Zuschauer die Hände vor das Gesicht schlagen.
Tony Hawk's Pro Skater 4 (USA, Europe)	THPS4 ist das vierte Spiel des beliebten Franchise von Activision. Das Hauptmerkmal dieses Spiels ist der neu gestaltete Karrieremodus. Zu Beginn eines Levels hat man alle Zeit der Welt, um herumzufahren, Tricks auszuführen und ein Gefühl für den Level zu bekommen, ohne dass man sich mit Zielen oder Zeitlimits herumschlagen muss. Wenn du bereit bist, ein Ziel zu erreichen, suchst du einfach einen Profi-Skater, sprichst mit ihm und erhältst dann das Ziel, ähnlich wie bei Dave Mirra Freestyle BMX. Die Ziele sind ähnlich wie in den Vorgängerspielen, z. B. SKATE sammeln, eine bestimmte Anzahl von Punkten erreichen, dies und jenes übertragen und grinden. Es gibt aber auch neue Ziele, wie zum Beispiel das Wort COMBO zu sammeln, während man eine große Combo macht. Verpasst man einen Trick, ist das Ziel verfehlt. Wenn du alle regulären Ziele erreicht hast, kannst du das Pro Goal versuchen, das für jeden Skater spezifisch ist und extrem schwer ist.
Tony Hawk's Underground (USA, Europe)	Activision's ultimatives Skateboardspiel kehrt auf die PlayStation 2, GameCube, Xbox, Game Boy Advance und PC mit Tony Hawk's Underground zurück. Gegenüber früheren Spielen der Serie bietet Underground den Spielern die Möglichkeit, einen ehrgeizigen unbekannten Nicht-Profi-Skater zu einem Superstar zu machen. Zum ersten Mal in der Serie können die Spieler von ihrem Skateboard absteigen und die weitläufigen Levels zu Fuß oder in einem Fahrzeug erkunden. Gestalten Sie das Aussehen Ihres Skaters, die Tricks Ihres Skaters und erstellen Sie sogar individuelle Skateparks. Tony Hawk's Underground bietet neun ausgedehnte Kurse sowie ein Maß an Freiheit und Anpassung, das in der beliebten Serie beispiellos ist.
Tony Hawk's Underground 2 (USA, Europe)	Tony Hawk's Underground 2 basiert auf den gleichnamigen Konsolenspielen. Wie bei den vorherigen GBA-Veröffentlichungen der Serie handelt es sich um eine isometrische Darstellung der Konsolenebenen kombiniert mit polygonalen Zeichen. Es enthält sowohl einen Story-Modus, in dem Sie einen Anfänger-Skater erstellen und ihn oder sie mit Profis auf eine Weltreise mitnehmen, um seine Fähigkeiten zu verbessern und Preise zu gewinnen; und einen klassischen Modus, in dem Sie innerhalb von zwei Minuten verschiedene Ziele erreichen müssen, z. B. Objekte austricksen oder einen Highscore erzielen. Zu den Änderungen in dieser Iteration gehört das Entfernen des Timers von den meisten Zielen im Story-Modus, sodass Sie mehrere gleichzeitig aktiv haben können, sowie neue Bewegungen wie Nata-Spin und Wutanfall, mit denen Sie sich von einem Ballwechsel erholen können, ohne alles zu verlieren, sich zu konzentrieren, wo immer Sie können Verlangsamen Sie die Zeit, um den besten Trick und das beste Sticker-Slapping zu landen.
Top Gear GT Championship (USA)	Nehmen Sie teil an der All Nippon GT Championship! Zur Verfügung stehen bis zu 22 Originalfahrzeuge aus 4 verschiedenen Klassen der Saison 2000. Stellen Sie Ihren Wagen optimal auf das kommende Rennen ein. Testen Sie die diversen Kupplungsrate, die verschiedenen Sreuerungs-, Brems- und die Aerodynamikeinstellungen, sowie unterschiedliche Reifen im Testrennen. Gefahren wird auf den 6 Originalstrecken der All Nippon GT Championship in Japan Im Quick-Race-Modus stehen insgesamt 12 fertige Strecken zur Verfügung. Sollten diese nicht ausreichen, so kann man im &quot;Course Editor&quot; seinen eigenen Wunschkurs zusammenbauen, der, je nach fahrerischen Können, weiter verändert werden kann. Hier können bis zu 4 Spieler gegeneinander spielen. Was für eine Art Fahrer sind Sie? Schöpfen Sie aus dem vollen Programm der Fahrerklassifizierung und formen Sie Ihren eigenen Spiel-Charakter. Eine Kombination aus 3 verschiedenen Fahrstilen und 5 abgestuften Levels helfen dabei.
Top Gear Rally (USA)	Top Gear Rally ist ein Rennspiel für den Gameboy Advance. Egal, ob deine Reifen in einer Haarnadelkurve quietschen oder auf dem Eis einer Bergstraße rutschen, Top Gear Rally lässt dich die Spannung eines 3D-Rennens erleben. Mit 80 Rennen, 3 Ligen, 5 Spielmodi, darunter ein Zweispielermodus, warten hinter jeder Kurve neue Herausforderungen auf Sie.
Top Gun - Combat Zones (USA) (En,Fr,De,Es,It)	Steigen Sie mit Top Gun in die Cockpits der besten Flugzeuge der Navy ein: Combat Zones. Mit der F-14, der F-18 und der F-22 unter Ihrer Kontrolle müssen Sie sich auf gefährliche Tiefflugmissionen durch gefährliche Schluchten und über riesige Stadtlandschaften begeben. Schalten Sie Boden- oder Luftziele in Südostasien, den Golfstaaten, dem Polarkreis und der Miramar Base aus.
Top Gun - Firestorm Advance (USA, Europe) (En,Fr,De,Es,It)	Eine bis jetzt unbekannte Terroristenorganisation verübt Anschläge auf verschiedenste Einrichtungen der Streitkräfte der USA und ihrer Alliierten. Die besten Piloten wurden zur Navy's Fighter Weapon School, besser bekannt als &quot;Top Gun&quot;, beordert um ihre Fähigkeiten im Luftkampf zu verbessern und den neuen Feind zu bekämpfen. Mach Dich auf atemberaubende Einsätze gegen herausfordernde Gegner gefasst! Messe Dich mit Iceman oder stürze Dich in haarsträubende Dogfights gegen Deine Feinde. FEATURES: - 12 aufregende Einsätze voller Atmosphäre über Wald, Wüste, Arktis und offenem Meer - Beeindruckende Grafiken und Soundeffekte - Multi-Pak Link mit Deathmatch-Modus für 2 Spieler.
Top Spin 2 (USA) (En,Fr,De,Es,It)	Top Spin 2 für den GBA lässt den Spieler in die Welt der Tennisprofis eintauchen. Der Titel bietet nicht weniger als 24 Top-Spieler und -Spielerinnen (darunter Roger Federer, Maria Sharapova und viele andere), zahlreiche Turniere, darunter die vier Grand-Slam-Turniere, eine Karriere, die sich über mehrere Saisons erstreckt, und eine ganze Reihe von neuen, fortgeschrittenen und riskanten Schlägen. Viele Solo-Modi lockern das Spiel auf.
Total Soccer 2002 (Europe) (En,Fr,De,Es,It,Nl)	Bringe dein Team an die Spitze der nationalen und internationalen Fußball Saison 2002. Umwerfender Realismus: Ob Tracking, Dribbling, Pass-Spiel oder Torschußtraining - mit der richtigen Ballkontrolle wirst du zum Star deiner Mannschaft. Messe dich in allen wichtigen europäischen Ligen mit den original Spielernamen: Englische Liga, Italienische Liga, Französische Liga, Spanische Liga, Deutsche Liga und Holländische Liga sowie 38 Teams aus weiteren Ligen. Spiele im Europa oder World Cup oder erfinde deine eigene Liga, deinen eigenen Cup oder spiele Freundschaftsspiele. Im Zweispieler-Modus forderst du deine Freunde mit Hilfe des Gameboy Advance Game-Link-Kabels heraus.
Total Soccer Manager (Europe) (En,Fr,De,Es,It,Nl)	Wähle dein Team aus zwei Topgruppen 6 europäischer Länder aus: England, Frankreich, Italien, Spanien, Deutschland und Holland - ca. 240 Teams stehen bereit. Stele dein Team individuell zusammen, behalte die Übersicht über deine Finanzen, suche nach vielversprechenden Nachwuchs, erkenne ihr Leistungspotenzial. Nutze den gesamten Manger-Modus auf und fordere einen Freund im Link-Challenge-Modus heraus.
Totally Spies! (USA)	Totally Spies! für den Gameboy Advance ist ein Actionspiel, in dem du in die Rolle der berühmten Zeichentrickheldinnen schlüpfst. Du musst auf Plattformen an der Fassade eines Gebäudes klettern und dabei nicht an beleuchteten Fenstern vorbeigehen, ein Schneemobil fahren, die Tasten auf dem Bildschirm drücken, um Tanzschritte auszuführen, oder einen Roboter steuern...
Totally Spies! 2 - Undercover (USA) (En,Fr)	Nach einem erfolgreichen ersten Ausflug in die Welt der Videospiele kehrt Totally Spies! im zweiten Teil für die Fans der Serie zurück. Die Spieler steuern erneut die drei Geheimagenten aus der TV-Show: Sam, Alex und Clover. Die Charaktere werden auf streng geheime Missionen geschickt und messen sich mit Verstand und Muskelkraft gegen internationale Bösewichte auf der ganzen Welt.
Tower SP, The (USA)	The Tower SP ist ein Bau- und Management-Simulationsspiel für den Game Boy Advance. Es ist eine Portierung und Überarbeitung von SimTower (1994), mit einigen Elementen von Yoot Tower (1998). Im Spiel hat der Spieler die Aufgabe, einen Turm für seinen Firmenchef, Yama, zu bauen. Andere Funktionen wurden von Yoot Tower übernommen, während einige neu sind. Toiletten müssen gebaut werden, der Sicherheitsdienst muss den Turm des Spielers nachts kontrollieren, das Reinigungspersonal säubert wöchentlich die Büros, und der Kakerlakenbefall hat jetzt drei Phasen: eine (für die eine Insektenbombe benötigt wird), zwei (für die ein teurer Kammerjäger benötigt wird) und drei (für die das befallene Gebäude verurteilt wird). Wie bei Yoot Tower muss der Spieler verschiedene Geschäfte und Läden eröffnen, um Mieter und Besucher zufrieden zu stellen.
Trick Star (Europe) (En,Fr,De,Es,It)	Erlebe die futuristische Welt von Trick Star, einem spannenden Rennspiel, in dem du mit einem Einrad fährst! Wähle aus vier Fahrern und tritt in den Ibex-, Glyder- und Kotsu-Ligen an, um der Champion zu werden. Das Spiel fordert die Spieler heraus, nicht nur als Erste ins Ziel zu kommen, sondern auch beeindruckende Stunts auszuführen. Um einen Stunt durchzuführen, musst du eine bestimmte Geschwindigkeit erreichen, damit der „Trick Star“ auf dem HUD erscheint. Drücke dann L oder R zusammen mit einer Richtung auf dem Control Pad. Jeder ausgeführte Stunt füllt deine Boost-Anzeige. Ist sie voll, kannst du einen zusätzlichen Boost aktivieren. Im Ligamodus absolvierst du drei Strecken, um in den Challenge-Modus zu gelangen, in dem du bestimmte Stunts zwischen Markierungen ausführen musst. Im Mehrspielermodus können bis zu vier Spieler in Zeitrennen, Stunts, Weitsprung und Herausforderungen antreten. Die Ergebnisse werden nach jedem Versuch angezeigt, um den besten Fahrer zu küren.
Tringo (USA)	In Tringo kombinierst du strategisches Denken mit Reaktionsschnelligkeit, indem du 35 zufällig erscheinende Spielsteine auf einem leeren Raster platzierst. Ziel ist es, durch geschicktes Anordnen vollständige Blöcke zu bilden und diese vom Spielfeld zu entfernen, um Punkte zu sammeln. Jeder Zug ist zeitlich begrenzt – zögerst du zu lange oder passt ein Stein nicht, verlierst du Punkte. Ursprünglich in der virtuellen Welt von Second Life entwickelt, wurde Tringo für den Game Boy Advance optimiert und eignet sich ideal für schnelle Runden und Multiplayer-Partien unterwegs.
Trollz - Hair Affair! (USA)	Trollz: Hair Affair! ist eine Minispielsammlung, die auf der von der DIC Entertainment Corporation produzierten Zeichentrickserie basiert. Es geht um fünf jugendliche &quot;Trollz&quot;, Amethyst, Ruby, Sapphire, Topaz und Onyx, die ihren Highschool-Alltag mit Hilfe ihrer Magie meistern. Jeder Charakter ist mit einem anderen Minispiel verbunden: Topaz hat &quot;Watch the Hair&quot;, in dem sie schrumpft und durch die Haare ihrer Freunde klettert, um Knoten zu entwirren, während sie Krausköpfen und Snarf ausweicht; Saphir hat Smarty Trollz, ein Memory-Matching-Spiel; Rubin hat Trollz Dance, ein Rhythmusspiel; Amethyst hat Flying Spell, einen Sidescroller in der Luft, bei dem es auch darum geht, Feinde abzuschießen und gleichzeitig die Energie des Skoot zu verwalten; und Onyx hat Spell Beadz, einen Puzzle Bobble-Klon. Jedes Minispiel bietet außerdem sammelbare Power-Ups, die je nach Spiel etwas anderes bewirken. Das Gameplay wird durch die zu Beginn des Spiels gewählte Schwierigkeitseinstellung (leicht, mittel oder schwer) beeinflusst, und im Story-Modus werden diese Minispiele zwischen kurzen Zwischensequenzen gespielt.
Tron 2.0 - Killer App (USA)	Entwickelt von Digital Eclipse für den Game Boy Advance, bietet TRON 2.0: Killer App Spielern die Möglichkeit, in die Rollen der digitalen Krieger Tron oder Mercury zu schlüpfen, die jeweils eigene Handlungsstränge, Waffen und Spielmodi haben. Ihr Ziel ist es, das böse Computerprogramm The Corruptor zu besiegen, das den ultimativen Virus erschaffen will. Das Spiel basiert auf dem klassischen Disney-Film und umfasst über 30 actionreiche Level mit isometrischer digitaler Action, Fahrzeugkämpfen und Light Cycle-Rennen. Spieler erleben die Action im Einzelspieler- oder Mehrspielermodus mit bis zu vier Teilnehmern. Sammeln Sie 100 Upgrade-Chips, um Charaktere anzupassen und Geheimnisse zu entdecken. Testen Sie Ihre Fähigkeiten in sechs herausfordernden Bonusspielen wie Firewall und DeFrag. Das Spiel enthält auch die originalen TRON-Arcade-Spiele Tron: The Arcade Game und Discs of Tron für ein nostalgisches Retro-Erlebnis.
Turok - Evolution (USA)	Das Spiel beginnt damit, dass der Seher Tarkeen die Geschichte der Verlorenen Länder erklärt, um die tyrannische Kriegsherren jahrelang gekämpft hatten. Auf der Erde im Alten Westen stellt sich Tal'Set seinem Feind, Kapitän Bruckner, und es gelingt ihm, ihm den Arm abzuschneiden, doch beide werden in ein Wurmloch gesaugt. Tal'Set wird beinahe getötet und die Bewohner des Flussdorfes, die ihn gefunden haben, rufen Tarkeen an, um ihn zu heilen. Tarkeen befiehlt ihnen dann, Tal'Set zu ihm zu bringen. Er wird in den Dschungel geschickt und tötet feindliche Fraktionen, eidechsenartige Feinde, die als Sleg bekannt sind und sich in der Nähe des Dorfes aufhalten. Tal'Set trifft sich mit Genn, einem Piloten aus dem Dorf, der ihn zum Seher führen wird. Unterwegs nutzt er den Flugsaurier, um die Sleg aus dem Dschungel zu vertreiben und ihr Luftschiff zu zerstören.
Ty the Tasmanian Tiger 2 - Bush Rescue (USA, Europe) (En,Fr,De)	Erlebe in The Tasmanian Tiger 2: Bush Rescue ein spannendes Abenteuer in einer aufregenden Spielwelt! Meistere 30 spannende Missionen und kämpfe Dich durch Wüsten, sonnige Strände und Städte. Erkunde die Welt von The Tasmanian Tiger 2: Bush Rescue zu Fuß, oder nutze eines der vielen Fahrzeuge. Du wirst in Deinem Abenteuer auf viele witzige, interessante Charaktere treffen, Dir dir auf Deinem Weg zur Seite stehen werden.
Ultimate Arcade Games (USA)	Jetzt können Sie 12 klassische Arcade-Spiele zu einem günstigen Preis spielen! Mit einem einzigen Kauf können Sie spielen: Asteroidenmine BeeKeeper ChipBot FlipSide Galaxie-Held Verkehrskollaps Autobahn 51 Galaktischer Händler Milk Run Omega-Kraft Rubine Würfel Schatzsucher Zweifelsohne werden Sie die Originalspiele, die als Inspiration für unsere originellen Kreationen dienten, sofort wiedererkennen. Unsere Spiele sind jedoch weit mehr als &quot;Klone&quot; beliebter Klassiker. Sie sind erweiterte und verbesserte Versionen, die die besten Gameplay-Elemente aus einer Vielzahl erfolgreicher Themen in einem einzigen Produkt vereinen. Warum echte Münzen verwenden, wenn Sie &quot;virtuelle Münzen&quot; verwenden können ... es ist, als ob Sie Ihre eigene Spielhalle besitzen!
Ultimate Beach Soccer (USA)	Pro Beach Soccer ist das erste Spiel zur Sommer-Variante des Fußballs, bei dem fünf Spieler pro Team auf Sand spielen. Es enthält 32 Nationalmannschaften (einige mit echten Stars) und 6 freischaltbare All-Star-Teams, die in drei Spielmodi (Exhibition, Pro Beach Soccer Tour und Turnier) in Bangkok, Rio de Janeiro, Marseille oder Venice Beach gegeneinander antreten. Das Gameplay ist klassisch im Arcade-Stil, mit einem Knopf zum Passen, einem zum Jonglieren und einem zum Schießen. Ein Schlüsselelement ist der „State of Grace“: Durch spektakuläre Aktionen wie Fallrückzieher, Hackenpässe oder Kopfbälle sowie durch Tore füllt sich eine Energieleiste. Ist sie voll, werden alle Teamattribute maximiert, und die Spieler können schneller mit dem Ball laufen.
Ultimate Card Games (USA, Europe)	Eine umfassende Sammlung von Kartenspielen für den GBA. Enthält Optionen für Einzel- und Mehrspielerspiele. Für die Spiele gibt es Bildschirmregeln und Demo-Modi. Einfache Bedienelemente (ala Windows-Stil) ermöglichen eine einfache Navigation. Optionen zum Ändern von Hintergrundbild, Musik und Kartenrückseiten sind dabei. Es besteht auch die Möglichkeit ein eigenes Gesicht für Ihren Spieler zu erstellen, indem Sie den eingebauten Gesichtsgenerator verwenden.
Ultimate Spider-Man (USA)	New Yorks berühmtester Superheld ringt mit ein paar altbekannten Widersachern! In diesem großartigen Action-Adventure kannst du als Spidey oder als sein Erzfeind Venom spielen. Deine Aufgabe ist es, New York zu erkunden und die Welt zu retten bzw. in Schutt und Asche zu legen. Wenn du dich für den Spinnenmann entscheidest, kannst du dich durch die Stadt schwingen, an Wänden hochklettern und verschiedene akrobatische Tricks zeigen. Venom hingegen hat eher Interesse daran, alles zu zerstören, was ihm im Weg steht. In feuchten Abwasserkanälen und den Straßen der großen Stadt macht dich deine Bedrohungsanzeige darauf aufmerksam, wenn Gefahr im Verzug ist. Aber reicht das?
Urban Yeti! (USA, Europe)	Urban Yeti ist ein flüssig scrollendes 2 1/2-D-Plattform-Abenteuer und könnte durchaus das seltsamste Spiel sein, das du je gespielt hast. Sie können sich Ihren Weg durch 4 verwinkelte Stadtebenen bahnen oder versuchen, der Entdeckung zu entgehen. In jedem Fall passt sich die menschliche KI an, je weiter du kommst - je mehr Kontakt du hast, desto aggressiver wird sie. Es gibt sogar einige einzigartige Minispiele, die für zusätzliche Spannung sorgen - Yeti-Frisbee, die Leitung des örtlichen Restaurants &quot;Yeti Kingdom Of Eats&quot; und das Fangen von Geflügel, das du deinem zukünftigen Partner anbieten kannst. Du kannst sogar auf einem riesigen Schlauch einen faulen Kanalisationsfluss hinuntertreiben! Erreichen Sie das ultimative Ziel und zeigen Sie der Welt, was für ein Bigfoot Sie wirklich sind.
Urbz, The - Sims in the City (USA, Europe) (En,Fr,De,Es,It,Nl)	Willkommen in Miniopolis! Die Urbz für den GBA verfolgt die Missgeschicke deines Charakters: Zunächst wird ihm sein Job als Fensterputzer gekündigt, dann kommt er zufällig dahinter, dass Daddy BigBucks drauf und dran ist, die Macht in der Stadt zu übernehmen. Nun liegt es bei dir, dessen skurrile Pläne zu durchkreuzen und dir eine solide Reputation zu verschaffen. Während deines urbanen Abenteuers lernst du 25 verschiedene Umgebungen kennen, kannst mit anderen Urbz interagieren, über 120 Gegenstände einsammeln und sogar auf Tretrollern und Graviboards durch die Gegend heizen! Du kannst dich übrigens auch mit bis zu 3 weiteren GBAs verlinken, um Minigames gegen deine Freunde zu spielen. Es gibt doch nichts Schöneres als Großstadt-Flair, oder?!
V-Master Cross (Japan)	V-Master Cross ist ein isometrisches rundenbasiertes Rollenspiel, das nur in Japan veröffentlicht wurde. Der Hauptheld ist ein kleiner Junge, der in eine seltsame magische Welt versetzt wurde. Das Gameplay basiert auf einem speziellen Kartenkampf - das Schlachtfeld ist in Felder unterteilt (5 Felder für jeden Spieler), auf denen der Spieler Monster aus einem bestimmten Kartendeck beschwören kann, von denen einige nur auf einem bestimmten Feld platziert werden können. Jedes beschworene Monster hat seinen eigenen Look und seine eigenen Statistiken.
V-Rally 3 (USA) (En,Fr,Es)	Das Spiel hat sechs Rennstrecken (Finnland, Portugal, England, Frankreich, Kenia und Deutschland) mit jeweils vier Strecken. Die Strecken können auch umgekehrt gefahren werden, wodurch sich die Gesamtzahl der Strecken 48 ergibt. Wenn sich eine Rennstrecke umkehrt, können sich die Wetterbedingungen der Strecke ändern. Jeder Bereich hat seine Hauptoberfläche und um im Spiel erfolgreich zu sein, muss der Spieler alle verwalten. Die dominierende Oberfläche im Spiel ist Kies, und es ist die Hauptoberfläche in den Gebieten Finnland, England und Afrika. Frankreich und Deutschland haben Asphalt als Oberfläche und Schweden ist die einzige Rallye, die auf Schnee gefahren wird. Im Karrieremodus hat jeder Bereich seine eigene Rallye für 5 Strecken, die zufällig aus den möglichen 8 ausgewählt werden.
V.I.P. (Europe) (En,Fr,De,Es,It,Nl)	VIP basiert auf der gleichnamigen TV Serie und ihr übernehmt die Rollen der fünf Mitglieder des VIP Teams, darunter auch Pamela Anderson als Vallery Irons. Ihr kämpft euch durch acht seitlich scrollende Levels und rückt den Verbrecher-Syndikaten von Los Angeles auf die Pelle.
Van Helsing (USA)	Europa, spätes 19. Jahrhundert: Der Vampirjäger Dr. Abraham Van Helsing wird vom Vatikan nach Transylvanien beordert, um den gottlosen Graf Dracula aufzuspüren und zu vernichten. An seinem Ziel angekommen, findet sich Van Helsing mit einem 400 Jahre alten Fluch konfrontiert, der seine Fähigkeiten auf eine harte Probe stellt! Übernehmen Sie die Rolle des berühmten Vampirjägers und jagen Sie legendäre Monster wie den Wolfmensch, Frankenstein und Mr. Hyde an düsteren Orten wie z.B. Schloss Frankenstein, dem Herrenhaus, der Familie Valerious und vielen anderen unheimlichen Orten.
Vattroller X (Japan)	Vattroller X ist ein Action-Rollenspiel, das 2004 für den Game Boy Advance veröffentlicht wurde. Es basiert auf einem V-Jump Manga. Kämpfe im Spiel werden in Echtzeit von oben nach unten gespielt, ähnlich wie bei Zelda. Sie können mit Ihren ausgerüsteten Waffen angreifen und kleine Combos, Schnell- und geladene Angriffe ausführen. Wenn einem Charakter die HP ausgehen, verwandelt er sich in einen Ball. Wer es schafft, den Ball in eine Grube zu werfen, bekommt einen Punkt. In Ballform können Charaktere herumrollen und Angriffen ausweichen, bis die normale Form wiederhergestellt ist. Wenn dies gelingt, wird jedoch ein Teil der Lebensleiste des Charakters gekürzt, was das weitere Überleben erschwert.
VeggieTales - LarryBoy and the Bad Apple (USA)	LarryBoy! and the Bad Apple auf GBA ist ein Actionspiel, in dem Sie als LarryBoy spielen und die Bürger von Bumblyburg sowie sich selbst vor den Versuchungen des Bad Apples retten müssen. Dazu verfügen Sie über Werkzeuge in Form von Umhängen, mit denen Sie je nach Fall leere Räume überqueren, Schalter drücken oder elektronische Objekte aktivieren können. Verwenden Sie Ihr Gehirn, um die Pläne von Bad Apple zu vereiteln, bevor Sie in Versuchung geraten.
Virtua Tennis (USA)	Spiele als Venus oder Serena Williams oder als einer von 10 anderen Stars - Entwickle eigene Spieler im World Tour-Modus mit Mini-Spielen wie Panzerattacke, Schuss ins Schwarze und anderen - Spiele auf Gras, Sand oder Hartplätzen - Spiele mit bis zu vier Spielern Einzel, Doppel und gemischte Doppel.
Virtual Kasparov (USA) (En,Fr,De,Es,It)	Steck Kasparov in die Tasche! Der brillianteste Schachspieler aller Zeiten steht Dir als Dein ganz persönlicher Trainer zur Seite, lässt Dich an seinem Wissen teilhaben und informiert Dich über die Geschichte und Hintergründe dieses Sports. Nimmst Du diese Herausforderung an und spielst Kopf an Kopf gegen ihn? FEATURES: - 31 verschiedene Gegner, inklusive Garry Kasparov und persönlich einstellbare Gegner - Trainingsmodus mit 50 Lehrgängen - Storymodus mit freispielbaren Boni - Single-Pak-Modus für 2 Spieler.
W.i.t.c.h. (Europe) (En,Fr,De,Es,It)	Das W.I.T.C.H GBA-Spiel basiert auf der erfolgreichen Fernsehserie und versetzt dich in das Leben der fünf lebenslustigen Mädchen Will, Irma, Taranee, Cornelia und Hay Lin, die entdecken, dass sie keine gewöhnlichen Teenager sind... Die W.I.T.C.H-Mädchen sind in Wirklichkeit alle Elementarwächterinnen, die mit dem Schutz der Erde vor dem bösen Phobus betraut sind, der versucht, die Erde zu erobern. Das W.I.T.C.H.-Spiel bleibt der Fernsehserie treu und fügt gleichzeitig einzigartige Elemente des Videospiels hinzu, darunter Elemente wie Teamwork, Freundschaft, Verständnis und Konflikte, die alle zur reichhaltigen Hintergrundgeschichte des W.I.T.C.H.-Universums beitragen.
Wade Hixton's Counter Punch (USA, Europe)	Der junge Wade Hixton ist während einer kleinen Reise gestrandet, als sein Auto kaputt geht. Zum Glück oder Unglück für ihn, ist eine kleine Stadt in der Nähe. Er ruft um Hilfe und findet die Leute von Big Piney die mehr als glücklich sind, zu helfen ... aber nur gegen einem Preis. Wade muss sich jetzt die Boxhandschuhe anziehen und sich in der Stadt gegen eine Reihe von merkwürdigen Charakteren durchkämpfen, die bereit sind, seine Lichter auszuknipsen. Um genug Geld zu verdienen, um das Auto zu reparieren, und es lebend aus der Stadt zu schaffen, wird er in und ausserhalb des Ringes getestet. Der nichtlineare Stil des Spiels lässt ihnen alle Optionen. Sie entscheiden, gegen wen gekämpft wird, wem Sie vertrauen müssen, um die richtigen Geschäftsentscheidungen zu treffen, und für wen Ihr hart verdientes Geld ausgegeben werden sollte, um seine Hilfe in Zeiten der Krise im Ring zu kaufen. Wades Leben und sein Auto ruhen in Ihren behandschuhten Händen.
Wagamama Fairy Mirumo de Pon! - Ougon Maracas no Densetsu (Japan)	In „Wagamama Fairy Mirumo de Pon! : Ougon Maracas no Densetsu“ begibst du dich auf ein Abenteuer, inspiriert vom beliebten Anime „Mirumo de Pon!“. Dein Ziel ist es, Schlösser und Wälder zu erkunden, Informationen zu sammeln und Gegenstände zu nutzen, um die Warmodans zu besiegen und die goldenen Maracas zurückzuholen.
Wakeboarding Unleashed Featuring Shaun Murray (USA)	Wenn du diese Sportart magst, dann ist Wakeboarding Unleashed featuring Shaun Murray genau das Richtige für dich. Dieses Sportspiel für den Gameboy Advance ermöglicht es dir, von deinem Stuhl aus eine Vielzahl von Kunststücken zu vollführen. Vom Lake Powell bis zum Hafen von Hongkong surfst du in der Rolle von Shaun Murray, aber auch in der Rolle anderer Surfer mit unterschiedlichen Eigenschaften, durch verschiedene Szenarien. Im Mehrspielermodus können Sie sich in Eins-gegen-Eins-Duellen messen.
Wanwan Meitantei (Japan)	In „Wanwan Meitantei“ schlüpfst du in die Rolle eines Privatdetektivs, der an einer Detektivschule einen Welpen als Assistenten aufzieht, um verschiedene Vorfälle in der Stadt aufzuklären. Von Geistererscheinungen bis hin zu rätselhaften Verbrechen erkundest du die Stadt und andere Orte, sammelst Hinweise und entlarvst schließlich den Täter.
Wario Land 4 (USA, Europe)	Wario Land 4 schickt dich mit Wario in eine gewaltige Pyramide voller Fallen, Rätsel und Schätze. Du sprintest durch verwinkelte Räume, nutzt Warios Verwandlungsformen für neue Wege und suchst nach jeder kostbaren Beute, während dir die Zeit im Nacken sitzt. Zum ersten Mal ist Wario nicht unverwundbar, was die Hatz durch über 20 detailverliebte Level spürbar spannender macht. Mini-Games, trickreiche Gegner und überraschende Effekte halten dich ständig auf Trab, bis du schließlich alle Geheimnisse der Pyramide gelüftet hast.
WarioWare - Twisted! (USA, Australia)	Nachdem Wario versehentlich die Spin-Technologie entdeckt hat, ruft er die Entwickler von WarioWare, Inc. zusammen, um eine neue Reihe wilder Minispiele zu entwickeln. WarioWare: Verdreht! Behält den rasanten Gameplay-Stil des ursprünglichen WarioWare bei und führt einen neuen Gyro-Sensor ein, mit dem Sie das Gameplay steuern können, indem Sie den Game Boy Advance SP nach links und rechts drehen. Die neuen Steuerelemente spielen in mehr als 200 Minispielen mit. Spielen Sie sie alle durch, um Souvenirs wie Bonusspiele, Figuren und Instrumente freizuschalten.
WarioWare, Inc. - Mega Microgame$! (USA)	Rasante Action! Mach dich auf ein blitzschnelles Gameplay gefasst während du dich durch über 200 bizarre Mikrospiele spielst die von einer verrückten Crew von Warios Kumpanen entworfen wurden! Es gibt sogar Wettbewerbe für zwei Spieler die auf einem einzigen Game Boy Advance gespielt werden können! Nimm es in die Hand und spiel! Die extrem einfache Steuerung macht den Einstieg in jedes Spiel leicht ... bis die Spiele schneller ... und schneller ... und SCHNELLER werden!
Whac-A-Mole (USA)	In Whac A Mole für GameBoy Advance hast Du Auf dem Bildschirm ein 3x3 Raster mit Löchern. Triff die Köpfe, die aus diesen Löchern schauen, bevor sie wieder verschwinden. Spiele in drei verschiedenen Spielmodi. Einer davon ist der Arcade-Modus, in dem Du so viele Punkte wie möglich erreichen musst, bevor die Zeit abgelaufen ist! Der goldene Maulwurf bringt Dir dabei besonders viele Punkte. Später kannst Du auch Ninjas und andere Kreaturen verhauen. Nutze auch zahlreiche Power-Ups und hau alle weg in Whac A Mole für GameBoy Advance!
Who Wants to Be a Millionaire (Europe)	Die beliebte Fernsehshow ist nun jederzeit unterwegs auf dem GameBoy Advance spielbar. Stellen Sie sich kniffligen Fragen um möglichst hohe Gewinnsummen zu erreichen. Setzen Sie die bekannten Joker, oder sind Sie schlau genug, um die Million einzuheimsen? Authentische Grafiken und Musik reproduzieren die spannende &quot;Wer wird Millionär&quot;-Atmosphäre jederzeit und überall.
Wild, The (USA, Europe) (En,Fr,De,Es)	The Wild für den GBA erzählt von den lustigen Missgeschicken einer ganzen Reihe von Tieren, die im New Yorker Zoo leben. Eines Tages wird der Sohn des Löwen Samson versehentlich nach Afrika verschifft. Es folgt eine Rettungsmission, bei der du in die Rolle von Samson oder Benny, dem Eichhörnchen, schlüpfst und dich durch 18 Jump'n'Run-Level spielst, die sowohl im Story-Modus als auch im Herausforderungsmodus spielbar sind.
Wing Commander - Prophecy (USA)	Seit der Zerstörung von Kilrah, der Heimatwelt der Kilrathi, sind etwa zwölf Jahre vergangen. Die Terranische Konföderation, die ihre militärischen Mittel langsam demobilisiert und reorganisiert, hat sich auf eine neue Strategie geeinigt: den Bau mehrerer Megaträger der Midway-Klasse, die von Navy Commodore Christopher Blair entwickelt wurden. Diese neuen Träger sind über einen Kilometer lang und verfügen über die gesamte Ausrüstung und Bewaffnung einer Trägerkampfgruppe aus der Zeit des Kilrathi-Krieges. Der erste Träger, die Midway selbst, befindet sich auf einer Probefahrt, bei der Blair mitfährt. Zuvor wird der Spieler jedoch mit einem CGI-Video eines bizarren Risses im Weltraum im Kilrah-System konfrontiert: der erste der Nephilim-Invasoren. Die titelgebende Prophezeiung des Spiels bezieht sich auf die Ankunft dieser außerirdischen Invasoren, die erst dann eintreffen werden, wenn &quot;jemand, der das Herz eines Kilrathi hat, aber nicht als Kilrathi geboren wurde&quot;, die felinoide Kriegerrasse besiegt hat.
Wings (USA)	„Wings“ versetzt den Spieler in die Rolle eines alliierten Jagdfliegers im Ersten Weltkrieg, der in über 200 Missionen gegen die „Hunnen“ antritt. Die Missionen teilen sich in drei Hauptarten auf: Bombenangriffe aus der Vogelperspektive, bei denen strategisch wichtige Ziele zerstört werden müssen, isometrische Luftangriffe mit unbegrenzter Munition, bei denen alles eliminiert werden kann, und den Kern des Spiels – Luftkämpfe (Dogfights) in einer 3D-Darstellung hinter dem Flugzeug. Das Spiel spielt in den Jahren 1916 bis 1918. Zwischen den Missionen können Spieler die Einträge des tagebuchartigen Journals des Charakters lesen, die dem Spiel eine persönliche Note verleihen.
Winter Sports (Europe) (En,Fr,De,Es,It)	Winter Sports ist ein Sportspiel, das von Independent Arts entwickelt und von East Entertainment Media veröffentlicht wurde und 2006 erschienen ist.
WinX Club (USA)	Winx Club ist ein Action-Abenteuerspiel, das auf der gleichnamigen italienischen Zeichentrickserie basiert. Die Geschichte ähnelt der von Harry Potter, nur dass die Hauptfigur diesmal eine Fee ist. Sie darf eine Märchenschule in der Märchenwelt namens Magix besuchen, wo sie ihr wahres Selbst finden muss. Dieses Spiel ähnelt den Windows- und Playstation 2-Versionen, bietet jedoch anstelle einer 3D-Perspektive für Dritte eine 2D-Top-Down-Perspektive der Spielwelt.
WinX Club - Quest for the Codex (USA)	Willkommen in der magischen Welt von Winx Club, in der Spieler eine Vielzahl neuer Charaktere, interaktiver Umgebungen und lustiger Minispiele entdecken können, die die Mode, Freundschaften und Magie der Winx Club-Welt beinhalten. Die Spieler können ein einfaches, soziales und unterhaltsames Spielerlebnis genießen, das speziell für Mädchen zwischen 6 und 11 Jahren entwickelt wurde. Die DS-Version enthält exklusive Minispiele, die den Nintendo DS-Touchscreen verwenden. Tanzen, fliegen und singen Sie in lustigen Minispielen für jedes Mitglied des Winx Clubs. Verdiene dir neue Kleidung, Accessoires und Gegenstände, um deinen Charakter individuell zu gestalten. Tausche Gegenstände mit anderen Spielern, um den perfekten Look zu vervollständigen.
Wolfenstein 3D (USA, Europe)	Wir schreiben das Jahr 1943. Sie sind William „B.J.“ Blazkowicz, der bad boy Spion der Alliierten. Ihre Mission ist es, die Nazi-Festung zu infiltrieren und die Pläne für die Operation Eisenfaust zu finden, die Blaupause der Nazis für den Aufbau der perfekten Armee. Bei dem Versuch gefangen genommen, werden Sie in ein Nazi-Gefängnis gebracht, wo Sie auf Ihre Hinrichtung warten. Als entflohener Gefangener in einem Nazi-Kriegsgefängnis bewegen Sie sich reibungslos durch eine 3-D-Welt voller Wachen, knurrender Eckzähne und Räumen voller Nazi-Schätze. Mit 60 actiongeladenen Levels voller Geheimgänge und versteckter Räume wird Wolfenstein 3D für Game Boy Advance ein Publikum vom Anfänger bis zum erfahrenen Spieler ansprechen.
Woody Woodpecker in Crazy Castle 5 (USA)	Woody Woodpecker ist der im fünften Teil der millionenfach verkauften &quot;Crazy Castle&quot;-Serie. Woody bringt sein Markenzeichen, das Lachen, und seinen unverschämten Sinn für Humor mit, wenn er sich aufmacht, die Feenwelt zu retten. Du musst Woody helfen, die Elementarwelten zu erkunden und zu erobern, bevor er das legendäre Crazy Castle erreicht. Ein tolles Spiel für Spechte jeden Alters!
World Advance Soccer - Shouri e no Michi (Japan)	„World“ ist ein Fußballspiel, das Daten zu zahlreichen Teams und Spielern aus aller Welt enthält. Neben dem normalen Spielmodus „Spieler-Modus“ bietet es einen „Manager-Modus“, in dem der Spieler die Rolle des Managers übernimmt und die Spieler anleitet, sowie einen „Trainings-Modus“, um die Spieler zu stärken.
World Poker Tour (USA)	Nehmen Sie mit World Poker Tour &quot;2K6&quot; an den prestigeträchtigsten Pokerturnieren der Welt teil. Erleben Sie, wie es ist, mit den Besten der Welt zu spielen, wenn Sie gegen echte WPT-Spieler an realen WPT-Turnieren antreten. Erstellen Sie eigene Pokerspiele, indem Sie mit dem innovativen Poker-Editor Regeln und Limits festlegen, und tragen Sie Ihre Spiele online aus, um Poker-Ligen mit Ihren Freunden zu gründen. Ein exklusives Präsentationssystem, das der beliebten World Poker Tour-Übertragung nachempfunden ist, mit aufschlussreichen Kommentaren von WPT-Kommentatoren, verwandelt Ihr Wohnzimmer in einen Sitz am WPT-Tisch.
World Reborn (USA) (Proto)	World Reborn ist ein Shooter mit Rollenspielelementen. In World Reborn befinden wir uns in einer Welt, in der die Menschheit alle Spuren ihrer Geschichte, ihrer Entdeckungen und ihrer Errungenschaften verloren hat. Sammle XP, um dein Raumschiff zu verbessern und deine Kampffähigkeiten zu steigern. Das Spiel umfasst 18 Levels, vier Raumschiffe und fünf Piloten.
World Tennis Stars (USA)	Erlebe jede Menge Spaß in diesem niedlichen und farbenfrohen Tennisspiel. Wähle aus sechs originellen Charakteren und tritt gegen alle Herausforderer an – mit dem Ziel, zur weltweiten Nummer 1 unter den Tennisstars aufzusteigen. Mit sechs spannenden Plätzen und zwei Spielmodi bietet WORLD TENNIS STARS stundenlangen Spielspaß.
Worms - World Party (USA) (En,Fr,De,Es,It)	Die Würmer sind zurück - tödlicher als jemals zuvor. Schon bald werdet ihr lernen, dass es nichts gefährlicheres gibt, als einen Wurm mit einer Bazooka. In Worms World Party haben die Entwickler sehr viel Wert auf die Multiplayer-Komponente gelegt. Mit bis zu sechs Spielern bekriegt ihr euch im lokalen Netzwerk oder im Internet, dem sogenannten Wormnet.
Worms Blast (World) (En,Fr,De,Es,It) (Evercade)	Anders als in früheren Teilen der Serie wird in Worms Blast für den GBA der Bruderkrieg zwischen den kleinen Würmern beiseite gelassen und stattdessen ein Puzzle-Spiel gespielt. Ihre Made sitzt gemütlich in ihrem Boot und muss mit verschiedenen Waffen, von der Bazooka bis zum Laserstrahl, Farbblöcke abräumen. Der Titel bietet eine Vielzahl von Spielmodi.
WWE - Road to WrestleMania X8 (USA, Europe)	Der Weg zu WrestleMania X8 ist ein jahrelanger Kampf, bei dem Legenden wiedergeboren, Träume zerstört und Leben für immer verändert wurden. Er ist nicht glamourös, er ist nicht einfach, und er ist ganz sicher nicht vom Schicksal bestimmt. Es geht um die hart umkämpften Schlägereien, die nicht enden wollende Leidenschaft und die kampferprobten Emotionen, die es braucht, um den Weg zum größten Spektakel der Sportunterhaltung zu beschreiten. Das Schaufenster der Unsterblichen beginnt mit dem Zusammenstoß der Titanen in World Wrestling Road to WrestleMania X8. Steigere deinen Superstar durch die Ränge, während sich seine Fähigkeiten je nach deinem Kampfstil verändern. Erstelle dein eigenes Pay-per-View und beobachte, wie die Zuschauer auf die Kämpfe reagieren. Gewinne Kämpfe und beobachte, wie deine Popularität in die Höhe schießt, wenn die Hüte und Shirts des Superstars in der Shopzone aus den Regalen fliegen. Machen Sie sich auf die Suche nach dem berühmtesten Titel im Sportsentertainment, der World Wrestling Championship. Der Weg zu WrestleMania beginnt hier!
WWE - Survivor Series (USA, Europe)	Steige in WWE Survivor Series für den Game Boy Advance mit den Top-Superstars der WWE in den Ring. Kämpfe dich durch die Ränge und fordere die Gürtel heraus, um im brandneuen Einzelspielermodus Champion zu werden. Drehe den Spieß im Kampf mit dem neuen Umkehrsystem und den Momentum Shifts um. Die WWE-Superstars zeigen ihre lebensechten Attribute in Bezug auf Stärke, Geschwindigkeit und Unterwerfungsfähigkeiten - der einzige Unterschied zwischen dir und dem Champion ist ein Three Count. WWE Survivor Series bietet brandneue Gameplay-Mechaniken, darunter Submission-, Reversal- und Momentum-Systeme, während die Spieler um die Gürtel kämpfen und den Titel im neuen Einzelspielermodus verteidigen oder sich mit Freunden zusammenschließen, um in acht Matcharten zu kämpfen, darunter Cage, Tag Team, Fatal 4 Way und mehr.
WWF - Road to WrestleMania (USA, Europe)	Herzschmerz, Ruhm und WWF-Chaos! Verschiedene Matcharten, darunter Käfig- und Hardcore-Matches. 24 WWF-Superstars mit eigenen Einzügen und Finishing Moves. Setze Waffen ein, um deine Gegner zu besiegen. Kämpfe mit bis zu vier Spielern!
X-Bladez - Inline Skater (USA)	X-Bladez: Inline Skater ist ein Inlineskate-Spiel auf Gameboy Advance, in dem Sie viele ungewöhnliche Orte auf Ihren Rollerblades erkunden. Das Ziel ist es, so viele Tricks wie möglich zu machen, bevor Sie die Runde beenden, um genügend Punkte zu sammeln und Ihre Gegner zu schlagen. Das portable Spielvergnügen führt an exotische Locations rund um den Globus. Der Spieler flieht von Alcatraz, balanciert auf der chinesischen Mauer oder sonnt sich am Bondi-Beach, wobei die zahlreichen Trickmöglichkeiten, Hindernisse und Gegner ständig für neue Herausforderungen sorgen.
X-Men - Reign of Apocalypse (USA, Europe)	Du gerätst mit deinem X-Men-Freunden irgendwie in eine Paralleldimension. Und was mußt Du feststellen? Dass ausgerechnet Apocalypse dort die Alleinherrschaft hat. Jetzt seid Ihr nicht nur der Gnade dieses Ultraschurken und seiner Gefolgsleute ausgesetzt, sondern Ihr habt auch eure liebe Mühe, Freunde von Feinden zu unterscheiden. Aber wie sagt man doch so schön - Augen zu und durch! Ihr müsst euch irgendwie zum Warptor durchkämpfen, damit ihr wieder in euer Heimatuniversum zurückgelangen könnt. Die einzige Frage ist: Schafft ihr es soweit?
X-Men - The Official Game (USA)	X-Men: The Offical Game schlägt die Brücke zwischen dem zweiten X-Men Kinofilm von 2003 hin zu X-Men: Der letzte Widerstand, welcher im Mai 2005 weltweit in die Kinos kommt. Die Story setzt direkt am Ende des zweiten Kinofilms an und spinnt die Geschehnisse nach den Ereignissen am Alkali Lake in Teil 2 mit dem Verschwinden von Jean Grey weiter. Erstmals wird es dem Spieler nun ermöglicht, drei Charaktere aus dem X-Men Universum in einem offiziellen Spiel zum Film zu spielen. Neben Wolverine, dem Aushängeschild der X-Men stehen mit Iceman und Nightcrawler zwei weitere spielbare Charaktere in den Startlöchern.
X2 - Wolverine's Revenge (USA, Europe)	Wolverine wird Opfer eines Komplotts. Ein tödlicher X-Virus wurde in seinen Körper injiziert - nun bleiben dem Superhelden ganze 48 Stunden, um das Gegenmittel aus den Fängen einer gemeingefährlichen Organisation zu entwenden. Doch in den Labors der Schurken schlummern noch weit gefährlichere Waffen... Der Spieler macht sich in der Rolle von Wolverine daran, die Verbrecher dingfest zu machen und das eigene Leben zu retten. In einer Mischung aus knallharten Kämpfen und verdeckten Ermittlungen dringt Wolverine in den Dunstkreis der Verbrecher vor. Dabei schließen sich zeitweise auch andere X-Men an, um Omega oder Magneto zu bekämpfen. Es wird Zeit, die Adamantium-Klauen zu schärfen!
XS Moto (USA)	Mit XS MOTO können Sie die neueste Superbike-Technologie kennenlernen und das Superbike des Teams XS MOTO steuern. Mit fast 1000ccm Leistung können Sie eine Reihe von Turnieren auf 22 internationalen Strecken spielen.
xXx (USA, Europe)	Sei ein neuer Geheimagent-Typ. Du bist Xander Cage - Nervenkitzel ist dein zweiter Vorname und Spion dein Beruf. Kannst du die erbarmungslose Organisation &quot;Anarchie 99&quot; stoppen, bevor sie einen Angriff auf die Erde verübt? Meistere eine Vielzahl atemberaubender und Actiongeladener Level. Stelle dich 11 aufregenden Missionen mit 3 Motorradrennstrecken. Bediene dich aus einem ganzen Arsenal von Hightech-Waffen der Geheimagenten.
Yggdra Union - We'll Never Fight Alone (USA)	Yggdra Union: We'll Never Fight Alone ist ein strategisches Rollenspiel für den Gameboy Advance. Der Titel spielt im Königreich Fantajinia. Eines Tages, als das Königreich überfallen wird, flieht Prinzessin Yggdra Yuril Altowits mit dem heiligen Schwert Grand Centurio aus dem Schloss Parteena. Als letzte Überlebende der königlichen Linie will sie ihr Land von den Invasoren befreien.
Yoshi Topsy-Turvy (USA)	Juhuu, Yoshi ist wieder da! Yoshi Island wurde von einem geheimnisvollen Geist in einem verzauberten Buch eingeschlossen. Daher macht sich der grüne Dinosaurier auf in ein brandneues Abenteuer, das ein bisschen anders ist als man das sonst so kennt. Im Game Pak ist nämlich ein Bewegungssensor eingebaut, der bewirkt, dass sich Yoshis Welt um ihn herum dreht, wenn du deinen Game Boy Advance auf und ab bewegst. Deine Aufgabe im Spiel ist es, den unerschrockenen Dino durch zahlreiche riskante Level zu führen, in denen du an Wänden hoch klettern und sogar auf einem Ball durch die Gegend rollen kannst, um Yoshis Freunde zu retten. Wenn du dir einen Stern krallst, erreichst du das nächste Level. Yoshis neuestes Abenteuer wird alle Spieler anziehen, die Spaß am Jump'n'Run-Genre haben...
Yu-Gi-Oh! - 7 Trials to Glory - World Championship Tournament 2005 (USA) (En,Ja,Fr,De,Es,It)	In „Yu-Gi-Oh! Day of the Duelist: World Championship Tournament 2005“ für den Game Boy Advance triffst du in einer Stadt, in der Licht und Dunkelheit aufeinandertreffen, auf Gegner, die nur durch Duelle besiegt werden können. Hier werden Kämpfe anstelle von Worten ausgetragen, und nur die Besten gewinnen glitzernde Trophäen in spannenden Turnieren. Das Spiel enthält 1000 Karten, darunter 105 Fallenkarten, 220 Zauberkarten und 675 Monsterkarten, die du sammeln und in Duellen einsetzen kannst.
Yu-Gi-Oh! - Destiny Board Traveler (USA)	Yu-Gi-Oh! Destiny Board Traveler, bekannt als Yu-Gi-Oh! Sugoroku no Sugoroku auf Japanisch, ist ein Spiel von Konami für den Game Boy Advance, basierend auf dem Yu-Gi-Oh! Manga. In diesem Spiel können Spieler gegen computergesteuerte Gegner oder ihre Freunde um die Kontrolle über das Destiny Board konkurrieren. Das Spiel kombiniert die Yu-Gi-Oh! Trading Card Game und ein 5x5 Spielbrett. Jedes Spielbrett hat ein anderes Thema, bestimmt durch den Charakter, zu dem es gehört. Gemäß der Anleitung für das Spiel, Solomon Muto erstellt Destiny Board und dies ist offensichtlich von ihm kommentieren während jedes Spiels und in der Lage, seine Super Power zu verwenden, um die Regeln für das Spiel zu ändern.
Yu-Gi-Oh! - Dungeon Dice Monsters (USA) (En,Es)	In Dungeon Dice Monsters, einem neuen strategischen Brettspiel, duellieren Sie sich mit Charakteren aus dem Yu-Gi-Oh! Fernsehserie mit magischen Würfeln, mächtigen Fallen und wilden Monstern. Erstelle Dungeons, besiege deine Gegner und werde zum ultimativen Würfelduellanten!
Yu-Gi-Oh! - The Eternal Duelist Soul (USA)	Die genaueste und fortschrittlichste Version von Duel Monsters ist da! Der ultimative Duell-Simulator basiert auf dem erfolgreichen Trading Card Game und der Fernsehserie! Duelliere dich gegen Dutzende von Gegnern aus der Fernsehserie oder fordere deine Freunde heraus. Importiere Karten aus dem offiziellen TCG, um dein Deck zu verbessern. Vervollständige deine Kartensammlung und stelle das ultimative Deck zusammen, um am Weltmeisterschaftsturnier teilzunehmen!
Yu-Gi-Oh! - The Sacred Cards (USA)	In Yu-Gi-Oh! The Sacred Cards ist es genauso wichtig seine Karten richtig auszuspielen, wie die richtigen Karten zu bekommen. Dieses einzigartige RPG gibt dir Karten als Waffen gegen die harte Konkurrenz. Du kämpfst in einem von der Kaiba Corporation veranstalteten Turnier und gewinnst die mächtigen ägyptischen Götterkarten. Basierend auf den Ereignissen der Yu-Gi-Oh! Zeichentrickserie bietet The Sacred Cards hunderte von Karten, über 100 Duellanten und Rivalen sowie unerwartete Wendungen und Überraschungen.
Yu-Gi-Oh! - Ultimate Masters - World Championship Tournament 2006 (USA) (En,Ja,Fr,De,Es,It)	Der nächste Teil der World Championship Tournament-Serie bietet mehr Karten und hat einen höheren Wiederspielwert als je zuvor. Die offizielle Software des Yu-Gi-Oh! World Tournament 2006 bietet mit über 2.000 Karten die meisten Karten in allen Yu-Gi-Oh! Handheld Spielen. Neue Modi stellen deine Duellfähigkeiten auf die Probe, z. B. Duelle mit begrenzten Lebenspunkten, Duelle mit einem 80-Karten-Deck und mehr.
Yu-Gi-Oh! - World Championship Tournament 2004 (USA) (En,Ja,Fr,De,Es,It)	Yu-Gi-Oh! bringt die weltweite Tournament Edition, welche auch bei den Weltmeisterschaften 2004 in Los Angeles benutzt wurden, direkt auf euren GBA. Um die Sprachbarrieren von internationalen Spielern zu überbrücken, bringt das Spiel gleich ein Übersetzungsprogramm mit, wodurch ihr euch auch mit Spielern aus Japan, Frankreich, Spanien, Italien und England/USA duellieren könnt. Kämpft mit über 1000 Karten gegen zahlreiche, neue Gegner oder tauscht Karten mit Freunden über Link-Kabel.
Yu-Gi-Oh! GX - Duel Academy (USA)	Erklimmen Sie die Ränge der Duel Academy um der König der Spiele zu werden! Eine brandneue Welt des Duellierens kommt für den Game Boy Advance - In der Form von Yu-Gi-Oh! GX! Basierend auf der brandneuen Zeichentrickserie nimmt die Story einige Jahre nach Yu-Gi-Oh! ihren Lauf. Treten sie der Duell Akademie bei und personalisieren sie ihre eigene Spielfigur! Lernen sie die Grundregeln des Duellierens mit Hilfe des Tutorials im Spiel sowie durch auftretende Quiz-Einlagen. Werden sie der König der Spiele werden?
Zapper - One Wicked Cricket! (USA)	Niemand genießt das ruhige Leben mehr als Zapper, aber wo Hilfe gebraucht wird, ist die Grille zur Stelle. Ausgerüstet mit elektrischen Antennen zum Zappen von Bösewichten und blitzschnellen Reflexen, um jeder Gefahr davon zu hüpfen, ist Zapper bereit für das größte Abenteuer seines Lebens! Aufgepasst - eine wirklich irre Grille!
Zatchbell! - Electric Arena (USA)	Zatchbell! Electric Arena lädt Sie ein, die Abenteuer der gleichnamigen Comics noch einmal zu erleben. Der Titel wird als farbenfrohes Kampfspiel mit Charakteren und skizzierten Dekorationen präsentiert. Es stehen zwölf Teams mit jeweils eigenen Angriffen, Gegenständen und magischen Fähigkeiten zur Verfügung. Jeder Charakter wird von einem Mamodos im Kampf unterstützt, einer kleinen außerirdischen Kreatur, die ohne den Mann nicht auskommen kann.
Zen-Nihon Shounen Soccer Taikai 2 - Mezase Nihon-ichi! (Japan)	Ein japanisches Fussballspiel und die Fortsetzung des Gameboy Color Spiels &quot;Zen-Nippon Shounen Soccer Taikai: Mezase Nippon Ichi!&quot;
Zero One (Japan)	In Zero One durchlaufen die Spieler das Abenteuer hauptsächlich mit Dialogoptionen. Es gibt auch mehrere Minispiele und zeitgesteuerte Aktionen.
Zero One SP (Japan)	Zero One SP ist ein dialoglastiges Adventure und eine Neuauflage des originalen Zero One mit neuen Geschichten, Charakteren und Minispielen.
Zettaizetsumei Dangerous Jiisan - Naki no 1-kai - Zettaifukujuu Violence Kouchou - Wagahai ga 1-ban Erainjai!! (Japan)	Zettai Zetsumei Dangerous Jiisan ist eine Reihe von Spielen, die auf dem gleichnamigen CoroCoro Comic-Manga basieren und in denen Sie einen verrückten alten Mann steuern.
Zettaizetsumei Dangerous Jiisan - Shijou Saikyou no Dogeza (Japan)	Zettai Zetsumei Dangerous Jiisan ist eine Reihe von Spielen, die auf dem gleichnamigen CoroCoro Comic-Manga basieren und in denen Sie einen verrückten alten Mann steuern.
Zettaizetsumei Dangerous Jiisan 3 - Hateshinaki Mamonogatari (Japan)	Zettai Zetsumei Dangerous Jiisan ist eine Reihe von Spielen, die auf dem gleichnamigen CoroCoro Comic-Manga basieren und in denen Sie einen verrückten alten Mann steuern.
Zettaizetsumei Dangerous Jiisan Tsuu - Ikari no Oshioki Blues (Japan)	Zettai Zetsumei Dangerous Jiisan ist eine Reihe von Spielen, die auf dem gleichnamigen CoroCoro Comic-Manga basieren und in denen Sie einen verrückten alten Mann steuern.
Zidane - Football Generation 2002 (Europe) (En,Fr,De,Es,It)	In Zidane - Football Generation sind 44 internationale und 33 große Vereinsteams aus der ganzen Welt vertreten. Die Namen der Spieler sind nicht lizenziert, aber das Spiel verfügt über eine Vielzahl von Spielmodi: Schnellspiel, Vereinspokal, Vereinsliga, Benutzerdefinierter Wettbewerb, Szenariomodus.
Zoey 101 (USA)	Überlebe die Gänge während der Streichwoche und fahre durch P.C.A. auf einem Jet-X oder werde ein Profi im Chemieunterricht. Dutzende von wiederspielbaren Minispielen, darunter Dance-Offs, Sport, Rollerrennen und mehr. Mehrere Endungen basierend auf den Entscheidungen, die im Spiel getroffen werden.
Zoids - Legacy (USA)	Auf dem Planeten Zi, weit weg im Universum, gibt es sowohl gute als auch böse Bewohner. Um die Kontrolle über den Planeten zu erlangen, setzen sie mechanisierte Roboter namens Zoids ein, um um die Kontrolle über die Welt zu kämpfen. Während eines Experiments kollidieren Zoids-Krieger aus verschiedenen Epochen, dem Chaotischen Jahrhundert und dem Neuen Jahrhundert. Die Spieler übernehmen die Kontrolle über Zoids Krieger Zeru, der mit Hilfe seiner Freunde Van, Fiona und Bit Cloud das Chaos wiederherstellen will. Es stehen verschiedene Arten von Zoids zur Auswahl, von denen jede aktualisiert und angepasst werden kann.
Zoids Saga (Japan)	Sie sind der Prinz eines Königreichs auf dem Planeten Zi in dem es einen kleinen Konflikt zwischen dem Königreich und dem Imperium gibt. Eines Tages wird Ihr Königreich von den Zoiden des Imperiums angegriffen. Sie übernehmen Ihr Königreich und planen, das ultimative Zoid zu bauen, indem Sie rechtzeitig reisen, um Bauteile zu finden. Sie und Ihr Team müssen ihren Verrat stoppen, indem Sie auch rechtzeitig reisen.
Zoids Saga - Fuzors (Japan)	Japanisches Rollenspiel in der Welt von Zoids. Die Spieler erkunden riesige 2D-Umgebungen. Wenn sie kämpfen, bewegt sich das Spiel in eine Seitenansicht und zeigt die gigantischen Kampfmaschinen in ihrer ganzen Pracht. Das Spiel bietet mehr als 100 verschiedene Zoid-Typen in verschiedenen Variationen. Basierend auf dem japanischen Spielzeug- / Serienmodell.
Zone of the Enders - The Fist of Mars (USA)	Zone of the Enders - The Fist of Mars führt jene Geschichte über einen intergalaktischen Krieg fort, die bereits in dem erfolgreichen PlayStation2-Spiel Zone of the Enders ihren Anfang nahm. Der Spieler kontrolliert eine Vielzahl diverser Fahrzeuge und riesige, bemannte Kampfroboter, genannt &quot;LEV&quot;. In dem rundenbasierten Kampf werden strategische Entscheidungen auf einer zweidimensionalen Karte getroffen, ehe die Action zum Zuge kommt: Mittels des neuartigen IAS-Systems kann der Spieler direkt in den Kampf eingreifen und mit viel Geschick und Reaktion den Schaden bei gegnerischen Einheiten erhöhen oder den eigenen reduzieren.
ZooCube (USA)	Tetris ist tot! Es lebe Zoo Cube! Apoklaypse Now! Die Erde steht vor einer schrecklichen Katastrophe. Alle Lebewesen sind von ihrer Ausrottung bedroht. Nun ist es an dir mit deiner stellaren Arche Männchen und Weibchen jeder Gattung einzusammeln, um die Tiervielfalt zu erhalten. Aufgepasst, hier ist Gehirnschmalz, Logik und Geschicklichkeit gefragt. Lass die Tiere in der richtigen Kombination an deine Raumfähre andocken und sichere ihren Fortbestand. Witzige Figuren im Comic-Stil warten darauf von dir gerettet zu werden. Aber nimm deinen Auftrag nicht auf die leichte Schulter, denn ohne die richtige Taktik wirst du kläglich scheitern und die Liste der ausgestorbenen Tiere so dick wie das Telefonbuch von New York.
Zooo - Action Puzzle Game (Europe) (En,Fr,De,Es,It)	Die Giraffen sind los! Aber auch Löwen, Pandabären, Affen und weitere Gesellen bringen Trubel auf die Taschen-Konsole. Das erfolgreiche Spielprinzip von Nintendo DS-Game Zoo Keeper feiert auf dem GBA Premiere: Versierte Ordnungshüter sortieren übermütige Tiere in Reih und Glied von mindestens drei Artgenossen und beseitigen virtuelles Tohuwabohu.
