#key	synopsis
007 - Everything or Nothing (USA, Europe) (En,Fr,De)	Pense como Bond, aja como Bond e experimente uma aventura Bond totalmente nova. James Bond, o maior agente secreto do mundo, retorna em Everything or Nothing com novas armas e dispositivos, habilidades de combate e truques inteligentes – e cabe a você fazer bom uso deles. Viaje por quatro continentes emocionantes, incluindo o Vale dos Reis no Egito e o Bairro Francês em Nova Orleans. O jogo também apresenta missões cooperativas para dois jogadores e modos de arena multijogador para quatro jogadores.
007 - NightFire (USA, Europe) (En,Fr,De)	O agente secreto definitivo está de volta em sua aventura mais perigosa em James Bond 007: NightFire. Explore novas alturas e profundidades como nunca antes: infiltre-se em arranha-céus, enfrente missões subaquáticas traiçoeiras e enfrente missões originais, incluindo missões no espaço sideral. Tudo isso, além de mulheres glamorosas (e às vezes mortais), novos dispositivos e armas de última geração e um sistema avançado de câmera no jogo que deixarão você abalado e agitado.
2 Disney Games - Disney Sports - Football + Disney Sports - Skateboarding (Europe) (En,Fr,De,Es,It)	Pacote de 2 jogos: o primeiro é Disney Sports Football, um jogo esportivo lançado no Gameboy Advance. Como o título pode sugerir, este é um jogo de futebol americano que se passa no universo Disney. Você poderá jogar com seus personagens favoritos durante jogos muito arcade. o segundo é Disney Sports Skateboarding, um jogo de skate no Gameboy Advance. Jogue como Mickey ou um de seus amigos famosos nos 10 níveis que este jogo oferece. Você também pode andar com um amigo em um modo para dois jogadores.
2 Game Pack! - Matchbox Missions - Emergency Response + Air, Land and Sea Rescue (USA)	Proteja a cidade contra incêndios, leve as pessoas com necessitadas ao hospital e salve o dia neste pacote duplo. Inclui resgate aéreo, terrestre e marítimo e resposta a emergências.
2 Games in 1 - Sonic Advance + ChuChu Rocket! (Europe) (En,Ja,Fr,De,Es)	2 Games in 1: Sonic Advance & ChuChu Rocket!, chamado Double Pack: Sonic Advance & ChuChu Rocket! no Japão, é uma compilação de dois jogos para o Game Boy Advance. Contém os jogos Sonic Advance e ChuChu Rocket!. Não há extras, apenas um menu que permite selecionar os dois jogos.
2 Games in 1 - Sonic Advance + Sonic Battle (Europe) (En,Ja,Fr,De,Es+En,Ja,Fr,De,Es,It)	2 Games in 1: Sonic Advance & Sonic Battle, chamado Double Pack: Sonic Battle & Sonic Advance no Japão, é uma compilação de dois jogos do Sonic para o Game Boy Advance. Contém os jogos Sonic Advance e Sonic Battle. Não há extras, apenas um menu que permite selecionar os dois jogos.
2 Games in 1 - Sonic Battle + ChuChu Rocket! (Europe) (En,Ja,Fr,De,Es,It+En,Ja,Fr,De,Es)	2 Games in 1: Sonic Battle & ChuChu Rocket! é uma compilação de dois jogos para o Game Boy Advance. Contém os jogos Sonic Battle e ChuChu Rocket!. Não há extras, apenas um menu que permite selecionar os dois jogos.
2 Games in 1 - Sonic Battle + Sonic Pinball Party (Europe) (En,Ja,Fr,De,Es,It)	2 Games in 1: Sonic Pinball Party & Sonic Battle, chamado Double Pack: Sonic Pinball Party & Sonic Battle no Japão, é uma compilação de dois jogos do Sonic para o Game Boy Advance. Ele contém os jogos Sonic Pinball Party e Sonic Battle. Não há extras, apenas um menu que permite selecionar os dois jogos.
2 Games in 1 - Sonic Pinball Party + Columns Crown (Europe) (En,Ja,Fr,De,Es,It+En)	2 Games in 1: Sonic Pinball Party & Columns Crown é uma compilação de dois jogos para o Game Boy Advance. Contém os jogos Sonic Pinball Party e Columns Crown. Não há extras, apenas um menu que permite selecionar os dois jogos.
2006 FIFA World Cup - Germany 2006 (USA, Europe) (En,Fr,De,Es,It)	FIFA Soccer 2006 lhe permite se tornar um jogador de futebol ou gerenciar um time para o seu destino! Vá ao Gramado ao jogar uma experiência de futebol completa, autêntica, e inteligente. Una o time quando o jogo fica difícil, e se certifique que a química do seu time mantenha o time no jogo.
2K Sports - Major League Baseball 2K7 (USA)	Uma nova era no diamante. Major League Baseball 2K7 redefine o que é um simulador de beisebol, trazendo o realismo da próxima geração, mecânicas de arremesso totalmente reformuladas e uma apresentação visual sem precedentes.
3 Game Pack! - Candy Land + Chutes and Ladders + Original Memory Game (USA)	Três jogos de tabuleiro clássicos em um pacote de jogos indispensável! Candy Land, Chutes & Ladders e o Original Memory Game agora podem ser jogados sem seus tabuleiros volumosos. Basta carregar este jogo em seu Game Boy Advance portátil e se preparar para muita diversão.
3 Game Pack! - Mouse Trap + Simon + Operation (USA)	Compilação de 3 jogos de tabuleiro em versão eletrônica no GBA: Mouse Trap, Simon e Operation.
3 Game Pack! - The Game of Life + Payday + Yahtzee (USA)	Um pacote de três jogos de tabuleiro clássicos. The Game Of Life – Você vai fazer faculdade ou entrar no mercado de trabalho? Casar e ter filhos? Você irá à falência ou ganhará milhões em ações e imóveis? Tudo é possível girando a roda da vida! nnYahtzee é um grande clássico há mais de 40 anos! Jogue os dados para casas cheias, três do mesmo tipo, quatro do mesmo tipo, etc... Yahtzee! Payday é o clássico jogo familiar que torna as finanças domésticas divertidas, tente ganhar o máximo de dinheiro possível evitando pagar todas as contas.
4 Games on One Game Pak (Nicktoons) (USA)	O jogo contém quatro jogos licenciados da Nickelodeon completos em um único cartucho. Há um menu que permite aos jogadores rolar para baixo e escolher o jogo que desejam jogar. Os quatro jogos contidos no cartucho são: Rocket Power: Zero Gravity Zone, Nicktoons: Freeze Frame Frenzy, The Fairly OddParents! Shadow Showdow e SpongeBob SquarePants: SuperSponge.
Ace Combat Advance (USA, Europe)	A Air Strike Force (A.S.F.) é o esquadrão de aeronaves mais avançado do planeta. Não pertencente a nenhuma nação, ela é propriedade da General Resources Ltd., que começa a designar a A.S.F. para missões destinadas a eliminar a concorrência e obter vantagem econômica. Alarmadas com esse domínio, as nações do mundo se aliam para formar a United Air Defense (U.A.D.), cujo objetivo é combater a A.S.F. e destruir sua capacidade bélica. Ace Combat Advance é um jogo de tiro com visão superior. O jogador começa escolhendo uma aeronave e um tipo de arma secundária para usar em cada missão. Ao entrar na fase, o jogador pode girar para a esquerda, para a direita e realizar uma manobra de mergulho, enquanto também pode controlar a aceleração e a frenagem. Em relação às armas, o jogador pode disparar um canhão diretamente à frente da aeronave ou usar a arma secundária, cujos detalhes variam. Um briefing mostra os objetivos e alvos definidos de cada uma das 12 missões.
Action Man - Robot Atak (Europe) (En,Fr,De,Es,It)	Action Man: Robot Attack é baseado no filme de animação lançado diretamente em DVD de mesmo nome, que por sua vez é baseado na linha de brinquedos. Para deter o maligno Dr. X e seu exército de robôs que vêm atacando cidades ao redor do mundo, a Força de Ação parte em busca de seu esconderijo secreto, a Ilha X. Deixados em diferentes partes da ilha, Action Man, Redwolf e Flint precisam primeiro se encontrar e depois acabar com os planos do doutor maligno.
Advance Guardian Heroes (USA)	Advance Guardian Heroes é a sequência ao clássico do Sega Saturn Guardian Heroes. É um jogo de ação de rolagem lateral e beat-em-up. Você escolhe entre 3 personagens que serão acompanhados por um lendário Herói da Alma de outro mundo. Você deve tomar controle da Lendária Espada da Alma do túmulo do Herói da Alma e salvar o mundo. Há 2 modos de jogo, modo de história onde você pode jogar sozinho ou cooperativamente com outro jogador ligando dois GBAs juntos. Há também um modo de oposição onde até 4 jogadores podem batalhar entre si. No modo história você recebe cristais dos inimigos derrotados. No final de cada nível você pode melhorar características como MP ou HP, ou você pode doar para o Laboratório que eventualmente desbloqueará personagens para usar em modo de oposição. Há 3 personagens iniciais disponíveis, mas até 20 são desbloqueáveis.
Advance Wars (USA)	As linhas de batalha foram traçadas e um grupo de elite de estrategistas astutos está reunindo tropas em suas fronteiras. Em Advance Wars os fãs de estratégia podem mostrar suas habilidades táticas! No papel de diferentes comandantes, o jogador deve liderar suas respectivas tropas à vitória. Diferentes unidades estão disponíveis para as missões (infantaria, força aérea, marinha), que são equipadas com diferentes características como mobilidade, força de ataque e alcance. Conflitos com tropas inimigas, inúmeras armas e vários meios de transporte são simulados em 114 locais. Até 4 amigos podem enfrentar adversários perigosos ao mesmo tempo com apenas um módulo de jogo no modo multijogador, mesmo com apenas um Game Boy Advance!
Advance Wars 2 - Black Hole Rising (USA)	A sequência do popular jogo tático Advance Wars retorna ao Gameboy Advance com Advance Wars 2: Black Hole Advance. A ameaça do exército Black Hole pesa mais do que nunca no Wars World, e é perante a iminência de uma invasão que as diferentes forças terão de se aliar. Cumpra o objetivo definido para você em cada missão, às vezes antes de um determinado período de tempo. Cabe a você implementar a melhor estratégia para tirar vantagem do seu adversário.
Adventures of Jimmy Neutron Boy Genius, The - Attack of the Twonkies (USA, Europe)	Este jogo de aventura de plataforma baseado na série de filmes e série de sucesso da Nickelodeon mostra Jimmy retornando do espaço sideral — com um clandestino alienígena. O alienígena começa fofo e fofo, mas rapidamente se torna uma fera feroz com um apetite voraz por destruição. Mais uma vez, Jimmy Neutron precisa usar um sistema revolucionário de invenções para criar alguns gadgets inspirados para capturar e conter o ataque alienígena que se multiplica rapidamente. Os jogadores podem criar mais de 26 aparelhos, 11 invenções e quatro super invenções. Claro que também há engenhocas secretas escondidas em cada fase que dão a Jimmy Neutron power-ups aprimorados. Com a ajuda desses gadgets, Jimmy avança por seis episódios em 15 fases, incluindo Laboratório de Jimmy ™, Twonkus-3, The Neighborhood, Downtown, Retroland e o Confronto Final.
Aero the Acro-Bat (USA)	Você joga como o morcego Aero, que precisa impedir o cientista louco Edgar Ektor, que tenta livrar o mundo da diversão e da alegria. Assim, você salta pelos níveis em estilo circense com vários tipos de máquinas, como catapultas, canhões, máquinas de refrigerante, plataformas, etc., recolhe vários power-ups, como queijo, refrigerante, chaves, relógios, etc., e evita obstáculos mortais.
Agassi Tennis Generation (USA)	Agassi Tennis Generation te aproxima das maiores estrelas do tênis. Jogue como Andre Agassi ou dispute partidas contra ele, com cortadas, voleios, lobs e saques em quadras do mundo todo, em 16 torneios. O jogo conta com 32 jogadores únicos com movimentos realistas, diferentes tipos de quadra e três modos de jogo desafiadores: Partida Rápida, Arcade e Torneio. Você conseguirá chegar ao topo do estrelato do tênis?
Aggressive Inline (USA)	Em Aggressive Inline, o jogador assume o papel de um dos nove skatistas da vida real com um objetivo específico: ganhar o máximo de pontos possível realizando acrobacias espetaculares. Cada uma das 13 pistas também possui vários desafios especiais, como coletar ou destruir certos itens, que precisam ser concluídos para vencê-las. Em contraste com as áreas abertas das versões para console, esta apresenta níveis mais lineares e limites de tempo apertados. Ele também substitui o &quot;medidor de energia&quot; pelo chamado &quot;medidor de grind&quot;, que é preenchido com a realização de acrobacias. Cada grind diminui esse medidor e, se estiver vazio, nenhum grind pode ser realizado. É claro que os grinds são um movimento essencial para vencer os desafios.
AirForce Delta Storm (USA) (En,Ja,Fr,De)	Airforce Delta Storm, conhecido como Airforce Delta II no Japão e simplesmente como Deadly Skies na Europa, é um jogo de videogame de caças lançado em 2001 para o Xbox. É a sequência do jogo Airforce Delta para Sega Dreamcast. Um jogo também chamado Airforce Delta Storm foi lançado em 2002 para o Game Boy Advance. Apesar de ter o mesmo nome, o enredo deste jogo é baseado no título anterior da série, Airforce Delta.
Aladdin (USA) (En,Fr,De,Es)	Baseado no clássico jogo para o SNES e no filme de animação da Disney, Aladdin da Disney se junta à biblioteca do Game Boy Advance com recursos totalmente novos. Neste jogo de plataforma de rolagem lateral, você assumirá o papel de Aladdin e seu macaco travesso, Abu, enquanto eles jogam maçãs, escalam cordas e montam tapetes mágicos para descobrir seus destinos. O Aladdin da Disney possui um estágio bônus para cada nível e uma variedade de ambientes para explorar, incluindo o castelo de Jafar, a lâmpada do Gênio e uma antiga pirâmide.
Alex Rider - Stormbreaker (USA)	Assuma o papel de Alex Rider para espiar, enganar e derrotar o mal com estilo. Baseado no filme de espionagem adolescente Alex Rider: Stormbreaker, protagonizado por Mickey Rourke, Alicia Silverstone e Ewan McGregor, o videojogo capta toda a emoção e suspense do best-seller de Anthony Horowitz sobre o super-espião adolescente Alex Rider. A jogabilidade inclui combate, missões furtivas, veículos e a utilização de dispositivos para atingir os objetivos da missão. Explore a casa de Ian Rider, o ferro-velho, a sede secreta do MI6 na Liverpool Street, as instalações de treino do MI6 e o ​​complexo de Darius Sayle. Os jogadores recebem instruções da Sra. Jones e de Alan Blunt antes de se infiltrarem, melhoram as suas capacidades de resolução de problemas no melhor campo de treino do MI6 e recebem dispositivos de espionagem de Smithers para os auxiliar em combate, navegação e para desbloquear minijogos especiais.
Alien Hominid (Europe) (En,Fr,De,Es,It)	Alien Hominid é um jogo de tiro com rolagem lateral em 2D que faz fortes referências à série de jogos Metal Slug – desde os gráficos desenhados à mão, explosões enormes, até a capacidade de destroçar agentes do FBI quando você se aproxima deles. Os gráficos são do artista Dan Paladin. Seu objetivo é, simplesmente, chegar ao final da fase, morrendo o menos possível. Isso é dificultado pelo fato de que qualquer bala resulta em morte instantânea. Para te ajudar, você pode coletar uma variedade de power-ups, como lasers, tiros espalhados, espingardas e mais, além de sequestrar veículos e usá-los para proteção. Granadas podem ser lançadas, e você pode pular nos ombros dos inimigos e escolher morder suas cabeças se quiser, ou pegá-los e jogá-los contra outros inimigos. Você também pode mergulhar no subsolo por um curto período de tempo para evitar inimigos – enquanto está no subsolo, pode arrastar agentes para o chão para matá-los.
Alienators - Evolution Continues (USA, Europe)	Você pensou que tinha livrado a Terra dos alienígenas. Mas agora eles voltaram, e a evolução de formas de vida hostis continua. Por sorte, os Alienadores estão a postos. Use toda a ciência que você tem à sua disposição para combater os alienígenas... antes que esse mal evolua para um estado de supremacia total e domine o mundo!
All Grown Up! - Express Yourself (USA, Europe)	Finalmente um jogo feito especialmente para meninas! Ajude a Angélica com o jornal da escola, cante uma música com a Susie, monte looks estilosos com a Lil, troque informações com suas melhores amigas, vote em um assunto em alta ou use a função PDS para planejar sua semana agitada!
All-Star Baseball 2003 (USA)	A série de beisebol da Acclaim faz sua estreia no Game Boy Advance com All-Star Baseball 2003. O título possui menos modos e recursos do que a versão para consoles e é apresentado com gráficos em 2D adaptados para a plataforma. Os modos de jogo incluem: Quick Game (partida aleatória), Exibição, All-Star Game, Treino de Rebatida, Home Run Derby, Temporada (com 8 combinações diferentes de duração e modo) e a World Series. Também há um modo para dois jogadores via cabo link.
All-Star Baseball 2004 Featuring Derek Jeter (USA)	Como Derek Jeter, All-Star Baseball 2004 é o jogo &quot;com todas as ferramentas&quot;. Com a simulação mais realista de todos os tempos, a funcionalidade mais fácil de jogar e o mesmo conjunto de habilidades gerais que tornam Derek o líder e vencedor que é, o ASB 2004 é realmente o jogo com todas as ferramentas.
Altered Beast - Guardian of the Realms (USA)	Altered Beast: Guardian of the Realms coloca você na pele de um guerreiro ressuscitado por Zeus para impedir que o maligno Arges conquiste os reinos celestiais. O título mantém a jogabilidade de beat 'em up side-scrolling clássica, onde o objetivo é coletar Spirit Balls para desencadear metamorfoses em bestas míticas, como o lobo, dragão e tigre. As mecânicas incluem um sistema de upgrade de atributos e novas transformações exclusivas para a versão portátil. O jogador deve enfrentar hordas de criaturas mortas-vivas e chefes grotescos ao longo de 15 níveis. O foco reside no combate direto, no gerenciamento do medidor de energia e na utilização de habilidades elementais específicas de cada forma animal para progredir.
American Bass Challenge (USA)	Prepare-se para a pescaria definitiva! Em American Bass Challenge, você vai explorar cinco lagos incríveis, com mais de 20 pontos diferentes para encontrar os melhores peixes, incluindo bagres, peixes-lua e o famoso Big Mouth Bass. Escolha entre uma variedade de iscas, como minhocas, rãs, crankbaits e spinnerbaits, e utilize o sonar para localizar os pontos mais promissores. Estratégia e paciência são essenciais para fisgar os maiores troféus. Cada lançamento é um desafio. Cada captura, uma vitória. Você tem o que é preciso para se tornar um verdadeiro mestre da pesca?
American Dragon - Jake Long - Rise of the Huntsclan (USA, Europe) (En,Fr,De,Es,It)	O inimigo mais feroz de Jake Long, o Dragão Negro, toma Rose — o interesse amoroso de Jake — como refém para causar a destruição do herói em Disney's American Dragon: Jake Long, Attack of the Dark Dragon. Quando o Dragão Negro percebe que o maligno Caçador (Huntsman) também tem interesse em resgatar a refém, o duelo final tem início. Os jogadores devem lutar contra uma investida de vilões que surgem de todas as direções para, no processo, salvar Rose.
American Idol (USA)	Baseado no programa de TV que revolucionou as competições musicais, a &quot;lore&quot; de Pop Idol coloca você na pele de um jovem talentoso em busca da fama mundial. O objetivo narrativo é simples, mas desafiador: passar pelas audições regionais, enfrentar as críticas ácidas dos jurados — incluindo a versão digital de Simon Cowell — e conquistar o voto do público nas grandes finais. No Game Boy Advance, a jogabilidade é baseada em ritmo e precisão, exigindo que o jogador acerte as notas musicais no tempo correto para manter a barra de performance alta. Com um repertório de sucessos da época e um sistema de personalização de personagem, o título captura o glamour e a pressão de se tornar o próximo ídolo do pop.
American Tail, An - Fievel's Gold Rush (USA) (En,Es)	Fievel Mousekewitz, um roedor com um visto de imigração, está rumando para o oeste em uma aventura americana: Fievel's Gold Rush. Baseado na série animada da Universal Studios, o jogo coloca os jogadores no controle de Fievel enquanto ele viaja por 18 fases e seis mundos, incluindo &quot;Nova York&quot; e &quot;Gold Dust Gulch&quot;, para desvendar o mapa do tesouro de Cat Malone. Fievel vai se balançar em cordas, atacar com seu chapéu de caubói, navegar em barcos a vapor e pular em cima do trem para encontrar o ouro de Wylie Burp.
Angelique (Japan)	Cada sector de Cosmoc é governado por uma rainha que, com a ajuda dos nove guardiães, mantém o equilíbrio entre os elementos. Mas com o passar do tempo, o poder da rainha desvanece-se e uma nova rainha tem de a substituir. Vários candidatos competem até que um deles prove que conhece os nove elementos e convence os Guardiães a emprestar-lhe o seu poder. A heroína do jogo é Angelique Limoges, de 17 anos de idade, e o seu principal adversário é uma rapariga bastante desagradável chamada Rosalia. Será que Angelique conseguirá ser amiga dos Guardiães e tornar-se a próxima rainha? Angelique toma emprestados elementos de vários géneros: aventura ao estilo japonês (sem puzzles), simulação de encontros e estratégia (não muito complexa). O objectivo é assegurar que Angelique mantenha boas relações com os Guardiães, mantendo ao mesmo tempo o equilíbrio.
Animal Snap - Rescue Them 2 by 2 (USA)	Os animais estão perdidos e precisam da sua ajuda para encontrar o caminho de casa. Neste jogo, você terá que resgatar 10 personagens ao longo de 10 níveis, cada um diferente a cada vez que joga. Além disso, o jogo conta com um modo arcade, um modo de desafio contra o tempo e um jogo bônus oculto que vai te surpreender. Embora pareça difícil, se você pensar com antecedência, terá sucesso!
Animaniacs - Lights, Camera, Action! (Europe) (En,Fr,De,Es,It)	Cálculos recentes mostraram que Yakko, Wakko e Dot custaram a Warner mais dinheiro em danos acumulados do que eles geraram como lucro desde sua escapada da torre de água. O quadro de diretores agora os dá uma última chance para justificar a si mesmos. Para botar as contas em dia, Warner decidiu filmar 3 filmes do Animaniacs de uma vez só!
Ant Bully, The (USA) (En,Fr)	Depois de intimidar uma inocente colónia de formigas, um rapaz chamado Lucas é magicamente reduzido ao tamanho de uma formiga e embarca numa emocionante aventura. Joga na pele de Lucas e experimenta a perigosa vida de uma formiga enquanto luta, explora e faz novas amizades com os habitantes locais e outras espécies no seu novo mundo de formigas. Foram criados novos desafios especialmente para o jogo, por isso ajuda Lucas a passar de recluso a herói na sua missão de salvar a colónia do extermínio.
Antz - Extreme Racing (USA)	Acha que 0,5 milhas por hora não é rápido o suficiente para você? Imagine que seu veículo só é rápido o suficiente para transportar um personagem principal do filme Antz. Vai ser preciso toda a habilidade que você puder reunir só para se destacar na corrida Antz. 0,5 mph é rápido — é muito rápido!
Army Men - Operation Green (USA) (En,Fr,De,Es,It)	Seguindo um design semelhante ao do jogo original Army Men para PC, Operation Green coloca você no controle de um soldado verde que precisa lutar para atravessar as linhas inimigas e derrotar o exército Tan em seu próprio território. Cada uma das 15 missões apresenta uma variedade de inimigos, e você deve usar suas armas (granadas, metralhadoras, lança-foguetes e muito mais) para eliminar o máximo possível deles. Você também pode usar certos veículos durante a ação, o que lhe dá a oportunidade de usar ainda mais poder de fogo.
Army Men - Sarge's Heroes (USA, Europe) (Proto 7)	Plastro, o infame líder do Exército Bege, recrutou forças alienígenas de outro mundo para ajudá-lo em sua guerra contra a Nação Verde. Cabe a Sarge e Vikki G. entrar em ação para salvar suas tropas de diversos inimigos desconhecidos e, em seguida, encontrar o próprio Plastro para um confronto final!
Army Men Advance (USA, Europe) (En,Fr,De,Es,It)	Plastro, o infame líder do Exército Bege, recrutou forças alienígenas de outro mundo para ajudá-lo em sua guerra contra a Nação Verde. Cabe a Sarge e Vikki G. entrar em ação para salvar suas tropas de diversos inimigos desconhecidos e, em seguida, encontrar o próprio Plastro para um confronto final!
Around the World in 80 Days (USA)	Jogo de ação baseado no filme de Júlio Verne, estrelado por Jackie Chan como Passepartout, o criado de Phileas Fogg que se junta a Fogg em sua aposta para dar a volta ao mundo em 80 dias. A Volta ao Mundo em 80 Dias para Game Boy Advance coloca os jogadores no papel de Jackie Chan, tendo que espancar bandidos de todas as partes do mundo neste beat-em-up de rolagem lateral. A ação abrange locais do mundo todo, como Paris, Turquia, Índia, China... até São Francisco. A Volta ao Mundo em 80 Dias foi desenvolvido pela Saffire para a Hip Games. Escale prédios, salte de marquises, pule de borda em borda, atravesse fios estreitos, viaje de trem, elefante, navio, avião e balão, e enfrente todos os tipos de oponentes do filme e além.
Arthur and the Invisibles (USA) (En,Fr,Es)	Diretamente inspirado no famoso filme de animação de mesmo nome do diretor e roteirista Luc Besson, o jogo Arthur and the Minimoys seguirá o enredo do filme e contará com gráficos e inovações técnicas impressionantes. Ao adotar uma abordagem muito original para sua apresentação do universo Arthur e utilizar as características únicas do hardware DS, a versão Nintendo DS de Arthur and the Minimoys é um tipo de jogo diferente das versões para outros consoles e PC. Arthur and the Minimoys for DSâ&quot;¢ retrata alegremente o mundo mágico de Arthur através de uma série de micro jogos originais e divertidos e com um absorvente 'simulador de animal de estimação virtual' onde os jogadores são responsáveis por cuidar e criar 'Mul mull', criaturas pequenas, fofas e voadoras encontradas em abundância no mundo de Arthur.
Asterix & Obelix - Bash Them All! (Europe) (En,Fr,De,Es,It,Nl)	Asterix & Obelix: Bash Them All! é um jogo de plataforma 2D side-scrolling baseado na série de quadrinhos francesa Astérix. É uma coleção de dois jogos; um deles é um port do jogo de SNES Asterix e Obelix e o outro jogo se chama Asterix & Cleopatra, baseado no filme de quadrinhos e animação de mesmo nome. Em Asterix e Cleópatra, Asterix tem que ajudar um arquiteto egípcio Artifis a construir sua pirâmide para Cleópatra. Você joga níveis típicos de plataforma onde você pula obstáculos e caminha para a direita da tela. Muitos inimigos, como falsos empreiteiros de construção e soldados romanos (enviados por um César ciumento), e piratas devem ser lançados no céu. Cada nível é concluído com um minijogo. O jogo segue fielmente os eventos dos quadrinhos.
Asterix & Obelix XXL (Europe) (En,Fr,De,Es,It,Nl)	Asterix & Obelix XXL é um jogo de ação 3D para GBA baseado no universo de dois gauleses de bigode irredutível. O jogador controla cada um dos dois heróis, um após o outro. Trata-se de usar suas respectivas forças para resolver os quebra-cabeças e derrotar as legiões romanas que encontrarem.
Astro Boy - Omega Factor (USA) (En,Ja,Fr,De,Es,It)	Junte-se a Astro, o super-herói robótico com uma mente humana, em uma missão para reunir a raça robótica com os humanos. Astro usa suas sete super habilidades para enfrentar nomes como Atlas, Cavaleiro Azul e mais de 40 outros personagens. O jogo traz jogos 2D clássicos para o Game Boy Advance, juntamente com uma história original de sete episódios. Jogando como Astro Boy, você aprenderá sobre justiça, compaixão, maldade, coragem e a história do Astro Boy - tudo isso enquanto constrói o Fator Ômega do Astro e fortalece seu personagem e habilidades sobre-humanas.
Atari Anniversary Advance (USA)	A Atari apresenta 6 dos melhores jogos de arcade já feitos, mega-sucessos que deram início à revolução dos videogames: Asteroids, Battlezone, Centipede, Missile Command, Super Breakout e Tempest. Cada jogo foi reproduzido nos mínimos detalhes e continua tão fácil e divertido de jogar quanto na época original. Seja você um fã de longa data ou um novato competitivo, não pode deixar de experimentar os jogos que começaram tudo!
Atlantis - The Lost Empire (USA, Europe)	Disney's Atlantis: O Império Perdido é um jogo de ação e plataforma. Ele apresenta fases, cenas e jogabilidade diferentes em comparação com a versão do Game Boy Color. O protagonista precisa frequentemente pular e escalar pelos cenários, assim como derrotar os inimigos com explosivos e armas de arremesso para alcançar a cidade perdida de Atlantis e salvá-la da destruição iminente.
Atomic Betty (USA, Europe)	Atomic Betty é uma mistura dos gêneros plataforma e quebra-cabeça, e funciona de forma muito semelhante a The Lost Vikings, já que você controla três personagens diferentes simultaneamente, cada um com habilidades distintas. No entanto, como Atomic Betty é voltado para um público mais jovem, existem duas diferenças notáveis: primeiro, é muito mais difícil morrer; e segundo, o jogador só precisa levar um personagem até a saída para concluir o nível com sucesso. Quando estão na Terra, o jogador controla um personagem que pode terminar o dever de casa, um que pode empurrar ou puxar objetos e o último que pode deslizar por frestas estreitas. No Espaço, um personagem pode atacar repetidamente e usar dispositivos especiais, outro pode usar uma mochila a jato (jetpack) para um salto bem alto e o último pode agarrar itens e inimigos.
ATV - Quad Power Racing (USA, Europe)	Chegou a hora de acelerar e sujar os pneus no ATV Quad Power Racing para Game Boy Advance! Se você acha que sabe tudo sobre corrida, pense de novo, pois aqui o negócio é quadriciclo e o asfalto é apenas uma lembrança. Prepare-se para saltos absurdos, manobras que desafiam a gravidade e trilhas cheias de lama, neve e desertos de areia. Neste jogo, você pode escolher entre 10 pilotos malucos, cada um com sua própria máquina turbinada. Você vai dominar a arte do &quot;derrape selvagem&quot; para fazer as curvas fechadas e acumular pontos de estilo. E para quem gosta de um pouco mais de adrenalina, o jogo oferece modos como &quot;Corrida Livre&quot; e &quot;Estilo Livre&quot;, onde o objetivo é impressionar a galera com truques aéreos insanos, como o famoso &quot;Backflip&quot;. Então, se você está pronto para trocar a Fórmula 1 por uma dose de lama e manobras radicais, ATV Quad Power Racing é a sua próxima parada! Prepare seus polegares, porque a sujeira vai voar!
Avatar - The Last Airbender (USA)	O videogame Avatar: O Último Mestre do Ar permite ao jogador controlar um dos quatro personagens - Aang, Katara, Haru, ou Sokka - em uma aventura para um jogador. Cada personagem usa a sua arma e estilo de luta característico, e pode adquirir novas habilidades especiais através de experiência ganha derrotando inimigos. Uma variedade de itens pode ajudar o jogador com missões, ou durante a luta (armadura, chi, acessórios encantados, e poções de cura). O jogo também permite ao jogador colecionar certos recursos e traze-los aos artesãos para criar itens especiais. Inimigos incluem os clássicos mestres do fogo, máquinas, e uma variedade de animais do show, na maioria do primeiro livro.
Avatar - The Last Airbender - The Burning Earth (USA)	Avatar - The Legend of Aang - The Burning Earth para Game Boy Advance é um jogo de ação e aventura baseado na popular série de animação. Os jogadores assumem o papel de Aang e seus amigos enquanto lutam contra a Nação do Fogo e exploram o mundo dos elementos parasalvaromundo.
Babar to the Rescue (USA) (En,Fr,Es)	Num belo dia em Celesteville, os dois filhos de Babar, Pom e Alexander, e seu primo Arthur brincam de esconde-esconde com o macaco Zephir. No pátio do castelo, dois enormes balões de ar quente estão presos ao chão, e Pom e Alexander decidem usar um deles como esconderijo. De repente, a corda que segura o balão se solta acidentalmente e ele sobe lentamente, bem alto no céu, levado pelo vento. Quando Babar percebe, ele entra rapidamente no segundo balão e voa para o meio do nada para resgatar seus dois filhos...
Back to Stone (USA) (En,Fr)	Back To Stone é um jogo de ação isométrico ambientado em um mundo onde os humanos alcançaram a sabedoria para superar a guerra e a fome. No entanto, alguém encontra um livro proibido e recita as palavras que libertam uma horda de demônios, aniquilando a humanidade. Alguns são mantidos vivos como cobaias em experimentos sombrios. Um desses indivíduos, o protagonista sem nome, consegue escapar. Ele foi infundido com uma essência demoníaca que o priva de sua forma humana, mas lhe concede superforça e a capacidade de transformar carne em pedra. Este jogo para GBA oferece cerca de 20 ambientes diferentes. Cada ambiente possui suas próprias experiências e interações. O mundo é habitado por cerca de 30 monstros e muitos demônios chefes.
Back Track (USA, Europe)	Domingoaniax e seu exército de mutantes e soldados robôs assumiram o controle da base lunar secreta. Durante meses, esses alienígenas têm abduzido humanos e os assimilado em um exército de droides que pode ser usado para dominar a Terra. Como nossa última esperança, você deve ajudar Jim Track a infiltrar-se na base lunar e ter sucesso onde muitos outros antes dele falharam. Destrua cada alienígena ou humano assimilado que encontrar, teleporte de volta o máximo possível de humanos não assimilados das cápsulas e, em seguida, acione a sequência de autodestruição para aniquilar a base lunar e os alienígenas restantes.
Backyard Baseball (USA)	O jogo &quot;Backyard Baseball&quot; para Game Boy Advance é uma simulação de beisebol voltada para crianças e adolescentes. Ele permite que os jogadores criem seus próprios times, escolhendo personagens dos populares desenhos animados da série Backyard Sports. Cada personagem tem suas próprias habilidades e atributos, e o jogador deve gerenciar suas equipes através de uma temporada completa de beisebol. O jogo inclui estatísticas detalhadas, um editor de times e campos personalizados, bem como visualizações de repetições em câmera lenta para mostrar jogadas emocionantes. Com gráficos coloridos e jogabilidade divertida, &quot;Backyard Baseball&quot; é um jogo ideal para fãs jovens de beisebol que procuram uma experiência de game acessíveleagradável.
Backyard Baseball 2006 (USA)	Backyard Baseball é uma série de videogames de beisebol para crianças desenvolvida pela Humongous Entertainment e publicada pela Atari. Foi lançado pela primeira vez em outubro de 1997. Alguns dos títulos de jogos criados incluem Backyard Baseball, Backyard Baseball 2001-2010 e Backyard Sports: Sandlot Sluggers. O jogo original consistia em 30 crianças da vizinhança, que o jogador pode escolher jogar. Com o passar dos anos, a ideia de &quot;jogadores profissionais como crianças&quot; se tornou popular, e as estatísticas originais e a aparência dos jogadores mudaram. Alguns dos jogadores profissionais disponíveis incluíam Chipper Jones, Frank Thomas, Alex Rodríguez, Alfonso Soriano, Ichiro Suzuki, Sammy Sosa, Jim Thome, Albert Pujols, Nomar Garciaparra, Ken Griffey Jr. e Barry Bonds. Conforme o jogo avança, alguns profissionais se tornam disponíveis ou &quot;desbloqueáveis&quot;, incluindo Randy Johnson, Derek Jeter e Mike Piazza.
Backyard Basketball (USA)	Crie seu time de basquete com as Crianças do Quintal (30 crianças) e versões infantis de estrelas da NBA (10 versões infantis de estrelas da NBA). Backyard Basketball tem power-ups incríveis, dois minijogos e um modo temporada. É possível competir com outro jogador de GBA usando um cabo Game Link. Os jogos podem ser salvos no cartucho.
Backyard Football (USA)	&quot;Backyard Football&quot; para Game Boy Advance é um jogo de futebol americano (com regras adaptadas ou estilo arcade) que faz parte da popular série Backyard Sports. O jogo permite que os jogadores escalem times compostos por crianças do bairro (personagens originais da série) ou versões infantis de jogadores profissionais da NFL.
Backyard Football 2006 (USA)	Backyard Football 2006 é a quarta versão do premiado jogo que combina jogadas e estratégias realistas de futebol americano com um humor maluco. Backyard Football 2006 apresenta versões infantis de superestrelas da NFL, incluindo Peyton Manning, Tom Brady, Donovan McNabb e Daunte Culpepper. Backyard Football 2006 inclui todos os 32 times da NFL, além de 19 times Backyard malucos e apresenta novos cenários, times 7x7 e um sistema de power moves.
Backyard Hockey (USA)	Backyard Hockey coloca você no comando de versões infantis de estrelas da NHL e personagens originais em partidas de hóquei com estilo arcade. O título apresenta uma jogabilidade rápida e acessível, focada em passes precisos, finalizações e o uso estratégico de power-ups que podem alterar o rumo da partida. As mecânicas incluem a formação de times personalizados, escolha de pistas temáticas e o gerenciamento de atributos como velocidade, tiro e defesa. O objetivo principal é vencer a Backyard Cup através de um modo temporada completo ou partidas rápidas. O jogo destaca-se pela sua abordagem descontraída e controles adaptados para a experiência portátil.
Backyard Skateboarding (USA)	Backyard Skateboarding é um jogo de esportes radicais emocionante que permite às crianças andar de skate como a versão júnior do oito vezes campeão mundial de skate, Andy Macdonald. A edição de 2006 de Backyard Skateboarding oferece novos desafios, missões, equipamentos, power-ups e elementos desbloqueáveis. O jogo tem controles mais simples e uma jogabilidade mais rápida.
Backyard Sports - Baseball 2007 (USA)	Crie seu próprio time e controle cada arremesso maluco, rebatida decisiva e corrida para casa. Com jogadores como Alex &quot;A-Rod&quot; Rodriguez, profissionais secretos para desbloquear e incríveis melhorias, as crianças podem jogar beisebol profissional no quintal de casa. Uma escalação de estrelas da MLB: Carlos Delgado, Alfonso Soriano, Nomar Garciaparra, Alex Rodriguez, Ichiro, Albert Pujols, Eric Gagne, Pedro Martinez, Ivan Rodriguez e Vladimir Guerrero.
Backyard Sports - Basketball 2007 (USA)	Crie seu time de basquete com Backyard Kids e versões infantis de estrelas da NBA. Jogue uma partida onde você escolhe seu time, jogadores e quadra. Dispute a temporada de basquete e lidere seu time em uma temporada rigorosa da BBA, competindo pelo campeonato. Quatro minijogos estão incluídos (Modo Prática, Arremesso Perfeito, Bloqueio e Equilíbrio de Bola). Você também pode jogar um contra um com outro jogador usando um cabo de conexão.
Backyard Sports - Football 2007 (USA)	Como a edição anterior da série, Backyard Sports Football 2007 apresentava a capacidade de criar seu próprio jogador, construir seu próprio time, jogar jogos de exibição ou um modo de temporada e jogar como vários jogadores da NFL como seus sósias de infância. Ele também adicionou 7 em 7 jogabilidade pela primeira vez.
Baldur's Gate - Dark Alliance (USA)	Esta versão de Baldur's Gate: Dark Alliance segue a mesma história e tem muitas semelhanças de jogabilidade com a versão de consola, mas também difere significativamente na sua apresentação e características de jogabilidade. Os ladrões e bandidos expulsaram-no a si e à sua família da sua quinta. Desesperada por encontrar segurança dentro das paredes da Porta de Baldur, a sua família é emboscada e a sua irmã foi raptada... A sua busca para salvar a sua irmã é intensa para evitar uma guerra que irá afogar a Costa da Espada em sangue. Este conto de intrigas e alianças ferozes irá testar as suas capacidades enquanto trabalha para a verdade e vingança.
Ballistic - Ecks vs. Sever (USA)	O ex-agente do FBI Ecks e a ex-operadora da NSA Sever estão de volta em outro jogo repleto de ação. Liberdade foi comprometida e Ecks e Sever são jogados um contra o outro como peões no mercado clandestino de armas nucleares. Com pouco tempo restante para salvar o mundo de um holocausto nuclear, cada missão é a mais importante. Você possui o que é necessário?
Banjo-Kazooie - Grunty's Revenge (USA, Europe)	Gruntilda está de volta, e cabe a Banjo e Kazooie impedir o seu grande plano. Neste jogo, você controla Banjo por seis mundos repletos de provações e disputas. Alguns dos desafios que você deve superar incluem: resolver quebra-cabeças, desviar de obstáculos e batalhar contra diversos inimigos. Derrote seus oponentes utilizando o arsenal de movimentos de combate de Banjo. Você também pode buscar ajuda de &quot;doutores da bruxaria&quot;, os quais podem transformar Banjo em um rato, um tanque de guerra e outras criaturas.
Banjo-Pilot (USA)	Banjo Pilot é o quarto jogo na série Banjo-Kazooie. Anteriormente conhecido como Diddy Kong Pilot, este é o jogo básico de kart onde você corre com personagens de B-K em pistas baseadas em clássicos mundos do jogo de plataforma como Hallfire Peaks e Treasure Trove Cave. Como todos os jogos de kart há múltiplos itens ao longo da pista que você pode usar para atacar seus inimigos. Também apresenta um modo multijogador para quatro jogadores usando o cabo link do Game Boy Advance.
Barbie - The Princess and the Pauper (USA)	Na sua nova aventura, Barbie assume dois papeis - Erika e Princesa Anneliese. Baseado na história clássica O Príncipe e o Mendigo, este game segue Erika onde ela tenta provar que ela é digna de ser coroada rainha. Com a ajuda da Princesa Anneliese, você deve ajudar Erika a passar pelos distintos cenários e zonas do jogo - a vila, o castelo e a floresta - de modo que ela esteja completamente preparada para a cerimônia de coroação e sua função de rainha. Mostre as melhores qualidades de Erika ajudando aldeões, solucionando quebra-cabeças, e completando tarefas criativas.
Barbie and the Magic of Pegasus (USA)	Você pode fazer o papel da Princesa Annika em Barbie e a Mágica do Pégaso. O feiticeiro malvado Wenlock jogou um feitiço no reino, e está em seu encargo encontrar a Varinha da Luz e quebrar o feitiço. Com a ajuda do seu filhote de urso polar e seu cavalo alado mágico, você pode resolver quebra-cabeças e jogar jogos divertidos no caminho até encontrar Wenlock e salvar o reino.
Barbie as The Island Princess (USA)	Barbie em A Princesa da Ilha segue o enredo do popular lançamento em DVD em um formato divertido de jogo de festa (party-style). Você jogará como Rosella, a princesa naufragada que é criada por uma &quot;família&quot; de amigos animais e resgatada de sua ilha tropical pelo Príncipe Antonio. Através de uma série de minijogos com músicas e personagens do filme, você se aventurará desde o lar de Rosella na ilha até o castelo costeiro do Príncipe em uma aventura cheia de diversão!
Barbie Diaries, The - High School Mystery (USA)	Barbie e sua banda, Charmz, estão animadas para participar da Batalha das Bandas do colégio, mas alguém sabota a competição enviando mensagens de texto ameaçadoras dizendo “Desistam ou então!” e estragando suas partituras e o palco. Barbie não se deixa intimidar e começa a investigar os acontecimentos estranhos. Será que Barbie conseguirá desvendar o mistério enquanto mantém suas amizades intactas e a banda unida para competir e vencer a Batalha das Bandas? Os jogadores controlam Barbie em perspectiva de terceira pessoa. A jogabilidade é baseada em uma inovadora simulação de estratégia social. Barbie precisa construir amizades e conquistar o apoio dos outros para resolver o mistério. Faça amigos encontrando interesses em comum, conversando com outros personagens, realizando favores e tarefas, além de completar quebra-cabeças e atividades. Explore divertidos locais do ensino médio, incluindo salas de aula, biblioteca, laboratório de informática, área externa comum e sala de música.
Barbie Horse Adventures - Blue Ribbon Race (USA)	Participe com a linda boneca loira de uma aventura equestre em Barbie Horse Adventures: The Big Race no Gameboy Advance. É a grande Corrida Nacional de Caridade e você está convidado. Participe de oito eventos diferentes evitando obstáculos como pedras, palheiros e até animais da floresta.
Barbie in the 12 Dancing Princesses (USA)	&quot;Barbie in the 12 Dancing Princesses&quot; é a história de Barbie como Genevieve, 1 das 12 irmãs que vivem felizes com seu pai o rei. Preocupado que as alto-astral, independentes princesas precisam de mais estrutura para se tornarem reais princesas, o rei convida seu primo, o Duque Rowena para se mudar para o castelo. Ao invés de ajudar, Rowena proíbe as irmãs de cantarem e dançarem e esmaga suas individualidades. As princesas descobrem um encantado mundo mágico e escapam a tirania de Rowena. Mas quando Genevieve aprende que a vida de seu pai está em perigo, as irmãs devem se unir para salvar o rei e seu reino.
Barbie Software - Groovy Games (USA)	Saia pela cidade com a Barbie e suas amigas para muita diversão e aventura! Viaje para locais incríveis e jogue os jogos mais descolados! Vá até a praia para uma partida de damas radical, ou dê uma passada na loja de brinquedos para jogar o jogo da forca de um jeito totalmente novo! Só a Barbie pode dar a esses clássicos um estilo moderno e fashion! Com nove jogos para escolher, você terá horas de diversão onde quer que esteja! - 9 jogos incríveis com o toque de estilo da Barbie! - Jogue com a Barbie ou qualquer uma de suas melhores amigas! -Crie a maior fila de conga sem esbarrar em seus dançarinos! - Sirva quatro bolas do seu sabor de sorvete favorito em linha para vencer! - Diversão para 2 jogadores: desafie um de seus amigos para uma partida!
Barnyard (USA)	O jogo tem várias contas de jogo diferentes, desde missões a um sistema de mini-jogos. O jogador joga o jogo através de uma sequência de 9 capítulos como um animal de fazenda à sua escolha. Um animal de fazenda adicional poderia ser desbloqueado de ter jogos Nickelodeon na época em que foram incluídos no evento 'Crossover'. À medida que o jogador progredia através dos capítulos do jogo, encontrou novas personagens, abriu novas áreas, ganhou mais moeda no jogo, etc. O jogador deu a volta ao Barnyard e explorou a zona(s) que o jogo tem para oferecer ou seguiu a história e completou as missões indo ao animal do celeiro que enviou uma mensagem para o seu telefone. Eu poderia encontrar estes personagens procurando, e seguindo o caminho mais rápido para.o '!' no mapa.
Baseball Advance (USA)	Pegue seu bastão e prepare-se para acertar alguns tiros! Quer você enfrente seu time favorito por uma temporada inteira ou participe do jogo All-Star, você lançará bolas curvas e participará de emocionantes jogos de Beisebol! Portanto, acerte a bola e jogue!
Batman - Rise of Sin Tzu (USA) (En,Fr,Es)	Em Batman: Rise of Sin Tzu, Batman enfrenta um novo inimigo diferente de qualquer outro que já encontrou. O adversário sem rosto mergulha Gotham City no caos na noite do aniversário do assassinato dos pais de Bruce Wayne. Quem é o responsável por liberar tanta destruição sobre Gotham City? A verdade será revelada após você enfrentar forças do mal e supervilões como Bane, Clayface, Espantalho e o novo e formidável inimigo — Sin Tzu. Além dos ataques de artes marciais de Batman, ele conta com um arsenal que inclui o Batarang, o Gancho de Escalada e a Bomba de Fumaça.
Batman - Vengeance (USA) (En,Fr,Es)	Batman Vengeance é um jogo de ação lançado para Gameboy Advance. Jogue como o vigilante da noite em sua batalha sem fim contra o crime de Gotham City. À sua disposição, inúmeros gadgets e veículos para reinar a ordem neste universo infiel inspirado na série animada.
Batman Begins (USA, Europe) (En,Fr,De,Es,It,Nl)	Acompanhe a história do filme por meio de uma infinidade de níveis altamente interativos, abrangendo vários locais. Controle Bruce Wayne enquanto ele treina no Himalaia, pego de surpresa quando ele escapa por pouco de um ataque em sua mansão, e como Batman usando uma variedade de movimentos acrobáticos e ataques baseados em combos. Lute contra a IA desafiadora e use dispositivos do Bat Cinto contra chefes como Ra's Al Ghul e O Espantalho. O jogo apresenta um rico ambiente gráfico cheio de objetos interativos e ambientais utilizando iluminação em tempo real e efeitos alfa.
Battle B-Daman (USA)	Yamato Delgado sonha em jogar B-Daman, o esporte ancião de B-DaWorld - e seus sonhos se tornam verdade quando ele é escolhido para empunhar a Lâmina de Cobalto, a mais poderosa B-Daman de todos os tempos. Yamato deve usar a Lâmina de Cobalto para competir em torneios B-Daman e derrotar os malvados B-Daplayers da Aliança da Sombras, que não pararão por nada para tomar controle do B-DaWorld. Yamato também encontrará personagens tanto familiar e desconhecidos nas suas jornadas, incluindo o coração gentil Alan e seu Goblin de aparência sinistra. Apenas poucos são capazes de se tornar um B-Daplayer; será Yamato capaz de se tornar o B-Dachampion?
Battle B-Daman - Fire Spirits! (USA)	Neste jogo de ação baseado na franquia de brinquedos, você joga como um jovem chamado Yamato que ama suas máquinas B-Daman mais do que qualquer outra coisa. Você enfrentará batalhas B-Daman contra os rivais de Yamato, usando ataques especiais para sair vitorioso. Ao longo do jogo, você personalizará suas máquinas e treinará Yamato. Yamato também encontrará personagens tanto familiares quanto desconhecidos em suas jornadas, incluindo o caloroso Alan e o sinistro Goblin. Apenas alguns têm o que é preciso para se tornar um B-Daplayer; Yamato se tornará o B-Dachampion?
Battle X Battle - Kyodai Gyo Densetsu (Japan)	Battle x Battle: Kyoudai Uo Densetsu é um jogo de Esportes (pesca), publicado pela Starfish, lançado no Japão em 2003. O objetivo do jogo é pescar mais do que o seu oponente e acumular mais peixes antes dele.
BattleBots - Beyond the BattleBox (USA)	Bem-vindo ao BattleBots, o esporte de combate robótico controlado remotamente. Baseado na popular série de televisão, você constrói seus próprios robôs personalizados, controlados por rádio, que utilizam uma variedade de armas destrutivas, como martelos, serras e espinhos. Veja as faíscas voarem enquanto você se enfrenta em arenas mortais contra seus amigos ou um dos 16 BattleBots reais da série de TV. Esta é a competição definitiva de estratégia e criatividade, onde o objetivo é a sobrevivência.
Battletoads (USA) (Proto)	Battletoads é um título não lançado para o Game Boy Advance. O desenvolvimento do jogo nunca passou do estado alfa, mas um protótipo de ROM foi despejado. O jogo usaria sprites pré-renderizados, muito parecidos com os usados ​​nos títulos Donkey Kong Country. O protótipo contém apenas sprites para Rash, que foi redesenhado para usar roupas, bem como os Psyko Pigs, Walkers redesenhados com armas e Dragões. Apenas dois estágios estão próximos da conclusão, o primeiro sendo um remake do Ragnarok's Canyon e o segundo uma caverna de gelo de rolagem lateral semelhante às Artic Caverns. A maioria dos gráficos restantes no protótipo são marcadores de posição.
Berenstain Bears and the Spooky Old Tree, The (USA)	Quando Irmão Urso, Irmã Urso e seu primo Fred saem para explorar uma casa assustadora, uma tempestade os obriga a se abrigarem em uma velha árvore sinistra. Agora bastante perdidos, eles precisam decifrar os enigmas de sete grandes níveis para escapar. Os Ursinhos Berenstain
Beyblade G-Revolution (USA)	A G-Revolution está tomando conta de todo o mundo Beyblade, e sua missão é desafiar os melhores Beybladers e coletar peças valiosas. Assim como os jogos anteriores da série Beyblade, G-Revolution permite que você coloque seu pião para batalhar contra outros em diferentes arenas. Em sua jornada para se tornar o campeão mundial, você pode construir uma coleção variada de Beyblades, que podem ser personalizados com o editor do jogo. Enfrente mais de 16 personagens em um enredo tirado diretamente da série animada Beyblade G-Revolution.
Beyblade V-Force - Ultimate Blader Jam (USA)	Um grupo sinistro está roubando Bit Beasts dos World Champion Bladebreakers e você deve ajudar a se defender contra essa força misteriosa, usando habilidade, equilíbrio e resistência. Jogue como qualquer Bladebreakers, incluindo Tyson e Kai, e invoque suas melhores estratégias e Bit Beasts mais poderosos. Desbloqueie mais de 100 itens colecionáveis ​​Beyblade enquanto luta em 50 desafios Vforce. É uma batalha com os melhores Bladebreakers do mundo, então certifique-se de ter espírito de luta.
Bible Game, The (USA)	Um jogo de perguntas e respostas para testar o conhecimento bíblico dos jogadores, The Bible Game Game para Game Boy Advance combina estilo de ação/aventura com desafios de perguntas e respostas. Em sua busca para proteger a Armadura de Deus, os jogadores podem escolher jogar como Billy ou Jenny em sete fases, incluindo floresta, tundra nevada, deserto e ambientes de ilhas tropicais. Ao longo do caminho, eles precisam responder perguntas tanto do Antigo quanto do Novo Testamento. Podem ser selecionadas a Nova Versão Internacional ou a tradução King James, e três níveis de dificuldade mantêm o jogo acessível para todas as idades.
Big Mutha Truckers (USA)	Big Mutha Truckers coloca você na pele de um dos quatro filhos de Ma Jackson em uma disputa pela herança da empresa da família. O título apresenta um sistema de simulação de carga e comércio, onde o objetivo é lucrar transportando mercadorias entre cinco cidades diferentes em um prazo de 60 dias. As mecânicas focam na negociação de preços, gerenciamento de danos ao caminhão e combate veicular contra gangues e a polícia. O jogador deve otimizar rotas e atualizar componentes do veículo para maximizar ganhos. O jogo destaca-se pelo seu tom humorístico e pela liberdade de escolha nas transações comerciais em um ambiente de estrada aberto.
Bionicle (USA)	Bionicle: O Jogo (também conhecido como Lego Bionicle e entitulado na capa simplesmente como Bionicle) é um jogo de ação-aventura lançado em 2003. O jogo é baseado em partes do filme Bionicle: Máscara da Luz e outras partes da história de Bionicle. Inicialmente, o jogo deveria conter cada Toa, Toa Nuva, e Toa da Luz jogável, mas por conta de prazos, muito do jogo foi abandonado. Entretanto, todos os personagens são jogáveis na versão para Game Boy Advance. A versão para Mac OS X foi lançada por Feral Interactive.
Bionicle - Maze of Shadows (USA)	Uma aventura de ação com visão superior, ambientada no universo LEGO Bionicle e baseada no livro de mesmo nome. Apresenta seis personagens jogáveis, seis fases de aventura e recursos especiais para multijogador. Seis grandes heróis, os Toa Metru, buscam o poder para despertar seu povo adormecido, os Matoran. Eles adentraram o mortal Labirinto das Sombras — um labirinto subterrâneo repleto de Rahi hostis, cheio de armadilhas e enigmas. Capturados pelo cruel Karzhahni, os Toa Metru são forçados a uma jornada até o coração do Labirinto das Sombras. Agora você deve guiá-los através dos muitos perigos que os aguardam. Controle os seis Toa Metru e use suas habilidades especiais individuais para superar os desafios que encontrarão.
Bionicle Heroes (USA) (En,Fr,De,Es,It,Da)	In the GBA version of Bionicle Heroes, based on the LEGO Bionicle franchise, players take on the guise of the Toa Inika team. Set on the island of Voya Nui, they need to retrieve the Mask of Life, stolen by the Piraka gang who also enslaved the Matoran, the native inhabitants, in the process. Unlike the console and the DS versions, a top-down perspective is used.
bit Generations - Digidrive (Japan) (En)	O jogo bit Generations: Digidrive é um videogame Game Boy Advance lançado em 2006 pela Q-Games e Nintendo. De todos os jogos Bit Generations, este é o único não desenvolvido pela skip Ltd. Jogabilidade O menu do jogo tem três opções, incluindo Play (o modo principal do jogo), Demo (assistir ao computador jogar o jogo) e Download (dê demo para outro jogador). O jogo é o modo principal do jogo e inclui: Único: o modo single player do jogo. Vs. Computador: jogue contra um computador. Vs. 2 jogadores: Jogue o mesmo jogo acima, embora com um amigo. Créditos: Disponível após o desbloqueio. Mostra quem fez o jogo. O modo single player também oferece uma variedade de outras opções, embora o Start seja a principal.
Blackthorne (USA)	Desde tempos imemoriais, a harmonia do mundo de Tuul é regida por duas pedras sagradas que contêm a essência de grandes reis do passado. Estes dois artefactos, que simbolizam a luz e as trevas, respectivamente, estão na posse dos dois reis que governam Tuul. O rei Vlaros, campeão da luz, reina sobre Androth, enquanto Sarlac domina Ka'dra'suul, cujos habitantes, adorando as trevas, acabaram por se transformar em monstros diabólicos ao longo das gerações. Sarlac e as suas hordas invadem Androth de surpresa. O Rei Vlaros cria um portal dimensional e envia o seu único filho, Kyle, para a Terra para preservar a Pedra de Luz. Duas décadas depois, Kyle tornou-se um soldado de elite, treinado para matar. Está na altura de regressar a Tuul e quebrar a tirania de Sarlac. Kyle terá de explorar vários locais sinistros e chegar à saída de cada área sem perder a vida.
Bleach Advance - Kurenai ni Somaru Soul Society (Japan)	Bleach Advance: Kurenai ni Somaru Soul Society, baseado no mangá e anime Bleach, é um jogo de luta e apresenta um modo de história para um jogador e um modo de sobrevivência.
BMX Trick Racer (USA)	Os jogadores diaputam e fazem truques em 15 pistas de rua e de terra em ambientes exclusivos de BMX que percorrem cidades, selvas, desertos, montanhas, neve e gelo. O objetivo é acumular o máximo de pontos possível com truques reais de BMX e alguns irreais, enquanto enfrenta obstáculos que você não encontrará em outros jogos de BMX, como rampas, molas e pontes em colapso. No modo single-player, os jogadores competem contra outros cinco motociclistas que o levam ao limite para competir como um profissional.
Boktai - The Sun Is in Your Hand (USA)	Boktai: The Sun Is in Your Hand é o primeiro jogo de Game Boy Advance que usa a luz solar para influenciar a jogabilidade. No jogo, você seguirá as aventuras de Django, um jovem caçador de vampiros em uma missão para livrar o mundo do mal. Como Django, você deverá superar armadilhas, derrotar inimigos e abrir caminho pelas partes mais profundas das masmorras. Fique atento à quantidade de luz solar - Django é mais forte durante o dia, enquanto os vampiros são mais fortes durante a noite. O jogo possui um sensor solar no cartucho e um sistema de relógio em tempo real.
Boktai 2 - Solar Boy Django (USA)	Boktai 2 continua as aventuras de Django, o Garoto Solar, em sua missão de livrar o mundo de vampiros e demônios malignos. A segunda edição da franquia traz de volta a tecnologia de sensor solar, que integra a luz natural ao jogo. Use a luz do sol por meio do sensor solar embutido no cartucho do Game Boy Advance para fortalecer e fundir mais de 60 armas e itens. Agora, você pode sair ao ar livre e enfrentar inimigos com mais armas, novos personagens e um ambiente de jogo maior.
Bomberman Max 2 - Blue Advance (USA)	Bomberman e Max foram reduzidos para o tamanho de uma formiga pela arma secreta do malvado Mujoe. Trabalhe junto com Max para encontrar e destruir o dispositivo antes que Mujoe possa tomar controle do universo. E assim as mais novas aventuras de Bomberman começam!
Bomberman Max 2 - Red Advance (USA)	Bomberman mais uma vez se une a Max para enfrentar o maligno Mujoe. Mas antes que tenham a chance, Mujoe vira o jogo e encolhe os heróis, transformando-os em pequenas criaturas. Agora os dois precisam usar seus poderes de bombas para atravessar os níveis, explodindo obstáculos e inimigos até alcançar a saída, destruir o dispositivo e voltar ao tamanho normal. Assim como em todos os títulos anteriores da série, o objetivo é plantar bombas e destruir tudo o que estiver dentro do alcance da explosão. Durante a aventura, é possível coletar personagens Charabomb para aumentar seus poderes, ou então batalhar e trocá-los com um amigo através do modo link.
Bomberman Tournament (USA, Europe)	Um S.O.S. do cosmos sinaliza que o planeta Phantarion está em apuros! Pegue seu arsenal e prepare-se para ação ininterrupta enquanto abre caminho através de campos de batalha interativos e enfrenta até 4 jogadores em tempo real. Lute contra oponentes em 8 labirintos interativos no campo de batalha! Enfrente até 4 jogadores em festivais multijogador! Aventura de bombardeio rápido, furioso e explosivo!
Boulder Dash EX (USA)	Baseado no Boulder Dash original, você deve encontrar o caminho através de cada quebra-cabeça para coletar as joias e abrir a porta de saída, enquanto move rochas para fora do caminho e se esquiva de inimigos. Boulder Dash EX inclui uma versão inédita e atualizada do título clássico, com um novo protagonista e 6 mundos repletos de ação e puzzles. Também está no cartucho o Boulder Dash original, emulado de sua versão para PC. O modo para 4 jogadores coloca você e outros 3 jogadores em uma disputa direta para obter o maior número de joias, enquanto lançam rochas e bombas uns nos outros.
Boxing Fever (USA, Europe)	Boxing Fever é um jogo de boxe estilo arcade da Majesco. Ele apresenta oito personagens jogáveis ​​em diversos modos, incluindo campeonato, treinamento, jogo online e muito mais. O jogo inclui cinco circuitos diferentes para lutar e alguns personagens secretos para desbloquear. A perspectiva é em primeira pessoa, com gráficos 3D detalhados e efeitos de movimento. A jogabilidade inclui uma variedade de golpes de boxe e inúmeros combos.
Bratz (USA) (En,Fr,Es)	Este é um jogo de dança onde você pode ser uma das 5 garotas Bratz. Você pode praticar ou participar do torneio Bratz. Há um modo de dança competitivo e um modo imitação para você se divertir com seus amigos.
Bratz - Babyz (USA)	Alienígenas aterrissam na Terra no Adventure Universe de Stylesville. Um dos dispositivos alienígenas, o Trocador de Matéria, cai em mãos erradas e transforma as Babyz em super-heroínas. Com seus novos superpoderes, as Babyz usam suas habilidades para ajudar os cidadãos de Stylesville e combater os alienígenas invasores malignos. Os jogadores assumem os papéis das quatro personagens Bratz Babyz, cada uma com habilidades únicas. O jogo oferece uma variedade de missões, incluindo capturar ladrões, confrontar valentões e resgatar animais perdidos. Além disso, os jogadores podem explorar um parque de diversões com minijogos e conteúdo desbloqueável, como novas roupas, acessórios e vídeos.
Bratz - Forever Diamondz (USA)	Yasmin, Cloe, Sasha e Jade estão de volta para uma nova aventura que as levará a percorrer o país em busca do estilista mais badalado. Os jogadores vivenciam aventuras únicas pelos olhos das quatro personagens jogáveis, em ambientes de mundo aberto detalhados, enquanto competem por uma vaga no programa de TV &quot;America Rocks Fashion&quot;. Os fãs descobrem novos recursos, incluindo uma competição de patinação artística e a possibilidade de adotar um animal de estimação para treinar, vestir, enfeitar e exibir em competições.
Bratz - Rock Angelz (USA, Europe)	Você tem a chance de viver a vida de uma Rock Angel enquanto ajuda Cloe, Jade, Sasha e Yasmin a lançar sua própria revista de moda. A busca pela matéria perfeita vai levar você ao redor do mundo, onde lugares famosos e pessoas famosas proporcionam aventuras incríveis. Compre as últimas tendências da moda! Explore a Bratz Town e a Bratz City! Crie sua própria revista de moda!
Breath of Fire (USA)	Os Dark Dragons continuam a caçar seus inimigos, os Light Dragons, e os forçaram ao isolamento. O protagonista do jogo, Ryu, vive em paz em um vilarejo formado por sobreviventes do clã Light Dragon. Ryu é órfão desde pequeno e foi criado por sua irmã, Sara, uma sacerdotiza com grandes poderes mágicos. Em uma noite, ele sonha com um dragão que o avisa do perigo iminente; ele desperta e encontra o vilarejo em chamas. Sara usa sua magia para afastar os Dark Dragons de Ryu, mas é capturada. O emperador dos Dark Dragons, Zog, anuncia que é do direito dos Dark Dragons o governo do mundo. Zog pretende libertar a deusa Tyr com o uso de seis chaves mágicas, e Ryu parte em uma busca pelas chaves antes que Zog as encontre.
Breath of Fire II (USA)	A história é tomada em um mundo fictício sem um nome em particular, habitado por, além de seres humanos, criaturas de raças antropomórficas que convivem entre si. Neste mundo, a maioria de pessoas praticam uma religião nova parecida ao catolicismo chamada Evanismo, esquecendo à crença prévia no Deus Dragão. O jogo nos narra a história de um menino chamado Ryu Bateson, e começa quando este tem seis anos. Ryu é desperto pelo seu pai, um pastor Evanista chamado Garner, o qual lhe pede ir buscar a sua irmã, Yua. O menino a encontra frente a um enorme dragão dormente nos arredores de seu povo, Gate. Quando volta ao povo poucos minutos depois que separar-se de sua irmã e pai, ninguém em Gate parece lembrar-se dele ou de sua família. Depois destes eventos, Ryu conhece Bow Doggy, que lhe incita a escapar de Gate. Buscando proteção de uma tempestade fora do povo, terminam em uma caverna, onde um demônio ataca a Ryu e o nocauteia.
Britney's Dance Beat (USA)	Você não joga com a Britney. Você joga com um dos cinco aspirantes a dançarinos que precisam provar que têm o &quot;molho&quot; necessário. O jogo é um simulador de ritmo onde cada botão pressionado corretamente te deixa mais perto do palco principal e cada erro te deixa mais perto de dançar sozinho na sala de casa. O jogo captura perfeitamente a estética Y2K: roupas metalizadas, coreografias robóticas porém fluidas e aquele clima de videoclipe da MTV que dominava o mundo
Broken Circle (Europe) (En,It) (Proto)	A história conta a história da terra de Midgard; Nunca foi uma terra tranquila e de paz, pois muitas guerras já aconteceram ali. Nos últimos meses, a violência tanto de humanos quanto de monstros aumentou, os monstros se tornaram muito mais perigosos. Terremotos começaram a sacudir a terra. Profetas afirmam que este é o sinal do Ragnarok, o dia em que homem e monstro morrerão no final. Amigos e inimigos cruzarão seu caminho, você sobreviverá à sua jornada para batalhar e derrotar Hagen, o mago necromante, a aparente causa da perturbação em Midgard? Ou a besta Caçadora do Inferno que está te perseguindo vai te impedir em suas viagens?
Broken Sword - The Shadow of the Templars (USA) (En,Fr,De,Es,It)	Broken Sword: The Shadow of the Templars é um jogo de aventura lançado originalmente em 1996 e relançado para o Game Boy Advance em 2002. O jogo segue o personagem George Stobbart, um americano em férias na França que se vê envolvido em uma conspiração mortal envolvendo a Ordem dos Templários. Junto com a repórter Nico Collard, os jogadores devem visitar locais históricos de Paris, investigar pistas, resolver quebra-cabeças e enfrentar perigosos inimigos para desvendar o mistério dos Templários e impedir um plano maligno. O jogo é conhecido por sua história envolvente, personagens memoráveis e quebra-cabeças desafiadores que exigem pensamento lógico e criatividade para serem resolvidos. O jogo de Game Boy Advance inclui gráficos atualizados e uma interface de usuário redesenhada para se adequar ao console.
Brother Bear (USA)	Brother Bear da Disney lhe imerge em uma versão totalmente interativa do mundo de Kenai, completo com os ambientes exuberantes baseados no filme animado. Junte-se a Kenai e Koda enquanto eles vão através de varias áreas na floresta. Você não só pode jogar como Kenai e Koda como ursos, mas também pode se transformar em um lobo, um corvo, e uma água. Você também interagirá com sete diferentes personagens do filme.
Bruce Lee - Return of the Legend (USA)	O lendário Bruce Lee está de volta como Hai Feng! Domine os punhos furiosos, o nunchaku e dezenas de golpes incríveis enquanto viaja pelo mundo para locais misteriosos e intrigantes nesta épica aventura de artes marciais! Use o ambiente a seu favor, evite seus inimigos escalando paredes e lute como o Mestre com múltiplos combos e ataques especiais.
Bubble Bobble - Old & New (USA)	Bubble Bobble: Old & New é um formador de plataforma de acção lançado para a Gameboy Advance. Adaptado do famoso jogo arcade com o mesmo nome, deve controlar um pequeno dragão verde que terá muito que fazer ao longo dos 100 níveis da sua aventura. No jogo multiplayer, um segundo dragão junta-se a si.
Buffy the Vampire Slayer - Wrath of the Darkhul King (USA, Europe)	Anos atrás, o rei Darkhul foi banido para uma dimensão oculta. Mas de alguma maneira ele encontrou um caminho de volta para a Terra, e agora está pronto para desferir seus poderes no povo de Sunnydale. E claro, Sunnydale também é o nome da primeira e única Buffy. Usando sua experiência contra os diversos monstros, e sua incrível força e técnicas de luta, seu trabalho é guiá-la em torno de cada nível e derrotar os diversos vampiros e outras criaturas do mal antes de enfrentar o mal primordial, o próprio rei Darkhul.
Butt-Ugly Martians - B.K.M. Battles (USA)	Enfrente o mal em B.K.M. (Modo Chute na Bunda!) O Imperador Bog quer invadir a Terra e tem um exército de alienígenas selvagens e perversos para realizar a missão. Jogue como seu marciano mais feio e desprezível para impedir os alienígenas — enquanto foge do Doninha Muldoon, que está tentando capturá-lo. Derrote os chefões ou a Terra estará perdida! - Dispositivos alienígenas avançados e poderes especiais! - Sete mundos diferentes - 28 fases! - Salas secretas e bônus!
Camp Lazlo - Leaky Lake Games (USA)	Camp Lazlo: Leaky Lake Games é baseado na série animada de mesmo nome do Cartoon Network, que narra a vida peculiar, porém feliz, de um escoteiro chamado Lazlo e seus colegas de cabana no Acampamento Rim. No jogo, os jogadores alternam o controle de Lazlo, um macaco brasileiro otimista e cheio de energia, Raj, um elefante indiano sábio, porém compulsivo, e Clam, um rinoceronte pigmeu excêntrico e extremamente inteligente, para competir em diversos desafios do acampamento e conquistar o direito de representar seu acampamento em um torneio final contra as Escoteiras Esquilo, um acampamento rival formado apenas por garotas, em oposição ao Acampamento Rim, formado apenas por garotos.
Capcom Classics Mini Mix (USA)	Uma compilação repleta de ação com três dos títulos mais populares da Capcom, lançados originalmente para o Nintendo Entertainment System (NES). O trio de clássicos &quot;old school&quot; inclui &quot;Bionic Commando&quot;, &quot;Strider&quot; e &quot;Mighty Final Fight&quot;, todos fielmente recriados e disponíveis para jogar tanto na proporção de tela original quanto esticados para preencher a tela widescreen do portátil.
Cars (USA, Europe)	Queime borracha e corra como Relâmpago McQueen, Doc Hudson, The King e Chick Hicks em Carros para o GameBoy Advance! Entre na pista rápida enquanto compete em 15 corridas selvagens em Radiator Springs e arredores. Desbloqueie novas corridas e cenas legais de filmes à medida que avança no jogo. Você terá que aprimorar suas habilidades de direção para ajudar Relâmpago McQueen a conquistar o cobiçado Campeonato da Piston Cup.
Cars - Mater-National Championship (USA) (En,Fr)	Cars Mater-National apresenta um completamente novo grupo internacional de pilotos lutando por uma chance de competir contra Lighting McQueen no Primeiro Festival Anual Mater-National, hospedado pelo melhor amigo de Lightning, Mater. Explore o novo e melhorado mundo aberto de Radiator Springs, jogue no completamente novo Modo Monstro, pule na pista rápida com sex novos competidores de corrida internacionais, queime borracha em novas pistas, e curve e vire por novos mini-games como O Rumble Rítmico de Ramone e a Frenese da Gasolina de Fillmore.
Casper (USA) (En,Fr,Es)	A adaptação para o Game Boy Advance do desenho infantil. Jogadores assumem o papel de Gasparzinho onde batem frente-a-frente com os malvados fantasmas Stretch, Stinkle, e Fatso. O trio malvado está tentando transformar todos na cidade em zumbis - um destino que o fantasminha camarada não pode e nem irá tolerar. Jogadores explorarão seis diferentes níveis de diversão assustadora nessas missões recheadas de aventura para jovens jogadores.
Castlevania - Aria of Sorrow (USA)	Durante um passeio inócuo com um amigo que os levaria para observar um magnífico eclipse, Soma Cruz curiosamente perde a consciência ao acordar com seu companheiro no castelo do próprio Conde Drácula. Armado com uma faca simples, Soma terá que de alguma forma abrir caminho através da morada perturbadora do vampiro habitada por monstros de todos os tipos. Em Castlevania: Aria of Sorrow, você é levado para o futuro. Você tem muitas armas e vários poderes para superar seus oponentes. Você também tem a possibilidade de se transformar com feitiços e outras magias para enganar a vigilância de seus muitos inimigos.
Castlevania - Circle of the Moon (USA)	Castlevania é uma série de jogos de ação e aventura que se passa em um mundo sombrio de vampiros, monstros e outros seres malignos. O jogo para Game Boy Advance segue a história de um jovem caçador de vampiros chamado Soma Cruz, que é a reencarnação do Lorde das Trevas, Drácula. Soma é atraído para um castelo demoníaco conhecido como Castlevania, onde deve lutar contra hordas de monstros e chefes para descobrir a verdade por trás do castelo e de suas conexões com seu passado. O jogo apresenta gráficos impressionantes em 2D, com cenários detalhados e personagens bem desenhados, além de uma trilha sonora assustadora e envolvente. A jogabilidade é desafiadora e exige habilidade e estratégia, com muitos itens e poderes especiais para coletar e utilizar. Castlevania para Game Boy Advance é um jogo aclamado pela crítica e amado pelos fãs da série.
Castlevania - Harmony of Dissonance (USA)	Castlevania: Harmony of Dissonance é um jogo de ação/plataforma lançado no Gameboy Advance. Jogue como o famoso caçador de vampiros Juste Balmont 50 anos depois de derrotar o terrível Conde Drácula e revisite um castelo amaldiçoado.
Castlevania Double Pack (USA)	Castlevania Doublepack é uma compilação dos dois títulos Castlevania anteriores para Game Boy Advance: Castvania: Harmony of Dissonance e Castlevania: Aria of Sorrow. Os jogos estão incluídos em sua forma completa, dando aos jogadores a opção de jogar como Just Belmont ou Soma Cruz, dependendo da história e do jogo que você deseja enfrentar. Ambos os jogos apresentam uma série de armas e inimigos enquanto você abre caminho pelo castelo para lutar contra Drácula no cenário de combate 2D.
Catwoman (USA, Europe) (En,Fr,De,Es,It,Nl)	A versão para Game Boy Advance do jogo baseado no filme da Mulher-Gato é um jogo de ação/plataforma isométrico bem direto. O jogador tem à sua disposição todas as habilidades principais da Mulher-Gato, como visto no filme, e deve atravessar fases repletas de plataformas e &quot;vilões&quot;, escalando paredes ocasionalmente. O jogo começa com uma missão tutorial e, em seguida, apresenta uma série de imagens que lembram histórias em quadrinhos, explicando como Patience Phillips se tornou a Mulher-Gato. O jogador então percorre as 24 fases do jogo, principalmente pulando, escalando e, às vezes, lutando.
Catz (USA, Europe)	Catz é um jogo de simulação de animais de estimação que permite aos donos nomear, treinar e brincar com gatinhos adoráveis. Os jogadores adotam um gatinho personalizado de uma das treze raças diferentes. Os jogadores conquistarão o amor e a lealdade do seu gatinho lembrando-se de alimentá-lo, escová-lo ou brincar com ele. Brinquedos e acessórios podem ser comprados para o gatinho na loja do jogo. Os gatinhos podem se comunicar com seus donos por meio de uma variedade de efeitos sonoros realistas, incluindo ronronar e diferentes tipos de miados.
Charlie and the Chocolate Factory (USA) (En,Fr,Es,Nl)	Charlie Bucket é um menino jovem e humilde, apaixonado por chocolate, que vive com sua família na pobreza. Um dia, Willy Wonka, o misterioso dono da fábrica de chocolate na cidade de Charlie, criou um concurso: cinco bilhetes dourados, um em cada barra de chocolate Wonka, foram distribuídos aleatoriamente pelo mundo. Os ganhadores de cada bilhete ganham um passeio de um dia pela fábrica de Wonka, e um dos cinco vencedores ganhará um prêmio inimaginável. Será que Charlie encontrará um dos bilhetes? E se encontrar, será ele o sortudo vencedor?
Chessmaster (USA)	A franquia de xadrez mais bem-sucedida de sua época recebe uma atualização completa para o console portátil. Lançado anteriormente para Game Boy e Game Boy Color em 1990 e 1999, respectivamente, esta versão do século XXI oferece inúmeras melhorias, uma gama mais ampla de opções e mais jogabilidade. Chessmaster oferece modos de jogo padrão, com handicap e configuração de tabuleiro, 18 oponentes controlados pelo computador, variando de fácil a especialista, e dez conjuntos de peças de xadrez.
Chicken Little (USA, Europe) (En,Fr,De,Es,It,Nl)	Baseado no filme da Disney lançado simultaneamente, Chicken Little para GBA oferece uma interpretação moderna e interativa da conhecida história infantil. O jogo apresenta 12 fases de plataforma com rolagem lateral, todas inspiradas em cenas do filme.
Chicken Shoot (USA)	Lançado originalmente para PC e depois adaptado para o portátil da Nintendo, Chicken Shoot não possui uma trama complexa, focando totalmente no caos cômico. A &quot;lore&quot; gira em torno de uma invasão de galinhas malucas que decidiram dominar fazendas, vilas e até locais históricos. No papel de um atirador, sua missão é conter essa infestação emplumada através de vários estágios. No Game Boy Advance, a jogabilidade de tiro em primeira pessoa (estilo light gun) foi adaptada para os botões do console, exigindo reflexos rápidos para abater as galinhas antes que o tempo acabe, enquanto você busca itens bônus e tenta alcançar a pontuação máxima em cada fase.
Chicken Shoot 2 (USA)	A sequência do jogo Chicken Shoot para GBA é quase completamente idêntica ao primeiro jogo. Possui os mesmos três modos de jogo, as mesmas armas e um conceito totalmente igual. A única diferença é que este jogo vem com um conjunto de novas fases.
Chocobo Land - A Game of Dice (Japan)	Chocobo Land: A Game of Dice, que é o primeiro título GBA desenvolvido pela Square-Enix, decorre num mapa semelhante a um tabuleiro. Controlas um Chocobo lançando um dado. O objetivo é ganhar Crystal Points roubando-os aos seus adversários. Estes pontos podem ser utilizados para comprar uma feiticeira, por exemplo, o que aumenta a hipótese de conseguir mais pontos. É o capitalismo na sua forma mais pura.
Chronicles of Narnia, The - The Lion, the Witch and the Wardrobe (USA, Europe) (En,Fr,De,Es,It,Nl,Sv,Da)	A malvada Feiticeira Branca mergulhou a terra de Nárnia em um inverno de cem anos, e você pode ajudar Aslan a libertar seu povo em As Crônicas de Nárnia: O Leão, a Feiticeira e o Guarda-Roupa. Jogue como as quatro crianças do filme e enfrente criaturas fantásticas como minotauros, ciclopes, lobisomens e espectros. O jogo inclui elementos de quebra-cabeça e segue de perto o enredo do filme. Um modo multijogador cooperativo também está disponível
ChuChu Rocket! (USA) (En,Ja,Fr,De,Es)	ChuChu Rocket é um jogo de ação e quebra-cabeça, projetado principalmente para múltiplos jogadores. Você controla indiretamente ratos e deve guiá-los para a segurança de um foguete, longe de um gato. Para isso, você coloca setas no chão, que eles seguirão. O modo multijogador é um frenético duelo todos contra todos, no qual os ratos de cada jogador só obedecem às instruções da sua própria cor. Você pode jogar este modo sozinho contra oponentes controlados pelo computador ou enfrentar uma série de quebra-cabeças predefinidos.
CIMA - The Enemy (USA)	Durante décadas, a raça humana e a raça CIMA estiveram em constante conflito. Como Ark J, sua missão é guardar o portal entre os dois mundos, proteger a cidade que lhe foi designada e, por fim, encontrar a paz. Você progredirá por uma narrativa não linear enquanto resolve quebra-cabeças, explora mundos e enfrenta inimigos. O jogo inclui um sistema de combate com elementos de ação e estratégia. Outro recurso permite ativar personagens não jogáveis ​​para ajudá-lo a alcançar seus objetivos.
Cinderella - Magical Dreams (USA) (En,Fr,De,Es,It)	Reviva a magia da Cinderela da Disney nesta adaptação do filme para o videogame. Calce os sapatos de cristal da Cinderela enquanto a ajuda com suas tarefas, dance no Baile Real com o Príncipe e ajude a Fada Madrinha a realizar desejos. Você poderá até mesmo batalhar contra Lúcifer, o Gato, com os dois ratinhos prestativos da Cinderela, Gus e Jaq! Cinderella: Magical Dreams é um jogo de plataforma não violento que apresenta diferentes estilos de jogabilidade para manter o jogo interessante. Além dos tradicionais pulos e coleta de itens, há também um jogo de dança onde você deve mergulhar, girar e levantar enquanto se mantém no centro das atenções. Você também joga com a Fada Madrinha, onde deve estourar bolhas de feitiço específicas para realizar os desejos da Cinderela. Conforme os jogadores progridem no jogo, são recompensados ​​com diversos trechos do filme que desenvolvem a história. Também é possível desbloquear imagens adicionais do filme encontrando itens escondidos no jogo.
Classic NES Series - Bomberman (USA, Europe)	Bomberman era um robô em uma fábrica de bombas que ansiava por sua liberdade. Circularam rumores de que escapar para a superfície permitiria que o robô se tornasse humano. Sair seria o truque. Cada quarto é habitado por monstros que devem ser neutralizados e a própria saída escondida debaixo de tijolos. O primeiro da série Bomberman. Bomberman é um jogo para um jogador com uma visão de cima para baixo e controles simplistas. Na verdade, além do movimento, você só tem uma habilidade: colocar bombas. Cada bomba explode em uma explosão em forma de cruz (4 direções) que pode destruir inimigos ou blocos. Poderão ser encontrados power-ups para aumentar o tamanho da explosão, colocar bombas adicionais, aumentar a velocidade do Bomberman ou atravessar paredes. Seu objetivo em cada nível é destruir todos os inimigos e escapar pela saída antes que o tempo limite se esgote. Acertar a saída com uma explosão de bomba libera mais inimigos que também devem ser destruídos.
Classic NES Series - Donkey Kong (USA, Europe)	Em Donkey Kong, Jumpman deve resgatar a Pauline, uma donzelinha em apuros, das garras do gorila gigante Donkey Kong. Curiosamente, o herói e o macaco se tornaram mais tarde dois dos personagens mais populares da Nintendo. O jogo é dividido em quatro fases diferentes de tela única. Cada fase representa 25 metros da estrutura que Donkey Kong escalou, sendo uma fase 25 metros mais alta que a anterior. A tela final ocorre a 100 metros.
Classic NES Series - Dr. Mario (USA, Europe)	Neste jogo ao estilo Tetris, você joga como Dr. Mario, que deve colocar pílulas de cores diferentes sobre os vírus para removê-los do frasco. Cada comprimido é dividido em dois, com cada lado de uma cor diferente. Combine essa cor com a cor do vírus e ele será removido do frasco. O jogo inclui o modo normal, um contra-relógio e um modo de batalha para dois jogadores para ver quem consegue eliminar a maioria dos vírus.
Classic NES Series - Excitebike (USA, Europe)	A Nintendo relança Excitebike para o Game Boy Advance, com toda a ação e adrenalina do jogo original do NES. Assim como no original, o jogador precisa manter o equilíbrio do motociclista enquanto ele salta pelo ar, evitar colisões com outros competidores e impedir que a moto superaqueça. No modo Design, você pode criar sua própria pista, com todas as rampas, montes, pontes e outros obstáculos do jogo, e depois salvar o design para que seus amigos possam competir nela.
Classic NES Series - Ice Climber (USA, Europe)	No Ice Climber, um ou dois jogadores precisam subir no topo de 32 montanhas diferentes. Cada montanha é dividida em oito níveis de plataformas, juntamente com um estágio de bônus no topo. Tentando impedi-lo de progredir para cima, existem diferentes criaturas, que variam de ursos polares a condores, além de paisagens traiçoeiras com pingentes caindo, plataformas móveis e pisos gelados. Para ajudar, sua única arma é um martelo que pode ser usado para nocautear os inimigos, além de quebrar tijolos nas plataformas, para dar a você espaço para saltar para o próximo nível. Quando você finalmente chegar ao topo, é hora de passar para o próximo nível mais difícil.
Classic NES Series - Metroid (USA, Europe)	O jogo Metroid original chega ao Game Boy Advance como parte da clássica série NES. Como Samus Aran, sua missão é impedir que os piratas espaciais destruam a galáxia com seus Metroids. Para fazer isso, você deve penetrar em Zebes, o mundo natal dos piratas, enquanto coleta itens especiais para atacar os inimigos de novas maneiras. Metroid oferece uma ação de rolagem lateral que testa suas habilidades e o leva de volta aos jogos clássicos dos anos 80.
Classic NES Series - Pac-Man (USA, Europe)	O jogador controla o Pac-Man através de um labirinto, comendo pac-dots. Quando todos os pontos são comidos, o Pac-Man é levado ao próximo estágio, entre alguns estágios, uma das três animações de intervalo é reproduzida. Quatro inimigos (Blinky, Pinky, Inky e Clyde) vagam pelo labirinto, tentando capturar Pac-Man. Se um inimigo tocar em Pac-Man, uma vida será perdida. Quando todas as vidas forem perdidas, o jogo termina.
Classic NES Series - Super Mario Bros. (USA, Europe)	Série clássica do NES: Super Mario Bros. leva você de volta à primeira batalha entre Mario e Bowser. Agora no Game Boy Advance, você pode reviver toda a ação de comer cogumelos e pisar em Koopa do jogo original. Sempre se esforce para obter a pontuação mais alta ao pular em mastros de bandeiras, canos e tijolos. Desta vez, dois jogadores podem jogar alternadamente com um único Game Pak ou com GBAs conectados por um cabo Game Boy Advance Game Link.
Classic NES Series - The Legend of Zelda (USA, Europe)	NES Classics - The Legend of Zelda é um jogo para Game Boy Advance que traz uma versão remasterizada do clássico The Legend of Zelda, lançado originalmente para o console NES (Nintendo Entertainment System) em 1986. O jogo é um action-adventure que segue as aventuras do herói Link em sua jornada para resgatar a Princesa Zelda e derrotar o vilão Ganon.
Classic NES Series - Xevious (USA, Europe)	Invasores do espaço pousaram na Terra, mas você tem um presente de boas-vindas que eles não vão gostar. Entre no seu Solvalou e reconquiste a Terra em Xevious, parte da série NES Classics para Game Boy Advance. Neste jogo de scrolling vertical, cabe a você atirar em alvos aéreos e bombardear forças terrestres na tentativa de derrubar as naves-mãe alienígenas. Cada nível contém pontos de bônus ocultos, vidas extras e mais segredos.
Cocoto - Kart Racer (Europe) (En,Fr,De,Es,It)	Cocoto está de volta para um novo desafio! O mais amigável dos diabinhos agora tem um kart bem equilibrado e vários poderes à sua disposição. Jogue com Cocoto e seus amigos em corridas diabólicas! Escolha entre 12 personagens e seus karts insanos. Corra com até quatro jogadores em dois modos de jogo: Campeonato e Corrida Simples. Derrote seus oponentes com muitos ataques devastadores em 15 pistas!
Cocoto - Platform Jumper (Europe) (En,Fr,De,Es,It)	Há muito tempo, em uma terra distante, estranhas criaturinhas viviam nas profundezas do Abismo. Cocoto, seus pequenos amigos diabinhos e a misteriosa Fada protegiam o segredo do magma — a fonte de seu poder — em um caldeirão mágico. Enquanto isso, Zaron, o deus do raio que cobiçava essa força, tramava algo. Ele podia contar com os governantes dos outros reinos que Cocoto teria que atravessar. O trágico sequestro de Shiny, Baggy e Neuro deixou Cocoto sozinho para vigiar o caldeirão. Recusando-se a abandonar seus amigos, ele partirá em busca deles com a ajuda da Fada.
Colin McRae Rally 2.0 (USA) (En,Fr,De)	Colin McRae Rally 2.0 é um jogo de Rally / Offroad Racing. Este segundo jogo Colin McRae apresenta o Ford Focus WRC de 1999, o Ford Focus RS WRC de 2000, Mitsubishi Lancer EVO VI Gr.A, Subaru Impreza WRC2000, Peugeot 206 WRC, Toyota Corolla WRC e SEAT CÃ³rdoba WRC, entre outros carros . Os países incluídos são Quênia (cascalho e asfalto), Finlândia (cascalho e lama), Reino Unido (asfalto, lama e cascalho), Suécia (neve e gelo), Austrália (cascalho de ervilha solta), Japão (1 estágio no modo de desafio, Asfalto e lama), França (Córsega) (asfalto), Grécia (cascalho bruto) e Itália (asfalto). O carro apresentado na capa do jogo era o Ford Focus WRC 2000 (V3 FMC) da McRae.
Columns Crown (USA)	A Princesa Dazzle procurou por todo o lado as joias mágicas que faltam para preencher a coroa das colunas. Você deve ajudá-la a recuperá-los de um bando de ladrões da floresta, vencendo todos os quebra-cabeças para desbloquear as joias ocultas! Você pode coletar todos eles e completar a coroa? Ação frenética para vários jogadores repleta de movimentos especiais devastadores. Colete joias mágicas para liberar ataques elementais espetaculares. Novos modos Survival, Versus e Flash Columns.
Combo Pack - Sonic Advance + Sonic Pinball Party (USA) (En,Ja,Fr,De,Es+En,Ja,Fr,De,Es,It)	2 Games in 1: Sonic Advance & Sonic Pinball Party (conhecido como Sonic Advance & Sonic Pinball Party Combo Pack na América) é uma compilação de dois jogos do Sonic para o Game Boy Advance. Contém os jogos Sonic Advance e Sonic Pinball Party. Não há extras, apenas um menu que permite selecionar os dois jogos. Dos seis jogos da série de compilações de GBA &quot;2 Games in 1&quot;, este é o único escolhido para lançamento nos Estados Unidos. Nos EUA, o jogo chama-se Combo Pack: Sonic Advance + Sonic Pinball Party, e o site da Nintendo of America chama de Dual Pack: Sonic Advance & Sonic Pinball Party. Ambos os jogos contêm um Tiny Chao Garden separado.
Comix Zone (Europe) (En,Fr,De,Es,It)	Sketch Turner era um artista de banda desenhada que vivia com o seu rato de estimação, Roadkill. Uma tempestade de raios misteriosamente dá vida ao seu vilão, Mortus, e prende Sketch nas páginas da sua própria banda desenhada. Agora, preso no mundo que ele próprio criou, Sketch tem de lutar para abrir caminho através das páginas da sua própria banda desenhada. Sketch pode saltar, atacar e usar vários objectos que encontra ao longo da banda desenhada, incluindo o seu amigo rato, Roadkill. As combinações de botões podem ser usadas para desencadear ataques poderosos. Embora a progressão seja linear, é possível descobrir caminhos secretos e rotas alternativas. No final de cada nível, Sketch recebe um bilhete de super-herói.
Contra Advance - The Alien Wars EX (USA)	Em Contra Advance The Alien Wars EX, detone massivas hordas de aliens, robôs, e monstros para impedir o maligno Red Falcon de dominar o mundo! Apresentando novos níveis e gráficos do hit original do Super Nintendo®, o tiroteio em ritmo acelerado te manterá na ponta do seu assento!
Crash & Spyro Super Pack Volume 1 (Europe) (En,Fr,De,Es,It,Nl)	Inclui os jogos &quot;Crash Bandicoot 2 - N-Tranced&quot; e &quot;Spyro - Season of Ice&quot; Os amigos de Crash sofreram uma lavagem cerebral pelo malvado N-Trance... Crash pode trazê-los de volta? Um feiticeiro malvado sequestrou todas as fadas nos Reinos do Dragão. Cabe ao Spyro salvá-los!
Crash & Spyro Superpack - Spyro Orange - The Cortex Conspiracy + Crash Bandicoot Purple - Ripto's Rampage (USA)	Crash & Spyro Superpack é um pacote contendo Crash Bandicoot Purple: Ripto's Rampage and Spyro Orange: The Cortex Conspiracy. Foi lançado na Europa com o nome de Crash and Spyro Super Pack Volume 3.
Crash Bandicoot - The Huge Adventure (USA)	Cansado de batalhar sem parar com bandicoots intrometidos, o nefasto Dr. Neo Cortex encolhe a Terra inteira, e Crash e Coco junto com ela, ao tamanho de uma fruta wumpa. Felizmente, Coco inventa uma máquina para reverter os efeitos, mas ela precisa de cristais de todo o mundo para acioná-la. Crash deve recuperar os cristais para ajudar a retornar todo o planeta ao seu estado natural. Experimente a maior aventura de Crash até agora, com modos de jogo que vão desde side-scrolling até níveis de perseguição 3D e sequências de combate aéreo. Lute em mais de 20 níveis enormes e seis locais exclusivos para derrotar Cortex e salvar o mundo.
Crash Bandicoot 2 - N-Tranced (USA)	Nas profundezas do hiperespaço, Uka Uka reclama da incompetência do Dr. Neo Cortex e como ele falhou miseravelmente em sua tentativa de reduzir a Terra. Com a confiança de Uka Uka agora colocada no Dr. N. Tropy para a tarefa de ajudá-lo em sua dominação universal, Tropy vê o futuro como o passo de seu novo plano. Ele é visto parado entre os bandicoots e conclui que, para que os bandicoots parem de frustrar seus planos, a solução é tê-los do lado dele. Para fazer isso, ele recruta N. Trance, mestre do hipnotismo. Enquanto isso, na Ilha N. Sanity, Crash dorme enquanto seus irmãos, Crunch e Coco, são sequestrados por um estranho vórtice. Aku Aku alerta Crash sobre a situação e pede que ele traga um Power Crystal para que ele possa ver o que está acontecendo. Mas quando o faz, Crash começa a ser sugado por outro vórtice. Enquanto Aku Aku tenta resgatar Crash, ele usa o poder do Cristal e descobre que N. Tropy está por trás de tudo.
Crash Bandicoot Purple - Ripto's Rampage (USA)	Em Crash Bandicoot Roxo: Ripto's Rampage e Spyro Orange: The Cortex Conspiracy, Dr. Neo Cortex, inimigo de Crash, e Ripto, inimigo de Spyro, acidentalmente passaram por portais subterrâneos e estão prontos para dominar todo o universo. Crash e Spyro devem se unir para descobrir a identidade da nova ameaça e salvar o universo dessa trama maligna. Nessas aventuras de rolagem lateral, você pode se conectar com três amigos para uma variedade de modos multijogador, incluindo jogos de festa, jogos de azar e troca de cartas. Conectar Crash Bandicoot Purple e Spyro Orange dá a você a opção de desbloquear conteúdo especial e permite que você troque e aposte as cartas com amigos.
Crash Nitro Kart (USA)	Aqueça o chiclete com Crash Nitro Kart, um game de corrida com humor maluco no GBA. Para escapar das garras do Imperador Velo e salvar a Terra de sua destruição, o marsupial deve participar de corridas de karting frenéticas. Ele deve derrotar seus muitos inimigos antes que ele possa enfrentar o infame Velo e mostrar a ele com quem ele mexeu.
Crash of the Titans (USA) (En,Fr)	Crash e seus amigos descansam enquanto sua irmã Coco termina um reciclador de manteiga, ele pede a Crash para passar o Transvelupador (uma chave roxa), mas quando Crash o pega, Cortex aparece em sua aeronave, que sequestra Coco e Aku- Aku. E depois que Cortex dispara um feixe que congela Crunch, Crash mantém o Transvelupator em seu bolso e atira o reciclador salvando Aku-Aku, mas deixando-o no meio da selva, ele e Crash dão a volta na ilha derrotando vários criaturas que aparecem em diferentes áreas da ilha para resgatar Coco e chegam a um templo onde Aku-Aku e Crash descobrem que Cortex e Uka-Uka estão roubando o Magic Mojo, que Aku-Aku diz a Crash que Deve estar relacionado com aquelas criaturas que ele e Crash estavam lutando. Então Crash e Aku-Aku vão para o templo, onde se enfrentam em uma batalha contra Córtex, mas Crash o derrota e Córtex diz a Crash que pensa que o derrotou, Uka-Uka levou todo o mojo e Coco e para último Cortex foge.
Crash Superpack - Crash Bandicoot 2 - N-Tranced + Crash Nitro Kart (USA)	O Crash Super Pack reúne dois dos melhores jogos de corrida de kart disponíveis para o seu GBA - ambos têm Crash Bandicoot, um dos personagens mais selvagens dos jogos! Com Crash Nitro Kart você correrá contra Cortex e seus lacaios em uma corrida de kart acelerada. Em Crash: N-Hanced você alcançará velocidades incríveis e enfrentará os obstáculos mais selvagens nas pistas mais rápidas.
Crayon Shin-chan - Densetsu o Yobu Omake no Miyako Shockgaan! (Japan)	O jogo passa-se no episódio especial da série (com o mesmo nome do videojogo). Durante o jogo, Shin Chan irá encontrar-se novamente num sinistro parque de diversões chamado Shock Gahn, onde terá de sair dele com a ajuda da sua família e amigos, terá alguns disfarces que irão acrescentar algumas habilidades para cada nível. O jogo foi lançado apenas no Japão e em Espanha.
Crazy Chase (USA)	Bem longe, em outra parte da galáxia (a uns dez trilhões de galinhas de borracha da Terra), flutua o Planeta Palhaço. Normalmente é um lugar animado, mas as pessoas não conseguem nem sorrir desde que o pirata espacial Dirty Joe sequestrou a Princesa Honey. Você consegue encontrar Dirty Joe, salvar a princesa e fazer o Planeta Palhaço rir novamente?
Crazy Frog Racer (Europe) (En,Fr,De,Nl)	Este jogo de corrida é baseado na licença do Crazy Frog, um personagem usado no marketing de um toque de celular, originalmente criado por Erik Wernquist. A versão para GBA foi licenciada separadamente e apenas os personagens lembram o universo do Crazy Frog. A música e os efeitos sonoros característicos não estão presentes.
Crazy Taxi - Catch a Ride (USA)	Corra contra o tempo pegando passageiros e acelerando por ruas movimentadas e becos. E tempo é dinheiro! Então, segure firme no volante e pise fundo.
Creatures (Europe) (En,Es,It)	Com Creatures você descobrirá o fascinante universo de Inteligência Artificial. Na verdade, vida virtual em Creatures é criada considerando os mais novos dados de pesquisa científica - para a primeira vez em um jogo! Os atributos e características dos Norns são passadas de geração para geração - como na vida real. Assim você pode dar origem a vida inteligente (ou burra), amigável (ou agressiva), curiosa (ou indiferente), etc. Norns dependem da sua preferência pessoal. Você irá notar que, de fato, você não pode protege-los de todo o mal que os aguarda. Mas quanto maior o seu sucesso, mais orgulhoso você estará de cada Norn que você acompanhará até a idade avançada. Que seja abençoado por hordas de proles inteligentes!
Cross Town Heroes (USA)	Em Matchbox Cross Town Heroes, os jovens jogadores assumirão o volante de veículos Matchbox populares, como o Fire Crusher ou o Rescue Net Police Car, em três mundos extensos. Os jogadores podem dirigir e explorar ambientes interativos incríveis em busca de novas emergências. Cada vez que um novo mundo é visitado, a localização das tarefas de emergência será diferente, permitindo uma repetição infinita. Cada mundo também contará com minijogos e quebra-cabeças bônus, além de mais de 50 personagens, animais e criaturas diferentes. Ao completar tarefas de emergência, os jogadores ganharão prêmios de herói que lhes permitirão desbloquear novos veículos e ganhar certificados imprimíveis de conquistas heróicas.
Cruis'n Velocity (USA, Europe)	Cruis'n Velocity coloca você no banco do motorista de veículos licenciados e exóticos para disputar corridas em alta velocidade. Diferente dos títulos anteriores da série que utilizavam sprites 2D, este jogo utiliza um motor gráfico pseudo-3D para renderizar os ambientes. O gameplay foca no estilo arcade, com foco em curvas fechadas e o uso estratégico de nitros para ultrapassar oponentes. O objetivo principal é vencer os campeonatos nos modos Championship, Freestyle e Time Trial, desbloqueando novos carros e pistas baseadas em locações reais como Las Vegas e Egito. A mecânica de direção exige precisão para evitar colisões com o tráfego e obstáculos do cenário enquanto se mantém a aceleração máxima.
CT Special Forces (USA) (En,Fr,De,Es,It,Nl)	CT Special Forces é um jogo de tiro em plataforma com rolagem lateral que tem uma semelhança superficial com os jogos da série Metal Slug. O jogador controla um agente de uma força antiterrorista em uma missão ao redor do mundo para impedir atividades terroristas e prender seus líderes. O teclado digital move o personagem, enquanto o botão B dispara a arma e o botão A faz o personagem pular. O personagem não pode atirar para baixo. O gatilho L percorre o inventário (exibido no canto superior esquerdo da tela) e o gatilho R lança granadas (quando disponíveis). Ao selecionar um tipo de munição, o personagem usa a arma correspondente (botijões de gás para o lança-chamas, cartuchos de metralhadora para essa arma, etc.).
CT Special Forces 2 - Back in the Trenches (USA) (En,Fr,De,Es,It,Nl)	CT Special Forces: Back to Hell, você vai ser jogado de cabeça em um tiroteio sem fim! O jogo é um verdadeiro &quot;Rambo meets Metal Slug&quot; para o Game Boy Advance. Você assume o papel de um dos dois agentes de elite - Eagle ou Raptor - membros da misteriosa unidade CT Special Forces. Sua missão? Descer o pau em terroristas de todo o mundo. A aventura é uma mistura intensa de ação e tiro, com uma variedade de armas insana, de rifles de assalto a lança-chamas, e veículos para pilotar, como tanques e jipes. O jogo não economiza em adrenalina e explosões! A jogabilidade é no estilo &quot;run and gun&quot; - você corre e atira sem parar, enfrentando inimigos em diferentes cenários, de selvas densas a desertos escaldantes. Além do tiroteio insano, o jogo também tem missões de infiltração e resgate de reféns, que exigem um pouco de estratégia, mas não o bastante para diminuir o ritmo alucinante.
CT Special Forces 3 - Bioterror (Europe) (En,Fr,De,Es,It,Nl)	O Game Boy Advance traz CT SPECIAL FORCES 3: BIOTERROR para os fãs de jogos de combate vertical com muita ação. Uma unidade militar especial chamada Forças de Intervenção Especial tem uma única missão: eliminar todas as organizações terroristas e outras ameaças perigosas. A ameaça mais recente envolve uma arma bioquímica que altera o DNA humano. Os inimigos usaram esse composto para intensificar genes de agressividade e habilidades físicas, criando uma nova espécie de insurgente. As Forças de Intervenção Especial Contra o Terrorismo são as únicas com força e habilidade suficientes para derrotar esse novo adversário.
Danny Phantom - The Ultimate Enemy (USA)	The future is in peril! It's up to Danny to save his friends and family from the most dangerous force imaginable! Use all of Danny's paranormal powers including flying, phasing through walls and shooting ghostly beams. Transform into Danny Phantom. Battle enemy ghosts. Unleash super ghost powers.
Daredevil (USA, Europe)	Seja o &quot;Homem Sem Medo!&quot;, o Daredevil junto com seu confiável bastão enquanto escala Nova York em seu dever interminável de proteger e servir. Seja o Daredevil enquanto enfrenta os vilões e chefes do crime de Nova York, como o Rei do Crime, Elektra, Bullseye e o Sewer King. Um radar na tela ativará seus outros 4 sentidos super-aguçados enquanto você batalha contra criminosos. Este jogo é exclusivo para o Game Boy Advance.
Darius R (Japan) (En)	Darius R coloca você no comando da icônica nave Silver Hawk em um shoot 'em up de rolagem lateral clássico. O título apresenta a tradicional temática de inimigos inspirados em criaturas marinhas mecânicas e mantém a estrutura de fases ramificadas, permitindo que o jogador escolha seu próprio caminho até o final. As mecânicas focam na coleta de power-ups coloridos para aprimorar o disparo frontal, as bombas terrestres e o escudo de energia. Com trilha sonora marcante e foco em memorização de padrões, o objetivo é atravessar zonas infestadas pela armada inimiga e derrotar chefes massivos para garantir a sobrevivência da humanidade.
Dark Arena (USA, Europe)	Você é o líder das operações especiais e precisa encontrar uma saída para uma situação extremamente complicada: um laboratório de genética infestado por monstros de todos os tipos e tamanhos. Usando seu traje avançado e suas armas, você deve abrir caminho a tiros pelo laboratório, destruindo as criações malignas e salvando o laboratório, e o resto do mundo, da destruição total. Este jogo de tiro em primeira pessoa combina muitos elementos consagrados de jogos anteriores do gênero com uma explosão desenfreada. Um modo multijogador para até 4 jogadores também está disponível.
Dave Mirra Freestyle BMX 2 (USA)	Dave Mirra retorna junto a 14 pilotos profissionais incluindo Ryan Nyquist, Mike Laird e Collin Mackay. 8 níveis estão disponíveis, com um total de 1500 truques para dominar. Você pode criar seu próprio parque BMX grato ao modo de editor de parque. E enquanto você trabalha em dominar os truques, você pode ouvir a trilha sonora apresentando Ozzy Osbourne, The Cult, Methods of Mayhem, Godsmak e Rage Against The Machine (exceto na versão para Game Boy Advance).
Dave Mirra Freestyle BMX 3 (USA, Europe)	Dave Mirra Freestyle BMX 3 é um simulador de esportes radicais em perspectiva isométrica que desafia o jogador a realizar manobras técnicas em diversos ambientes urbanos e parques. O título apresenta um sistema de progressão baseado em objetivos específicos, como alcançar pontuações recordes, coletar letras e executar manobras de assinatura. As mecânicas incluem um sistema de combos que permite ligar truques aéreos e de solo para multiplicar a pontuação. O jogo oferece uma lista de ciclistas profissionais licenciados, bicicletas customizáveis com melhorias de desempenho e modos de jogo variados, incluindo Pro Tour e Free Ride, focando na precisão dos comandos e no gerenciamento de tempo por sessão.
David Beckham Soccer (USA) (En,Es)	Lançado no auge da popularidade do capitão da seleção inglesa, este jogo traz a experiência do futebol focada na precisão e no estilo de David Beckham. A lore é baseada na trajetória real do jogador, permitindo que os fãs revivam momentos da sua carreira ou treinem o seu icônico chute colocado no modo de cobrança de faltas. No Game Boy Advance, o jogo utiliza uma perspectiva isométrica para dar profundidade ao campo, apresentando seleções nacionais e clubes da época. O diferencial narrativo fica por conta do &quot;Beckham's Soccer Skills&quot;, onde o jogador deve completar desafios técnicos inspirados no treinamento do craque para desbloquear conteúdos e dominar as artes do cruzamento e da finalização.
Davis Cup (USA) (En,Fr,De,Es,It)	Coupe Davis Tennis é um jogo de esportes para Game Boy Advance. Como o título sugere, você terá a oportunidade de participar do famoso torneio da Copa Davis em uma jogabilidade realista. Entre em uma batalha entre lendas do tênis. Com 142 nações lutando pelo Troféu de Prata, a maior guerra do mundo do tênis está prestes a começar! Jogue no Torneio da Copa Davis ou desafie seus amigos para partidas multiplayer acirradas de 2 contra 2. Ganhe pontos de experiência para sua equipe e coloque-a contra seus amigos no modo multiplayer. Domine o jogo no saibro, carpete e grama.
Dead to Rights (USA)	Dead to Rights chega ao Game Boy Advance com 10 fases, combates intensos e minijogos. Você assume o papel de Jack Slate, um policial acusado injustamente do assassinato de seu pai. Para encontrar o verdadeiro culpado e desvendar a conspiração, você precisa resolver quebra-cabeças, dominar diversas armas e derrotar chefões desafiadores. Dead to Rights também inclui uma fase tutorial onde você pode praticar seus golpes letais.
Defender of the Crown (USA)	Em Defender of the Crown, jogas como um de quatro cavaleiros saxões na Inglaterra medieval, numa altura em que o país está em crise porque o rei morreu e a sua coroa foi roubada. Os saxões e os normandos acusam-se mutuamente e lutam pelo controlo de Inglaterra. Após uma breve introdução feita pelo próprio Robin de Locksley, começas o jogo com um único castelo e 10 soldados às tuas ordens. Depois, tens de construir o teu exército, tomar o controlo de mais territórios e lutar contra os três senhores normandos, mas também, por vezes, contra os teus amigos saxões. O jogo tem vários estilos diferentes: Podes participar num concurso de justas, em que tens de derrubar o teu adversário do cavalo com uma lança, podes ir saquear um castelo para obteres espólio ou podes atacar outro território/castelo.
Denki Blocks! (USA) (En,Es)	Denki Blocks! utiliza um único e simples conjunto de brinquedos digitais para oferecer uma coleção de &quot;jogos de quebra-cabeça&quot;. Em Denki Blocks!, o jogador desliza os blocos em um tabuleiro. Quando blocos da mesma cor se tocam, eles se unem para formar grupos. Às vezes, o jogador precisa juntar todos os blocos da mesma cor de qualquer maneira possível. Outras vezes, é preciso criar formas específicas.
Desert Strike Advance (USA)	Comande um helicóptero de ataque Apache contra um tirano militar que busca a dominação global. Ao completar uma série de missões desafiadoras e de alto risco, você eliminará alvos militares importantes, resgatará reféns e livrará o mundo da ameaça no deserto!
Dexter's Laboratory - Chess Challenge (USA)	O jogo definitivo para o gênio em desenvolvimento! Dexter's Laboratory: Chess Challenge leva o humor e a genialidade do popular desenho animado para o antigo mundo do tabuleiro de batalha e o transforma em uma experiência completamente nova. Jogue como Dexter, Dee Dee, Mandark ou Major Glory e teste sua inteligência contra seu oponente para determinar quem é o verdadeiro gênio! Movimentos vencedores são recompensados com animações engraçadas no estilo da série de desenhos animados. Jogue contra seus personagens favoritos ou com amigos no link multiplayer! O xadrez nunca foi tão divertido quanto com Dexter's Laboratory!
Dexter's Laboratory - Deesaster Strikes! (USA) (En,Fr,De,Es,It)	Dexter criou a invenção definitiva — a Clone-a-mática — mas sua irmã mais velha, Dee Dee, aprontou de novo e acidentalmente se clonou. E não é só uma. O laboratório de Dexter está infestado de mini-Dee Dees determinadas a destruir os maravilhosos experimentos de Dexter — que pesadelo! Cabe aos jogadores ajudar Dexter a capturar as Dee Dees, restaurar o laboratório à normalidade e fazer com que Dee Dee volte a ser ela mesma antes que a mãe chame para o jantar.
Digimon - Battle Spirit (USA)	Esse é um jogo de luta de plataforma baseado na série de mangá/anime Digimon. Você pode lutar contra a inteligência artificial do computador ou no modo de dois jogadores. Existem sete digimons para escolher como personagens jogáveis; todos são digimons populares da série original, cada um associado a um domador humano. As batalhas acontecem em um sistema de plataformas. Você pode se mover livremente, pular e realizar uma variedade de ataques corpo a corpo e de longo alcance. Os oponentes também podem causar alterações de status um no outro. Em cada local, acontecem eventos aleatórios que influenciam o desempenho dos combatentes.
Digimon - Battle Spirit 2 (USA) (En,Fr,De,Es,It)	Digimon BattleSpirit 2 traz toda a diversão clássica de luta do Digimon BattleSpirit original com toneladas de novos recursos empolgantes! Kerpymon criou o caos no outrora feliz Mundo Digital. Você pode superar o poder de Kerpymon e restaurar a paz?
Digimon Racing (USA) (En,Fr,De,Es,It)	O terceiro jogo da série Digimon para Game Boy Advance, Digimon Racing, tem todos os recursos que você espera de um jogo de corrida. Há uma boa variedade de pistas coloridas e divertidas (15 no total, incluindo uma grande variedade de temas como selvas, desertos, ruas movimentadas da cidade, pistas de gelo e colinas cobertas de cascalho), quase uma dúzia de Digimon para escolher e desbloquear, e vários modos de jogo, desde corridas de copa até contra o relógio. Algumas corridas contra chefes completam a ação e oferecem um desafio para os jogadores. A grande sacada deste jogo é que os corredores coletam energia na pista para digivolver em versões aprimoradas de si mesmos. Depois de digivolver, você pode usar poderes ofensivos adicionais para atrapalhar ainda mais seus oponentes e manter seu próprio Digimon à frente dos outros. Embora o modo para um jogador o mantenha ocupado por um bom tempo com seus muitos modos e personagens, Digimon Racing realmente brilha no modo multijogador.
Disney Princess (USA, Europe)	Crie o seu próprio final feliz. Toda a menina sonha em um dia se tornar princesa, e agora é a sua oportunidade. Joga na pele de Branca de Neve, Cinderela, Ariel, Bela Adormecida, Bela e Jasmine em busca da mágica Tiara da Amizade para garantir que todos vivem felizes para sempre. Pelo caminho, irás encontrar diversas outras personagens da Disney, incluindo os sete anões, as fadas madrinhas da Bela Adormecida e o Génio de Aladdin, mas cuidado, pois também irás encontrar um ou dois vilões malvados.
Disney Princess - Royal Adventure (USA)	Esse jogo das Princesas Disney tem uma proposta bem mágica: você pode jogar como Branca de Neve, Cinderela, Ariel, Aurora (Bela Adormecida), Bela e Jasmine em busca da Tiara da Amizade, garantindo que todos tenham seu “felizes para sempre”. Ao longo da jornada, aparecem diversos personagens clássicos como os sete anões, as fadas madrinhas da Bela Adormecida e o Gênio de Aladdin, mas também alguns vilões para atrapalhar. Cada princesa tem seu próprio mundo de história com três fases, somando mais de 18 níveis de diversão. É possível visitar a floresta encantada da Branca de Neve, salvar o castelo mágico da Bela, voar no tapete de Aladdin e muito mais. Há ainda um estágio bônus em que todas as princesas se unem. A experiência mistura exploração, interação com personagens queridos e desafios que capturam bem o espírito dos contos de fadas da Disney.
Disney Sports - Basketball (USA)	Mickey e seus amigos estão dominando as quadras! Você está pronto para a ação de basquete mais veloz, intensa e radical que já viu? Disney Sports Basketball traz jogadas exageradas e cenários originais à vida enquanto seus personagens favoritos da Disney entram em quadra. O jogo oferece partidas 2 contra 2, 6 modos de jogo (incluindo diversos minijogos) e mais de 25 itens mágicos para turbinar o seu desempenho.
Disney Sports - Football (USA)	Prepare-se para tackles impactantes e touchdowns incríveis enquanto Mickey, Pateta e outros personagens da Disney entram em campo. Em Disney Sports Football, você criará um time e competirá em quatro modos: Desafio, Copa, Exibição e Treino. Você terá muitas jogadas de corrida e passe, formações ofensivas e defensivas e movimentos turbo para dominar, além de itens mágicos para impulsionar o desempenho do seu time. Nos modos para um jogador ou multijogador, você enfrentará uma variedade de oponentes em estádios fantásticos.
Disney Sports - Skateboarding (USA)	Você já imaginou o Mickey Mouse e a turma da Disney andando de skate? Pois seus pensamentos mudaram, porque DISNEY SPORT SKATEBOARDING chegou! Com 8 fases incríveis, colete skates, adesivos, roupas e outras coisas iradas enquanto desliza pelas ruas no modo para um jogador ou causa o caos coletivo no modo multijogador.
Disney Sports - Snowboarding (USA)	Parte da linha de esportes da Disney produzida pela Konami, a &quot;lore&quot; deste jogo coloca Mickey, Donald, Pateta e outros personagens icônicos em uma competição de snowboard de alta intensidade. O foco narrativo é a disputa pelo troféu de mestre das neves, onde cada personagem possui atributos únicos de velocidade e agilidade. No Game Boy Advance, o jogo utiliza uma perspectiva isométrica fluida, desafiando o jogador a descer montanhas íngremes enquanto executa manobras radicais e saltos acrobáticos para ganhar pontos extras. Com cenários coloridos e trilha sonora animada, o título mistura o espírito competitivo dos jogos de esporte com a magia e o humor característicos das animações da Disney.
Disney's Party (USA, Europe) (En,Fr,De,Es,It)	Um novo parque temático está prestes a ser inaugurado pelo Tio Patinhas, até que o Dr. Nickel aparece, assumindo o controle dos sistemas de energia e espalhando magia por todo o parque. Para que o parque possa ser aberto, Mickey, Minnie, Donald e Margarida precisam encontrar os poderes mágicos e restaurar o parque ao seu estado original. Para isso, a turma deve completar diversos minijogos enquanto percorre o tabuleiro. Os jogadores se revezam para rolar os dados e mover seus personagens. Certas partes do tabuleiro desbloqueiam minijogos, que devem ser completados para avançar, e o vencedor é aquele com mais estrelas de poder mágico, obtidas ao parar em casas azuis no tabuleiro. Existem quatro tabuleiros, cada um com seu próprio tema baseado em uma atração de parque de diversões. Até quatro jogadores podem jogar usando um único console, ou quatro consoles podem se desafiar em uma série de minijogos.
DK - King of Swing (USA)	O jogo começa durante o torneio “Jungle Jam”, onde se realiza um grande festival na Ilha de Donkey Kong, durante o qual as medalhas são atribuídas em prémios em diferentes concursos, como quebrar barris e saltar, o vencedor é chamado “ Herói &quot;da ilha. King K. Rool, por outro lado, tenta arruinar o torneio e rouba todas as medalhas antes do início do torneio, também se autoproclamando&quot; Herói da selva &quot;. Donkey Kong manda o líder do Kremling procurar todos os medalhas para restaurar a paz na ilha.
Dogz (USA)	Dogz para Game Boy Advance te tira da ideia de cuidar de animais e te coloca diretamente na pele de um pequeno animal de quatro patas em uma aventura que parece um conto de fadas. Encontre o chapéu mágico que mantém a ordem na terra dos caninos e participe de minijogos diretamente integrados à história principal.
Dogz - Fashion (USA)	Dogz Fashion permite que os jogadores adotem seu próprio cachorrinho adorável, vistam-no com todos os tipos de roupas da moda e o inscrevam em competições de moda.
Dogz 2 (USA)	Dogz 2 para Game Boy Advance é um simulador de animais de estimação onde você adota, treina e cuida de filhotes, com 23 raças disponíveis (incluindo Pugs e Boxers). O jogo foca em mimar seus cães, oferecendo novos truques, brinquedos e minigames ao longo de um ciclo de 30 dias, expandindo o título anterior da Ubisoft.
Dokapon - Monster Hunter (USA)	Dokapon é um RPG profundo, duradouro, completamente absorvente que se passa na ilha de Dokkano na cidade de Poponga, um lugar místico cheio de criaturas místicas. Seu objetivo é se tornar um aventureiro licenciado - para isso você deve passar um exame de aventureiro completando um número de missões atribuídas, e em torno do caminho derrotar vários tipos de monstros em batalhas. Quando derrotados, você pode coletar o monostro e fazer seu &quot;monstro parceiro&quot;, e usar em futuras batalhas para derrotar oponentes.
Donald Duck Advance (USA)	Procure os confins do mundo para encontrar Merlock, salvar Daisy e possuir o poder das esferas de energia necessárias para ativar a máquina do tempo de Gyro. Previna o pator de todos os heróis de perder sua paciência e explodir numa hilária frenesi. Domine uma jogabilidade recheada de ação em torno de 18 excitantes níveis. Jogue um jogo que imita o desenho com gráficos vívidos, personagens malucos e efeitos de som doidos.
Donkey Kong Country (USA)	&quot;Donkey Kong Country&quot; para Game Boy Advance é um clássico jogo de plataforma onde os jogadores assumem o papel de Donkey Kong e seu companheiro Diddy Kong. Juntos, eles embarcam em uma aventura épica para recuperar suas bananas roubadas pelos Kremlings. Com gráficos impressionantes, níveis desafiadores e chefes emocionantes, prepare-se para uma experiência inesquecível neste jogo icônico da série Donkey Kong!
Donkey Kong Country 2 (USA)	A série Donkey Kong Country retorna ao Game Boy Advance em uma sequência que apresenta Dixie Kong. Ela e Diddy Kong devem se unir para resgatar Donkey Kong do malvado Kaptain K. Rool. Você jogará como Diddy e Dixie e dominará seus diferentes ataques. Teste suas habilidades e vença o relógio em Diddy's Dash ou corra contra seus amigos para ver quem é o mais rápido. Você pode jogar sozinho ou desafiar seus amigos em novos jogos bônus, como Funky's Flights e Bag a Bug.
Donkey Kong Country 3 (USA)	Uma nova dupla para uma nova aventura! Em Donkey Kong Country 3: Dixie Kong's Double Trouble!, a série de plataforma clássica da Nintendo nos leva a uma nova aventura repleta de ação e exploração. Desta vez, nossos heróis habituais, Donkey Kong e Diddy Kong, estão desaparecidos! Dixie Kong, a corajosa e acrobática sobrinha de Donkey Kong, e seu novo companheiro, Kiddy Kong, um jovem e ágil primata, unem forças para resgatar os Kongs mais famosos. A dupla embarca em uma jornada épica pelo &quot;Arquipélago Kremisfério Norte&quot;, enfrentando perigosos inimigos, desvendando enigmas e coletando bananas para salvar seus amigos.
Doom (USA, Europe)	Dos lendários desenvolvedores de jogos da id Software, chega uma jornada explosiva ao mundo de pesadelo de DOOM. Embarque em uma missão angustiante para livrar a Base Lunar Marciana de hordas de criaturas demoníacas. Navegue pelos 24 níveis labirínticos de DOOM, vasculhando os corredores em busca de áreas secretas e ajudas de combate enquanto enfrenta demônios criados no inferno com um arsenal explosivo de metralhadoras, rifles de plasma e lançadores de foguetes. Use o cabo Game Boy Advance Game Link® para se juntar a um amigo e explodir os níveis juntos ou conectar até 4 jogadores para o deathmatch definitivo.
Doom II (USA)	Doom 2 GBA é uma versão portátil do clássico jogo de tiro em primeira pessoa, onde você enfrenta hordas de demônios em diferentesníveis.
Dora the Explorer - Super Star Adventures! (USA)	Dora está em uma aventura totalmente nova e precisa da ajuda de todos os seus amigos, incluindo as Estrelas Exploradoras. Ajude Dora a completar 21 jogos diferentes baseados em atividades em sete fases, além de mini-games. Encontre todos os seus personagens favoritos do desenho Dora, a Aventureira. Colete estrelas - como a estrela disco, a estrela barulhenta e a estrela mutante - para te ajudar a encontrar o caminho certo. Você não precisa nem completar cada fase para seguir em frente.
Dora the Explorer - The Search for the Pirate Pig's Treasure (USA)	Porco pirata perdeu seu tesouro, e apenas Dora e Boots podem encontrá-lo para ele! Mas eles precisarão de uma pequena ajuda de seus amigos, Mapa, Mochila e, é claro, você! A mochila tem tudo o que você precisa para ajudá-lo a superar muitos obstáculos desafiadores e tolos! Mas fique de olho na raposa Swiper ... essa raposa sorrateira rouba o que você precisa para a aventura!
Double Dragon Advance (USA)	Você controla os irmãos mestres em artes marciais, Billy e Jimmy Lee. A missão? A mesma de sempre: chutar muitos traseiros da gangue Black Warriors para resgatar a donzela em perigo, Marian. Mas, desta vez, a briga é séria! Esqueça o repertório limitado do original. Agora, os Lees podem executar combos insanos, chutar o inimigo enquanto ele está no chão, usar ataques especiais, e o melhor de tudo: o soco-joelhada-giratório que te tira de apuros! É como se os irmãos tivessem passado um bom tempo na academia de Kung Fu!
Downforce (Europe) (En,Fr,De,Es,It)	Um grupo de pilotos e equipes se separou do Campeonato de Fórmula 1, após serem prejudicados por regras e regulamentos por muito tempo. As corridas se tornaram monótonas, com ultrapassagens e disputas acirradas em níveis mínimos históricos. A nova liga de corrida foi condenada como perigosa demais e proibida de usar circuitos ao redor do mundo. As corridas, em vez disso, acontecem em grandes cidades e seus arredores. Os carros utilizam toda a tecnologia disponível atualmente para aumentar a velocidade e a força descendente. Com regras menos rígidas, as equipes têm trabalhado em diferentes direções, criando uma grande variedade de supercarros aprimorados.
Dr. Muto (Europe) (En,Fr,De,Es,It)	Dr. Muto é um jogo de ação e aventura bastante peculiar. Você controla um cientista maluco e genial que, em seu último experimento, acabou destruindo o próprio planeta — restando apenas o laboratório. Para tentar reconstruir o mundo, ele usa sua mais nova invenção, a Splizz Gun, capaz de coletar DNA e permitir que o doutor se funda com diferentes organismos. Com isso, Dr. Muto pode se transformar em aranha, rato, gorila ou qualquer criatura que ajude a superar desafios impossíveis para um humano comum. A jogabilidade gira em torno de explorar planetas vizinhos, roubar matéria orgânica e usar tanto os gadgets quanto as habilidades de mutação para avançar. O tom é irreverente, misturando humor com mecânicas criativas de transformação, o que dá ao jogo uma identidade única dentro do gênero.
Dr. Sudoku (USA)	Dr. Sudoku é um jogo de puzzle e lógica que transporta o clássico desafio matemático para o console portátil. O título coloca você diante de grades 9x9 onde o objetivo principal é preencher todos os espaços vazios com números de 1 a 9, garantindo que nenhum algarismo se repita em colunas, linhas ou subgrades 3x3. As mecânicas fundamentais incluem um editor de quebra-cabeças, permitindo que o jogador insira e resolva desafios de fontes externas, e um sistema de dicas em tempo real para auxiliar em níveis complexos. O jogo apresenta mais de 1.000 puzzles pré-carregados com dificuldades progressivas, focando na agilidade mental e na resolução estratégica sob um cronômetro opcional.
Dragon Ball - Advanced Adventure (USA)	Junte-se a Goku em sua primeira aventura épica enquanto ele defende a Terra do implacável Exército Red Ribbon. Comece seu caminho para o poder e ajude a transformar um garoto comum no campeão final.
Dragon Ball GT - Transformation (USA)	Dragon Ball GT: Transformation é um jogo de ação-aventura baseado no anime e mangá Dragon Ball GT. Foi lançado em 2005 para Game Boy Advance. No jogo, o jogador controla Goku, Trunks e Pan em uma jornada para encontrar as Esferas do Dragão e derrotar vilões como Baby, Super 17 e Syn Shenron. O jogo apresenta gráficos 2D, jogabilidade de plataforma e elementos de luta. O jogador pode desbloquear novos personagens e habilidades à medida que avança no jogo. O jogo também apresenta um modo multiplayer para até quatro jogadores.
Dragon Ball Z - Buu's Fury (USA)	Dragon Ball Z: Buu's Fury começa com a Saga do Torneio do Outro Mundo e segue até a Saga de Kid Buu, o capítulo final da história de Dragon Ball Z. Em um jogo que combina elementos de ação, RPG e exploração, você enfrentará inimigos comuns, chefes poderosos, puzzles e missões, tendo como objetivo final derrotar Buu. Escolha o melhor personagem entre Goku, Vegeta, Gohan, Goten e Trunks para cada missão, crie personagens de fusão sempre que necessário e desencadeie combos de ataque poderosos e super golpes.
Dragon Ball Z - Collectible Card Game (USA)	Você começa como um dos personagens principais. Goku, Gohan, Garlic Jr, ou Frieza e eles vem com seus próprios decks iniciais. Você deve batalhar por 4 rodadas de oponentes da série Dragon Ball Z até encontrar o derradeiro inimigo, Cell! Ao derrota-lo você desbloqueará um dos personagens que derrotou. A tarefa principal do jogo é desbloquear todos os personagens do jogo, e assim conquistará o jogo. Este jogo é apenas para o Game Boy Advance.
Dragon Ball Z - Supersonic Warriors (USA)	O ataque aéreo começa! Escolha seu DBZ Dream Team e agite o universo de Dragon Ball Z com combates de vôo livre! Bombardeie oponentes com ataques punitivos no solo e no ar. É uma luta estrondosa de DBZ diferente de tudo que você já viu antes!
Dragon Ball Z - Taiketsu (USA)	Heróis e vilões colidem no mais recente jogo de luta de Dragon Ball Z. Dragon Ball Z: Taiketsu permite que você jogue como um dos 15 maiores guerreiros do universo DBZ, incluindo o poderoso Broly, em uma luta pelo domínio. Desencadeie combos devastadores e super movimentos sozinho ou contra amigos em enormes batalhas multiplayer. Você pode lutar na terra ou no ar, só não seja pego de surpresa.
Dragon Ball Z - The Legacy of Goku (USA)	Dragon Ball Z: O Legado de Goku te leva em uma jornada incrível para proteger o universo do maligno Freeza de uma vez por todas. O filho de Goku foi sequestrado e cabe a você salvá-lo. Vegeta, Kuririn, Piccolo e Mestre Kai são alguns dos personagens que você encontrará ao longo de sua missão. Você precisará de suas estratégias de combate corpo a corpo e de ki para derrotar seus inimigos. O futuro depende da sua habilidade de usar seus ataques de rajadas de ki, explosão solar e kamehameha.
Dragon Ball Z - The Legacy of Goku II (USA)	Dragon Ball Z - The Legacy of Goku 2 é um jogo para Game Boy Advance baseado na popular série de anime e mangá Dragon Ball Z. É a sequência do jogo &quot;Dragon Ball Z - The Legacy of Goku&quot; e apresenta uma emocionante aventura com os personagens icônicos da série.
Dragon Quest Monsters - Caravan Heart (Japan)	O protagonista é Kiefer, que apareceu originalmente em Dragon Warrior VII. No aniversário de 10 anos do Príncipe Keifer, o príncipe estava procurando uma maneira de causar alguns problemas e escapou do castelo Great Estard. Isso enfurece seu pai, e quando Keifer é finalmente capturado, ele se esconde em seu quarto. Enquanto se esconde no armário, uma figura mascarada que se autodenomina The Mistress of Illusions, Magarugi aparece e diz a Keifer que se ele encontrar os Orbs de Lótus, ele terá um desejo. Keifer é atraído para o reino espiritual de Torland, o mundo de Dragon Quest II. Quando ele chega pela primeira vez, ele encontra uma caravana com um líder fraco, Luin. Luin também está procurando os Orbs para salvar seus pais doentes. Depois de sua primeira batalha juntos, a Caravana pede a Keifer para liderá-los. Juntos, eles devem viajar pelo mundo para encontrar uma cura para os pais doentes de Luin e permitir que Keifer retorne à Ilha Estard.
Dragon's Rock (Europe) (En,Fr,De,Es,It)	Os gêmeos Julia e Julius estão prestes a enfrentar seu grande teste de dragão! Eles podem esperar muitas tarefas e aventuras ao longo do caminho.
Drill Dozer (USA)	O gangue Skulker roubou o teu adorado Red Diamond que pertencera à tua falecida mãe. Usando o Drill Dozer, tens de liderar os teus companheiros do bando de ladrões, numa missão para recuperar o Red Diamond. O jogo consiste em navegar por várias áreas usando o robot Drill Dozer para furar inimigos, paredes, e tudo o mais que se atravesse no caminho. O Drill Dozer é uma máquina multifacetada, funcionando sob a água e levantar voo. Também tem a habilidade de mudar as engrenagens para atravessar o mais duro dos obstáculos. Pelo caminho, irás melhorar o teu Drill Dozer com engrenagens e extras que te irão ajudar na tua missão.
Driv3r (USA)	No jogo, você assume o papel de Tanner, o policial disfarçado dos jogos anteriores do Driver, enquanto ele se infiltra em uma rede mundial de roubo de carros de alto desempenho. Nada é muito perigoso ou muito arriscado para Tanner, e você poderá entrar em qualquer carro, caminhão ou motocicleta e cruzar as ruas de três cidades recriadas com mais de 156 milhas de estradas, de Miami, Nice e Istambul em mais de 25 missões de enredo. Encontre-se com personagens de jogos de pilotos anteriores, a história continua nesta edição.
Driven (USA) (En,Fr,De,Es,It)	Driven é um jogo de corrida de Fórmula 1 com visão aérea que combina aspectos realistas do esporte com elementos extravagantes inspirados no filme. No Modo História, você assume os papéis alternados de Joe Tanto e Jimmy Bly com o objetivo de completar 12 missões retiradas do filme.
Driver 2 Advance (USA)	Entre atrás do volante e de volta as ruas como Tanner, o piloto disfarçado mais rápido do mundo. Uma guerra de gangues internacional emergiu, e você foi pego no tiroteio. Experimente um novo caos urbano enquanto você evita gangsters americanos e brasileiros.
Droopy's Tennis Open (Europe) (En,Fr,De,Es,It,Nl)	Entre em quadra com os personagens mais malucos dos desenhos! Droopy's Tennis Open é um divertido jogo de tênis para Game Boy Advance, desenvolvido pela Bit Managers e lançado exclusivamente na Europa. Baseado na clássica animação da MGM, o jogo traz personagens icônicos como Droopy, McWolf, Butch, Bubbles Vavoom, Dripple e Screwy Squirrel, cada um com habilidades únicas que deixam as partidas ainda mais imprevisíveis e divertidas. Explore 6 quadras temáticas inspiradas no universo dos desenhos, incluindo cenários como o Polo Norte e o Velho Oeste, cheios de personalidade e desafios. No modo Arcade, a diversão vai além do tênis tradicional: utilize itens malucos como bombas-relógio, múltiplas bolas, raquetes gigantes, molas e até rolos compressores para atrapalhar seus adversários! Também conta com modos Torneio e Multijogador. Chame os amigos! O modo multiplayer permite até 4 jogadores usando o Cabo Link, garantindo partidas cheias de ação e risadas.
Dual Blades (USA)	Dual Blades é um jogo de luta de rolagem lateral que se passa em 150 a.C., no Império Huno. O maior guerreiro do mundo, Alperen, obteve uma energia incrível ao fundir sua alma com Dual Blades, uma espada misteriosa. A espada lhe concede poderes inimagináveis ​​e imortalidade. Todos os combatentes do passado e do futuro são convocados para lutar contra ele pela imortalidade ou enfrentar a morte. O jogo apresenta combates frente a frente com um elenco de 9 personagens únicos. Os gráficos dos personagens são grandes e se passam em arenas coloridas de rolagem lateral. O motor do jogo conta com recursos exclusivos, incluindo combos, sangue e golpes finais brutais. A jogabilidade consiste nos modos Arcade, Versus, Batalha e Treinamento. Dois jogadores podem se enfrentar através do cabo Game Link.
Duel Masters - Kaijudo Showdown (USA)	Prepare-se para intensas batalhas em torneios neste jogo de cartas que apresenta personagens da série animada Duel Masters. Kaijudo Showdown desafia você a montar um baralho de combate com 300 cartas de Duel Masters, que você precisará para derrotar seus inimigos. Conforme duela contra diversos oponentes, você aprimorará suas habilidades e desvendará o mistério dos artefatos desaparecidos. Com um cabo de conexão para Game Boy Advance, você pode batalhar ou trocar cartas com um amigo.
Duel Masters - Sempai Legends (USA)	Baseado no jogo de cartas Duel Masters no Japão, Duel Masters: Sempai Legends lhe coloca no papel de um kohai (duelista junior). Seu avô, um grande Sempai (duelista sênior), lhe dá um valiosa carta Duel Masters, que é logo roubada por um homem misterioso. Agora é com você viajar para cidades próximas e vilas remotas na esperança de recuperar a propriedade roubada. Ao longo do caminho, você enfrentará vários oponentes em torneios Duel Masters com a esperança de um dia se tornar um Duelista profissional.
Duel Masters - Shadow of the Code (USA)	As suas habilidades são lendárias. Os teus fans incomodam-te para ter um autógrafo teu, e todos os donos de lojas querem te patrocinar. Mas vais descobrir rapidamente que a fama não te leva muito longe na esquinas sombrias do Creature World
Duke Nukem Advance (World) (En,Fr,De,It) (Evercade)	Cientistas alienígenas estão trabalhando para dominar a Terra e já ocuparam a base militar secreta, a Área 51. Mas mal sabem eles que o Duque Nukem está de volta e em seu caso, e ele estará viajando ao redor do mundo, do Egito à Austrália , para ter certeza de que ele foi baleado, congelado e / ou pisado em cada um desses creeps; e pegar algumas garotas enquanto ele está nisso. São 19 estágios a serem concluídos, cada um hospedando seus próprios segredos e cartões-chave coloridos, sem mencionar os próprios estranhos nojentos. Algumas das armas clássicas estão na moda, o raio retrátil e o freezer, por exemplo. E também estão alguns velhos vilões, como o favorito de todos os tempos, Pig Cop. Até 4 GBA podem ser vinculados para o modo multiplayer deathmatch, mas cada jogador deve ter seu próprio gamepak.
Dungeons & Dragons - Eye of the Beholder (USA)	Uma nova ameaça caiu sobre a pacífica cidade de Waterdeep. Você foi chamado para descobrir sua origem e destruí-la. Ao embarcar em uma odisséia épica com um grupo de aventureiros destemidos, você precisará se preparar para o confronto com incontáveis inimigos e obstáculos.
Dynasty Warriors Advance (USA)	Dynasty Warriors Advance é uma adaptação para Game Boy Advance da franquia Dynasty Warriors. Baseado no &quot;período dos Três Reinos&quot; da China antiga, ocorre no final da Dinastia Han durante 190 DC. Conforme o governo anterior entra em colapso, senhores da guerra se levantam e lutam entre si, estabelecendo finalmente três reinos poderosos: Wei, Wu e Shu. Os generais de cada uma dessas nações passam os próximos 100 anos lutando entre si, cada um tentando se tornar o poder dominante. Dynasty Warriors Advance é um jogo de tabuleiro de estratégia baseado em turnos de cima para baixo, mas com foco no combate de ação. Uma vez que é baseado nos títulos anteriores de Dynasty Warriors, muitos dos mesmos conceitos são mantidos. Os jogadores começam escolhendo um dos três personagens disponíveis das terras de Wu, Shu ou Wei.
E.T. - The Extra-Terrestrial (USA)	Reviva os melhores momentos do filme clássico, E.T. O extra-terrestre neste título GBA. Procure as partes do transmissor e junte-as para que o E.T. consiga entrar em contato com seu planeta natal (também conhecido como &quot;Phone Home&quot;), em seguida, fuja da polícia, o FBI e os cientistas para chegar ao ponto de pouso de naves espaciais. Jogue como ambos E.T. e Elliott em ambientes totalmente interativos, jogando níveis baseados em cenas-chave do filme (como o contato em casa, a perseguição de bicicleta e muito mais).
Earthworm Jim (USA, Europe)	Um corvo está perseguindo uma minhoca chamada Jim, enquanto no espaço sideral, Psy-Crow persegue uma nave renegada. O capitão da nave roubou um &quot;super-traje-cibernético-espacial-indestrutível-de-altíssima-tecnologia&quot; e a Rainha Slug-for-a-Butt ordenou que Psy-Crow o recupere, já que o traje pode torná-la mais bonita que a Princesa What's-Her-Name. Psy-Crow explode o capitão e o traje cai no planeta Terra. De volta à Terra, Jim se pergunta se finalmente está seguro quando o super-traje cai bem em cima dele. Por sorte, Jim vai parar exatamente no anel do pescoço do traje. Então, as partículas espaciais começam a interagir com Jim, causando uma evolução na velocidade da luz. Jim logo percebe que está no controle do traje. Jim ouve por acaso os planos da Rainha para o traje e decide conhecer essa tal Princesa...
Earthworm Jim 2 (USA)	Uma minhoca normal e comum chamada Jim vai pela sua cotidiana normal, indo por ai evitando corvos e fazendo outras coisas gerais de minhoca. Jim é subitamente atingido por uma imensa- ultra- alta- tecnologia- indestrutível -super -traje -espacial -cibernético. Por pura sorte, Jim descansa em segurança no anel do pescoço do traje. Subitamente, as partículas de ultra-alta-tecnologia do traje começam a interagir com o corpo mole de minhoca de Jim. Uma evolução radical na velocidade da luz acontece. Jim logo reconhece que está em controle do traje. Jogabilidade é similar ao primeiro game, com Jim pulando e correndo através dos níveis. Há 5 armas a mais do que o jogo original para colecionar. Personagens como a Princesa Whats-Her-Name e Psy-Crow aparecem.
Ed, Edd n Eddy - Jawbreakers! (USA)	Ed, Edd n Eddy: Jawbreakers é um jogo lançado em 25 de março de 2003 para Game Boy Advance, desenvolvido pela Climax Group e publicado pela BAM! Entertainment em parceria com a Cartoon Network Interactive. Baseado no desenho animado de sucesso, o jogo acompanha Ed, Edd (Double Dee) e Eddy em sua clássica missão de sempre: bolar planos para ganhar dinheiro e comprar jawbreakers, os doces gigantes que são sua obsessão. A jogabilidade mistura ação e aventura em fases que refletem o humor e as situações malucas da série, trazendo personagens e cenários familiares para os fãs.
Ed, Edd n Eddy - The Mis-Edventures (USA) (En,Fr)	Ed, Edd e Eddy são três amigos atrapalhados obcecados por uma coisa e somente uma: balas quebra-queixo! Eddy é o líder destemido, sempre pronto para ganhar dinheiro fácil; Ed é o alto, forte e bobo, enquanto Edd (ou Double-Dee) é o inteligente, educado e obcecado por limpeza, que se comunica com a família por meio de bilhetes adesivos. Ed, Edd e Eddy: As Desventuras permite que você jogue com o trio em uma série de fases, chamadas de &quot;golpes&quot;. Cada fase é um plano para ficar rico rapidamente, idealizado por Eddy, que permite aos Eds conseguirem balas quebra-queixo. Cada fase pode ser acessada pelo mundo central, o &quot;Beco sem saída&quot;, onde os Eds vivem suas aventuras e conhecem outras crianças da vizinhança.
Egg Mania (USA) (En,Fr,Es)	Como construtor Eggo, é seu trabalho organizar e montar as peças de quebra-cabeça que caem do céu para formar plataformas que, pouco a pouco, criam uma torre acima de um oceano em constante elevação. Como a água sobe rapidamente através dos andares incompletos, é essencial construir plataformas inteiras para retardar sua subida. O objetivo é alcançar o balão que flutua alto no céu, mas, para dificultar, inimigos que derrubam torres e ladrões espreitam nas profundezas e voam pelos céus procurando maneiras de afundar seu espírito, então trabalhe rápido!
Eragon (USA)	&quot;Eragon&quot; é um jogo para Game Boy Advance inspirado no livro e no filme com o mesmo nome. O jogo segue a história do protagonista Eragon, um jovem que descobre que ele é o último Cavaleiro de Dragões e embarca em uma jornada épica para proteger o reino de Alagaësia de forças malignas.
ESPN Final Round Golf 2002 (USA)	A ação do golfe saiu dos campos e chegou à portabilidade do Game Boy® Advance. Escolha entre 14 jogadores, 5 campos e uma variedade de tacos. Você vivenciará condições climáticas realistas, como vento, chuva e sol no fairway. Dispute partidas contra até 3 outros jogadores usando o cabo Game Link do Game Boy Advance.
ESPN X-Games Skateboarding (USA)	Os X Games podem ser considerados as Olimpíadas da Geração X, e agora um dos principais eventos de skate chegou ao Game Boy Advance com ESPN X GAMES SKATEBOARDING. Escolha entre oito skatistas profissionais — Bob Burnquist, Carlos DeAndrade, Chad Fernandez, Kerry Getz, Rick McCrank, Colin McKay, Chris Senn e Lincoln Ueda — e 64 shapes licenciados para você detonar nas ruas, calçadas, corrimãos e muito mais. Você poderá explorar três cidades: São Francisco, Nova York e Los Angeles, cada uma com elementos e pontos turísticos específicos. O jogo consiste em nove fases, divididas em três categorias: competição dos X Games, skate de rua e fantasia. Doze bandas famosas, incluindo Linkin Park, Voodoo Glow Skulls e New Found Glory, embalarão a ação com músicas eletrizantes. Prepare-se para mandar ollies, grinds e kickflips rumo à vitória com ESPN X GAMES SKATEBOARDING.
European Super League (Europe) (En,Fr,De,Es,It)	Sporting 16 é um jogo totalmente licenciado, com equipe e estádio oficiais; a Super Liga Europeia reúne o talento de muitos times da Europa para criar um grande campeonato! RECURSOS DO GAME: Participação de clubes como AC Milan, Bayern Munich, Marseille, Liverpool, Chelsea e Paris Saint-Germain. Estádios feitos de acordo com especificações da vida real. A interface de controle, quando jogada no modo iniciante, é limitada a combinações simples de botões, permitindo que um jogador novato tenha mais facilidades; para o jogador avançado, o modo alternativo — embora mais complexo e exigente — oferece controle aprimorado sobre o game. Tudo isso com cantos autênticos da torcida!
Extreme Ghostbusters - Code Ecto-1 (USA)	Em uma tentativa de dominar o mundo, as forças ectoplásmicas recentemente liberadas, lideradas pelo meio-humano, meio-demônio Conde Mercharior, sequestraram dois membros chafe do time Extremo Ghostbusters. Sem um segundo a perder, Eduardo e Kylie pularam na famosa ambulância Ecto-1 e correram para o salvamento. Jogue como Eduardo e Kylie enquanto desvenda pistas do sequestro, confronte o maligno Conde Mercharior e retorne seus companheiros de equipe, Roland e Garrett, a segurança! Características: todo o universo e personagens da bem-conhecida série animada em uma aventura nova em folha! Doze excitantes níveis de plataforma através de quatro mundos gigantes! Quatro emocionantes corridas de carro pelas ruas movimentadas da cidade de Nova Iorque!
Eyeshield 21 - DevilBats DevilDays (Japan)	Este jogo é baseado em Eyeshield 21, uma série de anime (e mangá) sobre um garoto chamado Sena, que possui um talento incrível para correr e é pressionado a entrar no time de futebol americano de sua escola, tornando-se o lendário running-back &quot;Eyeshield 21&quot;, o herói de Notre Dame. É um jogo de texto e minijogos.
F-14 Tomcat (USA, Europe)	F-14 Tomcat é essencialmente uma conversão do jogo Turn and Burn: No-Fly Zone, da Absolute Entertainment. O conteúdo do jogo é exatamente o mesmo, é uma história completamente nova: o jogador controla um piloto de F-14 escolhido pelo governo dos EUA para atuar no teatro de operações de uma guerra entre as repúblicas da China e de Taiwan, com o objetivo de proteger os &quot;interesses&quot; americanos na região. Posteriormente, foi implementado nos dois simuladores de voo seguintes da Majesco para GBA, Super Hornet F/A-18F (2004) e F24 Stealth Fighter (2007), que reutilizaram o motor gráfico deste jogo, com a opção de escolher entre um porta-aviões ou uma pista de pouso.
F-Zero - Climax (Japan)	F-Zero Climax é a sexta parcela da série F-Zero e a terceira a ser lançada para o Game Boy Advance. Este é o primeiro jogo F-Zero a ter um editor de pistas integrado sem a necessidade de expansão ou add-on. Trilhas personalizadas podem ser salvas em um dos trinta slots para uso futuro e podem ser trocadas com outros jogadores via cabo de link. Se a memória ficar cheia ou a conexão do cabo de link não puder ser feita, o jogo pode gerar uma senha para a faixa; quando é inserida em qualquer cartucho F-Zero Climax, a senha irá gerar a faixa instantaneamente.
F-Zero - GP Legend (USA)	O ano é 2201 DC, e você está prestes a entrar no mundo das corridas de F-ZERO Grand Prix de ultra-alta velocidade, que acontecem em circuitos construídos para esse fim em todo o universo. Assuma o controle de oito personagens diferentes - incluindo o misterioso Capitão Falcon, a nova estrela do automobilismo Rick Wheeler e o malvado Sr. Black Shadow - enquanto você corre por uma história cheia de ação que abrange vários planetas!
F-Zero - Maximum Velocity (USA, Europe)	Todos os limites de velocidade galáctica estão prestes a ser destruídos! O F-Zero Maximum Velocity chegou e o futuro das corridas está no seu auge. Novos veículos e novas músicas originais esperam por você, então, seja você um veterano do Super Nintendo ou um novato em corridas, você precisará de algumas voltas de prática com certeza. Além disso, mesmo que você consiga dominar o Grand Prix, ainda terá que vencer seus amigos, porque com o cabo do Game Boy Advance Link você pode competir com até três rivais humanos. Acerte o chão correndo e prepare-se para pular, bater e turbinar seu caminho para a glória intergaláctica.
F1 2002 (USA, Europe)	Todos os limites de velocidade galáctica estão prestes a ser destruídos! O F-Zero Maximum Velocity chegou e o futuro das corridas está no seu auge. Novos veículos e novas músicas originais esperam por você, então, seja você um veterano do Super Nintendo ou um novato em corridas, você precisará de algumas voltas de prática com certeza. Além disso, mesmo que você consiga dominar o Grand Prix, ainda terá que vencer seus amigos, porque com o cabo do Game Boy Advance Link você pode competir com até três rivais humanos. Acerte o chão correndo e prepare-se para pular, bater e turbinar seu caminho para a glória intergaláctica.
Famicom Mini 12 - Clu Clu Land (Japan)	Um jogo de quebra-cabeça único, no qual você joga um peixe como criatura, que deve explorar os muitos campos de jogo coletando barras de ouro que formam uma imagem. Os inimigos estão espalhados pelo campo, que você pode explodir com uma onda de energia, removendo-os por um curto período de tempo do jogo. Você também precisa se agarrar aos postes e paredes para se transformar em espaços vazios no campo, adicionando um elemento de tempo ao jogo.
Famicom Mini 13 - Balloon Fight (Japan)	Em Balloon Fight você precisa voar com o auxílio de dois balões e tentar estourar os balões dos seus oponentes antes deles estourarem os seus. Quando todos os balões de um oponente forem estourados, um para-quedas se abrirá para que ele pouse em segurança. Nesse momento você precisa derrotá-lo caindo diretamente sobre ele antes que ele possa encher um novo balão e voltar à batalha. Se ambos os seus balões forem estourados, você cairá na água abaixo e perderá uma vida. Há também uma segunda variação de jogo chamada &quot;Balloon Trip&quot;, onde você precisa coletar tantos balões quanto possível, evitando cair no oceano e desviando de labirintos de raios.
Famicom Mini 16 - Dig Dug (Japan)	Em Dig Dug, faça uma guerra subterrânea com o seu arpão de confiança! Vai precisar de derrotar o duro Pooka e o feroz Fygar para avançar para o próximo nível. Rebenta com os teus inimigos para que eles rebentem ou atirem pedras sobre eles! Receberá pontos por se livrar deles ou por recolher itens de bónus. Este jogo clássico é tanto um jogo de acção arcade da velha escola como um jogo de estratégia. Atraia os seus inimigos para onde quer que eles estejam e esmague-os com as rochas!
Family Feud (USA)	Esta versão interativa possui todos os elementos clássicos que fizeram do programa um sucesso por mais de três décadas, desde as perguntas de pesquisa peculiares até as rodadas de Dinheiro Rápido e, claro, conta com a voz e a imagem do seu apresentador de programa de jogos favorito!
Fantastic 4 (USA)	O jogo Fantastic 4 segue apenas a base da história do filme de 2005, mas acrescenta muitos elementos dos quadrinhos, especialmente novos vilões como Toupeira, Mestre dos Bonecos e Diablo, além de Doutor Destino. A jogabilidade foca em controlar os quatro heróis em batalhas contra diversos inimigos, cumprindo objetivos de missão que geralmente envolvem derrotar adversários. Os jogadores ganham pontos ao vencer lutas, podendo usá-los para desbloquear golpes especiais e conteúdos extras. Há também um modo cooperativo, criado pela Seven Studios, que permite jogar a campanha principal com um segundo jogador.
Fantastic 4 - Flame On (USA)	Você é o Tocha Humana! Liberte seus poderes enquanto enfrenta inimigos ao redor do mundo nesta aventura inédita do Quarteto Fantástico.
FIFA Soccer 06 (USA, Europe) (En,Fr,De,Es,It,Nl)	A EA Sports leva os jogadores de volta ao campo com FIFA SOCCER 06 para Game Boy Advance. Apresentando quase todos os times de futebol existentes e centenas de jogadores, além de ajustes no jogo e várias novas adições. Os jogadores notarão primeiro as pequenas mudanças no controle de suas equipes. Os controles de passe e drible foram ajustados, permitindo aos jogadores controlar quase todos os aspectos do jogo. Cada jogador tem uma classificação de força que entra em vigor ao passar, assim como a quantidade de peso que os jogadores colocam no chute. Um novo método de disparo, denominado medidor de tiro otimizado, também requer mais controle e atenção. Todos esses detalhes realistas fazem com que os jogadores sintam que estão realmente no jogo e no controle de tudo. O modo Manager agora exige que os jogadores mantenham os orçamentos de seus clubes e cuidem das compras.
FIFA Soccer 07 (USA, Europe) (En,Fr,De,Es)	Com o FIFA 07 no GBA, descubra uma versão mais realista que as anteriores para um jogo um pouco mais voltado para a simulação. Encontre seis ligas, 177 clubes, 37 seleções e todos os jogadores licenciados. Jogue o modo carreira que permite desenvolver um único jogador ao longo de toda a sua vida esportiva. As alegrias do futebol e crampons são suas!
FIFA Soccer 2003 (USA, Europe) (En,Fr,De,Es,It)	FIFA Football 2003 é um jogo de esportes lançado para o Gameboy Advance. Se o futebol é a sua paixão, você ficará encantado em poder participar de 16 grandes torneios oficiais internacionais diferentes, selecionando um dos 350 times reais.
FIFA Soccer 2004 (USA, Europe) (En,Fr,De,Es,It)	O FIFA Soccer eleva seu jogo ainda mais com o novo jogo, FIFA Soccer 2004. A ação deste ano apresenta níveis mais avançados de detalhes e capacidade de resposta dos jogadores. Jogue como um dos melhores jogadores de 16 ligas e 350 times, das superligas da Europa às Américas. Além disso, um novo Modo Carreira dá a você a chance de escolher um time das divisões inferiores, lutar pelas classificações, contratar novos jogadores e transformá-los em campeões. Com atmosferas envolventes, realismo total com os principais clubes do mundo e jogabilidade aprimorada, o FIFA Soccer 2004 busca atingir os objetivos dos fãs de futebol.
FIFA Soccer 2005 (USA, Europe) (En,Fr,De,Es,It,Nl)	Lançado apenas alguns meses após a Euro 2004, FIFA 2005 traz vários recursos para a franquia, como o retorno de uma ferramenta de criação de jogadores, onde um jogador pode ser criado do zero: o rosto (embora não seja possível definir a textura como em jogos anteriores da EA Sports, como o NHL 2000, o jogador pode personalizar os recursos faciais, como formato dos olhos ou das bochechas, de maneira semelhante aos RPGs, como Neverwinter Nights), acessórios e habilidades de jogo. Também é possível criar todos os tipos de competições. O modo Carreira também foi estendido, permitindo agora até 15 temporadas e dando ao jogador a chance de mudar a maré de uma partida simulada a qualquer momento. Este é um modo administrativo &quot;leve&quot;, onde o jogador não apenas joga, mas também assina com novos jogadores e aumenta as habilidades do clube com treinadores, equipe médica e outra equipes para o clube.
FightBox (Europe)	Fightbox é um jogo de luta e ação baseado no programa de televisão da BBC. O título permite que o jogador crie e personalize seu próprio guerreiro digital, conhecido como &quot;Sentient&quot;, para competir em uma série de desafios de arena. As mecânicas fundamentais envolvem o gerenciamento de pontos de atributo e a seleção de armas e habilidades específicas para o combate. O objetivo principal é superar oponentes em duelos diretos e vencer minijogos de habilidade para progredir no torneio e enfrentar os &quot;Revolutionaries&quot;, os chefes de elite do programa. A jogabilidade foca na estratégia de customização e no domínio dos controles de combate em tempo real.
FILA Decathlon (Europe) (En,Fr,De,Es,It,Sv)	10 provas. 2 dedos. Um objetivo. Você é o maior atleta de bolso do mundo? Fifa Decathlon coloca seus dedos à prova no teste definitivo de proeza atlética no Game Boy Advance. 10 provas testam velocidade, força e resistência para ver se você tem o que é preciso para vencer - para ser o maior atleta do mundo. Este é um jogo clássico aprimorado e atualizado para a geração Advance. Gráficos impressionantes e animações incrivelmente realistas se combinam com uma jogabilidade envolvente para dar a este clássico uma vantagem ainda maior.
Final Fantasy I & II - Dawn of Souls (USA)	&quot;Final Fantasy 1 and 2 - Dawn of Souls&quot; é um jogo para Game Boy Advance que apresenta duas das primeiras edições da série Final Fantasy, remasterizados com gráficos atualizados e novos recursos de jogabilidade. O primeiro jogo segue um grupo de guerreiros que devem lutar contra o malvado Chaos para restaurar a paz no mundo de Fantasia. Os jogadores devem explorar masmorras, coletar equipamentos e magias poderosas e derrotar inimigos em batalhas baseadas em turnos para progredir na história. Já o segundo jogo segue um grupo de rebeldes que lutam contra o Império de Palamecia para salvar o mundo de uma praga mortal. Os jogadores podem criar e personalizar seus próprios personagens, coletar itens poderosos e evoluir suas habilidades em um sistema de níveis avançado. O jogo apresenta novos recursos adicionais, como novos calabouços, chefes desafiadores, cenas adicionais de história e uma galeria de arte.
Final Fantasy IV Advance (USA)	Final Fantasy IV Advance é um remake do clássico RPG lançado originalmente em 1991 para o Super Nintendo. O jogo foi desenvolvido pela Square Enix e lançado em 2005 para o Game Boy Advance. A história segue o cavaleiro das trevas Cecil, que questiona as ordens cruéis de seu rei. Ele é posteriormente exilado e começa uma jornada para reunir aliados e salvar o mundo de uma ameaça malévola. O jogo apresenta gráficos atualizados, trazendo novos visuais para os personagens e cenas cinemáticas melhoradas. Os combates são em turnos, permitindo ao jogador controlar uma equipe de personagens com habilidades e magias únicas. O jogo também apresenta novas dungeons e conteúdo adicional em relação à versão original. Final Fantasy IV Advance é considerado um clássico do gênero RPG e um dos jogos mais influentesdesuaépoca.
Final Fantasy Tactics Advance (USA)	Quando Marche e seus amigos abrem um antigo tomo mágico, sua pequena cidade é transformada em um reino recheado de fantasia conhecido como Ivalice. Guie Marche e seu clã contra inúmeros inimigos, e descubra as maravilhas de Ivalice. Construa seu grupo, domine abilidades e invocações, e aprenda combate tático para vencer em batalhas.
Final Fantasy V Advance (USA)	Os ventos falham. Os navios estão parados, incapazes de inflar suas velas. O mundo corre até o fim. A menos que um punhado de heróis possa proteger os cristais restantes, o mundo cairá em ruínas. Parta para uma grande aventura na melhor versão do FINAL FANTASY V já lançado!
Final Fantasy VI Advance (USA)	Final Fantasy VI Advance é um remake do clássico jogo de RPG japonês Final Fantasy VI, também conhecido como Final Fantasy III na América do Norte, lançado originalmente em 1994 para o Super Nintendo Entertainment System. Lançado para o Game Boy Advance em 2006, o jogo oferece gráficos atualizados e uma nova tradução, além de ajustes no sistema de batalha para melhorar a jogabilidade. O enredo segue um grupo de rebeldes que tentam impedir um império maligno de utilizar a força dos Espers, seres mágicos poderosos, para dominar o mundo. O jogo conta com uma grande variedade de personagens jogáveis, cada um com habilidades e histórias únicas, além de combates contra chefes desafiadores e exploração de diversas áreas do mundo do jogo.
Final Fight One (USA)	Nos anos 90, Metro City está repleta de crime e violência. Recentemente eleito presidente da câmara, o antigo lutador profissional Mike Haggar está determinado a eliminar os bandos que estão a trazer o terror à sua cidade. Haggar não se impressiona tão facilmente, por isso contacta o namorado de Jessica, Cody e Guy, ambos com experiência em artes marciais e lutas de rua. Os três homens decidem tomar a lei nas suas próprias mãos, e dirigem-se para a barriga inferior de Metro City em busca de Jessica. Passam por seis níveis mais dois níveis de bónus e recolhem armas para derrotar os chefes que concluem cada fase. Esta versão inclui dois caracteres ocultos em falta no título original.
Finding Nemo (USA, Europe)	No seu primeiro dia de escola, Nemo desobedece seu pai e se aventura além do recife para tocar o fundo de um barco. Isso irrita Marlin, e inicia uma discussão na frente dos colegas de classe de Nemo. Para o horror do seu pai, Nemo é capturado por um mergulhador. Marlin tenta salvar Nemo mas é cegado pelo flash da câmera de outro mergulhador. O barco desaparece na distância.
Finding Nemo - The Continuing Adventures (USA, Europe)	Finding Nemo: The Continuing Adventures acompanha os membros da Tank Gang depois que eles escapam do consultório do dentista. Agora cabe a você guiá-los para seus novos lares com a ajuda de Nemo, Dory, Marlin, Bruce, Crush e Squirt. Ao longo do caminho, você revisitará personagens e locais familiares do filme de animação Finding Nemo. Disponível apenas no Game Boy Advance, The Continuing Adventures inclui 22 jogos diferentes.
Fire Emblem (USA, Australia)	Depois de séculos de paz, rivalidades latentes ameaçam incendiar o mundo nas chamas da batalha! Os tambores da guerra tocam, casas nobres tramam traição, aliados se tornam inimigos e, enquanto Lycia se prepara para a guerra, uma figura sombria manipula impérios para seus próprios fins. Agora, Lyn, Eliwood e Hector devem reunir um exército forte o suficiente para combater as forças que destruiriam a sua terra natal. Domine táticas de batalha para apagar as brasas antes que elas queimem o mundo até virar cinzas.
Fire Emblem - Fuuin no Tsurugi (Japan)	Fire Emblem: Fūin no Tsurugi é o sexto jogo da franquia Fire Emblem, o primeiro título produzido para o sistema e o primeiro a aparecer em um portátil. É um RPG tático de turnos no qual os jogadores movem um pequeno grupo de unidades em um grid de batalha modular, lutando contra seus inimigos para completar um determinado objetivo predefinido. É uma reminiscência de outros RPGs táticos com recursos como classes de personagens e capacidade de subir de nível.
Fire Emblem - The Sacred Stones (USA, Australia)	&quot;Fire Emblem - The Sacred Stones&quot; é um jogo de estratégia em turnos lançado para Game Boy Advance em 2004. É o oitavo jogo da série &quot;Fire Emblem&quot; e apresenta gráficos 2D com sprites animados.
Fire Pro Wrestling (USA, Europe)	Fire Pro Wrestling apresenta um simulador de luta livre focado em timing e precisão técnica em vez de esmagamento de botões. O jogo coloca você no controle de uma vasta seleção de lutadores inspirados em ícones reais do Puroresu e da luta ocidental. As mecânicas centrais envolvem um sistema de grapple automático, onde o jogador deve pressionar o comando no momento exato do impacto para executar manobras. Estão disponíveis diversos modos, como Circuit, Tournament, Battle Royal e o violento Deathmatch com arame farpado. O título é reconhecido pelo seu robusto sistema de Edit Mode, permitindo a criação e personalização profunda de personagens, movimentos e atributos lógicos da IA.
Fire Pro Wrestling 2 (USA)	Prepare-se para a luta! Fire Pro Wrestling 2 traz uma experiência completa de wrestling portátil, com ação detalhada e mais de 200 lutadores disponíveis para escolher. Além disso, você pode criar seus próprios personagens e salvar suas criações para montar o elenco dos seus sonhos. O jogo oferece grande liberdade de personalização, permitindo ajustar cada detalhe da aparência e estilo de luta, com mais de 1.200 golpes e técnicas disponíveis. Domine diferentes estratégias e leve seus lutadores à vitória em diversos modos, como Normal, Deathmatch, Bruesome e Battle Royal. Treine no dojo para aperfeiçoar golpes, agarramentos, corridas e ataques contra oponentes caídos. E mais: conecte até quatro Game Boy Advances para batalhas multiplayer, formação de equipes ou troca de lutadores. Perfeito para fãs de luta livre que buscam profundidade, personalização e muita ação!
Flintstones, The - Big Trouble in Bedrock (USA)	Barney virou história antiga, a menos que Fred consiga salvá-lo do vilão mais sinistro da Idade da Pedra: Dr. Sinister! É um mundo pré-histórico cheio de perigos, onde encontrar seu melhor amigo pode ser a aventura mais divertida que você já teve! Você é a estrela do show! Os personagens dos Flintstones e a clássica ação de desenho animado fazem você se sentir como um verdadeiro membro da família da Idade da Pedra moderna. Corra, pule, dê golpes de karatê e use o double jump para superar os perigos!
Ford Racing 3 (USA)	Ford Racing 3 apresenta uma ampla seleção de veículos Ford, desde clássicos como o Model T até carros de rua modernos e veículos-conceito. Você pode desfrutar de vários modos de jogo em diversas pistas, desbloqueando veículos bônus e novos percursos. O modo Ford Competition, com seus desafios exclusivos, adiciona ainda mais diversão e variedade à jogabilidade.
Fortress (USA, Europe)	Fortress é um jogo de estratégia e quebra-cabeça que mistura a construção de fortalezas com ação de batalha, inspirado em clássicos como Tetris e Rampart, onde você usa peças que caem para construir sua base enquanto ataca o inimigo com armas, em diferentes eras como pré-história, piratas e espaço, visando destruir o castelo adversário antes que ele destrua o seu, jogando sozinho ou com um amigo via Link Cable.
Foster's Home for Imaginary Friends (USA)	Foster's Home for Imaging Friends é baseado na série animada homónima do Cartoon Network, criada por Craig McCracken (que também é o criador das Powepuff Girls). O jogo apresenta o algo tímido Mac e o seu amigo imaginário, Bloo (Blooregard Q. Kazoo). O jogo é inspirado em episódios memoráveis da série de sucesso do Cartoon Network e permite aos fãs controlar Mac e Bloo enquanto resolvem desafios excêntricos e cumprem objectivos de missão. A acção decorre dentro e à volta de Foster's Home for Imaginary Friends e conta com muitas das personagens emblemáticas da série, incluindo Wilt, Eduardo, Coco e muitas outras.
Franklin the Turtle (USA) (En,Fr,De,Es,It,Sv,No,Da,Fi)	Igual a qualquer outro dia para Franklin, ele vai para a escola, ajuda os seus pais em casa, e claro, brinca com seus amigos. Ajude o Franklin e os seus amigos nesta viagem cheia de aventuras, educativa e emocionante, enquanto se divertem juntos.
Freekstyle (USA)	Você estava esperando por isso e agora chegou: FreekStyle, a experiência definitiva de motocross freestyle sem limites. A EA SPORTS BIG traz o motocross como você nunca viu, desafiando até os melhores pilotos a acelerarem ao máximo enquanto executam as manobras mais insanas em pistas incríveis. FreekStyle não se trata apenas de ser o piloto mais rápido; trata-se de ser absolutamente destemido. Backflips, Tsunamis e Mulisha Airs: você pode fazer tudo isso contra os pilotos de motocross mais insanos do mundo.
Frogger Advance - The Great Quest (USA)	O objetivo do jogo é guiar Frogger através do Terceiro Reino, repleto de criaturas malignas e insetos, em busca da princesa dos seus sonhos. O jogo oferece diversas interações com o usuário, fornecendo dicas e sugestões sobre como completar cada fase.
Frogger's Adventures - Temple of the Frog (USA) (En,Fr,De,Es,It)	O Pântano das Luzes Vivas está morrendo e os sapos do Conselho dos Anciãos pediram ao Frogger para salvá-lo! Para fazer isso, Frogger deve embarcar em uma árdua jornada para coletar os elementos sagrados necessários para manter o pântano vivo. Esses elementos foram roubados pelo malvado Sr. D e foram espalhados por quatro mundos perigosos. Frogger deve viajar para cada mundo, recuperar os elementos roubados e derrotar os malvados capangas do Sr. D. Então, e somente então, ele poderá entrar no Templo do Sapo para enfrentar o traiçoeiro Sr. D.
Frogger's Adventures 2 - The Lost Wand (USA) (En,Es)	Vá além do lago! Junte-se ao Frogger em uma jornada divertida enquanto ele pula por cinco ilhas encantadas em busca dos pedaços de uma varinha mágica. - Visite 5 ilhas encantadas - Mais de 20 inimigos para evitar - Modo de corrida multijogador
Gachasute! Dino Device 2 - Dragon (Japan)	Em um futuro próximo cheio de inovações tecnológicas, você controla e luta pelo jogo com &quot;Dyna&quot;. Com cerca de 500 diferentes &quot;Dispositivos&quot;, itens especiais de mod, você pode personalizar e aprimorar Dyna ao seu gosto para desenvolver habilidades e estratégias únicas.
Gachasute! Dino Device 2 - Phoenix (Japan)	Lute com &quot;Dyna&quot;, um brinquedo futurista, sob seu controle. Combine os aproximadamente 500 tipos diferentes de &quot;dispositivos&quot; para aprimorar a Dinah ao seu gosto.
Gadget Racers (USA)	Você assume o controle de pequenos carrinhos de brinquedo caricatos baseados na famosa linha japonesa Choro Q. O objetivo central é competir em campeonatos em circuitos fechados repletos de curvas fechadas e variações climáticas (como gelo, chuva e areia). Ao vencer as corridas nas classes iniciais, você ganha dinheiro para comprar novos chassis e peças. O grande diferencial é o sistema de &quot;canibalização&quot; de componentes: ao derrotar seus oponentes na pista, você pode roubar as peças e armas do veículo deles para equipar no seu próprio carro ou sabotar os rivais nas próximas corridas.
Galidor - Defenders of the Outer Dimension (USA) (En,Fr,De,Es,It,Nl,Sv,Da)	Assumindo o papel do herói Nick Bluetooth — diretamente da série de sucesso da Fox Kids, GALIDORT™: Defensores da Dimensão Exterior — os jogadores se encontram em uma Dimensão Exterior em uma missão repleta de ação para libertar amigos que caíram nas garras do tirano maligno Gorm. Com o objetivo final de encontrar o portal para GALIDORT™ e livrar a Dimensão Exterior de seu governante perverso, Nick enfrenta muitos desafios e criaturas ameaçadoras ao longo do caminho. Armado com a incrível habilidade de &quot;brilhar&quot; ou absorver os atributos dos inimigos que derrota, Nick pode voar, pular, usar ganchos e navegar por suas aventuras.
Garfield - The Search for Pooky (USA) (En,Fr,De,Es,It)	Gareld perdeu seu Pooky Bear favorito... Jovens jogadores devem ajudar Gareld em sua busca por Pooky. O jogo leva Gareld por seus locais mais conhecidos, interagindo com seus personagens favoritos, como Jon, Odie e Arlene, para citar alguns. Nenhuma história de gato estaria completa sem os encontros habituais como: cachorros, ratos, aranhas e restos de comida. Fiel ao seu personagem, Gareld não resiste a comer o máximo possível durante o jogo, mas comida igual a energia e energia permitem que esse gato gordo execute movimentos extraordinários ao longo de suas aventuras no jogo. Ao mesmo tempo, todo tipo de obstáculo terá que ser evitado, como aranhas que tecem teias, Odie feliz correndo em direção ao Gareld, comida estragada, crianças irritantes, pit-bulls irritados e mais.
Garfield and His Nine Lives (USA) (En,Fr,Es)	Depois de comer outra refeição enorme, Garfield está pronto para uma longa soneca com a barriga cheia. Ao adormecer, ele começa a ter sonhos muito estranhos como resultado de ter comido demais antes da soneca. Cada sonho é mais louco do que o anterior. O objetivo do jogador é ajudar Garfield nessa aventura de pesadelo, guiando-o com segurança por cada uma das suas nove vidas.
Gauntlet - Dark Legacy (USA)	Seguindo as tradições consagradas do gênero inspiradas em arcade e consoles, Gauntlet Dark Legacy coloca os jogadores em um mundo amplo e imersivo onde até quatro jogadores podem embarcar em uma aventura hack n slash. Usando oito personagens, que vão desde Guerreiros (sabe, do tipo que PRECISA DE COMIDA) até Magos, o jogo permite que os jogadores destruam quase tudo que se mova com uma grande variedade de armas e magia devastadora.
Gekido Advance - Kintaro's Revenge (USA)	Gekido Advance: Kintaro's Revenge é um jogo de beat-up para o Game Boy Advance, criado pelo estúdio italiano NAPS Team. É uma sequencia do jogo Gekido para o PlayStation. Ao contrário da versão anterior, este jogo centra-se em um protagonista, em vez de vários personagens, como visto em Gekido. O jogo se concentra em Tetsuo, que retornou à casa de seu sensei apenas para ser despachado para uma remota vila agrícola, onde parece que os mortos se levantam do túmulo. Após uma investigação mais aprofundada, Tetsuo descobre que a vila tem tido acontecimentos estranhos desde que o antigo templo foi invadido por demônios.
Gem Smashers (USA)	Gem Smashers é um jogo de ação e quebra-cabeça onde o objetivo é libertar animais presos destruindo gemas coloridas. Os jogadores controlam uma de três criaturas pré-históricas em sua missão para eliminar gemas da mesma cor antes que o tempo acabe. Mas antes de destruir as gemas, os jogadores precisam transformar seu personagem na cor apropriada, encontrando o power-up correto. Só então poderão eliminar todas as gemas e descobrir a saída secreta por onde os animais aprisionados podem escapar. Os modos de jogo incluem História, Arcade e Batalha Versus, com três variantes adicionais desbloqueadas durante o jogo.
Ghost Rider (USA, Europe) (En,Fr,De,Es,It,Nl)	Nessa sequência do filme, Mephisto recorre a Johnny Blaze (o Ghost Rider) para impedir o plano de reviver Blackheart (filho de Mephisto) na Terra, o que poderia causar o Apocalipse. Isso porque violaria a regra imposta pelos Anjos de proibir a presença de demônios na Terra, podendo levar Mephisto a perder o controle do Inferno. Apesar de ir contra a vontade de Mephisto, o Ghost Rider concorda em impedir o plano, mas apenas para salvar a mulher que ama, Roxanne Simpson. Como Ghost Rider, o jogador deve deter esse plano enfrentando diversos demônios a pé na Terra, utilizando ataques com punhos e a corrente do Inferno que podem ser aprimorados. Além disso, o jogador precisará percorrer quilômetros na Motoqueiro Fantasma, eliminando demônios em seus diferentes meios de transporte com a corrente do Inferno e bolas de fogo.
Go! Go! Beckham! - Adventure on Soccer Island (Europe) (En,Fr,De,Es,It)	Go! Go! Beckham! Adventure on Soccer Island é um jogo de ação, desenvolvido pela Denki e publicado pela Rage Software, lançado na Europa em 2002.
Godzilla - Domination! (USA)	Seis monstros lutam através de sete lugares destrutivos numa tentativa de provar a si mesmos como o maior monstro que já andou pela terra. Cada monstro possui um kit pessoal de socos, chutes e movimentos especiais para dominar a competição. Os recursos do jogo incluem 7 monstros cada um com sua própria arena e movimentos especiais, poderes e armas reveladas ao destruir prédios, cinco diferentes modos incluindo modo link para jogar contra quatro amigos, e batalhas customizadas para estilos ilimitados de jogo.
Golden Nugget Casino (USA, Europe)	Experimente a emoção de apostar alto no Golden Nugget Casino com jogos clássicos como Blackjack, Craps e Roleta, além de Caça-níqueis e Video Pôquer. Quando estiver ™com dificuldades, visite o caixa eletrônico e depois visite as mesas para mais ação. Com o Golden Nugget Casino, você pode ser um grande apostador e deixar sua carteira em casa. Domine uma variedade de jogos de cartas e de mesa, além de caça-níqueis e vídeo pôquer, e puxe a alavanca em jogos de caça-níqueis, incluindo Halloween, Spooky e Wild West. Desafie a si mesmo em jogos de vídeo pôquer como Deuces Wild, Jokerâ€™s Wild, Jacks ou Better e Tens or Better. Peça um empréstimo do caixa de até $2.000 por vez, até um máximo de $10.000. O sistema de senhas permite que você digite uma senha e retome o jogo com o saldo da conta bancária já salvo.
Golden Sun (USA, Europe)	O mal está lentamente se alastrando pelo mundo. Forças das trevas perseguem a arte perdida da Alquimia e, à medida que se aproximam de seus propósitos malignos, a humanidade fica por um fio. Você e seus companheiros são a última esperança: armados com armas nobres, Psynergy mágica e uma horda de criaturas elementais, vocês devem encontrar uma maneira de conter a maré do mal.
Golden Sun - The Lost Age (USA, Europe)	A história de Golden Sun: The Lost Age começa bem perto do final do primeiro jogo. Os veteranos do Golden Sun ficarão surpresos ao saber que The Lost Age é jogado do ponto de vista do grupo que está sendo perseguido enquanto tentam acender os dois faróis restantes. Conseguirão desbloquear o poder da alquimia para o mundo - ou, em vez disso, será desbloqueado a destruição mundial?
Grand Theft Auto (USA)	Grand Theft Auto Advance é um jogo eletrônico para Game Boy Advance, sendo o oitavo jogo da série Grand Theft Auto, que foi desenvolvido pela Digital Eclipse, publicado pela Rockstar Games, e lançado em 25 de outubro de 2004. O jogo volta a ser visto por cima, o mesmo angulo de visão usado nos dois primeiros jogos da série (GTA e GTA 2), mas as missões extras baseadas em veículos (como as de &quot;Polícia&quot; e &quot;Paramédicos&quot;), o radar mostrando o mapa, e a grande maioria das armas, inicialmente introduzidas nos jogos de terceira dimensão (Vice City, por exemplo) foram incluídas nesse jogo. Diferentemente dos outros jogos da série vistos por cima, os veículos podem agora virar parados.
Gremlins - Stripe vs Gizmo (USA)	Na história de Gizmo, o fofo Mogwai precisa previnir Stripe de arruinar o natal para Kingston Falls resgatando todos os presentes que Stripe roubou. Gizmo usa uma lanterna para matar gremlins após rolar como uma bola e os enfraquecer. Ele também deve destruir todos os gremlins que atravessam seu caminho. Na história de Stripe, ele cria um esquema para destruir seu inimigo mortal Gizmo e mogwais. Se jogando como Gizmo, todos os inimigos são gremlins genéricos. Se jogando como Stripe, ao invés disso o jogador enfrentará mogwais.
Grim Adventures of Billy & Mandy, The (USA)	As Terríveis Aventuras de Billy e Mandy coloca os personagens da popular série de televisão do Cartoon Network uns contra os outros em um jogo de aventura/luta, repleto de caos e confusão. No Modo Batalha, os jogadores podem usar uma variedade de armas em arenas destrutíveis como o Deserto da Perdição e o Submundo. Os jogadores também têm a opção de jogar sozinhos ou com um amigo no Modo Aventura, uma série de missões com história onde podem desbloquear novas armas e novos personagens jogáveis.
GT Advance - Championship Racing (USA, Europe)	Uma simulação de corrida usando veículos do &quot;mundo real&quot;, na maioria modelos japoneses, similar a série Gran Turismo no PlayStation. Jogadores começam com um único veículo selecionado de uma série de modelos relativamente padrão, este carro é registrado em uma série de corridas com prêmios em dinheiro que pode ser usado para comprar veículos adicionais ou melhorar um existente.
GT Advance 2 - Rally Racing (USA)	Em GT Advance 2: Rally Racing, você assume o volante dos carros de rali mais poderosos do mundo em uma jornada global em busca do campeonato. Sinta a adrenalina de cada curva enquanto você desliza por pistas desafiadoras, pula obstáculos e enfrenta condições climáticas extremas. Características: Autenticação: Carros e ambientes são fielmente representados, proporcionando uma experiência de rali autêntica. Diversidade: Escolha entre 15 carros de marcas japonesas renomadas como Subaru, Suzuki e Mitsubishi. Personalização: Afine seu carro para se adaptar ao seu estilo de pilotagem e às exigências de cada pista.
Guilty Gear X - Advance Edition (USA)	Em Guilty Gear X Advance Edition, a Capcom te joga de cabeça no mundo de Guilty Gear, com todos os seus personagens carismáticos e combates frenéticos. Imagine ter Sol Badguy, Ky Kiske e muitos outros lutadores lendários na palma da sua mão, prontos para distribuir socos e chutes em qualquer lugar! Mas não se engane: mesmo em um portátil, a porrada é de verdade! Com combos alucinantes, especiais devastadores e uma trilha sonora que te coloca pra cima, você vai se sentir em um arcade de verdade.
Gumby vs. the Astrobots (USA)	O Professor Kapp inventou acidentalmente uma máquina capaz de controlar os amigos de Gumby, os Astrobots. Mas, poucos minutos após a criação, a invenção é roubada pelos travessos Blockheads! Quem sabe que tipo de confusão eles vão aprontar com isso? Gumby vs. the Astrobots é um jogo de plataforma lateral onde você assume o papel de Gumby. Explore diferentes livros para resgatar seus amigos Pokey, Prickle e Goo, que foram sequestrados. Gumby pode usar suas habilidades de metamorfose para se transformar em uma bola de argila, um carrinho de mineração, um helicóptero e muito mais. Em cada mundo, você deve coletar sorvetes, o petisco favorito de Gumby.
Gunstar Super Heroes (USA)	Seus inimigos pretendem usar um cristal poderoso para ressuscitar o devastador Deus da Ruína e cabe aos Heróis Gunstar, Azul e Vermelho, detê-los! Desenvolvido pela desenvolvedora aclamado pela crítica, Treasure, este jogo de ação em ritmo acelerado levará seu Game Boy Advance ao limite! - Abra caminho através de seis níveis intensos e derrote um império do mal - Escolha seu herói: jogue como Vermelho ou Azul para combater inimigos poderosos e chefes gigantescos - Visuais incríveis criam uma experiência de jogo inesquecível.
Hamtaro - Ham-Ham Games (Japan, USA) (En,Ja)	Teste suas habilidades atléticas com Hamtaro e seus amigos Ham-Ham enquanto competem nos Jogos Ham-Ham de 2004. Você deve guiar diferentes Ham-Hams à vitória em 15 modalidades esportivas, incluindo arco e flecha, corrida, vela, natação e muito mais. Torça pelos seus personagens favoritos de Hamtaro enquanto eles enfrentam novos Ham-Hams, como os piratas do Time Seaham. Além disso, com o cabo Game Link para Game Boy Advance, você pode trocar estatísticas e fantasias colecionáveis ​​com seus amigos.
Hamtaro - Ham-Ham Heartbreak (USA)	Todos os hamsters estão brigando, e não é de admirar por quê! Spat, um encrenqueiro intrometido, está contando mentiras e causando sofrimento em todos os lugares. Cabe a Hamtaro e sua melhor amiga Bijou seguir Spat, parar com as brigas e fazer com que todos voltem a conversar.
Hamtaro - Rainbow Rescue (Europe) (En,Fr,De,Es,It)	Um dia, enquanto brincava ao ar livre, Bijou testemunha um grande arco-íris. O arco-íris desaparece e o Príncipe Bo cai no chão. O Príncipe afirma que pode fazer arco-íris usando seu guarda-chuva. Ele tenta provar isso para o descrente Stan e o resto dos Ham-Hams, mas percebe tarde demais que as cores de seu guarda-chuva sumiram. E assim, Hamtaro e seus amigos Ham-Ham devem partir em uma jornada para coletar coisas da cor adequada para o Príncipe Bo usar em seu guarda-chuva para que ele possa criar um arco-íris para voltar para casa.
Happy Feet (USA) (En,Fr)	Entre na pele de um pinguim com pés muito felizes neste jogo baseado no filme de animação Happy Feet. Mumble é um jovem pinguim. Ele nasceu em um bando de Pinguins do Império, que são ótimos cantores. Cada pinguim precisa de uma Canção do Coração para atrair sua alma gêmea. Mumble, no entanto, é provavelmente o pior cantor do mundo. A única coisa que ele sabe fazer, e faz muito bem, é sapatear. Cante e dance pelo mundo dos pinguins enquanto interage com os amigos e inimigos de Mumble. Não perca a esperança de que, em algum lugar no Ártico congelante, você encontrará a canção que aquecerá o coração de alguém!
Hardcore Pool (Europe) (En,De,Es,It)	Neste jogo de bilhar, todos os ângulos são cruciais para a vitória. Apresenta física realista da bola e da mesa, gráficos renderizados em 3D, 8 personagens jogáveis ​​e 5 modos de jogo: Arcade, Torneio, Bola 8, Bola 9 e Desafio Contra o Tempo. Cancelado antes do lançamento (EUA).
Harlem Globetrotters - World Tour (USA)	Harlem Globetrotters - World Tour coloca você na pele dos jogadores da equipe de basquete mais famosa do mundo em uma turnê global. Diferente de um simulador tradicional, o foco aqui é o entretenimento e a habilidade técnica extrema. O objetivo é vencer partidas de 2 contra 2 contra diversas equipes internacionais, utilizando um vasto repertório de enterradas acrobáticas, passes impossíveis e dribles que deixam os adversários zonzos. Conforme você progride pela turnê mundial, desbloqueia novos itens e melhora os atributos do seu time. No Game Boy Advance, o jogo utiliza uma visão isométrica colorida que destaca as animações fluidas das jogadas ensaiadas que tornaram os Globetrotters um ícone da cultura esportiva.
Harobots - Robo Hero Battling!! (Japan)	Beans: Robo Hero Battling!! é um jogo de RPG de ação para Game Boy Advance no qual você controla Haro, um robô de combate da série Gundam. Você pode aprimorá-lo e fazê-lo lutar contra outros robôs.
Harry Potter - Quidditch World Cup (USA, Europe) (En,Fr,De,Es,It,Nl,Da)	Adaptação portátil do jogo de esportes de fantasia da Electronic Arts. Leve qualquer uma das Casas de Hogwarts para triunfar na Copa de Quadribol de Hogwarts e depois use suas novas habilidades para levar seu país à vitória na Copa Mundial de Quadribol. Os jogadores podem escolher entre nove times internacionais de Quadribol, cada um com seu próprio estilo de jogo distinto: EUA, Inglaterra, França, Alemanha, Seleção Nórdica, Espanha, Austrália e Bulgária com Viktor Krum. Os proprietários de GBA podem experimentar o primeiro jogo multijogador de Harry Potter para a plataforma. Conecte-se para enfrentar seus amigos em uma ação mágica, rápida e emocionante para dois jogadores.
Harry Potter and the Chamber of Secrets (USA, Europe) (En,Fr,De,Es,It,Nl,Pt,Sv,No,Da)	O jogo para Game Boy Advance, baseado no segundo livro e filme de Harry Potter, é uma aventura de ação como seu antecessor, desta vez com uma perspectiva isométrica. Coisas ruins acontecem no segundo ano de Harry em Hogwarts. A antiga Câmara Secreta foi aberta e o que se esconde lá dentro é o ataque aos alunos. Para sobreviver a essa provação (e avançar no enredo), Harry deve novamente completar vários desafios. Estes consistem principalmente em navegar em grandes labirintos - lutar contra monstros, resolver quebra-cabeças, acionar interruptores e pressionar botões para abrir portas.
Harry Potter and the Goblet of Fire (USA, Europe) (En,Fr,De,Es,It,Nl,Da)	Harry, Ron e Hermione estão de volta em Harry Potter e o Cálice de Fogo - um jogo baseado em J.K. O quarto livro de Rowling. O jogo segue Harry, o mago em treinamento, enquanto ele enfrenta um dragão cuspidor de fogo, resgata amigos das profundezas geladas do Lago Negro e navega pelos corredores tortuosos de um labirinto. Como Harry, Ron ou Hermione, você pode lançar uma variedade de feitiços nos modos de jogador único e cooperativo.
Harry Potter and the Order of the Phoenix (USA, Europe) (En,Fr,De,Es,It,Nl,Da)	Em &quot;Harry Potter e a Ordem da Fênix&quot;, Harry retorna para seu quinto ano de estudos em Hogwarts e descobre que grande parte da comunidade bruxa nega o recente encontro do adolescente com o maligno Lord Voldemort. O Ministro da Magia decide implementar aulas de magia defensiva, mas isso deixa os jovens bruxos terrivelmente despreparados para se defenderem das forças das trevas que os ameaçam. Reunindo-se secretamente com um pequeno grupo de estudantes que se autodenominam &quot;A Armada de Dumbledore&quot;, Harry toma para si a tarefa de ensinar seu grupo de alunos como se defender das Artes das Trevas, preparando os corajosos jovens bruxos para a extraordinária batalha que os espera.
Harry Potter and the Prisoner of Azkaban (USA, Europe) (En,Fr,De,Es,It,Nl,Da)	Harry Potter and the Prisoner of Azkaban é um jogo para Game Boy Advance baseado no terceiro livro da série Harry Potter, escrito por J.K. Rowling. O jogo segue a história do livro, permitindo que os jogadores assumam o papel de Harry Potter e seus amigos, Ron Weasley e Hermione Granger, enquanto embarcam em aventuras mágicas pela Escola de Magia e Bruxaria de Hogwarts.
Harvest Moon - Friends of Mineral Town (USA)	Desenvolvido especialmente para GameBoy Advance, Harvest Moon: Friends of Mineral Town é um jogo eletrônico que traz novos itens, eventos, personagens, localidades e animais à série Harvest Moon. Existe as ferramentas que você começa, e quando você usa bastante elas, pode evoluí-las para o próximo nível. Para evoluir uma ferramenta, você deve ter o minério necessário e ir ao ferreiro. Pagando uma certa quantia e entregando o minério, ele irá melhorar sua ferramenta. Todos minérios são pegos na mina do lado do lago da Deusa. Primeiro, você precisa de minério de cobre, depois prata, depois ouro e então mithril. Existe as &quot;Cursed Tools&quot;, que são as ferramentas amaldiçoadas, de nível 6. Para saber quando você pode melhorar sua ferramenta, aperte Select e vá apertando a seta para o lado. Você pode arranjar Ferramentas de Nível 6 nas profundidades da mina de inverno no mother hills.
Harvest Moon - More Friends of Mineral Town (USA)	Viva uma vida simples como um fazendeiro em Harvest Moon: More Friends of Mineral Town. Este jogo é semelhante ao Harvest Moon: Amigos de Mineral Town original, mas agora você pode jogar como uma garota que deixou a cidade para seguir uma vida na fazenda. Você participará do cultivo de safras, do manejo do gado, de encontrar um marido e de criar filhos.
Hatena Satena (Japan)	Hatena Satena foi lançado pela Hudson em 2001 para o Game Boy Advance. É de natureza semelhante à série de jogos Picross - quebra-cabeças de grade de tela única onde você recebe dicas sobre onde cortar, eventualmente revelando uma imagem na grade. Elementos do Campo Minado também estão presentes - cada quadrado que você revelar permitirá que você saiba quantos quadrados da mesma cor estão tocando nele. pedaço de texto, é completamente jogável por qualquer pessoa, independentemente do domínio do idioma.
Heidi - The Game (Europe) (En,Fr,De,Es,It)	Heidi: The Official Game retoma o universo do longa-metragem de mesmo nome. Descubra todos os lugares míticos da série: a aldeia, a casa do avô ... e interaja com a natureza e os animais: alguns serão agressivos, tímidos ... Cabe a você amolecê-los.
Hello Kitty - Happy Party Pals (USA)	Hello Kitty: Amigos da Festa! Conheça a queridinha das meninas. Explore o mundo maravilhoso da Hello Kitty e descubra todos os ingredientes para o sucesso deste reencontro. Encontre o lugar perfeito e entre em contato com os amigos da Kitty por telefone. Você pode enviar mensagens e convites. Participe de treze minijogos divertidos em um universo supercolorido.
Herbie - Fully Loaded (USA)	Esqueça os supercarros de luxo e os motores V8 barulhentos. Em Herbie: Fully Loaded para o Game Boy Advance, o verdadeiro rei das pistas é um Fusca 1963 com mente própria e listras de corrida! Baseado no filme da Disney, este jogo de corrida 3D coloca você no controle do Herbie para desafiar a física, o bom senso e adversários que claramente não aceitam muito bem o fato de estarem perdendo para um carro compacto.
Hey Arnold! - The Movie (USA)	Um grande problema exige uma cabeça grande. A Future Tech Industries chegou à cidade e quer demolir a pensão e o resto do quarteirão. Acompanhe Arnold e seus amigos em uma aventura frenética para tentar salvar o bairro.
High Heat Major League Baseball 2002 (USA, Europe)	High Heat 2002 é o terceiro jogo da série &quot;High Heat&quot;. O título com Sammy Sosa, presente nos dois jogos anteriores, foi removido. Assim como os jogos anteriores, HH2002 é um simulador completo de beisebol. Você pode relaxar e apenas gerenciar seu time ou entrar em campo e jogar cada partida. O jogo pode ser configurado de diversas maneiras.
High Heat Major League Baseball 2003 (USA)	&quot;High Heat Major League Baseball 2003&quot; é um jogo de beisebol lançado para Game Boy Advance em 2002 pela empresa 3DO. O jogo contém equipes e jogadores da Major League Baseball (MLB) e permite ao jogador controlar a sua equipe favorita em partidas dos modos de temporada regular, playoffs e exibição.
Hikaru no Go (Japan)	Hikaru no Go para Game Boy Advance é a primeira parte do jogo Go, baseado no mangá de mesmo nome. Go é um jogo de estratégia japonês muito antigo.
Hikaru no Go 2 (Japan)	Hikaru no Go para Game Boy Advance é a segunda parte do jogo Go, baseado no mangá de mesmo nome. Go é um jogo de estratégia japonês muito antigo.
Hobbit, The - The Prelude to the Lord of the Rings (USA)	O jogo Bilbo the Hobbit para Game Boy Advance é uma aventura de ação que recria fielmente o universo da Terra-média imaginado por Tolkien. Assim como no livro, aparecem hobbits, elfos, goblins e outras criaturas que habitam esse mundo fantástico. Você controla Bilbo, um jovem hobbit escolhido por Gandalf para recuperar o tesouro roubado por Smaug, o dragão que há muito tempo destruiu o Reino dos Anões. A jornada mistura exploração, combate e narrativa, trazendo a atmosfera épica da obra original para o portátil.
Hot Potato! (USA)	Hot Potato! coloca você na pele de um motorista de ônibus espacial em uma missão bizarra e viciante. O objetivo é guiar o veículo por ruas movimentadas enquanto gerencia &quot;batatas&quot; alienígenas que surgem na tela. A jogabilidade mistura elementos de Tetris e Puyo Puyo: você deve agrupar batatas da mesma cor para fazê-las desaparecer antes que elas lotem o ônibus ou causem colisões fatais. Com um estilo visual psicodélico e uma trilha sonora energética, o jogo desafia seus reflexos e raciocínio rápido em níveis que ficam progressivamente mais rápidos. É um dos títulos mais peculiares e criativos da biblioteca inicial do Game Boy Advance, focando totalmente no desafio de pontuação máxima.
Hot Wheels - Burnin' Rubber (USA)	Ligue os motores e dispute o campeonato com seus carrinhos Hot Wheels favoritos, enquanto eles saltam rampas, contornam curvas fechadas e aceleram por ambientes radicais!
Hot Wheels - Stunt Track Challenge (USA, Europe)	Hot Wheels Stunt Track Challenge é um jogo de corridas 3D na GBA. Entre os modos de jogo disponíveis: Super Show (execução de desafios de manobras e corridas de campeonato) e Liga dos Campeões (série de 12 corridas). Os 12 cursos diferentes, divididos por 30 eventos, estão distribuídos por seis ambientes.
Hot Wheels - World Race (USA)	Em Hot Wheels Highway 35 World Race, as corridas atingem um novo patamar, levando os jogadores a um mundo futurista e fantástico da Hot Wheels, onde a vida gira em torno das corridas de acrobacias mais intensas já imaginadas. Os jogadores competem contra o tempo em pistas extremas com percursos divididos em vários níveis, obstáculos e velocidades nunca antes experimentados. Será possível realizar manobras radicais que desafiam a gravidade, percorrer loops gigantescos em alta velocidade, escalar paredes, encontrar atalhos escondidos ou simplesmente competir com os oponentes em meio a vulcões, gelo, montanhas e muito mais. O jogo permite que os jogadores escolham entre autênticos carros Hot Wheels.
Hudson Best Collection Vol. 2 - Lode Runner Collection (Japan)	Hudson Best Collection Vol. 2 - Lode Runner Collection reúne os clássicos de estratégia e plataforma Lode Runner e Championship Lode Runner. O jogador assume o papel de um Galactic Commando infiltrado em territórios subterrâneos para recuperar ouro roubado pelo Império Bungeling. A mecânica central consiste em cavar buracos para prender inimigos e acessar áreas inferiores, sem a capacidade de pular. O objetivo é coletar todas as barras de ouro do cenário para liberar a escada de saída. O título exige raciocínio lógico rápido para evitar ser cercado e inclui um editor de fases para criação de mapas personalizados, preservando a experiência fiel do NES no hardware portátil.
Hugo - Bukkazoom! (Europe) (En,Fr,De,Es,It,Nl,Pt,Sv,No,Da,Fi,Pl)	Neste título derivado da famosa franquia do troll Hugo, a trama gira em torno de uma aventura inusitada: Hugo e sua turma são magicamente encolhidos ao tamanho de formigas! Para navegar por esse novo mundo gigante, eles utilizam veículos que lembram insetos em competições de alta velocidade e combate. A lore foca na diversão e na exploração desse universo microscópico, onde o objetivo é vencer os desafios impostos pela vilã Afskylia (ou Scylla) e seus asseclas. Diferente dos jogos de plataforma tradicionais do personagem, aqui o foco é a movimentação em arenas abertas, coleta de itens e o uso de estratégias para superar os adversários em um ambiente colorido e cheio de perigos naturais.
Hunter X Hunter - Minna Tomodachi Daisakusen!! (Japan)	Adaptado do mangá Hunter X Hunter de Togashi, Hunter X Hunter: Minna Tomodachi Daisakusen permite repetir a seção que se passa na Ilha Greed com os 2 heróis, mas também com alguns membros da brigada fantasma.
Ice Age (USA) (En,Fr,Es)	A Era do Gelo salta para a tela pequena neste jogo de plataforma de Game Boy Advance. Com base nos eventos mostrados no filme, A Era do Gelo encarrega os jogadores de guiar Manny o mamute e Sid a preguiça por dez níveis de ação orientada à plataforma. No começo, os jogadores controlam Manny que, junto com o bebê humano Roshan, deve navegar por uma infinidade de ambientes, mantendo afastados os tigres, ouriços e abelhas dos dentes de sabre. Para fazer isso, Manny é capaz de arremessar nozes grandes como projéteis improvisados em qualquer inimigo na tela. Os animais selvagens não são os únicos obstáculos que os jogadores encontrarão, pois precisam mover um rinoceronte adormecido para avançar e inalar fumaça de gambá para flutuar sobre abismos perigosos.
Ice Nine (USA, Europe) (En,Fr,De,Es,It)	Ice Nine é FPS para GBA. Você é um jovem agente chamado James Clayton, recrutado pela CIA para uma missão secreta. O destrutivo programa Ice Nine acaba de ser roubado. Uma vez que o briefing de cada nível é recebido, várias armas podem ser usadas para alcançar seus objetivos: rifle sniper, granadas, metralhadora, foguetes, espingarda, etc.
Incredibles, The (USA, Europe)	Baseado no filme da Pixar de mesmo nome de 2004, Os Incríveis segue as aventuras de Mr. Inimigos e locais adicionais que foram projetados pela Pixar, mas não puderam aparecer na versão final do filme, também foram incluídos, e as vozes das personalidades de Hollywood Samuel L. Jackson, Holly Hunter e Jason Lee dão seu apoio para recapturar a aparência do filme.
Incredibles, The - Rise of the Underminer (USA, Europe)	Após a derrota de Síndrome pelos Incríveis na apresentação da Walt Disney Pictures do filme da Pixar Animation Studios, uma nova ameaça emerge sob o solo com uma trama diabólica para poluir as principais cidades do mundo e governar a humanidade de baixo para cima. Os fãs poderão continuar de onde o filme parou e reviver os dias de glória como Mr. Incredible e Frozone, melhores amigos super-heróis que se unem para enfrentar um novo vilão, O Escavador
Inspector Gadget Racing (Europe) (En,Fr,De,Es,It,Nl)	O Dr. Claw cansou de ser derrotado por meros mal-entendidos e decidiu levar a vilania para as pistas! Usando uma nova tecnologia de propulsão experimental, a organização M.A.D. organizou um torneio mundial de corrida para dominar as rotas de suprimentos do planeta. Para impedir esse plano nefasto, o Inspetor Bugiganga entra na disputa — mas, como sempre, ele trouxe o &quot;entusiasmo&quot; e o Gênio e a Penny trouxeram a estratégia.
International Karate Advanced (Europe)	International Karate Advanced é um remake GBA de International Karate 2000 para o Game Boy Color com o 3-way free-for-all da IK + ao invés do 1-on-1 padrão do IK e IK2000 original. Apresenta os mesmos 12 personagens jogáveis, mas agora o jogo mostra a habilidade do personagem em uma escala de 1 a 5 estrelas. Os mesmos jogos bônus clássicos de IK + e IK2000 voltaram, bem como um dojo de prática, que estava incluído anteriormente no jogo Game Boy Color
International Superstar Soccer (Europe)	O melhor jogo de futebol virou portátil! Faça parte de partidas amistosas, copas internacionais e disputas de pênaltis numa tentativa de virar a maior nação de futebol do mundo. Escolha entre 36 times com escalações completas e defina suas próprias estratégias. Aqueça a rede ao desafiar o mundo.
Invincible Iron Man, The (USA, Europe)	O Homem de Ferro Invencível permite que você experimente os poderes do Homem de Ferro durante lutas contra hordas de inimigos enquanto rastreia os super-vilões que roubaram sua tecnologia de traje de batalha. Usando uma variedade de armamentos de batalha, ele navega em diversos níveis que são preenchidos com obstáculos ambientais e perigo iminente. Múltiplos power-ups, itens bônus desbloqueáveis ??e pick-ups especiais proporcionam aos fãs a melhor experiência do Homem de Ferro.
Iridion 3D (World) (Steam, GOG)	Neste jogo inspirado em Afterburner, lançado juntamente com o Game Boy Advance, o jogador pilota o caça SHN através de sete níveis pseudo-3D. Retornando para a Terra de uma missão espacial, o protagonista nota que o império Iridion tomou conta. O caça SHN pode ser melhorado com cinco tipos diferentes de armas para métodos variados de destruição. Este é o primeiro jogo em inglês da desenvolvedora alemã Shin'en, porém, eles possuem experiência prévia, tendo desenvolvido drivers de som tanto para o GBA quanto GBC.
It's Mr. Pants (USA, Europe)	O mascote do site da Rare, Sr. Calças, estrela seu próprio videogame para Game Boy Advance. Ele preparou centenas de quebra-cabeças diabólicos para embaralhar seu cérebro! As peças caem no tabuleiro com um tempo limitado para serem posicionadas. Para eliminar as peças, os jogadores precisam formar retângulos de pelo menos 2x3, ou retângulos e quadrados maiores. Três modos de jogo estão disponíveis: Quebra-cabeça, Eliminação e Maratona. Ao progredir nos quebra-cabeças, os jogadores ganham diversas ilustrações bizarras com o Sr. Calças vestindo apenas cuecas.
Jackie Chan Adventures - Legend of the Dark Hand (USA, Europe)	Você é Chan o suficiente? Como Jackie Chan, mestre em artes marciais e arqueólogo especialista, você tem | fazer uma missão em todo o mundo para derrotar a organização maligna da Mão Negra. Seus demônios sinistros procuram entrar no reino terrestre e depende de você e sua sagacidade astuta, habilidade em artes marciais e pergaminhos mágicos para detê-los.
James Pond - Codename Robocod (USA) (En,Fr,Es,Pt)	O temível &quot;Dr. Maybe&quot; está planejando destruir completamente todas as fábricas de brinquedos existentes no mundo! Infiltrou-se nas melhores companhias pertencentes ao Papai Noel e nelas instalou bombas disfarçadas de pinguins que detonarão em 48 horas! Você, no papel de James Pond - um famoso agente subaquático com licença para nadar - terá que acabar com a graça do doutor usando um traje de robô bastante resistente e equipado. Seu nome código será, portanto, &quot;Robocod&quot;. Mas esta, certamente, não será uma tarefa fácil. Todo cuidado é pouco quando o assunto é escalar muros altos e cheios de perigo ou esquivar-se de balas supersônicas e lagartas assassinas em oitos desafiadores níveis!
Jazz Jackrabbit (USA, Europe)	Uma mistura entre Pernalonga e Han Solo, Jazz está com seus truques habituais de salvar o mundo, embora desta vez haja um incentivo ainda maior: dinheiro. Em um título exclusivo original de GBA, Jazz deve explorar 24 níveis pelo máximo de dinheiro possível. Esse dinheiro pode ir para novas armas com as quais ele irá destruir o inimigo usando uma variedade habitual de blasters, lança-foguetes e lança-chamas. Junto com a aventura para um jogador, os modos multiplayer também estão incluídos para até 4 pessoas e modos de jogo que variam do estilo usual como deathmatch e capturar a bandeira.
Jet Grind Radio (USA)	O sucesso hip-hop do Dreamcast chega ao Game Boy Advance. Seus skatistas favoritos de Jet Grind Radio retornam em verdadeiros ambientes 3D, atravessando níveis emocionantes e diversos. Pegue suas latas de spray e saia pelas ruas pintando a cidade com suas cores, enquanto evita os policiais e gangues rivais. Ser um jovem em Tóquio não é fácil, mas com seus patins Overdrive Magnetic-Motor e a necessidade de se expressar, você está a caminho de dominar a cidade! O jogo possui diversos modos, incluindo corridas individuais, patinação estilo livre para pontos, sessões de marcação com tempo limite e múltiplos personagens jogáveis, cada um com uma aparência e sensação única. Além disso, há power-ups que permitem que você, o skatista, tenha habilidades extras.
Jimmy Neutron - Boy Genius (USA)	Fazer contato com outra galáxia e lançar um satélite improvisado no espaço antes do café da manhã? Isso não é nada para Jimmy Neutron, o supergênio adolescente cujas invenções incríveis frequentemente o colocam em grandes apuros. Desta vez, cabe a você ajudar Jimmy a sair da sua enrascada mais difícil. Você passará por seis fases, incluindo a casa de Jimmy, o Campo de Asteroides, o Submundo de Yolkus, a Cidade de Yolkus e a Retrolândia. Voe com Goddard, a invenção da qual Jimmy mais se orgulha, que pode se transformar no Goddard Pogo, no Goddard Scooter e no Goddard Trenó. Será que Jimmy conseguirá superar essa grande aventura?
Jonny Moseley Mad Trix (USA) (En,Fr,De,Es,It)	Jonny Moseley Mad Trix é um simulador de esqui freestyle com perspectiva isométrica que foca na execução de manobras radicais e acrobacias aéreas. O jogador controla o medalhista olímpico Jonny Moseley ou outros atletas em cenários variados, desde montanhas nevadas até ambientes urbanos como San Francisco. A jogabilidade é baseada no acúmulo de pontos através de combos e no preenchimento do medidor de Trick, permitindo a realização de movimentos especiais. O título apresenta os modos Circuit, Freeride e Medal Hunt, onde o objetivo é completar desafios de pontuação e tempo. O progresso permite desbloquear novos equipamentos e pistas, exigindo precisão nos controles para aterrissagens perfeitas e manutenção da velocidade.
Juka and the Monophonic Menace (USA) (En,Fr,Es)	Juka and the Monophonic Menace é um título de ação e aventura com perspectiva isométrica e foco em resolução de puzzles. O jogador assume o controle de Juka, um jovem alquimista em uma missão para salvar a terra de Ooblbia de uma ameaça robótica. A mecânica central baseia-se na alquimia, onde é necessário coletar ingredientes pelo cenário para criar poções com propriedades variadas, utilizadas tanto para progredir em obstáculos ambientais quanto para neutralizar inimigos. O sistema de combate enfatiza a estratégia e o tempo, exigindo que o jogador utilize o som e as reações químicas para desarmar as máquinas. O jogo apresenta exploração de masmorras e interações com NPCs para o avanço da trama.
Jungle Book, The (USA) (En,Fr,De,Es,It,Nl)	Desenhado para fanáticos da animação de todas as idades, O Livro da Selva de Walt Disney para Game Boy Advance é baseado num dos filmes da Disney mais populares de sempre. Numa aventura exuberante e colorida que segue de perto o enredo do filme, o jogo permite jogar como Mowgli, um menino índio de dez anos criado na selva por lobos. O conselho dos lobos ordena a Mowgli que regresse à aldeia humana para o proteger de Shere Khan, o terrível tigre. Junta-te a Mowgli pela selva adentro, onde encontrará os desafiantes habitantes no caminho até à aldeia humana.
Jurassic Park III - Island Attack (USA)	Esses dinossauros nunca morrerão? Recusando-se a sucumbir à extinção, os grandes e malvados monstros de Jurassic Park retornam para outra aventura do tamanho de dinossauros. Percorra 12 níveis de ação, usando armamento de alta tecnologia para perseguir as feras pré-históricas antes que elas possam persegui-lo. Dez espécies diferentes irão aterrorizá-lo nos locais do JURASSIC PARK. Com gráficos e jogabilidade que rivalizam com os jogos caça-níqueis, JURASSIC PARK III: Island Attack pode ser a maior coisa que já aconteceu nos jogos portáteis.
Jurassic Park III - Park Builder (USA)	Claramente, as pessoas que construíram o parque original foram culpadas de alguns descuidos. Acha que pode fazer melhor? Tente traçar todos os detalhes da criação e gerenciamento de um parque de dinossauros em JURASSIC PARK III: Park Builder. Um título de simulação de estratégia do mais alto calibre, o jogo deixa você no comando de 100 espécies de dinossauros que você tem a tarefa de colocá-los e manter sua saúde. Claro, também tem a questão dos restaurantes, lojas, passeios e outras atrações. Se o parque que você criar for muito chato, mal mantido ou excessivamente caro, ninguém aparecerá, então é melhor você usar um julgamento sério e criterioso. Além de administrar o parque, você terá que coletar DNA de todo o parque para criar novos dinossauros para manter as pessoas voltando. Parece muito para lidar? Espere até que um de seus amigos pré-históricos escape no dia da inauguração.
Jurassic Park III - The DNA Factor (USA)	Jurassic Park III: The DNA Factor recria o mundo de Jurassic Park e trás os jogadores em uma aventura pre-histórica interativa. O jogo possui uma mistura divertida e única de fases de aventura side-scroller e sessões intensas de ação puzzle. Jurassic Park III: The DNA Factor inclui mais de 10 espécies de dinossauros e 12 níveis enormes para explorar.
Justice League - Chronicles (USA)	Supervilões desencadearam uma ameaça tripla para dominar o mundo e cabe aos maiores super-heróis do mundo, a Liga da Justiça, salvar a Terra do perigo. Liga da Justiça oferece uma aventura interativa e episódica para Game Boy Advance que simula o apelo estilístico e animado da popular série com um visual e uma atmosfera novos, distintos e dinâmicos.
Justice League - Injustice for All (USA)	Justice League: Injustice for All demonstra que quando catástrofe global ataca e o mundo fica em perigo, a Liga da Justiça, os maiores super heróis de todos os tempos, são chamados para salvar o mundo. Lutando pela verdade, justiça e liberdade, Superman, Batman, Mulher Maravilha, The Flash, Lanterna Verde, Mulher Falcão e o Caçador de Marte se juntaram para lutar pelo bem comum contra a Liga da Injustiça: Coringa, Lex Luthor, Mongul, Chita, Solomon Grundy, The Shade, Star Sapphire, Copperhead, Gorilla Grood, Felix Faust e The Manhunter Robots.
Kamaitachi no Yoru Advance (Japan)	Kamaitachi no Yoru é um jogo de aventura com um tema adulto que começa com o herói e a sua noiva numa estância de desportos de Inverno e evolui para uma investigação para deter um assassino perigoso. O jogo assemelha-se a &quot;Getsumen no Anubis&quot; na medida em que os seus protagonistas são sempre representados por sombras, enquanto as muitas páginas de texto que rolam sem fim apelam ao jogador para fazer escolhas apenas muito raramente.
KAO the Kangaroo (USA) (En,Fr,De,Es,It,Nl)	Caramba! O Kao foi roubado da Austrália! Cabe a você levá-lo de volta para o interior do país. Ao contrário das versões para Windows e Dreamcast, a versão para GBA é um jogo de plataforma 2D com rolagem lateral. Você controla o canguru Kao por vinte e sete fases. Seus modos básicos de locomoção são correr e pular, mas em fases posteriores, você poderá usar snowboard, voar e jet ski. Conforme avança, inimigos tentarão impedi-lo. Você deve eliminá-los ou evitá-los. Sua principal arma é um par de luvas de boxe com as quais você pode socar os inimigos, mas, se pressionar para baixo e atacar, você também pode girar com a cauda para atacar inimigos mais baixos. Em cada fase, há bandeiras que você pode coletar e, pressionando Select, pode soltá-las para criar seu próprio ponto de continuação.
Kawa no Nushi Tsuri 5 - Fushigi no Mori kara (Japan)	Torne-se o protagonista que vagou para outro mundo e embarque em uma aventura para pegar &quot;golfinhos do rio&quot; que farão seus desejos se tornarem realidade. Pegue peixes para ganhar dinheiro e ajude pessoas que se tornaram peixes devido a uma maldição!
Kelly Slater's Pro Surfer (USA, Europe)	Sinta a adrenalina do surfe de ondas grandes e o estilo de vida dos surfistas enquanto explora o globo em busca das melhores arrebentações do mundo. Em Kelly Slater's Pro Surfer, você jogará com Kelly Slater ou um dos outros oito surfistas em locais exóticos, com mais de 30 níveis desafiadores para explorar. Desça ondas gigantes, surfe em tubos perfeitos e execute combinações de manobras emocionantes e movimentos exclusivos dos profissionais. O jogo apresenta vários modos de jogabilidade, incluindo o Surf Trip, onde você escolhe seu próprio caminho em busca da onda perfeita.
Kid Paddle (Europe) (Fr,Nl)	Para ganhar o novíssimo Ultra Console 3000, Kid Paddle deve vencer o desafio City Game e precisa provar que é o rei dos vídeo games. Mas o desafio é sério e Kid será ajudado por seus amigos Horace e Big-bang que se tornam seus treinadores. Você poderá jogar até 26 jogos diferentes. Alguns dos jogos são plataforma, outros são como antigos jogos arcade e outros são como mini-games mas todos incorporam o espírito &quot;gore&quot; e politicamente incorreto das séries de quadrinhos. Criado por Midam em 1996, os quadrinhos Kid Paddle são um grande sucesso na Europa. Os 9 albums publicados foram vendidos com mais de 2.5 milhões de unidades e as séries animadas tem uma larga audiência.
Kien (USA) (Proto)	Descubra o Segredo de Kien! Por 7.000 anos, o planeta Malkut foi sabiamente governado pelos 7 Mestres do Absoluto. Mas o caos renasceu à medida que o mal corrompe a Terra da Harmonia. Os 7 Mestres desapareceram, guerreiros místicos foram massacrados e os templos estão condenados ao sangue. A única esperança que resta está aprisionada nos corações e vontades de dois jovens aprendizes. Seu destino é combater o mal, revelar a verdade e descobrir o segredo de Kien.
Kill Switch (USA)	Mirar e se mover nos modos de cobertura e fogo às cegas (blind-fire) é um pouco complicado. Para obter o efeito 3D, alguns detalhes são sacrificados. Geralmente isso não é um problema, mas ocasionalmente você terá dificuldade em reconhecer um objeto. Você se move de área em área para enfrentar novos grupos de inimigos. Convenientemente, você encontrará caixotes para cobertura e barris para ajudar a causar grandes explosões. Travar a mira no inimigo — indicado pela retícula ficando vermelha — não garante um acerto direto. A precisão depende da arma escolhida. Uma espingarda (shotgun) normalmente garante uma eliminação no primeiro disparo. Já se você tiver um rifle automático, seus tiros serão relativamente imprecisos, mesmo que sua mira esteja correta.
Killer 3D Pool (USA)	Killer 3D Pool é um simulador de bilhar que utiliza uma engine gráfica pseudo-3D para oferecer uma perspectiva realista da mesa no hardware portátil. O jogo apresenta diversas modalidades clássicas, incluindo 8-Ball, 9-Ball, 10-Ball, Straight Pool e o desafiador Snooker. O jogador pode competir em partidas rápidas ou no modo Tournament, enfrentando oponentes controlados pela IA com diferentes níveis de habilidade. A mecânica foca na precisão do controle de força, ajuste de efeito na bola branca (spin) e visualização da trajetória. Inclui também um modo de Trick Shots, onde o objetivo é completar desafios técnicos pré-definidos em cenários variados como bares e salas de jogos.
Kim Possible 2 - Drakken's Demise (USA) (En,Fr)	A nova aventura de Kim Possible a leva a enfrentar Falsetto Jones, Gemini, Duff Killigan, Shego e Dr. Drakken em quatro episódios intensos. Em cada novo episódio, Kim ganha novos gadgets e habilidades acrobáticas que permitem escalar paredes, aplicar judo-flips nos capangas, refletir raios laser e usar molho de pimenta para derreter obstáculos de gelo. Se tudo mais falhar, você pode ativar o traje furtivo dela e torná-la invisível aos olhos dos inimigos. Conforme Kim adquire novos equipamentos e habilidades, é possível rejogar fases anteriores para acessar áreas que antes estavam fora do alcance.
King of Fighters EX 2, The - Howling Blood (USA)	A mais recente obra-prima de luta portátil em uma das maiores séries de todos os tempos!
King of Fighters EX, The - NeoBlood (USA)	Convites para o torneio King of Fighters foram enviados para os melhores lutadores do mundo por um anfitrião desconhecido. Apesar das suspeitas de um esquema maligno, os lutadores estão prontos para entrar a arena para determinar quem será o verdadeiro Rei dos Lutadores.
Kingdom Hearts - Chain of Memories (USA)	&quot;Kingdom Hearts: Chain of Memories&quot; para Game Boy Advance é uma mistura única de ação e RPG, onde os jogadores embarcam em uma jornada através de mundos mágicos da Disney e da série &quot;Final Fantasy&quot;. Sora, o protagonista, deve enfrentar desafios de combate, resolver enigmas e explorar cenários encantadores enquanto luta contra as forças da escuridão. Prepare-se para uma história envolvente e encontros emocionantes com personagens icônicos neste jogo cativante!
Kirby & The Amazing Mirror (USA)	O Mundo dos Espelhos foi invadido por uma sombra maligna, e Kirby tem que salvar o dia! Felizmente, ele não terá que ir sozinho! Ele foi dividido em quatro Kirbys de cores diferentes, e com seu confiável celular, ele pode chamar seus clones coloridos para dar uma mão!
Kirby - Nightmare in Dream Land (USA)	Todo mundo na Terra dos Sonhos perdeu a capacidade de sonhar! Parece que o Rei Dedede roubou a Vara Estelar, fonte de poder da Fonte dos Sonhos, e deu os pedaços fragmentados aos seus capangas para que os guardem. O mundo precisa de um herói... um redondo e rosa. Enquanto Kirby embarca em uma aventura para recuperar a Vara Estelar, ele terá que copiar todos os truques do livro para trazer bons sonhos de volta para a Terra dos Sonhos.
Klonoa - Empire of Dreams (USA)	Um mau-humorado imperador sofrendo de insônia baniu sonhos e prendeu Klonoa por quebrar a lei. Para provar sua coragem e ganhar sua liberdade, Klonoa deve derrotar os monstros que estão causando estragos pelo império. Ajude nosso herói em sua jornada mais perigosa até agora e passe por novas emoções!
Klonoa 2 - Dream Champ Tournament (USA)	Junte-se a Klonoa em uma nova e emocionante aventura! O herói dos sonhos, Klonoa, é subitamente transportado para o mundo de uma competição inesperada: o Dream Champ Tournament. Sem saber como ou por quê, ele se vê competindo contra outros sonhadores de mundos distantes para provar quem é o campeão dos sonhos. Com a ajuda de seu amigo Huepow, Klonoa deve usar suas habilidades de &quot;wind bullet&quot; e &quot;hover&quot; para superar desafios, resolver quebra-cabeças e derrotar adversários em uma corrida alucinante para se tornar o grande campeão. Será que ele tem o que é preciso para ser o melhor?
Konami Krazy Racers (USA)	Konami Krazy Racers é um jogo de kart com corredores super deformados. Apresenta personagens famosos da Konami como Goemon (de Ganbare! Goemon), Dracula (de Castlevania), e Vic Viper (de Gradius). Há 16 pistas para se correr, e você pode colecionar moedas para comprar itens. Jogabilidade é similar a Mario Kart.
Kong - King of Atlantis (USA)	Kong: Rei da Atlântida é baseado no filme que acompanha Kong: A Série Animada, incorporando o enredo da versão em vídeo em uma aventura de ação com rolagem lateral. Quando uma antiga profecia começa a se cumprir, a cidade submersa de Atlântida começa a emergir. A malvada Rainha Reptilla planeja enganar Kong para que ele se torne seu rei, usando-o como escravo para unir os clãs rivais de Atlântida em benefício próprio. Numa corrida contra o tempo, Jason precisa convencer Kong de que a Rainha Reptilla é má, na esperança de que juntos possam salvar as ilhas de Kong e Atlântida e seus habitantes.
Kong - The Animated Series (USA) (En,Fr,De,Es,It,Nl)	Bem-vindo à ilha de Mônaco, onde o Rei Kong se aposentou e agora vive como um cidadão de bem. Mas, como toda boa história de super-herói, a aposentadoria dura pouco. Uma nova ameaça surge na forma de uma mega-corporação chamada Apex, que está capturando animais e transformando-os em robôs! O plano deles? Dominar o mundo, é claro. Se você está pensando &quot;Ah, é só outro jogo do Kong&quot;, você está redondamente enganado. Em Kong - The Animated Series, você não é apenas o grandão. Você também joga com a Dra. Lorna, uma cientista super inteligente, e seu filho, o pequeno Jason. Cada personagem tem suas próprias habilidades. Kong, obviamente, é o cara da porrada, quebrando tudo no melhor estilo &quot;macaco de demolição&quot;. Lorna usa sua inteligência para resolver quebra-cabeças e hackear sistemas, enquanto Jason, o baixinho, consegue se espremer em lugares inacessíveis para os outros.
Kurukuru Kururin (Europe)	Kuru Kuru Kururin é um jogo de quebra-cabeça inovador no qual o personagem principal está dentro de um helicóptero e deve navegar por um labirinto no menor tempo possível. Os movimentos devem ser cronometrados e precisos, pois se a hélice do helicóptero atingir uma parede, 3 segundos são adicionados ao Tempo. A missão do protagonista é resgatar seus irmãos, que se juntarão a ele depois que forem encontrados. Ele também encontra muitos power-ups que permitem personalizar a aparência do seu helicóptero.
Kururin Paradise (Japan)	Kururin Paradise coloca você no controle de uma nave rotatória em formato de bastão chamada Helirin. O título pertence ao gênero de quebra-cabeça e habilidade, sendo a sequência direta de Kuru Kuru Kururin. A mecânica fundamental consiste em guiar a espaçonave através de labirintos estreitos e repletos de obstáculos sem tocar nas paredes, utilizando o tempo correto de rotação e o controle de velocidade. O objetivo principal é resgatar a família do protagonista Kururin, que foi sequestrada por um grupo de mágicos. O jogo introduziu novos minijogos obrigatórios entre as fases principais e mecânicas de aceleração temporária para superar desafios de precisão técnica cronometrados.
Lady Sia (USA) (En,Fr,De,Es,It,Nl)	Lady Sia é uma jovem princesa guerreira que tenta salvar sua terra natal dos cruéis homens-fera, os T'soas. No início do jogo, Sia é jogada na prisão. Uma figura misteriosa a ajuda a escapar, e é aí que a aventura começa. Corra, pule, rasteje, escale, esgueire-se e lute contra monstros, demônios e diversos perigos para salvar seu império da raça maligna das criaturas bestiais.
Lara Croft Tomb Raider - The Prophecy (USA) (En,Fr,De,Es,It)	Lara Croft descobre um manuscrito que fala de uma misteriosa magia oculta que trará desolação na Terra no futuro próximo. Esta profecia também fala de três pedras lendárias que estão ligadas à devastação mencionada. Fascinada, Lara viaja pelo mundo em busca dessas pedras fabulosas. Ao longo do caminho, ela encontrará inimigos tanto humanos quanto de outra natureza e também terá que lidar com uma espécie de magia negra. Lara agora está em um ambiente de sobrecarga &quot;quase 3D&quot;, em oposição à exibição de plataformas em 2D das versões anteriores do portáteis (GBC). Essa visão é útil, enquanto Lara corre, pula, shimmys e atira em volta. Embora haja falta de um recurso de salvaguarda, existe um sistema de senha que permite restaurar de volta para &quot;quase&quot; de onde você saiu.
Legend of Spyro, The - A New Beginning (USA)	A Lenda de Spyro: Um Novo Começo é o primeiro game na trilogia A Lenda de Spyro, um reboot da série O Dragão Spyro. Foi desenvolvido por Krome Studios e publicado por Sierra Entertainment para o Playstation 2, Xbox, GameCube e Game Boy Advance. Amaze Entertainment desenvolveu a versão para Nintendo DS. O game utiliza vozes de celebridades, incluindo Elijah Wood como a voz de Spyro, o comediante David Spade como Sparx, Creee Summer como Cynder e Gary Oldman como Ignitus. Krome Studios planejou fazer um jogo da série Crash Bandicoot, mas Sierra Entertainment pediu a eles que desenvolvessem A Lenda de Spyro ao invés. O jogo também é notado pelo começo de um enredo mais sombrio e complexo para a série Spyro. O seu sucesso gerou duas continuações e o planejamento de um filme CGI.
Legend of Spyro, The - The Eternal Night (USA) (En,Fr)	The Legend of Spyro: The Eternal Night é um jogo eletrônico da série Spyro the Dragon. É o segundo jogo da trilogia The Legend of Spyro, lançado para PlayStation 2, Game Boy Advance, Nintendo DS, Wii e mobile. Foi o último jogo lançado oficialmente para o Game Boy Advance na Europa. Ele utiliza o talento de voz de Elijah Wood, Gary Oldman (reprisando seus papéis de Spyro e Ignitus, respectivamente), e Billy West (como Sparx, substituindo David Spade). [2] Kevin Michael Richardson (como Terrador e Gaul) e Mae Whitman (como Cynder, com clipes de voz reciclados de Cree Summer de seu antecessor) também foram confirmados para fazer parte do elenco durante a Sierra Gamers' Week 2007. [3]
Legend of Zelda, The - A Link to the Past & Four Swords (USA)	The Legend of Zelda: A Link to the Past & Four Swords, chamado no Japão de The Legend of Zelda: Triforce of the Gods & Four Swords, é o nono jogo da série The Legend of Zelda, lançado em 2002 para o Game Boy Advance. Possui modo multijogador para até quatro pessoas com o objetivo de coletar mais rupees resolvendo várias missões. Enquanto A Link to the Past é em grande porte fiel do original, inclui uma masmorra inteiramente nova e uma nova missão como recompensas para o jogador que joga através das Quatro espadas apenas para multijogador. Além destes acréscimos, inclui uma série de pequenas jogabilidades e mudanças de diálogo, sendo estas últimas projetadas para corrigir uma série de pequenos erros de tradução e inconsistências com o lançamento japonês original e para unificar os termos comuns usados com os jogos posteriores.
Legend of Zelda, The - The Minish Cap (USA)	Link retorna em uma nova aventura para Game Boy Advance. Quando o feiticeiro Vaati transforma a Princesa Zelda em pedra, o rei de Hyrule envia Link numa missão que o leva a lugares totalmente novos. Usando o poder de um chapéu místico chamado Minish Cap, Link deve viajar por um mundo fantástico cheio de novos itens para vestir, quebra-cabeças e chefes. Como Link, você pode encolher para lutar contra grandes inimigos internos ou encontrar itens secretos. Você também pode desbloquear itens e resolver quebra-cabeças fundindo relíquias mágicas.
LEGO Racers 2 (USA) (En,Fr)	Continuando o primeiro jogo, Rocket Racer emitiu um desafio para encontrar o melhor corredor na galáxia, convocando os maiores corredores de todos os tempos ao Planeta Xalax para o campeonato de corrida galática. Jogadores devem provar suas habilidades como piloto em quatro mundos diferentes para se qualificar para a corrida final no planeta Xalax. O modo de história é onde toda a ação de Lego Racers 2 acontece. Neste modo, você se torna um novo corredor, determinado a se tornar o campeão de corrida galática. Ao longo do caminho, outros corredores o desafiam no percurso da sua missão para se tornar o número 1. Quanto mais corridas você ganha, mais blocos dourados você recebe e mais partes para o seu carro você ganha. Blocos dourados o ajudam a percorrer os diferentes níveis do jogo. Você começa com zero blocos dourados e prossegue conforme vence mais corridas. Há um número de modos de multijogador - com ou sem carros do computador. O jogo suporta 4 jogadores com cabo link.
Lilo & Stitch (USA)	AVISO: Stitch é extremamente perigoso. Resultado de um experimento genético ilegal de um cientista louco, Stitch aparenta ser inofensivo — pequeno, peludo e com seis pernas — mas sua própria existência é uma abominação a tudo o que é decente na galáxia. Visto pela última vez na ilha do Havaí, em companhia de uma garotinha chamada Lilo. O fugitivo pode estar disfarçado como um animal de estimação da família.
Lord of the Rings, The - The Fellowship of the Ring (USA)	J.R.R. A Terra-média de Tolkien é uma terra de beleza, magia e escuridão. Em O Senhor dos Anéis: A Sociedade do Anel, você segue a narrativa de Tolkien do Condado aos salões de Moria e, finalmente, às margens do Rio Anduin. A jogabilidade alterna entre corpo a corpo, arco e flecha, feitiçaria e furtividade enquanto você controla Frodo, Gandalf e Aragorn. Junte-se a este bando de heróis em sua busca para destruir o Um Anel, que contém todo o poder do Lorde das Trevas Sauron.
Lost Vikings, The (USA)	Três Vikings, Eric o Ligeiro, Olaf o Robusto e Baleog o Feroz, foram sequestrados pelo alienígena Tomator, o maligno governante Croutoniano, que está coletando formas de vida únicas para exibir em sua galeria. Os três Vikings terão que combinar suas habilidades únicas para derrotar Tomator, bem como uma vasta gama de alienígenas, robôs, caracóis gigantes, lagartos grandes e mais.The Lost Vikings é um jogo de quebra-cabeça de plataforma de rolagem lateral (side-scrolling) com uma reviravolta. Em vez de um personagem que pode pular, correr, atirar, coletar itens, acionar interruptores e assim por diante, existem três personagens diferentes, cada um com suas próprias habilidades.
Love Hina Advance - Shukufuku no Kane wa Naru Kana (Japan)	Love Hina Advance: Shukufuku no Kane wa Narukana é um jogo Visual Novel baseado no anime Love Hina, desenvolvido e publicado pela Marvelous. Neste jogo, você assume o papel de Keitaro Urashima, que foi rejeitado nas provas de admissão da Universidade de Tóquio pelo segundo ano consecutivo fazendo dele, o que os japoneses chamam de ronin. Para piorar as coisas, seus pais o expulsaram de sua casa. Felizmente, sua avó é proprietária de uma pensão próxima e Keitaro pensou que este seria o lugar perfeito para viver e trabalhar como senhorio. Ou então foi o que ele pensou. Ele descobre que o prédio não é mais uma pousada e, na verdade, é um dormitório para meninas, fazendo dele o único cara! A maioria dos garotos mataria para viver com seis meninas bonitas, mas se Keitaro não for cuidadoso, esse trabalho o matará... Seguindo rigorosamente os eventos e o enredo do anime, o jogador tenta sobreviver as residentes da Pensão Hinata e ganhar seu amor ao estudar para a Universidade de Tóquio.
Lucky Luke - Wanted! (Europe) (En,Fr,De,Es,It,Nl)	Lucky Luke: Wanted! é um jogo de ação, desenvolvido por WizardSoft e publicado por Infogrames, que foi lançado na Europa em 2001.
Lufia - The Ruins of Lore (USA)	Este excitante novo capítulo na saga Lufia segue as aventura de Eldin, Torma, e Rami, um grupo de amigos e aspirantes a caçadores ao embarcarem em busca de tesouro, apenas para descobrir que o destino há muito mais esperando a eles! Eles serão capazes de desvendar os mistérios das ruínas anciãs e impedir o leader sedente de poder Ragule de ressuscitar a besta anciã, ou serão as ambições de Ragules realizadas ao custo da humanidade? Se prepare para as aventuras de uma vida!
Lunar Legend (USA)	Você controla Alex, um jovem que sonha em um dia se tornar um Mestre dos Dragões como seu querido herói, Dyne, que já faleceu. Certo dia, um mago chamado Nash chega à cidade e precisa de escolta até um santuário próximo na floresta. Você, sua amiga de infância Luna e seu animal de estimação voador, Nall, acompanham Nash até o santuário, e assim começa sua aventura.
Madagascar (USA)	Em Madagascar para Nintendo DS, baseado no filme de mesmo nome, você joga como Marty (zebra), Alex (leão), Gloria (hipopótamo) e Melman (girafa). Os níveis exigem que você alterne entre os caracteres disponíveis para usar suas habilidades especiais.
Madden NFL 06 (USA)	Com seus novos modos e melhorias, Madden NFL 06 oferece uma experiência autêntica de futebol americano. Entre as melhorias ofensivas do jogo estão o &quot;Controle de Visão do QB&quot;, que dá a cada quarterback um campo de visão único, e o &quot;Posicionamento de Precisão do QB&quot;, que permite lançar a bola com mais precisão. No novo modo NFL Superstar, você pode vivenciar a vida de um jogador da NFL, conquistando uma das mais de 60 personalidades, que vão de MVP a astro de cinema.
Madden NFL 2002 (USA)	Diferente de muitos jogos de esporte para portáteis da época, Madden NFL 2002 foi um marco por tentar trazer a simulação realística da NFL para o Game Boy Advance. Como é comum em jogos de esportes licenciados, a &quot;lore&quot; aqui é a própria história da temporada de 2001-2002 da liga americana. O jogo conta com todos os times oficiais, estatísticas reais da época e a icônica presença de John Madden. No GBA, o destaque foi o uso de sprites digitalizados e uma perspectiva pseudo-3D que dava profundidade ao campo, permitindo que os jogadores executassem jogadas complexas, gerenciassem elencos e disputassem o Super Bowl em qualquer lugar, consolidando o GBA como uma plataforma capaz de rodar simuladores sérios.
Madden NFL 2003 (USA)	No jogo, você controla a bola com os jogadores do seu time favorito para vencer a partida. Os jogadores adversários também recebem comandos táticos do seu treinador para tentar roubar a bola de você. O jogo apresenta, pela primeira vez, a possibilidade de jogar online e também adiciona novos times, como o Houston Texans, e a nova configuração das divisões da NFL. O jogo também possui a opção &quot;Criar Jogador&quot;, onde os jogadores podem determinar, em minijogos, suas características físicas, por exemplo, se serão recebedores ou quarterbacks. Posteriormente, você pode incluir esses jogadores nos times. No entanto, também é possível trocar jogadores em vez de treiná-los. O jogo também oferece uma opção que permite jogar a partir do livro de jogadas e depois praticá-las.
Madden NFL 2004 (USA)	Em sua 14ª temporada, Madden NFL Football não dá sinais de desaceleração. Madden NFL 2004 adiciona novos recursos, como o Playmaker Control e o Owner Mode, para aprofundar sua simulação de futebol americano. Este ano, os jogadores podem fazer ajustes após o início da jogada e criar lances de nível de campeonato com o intuitivo Playmaker Control. O novo modo Owner permite que você construa e gerencie seu próprio estádio, além de seu próprio time. Compita contra outros jogadores através dos Torneios Online da EA Sports. Com novas jogadas, modos e partidas online, Madden NFL 2004 é a edição mais completa e autêntica da série até agora.
Madden NFL 2005 (USA)	Madden NFL 2005 apresenta o Hit Stick, um novo recurso que permite aos jogadores virar o jogo com um tackle crucial. Juntamente com novos controles de pré-jogada defensivos e melhorias na inteligência artificial defensiva, a defesa agora possui um arsenal diversificado de armas à disposição. Além disso, a profundidade do modo Franquia aumenta com a adição do Storyline Central, um programa de rádio semanal que discute histórias atuais sobre seu time e a liga. Com ainda mais adições ao modo Franquia, centenas de novas animações e o novo recurso Criar um Fã, Madden NFL 2005 leva a série a um novo patamar.
Magical Quest Starring Mickey & Minnie (USA)	Mickey e Minnie Mouse embarcam em uma aventura mágica e perigosa para salvar o seu amigo Pluto! O cãozinho é sequestrado e levado para um mundo misterioso por uma força do mal. Em Magical Quest Starring Mickey And Minnie, você se junta aos dois heróis enquanto eles exploram florestas encantadas, castelos sombrios e cavernas traiçoeiras. Ao longo do caminho, eles descobrem roupas especiais que lhes dão poderes únicos, como a habilidade de se transformar em um bombeiro para apagar incêndios ou em um escalador para alcançar lugares altos. Com a ajuda da magia e do trabalho em equipe, eles devem superar desafios, derrotar inimigos e resgatar Pluto antes que seja tarde demais.
Magical Vacation (Japan)	Magical Vacation é um dos primeiros RPGs no Game Boy Advance e também foi o primeiro jogo de Brownie Brown após completar Legend of Mana e deixar Squaresoft. Magical Vacation é um tipo de prequela ao jogo do Nintendo DS &quot;Magical Starsign.&quot; Brownie Brown iria mais tarde trabalhar em Sword of Mana e Mother 3 no GBA. O jogo nunca foi lançado do outro lado do oceano e é uma das joias no Game Boy Advance que é exclusiva para o Japão.
Mahou Sensei Negima! - Private Lesson - Damedesuu Toshokan-jima (Japan)	Negi Springfield está determinado a se tornar um Magister Magi, após 7 anos de estudo e treinamento na escola de mágicos; Chega a prova final, a última e mais difícil prova para se tornar um grande Magister Magi: O professor instrutor distribui a cada aspirante os destinos e a missão que deve cumprir. E cabe a Negi ser professora de inglês na escola Mahora no Japão, uma escola para meninas. Além disso, ele deve ter cuidado para que ninguém descubra que ele é um mago, pois ele pode assumir que o transformaram em um arminho. E é assim que um menino de 10 anos, nascido no País de Gales, com poderes mágicos e um nível de inteligência equivalente ao da universidade, se torna professor de uma turma de 31 alunos do ensino médio (entre 14 e 15 anos), que Eles tratam mais como um brinquedo do que como um professor.
Manic Miner (Europe) (En,Fr,De,Es,It)	Em Manic Miner, jogas na pele do mineiro Willy, que descobre por acaso os restos de uma civilização avançada que já desapareceu. Terás de procurar os tesouros escondidos (minérios preciosos) no fundo da mina antes de chegares à porta de saída, antes que a contagem decrescente que indica o nível de oxigénio restante seja atingida. Inimigos fixos e em movimento podem impedir o progresso do Willy. O chão pode desmoronar-se em alguns sítios e as correias transportadoras dificultam a movimentação. A pontuação é baseada no oxigénio restante.
Mario & Luigi - Superstar Saga (USA)	Mario & Luigi: Superstar Saga é um jogo do gênero RPG, desenvolvido pela Nintendo junto com a Alpha Dream Corporation para a plataforma GameBoy Advance. É o terceiro jogo de RPG da série Mario lançado pela Nintendo, mas é o 1° da sub-série Mario & Luigi, e manteve a originalidade dos RPG como: lutar contra inimigos, evoluir e aumentar os pontos. A diferença desse jogo para os demais são as grandes doses de humor que acompanham o jogo inteiro, sem fugir das clássicas lutas.
Mario Golf - Advance Tour (USA)	Embarque em uma jornada de RPG com tema de golfe e dê o pontapé inicial rumo à perfeição nesse esporte! Converse com os moradores locais nas clínicas de golfe, aprimore suas habilidades em desafios como Club Slots e Go-Go Gates, e tente se tornar o campeão de todos os clubes do país! Os moradores do Reino do Cogumelo só enfrentam os melhores.
Mario Kart - Super Circuit (USA)	Mario Kart - Super Circuit é um jogo de corrida desenvolvido pela Intelligent Systems e lançado para o Game Boy Advance em 2001. O jogo é o terceiro título da série Mario Kart e, assim como os outros jogos da franquia, permite que os jogadores controlem os personagens da série Mario em karts e disputem corridas repletas de itens e power-ups que podem ajudá-los ou prejudicar seus adversários. O Super Circuit inclui uma seleção de personagens favoritos dos fãs, como Mario, Luigi, Yoshi, Donkey Kong, Peach e Bowser, entre outros. O jogo apresenta novas pistas e trilhas sonoras, além de relançar outras de títulos anteriores da série, incluindo do seu predecessor, Mario Kart 64.
Mario Party Advance (USA)	Mario Party Advance, a primeira versão portátil da série para o GBA, foca no modo single-player. Em &quot;Shroom City&quot;, o jogador escolhe Mario, Luigi, Peach ou Yoshi para explorar um grande tabuleiro, completando missões que envolvem minijogos e coleta de objetos para ganhar estrelas. Essas estrelas desbloqueiam batalhas contra Bowser e Gaddgets, dispositivos interativos. O jogo termina após um número fixo de turnos, com possibilidade de turnos extras via &quot;Desafios de Cogumelo&quot;. Há modos adicionais como &quot;Party Land&quot; para duelos e &quot;Challenge Land&quot; para desafios de minijogos. O &quot;Bonus Board&quot; permite usar o GBA para gerenciar jogadas e eventos.
Mario Pinball Land (USA, Australia)	Esta é a história padrão &quot;Bowser sequestrou a princesa e Mario deve resgatá-la&quot;. Neste caso, a princesa é transformada em uma bola e lançada de um canhão do estilo Super Mario 64, que um par de goombas aponta diretamente para o castelo de Bowser. Mario também se transforma em uma bola e corre atrás dela. Existem 5 níveis, cada um consistindo de um conjunto de mesas de pinball. Cada mesa tem algumas saídas (incluindo aquela abaixo dos flippers) que Mario pode usar para mover para outras mesas. Além disso, cada um possui uma estrela, normalmente obtida ao derrotar todos os inimigos na mesa. Algumas saídas exigem que Mario tenha um certo número de estrelas. Para obter acesso ao castelo de Bowser, Mario deve derrotar os chefes dos primeiros 4 níveis, o que lhe dá as chaves estrela. O jogo também apresenta um modo &quot;Time Attack&quot;, que permite aos jogadores lutar contra chefes já derrotados novamente.
Mario Tennis - Power Tour (USA, Australia) (En,Fr,De,Es,It)	Os jogadores podem testar seu backhand nesta aventura única de RPG de tênis. Treine duro na Royal Tennis Academy para ser um campeão. Ganhe experiência e melhore suas habilidades por meio de aulas e torneios, e suba até o topo da classificação. Jogue como Mario, Peach, Waluigi ou Donkey Kong em uma série de modos selvagens. Avance pela história e desbloqueie ainda mais personagens, todos com seus próprios movimentos de poder. Vença Mario em seu próprio jogo e, em seguida, junte-se a um ou três amigos para uma diversão ainda mais frenética.
Mario vs. Donkey Kong (USA, Australia)	&quot;Mario Vs. Donkey Kong&quot; é um jogo lançado para o Game Boy Advance em 2004. O enredo do jogo gira em torno de um conflito entre o icônico personagem da Nintendo, Mario, e seu antigo antagonista, Donkey Kong. A história começa quando Donkey Kong, encantado por uma linha de brinquedos chamada Mini-Marios, decide roubar todos os bonecos. Mario, então, parte em uma jornada para resgatar os brinquedos e derrotar Donkey Kong. O jogo apresenta uma jogabilidade de quebra-cabeças, onde os jogadores controlam Mario através de uma série de fases, resolvendo desafios para chegar ao final e recuperar os brinquedos. Os jogadores também podem usar um editor de níveis para criar suas próprias fases e compartilhá-las com outros jogadores. &quot;Mario Vs. Donkey Kong&quot; é conhecido por sua jogabilidade envolvente e desafiadora, além de uma trilha sonora cativante. O jogo recebeu críticas positivas da crítica e é considerado um dos melhores títulos do Game Boy Advance.
Marvel - Ultimate Alliance (USA)	Marvel Ultimate Alliance é um RPG de ação para Gameboy Advance. O título retoma o universo da Marvel Comics, em uma história onde o Doutor Destino e os Mestres do Mal querem colocar a humanidade em perigo. Você pode escolher quatro heróis entre os muitos personagens disponíveis para realizar as várias missões do jogo.
Mat Hoffman's Pro BMX (USA, Europe)	O lendário ciclista de BMX Mat Hoffman lidera um elenco com alguns dos melhores pilotos do planeta neste título no estilo Tony Hawk's Pro Skater. Execute manobras e some pontos para avançar por cada nível em percursos de Street, Vert e Dirt, ou desafie um amigo no modo de tela dividida para dois jogadores e veja quem tem a melhor bike da cidade. O modo Carreira permite que você evolua o personagem escolhido e construa, como o nome diz, uma carreira. Além disso, o Editor de Pistas BMX permite que você crie seus próprios percursos de Street, Vert e Dirt para a ação no modo multijogador.
Mat Hoffman's Pro BMX 2 (USA, Europe)	Matt Hoffman's Pro BMX 2 leva você para um passeio por cidades de mundo aberto, onde você pode realizar uma variedade de manobras radicais com sua bicicleta. Escolha entre vários ciclistas profissionais, incluindo Matt Hoffman, Ruben Alcantara, Cory Nastazio, Mike Escamilla, Nathan Wessel e Joe Kowalski, e comece sua carreira no BMX. Você viajará para oito cidades expansivas que ganham vida com helicópteros, barcos, carros e pedestres. Em seguida, desafie seu amigo no modo Push, onde a cada manobra bem-sucedida, sua parte da tela aumenta enquanto a do seu amigo diminui.
Max Payne (USA)	O jogo centra-se no ex-detective da polícia de Nova Iorque Max Payne, que tenta resolver os misteriosos assassinatos da sua mulher e filha, em ligação com um caso de tráfico de droga envolvendo um designer de drogas chamado &quot;Valkyr&quot; e, ao fazê-lo, está a envolver-se numa conspiração maior, nas forças armadas americanas. Apresenta um estilo neo-noir agridoce e usa painéis de romance gráfico (com voice-overs) no lugar de cutscenes animados para narrar o jogo, uma vez que se inspira em romances de detetive cozidos por autores como Spill Mickeyane. O jogo contém muitas alusões à mitologia nórdica, particularmente o mito de Ragnar'k, e vários dos nomes usados no jogo são os dos deuses nórdicos e mitos. A jogabilidade é fortemente influenciada pelo género de cinema de ação de Hong Kong, em particular pelo trabalho do realizador John Woo[7][7][7], e foi um dos primeiros jogos a apresentar o efeito do tempo de bala popularizado pela Matrix.
Mazes of Fate (USA) (En,Fr,De,Es,It)	Os deuses sentenciaram a humanidade à extinção, e a única salvação é um artefato mágico roubado por inimigos. Em Mazes of Fate, um RPG dungeon-crawler em primeira pessoa, você cria seu herói para tentar salvar o mundo. Explore o mapa-múndi e cidades em visão superior para aceitar missões e comprar itens, e enfrente masmorras perigosas em primeira pessoa. O combate acontece em tempo real com vasta variedade de itens, monstros e até 5 aliados recrutáveis.
Mech Platoon (USA)	Um jogo de estratégia em tempo real (RTS) para o GBA. Jogadores constroem um exército de robôs mecânicos para capturar 5 planetas em uma série de missões contra duas outras nações. Os robôs do jogador são construídos e melhorados ao construir laboratórios, bases e buscando campos de batalha por partes de inimigos. Todos os elementos chave de um RTS no seu GBA.
Medal of Honor - Underground (USA)	MEDAL OF HONOR: UNDERGROUND chega ao seu sistema Game Boy Advance com poder de fogo, inimigos mortais e missões extensas que desafiarão sua coragem e determinação. 17 níveis de jogo com modo de disfarce e múltiplas armas tornam este jogo emocionante. A ação multijogador significa que você pode compartilhar a experiência, e um recurso de salvamento completo permite pausar a ação e retornar à sua missão mais tarde!! Então seja corajoso e você receberá a medalha.
Mega Man & Bass (USA)	O poderoso robô King tomou a base do Dr. Wily, invadiu o Museu do Robô e roubou 100 CDs contendo planos secretos de robôs, na esperança de criar o derradeiro exército invencível! E para piorar, ele enviou 8 robôs mestres para provar seu novo poder! Mega Man é o único que pode detê-lo... ou assim ele pensava! Bass, a maior criação do Dr. Wily e o rival jurado de Mega Man, está, pela primeira vez, LUTANDO AO LADO de Mega Man! Claro, é só para provar que ele é o robô mais forte já feito, e ele fará isso destruindo o exército de maníacos mecânicos do King! Agora, Mega Man e Bass estão partindo para recuperar todos os CDs que King roubou. Corra, pule, deslize, dispare e abra caminho para destruir essa nova ameaça!
Mega Man - Battle Chip Challenge (USA)	Lan, Chaud, Dex e outros personagens do universo de Mega Man Battle Network se reúnem para competir no Battle Chip GP. Cada um busca chegar ao topo do torneio para conquistar o grande prêmio: um battle chip extremamente raro. A história gira em torno dessa disputa intensa entre os personagens, cheia de desafios e rivalidades enquanto avançam rumo à vitória no campeonato.
Mega Man - Battle Network (USA)	No futuro, um jovem lutador da rede chamado Lan, inicia seu &quot;terminal de informação pessoal&quot; (PET) e se prepara para hackear a rede para combater crimes virtuais. O PET de Lan não é um navegador da rede comum. Ele é Mega Man.EXE, a ciber-identidade, que infiltra a rede infestada de crime para combater destrutivos vírus de computadores. Derrote vírus em tempo real e colecione dados dos Chips de Batalha, contendo preciosos dados de armas e informações críticas de sistema. Colecione mais de 175 Chips de Batalha para ajudar Netto e Mega Man.EXE a restaurarem a paz e ordem para a rede.
Mega Man - Battle Network 2 (USA)	Netto Hikari (também conhecido como Lan Hikari) e seu Navi MegaMan.EXE estão de volta em uma nova aventura! Após derrotar o sinistro Mundo Três (WWW) e seu líder, Dr. Wily, Netto e MegaMan tornaram a internet segura novamente. Mas um novo grupo terrorista da internet, liderado por um misterioso novo Navi chamado Gospel, começou a espalhar caos e medo pela internet! Netto e seus amigos Meiru, Dekao e Yaito precisam descobrir o plano deles e detê-los antes que a internet seja apagada!
Mega Man - Battle Network 3 - Blue Version (USA)	Junte-se a MegaMan.EXE, seu operador Lan e seus amigos enquanto eles mantêm a rede protegida contra vírus e ameaças cibernéticas. Você viajará por novos mundos virtuais e reais, lutará contra novos chefes, interagirá com novos personagens e até encontrará novos Chips de Batalha. É o caos cibernético em sua melhor forma! Mega Man Battle Network 3 tem duas versões exclusivas: Azul e Branca. Cada versão contém Chips de Batalha, personagens e estilos exclusivos para MegaMan.EXE usar.
Mega Man - Battle Network 3 - White Version (USA)	Junte-se a MegaMan.EXE, sua operadora Lan e seus amigos enquanto eles protegem a internet de vírus e ameaças cibernéticas. Você viajará por novos mundos virtuais e reais, enfrentará novos chefões, interagirá com novos personagens e até encontrará novos Battle Chips. É o caos cibernético em sua melhor forma! Mega Man Battle Network 3 possui duas versões exclusivas: Azul e Branca. Cada versão contém Battle Chips, personagens e estilos únicos para usar em MegaMan.EXE.
Mega Man - Battle Network 4 - Blue Moon (USA)	O quarto jogo na série Mega Man Battle Network vem em duas versões - Red Sun e Blue Moon - cada com diferentes inimigos, battle chips, souls, e personagens. Novamente, você assume o papel de Lan onde ele e seu amigo, Mega Man.exe, lutam para livrar a Internet de virus e outros inimigos do ciberespaço. Diferente de outros jogos da série, Mega Man Battle Network 4 foca em um sistema de torneio onde jogadores encontram uma variedade de inimigos que devem ser derrotados. Um novo sistema Soul Unison permite a Mega Man se transformar nos seus inimigos derrotados.
Mega Man - Battle Network 4 - Red Sun (USA)	Em Mega Man Battle Network 4: Red Sun para Game Boy Advance, o destino do mundo repousa nas mãos de Lan Hikari e seu NetNavi, MegaMan.EXE. Um asteroide mortal se aproxima da Terra, e a única esperança é o lendário torneio 'Battle Network Tournament', onde os NetNavis mais fortes se enfrentam. Mas enquanto Lan e MegaMan sobem nas classificações, eles descobrem uma trama sinistra por trás da competição. Prepare-se para batalhas cibernéticas estratégicas, personalização de chips e uma corrida contra o tempo para salvar o planeta da destruição iminente.
Mega Man - Battle Network 5 - Team Colonel (USA)	&quot;Mega Man Battle Network 5 - Team Colonel&quot; para Game Boy Advance é um jogo de RPG de ação onde os jogadores assumem o papel de Lan e seu parceiro NetNavi, MegaMan.EXE. Juntos, eles devem explorar a rede cibernética, enfrentar vírus maliciosos e derrotar inimigos poderosos para proteger o mundo digital. Prepare-se para batalhas emocionantes e estratégicas neste incrível jogo da série Mega Man!
Mega Man - Battle Network 6 - Cybeast Falzar (USA)	Em Mega Man Battle Network 6, o pai de Lan recebeu uma transferência de emprego e a família se muda para Cyber ​​City, uma cidade conhecida por conduzir diversos experimentos tecnológicos. Lan conhecerá novas pessoas e construirá novas amizades no mundo real, enquanto Mega Man faz amizade com o prestativo Navis e encontra novos inimigos perigosos no plano virtual. Juntos, eles enfrentarão ameaças muito mais poderosas e perigosas do que nunca.
Mega Man - Battle Network 6 - Cybeast Gregar (USA)	Em Mega Man Battle Network 6, o pai de Lan recebeu uma transferência de emprego e a família mudou-se para Cyber ​​City, uma cidade conhecida por conduzir vários experimentos tecnológicos. Lan conhecerá novas pessoas e fará novas amizades no mundo real, enquanto Mega Man se torna amigo de Navis e encontra novos inimigos perigosos no plano virtual. Juntos, eles enfrentarão ameaças muito mais poderosas e perigosas do que antes.
Mega Man Zero (USA, Europe)	É o ano 22XX... Os lendários heróis dos Reploids, X e Zero, derrotaram o malvado Sigma há muito tempo, e um novo exército foi criado para prevenir surtos do vírus Maverick. Mas com o passar do tempo, o exército tornou-se opressivo e começou a aplicar um tipo paranóico de justiça. Diz-se que seu líder, que já foi um grande guerreiro, tornou-se frio e calculista, eliminando qualquer Reploid que ouse se opor a ele. Um herói é necessário nestes tempos sombrios, e foi exatamente isso que Ciel e seu grupo rebelde encontraram em uma antiga ruína... um herói do passado, renascido no futuro. Zero chegou a um tempo que não conhece, para salvá-lo de uma figura do passado... o destino da liberdade está sobre seus ombros.
Mega Man Zero 2 (USA)	Um ano após os eventos de Mega Man Zero, o herói se encontra em outra batalha para salvar o mundo. Pego entre reploids e humanos, o novo comandante de Neo Arcadia enganou Zero a ajuda-la, embora suas razões são incertas. Para corrigir o problema, Zero deve batalhar através de nível após nível, usando sua nova arma Chain Rod para agarrar-se a elevações para ganhar vantagem em colecionar itens fora de alcance ou atacar inimigos por cima. Cyber Elfs podem novamente ser coletados para ganhar úteis poderes. Novo a série é um modo de desafio para dois jogadores, onde o primeiro a completar o nível ganha.
Mega Man Zero 3 (USA)	Na terceira parcela da série Mega Man Zero da Capcom, você, sem surpresa, joga como Zero. Continuando de onde o Mega Man Zero 2 parou, você tem que encontrar e neutralizar o recém-escapado &quot;Dark Elf&quot;, antes que ele possa fazer uma lavagem cerebral na Resistência com o propósito de conquistar Neo Arcádia. Além do antigo sistema Cyber Elf, este jogo também contém um novo sistema de &quot;chip&quot;, onde Zero pode ganhar novas habilidades encontrando chips e instalando o chip em si mesmo. Mas eles não decidiram abandonar os Cyber Elves neste jogo, não dando a eles nada de novo. Não, para estender a vida dos Cyber Elfos, eles adicionaram o novo conceito de &quot;Cyber Space&quot; aos níveis, onde você entra por uma porta para o Cyber Space e pode usar cada Cyber Elf o quanto quiser sem que eles morram . No entanto, não há muitos &quot;Discos Secretos&quot; (itens que podem conter qualquer coisa, desde perfis de personagens a Cyber Elfos a novos chips) no Cyber Space, então é melhor passar mais tempo no nível normal.
Mega Man Zero 4 (USA)	O Zero Knuckle... a pior nova ferramenta no arsenal de Zero permite que você roube as armas dos inimigos e as use em batalha. Empregue isso junto com inúmeros outros movimentos legais para lutar contra o exército Neo Arcadian, derrotar o malvado Dr. Weil e ajudar a caravana de humanos a alcançar a paz e a segurança da Área Zero.
Men in Black - The Series (USA)	A escória do universo continua escapando pelas brechas do sistema e chegando à Terra. Como um agente dos Homens de Preto, seu trabalho é detê-los. Armado com armas avançadas, incluindo a Grilo Barulhento (Noisy Cricket), a arma de congelamento e o lançador de granadas, você enfrentará uma variedade de alienígenas por toda Nova York e até mesmo no espaço.
Metal Slug Advance (USA)	Você é um guerreiro da guerra, mas agora está sozinho. Os inimigos capturaram suas tropas aliadas e cabe a você recuperá-los. Armado até os dentes com armas de fogo, granadas e veículos &quot;Slug&quot; especialmente feitos, você deve viajar pelos níveis e explodir qualquer coisa que não seja amigável. Dois personagens são oferecidos para jogar como, e junto com o visual usual do Metal Slug e sequências de batalha épica contra inimigos estranhos e surpreendentes, agora você pode coletar E-cards especiais durante o jogo. Os aliados salvos entregarão a você essas cartas que, quando trazidas de volta ao acampamento, podem aumentar a munição, o poder e muitas outras melhorias para alterar a experiência de jogo.
Metroid - Zero Mission (USA, Australia)	Ela lutou contra bandidos em quase todos os sistemas da Nintendo, e agora, Samus Aran retorna às suas raízes. Metroid: Zero Mission revive a história que começou tudo - revelando pela primeira vez os detalhes completos de seu encontro com os Metroids. O enredo será familiar para os fãs de longa data da série Metroid, mas os desafios são novos, os power-ups são abundantes e os gráficos e o som são supercharged. Além disso, se você pensou que o Metroid original teve um final surpreendente, espere até que você passe pelo Mother Brain em Metroid: Zero Mission. Uma nova reviravolta proporciona uma aventura mais profunda do que nunca.
Metroid Fusion (USA)	Enquanto apoia a missão no planeta SR388, a caçadora de recompensas interestelar Samus Aran é atacada por um parasita X, um organismo com a habilidade de imitar as habilidades de qualquer criatura que ele infecta. Perto da morte, Samus é salva por uma vacina feita a partir do DNA do último Metroid - o único predador natural do parasita X. Quando o X se espalha para uma estação de pesquisa em órbita ao redor de SR388, uma Samus enfraquecida é forçada a exterminar todos eles ... ou morrer tentando.
Micro Machines (Europe) (En,Fr,De,Es,It)	O jogo de corrida aditivo que todos cresceram amando no passado está de volta e ainda mais aditivo no GBA. Apresentando a clássica vista área apresentada na série original vamos um passo a frente para trazer a intensidade ele precisava no GBA usando a popular série de ferramentas &quot;bengine&quot;. Casado com jogabilidade intensa, algumas das cores mais vibrantes no GBA e um aditivo modo multijogador para 4 jogadores este é um game que você não pode perder. Esta versão no Game Boy Advance da longa série de jogos de corrida e ação foi lançada apenas na Europa.
Midnight Club - Street Racing (USA)	Midnight Club traz a ação de alta velocidade e aventura para o Game Boy Advance. O conceito por trás deste jogo deriva das corridas ilegais dos clubes noturnos da vida real. A essência do jogo consiste em corridas de alta velocidade com manobras radicais pelas ruas completamente abertas da cidade. Viva a vida na pista da loucura, fuja da lei e acumule um arsenal de veículos.
Mike Tyson Boxing (USA) (En,Fr,De,Es,It)	Com mais de 100 pesos pesados diferentes e um arsenal completo de golpes no corpo que esmagam as costelas, roundhouses que fazem o cérebro abalar a cabeça e uppercuts de tirar o fôlego, o Mike Tyson Boxing para Game Boy Advance dá aos jogadores a chance de construir um boxeador e levá-lo ao topo.
Mission Impossible - Operation Surma (USA) (En,Fr,Es)	Operation Surma é o jogo mais recente a apresentar o especialista em subterfúgio Ethan Hunt, onde ele embarca em uma nova missão para impedir a corporação maligna Surma de ter sucesso nos seus planos de dominação global. Jogadores irão seguir Hunt em múltiplas missões que os levarão para locais como Roma, Europa Oriental, o Oriente Médio e mais. Descubra múltiplas maneiras de completar aventuras nas missões enquanto calculando fatores como riscos, tempo e recursos. Use um arsenal de armas de múltiplo propósito de alta tecnologia, disfarces e engenhocas, ou subjugue seus inimigos no modo antigo com ataques corpo-a-corpo furtivos.
MLB SlugFest 2004 (USA)	&quot;MLB SlugFest 20-04&quot; é um jogo de beisebol arcade lançado para Game Boy Advance em 2003. É uma das variações da série de jogos &quot;MLB SlugFest&quot;, que se diferencia dos jogos de beisebol mais realistas por apresentar mecânicas mais exageradas e intensas.
Monopoly (USA)	Ser um magnata do mercado imobiliário costumava ser um trabalho árduo. Graças à tecnologia, o computador faz todo o trabalho difícil, como rolar os dados, por você. Livre da ansiedade de discutir sobre propriedades, você tem bastante tempo para planejar sua próxima jogada financeira. Até quatro jogadores, ou você e três oponentes controlados pelo computador, se revezam no tabuleiro. Um jogador vence quando os outros perdem tudo. Você também pode jogar no modo rápido ou no modo com limite de tempo. Em qualquer um dos modos de jogo, você pode definir suas próprias regras.
Monster Force (USA)	Este jogo é um shooter isométrico, no estilo de Zombies Ate My Neighbors. Resumindo: corra, acione interruptores, atire nos inimigos e tente não morrer. Desafios cronometrados, multiplayer de GBA e chefões dão um toque especial. Criado como um produto derivado da atualização dos monstros do cinema da Universal – Drácula, Frankenstein, a Múmia e o Menino Lobo em versão superdeformada são as estrelas.
Monster Gate (Japan)	Monster Gate coloca você na pele de um herói explorador em um RPG de estratégia com elementos de exploração de masmorras. O título apresenta uma mecânica focada em combate por turnos e movimentação em mapas baseados em grades, onde a visibilidade é limitada pela névoa de guerra. Os jogadores devem coletar cartas de habilidades e itens mágicos para enfrentar monstros e superar armadilhas complexas. O objetivo principal é atravessar os diversos andares do portal, derrotando chefes para avançar na história. O jogo destaca-se pela sua gestão de recursos e pela necessidade de planejar cada movimento para sobreviver aos encontros aleatórios e alcançar a saída de cada nível.
Monster House (USA) (En,Fr)	Oh, não! A casa do velho Nebbercracker está devorando tudo e todos que se aproximam, e o Halloween está quase aí! Então, pegue seu Lança-Águas, reúna sua coragem e prepare-se para explorar a Casa Monstro™ e descobrir seus segredos. Monster House é um jogo de ação e aventura desenvolvido pela Artificial Mind and Movement e publicado pela THQ. O jogo é baseado no filme de mesmo nome. DJ, Chowder e Jenny exploram a casa assombrada senciente para salvar o Halloween. Os jogadores alternam entre as três crianças, usando armas de água para combater móveis vivos e obstáculos enquanto resolvem quebra-cabeças em nove capítulos
Monster Jam - Maximum Destruction (USA)	Assuma o volante dos monster trucks mais famosos do mundo, equipados com um arsenal brutal de armas, e enfrente seus adversários em combates veiculares selvagens. Entre na arena, segure firme e avance por cenários interativos com múltiplos subníveis, manobras, armadilhas e surpresas. Jogue em busca da destruição total enquanto domina suas manobras em seis modos de jogo, incluindo uma sessão Freestyle e o modo Championship sem restrições, onde suas recompensas se convertem no ápice da destruição com monster trucks.
Monster Rancher Advance (USA)	Monster Rancher Advance é um simulador de criação de monstros que permite aos jogadores criar e personalizar 440 tipos de monstros. Esses monstros podem ser testados em torneios no jogo ou batalhar contra outros jogadores no modo 2P com o cabo de ligação GBA. Monstros são criados no santuário do jogo através da entrada de letras, números e símbolos de pontuação. Os jogadores começam com a capacidade de inserir até 4 caracteres para criar monstros e podem desbloquear a capacidade de usar até 8 caracteres através da obtenção de classificações mais altas de treinador. Palavras ou combinações diferentes de personagens podem não apenas criar tipos diferentes de monstros, mas cada monstro pode ter atributos e características variadas, tornando cada um único.
Monster! Bass Fishing (USA)	&quot;Monster! Bass Fishing&quot; é um jogo emocionante para Game Boy Advance que coloca os jogadores no papel de pescadores experientes em busca das maiores e mais desafiadoras espécies de peixes. Com gráficos impressionantes e uma jogabilidade envolvente, o jogo oferece uma experiência realista de pesca esportiva.
Mortal Kombat - Deadly Alliance (USA) (En,Fr,De,Es,It)	Mortal Kombat: Deadly Alliance é um jogo de luta lançado no Gameboy Advance. Jogue como um dos 12 maiores e mais cruéis lutadores e escolha entre os 3 estilos de luta diferentes qual combina mais com você. Não se esqueça de acabar com seu oponente com uma fatalidade muito sangrenta.
Mortal Kombat Advance (USA)	Game Boy Advance recebe esta versão do fliperama de Ultimate Mortal Kombat 3. Chega completo com modos para um jogador, mais de 20 lutadores, modo de conexão para até 4 jogadores e vários extras para desbloquear. Apresenta o clássica luta 2D de rolagem lateral que fez o Mortal Kombat original tão popular. Fatalidades, Brutalidades e até comandos de Amizade chegaram a esta versão.
Mother 1+2 (Japan)	Mother 1 2 é um RPG em primeira pessoa para Gameboy Advance que reúne os dois primeiros episódios da série. Você joga como um menino cuja casa está possuída e rapidamente descobre que uma tragédia aconteceu lá. Com outros três companheiros, você embarca em uma aventura para entender os meandros desse mistério. Os inimigos se encontram aleatoriamente e você pode usar poderes psíquicos especiais para destruí-los.
Mother 3 (Japan)	Escrito por Shigesato Itoi, Mother 3 é uma obra-prima emocional que se passa nas Ilhas Nowhere. A história começa com a tragédia da família de Lucas, um garoto tímido cuja vida é virada do avesso após a invasão do Exército dos Porcos Mascarados (Pigmask Army). Diferente de outros RPGs, a lore explora a transição de uma vila utópica e simples para uma sociedade corrompida pela tecnologia e pelo dinheiro. A jornada de Lucas envolve despertar as Sete Agulhas para decidir o destino do mundo, enfrentando o luto e descobrindo segredos sobre seu irmão desaparecido, Claus. Com um sistema de combate rítmico e diálogos filosóficos, é um dos jogos mais tocantes já feitos.
Moto Racer Advance (USA) (En,Fr,De,Es,It)	O jogador controla um motociclista e deve tentar ganhar corridas em vários terrenos e configurações. Cada motocicleta no jogo lida de maneira diferente, com alguns atuando melhor em estradas pavimentadas e outros trabalhando melhor em terrenos mais irregulares. Existem vários modos diferentes: Grand Prix (GP), Motocross e Traffic. A GP acontece em diversos locais do mundo em pistas pavimentadas em lugares como São Francisco e Rússia. As pistas pavimentadas exigem que o jogador aprenda a utilizar eficazmente os seus travões nas curvas. Os cursos de GP contêm pequenas diferenças entre eles, dando mais variedade aos cursos do jogo. O motocross requer que o jogador pilote em terrenos todo-o-terreno e domine o ato de &quot;powersliding&quot; nos cantos. Os cursos encontrados em corridas de motocross são menos hospitaleiros e muitas vezes ocorrem em locais áridos e não cumpridos e com obstáculos. O tráfego mistura GP e Motocross, com cursos mistos de pavimento e tráfego em estradas que servem como obstáculos.
MotoGP (USA) (En,Fr,De,Es,It)	O circuito de Moto GP é um dos circuitos de motociclismo mais populares do mundo. Milhões de pilotos sonham em pilotá-lo por diversão e milhões de outros o pilotam profissionalmente. A THQ traz toda a ação do Moto GP para sua casa com, nada mais nada menos, que Moto GP para Game Boy Advance. Moto GP oferece quatro modos de jogo (corrida rápida, torneio, grande prêmio e contra o relógio) e recursos multiplayer para até quatro jogadores via cabo de link. Moto GP também apresenta algumas das motos mais incríveis de fabricantes como Suzuki e Le Mans.
Mr Nutz (Europe) (En,Fr,De,Es,It)	Você é o esquilo estiloso do título e precisa derrotar o malvado Yeti antes que ele congele o mundo inteiro. Sua jornada o levará a explorar diversas áreas, como uma floresta, a cabana de uma bruxa, um vulcão, as nuvens, um circo... Mr. Nutz é um jogo de plataforma em que Nutz deve pular sobre os inimigos para eliminá-los. Seu rabo também pode ser controlado. Você se move pelas fases usando saliências, escadas, pontes e plataformas. Há alguns quebra-cabeças simples que envolvem a manipulação de objetos.
Mr. Driller 2 (USA)	Mr. Driller 2 coloca você na pele do protagonista Susumu Hori ou de sua rival Anna Hottenmeyer em um puzzle de ação vertical. O objetivo fundamental é escavar blocos coloridos para alcançar profundidades específicas, gerenciando constantemente o suprimento de oxigênio através de cápsulas de ar. A mecânica principal envolve a reação em cadeia de blocos adjacentes da mesma cor, que se conectam e desaparecem, exigindo reflexos rápidos para evitar o esmagamento por blocos em queda. O título apresenta diversos modos de jogo, incluindo o Mission Driller, Endless Driller e um modo Versus competitivo via cabo Game Link.
Ms. Pac-Man - Maze Madness (USA)	Ms. Pac-Man Maze Madness é uma combinação de ação clássica do Pac-Man (ou, neste caso, Ms. Pac-Man), exploração de labirintos e elementos de quebra-cabeça à la Sokoban. Os jogadores assumem o papel de Ms. Pac-Man e precisam salvar Pac-Land mais uma vez. Embora o jogo seja totalmente 3D, os jogadores só podem se mover por caminhos designados. As quatro Maravilhas, regiões místicas separadas do restante da Terra do Pac por campos de força, contêm quatro Joias da Virtude: Generosidade, Verdade, Sabedoria e Coragem, cada uma com poder suficiente para ajudar a manter a Terra do Pac segura do mal. No entanto, um inimigo desconhecido transformou o Castelo Encantado em uma casa mal-assombrada, iniciando uma reação em cadeia do mal por toda a Terra do Pac e as quatro Maravilhas. Cabe à Sra. Pac-Man entrar nos mundos projetados em 3D das quatro Maravilhas e acabar com o mal de vez.
Muppet Pinball Mayhem (USA)	Muppet Pinball Mayhem é um jogo de pinball baseado nos sempre populares personagens dos Muppets. O jogo apresenta músicas e efeitos sonoros reconhecíveis do Muppet Show, além de cenários baseados nos personagens da franquia. Existem três mesas: uma do Kermit (Caco), uma da Miss Piggy e uma do Gonzo. Há também uma mesa secreta de um personagem não revelado. A mesa oculta é desbloqueada no &quot;Modo Aventura&quot;, onde você deve obter uma pontuação alta e atingir um alvo específico para avançar de uma mesa para a próxima. Cada mesa oferece uma variedade de oportunidades de pontuação, incluindo rampas, spinners e vários minijogos internos. Até 4 jogadores podem competir no modo de competição, onde cada um joga por vez tentando alcançar a pontuação mais alta.
MX 2002 Featuring Ricky Carmichael (USA, Europe)	MX 2002 com Ricky Carmichael é um jogo de motocross com dois modos básicos de jogo. Um deles é o de corrida de motocross, onde os jogadores têm as opções padrão de treino, corrida única e temporada, e o sucesso contínuo desbloqueia mais pistas e motos. O outro modo é um modo de treino/competição de motocross baseado em acrobacias, onde os pilotos tentam realizar o máximo de manobras radicais possível em uma arena lotada, dentro de um limite de tempo. O jogo possui um recurso exclusivo: a moto tem embreagem controlável (mesmo em motos automáticas), que precisa ser dominada para se sair bem. O uso correto da embreagem ao aterrissar saltos ou atravessar terrenos difíceis permite que o piloto mantenha a velocidade máxima. Isso deve ser feito em conjunto com o botão &quot;Prime Jump&quot;, que deve ser pressionado antes de um salto ou obstáculo para voar pelo ar.
Namco Museum (USA)	Esta coleção de jogos clássicos de arcade inclui: 1. Dig Dug 2. Galaga 3. Galaxian 4. Ms. Pac-Man (nas versões com rolagem de tela e tela cheia) 5. Pole Position Em alguns jogos, as configurações podem ser ajustadas.
Namco Museum - 50th Anniversary (USA)	Namco honra o 50° aniversário lançando esta compilação de clássicos dos fliperamas. Usando uma interface retrô, você pode checar um museum do fliperama virtual onde você pode selecionar cada clássico no seu gabinete original de fliperama. Os 5 games inclusos são: 1. Pac-Man 2. Ms. Pac-Man 3. Galaga 4. Dig Dug 5. Bosconian
Napoleon (Japan)	No Modo História do jogo, os jogadores assumem o papel de Napoleão Bonaparte, que lidera o exército revolucionário em batalha contra os britânicos. Ambientada no final do século XVIII, a história de Napoleão é contada ao estilo de Fire Emblem, por meio de mapas estratégicos e diálogos entre os personagens. No entanto, o jogo toma diversas liberdades com a precisão histórica, como Napoleão lutando contra ogros devoradores de homens e abomináveis ​​homens das neves. Os objetivos das missões variam ligeiramente, mas a ideia básica é enviar unidades, derrotar o inimigo e tomar a fortaleza adversária.
Naruto - Ninja Council (USA)	Jogo de ação, baseado no mangá Shonen Jump. Assuma o papel do herói da série Uzumaki Naruto e avance pelos níveis de rolagem lateral com a ajuda de Sasuke e Kakashi.
Naruto - Ninja Council 2 (USA)	Naruto: Ninja Council 2 é um videogame de ação, lançado para o Game Boy Advance e é o segundo da série Ninja Council. É baseado no mangá popular e anime Naruto por Masashi Kishimoto e é desenvolvido pela Aspect e Tomy e publicado pela D3 Publisher e Tomy. A ação é simplificada e mais dinâmica. Os jogadores podem se transformar em Naruto, Sasuke e Sakura e usar suas habilidades para derrotar os estágios de rolagem. O jogo também utiliza o cabo de link para um modo cooperativo de dois jogadores e para um modo de batalha de quatro jogadores.
Naruto RPG - Uketsugareshi Hi no Ishi (Japan)	Naruto: Path of the Ninja para o Nintendo DS permitirã jogadores explorar a Vila Oculta nas Folhas e o mundo de Naruto enquanto eles navegam entre florestas, campos, rios e montanhas. Em torno do caminho jogadores encontrarão chefes e inimigos onde devem dominar suas técnicas especiais para derrota-los. Cada um dos 6 personagens jogáveis possuem um sistema único de combate baseado em tempo e jogadores treinarão seu time NInja para aprender mais de 90 técnicas Jutsu.
NBA Jam 2002 (USA, Europe)	Esta versão de NBA Jam para Game Boy Advance (não baseada nos recursos do SNES) apresenta diversos modos de jogo com a ação de basquete exagerada e familiar. Os jogadores podem escolher entre qualquer uma das 29 equipes da NBA, cada uma com vários jogadores-chave para controlar durante a partida... mais de 140 superestrelas no total. Cada profissional no jogo tem seus próprios atributos, desde o controle de bola até o estilo de enterrada, então, se você quer mostrar suas habilidades nas quadras, é melhor saber quais jogadores escolher. O jogo apresenta as jogadas de alley-oop e skypasses características da série, bem como o sempre extremo modo &quot;em chamas&quot;, ativado quando um jogador acerta três cestas seguidas. O jogo só considera faltas por interferência na cesta, então certifique-se de não agarrar a bola quando ela estiver caindo...
Need for Speed - Carbon - Own the City (USA, Europe) (En,Fr,De,Es,It)	Need for Speed Carbon entrega aos jogadores uma experiência de próxima geração de corrida de rua, uma cheia de adrenalina, tudo isso enquanto os jogadores encaram o teste supremo de habilidade de direção em estradas traiçoeiras no canyon. O que começa na cidade se resolve no canyon enquanto Need for Speed Carbon mergulha-o na forma mais perigosa de corridas de rua do mundo. Você e a sua equipe devem competir numa guerra total pela cidade, arriscando tudo para conquistar os bairros dos seus rivais, um quarteirão de cada vez.
Need for Speed - Most Wanted (USA, Europe) (En,Fr,De,It)	Em Need for Speed Most Wanted, você pode tentar se tornar o mais notório corredor de rua vivo. Supere pilotos e policiais para aumentar sua reputação e subir na lista negra das corridas de rua. Você pode escolher entre uma variedade de tipos de veículos e mapas urbanos destrutíveis com atalhos, tráfego e patrulhamento policial.
Need for Speed - Porsche Unleashed (USA)	Need for Speed: Porsche Unleashed é um jogo de corrida para Gameboy Advance onde você assume o controle de carros da famosa marca Porsche. O cartucho oferece vários modos: carreira, corrida em circuito, slalom entre carros ... Sinta as corridas em velocidades extremas.
Need for Speed - Underground (USA, Europe) (En,Fr,De,It)	Need For Speed: Underground é o sétimo jogo da série de corridas Need For Speed. Underground gira em torno de corridas de rua noturnas ilegais com carros importados fortemente modificados e foi muito influenciado pelo filme &quot;Velozes e Furiosos&quot; e sua sequência. Os jogadores têm a chance de construir sua própria máquina de corrida quase do zero, com centenas ou peças licenciadas reais e muitos carros licenciados, incluindo o Mazda RX-7 e o Nissan Skyline GT-R. O jogo também apresenta mais de 100 corridas single player e uma trilha sonora de hiphop/hardrock, incluindo artistas como Mystikal, Rob Zombie e The Crystal Method.
Need for Speed - Underground 2 (USA, Europe) (En,Fr,De,It)	O popular jogo Need For Speed Underground foi adaptado para diferentes sistemas com distintas capacidades. Nele, você dirige em uma cidade dividida em 5 áreas distintas. Como nas outras versões, o objetivo é dirigir bem o suficiente para aumentar a sua reputação. Nesta versão, o trajeto é pré-definido, sem a exploração livre de outras versões. Os carros disponíveis incluem máquinas da Volkswagen, Mitsubishi e Toyota. Há menos opções de upgrades nesta versão, embora a aparência e a dirigibilidade do seu carro ainda possam ser alteradas. A história nesta versão segue um caminho predeterminado.
NFL Blitz 2002 (USA)	Diferente dos simuladores sérios, a &quot;lore&quot; de NFL Blitz é o puro caos esportivo. No Game Boy Advance, o título mantém a essência das máquinas de arcade: partidas de 7 contra 7 onde as regras da NFL foram jogadas pela janela. Não existem faltas por interferência ou ataques tardios; o objetivo é avançar 30 jardas para o first down usando jogadas exageradas e tackles brutais que desafiam a física. Com todos os times e jogadores oficiais da época licenciados, o jogo foca na adrenalina e na diversão rápida, permitindo que você execute passes impossíveis e derrube oponentes com golpes de luta livre. É a experiência definitiva de futebol americano &quot;estilo livre&quot; na palma da mão.
NFL Blitz 2003 (USA)	O jogo oferece partidas de 7 contra 7, onde a jogabilidade é mais rápida, com passes que voam pelo campo e defesas que parecem imparáveis. Apesar do formato portátil, o título mantém a essência do &quot;Blitz&quot; com sua mecânica exagerada: tackles que arremessam jogadores, comemorações espetaculares e uma trilha sonora que te mantém no ritmo do jogo. Escolha entre todos os 32 times da NFL, cada um com seus uniformes e estádios autênticos, e leve-os à glória. Desafie seus amigos em partidas multijogador utilizando o cabo link, ou domine os diferentes modos de jogo sozinho, incluindo o modo temporada. NFL Blitz 20-03 é a escolha perfeita para quem procura uma experiência de futebol americano eletrizante e cheia de adrenalina, sem a lentidão e a burocracia das regras tradicionais.
NHL 2002 (USA)	NHL 2002 foi o único título da série de hóquei da Electronic Arts lançado para o Game Boy Advance. Enquanto as versões de console já haviam migrado para gráficos 3D, o portátil manteve a clássica visão 2D de cima, semelhante aos primeiros jogos da franquia no Genesis e no SNES. O jogo oferece um modo de exibição padrão, um modo de treino com liberdade para escolher quantos jogadores estarão no gelo e um modo temporada bastante diferente: em vez de selecionar um time para jogar toda a campanha, o jogador pode participar de qualquer partida da temporada oficial 2001–2002 da NHL. Se não houver jogos interessantes em determinado dia, é possível pular e simular os resultados. Além disso, o modo temporada permite realizar trocas de jogadores, contratar agentes livres e até criar atletas. Há também suporte para multiplayer via cabo link, com até quatro jogadores em partidas cooperativas ou competitivas. Essa combinação de modos e recursos faz de NHL 2002 uma experiência única dentro da série, especialmente no portátil.
NHL Hitz 2003 (USA)	O que é um sistema portátil sem um jogo de hóquei onde você pode colocar fogo em si mesmo? Nada, é isso... ou pelo menos é o que nos disseram. Como todo mundo adora fogo e todo mundo adora hóquei, não é surpresa que a Midway esteja trazendo NHL Hitz 20-03 para o Game Boy Advance neste outono. Com clássicos como o Modo Em Chamas, animações exageradas e multidões totalmente em 3D, o jogo se expande e permanece fiel às tradições consagradas da série. Como todos os jogos da franquia NHL Hitz, NHL Hitz 20-03 apresenta modos de jogo para até 6 jogadores via cabo link, brigas dentro do jogo e equipes, jogadores e estádios secretos. O título também contará com modos de criação de jogador (Create-A-Player) e mini-games.
Nicktoons Racing (USA)	Nicktoons Racing concentra-se em envolver os jogadores em corridas de kart em diversas pistas com temas dos desenhos animados da Nickelodeon, semelhante à série de jogos Mario Kart. O jogo apresenta uma ampla seleção de personagens jogáveis ​​de vários desenhos da Nickelodeon, incluindo personagens de Rugrats, Aaahh!!! Real Monsters, The Wild Thornberrys, The Angry Beavers, CatDog, The Ren & Stimpy Show, Hey Arnold! e SpongeBob SquarePants.
No Rules - Get Phat (USA, Europe) (En,Fr,De,Es,It,Nl)	One Eye Jack, um skatista mirim durão e líder da turma Sem Regras, precisa impedir uma invasão alienígena aos seus lugares favoritos. Para alcançar seu objetivo, ele precisa andar de skate como um profissional, ter uma mira certeira com seu estilingue e sua arma de gosma alienígena, e deslizar pelos corrimãos da irresponsabilidade social — tudo em nome da preservação do seu estilo de vida.
Oddworld - Munch's Oddysee (USA, Europe)	Munch, o Gabbit com &quot;gabitude&quot; e seu parceiro Abe conduzem uma revolução fora do comum para salvar o mundo. Com sua terra sagrada em perigo de ser destruída pelo ganancioso Glukkons, Munch e Abe juntam forças para ensinar aqueles delinquentes uma lição usando suas maestrias de canto para controlar o inimigo, armando-se com armas malucas e adquirindo poderes para aumento de poderes. Você pode alternar entre Munch e Abe a qualquer momento para utilizar a habilidade única de cada personagem e acessar certas áreas.
One Piece (USA)	One Piece, também conhecido como One Piece, da Shonen Jump, é um jogo de vídeo em 2-D para o Nintendo Game Boy Advance baseado no 4kids dub do anime One Piece. Desenvolvido por Dimps e publicado pela Bandai, foi lançado em 7 de setembro de 2005. É o único jogo One Piece a ser lançado apenas nos EUA, e o primeiro de dois a não ver um lançamento no Japão. Controle o Monkey D. Luffy através de níveis estilizados de plataformas, com um sistema combo de um botão. Roronoa Zoro, e os outros membros da tripulação podem ser usados como convocação e um total de 15 caracteres aparecem no modo história. Existem 12 chefes diferentes, como Buggy e Smoker (chamado &quot;Chaser&quot; para combinar com o nome do 4kids dub). Há itens que aparecem no mangá e no anime usados como tesouro colecionável, que o jogador pode revisitar para encontrar estágios já limpos.
One Piece - Dragon Dream (Japan)	One Piece Dragon Dream! é um RPG de ação que tem como personagem principal o herói da série Luffy. O jogo começa quando Luffy conhece uma garota misteriosa e finalmente perde a memória. Para restaurar sua memória, Luffy e seus amigos decidem reviver aventuras passadas, selecionando novos lugares de sua carta de pirata e trabalhando por sequências de histórias que representam uma história original criada exclusivamente para o jogo. Quando você exclui eventos, as memórias restauradas de Luffy são armazenadas em um gráfico para visualização rápida.
Onimusha Tactics (USA)	Exerça o poder de mudar a história! Prepare-se para ser jogado em uma massiva batalha do antigo mundo onde cada movimento é uma luta por poder. Una-se a Onimaru, um jovem guerreiro do clã Ogre numa intensa jornada para derrotar Nobunaga e seus exércitos inimigos Genma. Invoque seu poder demoníaco e habilidades com a espada para combater legiões do mal. Gerencie seus recursos e equipamento, reúna seus aliados e aperfeiçoe suas tropas adicionando os guerreiros mais fortes. Use o mapa do campo para estratégia, melhoria das tropas e vantagens táticas para derrotar seu inimigo. Nobunaga deve ser parado!
Open Season (USA) (En,Fr,Es)	Open Season para GBA (Game Boy Advance) é baseado no filme e é uma experiência de jogo completamente diferente da versão do console. A história do jogo segue muito bem o filme e é bem apresentada através de cinemáticas in-game e no estilo de diálogo em quadrinhos. É sobre um urso pardo chamado Boog, que está muito feliz com sua casa domesticada na cidade. Mas um dia ele se mete em problemas com seu novo amigo Elliot e a autoridade da cidade decide colocá-los de volta na floresta onde eles pertencem. Infelizmente, para eles, a temporada de caça está apenas começando e Boog não tem ideia de como sobreviver fora de sua casa com sua amada cuidadora, Beth. O jogo começa pouco antes de Boog e Elliot serem jogados na floresta. Você controla Boog e ele tem muitos movimentos legais. Ele pode pular, rolar, agarrar e jogar animais da floresta, além de rugir. O objetivo do jogo é proteger os animais da floresta dos caçadores. A floresta está cheia de caçadores e caçadores chefes em cada território animal. O seu trabalho é limpar a floresta, então banque o selvagem e reúna um exército de criaturas florestais em uma hilariante missão para assustar os caçadores!
Oriental Blue - Ao no Tengai (Japan)	O game continua a tradição da série Tengai Makyou, também conhecida como &quot;Far East of Eden&quot;. Você joga tanto como Tenran ou Aoi, menino e menina adolescentes, respectivamente, numa jornada para derrotar o mal ancião que ameaça a próspera terra de Jipang, para provar a si mesmos merecedores da lendária Fire Clan, guerreiros que tem protegido Jipang por muitas gerações de demônios malignos e bruxos. A terra Jipang é muito similar ao Japão medieval, e durante sua aventura você também visitará Mongólia, China, e outros países asiáticos. A característica mais importante do jogo é a história não-linear. Você pode atacar várias missões em qualquer ordem que desejar, e a história também muda de acordo com o resultado de batalhas principais. Se você perder contra um chefe inimigo, o jogo não termina, mas ao invés disso, uma história ramificada é revelada. De qualquer maneira, a jogabilidade é similar aos outros jogos da série Tengai Makyou, apresentando um mapa aéreo e perspectiva em primeira pessoa, combate em turnos.
Ozzy & Drix (USA)	Ozzy & Drix é um jogo de plataforma 2D com elementos 3D, baseado na série de desenhos animados de sucesso do Kids' WB!, que por sua vez é baseada no filme Osmosis Jones. Junte-se às aventuras hilárias de Ozzy, um &quot;policial&quot; glóbulo branco, e seu parceiro, Drix, um remédio para resfriado vendido sem receita. Os fãs da série de sucesso agora poderão participar da ação no Game Boy Advance. Percorra uma rodovia de glóbulos brancos na &quot;Cel Camino&quot;, proteja-se da temida &quot;Alancha de Catarro&quot;, enfrente os inimigos Spryman e Gluteus e muito mais enquanto Ozzy & Drix vivem e brincam em seu mundo dentro do adolescente Hector Cruz.
Pac-Man Collection (USA)	Quatro jogos clássicos do Pac-Man estão incluídos nesta coleção da Namco: 1 - Pac-Man: O clássico original do arcade, completo e sem cortes. 2 - Pac-Mania: Uma conversão da atualização de 1987 de Pac-Man, que pega os elementos do jogo original de arcade e os coloca em uma visão isométrica, além de adicionar a habilidade de pular. 3 - Pac-Man Arrangement: Nunca antes reproduzido fora dos arcades, Arrangement utiliza novamente os elementos do Pac-Man original e adiciona um quinto fantasma, que pode mudar de forma e tamanho quando combinado com os outros 4 fantasmas, tornando a vida de Pac-Man mais difícil. Novos power-ups também estão incluídos, como a habilidade de correr rapidamente pela tela, pontos de teletransporte (warp) para ir de um lugar a outro e novas maneiras de capturar fantasmas. 4 - Pac-Attack: Assim como Tetris, você deve encaixar blocos que caem para completar uma linha e limpar a tela. Neste caso, as peças que caem também possuem fantasmas nelas e, assim que a peça do Pac-Man aparece (uma peça com o símbolo do Pac-Man), ele comerá todos os fantasmas que estiverem em seu caminho até chegar a um beco sem saída.
Pac-Man Pinball Advance (USA)	O primeiro contacto não correu como planeado quando os alienígenas acordaram Murray Mendelson da sua sesta da tarde. Disparar primeiro levou-o a uma guerra total contra estes visitantes alienígenas, que não vão parar perante nada até o destruírem. Armado com o seu mosquete e uma fúria inconsolável, Murray tem de defender a sua casa contra todas as probabilidades. Porque é que os alienígenas estão a atacar apenas esta casa? Quem sabe?! Atire primeiro e pergunte depois neste jogo de tiros arcade frenético e interminável, e mantenha estes alienígenas irritantes longe do relvado impecável de Murray!
Pac-Man World (USA)	Ao contrário da maioria dos jogos do Pac-Man, Pac-Man World é um jogo de plataforma e aventura em que o herói redondo e amarelo avança por mais de 20 fases cheias de ação. Ele ainda enfrenta a oposição de seus inimigos fantasmas, como Inky, Blinky, Pinky e Clyde. Ele também precisa correr, pular e nadar para superar outras criaturas malévolas, como esqueletos, aranhas e peixes assassinos. Felizmente, Pac-Man possui uma variedade de métodos de ataque. Com exceção dos fantasmas, a maioria dos inimigos é vulnerável aos projéteis &quot;Pac-Dots&quot;, ao &quot;Ultra Butt-Bounce&quot; (que também o ajuda a pular mais alto) ou ao &quot;Rev Roll&quot;, um impulso de velocidade que permite que Pac-Man realize saltos longos em rampas. Para derrotar os fantasmas, porém, ele precisa primeiro ingerir uma boa e velha Power Pellet e, em seguida, devorá-los antes que o efeito acabe.
Pac-Man World 2 (USA)	Há muito tempo, na época medieval, um espírito maligno chamado Spooky aterrorizava toda Pac-Land. Para enfrentar essa ameaça, o grande Mago Pac criou uma poção que transformou cinco frutas comuns nas “Fruta Dourada”. Um jovem cavaleiro chamado Sir Pac-alot lutou contra Spooky e o selou sob uma enorme árvore, usando as Frutas Douradas, que foram presas aos galhos. Nos dias atuais, já tarde da noite, Inky, Pinky, Blinky e Clyde invadiram a vila e, em meio às travessuras, arrancaram as Frutas Douradas da árvore que ficava no centro da cidade. Infelizmente, isso libertou Spooky de sua prisão. Spooky então ordenou aos fantasmas que levassem as Frutas Douradas e o seguissem, prometendo que juntos poderiam acabar de vez com o povo de Pac-Land. Quando Pac-Man acordou, recebeu a notícia de Professor Pac sobre as Frutas Douradas e sobre Spooky, e partiu em uma jornada para derrotar os fantasmas e enfrentar Spooky.
Payback (Europe) (En,Fr,De,Es,It)	Influenciado por Grand Theft Auto, Payback ocorre ao curso de 4 diferentes cidades totalizando 100 quilômetros quadrados de paisagem. Você pode performar todas as maneiras de atividades ilegais para tentar e acumular riquezas, incluindo roubo de carros, assassinatos, tiroteios e atropelamentos. Roubar veículos é a real essência do jogo, já que esses devem ser usados para várias missões, que são obtidas indo até cabines telefônicas, como em GTA. Há dúzias destas, todas com diferentes características, e incluem caminhões, ônibus e até barcos. As estruturas das missões são não-lineares, o que significa que como você performa pode afetar como partes futuras se desenrolam, e o jogo inclui gráficos de Perspectiva Corrigida 3D com sombras realísticas e efeitos rotacionais, assim como uma completa trilha sonora 3D de rap agressivo e rock &quot;mid-tempo&quot;.
Peter Pan - The Motion Picture Event (USA)	Explore, voe e salve o dia em uma aventura épica repleta de ação, baseada no sucesso cinematográfico da Universal Studios, Peter Pan. Jogue como Peter Pan e junte-se a Wendy, John, Michael e Tinker Bell em uma jornada fantástica de Londres à Terra do Nunca. Reviva batalhas ferozes contra piratas, perigos de arrepiar os cabelos, fugas por um triz e, finalmente, enfrente o notório Capitão Gancho. Jogando em perspectiva de três quartos, Peter Pan pode voar, pular, mergulhar, rolar, andar e usar sua espada para lutar contra os inimigos. Além de combates, resolução de quebra-cabeças e plataformas, os jogadores precisam coletar objetos especiais para vidas extras e pontos de bônus. Desenvolvido pela Saffire, Peter Pan também apresenta cenas digitalizadas do filme.
Phalanx (USA)	Um atirador futurista, Phalanx é o nome do protótipo do caça estelar pilotado por Wink Baufield, um piloto geneticamente melhorado. Ele é enviado para proteger e recuperar Delia IV, um planeta da galáxia Andrómeda, que foi colonizado por humanos para fins de investigação interestelar. No entanto, uma força alienígena desconhecida e poderosa tomou conta do planeta, as defesas militares foram completamente esmagadas e toda a esperança reside na Falange. Voar por oito níveis, primeiro através de vários locais em Delia IV, e depois invadir os próprios alienígenas. Como a maioria dos atiradores, pode actualizar as suas armas recolhendo itens bónus largados por navios inimigos.
Phantasy Star Collection (USA)	Esta coleção contém a trilogia Phantasy Star original, reunida em um jogo. Phantasy Star leva você a liderar um grupo de guerreiros, trabalhando nas artes de combate (ofensivas e defensivas) e mágicas, através de um labirinto de males no coração de onde reside. É seu trabalho destruí-lo, neste caso, três vezes. 1. Phantasy Star - viaje para o Algo Solar System e enfrente o rei Lassic, que trouxe a ameaça do mal para a galáxia. 2. Phantasy Star II - um novo mal está dominando o planeta Mota, e somente você pode restaurar a paz e derrotar as forças mortais que surgem em ondas no caminho do seu caminho. 3. Phantasy Star III: Generations of Doom - embora derrotado, o mal ainda encontra um lugar na galáxia. Leve sua festa a 7 mundos diferentes por 3 gerações e use tudo o que você precisa para se livrar de uma vez por todas. A versão de Saturno também possui Phantasy Star IV: The End of the Millennium.
Pinball Advance (Europe) (En,Fr,De,Es,It)	Pinball Advance apresenta as mesas de pinball Tarantula, Jailbreak e Daredevil, todas totalmente renderizadas em 3D brilhante e cada uma com seus próprios modos de jogo exclusivos para uma ou várias bolas. A mesa Tarantula permitirá que os aspirantes a mestres do pinball se aventurem no covil da aranha e lutem para chegar ao placar, superando o terror da mesa. Em Jailbreak, os jogadores terão que provar sua inocência ao juiz ou escapar dos guardas da prisão. Finalmente, Daredevil dará aos jogadores a chance de arriscar tudo na Roda da Morte e no Loop de Fogo.
Pinball Challenge Deluxe (Europe)	O sucesso de Pinball Dreams e Pinball Fantasies se une para o seu Game Boy Advance. - Experimente diferentes atmosferas com 8 temas de mesas de pinball, incluindo Steel Wheel, Partyland, Nightmare... - Dois jogos em um único cartucho! - Teste suas habilidades em várias rampas, armadilhas e alvos.
Pinball of the Dead, The (USA)	Baseado na série de arcade e no Dreamcast &quot;The House of the Dead&quot;, este jogo combina, de forma simples, pinball e mortos-vivos. As três mesas — Wondering, Movement e Cemetery — são inspiradas em áreas vistas em &quot;The House of the Dead&quot; e &quot;The House of the Dead 2&quot; e estão infestadas de zumbis. Usando sua bola prateada, você deve eliminar os zumbis para salvar cada mesa. Quanto mais inimigos derrotar, mais pontos ganhará e maiores serão suas chances de enfrentar um dos chefes finais.
Pink Panther - Pinkadelic Pursuit (USA)	Quando você pensava que a Pantera Cor-de-Rosa não poderia se meter em mais encrencas... Enquanto pescava tranquilamente no mar em uma preguiçosa tarde de domingo, a Pantera Cor-de-Rosa é subitamente lançada ao espaço em um foguete desgovernado! Junte-se à Pantera Cor-de-Rosa em uma aventura através do tempo e do espaço e encontre o caminho de volta para o planeta Terra! - Viaje para os confins da galáxia, incluindo: o espaço sideral, um emocionante e perigoso mundo subaquático e até mesmo a Idade Média! - Bolas de boliche, tinta spray rosa, um extintor de incêndio e um ímã gigante são apenas alguns dos dispositivos malucos e divertidos à sua disposição! - Use vários disfarces para se esconder dos seus inimigos enquanto realiza tarefas perigosamente impossíveis!
Pitfall - The Mayan Adventure (USA, Europe)	Harry Jr. Fui capturado pelo espírito de um guerreiro Maia diabólico. Preciso de ajuda o mais rápido possível! Continue a jornada como planejado anteriormente, através de florestas tropicais e minas abandonadas, passando por cachoeiras e ruínas. Cuidado... o império Maia está protegido por armadilhas e inimigos mortais. Pense rápido e mova-se ainda mais rápido. Apresse-se !!! Meu tempo está se esgotan.... Pitfall Harry Balance nos cipós, dê uma volta num carro de uma mina abandonada enquanto você se aventura por cinco mundos de muita ação. Escondida neste jogo está a versão original completa de Pitfall. Fique esperto com os sinistros gárgulas, com os crocodilos mortais, esqueletos fantasmas e armadilhas letais.
Planet Monsters (USA) (En,Fr,De,Es,It,Nl)	Neste jogo, só existe uma regra: seja o último a ficar de pé, custe o que custar! Os Monstros do Planeta precisam se enfrentar em oito países únicos, cada um com 5 fases. Quatro monstros podem jogar ao mesmo tempo, então prepare-se com armadilhas, blocos, armas de geleia, granadas... e muito senso de humor!
Pocket Dogs (USA)	Pocket Dogs coloca você na pele de um novo dono de animal de estimação encarregado de cuidar de filhotes adoráveis. O objetivo é escolher entre diferentes raças e construir um laço de amizade através de atividades diárias como alimentar, brincar e passear. O diferencial narrativo é o foco na comunicação; conforme você interage com seu cão, ele aprende novos truques e reações, desenvolvendo uma personalidade própria. No Game Boy Advance, o jogo apresenta um visual colorido e isométrico, permitindo que você decore seu quarto e participe de minijogos para ganhar itens e acessórios. É uma experiência relaxante que captura o carisma dos animais de estimação, focando no gerenciamento de tempo e no carinho virtual.
Pocket Music (Europe) (En,Fr,De,Es,It)	Crie música em qualquer lugar com Pocket Music, o jogo de criação musical. Crie suas próprias músicas a partir de uma seleção de samples, batidas de bateria, linhas de baixo, melodias e outros instrumentos musicais. Reproduza suas músicas, salve-as no seu cartucho ou troque-as com um amigo.
Pokemon - Emerald Version (USA, Europe)	Enfrenta as poderosas equipas Magma e Aqua nesta mais recente aventura Pokémon! Em Pokémon Emerald, protege a região de Hoenn das misteriosas forças de solo e água Groudon e Kyogre, que ameaçam assumir o seu controlo. Felizmente, o poder de Rayquaza – o céu – pode ajudar-te. Até os treinadores de Pokémon mais experientes terão de dar tudo o que têm, uma vez que Pokémon Emerald contém algumas das mais duras batalhas em que alguma vez participarão. Procura os sete novos concorrentes Frontier Brain para localizares todos os símbolos na Battle Frontier. Áreas totalmente novas de Hoenn serão reveladas nesta emocionante extensão de Pokémon Ruby e Pokémon Sapphire. Além disso, através do adaptador sem fios da Game Boy Advance podes trocar e combater com Pokémon Emerald, Pokémon Ruby e Sapphire e Pokémon FireRed e LeafGreen. É até possível estabelecer ligação com o Pokémon Colosseum usando o cabo Game Boy Advance para a Nintendo GameCube!
Pokemon - FireRed Version (USA, Europe)	Pokémon Fire Red é um remake do clássico Pokémon Red. Talvez seja o jogo mais famoso da franquia até hoje! Além dos gráficos melhorados, existem várias novidades em relação aos jogos originais, como a possibilidade de escolher entre um treinador ou treinadora e a inclusão dos tipos &quot;sombrio&quot; e &quot;metal&quot;.
Pokemon - Sapphire Version (USA, Europe)	A corrida para pegá-los começa novamente em Pokémon Sapphire. Esta entrada na série Pokémon apresenta um enredo totalmente novo, novos Pokémon incríveis e jogabilidade de RPG viciante. Uma das maiores adições ao Pokémon Sapphire é o sistema de batalha de dois contra dois, que permite que você se conecte com três amigos para lutar de forma competitiva ou cooperativa. Você também pode mostrar a frieza, beleza, fofura, inteligência e resistência do seu Pokémon em concursos de Pokémon. Com novos Pokémon, batalhas dois contra dois e uma nova região de Hoenn para explorar, Pokémon Sapphire leva a experiência Pokémon para o próximo nível.
Pokemon Pinball - Ruby & Sapphire (USA)	Jogue pinball como de costume, mas substitua a bola por uma Pokébola com a qual você pode capturar os cerca de 200 Pokémons que vagam pelos tabuleiros de jogo.
Polarium Advance (USA)	As regras de Polarium são simples mas, tal como em todos os bons jogos de quebra-cabeças, difíceis de dominar. Cada nível apresenta uma grelha com casas brancas e pretas. Para completares o nível terás de planear o caminho, virando certas peças e colorindo a grelha numa só cor. Tudo no mesmo turno! Polarium Advance tem 365 quebra-cabeças, um por cada dia do ano. Podes ainda disfrutar de um modo Time Attack (contra-relógio) e de um modo de criação de quebra-cabeças para que possas inventar os teus próprios desafios para os teus amigos resolverem.
Polly Pocket! - Super Splash Island (USA) (Vivendi)	Junte-se à Polly e suas amigas para um dia de diversão e surpresas na Ilha Super Splash. Em Polly Pocket, você pode jogar e se divertir em brinquedos aquáticos enquanto adquire habilidades especiais. Colete power-ups e prêmios para ajudar a Polly a se mover mais rápido ou aprimore suas habilidades em cada corrida para ganhar ingressos. As atividades do parque aquático incluem deslizar por boias coloridas, correr em barcos de bate-bate, jogar minijogos e muito mais. Conforme você avança em cada evento, desbloqueia provadores cheios de surpresas da moda. Polly Pocket também oferece modos para dois jogadores.
Popeye - Rush for Spinach (USA, Europe) (En,Fr,De,Es,It)	Em Popeye: Rush for Spinach, Popeye desafia outros personagens populares, como Olívia Palito, Dudu e Brutus, em uma série de corridas com diferentes veículos. O jogo, desenvolvido pela Magic Pockets, apresenta quatro personagens totalmente jogáveis, 12 corridas em cenários interativos e ricos em detalhes, 13 tipos de veículos para cada personagem e um modo multijogador para quatro jogadores, com opções de confronto e cooperação.
Power Rangers - Ninja Storm (USA)	Extraterrestres malignos liderados por Lothor atacaram todas as academias ninja como parte de um plano diabólico para dominar a terra. Apenas três estudantes da academia ninja Ranger dos Ventos e dois estudantes da academia ninja Ranger do Trovão restam. Agora esses estudantes de academias ninjas rivais devem se unir com o misterioso Ranger Samurai Verde para salvar o mundo.
Power Rangers - Time Force (USA, Europe)	A equipe fantasiada de heróis adolescentes percorre espaço e tempo para impedir ocorrências do mal ao longo da história neste lançamento da Game Boy Advance da THQ. Os Power Rangers vão e voltam no tempo para parar o mal e manter o futuro seguro em mais de 15 níveis de jogo. Cada personagem tem habilidades de combate únicas e o jogo também possui um modo de batalha Megazord. A história é avançada através de cenas cortadas em estilo de quadrinhos e um recurso de senha permite que os jogadores salvem seu progresso entre as sessões.
Power Rangers - Wild Force (USA, Europe)	Em Power Rangers Wild Force para Game Boy Advance, os jovens jogadores poderão jogar com seu Power Ranger favorito, desta vez equipado com a força e as características dos Animais de Poder, incluindo o Bisonte, o Tigre, o Tubarão, a Águia e o Leão. A aventura de exploração em 3D com visão aérea (top-down) permite que os jogadores enfrentem os Orgs, uma antiga raça de vilões que pretende destruir o equilíbrio da natureza.
Power Rangers S.P.D. (USA, Europe)	POWER RANGERS: SPACE PATROL DELTA é o sexto jogo da THQ baseado em Mighty Morphin' Power Rangers, levando a equipe para o espaço. No Game Boy Advance, os jogadores controlam os cinco membros da equipe Space Patrol Delta enquanto enfrentam o maligno Imperador Gruumm e seu exército de robôs.
Powerpuff Girls, The - Him and Seek (USA)	Nada é o que parece em Townsville! As Meninas Superpoderosas foram enviadas em uma caça ao tesouro perfeitamente inocente pela professora Keane, até que o maligno Ele (Him) interfere com sua própria versão do jogo para &quot;apimentar&quot; as coisas! Assuma o controle de Florzinha, Lindinha e Docinho para derrotar os vilões, resolver o mistério e dar uma lição no Ele de uma vez por todas.
Powerpuff Girls, The - Mojo Jojo A-Go-Go (USA) (En,Fr,De,Es,It,Nl)	Florzinha, Lindinha e Docinho estão voando no GameBoy Advance. Parece que Mojo Jojo roubou as joias da cidade e as usou para alimentar um exército de robôs cibernéticos chamados &quot;Mobots&quot;. Com os Mobots desencadeando um reinado de terror em Townsville, cabe às Meninas Superpoderosas derrotar Mojo Jojo e seus capangas e impedir que aquele macaquinho malvado tome o controle de Townsville!
Prehistorik Man (USA, Europe) (En,Fr,De,Es,It,Nl)	Em Prehistorik Man, o jogador assume o controle de um neandertal que está em uma missão para viajar por vários níveis, coletando alimentos para preparar sua aldeia para a festa de outono que se aproxima rapidamente. Ao longo do caminho, o jogador encontrará uma variedade de inimigos que vão desde aranhas, ratos gigantes e até o poderoso T-Rex. São cinco níveis ao todo e o jogador pode atualizar suas armas para machados e marretas ao longo do jogo, bem como adquirir uma asa delta, dando ao jogador a vantagem de voar e cobrir longas distâncias. O objetivo principal do jogo é derrotar os inimigos, coletar alimentos e enfrentar um chefe no final de cada nível.
Premier Action Soccer (Europe) (En,Fr,De,Es,It)	Premier Action Soccer é um título com preço acessível baseado na Copa do Mundo FIFA 2006 realizada na Alemanha, lançado no dia de sua estreia. Incluindo todas as 32 equipes participantes do torneio avaliadas em quatro áreas (defesa, meio-campo, ataque e geral) com nomes de jogadores fictícios (embora os fãs vão reconhecer rapidamente quem são T. Brinks e M. Pallack da Alemanha, Manillas da Espanha e Romualdo do Brasil são ), os jogadores podem participar de amistosos, disputar a Copa do Mundo (os verdadeiros grupos de 2006 estão incluídos, mas é possível randomizá-los) ou treinar para disputas de pênaltis. A jogabilidade é simples e direta. Os botões A e B controlam o chute de bola (baixo e alto, respectivamente), sendo possível chutar a gol usando qualquer um deles, tudo dependendo da distância ao gol. Depois de chutar a bola, o jogador pode adicionar aftertouch à bola batendo no direcional, fazendo com que ela se afaste do goleiro ou de um defensor. O botão R permite que o jogador acelere, desde que tenha resistência suficiente, mostrado por círculos brancos sob seu nome.
Premier Manager 2003-04 (Europe) (En,Fr,De,It)	Premier Manager 2003-04 coloca você na pele de um treinador de futebol com o objetivo de levar seu clube à glória máxima. O foco central é a gestão administrativa e tática, permitindo o controle total sobre transferências de jogadores, treinamentos específicos e finanças do clube. A jogabilidade é baseada em menus otimizados para o portátil, onde decisões estratégicas influenciam diretamente o desempenho da equipe em campo. O título apresenta um banco de dados atualizado para a temporada, exigindo que o jogador lide com lesões, moral do elenco e as pressões da diretoria para subir de divisão ou conquistar campeonatos nacionais e continentais.
Premier Manager 2004-2005 (Europe) (En,Fr,De,It)	Premier Manager 2004-2005 para Game Boy Advance é um simulador de gestão de futebol que permite controlar clubes das principais ligas europeias (Inglaterra, França, Alemanha, Itália, Escócia e Espanha). O jogador assume o papel de treinador/gerente, definindo formações, táticas e escalações, além de gerenciar transferências e interagir com a diretoria.
Premier Manager 2005-2006 (Europe) (En,Fr,De,It)	Nesta versão portátil do Premier Manager, o jogador tem a possibilidade de controlar uma equipe das duas principais divisões da Inglaterra, Itália, Espanha, Alemanha ou França, mas muitos jogadores de ligas não jogáveis ​​também estão disponíveis. O treinador é responsável por contratar e vender jogadores e funcionários, melhorar as instalações do clube, como o estádio, a loja e o departamento médico, e, claro, encontrar a tática perfeita (sete à disposição) para os jogadores disponíveis. O jogador pode optar por pular para um dia ou ir direto para o próximo evento, que pode incluir ofertas de transferência de jogadores (ou o progresso em uma), lesões ou outras notícias relacionadas ao clube.
Puyo Pop Fever (Europe) (En,Fr,De,Es,It)	Puyo Puyo é um pouco descendente do Columns. Aqui, você tem blocos de Puyos que caem, cada bloco contendo 2 Puyos. Os Puyos são de cores diferentes, e o objetivo é obviamente eliminar os Puyos limpando sua tela até que a tela do seu oponente esteja inundada. Para explodir os Puyos, nada mais simples: reuni-los por cor em grupos de pelo menos 4. Eles então explodirão, fazendo cair os outros Puyos que eles estavam sustentando... estes últimos podem explodir formando novos grupos e assim fazer uma corrente. A grande novidade neste jogo é que você pode preencher um medidor para entrar no modo &quot;fever&quot;... Neste modo, você tem um certo número de Puyos na tela, que são dispostos de tal forma que você pode explodir todos eles com um único bloco, realizando assim uma corrente que vai atrapalhar o jogo do seu oponente.
R-Type III - The Third Lightning (USA)	Foi o primeiro jogo da série a introduzir novas &quot;Forces&quot;. Além da Force original (que passou a ser chamada de Round Force e, mais tarde, de Standard Force em R-Type Delta), o jogador podia escolher entre outras duas: a Shadow Force e a Cyclone Force. Ambas possuíam novos conjuntos de armas diferentes e melhorias especiais. O jogo também refinou o sistema de armamento e de carregamento. Ele retornou ao sistema original de cores (vermelho-azul-amarelo), e o canhão de onda de difusão de R-Type II foi substituído por um canhão de onda mais padrão. Carregar este canhão até a potência máxima resulta em um feixe massivo e poderoso que atravessa todos os inimigos e obstáculos.
Racing Gears Advance (USA)	Em Racing Gears Advance a Velocidade e ação estão na palma da sua mão! Este jogo de corrida portátil traz carros licenciados, pistas variadas e adversários desafiadores em disputas intensas. Aqui, não basta ser rápido: use nitro para ultrapassar ou ataque com mísseis para atrasar seus rivais. Escolha entre diferentes veículos e pilotos e encare o Modo Prática para dominar as pistas ou o Modo Campeonato para competir em vários circuitos. A cada corrida, ganhe dinheiro para reparar e melhorar seu carro, seja no desempenho (motor, freios) ou no combate (novas armas e upgrades). Com pistas em perspectiva isométrica, o jogo oferece ótima visão e desafios extras, como curvas fechadas e atalhos escondidos que exigem estratégia e coragem. Ideal para quem busca corrida com ação e diversão garantida!
Rampage - Puzzle Attack (USA, Europe)	&quot;Rampage - Puzzle Attack&quot; (2001) para Game Boy Advance é um jogo de quebra-cabeça baseado na clássica série de monstros da Midway, desenvolvido pela Ninai Games. É um clone de Drop Mania onde os jogadores controlam monstros (George, Lizzie, Ralph) para combinar blocos coloridos, liberar presos e destruir estruturas, apresentando modos de jogo únicos, incluindo quebra-cabeças e resgate, com progressão baseada em senhas.
Rapala Pro Fishing (USA, Europe)	Rapala Pro Fishing leva você por 12 locais, como Mille Lacs em Minnesota, Sam Rayburn no Texas, Lake Okeechobee e a Amazônia. Você vai pescar 13 espécies de peixes esportivos, como robalo de boca grande e boca pequena, bagre, muskellunge, walleye e salmão rei. Escolha entre mais de 750 iscas da marca Rapala. Um guia de pesca vai te ajudar se você não souber qual a melhor isca, localização ou estratégia.
Ratatouille (USA)	Os jogadores revivem os momentos mais emocionantes do filme ao assumirem o papel de Remy, um jovem rato que sonha em se tornar um grande chef francês, apesar do óbvio problema de ser um rato. Dos esgotos subterrâneos às movimentadas ruas de Paris, os jogadores correm, planam e deslizam por 6 mundos cheios de ação, cheios de inimigos perigosos, assaltos e missões perigosas. Os jogadores podem enfrentar seus amigos em minijogos multijogador ou navegar por uma sensacional corrida desenfreada que vira o mundo culinário de Paris de cabeça para baixo.
Rave Master - Special Attack Force! (USA)	Vivencie a história em quadrinhos Rave Master neste viciante jogo de ação multiplayer para Game Boy Advance. Empunhe o poder de uma espada lendária enquanto desfere combos de ataque e golpes especiais em batalhas intensas. Domine a Barra de Tensão para ajudar Haru e seus amigos a alcançar a vitória. Ouça o coração do Guerreiro Rave! O primeiro da série (e o primeiro jogo da franquia a chegar aos EUA), este é um jogo de luta 2D baseado na popular série de mangá Groove Adventure RAVE (conhecida como Rave Master pelo público de língua inglesa).
Rayman 3 (USA) (En,Fr,Es)	&quot;Rayman 3&quot; para Game Boy Advance é um jogo de plataforma lançado em 2003. Ambientado no colorido e vibrante mundo de Rayman, o jogo acompanha as aventuras do herói sem membros enquanto ele luta contra as forças do mal para salvar o dia. Com gráficos de alta qualidade, desafios emocionantes e uma jogabilidade envolvente, os jogadores embarcam em uma jornada eletrizante repleta de ação, explorando diferentes ambientes, derrotando inimigos e resolvendo quebra-cabeças. O jogo oferece uma experiência divertida e cativante para os fãs de jogos de plataforma.
Rayman Advance (USA) (En,Fr,De,Es,It)	Rayman Advance é um jogo de GBA. É basicamente uma versão adaptada de Rayman 1, porém com algumas pequenas alterações. O malvado Sr. Dark roubou o Grande Protoon, sequestrou todos os Electoons e derrotou Betilla, a Fada. Rayman precisa viajar por 5 mundos antes de finalmente encontrar o Sr. Dark e derrotá-lo.
Ready 2 Rumble Boxing - Round 2 (USA)	A versão para Game Boy Advance de Ready 2 Rumble Boxing: Round 2 captura a maior parte da ação exagerada encontrada na versão para N64, e os minijogos de treinamento ajudam a adicionar um pouco de variedade à jogabilidade. Dos 180 quilos de fúria de Mama Tua às provocações descoladas de Afro Thunder, Ready 2 Rumble Boxing: Round 2 faz jus à sua reputação de ação arcade absurda. A Midway provou ser um peso-pesado quando se trata de jogos esportivos no estilo arcade, com títulos de grande impacto como NFL Blitz e NBA Showtime provando que ela pode fazer o que fala, além de falar o que diz. Agora, a Midway está trazendo sua popular franquia Ready 2 Rumble para o Game Boy Advance, completa com um ringue giratório 3D e 11 boxeadores cheios de atitude.
Rebelstar - Tactical Command (USA)	Você pode jogar como o líder de uma revolta neste jogo de estratégia em turnos Rebelstar: Tactical Command. O Empério Arelian tomou controle da Terra 70 anos atrás e desde então se tornou um regime opressivo, controlando o mundo com terror e saqueadoras tropas de choque. Você pode revidar equipando um time de rebelados e os controlando em batalha. Rebelstar: Tactical Command inclui uma campanha, escaramuças, e modos multijogadores.
Reign of Fire (USA) (En,Fr,De,Es,It)	Reign of Fire levará os jogadores a batalhas ferozes entre duas espécies ancestrais lutando pela sobrevivência: humanos e dragões. Uma aventura arcade em terceira pessoa repleta de ação, ambientada em um futuro próximo, onde os jogadores escolherão o lado dos humanos — lutando para revidar contra seus inimigos aparentemente invencíveis — ou o dos próprios dragões: um exército formidável de feras cuspindo fogo, determinadas a incinerar tudo em seu caminho. Os dragões permaneceram misteriosos até hoje, apesar de serem as estrelas de Reign of Fire. Os jogadores encontrarão diversas espécies dessas criaturas mortais ao longo do jogo, seja sofrendo seus poderes destrutivos impressionantes ou, melhor ainda, atirando neles.
Revenge of Shinobi, The (USA)	The Revenge of Shinobi é um jogo de acção para a Gameboy Advance. A fim de libertar o mundo da maldição de Ashiro-o, a missão de Shinobi é encontrar 5 espadas elementares e derrotar os Shoguns que as empunham. Se ele quiser ganhar esta aventura, terá de mostrar grande furor e força, e tornar-se um adepto das artes místicas!
Rhythm Tengoku (Japan)	Rhythm Tengoku é um jogo musical baseado na boa sincronização e ritmo. O jogo conta com músicas fornecidas pela produtora de discos J.P. ROOM e é desenvolvido pela equipe responsável por Wario Ware. Isso é evidente na apresentação peculiar do jogo. Assim como em Wario Ware, o jogo na verdade é uma série de mini-jogos reunidos em um único pacote. Antes de cada jogo começar, você é apresentado a um breve tutorial que o prepara e treina antes de começar de verdade. O controle é geralmente muito simples: normalmente, apenas o Botão A é necessário, mas alguns jogos exigem que os jogadores pressionem vários botões para realizar diferentes ações.
Road Rash - Jailbreak (USA)	Este é o jogo para Game Boy Advance da consagrada série de ação com motocicletas. Os jogadores competem pelo troféu na Grande Convenção de Motociclistas e aceleram na pista para vencer a Corrida Selvagem, onde estilo de pilotagem e armas fazem parte do espetáculo. O objetivo é derrotar o vencedor da competição do ano anterior e dar uma surra em seus capangas enquanto isso. Mas fique de olho: a Polícia do Condado não vai te dar trégua. A versão para Game Boy Advance foi desenvolvida pela Magic Pockets para a Destination Software.
Robopon 2 - Cross Version (USA)	Após se tornar a Lenda 1 da Ilha Porombo no jogo original, Cody parte para uma nova terra e um novo torneio. As coisas pioram quando uma violenta tempestade destrói o barco de Cody e o deixa à deriva no mar. Ele acorda em uma cabana na terra de Majiko, mas nem tudo está bem. Ele descobre que as terras vizinhas estão sendo aterrorizadas pelo Homem-Máscara e seus capangas. Para consertar as coisas, Cody precisa viajar 20 anos para o passado e voltar novamente.
Robotech - The Macross Saga (USA, Europe) (En,Fr,De,Es,It,Nl)	Um clássico jogo de tiro 2D que mistura habilmente rolagem lateral e jogabilidade de perspectiva forçada. Jogue como um poderoso lutador da série de sucesso Robotech enquanto luta para salvar o planeta Terra da destruição total. Tiros de canhão automático iluminam os céus nesta guerra intergaláctica épica com as legiões Zentradi. A melhor defesa da Terra é a Veritech Valkyrie, um caça veloz que se move pelo ar com a graça de uma dançarina e tem o poder de uma divisão blindada!
Robots (USA)	Baseado no longa-metragem animado de mesmo nome, Robôs leva você a um mundo onde máquinas semelhantes a humanos caminham pela Terra. Você joga como Rodney Copperbottom — um robô inventor genial que descobre o plano de um vilão para tomar a cidade. Com a ajuda dos seus amigos, você deve superar obstáculos desafiadores para realizar seus sonhos. O jogo permite pilotar veículos robóticos rápidos, aprimorar seu arsenal de gadgets, lutar contra robôs malignos, resolver quebra-cabeças e muito mais.
Rock 'N Roll Racing (USA)	Apresentando várias pistas e uma trilha sonora clássica, Rock N' Roll Racing coloca os jogadores ao volante para uma experiência de corrida de demolição exagerada. No jogo, os pilotos escolhem entre uma variedade de carros, cada um equipado com uma seleção de armas projetadas para ajudá-los a superar a concorrência. Aproveitando o cabo Game Boy Advance Game Link, os jogadores também podem se enfrentar uns contra os outros para uma ação multijogador em ritmo acelerado.
Rockman EXE 4.5 - Real Operation (Japan)	Rockman EXE 4.5 Real Operation é uma semi-sequência dos jogos anteriores, Mega Man Battle Network 4 Red Sun e Blue Moon. Neste jogo, o jogador não controla a Lan - em vez disso, você joga como você mesmo. Na primeira jogada do jogo, você será solicitado a inserir detalhes como data, hora, sua idade e ocupação. Você pode então escolher seu Net Navi (inicialmente disponíveis para seleção são Mega Man, Roll, GutsMan e NumberMan). Ao contrário dos jogos anteriores da Battle Network, você não controla diretamente o seu Net Navi. Em vez disso, você pode dizer ao seu Navi qual inimigo ele deve atacar, bem como a distância de ataque, e eles agirão de acordo com suas instruções.
Rockman EXE 5 - Team of Blues (Japan)	O Dr. Regal e seu sindicato do crime, Nebula, estão de volta à rede. Lan deve, portanto, reativar seu Navi Mega Man para livrar o mundo virtual de seus vírus. O RPG Mega Man Battle Network 5 no GBA vem em duas versões (Team ProtoMan e Team Coronel) que diferem ligeiramente entre si nos poderes que o herói pode acomodar.
Rocky (USA) (En,Fr,De,Es,It)	Baseado na famosa série de filmes de mesmo nome sobre o boxeador Rocky Balboa (interpretado por Sylvester Stallone). Este simulador de boxe possui vários modos, incluindo Modo Filme, Exibição e Torneio de Nocaute. No Modo Filme, você pode seguir a série de filmes, começando cada parte com três oponentes menores e enfrentando o grande chefe no final. Cada personagem tem suas próprias fraquezas. Além disso, você pode treinar Rocky antes de cada luta.
Sabre Wulf (USA)	O amuleto que havia sido posto para aprisionar Sabrewulf foi despedaçado pelo malévolo Dr. Dolittle-Goode. Agora, é com o Sabreman viajar em busca destes vilões; e para recuperar os oito pedaços do amuleto. O jogo é separado em dois modos de jogabilidade; o modo de exploração 3D e o modo de plataforma 2D. O modo de exploração 3D é como Sabreman trafega pelos oito diferentes mundos temáticos de Sabre Wulf. Enquanto não existem inimigos neste modo, há diversas pessoas para se conversar, que podem te ajudar na sua jornada. Também espalhados por ai há mais de 50 níveis de plataforma, que você pode acessar pelos túneis da cabeça do lobo.
Salt Lake 2002 (USA) (En,Fr,De,Es,It,Nl)	Mais rápido, mais alto, mais forte. Sua busca pela grandeza olímpica começa com Salt Lake 2002 para o console Game Boy Advance. Compita contra os melhores atletas do mundo em 6 modalidades olímpicas, com 4 modos de jogo diferentes: Esqui Alpino Downhill, Bobsleigh Dupla, Salto de Esqui K120 Individual, Snowboard Slalom Gigante Paralelo e muito mais. Você conseguirá se juntar aos heróis dos Jogos Olímpicos do passado e conquistar o ouro?
Samurai Deeper Kyo (USA)	Desvende o mistério por trás do súbito reaparecimento do lendário espadachim Demon Eyes Kyo nesta aventura de ação frenética. Pegue suas armas e lute contra hordas de inimigos enquanto vivencia a história de Samurai Deeper Kyo! Recursos: Execute movimentos especiais devastadores. Jogue como Demon Eyes Kyo, Kyoshiro Mibu, Yuya Shiina, Yukimura Sanada ou Benitora. Desbloqueie armas poderosas e modos extras.
Samurai Jack - The Amulet of Time (USA, Europe)	Samurai Jack é um guerreiro banido pelo mago mutante Aku para um futuro bizarro e distorcido. Com seu novo nome futurista, Jack vagueia pela terra em busca de um portal de volta no tempo para corrigir os erros do passado. Ele descobriu sobre um misterioso Amuleto que, quando todas as suas peças forem encontradas, permitirá que ele retorne ao passado. Junte-se a Samurai Jack em uma jornada de honra e vingança em um mundo futurista cheio de maravilhas e ajude-o a livrar o mundo do mal de uma vez por todas.
Scooby-Doo (USA)	A Gangue do Scooby deve solucionar os mistérios da Ilha Assombrosa. Baseado no filme de ação ao vivo, jogadores devem reunir a gangue briguenta, solucionar mistérios e lutar contra os demônios da ilha. Cada membro da Gangue e Cia. está disponível como um personagem jogável.
Scorpion King, The - Sword of Osiris (USA)	Ambientado após o final do filme, The Scorpion King colocará os jogadores novamente na terra do Egito, no papel do próprio Rei Escorpião, que deve encontrar a espada de Osíris e liberar seus poderes contra o maligno Menthu, que planeja liderar suas legiões de guerreiros e destruir o Egito de uma vez por todas.
Scrabble (Europe) (En,Fr,De,Es)	O clássico jogo de palavras cruzadas ganha vida no Game Boy Advance. A jogabilidade reproduz fielmente o jogo de tabuleiro: sorteie as letras, junte-as para formar palavras e coloque-as no tabuleiro. Você pode jogar uma partida completa ou testar suas habilidades nas rodadas rápidas de Anagrama ou Enigma. O jogo apresenta uma extensa lista de palavras baseada na lista oficial do Scrabble, 10 níveis de dificuldade, a possibilidade de personalizar o jogo de acordo com suas preferências e modos de jogo para um ou vários jogadores, permitindo que até quatro fãs de Scrabble se enfrentem.
Scurge - Hive (USA) (En,Fr,Es)	Há 48 horas, um sinal de socorro foi enviado de um laboratório de pesquisa remoto que estudava um organismo virulento identificado como a Praga. Como a caçadora de recompensas Jenosa Arma, você é enviada para resgatar qualquer tecnologia dentro da instalação. Armada com suas habilidades, luvas de projéteis ultrassecretas e um protótipo de traje de batalha, você enfrentará mais de 50 tipos de criaturas infectadas, sejam elas biológicas, mecânicas ou baseadas em energia. Com a Praga não apenas controlando o planeta, mas também correndo em suas próprias veias, espere um combate intenso e ininterrupto enquanto luta por recompensa e sobrevivência.
SD Gundam G Generation Advance (Japan)	SD Gundam G Generation Advance é um jogo de estratégia em turnos com elementos de RPG, parte da sub-série G Generation dentro da franquia Gundam. Aqui, os famosos robôs gigantes aparecem em versões “super-deformadas”, ou seja, estilizadas e mais caricatas. O jogador comanda pequenos grupos de unidades em batalhas que acontecem em dois modos distintos. No primeiro, você movimenta as unidades pelo mapa, escolhe quais inimigos atacar e pode fundir grupos em formações maiores. No segundo, chamado de “battles”, você seleciona o tipo de ataque de cada unidade e observa o resultado dos duelos. A narrativa se desenvolve por meio de diálogos entre as missões, apresentando personagens e contexto da história. O jogo combina estratégia tática com o charme visual dos Gundams em estilo SD, oferecendo uma experiência fiel ao universo da série, mas com mecânicas próprias para o portátil.
SEGA Arcade Gallery (USA)	&quot;Sega Arcade Gallery&quot; (conhecido no Japão como SEGA Arcade Selection) é uma coletânea lançada para o Game Boy Advance em 2003, apresentando versões portáteis de quatro clássicos de arcade da Sega dos anos 80: After Burner, Out Run, Thunder Blade e Super Hang-On. *Out Run: Corrida clássica com seleção de trilha sonora e caminhos múltiplos. *After Burner: Jogo de tiro ferroviário (rail shooter) controlando um F-14. *Thunder Blade: Ação em helicóptero com perspectiva de cima e terceira pessoa. *Super Hang-On: Corrida de motocicletas em alta velocidade.
SEGA Rally Championship (USA)	Sega Rally estreia no formato portátil com esta versão para GBA. Escolha entre diversos carros de rali totalmente licenciados (Subaru, Ford, Toyota, Mitsubishi, etc.) e entre nas pistas de rali. Você encontrará diversos terrenos, de terra a neve, de estradas rurais a colinas na selva. O objetivo é cruzar a linha de chegada com o melhor tempo possível, superando os adversários na disputa pelo prêmio principal. Você terá a chance de aprimorar e consertar seu carro à medida que avança, o que é importante se quiser chegar primeiro à linha de chegada. Quanto mais você ganhar, mais desbloqueará. De novos carros e pistas a minijogos e galerias. Um modo para quatro jogadores também está incluído, onde você pode desafiar seus amigos em um rali competitivo.
SEGA Smash Pack (USA)	Sega Smash Pack é uma compilação para o Game Boy Advance que apresenta ports de 3 jogos do Sega Mega Drive: Sonic Spinball, Golden Axe e Ecco the Dolphin. Enquanto os jogos estão um pouco diluídos, eles jogam basicamente de forma idêntica aos originais. Golden Axe não tem seu modo cooperativo de 2 jogadores, talvez devido à logística envolvida na implementação (os jogos eram sempre de apenas um jogador).
Sennen Kazoku (Japan)	Sennen Kazoku (The Thousand-Year Family) coloca você na pele de um Cupido enviado por Deus para observar e guiar uma família humana ao longo de gerações. O gameplay é um simulador de vida e estratégia em tempo real que utiliza o relógio interno (RTC) do cartucho. O objetivo principal é garantir a prosperidade da linhagem por mil anos, intervindo sutilmente através de setas de inspiração para influenciar casamentos, carreiras e saúde. A mecânica exige monitoramento constante da árvore genealógica e das necessidades dos indivíduos. Caso a linhagem se extinga, o jogo termina. O título foca no gerenciamento de longo prazo e na observação das consequências das escolhas divinas sobre o destino dos personagens e seus descendentes.
Serious Sam Advance (USA) (En,Fr,De)	O jogo apresenta o Egito e Roma como cenários, um novo estilo gráfico e muitos inimigos e armas que retornam de The First Encounter e The Second Encounter. O jogo introduz muitos inimigos e armas novos e exclusivos. A história gira em torno de Sam viajando no tempo novamente, quando um grupo de pessoas estudando civilizações antigas do passado da Terra se depara com as novas forças do exército híbrido de Mental. Sam precisa retornar primeiro ao Egito e depois seguir para Roma, lutando contra hordas de inimigos em seu caminho. Os chefes do jogo (cada um encontrado ao final de um dos dois cenários) são dois comandantes semelhantes a licantropos: a Esfinge Siriana (Egito) e o Wolfiator (Roma). Com a derrota deste último, Sam Stone, mais uma vez vitorioso, finalmente retorna ao seu tempo.
Shaman King - Master of Spirits (USA)	Baseado na popular série de anime, este jogo segue as aventuras de Yoh Asakura, estudante do liceu de dia e xamã à noite. Graças aos seus poderes místicos, este feiticeiro juvenil é capaz de comunicar e unir forças com um guerreiro samurai de 600 anos, e agora chegou a hora de garantir o seu estatuto de Rei Xamã, participando de um grande torneio realizado uma vez a cada 500 anos. Ao mesmo tempo, terás de impedir que um xamã rival maléfico traga o mortífero Guardião dos Demónios de volta à vida. As consequências podem ser desastrosas! Viaje por diferentes cenários infestados de monstros, armadilhas e todo o tipo de perigos nesta aventura ao estilo de Castlevania.
Shaman King - Master of Spirits 2 (USA)	Nesta sequência, o jogador atuará mais uma vez como o personagem principal do Shaman King, Yoh Asakura. Quando se trata de novos recursos exclusivos do jogo, um deles é a capacidade de usar espíritos inimigos derrotados como aliados para ajudar na batalha atual. A Konami introduziu um novo recurso que permite ao jogador conseguir mais combos, ataques especiais e habilidades conforme o jogador avança no jogo. Os espíritos também podem ser atualizados, tornando-os mais úteis para superar armadilhas no jogo. Quando se trata de obter vários outros espíritos, sabe-se que alguns precisam passar por vários níveis e podem ser encontrados em locais aleatórios, geralmente escondidos às vezes. Em termos de gráficos, eles são conhecidos por compartilharem exatamente o mesmo nível de qualidade do jogo anterior.
Shamu's Deep Sea Adventures (USA)	O parque SeaWorld Adventure, tão amado de Shamu, não está indo nada bem - Poseidon quer roubar a mágica do parque de Shamu e SeaWorld. Controlando Shamu, suas aventuras os levarão além do SeaWorld e para as estranhas profundezas debaixo do parque e para o mundo subaquático de Atlantis. Você encontrará incríveis animais aquáticos e até batalhar contra Poseidon, o deus submarino, e sua leal besta, o Kraken. Colecione divertidos coletáveis e abra urnas submarinas e explore 12 níveis exclusivos do handheld, da piscina do estádio de Shamu até as profundezas do oceano de Atlantis. Você é capaz de salvar SeaWorld e Shamu?
Shaun Palmer's Pro Snowboarder (USA, Europe)	Esta versão portátil é diferente de Shaun Palmer's Pro Snowboarder (de consoles), mas ainda apresenta a mesma estrutura. O jogador escolhe entre um grupo de snowboarders que inclui Shaun White, Ingemar Backman, Tara Dakides e o atleta que dá nome ao jogo, Shaun Palmer, com 16 pistas diferentes em quatro locais e pranchas de snowboard autênticas, com outras sendo desbloqueadas ao longo do jogo. Há uma variedade de modos de jogo que incluem Tutorial, Free Ride e VS (que permite que dois jogadores compitam frente a frente), além de um modo Carreira (Career). Existem vários estilos, cada um com seu próprio conjunto de regras e jogabilidade, como o Freestyle, que julga o jogador com base em manobras complicadas executadas durante as corridas — avaliando tanto a complexidade da manobra quanto se o pouso foi perfeito ou se o jogador caiu de costas. O modo Palmer X faz o jogador competir contra oponentes controlados pelo computador em uma descida, enquanto o Superpipe exige que o jogador complete um percurso dentro de um certo limite de tempo para avançar.
Sheep (Europe) (En,Fr,De,Es,It)	Para a maioria das pessoas, as ovelhas são apenas animais comuns, mas na verdade elas são alienígenas que foram enviadas para observar a Terra milhões de anos atrás. Nesse processo, elas foram transformadas nos mamíferos dóceis que todos conhecemos e amamos hoje. Neste jogo inspirado em Lemmings, seu objetivo é guiar as ovelhas por 28 níveis cheios de perigos para que elas possam ser resgatadas por seus primos alienígenas mais inteligentes.
Shifting Gears - Road Trip (USA)	Jogo de aventura de corrida multijogador para Game Boy Advance, lançado no Japão como Choro Q Advance 2. Road Trip: Shifting Gears continua a série de corridas desenvolvida por Takara no GBA e tem a capacidade de vincular a Road Trip: Arcade Edition no GameCube para desbloquear extras. Os jogadores têm controle total sobre a personalização do carro, até os mínimos detalhes com uma oficina de pintura corporal, mais de 100 peças diferentes e vários acessórios de fantasia. Os jogadores competem em 150 eventos de corrida, minijogos, em mais de 64 cursos. O jogo suporta conectividade de cabo de link para até quatro jogadores.
Shin Megami Tensei (Japan)	Um jovem rapaz vive com sua mãe em Kichijoji, um distrito na Tokyo moderna. Um dia, ele tem um sonho estranho: ele está sendo sugado para outra dimensão, uma estrutura parecida com um labirinto. Um espírito aparece na sua frente e pergunta seu nome. Conforme ele procede em frente, ele encontra um homem que está pendurado em uma cruz, outro que está sendo atormentado por um demônio, e uma misteriosa jovem mulher que está se banhando em uma banheira... &quot;Acorde!&quot; - a voz da sua mãe interrompe o sonho. O jovem rapaz acorda e checa seu computador. Subitamente, uma mensagem chega: o mundo está em rota para sua destruição. Apenas ele que pode invocar demônios através de um espaço virtual será capaz de prevenir um desastre. O que isso pode significar? O jovem rapaz sai para fora e descobre que um assassinato ocorreu no parque próximo. O distrito deve ser isolado do resto da cidade até que o assassino seja encontrado. Este foi o começo da história do invocador de demônios...
Shin Megami Tensei II (Japan)	Situado décadas após os eventos do primeiro jogo, a trama se passa na megacidade futurista de Tokyo Millennium, construída sobre as ruínas da antiga Tóquio. A lore foca em Aleph, um gladiador amnésico que é treinado para ser o &quot;Messias&quot; enviado pelos Messianistas para guiar a humanidade. No entanto, a história mergulha em temas filosóficos complexos, revelando corrupção religiosa e o controle tirânico de figuras que se dizem divinas. Com o sistema clássico de recrutamento e fusão de demônios, o jogador deve tomar decisões morais que determinam o destino da humanidade, escolhendo entre os ideais da Ordem, do Caos ou um caminho neutro em um mundo onde a linha entre anjos e demônios é extremamente tênue.
Shining Force - Resurrection of the Dark Dragon (USA)	O jogo segue a história de um jovem herói, Max, que é designado para liderar a Força Brilhante (Shining Force) em uma jornada para salvar o mundo de Rune. Max deve recrutar personagens para sua equipe e lutar contra monstros e inimigos perigosos para selar a escuridão que ameaça o reino.
Shining Soul (USA)	O jogo se passa na terra de Rune, onde uma criatura chamada Dark Dragon montou um exército das Trevas na tentativa de destruir o mundo. Seu personagem é um herói da Frota Brilhante, que prendeu Dark Dragon e seus cinco generais na região de Runefaust e agora está se preparando para fazer um ataque final às forças inimigas.
Shining Soul II (USA)	&quot;Shining Soul 2&quot; para Game Boy Advance é um jogo de ação e RPG que se passa em um mundo de fantasia. Os jogadores embarcam em uma emocionante jornada para derrotar as forças das trevas, explorando masmorras perigosas, lutando contra monstros ferozes e coletando tesouros valiosos. Com múltiplas classes de personagens e habilidades únicas, prepare-se para uma aventura épica cheia de combate emocionante e descobertas incríveis!
Shrek - Hassle at the Castle (USA) (En,Fr,De,Es,It,Nl)	Shrek está em uma missão para resgatar seu amado pântano daqueles personagens de contos de fadas travessos. Com a ajuda de seus amigos, Shrek embarcará na maior aventura de sua vida! Viaje como Shrek, Burro ou Princesa Fiona em uma aventura incrível por sete capítulos da Terra dos Contos de Fadas. Baseado no filme premiado!
Shrek - Smash n' Crash Racing (USA)	Shrek Smash n'Crash Racing é um jogo de corrida para GBA. O título retoma o universo do filme de animação Shrek e permite que você enfrente todos os personagens do jogo em mais de vinte corridas frenéticas. Apenas 4 pilotos são jogáveis ​​no início, mas você pode desbloquear mais 8. Não se esqueça de usar os vários bônus que lotam os circuitos para garantir sua vitória.
Shrek - Super Slam (USA)	Em Shrek SuperSlam, você pode batalhar contra personagens dos filmes do Shrek. O jogo permite que você jogue com um dos 20 personagens, como o heróico Shrek ou o vilão Príncipe Encantado. Use armas, poções ou o golpe especial característico de cada personagem para lutar em 16 arenas totalmente destrutíveis. Depois, batalhe com até quatro amigos ou jogue mais de 30 minijogos.
Shrek - Swamp Kart Speedway (USA, Europe) (En,Fr,De,Es,It,Nl)	Shrek sempre amou seu pântano doce de lar, mas desde que Lorde Farquaad declarou sua terra como o &quot;Grande Lixo do Reino&quot; tem havido mais lixo do que qualquer ogro precisa. Agora Shrek se vê em meio ao lixo nada grandioso do reino e precisa encontrar uma forma de se livrar dele. Então, Shrek colocou o lixo a trabalhar para ele, criando o maior veículo de corrida de todos os tempos — o kart ogro magro e cruel de Shrek. Agora Shrek e as tropas de conto de fadas estão prontos para competir no desafio roadster mais maluco de todos os tempos. Resta apenas uma pergunta: Quem será vitorioso na corrida pelo tesouro do Dragão?
Shrek 2 (USA, Europe)	Desenvolvido por Vicarious Visions, especialista em GBA, Shrek 2 é um jogo de ação fortemente inspirado no clássico da Blizzard, The Lost Vikings. Os jogadores devem passar por desafios de plataforma específicos, utilizando os pontos fortes e habilidades de cada personagem. Shrek é corpulento, então ele pode carregar itens que podem ser empilhados em outro lugar, ou pisar em pisos enfraquecidos. O burro pode saltar mais alto e derrubar paredes. Mais tarde, os jogadores adquirem novos personagens, como o fanfarrão Puss In Boots, que pode se agarrar a paredes e derrubar corrimões, assim como muitos outros personagens do filme. Aprenda os atributos da personalidade, ataques e habilidades de cada personagem para progredir em uma missão cheia de ação. Use a força de ogro de Shrek, o chute de burro de Burro e a habilidade da Princesa Fiona de retardar o tempo.
Sigma Star Saga DX (World) (Limited Run Games)	Sigma Star Saga é uma mistura dos gêneros de tiro de rolagem lateral e RPG. Os jogadores interagem com personagens e exploram o mundo superior, sendo frequentemente &quot;convocados&quot; por naves aleatórias para batalhas. Para completar uma batalha com sucesso, o jogador deve derrotar um número predefinido de inimigos e ganhar experiência com cada inimigo derrotado. À medida que os jogadores exploram o mundo superior, eles também podem descobrir Dados de Armas, que podem ser usados ​​para personalizar o tiro do jogador com mais de 15.000 combinações diferentes de armas, usando habilidades como tiro rápido, tiro vertical e ganho de experiência.
Silent Scope (USA) (En,Fr,De,Es,It)	Esta versão para fliperama não inclui uma pistola de precisão, mas toda a ação de mira continua presente. O objetivo do jogo é resgatar a família do Presidente dos EUA, eliminando todos os inimigos que aparecerem. Quando um inimigo surge, uma área da tela dá zoom, permitindo que você acerte-o facilmente na cabeça. Depois disso, pressione um botão para afastar o zoom e escolher seu próximo alvo.
SimCity 2000 (USA)	SimCity 2000, abreviado SC2K, é um videogame de simulação baseado na criação de cidades. Foi a sequência do SimCity original e o segundo da série SimCity. Maxis o publicou em 1993 para computadores Apple Macintosh e MS-DOS. Posteriormente, foi publicado também para Amiga (1994), Microsoft Windows (1995), SNES (1995), Sega Saturn (1995), PlayStation (1996), Nintendo 64 (1998), Pocket PC (1999) e Game Boy Advance (2003) ) Em 1995, SimCity 2000 recebeu o prêmio de &quot;Melhor Jogo de Estratégia&quot;.
Simpsons, The - Road Rage (USA, Europe)	Senhor Burns está aprontando com suas ganâncias em Simpsons Road Rage, comprando ônibus de Springfield e aumentando as tarifas. Agora, os residentes de Springfield devem converter seus carros para taxis e trabalhar nas ruas. Esperando que façam dinheiro o suficiente para comprar de volta os ônibus antes que o tempo se esgote. Escolha entre 30 dos seus personagens favoritos dos Simpsons e se aventure nas ruas amontoadas de seis enormes níveis, executando acrobacias aéreas e deslizamentos. Compita por passageiros no modo de dois jogadores em tela dividida. Vá em uma fúria de rua, estilo Simpsons.
Smashing Drive (USA)	Smashing Drive coloca você na pele de um motorista de táxi em uma corrida frenética pelas ruas de Nova York. O título apresenta uma jogabilidade de corrida arcade contra o relógio, onde o objetivo principal é chegar ao destino antes dos rivais. As mecânicas focam na utilização de atalhos destrutíveis e na coleta de power-ups que transformam o veículo, como serras laterais, asas de jato e super turbos. O jogador deve gerenciar o tráfego intenso e obstáculos urbanos para maximizar a pontuação e reduzir o tempo total. Com foco em reflexos rápidos e rotas alternativas, o jogo oferece uma experiência de combate veicular em alta velocidade dividida em níveis baseados em marcos reais da cidade.
Smuggler's Run (USA)	Dirigir loucamente e explorar em qualquer lugar através de 3 vastos níveis - floresta das Montanhas Rochosas, deserto e tundra gelada. Como membro de uma gangue de contrabandistas internacionais, é seu trabalho evitar a Patrulha de Fronteira dos EUA, a CIA e rivais criminosos para entregar cargas ilegais. Terá o domínio completo de seu veículo off-road para atravessar o terreno implacável e ficar um passo à frente ... objetivo atingir os checkpoints antes do tempo terminar.
Soccer Kid (USA, Europe)	Alienígenas que tentavam roubar a Copa do Mundo sofreram um acidente durante a fuga, e a taça se quebrou, com seus pedaços espalhados pelo globo. Como Soccer Kid, você deve recuperá-la. Durante sua jornada, você visitará a Grã-Bretanha, a Itália, a Rússia, o Japão e, finalmente, os Estados Unidos. Soccer Kid é um jogo de plataforma com alguns elementos únicos. Como o nome sugere, você precisa eliminar seus inimigos com a bola. Truques no estilo futebolístico, como manter a bola no ar e controlá-la, são especialmente úteis — cabeceios e voleios podem ser aprimorados com prática. Você desbloqueia os pedaços da taça coletando 11 Cartas de Jogador em cada mundo. Há um recurso de salvamento que permite salvar o jogo entre cada país (mas não entre fases individuais).
Sonic Advance (USA) (En,Ja)	Sonic the Hedgehog chegou para sua primeira aventura em um console da Nintendo. Sonic Advance combina elementos da série Sonic original no Sega Mega Drive, bem como da série do Dreamcast Sonic Adventure. Escolha entre Sonic, Tails, Knuckles ou Amy e passe por fase após fase de jogatina rápida e coleta de anéis, esquivando dos inimigos em seu caminho para o confronto final com o Dr. Eggman (aka Dr. Robotnik). Colete Chaos Emeralds ao longo do caminho para se transformar em Super Sonic para maior velocidade e treine seu Chao para trocá-los em Sonic Adventure 2 Battle no Nintendo GameCube. Você também pode jogar modos de batalha de quatro jogadores com seus amigos, usando o cartucho do jogo nos 4 GBAs.
Sonic Advance 2 (USA) (En,Ja,Fr,De,Es,It)	Sonic retorna para uma segunda aparição no Game Boy Advance. Mais uma vez, Sonic é chamado para salvar o mundo do maligno Dr. Eggman. Nesta ocasião, Sonic é acompanhado por seus amigos Tails, Knuckles e Cream the Rabbit, a mais recente adição à equipe Sonic. Cada um deles possui um conjunto de movimentos únicos, permitindo que você alcance certas áreas através das fases. No entanto, ao contrário de Sonic Advance, você deve completar o jogo como Sonic para desbloquear os outros personagens. Chaos Emeralds e SP Rings cobrem as fases. Para recolher as esmeraldas (transformando Sonic em Super Sonic para a batalha final com o Dr. Eggman), você deve encontrar os SP Rings escondidos em cada fase para desbloquear a fase bônus. Complete a fase bônus e a esmeralda é sua. Você também terá a chance de coletar e melhorar os Chaos, e trocá-los no jogo Sonic Adventure 2 Battle no GameCube, através do uso do cabo link GBA/GC.
Sonic Advance 3 (USA) (En,Ja,Fr,De,Es,It)	O terrível vilão Dr. Eggman conseguiu colocar as mãos nas Chaos Emeralds e com seu poder dividiu o mundo em sete partes, espalhando suas invenções por elas! E como se isso não bastasse, Eggman construiu um robô baseando-se em Emerl (Sonic Battle), porém mais poderoso. Agora cabe a Sonic e seus companheiros acabar com mais este plano do terrível gênio do mau, mas desta vez será um trabalho em equipe. Sonic Advance 3 é um jogo do Sonic com uma mudança: o jogador pode jogar com um amigo em um modo cooperativo ou um dos muitos modos multiplayer como Ring Race. O jogo contém recursos do Sonic Advance e Sonic Advance 2, mas com mais opções, como escolher entre 2 personagens no modo história (um personagem principal e um secundário).
Sonic Battle (USA) (En,Ja,Fr,De,Es,It)	Sonic Battle é um pseudo-jogo rápido de luta, semelhante ao Super Smash Brothers da Nintendo. Você pode ter 9 personagens para escolher, 5 modos de jogo; Story, Battle, Challenge, Training, e Mini Games; Você pode ligar até 4 GBAs para lutar contra seus amigos, cada personagem tem vários movimentos que você pode usar para derrotar os seus adversários. O jogo possui um sistema de seleção de ataques aéreos, terrestres e de defesa, e dependendo do tipo de ataque que você escolher para qual área (aéreo/terrestre/defesa), você tem a possibilidade de 9 ataques especiais diferentes para escolher (porém só 3 por vez em uma partida) que você pode mudar cada vez que você perde 1 stock point. Entre os muitos outros recursos, a Sonic Team também fez o jogo mais dinâmico com a adição de um personagem treinável, cujas habilidades e técnicas você pode aprimorar e adicionar. Você pode pegar e escolher todos os aspectos do estilo do robô (correr, atacar, pular, colidir, etc). O jogo leva uma quantidade moderada de tempo para jogar com todos os personagens e acrescenta um tempo de vida mais longo se você quiser jogar e completar tudo (todos os personagens, obter todos os movimentos para o robô treinável, etc).
Sonic Pinball Party (USA) (En,Ja,Fr,De,Es,It)	Sonic Pinball Party é o segundo jogo pinball do Sonic desde Sonic Spinball no início dos anos 90. O jogo tem um modo arcade, um modo tutorial, e um modo versus (Party). O jogo tem mesas de pinball de famosos personagens da Sonic Team, como Nights, Samba de Amigo, e, claro, SONIC! O modo história do jogo é o de sempre, Eggman sequestrou animais que visitavam Casinopolis e está indo transformá-los em seus escravos robóticos. Obviamente, Sonic vai tentar impedí-lo. Antes que o faça, ele tem que ganhar uma competição de pinball e durante o jogo você desbloqueia prêmios. A competição é definida como um formato de batalha. O jogo também tem um modo Casinopolis, que tem jogos de Casino como Roleta. Há também um Chao Garden, assim como nos jogos Sonic Advance.
Sonic The Hedgehog - Genesis (USA)	Sonic the Hedgehog Genesis é um remake do Game Boy Advance do original Sonic the Hedgehog para o Sega Mega Drive, feito em comemoração do 15º aniversário desse jogo, assim como do próprio Sonic the Hedgehog. O jogo é criticado por sua lentidão (por exemplo, obter o item Power Sneakers faz com que o jogo fique lento às vezes, ao invés de acelerar), renderização de música e qualidade de som pobres, física de movimentos má portada, sequências finais encurtadas e diferentes e vários bugs e falhas. Isto o levou a ser considerado um dos piores jogos do Sonic já lançados.
Space Channel 5 - Ulala's Cosmic Attack (USA)	Alerta, galáxia! Os Morolians, uns aliens com péssimo gosto musical e pior ainda com senso de ritmo alheio, estão por aí transformando tudo em uma pista de dança forçada. Mas não tema! Ulala, a diva espacial do Space Channel 5, chegou para botar ordem nessa bagunça em Ulala's Cosmic Attack para Game Boy Advance. Com seus movimentos arrasadores e um blaster que segue o ritmo da batida, ela vai libertar os reféns, dar uma lição nesses invasores e provar que a liberdade de dança é um direito universal. Prepare seus polegares para uma aventura rítmica inesquecível!
Space Invaders (USA, Europe)	Space Invaders é um jogo de tiro no Gameboy Advance. Os invasores alienígenas estão sobre nós e cabe a você eliminá-los. Com a ajuda de sua nave, você deve destruir todos os invasores antes que eles destruam você ou seja tarde demais. Enfrente mais de 13 tipos de inimigos, bem como uma dúzia de chefes em 100 níveis, o aplicativo oferece a possibilidade de se aliar a um amigo para repelir as ondas de alienígenas através de uma conexão multiconsole.
Spider-Man (USA, Europe)	Homem-Aranha, os quadrinhos clássicos co-criados por Stan Lee, agora são um grande filme. Esta conversão do filme para o mundo do video game leva história principal, personagens e arte do filme Homem-Aranha e adiciona uma história de fundo e novos personagens. O Duende Verde é o vilão principal aqui, e como Peter Parker você deve desafiar a gravidade usando seu rastejo de aranha, seu lança-teias e senso de aranha para caçar o nêmesis do Aranha pelos arranha-céus de Nova Iorque. A maior inclusão para este título comparado a série Homem-Aranha anterior (no Playstation também pela Activision) é combate aéreo. Ataque o inimigo no ar enquanto balançando pelas teias, suba e desça enquanto balançando e voandno entre prédios criando uma ênfase maior ao maior habilidade do Aranha, a teia de aranha.
Spider-Man - Mysterio's Menace (USA, Europe)	Situado em Nova York, Spider-Man: Mysterio's Menace permite que os jogadores assumam o papel do Homem-Aranha enquanto enfrentam o supervilão Mysterio e seus truques ilusórios para controlar Manhattan. O Homem-Aranha deve lutar contra uma série de conspiradores sinistros e engenhocas de Mysterio para chegar ao fundo de sua trama e libertar Nova York das garras de Mysterio.
Spider-Man 2 (USA, Europe)	Tornado órfão ainda novo, Peter Parker, um adolescente de bom coração, vive no Queens, Nova Iorque com sua tia e seu tio. Numa viagem da escola para um instituto de pesquisa, Peter Parker é mordido por uma aranha geneticamente modificada e logo descobre que sua visão é perfeita e seu corpo, anteriormente magrelo, se tornou muscular - ele agora possui incrível força, e suas mãos misteriosamente se aderem como cola a qualquer coisa. Assuma o papel de Peter Parker e seu alter-ego Homem-Aranha para defender a cidade das garras do mal. Domine completamente novas habilidades de combate e acrobacias aéreas vertiginosas. Se mova através de incríveis cenas do filme enquanto explora enormes ambientes da cidade com sua recém descoberta manobrabilidade. Lute contra os mais fortes vilões do mundo, incluindo Shocker, Abutre, e o Duende Verde.
Spider-Man 3 (USA)	O enredo do jogo expande o filme, incluindo personagens e elementos adicionais dos quadrinhos do Homem-Aranha e do Universo Marvel. Dependendo da plataforma, diferentes vilões dos quadrinhos são apresentados, mas todas as versões do jogo apresentam os principais vilões do filme: Venom, Novo Duende e Homem-Areia.
Spirits & Spells (USA)	Inspirado na festa de Halloween, o jogo de plataforma GBA Castleween apresenta duas crianças pequenas que devem salvar seus amigos das garras de um bicho-papão. Mergulhe com este título no mundo assustador, mas não menos divertido, dos esqueletos e outros lobisomens desagradáveis.
SpongeBob SquarePants - Revenge of the Flying Dutchman (USA, Europe)	Um tesouro se transforma em terror em Bob Esponja Calça Quadrada: A Vingança do Holandês Voador. Enquanto passeia pela Fenda do Biquíni, Bob Esponja descobre vários baús de tesouro. Ignorando os avisos, ele abre os baús e descobre que libertou o Holandês Voador — um fantasma furioso que agora quer fazer de Bob Esponja e seus amigos parte de sua tripulação. Ao ajudar Bob Esponja a impedir que o Holandês Voador cause destruição na Fenda do Biquíni, você troca de fantasias, coleta moedas de ouro e interage com todos os seus personagens favoritos do desenho animado.
SpongeBob SquarePants - SuperSponge (USA, Europe)	Que legal! O Bob Esponja quer dar ao seu amigo Patrick Estrela um autógrafo dos seus super-heróis favoritos, Homem-Sereia e Mexilhãozinho, de presente de aniversário. Ajude o Bob Esponja a cumprir sua missão para conseguir os autógrafos!
Spy Hunter (USA) (En,Ja,Fr,De,Es)	Um dos jogos de arcade mais amados da história agora cabe na palma da sua mão. Da música inconfundível à transformação climática em barco, esta versão faz tudo o que pode para replicar a aventura original de fliperama, sem perder nada da emoção. Pilotando o veloz G-6155 Interceptor, um veículo que pode se transformar de carro em barco e em motocicleta, você tentará destruir a organização NOSTRA antes que ela destrua você. Você usará manchas de óleo, cortinas de fumaça e mísseis para derrubar seus inimigos da estrada, do ar e submergir na água. Esta versão de SPYHUNTER funciona como uma atualização do original, com sete locais reais para testar sua determinação, e a jogabilidade agora é baseada em missões. Os gráficos também foram aprimorados, com visuais quase em 3D. Mesmo que você não tenha tido o prazer de crescer com este jogo, não há nada para não amar em um dos jogos de espionagem clássicos e eletrizantes.
Spy Kids 3-D - Game Over (USA)	SpyKids 3-D: Game Over mergulha as crianças no mundo cibernético de um videogame em 3D com seus espiões favoritos, Carmen e Juni. Baseado no filme de mesmo nome, SpyKids 3-D: Game Over foi lançado em duas versões distintas para Game Boy Advance e PC em julho de 2003 pela Disney Interactive. A versão para Game Boy Advance foi o primeiro jogo em 3D para este portátil. Ambos os títulos permitem que as crianças decifrem códigos secretos que desbloqueiam recompensas, visíveis com os óculos especiais Spy Kids 3-D: Game Over, que acompanham o jogo ou o filme, exibidos no cinema.
Spyro - Attack of the Rhynocs (USA)	Em um acidente terrível, Spyro, Sparx e o professor acidentalmente rasgaram um buraco no tecido do espaço entre os reinos Rhynoc e Dragon. Agora, sob as ordens do evasivo Ripto, bandos de Rhynocs estão entrando nos reinos do dragão em mais uma tentativa de tornar a vida miserável. Como Spyro, Agente 9 ou Sargento Byrd, você tem que ajudar o professor a fechar o buraco rapidamente antes que o portão fique muito grande e os dois reinos se fundam - permanentemente. Você pode aproveitar as novas habilidades do Spyro, incluindo Head-Butt Slam, Cyclone Attack, Phoenix Vision e muito mais.
Spyro - Season of Ice (USA)	Spyro e Sparx estão de férias com Bianca e Hunter, quando Hunter entra em pânico após confundir um balão com uma ovelha em um disco voador. Spyro encontra no balão uma mensagem de Zoe pedindo ajuda a Grendor, que está sequestrando fadas. Bianca deixou seu livro de feitiços na biblioteca enquanto procurava brochuras de Natal. Grendor estava procurando na biblioteca de Bianca e encontrou o livro de feitiços de Bianca. Ele tentou, na esperança de se tornar um mago poderoso, mas leu ao contrário e se tornou um Rhynoc de duas cabeças com 4 dores de cabeça. Ele planejou capturar todas as fadas e usar suas asas para curar seu problema. Spyro e seus amigos partem para impedir Grendor de realizar seus planos. Depois de Spyro passar por vários níveis (incluindo um primeiro confronto com Grendor) e salvar todas as fadas além da própria Zoe, ele confronta Grendor uma segunda vez e derrota novamente, resgatando Zoe. Uma vez livre, Zoe repreende levemente Grendor por causar problemas, então usa sua magia para curá-lo de sua cabeça extra e todas as suas dores de cabeça. Grendor pede desculpas por suas ações e Spyro e seus amigos voltam para as férias.
Spyro 2 - Season of Flame (USA)	Spyro 2: Season of Flame conta a história do retorno de Spyro aos Reinos dos Dragões, onde ele é surpreendido ao descobrir que um inimigo misterioso roubou os Vaga-lumes, a fonte de todo o poder de fogo dos dragões, incluindo o de Spyro. Agora, cabe ao dragão roxo favorito de todos salvar os Vaga-lumes antes que seja tarde demais!
Spyro Orange - The Cortex Conspiracy (USA)	Spyro Orange é o primeiro título Spyro the Dragon da Vicarious Visions, tomando as rédeas após a trilogia GBA da Digital Eclipse. Para a quarta aparição de Spyro no Game Boy Advance, a equipe de desenvolvimento deu ao dragão um ambiente de rolagem lateral mais tradicional para seu overworld, em vez de levá-lo de volta às suas façanhas isométricas. Mas o jogo de plataforma de rolagem é apenas parte da experiência. Spyro Orange se concentra em dezenas de mini-desafios para sua jogabilidade, como um shooter vertical onde Spyro flutua explodindo ovelhas ou coletando gemas, um desafio rápido envolvendo cabo de guerra e criação de cubo de gelo, ou dirigindo em um tanque, ou nocauteando uma série de bandidos em um desafio estilo Breakout. O jogo suporta link cable play para desafios multiplayer.
SSX 3 (USA, Europe)	Pule e conquiste a enorme montanha viva repleta de desafios esmagadores do ego e emoções que dobram a gravidade. O SSX 3 retorna com mais encostas e novos perigos para superar, incluindo tempestades com raios, descidas verticais, percursos de slopestyle serpenteantes e avalanches. Personalize as roupas, habilidades e movimentos do seu cavaleiro. Execute três níveis de &quot;Uber tricks&quot; incríveis. Domine a montanha e depois teste suas habilidades online. É uma longa descida, então certifique-se de estar pronto para o desafio.
SSX Tricky (USA, Europe) (En,Fr,De)	SSX Tricky é a sequência de EA para SSX. Tricky apresenta muito mais história do que o original através do uso de atributos de personalidade. Rivalidades se desenvolvem entre personagens com atributos opostos, os fazendo agir mais agressivamente entre si durante as corridas. O sistema übertruque adiciona uma nova camada ao jogo. Estes truques são muito mais difíceis de executar, mas lhe dão um bom impulso. Performando seis übertruques em sequência resultam em um super übertruque, que o recompensa com um maior impulso e faz tocar &quot;It's Tricky&quot; do Run DMC. Sete pistas retornam do jogo original acompanhadas pelas novíssimas pistas Garibaldi e Alaska. As pistas que retornam contém até quatro vezes mais atalhos e rotas secretas. Seis dos oito pilotos do original retornam (Jurgen e Hiro sofreram lesões fora da temporada) e são acompanhados por seis novos. A trilha sonora apresenta mixes por Mix Master Mike, Aphrodite, e Plump DJs. Os bônus como em DVD incluem filmagens &quot;atrás-das-cenas&quot; e um segmento &quot;making of&quot;.
Star Wars - Episode II - Attack of the Clones (USA)	Star Wars: Episode II Attack of the Clones, o mais recente da série extremamente longa de jogos de Star Wars. O título mais recente é baseado nos eventos do Episódio II, como o título sugere, e tem os jogadores assumindo o papel de Anakin Skywalker, Mace Windu e Obi-Wan Kenobi enquanto lutam contra Jango Fett e Count Dooku. O jogo apresenta luta espacial, rolagem lateral e lutas de sabre de luz. Attack of the Clone possui locais como Star Wars como Coruscant, Tatooine e Geonosis.
Star Wars - Episode III - Revenge of the Sith (USA) (En,Fr,Es)	Star Wars Episódio III: A Vingança dos Sith para Game Boy Advance leva você ao coração da trama sombria do filme, junto com Obi-wan Kenobi e Anakin Skywalker. Será preciso força e sabres de luz para enfrentar hordas de inimigos prontos para a batalha. Com o destino da República em suas mãos, você deve dominar os caminhos da Força e resistir às suas tentações mais sombrias. -Use combinações de armas e manobras mortais para derrotar vilões lendários de Star Wars, incluindo o General Grievous e o Conde Dooku. -Descubra poderes Jedi formidáveis, incluindo Force Push, Saber Throw e Jedi Mind Trick. - Pilote navios em combates aéreos cheios de ação para até quatro jogadores. - Aumente o nível do seu personagem ganhando pontos conforme você completa cada fase.
Star Wars - Flight of the Falcon (USA)	Você consegue escapar do Império? Finalmente, você pode experimentar a sensação de pilotar a nave mais popular do universo Star Wars: a Millennium Falcon. Se você também quer descobrir como é usar calças super justas e um colete de couro preto, a escolha é sua. Star Wars: Flight of the Falcon desafia você a abrir caminho pela frota do Império enquanto recria as Batalhas de Yavin e Endor.
Star Wars - Jedi Power Battles (USA)	Desvie. Derrote. Destrua! Deixe que a Força o guie à vitória. Reconquiste o Palácio Real de Theed em ataques rápidos e furiosos com sabres de luz, controlando um dos três poderosos Jedi: Obi-Wan Kenobi, Qui-Gon Jinn ou Mace Windu.
Star Wars - The New Droid Army (USA)	Star Wars: The New Droid Army é um jogo de ação para Gameboy Advance que coloca você na pele de Anakin Skywalker. Anakin é chamado diante de Mace Windu e Yoda no templo Jedi e descobre que um informante chamado Raala em Tatooine enviou uma mensagem sobre um novo tipo de dróide de batalha no planeta. O contacto com ela foi perdido desde então. Anakin é encarregado de viajar para Tatooine para investigar esses novos androides e descobrir o destino de seu informante.
Star Wars Trilogy - Apprentice of the Force (USA) (En,Fr,Es)	Pela primeira vez, a lendária trilogia cinematográfica Star Wars chega ao Game Boy Advance. Os jogadores vivenciarão as cenas mais emocionantes e memoráveis de Star Wars: Episódio IV - Uma Nova Esperança, Episódio V - O Império Contra-Ataca e Episódio VI - O Retorno de Jedi. Controle Luke em sua jornada para se tornar um Jedi, enfrente Darth Vader e Boba Fett, escape do terrível rancor e destrua a Estrela da Morte.
Star X (World) (En,Fr,De,Es,It,Nl) (Evercade)	Você foi enviado em uma missão de paz a uma raça alienígena recém-descoberta, apenas para descobrir que o que eles querem não é paz, mas sim a raça humana como escrava. Você deve lutar para voltar à Terra e alertar a humanidade sobre a ameaça representada por esses alienígenas. A jogabilidade consiste em tiro em terceira pessoa, com a visão da sua nave por trás, e você pode coletar diferentes armas, melhorias para as armas e reforços para o escudo em cada fase. Algumas fases terminam em uma luta contra um chefe, enquanto outras exigem apenas que você complete uma tarefa, como destruir todas as minas espaciais em uma determinada fase, antes de prosseguir.
Starsky & Hutch (USA)	Baseado na série de TV dos anos 70, Starsky & Hutch permite que você corra por Bay City no icônico Ford Torino vermelho de Starsky, enquanto Hutch mira nos criminosos com seu revólver .357 Magnum — mas não pense que será apenas um passeio divertido. Se suas habilidades de direção e tiro não mantiverem o público da TV na ponta do sofá, sua audiência vai despencar, o programa será cancelado e será “game over”. Acha que não consegue lidar com toda a adrenalina sozinho? Então chame um parceiro para atirar enquanto você dirige.
Steel Empire (Europe)	Steel Empire é um jogo de tiro frenético que te leva de volta à era de ouro dos arcades, agora nas suas mãos no Game Boy Advance. A nação da República do Império de Aço está sob a ameaça do nefasto Império Motorhead, e sua única esperança reside em uma aeronave a vapor de alta tecnologia. Escolha entre um avião ágil (Striker) ou um dirigível blindado (Z-01) e prepare-se para uma jornada intensa por sete fases repletas de ação. Cada nave possui um estilo de jogo único e um sistema de armas distinto, com mísseis e bombas que podem ser aprimorados para liberar um poder de fogo devastador. Enfrente ondas de inimigos mecânicos e chefes colossais que dominam a tela, cada um com seus próprios padrões de ataque e fraquezas.
Street Fighter Alpha 3 (USA)	Street Fighter Alpha 3 é um videogame de luta 1 vs 1, que seria a terceira parte da sub-saga alfa por sua vez da saga Street Fighter, cujo enredo é na frente de Street Fighter II, mas após a primeira parte ( No Japão é conhecido como Street Fighter Zero 3). Inclui praticamente todos os lutadores da saga Street Fighter 2 e Alpha, que vai de 18 lutadores de SF Alpha 2 a mais de trinta neste SF Alpha 3. Com Comparado aos seus antecessores, ele possui muitos recursos novos, um dos mais importantes é a possibilidade de escolher o estilo de luta de cada personagem (ISMs no modo A, modo V e modo X), e uma jogabilidade refinada. Por outro lado, mantém a aparência dos gráficos de estilo anime muito mais fantasiosos e menos elegantes do que a saga original, especialmente seu contemporâneo Street Fighter III. Foi lançado no Arcade e em várias consolas, algumas delas muito recentes, pelo que mostra que SF Alpha 3 é um jogo com uma qualidade gráfica muito boa que se mantém ao longo dos anos. Nas versões do console, eles tinham diferentes slogans no título para poder diferenciá-los:
Street Jam Basketball (USA, Europe)	Street Jam Basketball é um jogo de esportes disponível no Gameboy Advance. Escolha seu time e mergulhe nas competições urbanas. Embora as equipes sejam compostas apenas por 3 jogadores, as regras permanecem as mesmas. Mais de 40 personagens estão disponíveis, bem como 5 modos de jogo, incluindo um modo multijogador.
Street Racing Syndicate (USA)	Todas as noites, em cidades como Los Angeles, Filadélfia e Miami, grupos de tunadores de carros importados levam suas obsessões injetadas com nitro ao limite. Seja em corridas clandestinas ou oficiais, na pista ou pelas amplas ruas da cidade, altas velocidades trazem altos riscos. E uma adrenalina intensa. No Street Racing Syndicate, escolha suas corridas com cuidado. Seu oponente pode ter mais sob o capô do que aparenta. Considere isto o seu rito de iniciação no mundo underground das corridas de rua.
Stuart Little 2 (USA, Europe)	Na pele do adorável e corajoso Stuart, os jogadores correm, esquivam, conduzem, andam de skate, saltam e voam num jogo de aventura repleto de ação. O título segue o enredo do filme e desafia os jogadores a resolver o sumiço da nova melhor amiga de Stuart, Margalo, e da aliança de casamento da Sra. Little. As atividades incluem competir em níveis de corrida, enfrentar adversários desafiantes, pilotar um avião e andar de balões de hélio ao longo de 10 níveis variados. O jogo também permite que os jogadores se enfrentem como Stuart ou Margalo através do Game Boy Advance Game Link Cable em corridas desafiantes.
Stuntman (USA) (En,Fr,Es)	Você faz a vez de um dublê que tem a tarefa de completar algumas difíceis e complicadas acrobacias para um diretor de filme. Faça certo e ele o contratará para outro projeto, e o pagará muito. Faça errado, e é hora de uma mudança de carreira. Além do modo Movie Making, Precision Tests o farão completar rotas de dificuldades variadas, onde você terá que dirigir prá frente e de ré, lançar saltos, esquivar-se de postes e estacionar dentro de uma zona antes do tempo terminar. Em Jump Tests, você terá que pegar letras enquanto pula de plataformas para pega-las em pleno ar. Você também pode jogar contra um amigo em vários modos multijogador para ver quem tem o melhor controle sobre o carro.
Summon Night - Swordcraft Story (USA)	Baseado vagamente no filme de mesmo nome, Kevin McAllister chegou a Nova York sem os pais. No entanto, ele se hospeda em um hotel e começa a se divertir. Não demora muito para que o hotel descubra que ele está usando cartões de crédito roubados e comece a persegui-lo! Além disso, Harry e Marv, os ladrões que ele derrotou, estão na cidade em busca de vingança. Esqueceram de Mim 2 é um jogo de rolagem lateral. Controlando Kevin McAllister, o jogador precisará pular sobre inimigos e obstáculos enquanto coleta itens. Esses itens incluem bônus de saúde e uma variedade de armas. Perder toda a saúde de Kevin ou ser &quot;pego&quot; custará uma vida. O jogador começa com três vidas para jogar. Sinopse
Summon Night - Swordcraft Story 2 (USA)	Em Summon Night: Swordcraft 2, o jogador assume o papel de um órfão do clã Colthearts, criado por um Craftknight, um guerreiro ferreiro. O personagem sonha em seguir o mesmo caminho e se tornar um Craftknight também. O protagonista, que pode ser Edgar Colthearts ou Aera Colthearts, ambos conhecidos como Edge Fencers, acaba explorando as ruínas de um antigo templo abandonado, onde uma violenta criatura invocada chamada Goura é despertada. Para proteger sua nova família, Edgar ou Aera se une a uma criatura de invocação selvagem e parte em uma jornada para selar novamente as ruínas.
Super Army War (USA)	Em tempos de guerra, cabe a você pilotar sua aeronave através das linhas inimigas para atacar a oposição e defender as tropas terrestres americanas. No cockpit de um helicóptero ou avião de caça, você deve abrir fogo de supressão, disparar mísseis contra bunkers inimigos e posicionar soldados para recuperar territórios perdidos. Enquanto luta pelo seu país, lembre-se de resgatar qualquer civil que fique pego no fogo cruzado. Veja se você tem o que é preciso para sobreviver a 16 missões em vários tipos de terrenos, incluindo terras congeladas e cabeças de praia cheias de palmeiras.
Super Bubble Pop (World) (Evercade)	Super Bubble Pop é um jogo de puzzle e estratégia que combina elementos de combinação de cores com uma estética futurista. O jogador assume o papel de um dos cinco DJs disponíveis, com o objetivo de limpar o tabuleiro disparando bolhas coloridas em direção a uma grade tridimensional. A mecânica central exige o alinhamento de três ou mais bolhas da mesma cor para eliminá-las antes que a pilha alcance a linha de limite. O título introduz power-ups especiais que permitem manipular as bolhas de forma eficiente e foca no gerenciamento de tempo e reflexos rápidos. Apresenta diversos modos de jogo, incluindo Training, Puzzle e Survival, acompanhados por uma trilha sonora focada em gêneros eletrônicos.
Super Bust-A-Move (USA) (En,Fr,Es)	Jogo original de Taito por Puzzle Bobble. Antigo jogo de bolas ou bolhas, em que você tem que atirar um de cada vez contra o outro que são estáticos na tela retangular. O objetivo é conseguir que 3 ou mais bolas da mesma cor se juntem para que possam explodir e limpar a tela. Conforme o tempo passa, as bolhas descem e você tem menos espaço para atirar. Aproveite este jogo de arcade clássico que foi versionado inúmeras vezes por sua simplicidade e diversão, um jogo clássico e intemporal.
Super Collapse! II (USA)	Prepare-se para o puzzle definitivo onde combinação, velocidade e estratégia se encontram! Clique em grupos de 3 ou mais blocos para desencadear reações em cadeia devastadoras e alcançar pontuações astronômicas. Mas cuidado: as linhas sobem sem parar e tocar o topo significa fim de jogo! 4 MODOS INTENSOS DE JOGO: Tradicional: Teste sua agilidade contra o relógio enquanto a velocidade acelera ao limite! Use Power-ups a seu favor. Recaída: O caos em dose dupla! Blocos surgem pelo topo e pela base simultaneamente. Não deixe que se encontrem! Estratégia: Esqueça a pressa. Cada clique adiciona uma nova linha. Pense rápido, planeje cada movimento e sobreviva. Quebra-cabeça: Sem tempo, sem power-ups e sem margem para erro. Limpe a tela 100% ou enfrente o fracasso.
Super Dodge Ball Advance (USA)	Super Dodge Ball Advance, baseado no clássico do NES, se passa em um futuro não muito distante, onde o esporte praticado por pré-adolescentes se tornou o esporte dos reis e o orgulho nacional depende da capacidade do time da casa de triunfar no esporte número um do mundo. Os jogadores escolhem uma seleção nacional e competem contra outros oito países em partidas no estilo torneio. Você pode deixar seus adversários atordoados com diversos movimentos especiais, personalizar seu time definindo os atributos dos jogadores e jogar contra um amigo que também tenha um Game Boy Advance, usando o cabo de comunicação vendido separadamente.
Super Duper Sumos (USA)	Super Duper Sumos coloca você na pele de Bouma, Kimo e Mamoo em uma missão para proteger a cidade de Generic City contra os planos malignos da corporação Bad Inc. O título apresenta uma jogabilidade de plataforma e ação side-scrolling, onde o jogador deve alternar entre os três protagonistas para utilizar suas habilidades exclusivas, como o Gluteus Maximus e ataques baseados em peso. As mecânicas focam no combate contra robôs e capangas, além de enfrentar chefes ao final de cada estágio. O objetivo principal é desmantelar as operações de Ms. Mister e seus lacaios através de níveis repletos de obstáculos ambientais, utilizando o poder do sumo para esmagar ameaças.
Super Ghouls'n Ghosts (USA, Europe)	Como destemido cavaleiro Arthur, você está preso na mais perigosa das missões! Um feitiço foi lançado sobre o reino. Sua bela donzela, Princesa Prin Prin foi arrebatada pelo imperador do mal. Apenas como Arthur você pode recuperá-la das criaturas dos mortos-vivos que assombram a terra. Teste sua coragem e habilidade ao limite. Você deve continuar a busca. Em sua jornada, sua arma mais poderosa espera por você ... MÁGICA!
Super Hornet FA 18F (USA, Europe)	No F-18 Super Hornet, os jogadores vão voar para o céu em mais de 19 missões terrestres e marítimas diferentes em cidades iraquianas reais, para defender a coalizão e derrotar as forças insurgentes com uma variedade de armamentos de alta potência.
Super Mario Advance (USA, Europe)	Super Mario Advance é a adaptação para GBA de Super Mario Bros 2 lançado para NES. Este episódio marca uma viragem na série, pois apresenta a possibilidade de escolha de seu personagem. Incorpore o famoso conjunto de encanadores de bigode, a Princesa Peach ou seu companheiro Toad em uma aventura mágica. Você deve salvar os habitantes do mundo dos sonhos das garras do ignóbil Wart, o tirano batráquio. Esta versão oferece como bônus uma versão renovada do jogo Mario Bros.
Super Mario Advance 2 - Super Mario World (USA, Australia)	Bowser e sua tripulação de Koopalings cruéis conquistaram a Ilha dos Dinossauros, mas, felizmente, Mario e Luigi estão dispostos a chutar Koopa. Enquanto eles montam Yoshi, procuram P-Switches, encontram caminhos secretos, detonam bolas de fogo e voam em direção ao céu com o Cape, eles precisarão usar todos os truques do manual do encanador. Dino Rhinos, Chargin 'Chucks e uma série de inimigos inesquecíveis aguardam em uma das maiores e mais desafiadoras aventuras de Mario Bros. -Todos os 96 níveis na palma da sua mão! Conduza Yoshi da assustadora Floresta da Ilusão à super-difícil Star Road - tudo, desde o clássico Super NES, está aqui, com recursos totalmente novos para o Game Boy Advance. -Luigi está pronto, então escolha um irmão e vá embora! Agora você pode jogar como Mario ou seu irmão, Luigi, que pode pular e voar mais alto que seu irmão famoso. Qual Bro é o melhor para cada etapa? -Fique conectado! Usando um único pacote de jogo, conecte quatro jogadores e jogue o atemporal jogo de arcade Mario Bros. Você pode até se conectar com os pacotes de jogos Super Mario Advance para a loucura Multi-Pak!
Super Mario Advance 3 - Yoshi's Island (USA)	Dê uma volta pela ilha de Yoshi. Cuidar de um recém-nascido chorão é tão divertido quanto um resfriado no primeiro dia de férias de verão. Mas quando Baby Mario cai do céu, os Yoshis aproveitam a oportunidade para fazer muito mais do que trocar fraldas. O generoso Yoshis jura reunir Baby Mario com seu irmão gêmeo do outro lado da ilha. Não será fácil, mas os Yoshis estão determinados a enfrentar um Magikoopa intrometido e todo o seu elenco de subordinados dissimulados. O brilhante designer de jogos Shigeru Miyamoto lotou as selvas, cavernas e picos cobertos de neve da ilha com uma surpreendente surpresa após a outra. Salas escondidas, passagens secretas, minijogos charmosos, chefes dementes e novos amigos aguardam sua descoberta. Claro, Yoshi parece fofo, mas ele tem um poder de fogo incrível. Ele pode pular, pairar, pisar no chão, bater no chão e engolir os inimigos. O melhor de tudo é que ele pode jogar ovos. Caramba, Mario até consegue transformar-se rapidamente em Superstar Superstar, enquanto Yoshi se transforma em um submarino de brinquedo que atira torpedos minúsculos.
Super Mario Advance 4 - Super Mario Bros. 3 (USA)	Uma combinação de emocionante ação de plataforma, power-ups selvagens e estilo encantador do Mario fez de Super Mario Bros. 3 um clássico. Com Super Mario Advance 4: Super Mario Bros. 3, você tem a chance de participar de uma aventura especial em qualquer lugar em seu Game Boy Advance. Sua missão é resgatar os monarcas do Reino Cogumelo que foram transformados em animais por Bowser e seus travessos descendentes e, no processo, salvar a princesa sequestrada por Bowser. Atravesse oito mundos enormes e encontre minijogos divertidos e batalhas frenéticas contra chefes enquanto explora o primeiro jogo Mario a usar um mapa do mundo superior.
Super Monkey Ball Jr. (USA)	Baseado na série Gamecube de mesmo nome, Super Monkey Ball Jr. coloca você no controle de arenas de estilo 3D, cada uma com um grau variável de dificuldade e objetivos. O seu macaquinho, dentro de uma bola, depende do seu movimento na arena para atingir os objetivos exigidos (coletar itens, chegar à linha de chegada dentro de um determinado limite de tempo, etc.). Além da experiência de quebra-cabeça para um jogador (que inclui mais de 60 arenas), até quatro pessoas podem jogar uma coleção de minijogos (que você deve desbloquear no jogo para um jogador). Jogue boliche de macaco (também conhecido como boliche de dez pinos), luta de macaco (tire a bola de macaco dos outros 3 jogadores da arena circular) ou um desafio de mini-golfe de 18 buracos.
Super Puzzle Fighter II (USA)	Super Puzzle Fighter 2, o eletrizante jogo de quebra-cabeça da Capcom ambientado no universo de Street Fighter, chega ao Game Boy Advance. Considerado um dos melhores jogos de quebra-cabeça de todos os tempos, Super Puzzle Fighter está repleto de competição acirrada, personagens minúsculos e uma insanidade frenética sem parar. Empilhe cuidadosamente as gemas coloridas que caem em combinações estratégicas. No momento certo, use uma gema explosiva para quebrar seus blocos. Veja seu personagem executar um combo e lançar uma chuva de gemas de contra-ataque sobre seu oponente. Seja o primeiro a preencher a tela do adversário com gemas e nocauteá-lo. Apresenta oito personagens das franquias Dark Stalkers e Street Fighter, incluindo Ryu, Ken e Chun-Li.
Super Robot Taisen - Original Generation (USA)	Ao contrário de algumas das obras da saga, Super Robot Taisen: Original Generation contém apenas criações originais de sua desenvolvedora, Banpresto. O jogador pode começar este episódio encarnando um dos dois protagonistas propostos, cada um com seu próprio cenário. Pela primeira vez na série, o jogador pode personalizar seus robôs e escolher seus equipamentos e armas.
Super Street Fighter II Turbo - Revival (USA)	A obra-prima intemporal da Capcom, Street Fighter™ II, conquistou a Game Boy Advance com esta versão única, que inclui 16 lutadores e mais modos do que qualquer fã de jogos de luta poderia desejar! Super Street Fighter II Turbo Revival inclui mais de meia dúzia de modos diferentes à escolha, desde Arcade a Team Battle e Time Attack a Missions – para além de todas as tuas personagens favoritas, desde Akuma a Zangief.
Sword of Mana (USA, Australia)	A trama do jogo gira em torno de um jovem chamado Ferrik, que é escolhido para se tornar o guerreiro lendário e salvar o mundo em perigo. Para ter sucesso em sua missão, Ferrik deve recrutar aliados e se aventurar em masmorras para derrotar monstros e chefes perigosos.
Tactics Ogre - The Knight of Lodis (USA)	Assuma o papel de Alphonse, um cavaleiro da Galícia, enviado em uma missão para investigar as intenções do corpo governante suspeito do Império Sagrado de Lodis e resolver o mistério de Ovis. Ao longo do caminho, você enfrentará muitos desafios e tribulações, mas deve sobreviver às batalhas implacáveis e desenvolver as habilidades de seus personagens para revelar seu verdadeiro destino.
Tak - The Great Juju Challenge (USA, Europe)	Tak, o xamã favorito de todos, está de volta em mais uma aventura de plataforma ambientada em seu mundo tribal místico, onde a magia (juju) realmente funciona. Um inovador estilo de jogo cooperativo para dois jogadores combina quebra-cabeças únicos, estratégias baseadas no tempo e um sistema de combate robusto que exige que os jogadores derrotem competidores excêntricos para receber a maior recompensa já concedida pelos grandes Jujus.
Tales of Phantasia (USA, Australia)	Tales of Phantasia é um jogo RPG desenvolvido pela Wolf Team e publicado pela Namco, que foi lançado no Japão em 1995. Em &quot;Tales of Phantasia&quot;, você interpreta um menino chamado Cless, que vive com seus pais em uma vila tranquila. Foi um dia como todos os outros quando Cless decidiu ir caçar com seu melhor amigo Chester. Perseguindo um javali, Cless descobriu uma estranha árvore falante na floresta que estava implorando por sua ajuda. Mas assim que parou de falar, os dois amigos ouviram o som de um alarme. Eles voltaram para a aldeia e a encontraram queimada, e todos os seus habitantes assassinados. Antes de a mãe de Cless morrer em seus braços, ela disse a ele que esse terrível massacre tinha algo a ver com o pingente que ela e seu marido deram a Cless de aniversário ... que conexão poderia haver? Cless decide visitar seu tio que mora em outra cidade, mas não percebe que sua jornada o levará a lugares muito mais remotos do que isso!
Tales of the World - Narikiri Dungeon 2 (Japan)	Tales of the World: Narikiri Dungeon 2 é um RPG desenvolvido pela Telenet Japan e publicado pela Namco para o Game Boy Advance em 2002. Ele faz parte da série spin-off Tales of the World e é uma sequência do Narikiri Dungeon original. A história acompanha os protagonistas gêmeos, Frio e Kyaro, que são transportados para um mundo misterioso onde devem assumir vários papéis &quot;Narikiri&quot; (cosplay) para combater inimigos e descobrir a verdade por trás dos distúrbios dimensionais. O jogo apresenta personagens de toda a franquia Tales, incluindo Tales of Phantasia, Tales of Destiny e Tales of Eternia, criando uma aventura de crossover que mistura heróis familiares com novos rostos.
Tales of the World - Narikiri Dungeon 3 (Japan)	Frio e Kyaro, dois adolescentes, amam as lendas de Thales e leem sobre elas todos os dias antes de dormir. Após um terremoto, o Dr. Brown encontra uma máquina de viagem no tempo antiga nas ruínas. Com isso, eles podem ir ver as lendas de Tales. Eles vão dormir e se preparar para amanhã. Antes de dormir, Frio releu uma lenda de Tales. Mas este terminou de forma estranha: o herói é tarde demais e o mundo está destruído. Quando Frio e Kyaro acordam, eles descobrem que a máquina foi roubada. Pouco depois de descobrirem, uma nova cor de máquina aparece. O único que o enviou foi o Dr. White, Dr. Brown de 100 dias no futuro, cujo cabelo havia se tornado branco devido ao estresse extremo. Ladrões estão arruinando a linha do tempo das lendas de Thales e devem ser parados. Dr. White agora precisa de Frio e Kyaro para ajudar a deter os ladrões e traz consigo a ajuda dos heróis de Tales of Symphonia, Destiny e Eternia.
Tales of the World - Summoner's Lineage (Japan)	Tales of the World: Summoner's Lineage para Gameboy Advance é uma obra secundária na série de interpretação de papeis da Namco. Estabelecida no mundo de Tales of Phantasia, ela estrela Fulein K. Lester, invocador descendente de Klart. Orientado a estratégia, o título propõe um sistema de combate na forma de um tabuleiro onde o jogador deve organizar suas diversas unidades previamente invocadas.
Tang Tang (USA)	Tang Tang coloca você na pele de um dos quatro heróis em uma missão para recuperar os cristais elementais roubados por forças malignas. O jogo é um puzzle de ação inspirado em clássicos como Solomon's Key, onde o objetivo é destruir ou criar blocos de energia para alcançar a saída de cada estágio. A jogabilidade foca no raciocínio lógico e reflexos rápidos, exigindo que o jogador manipule o cenário para prender inimigos ou acessar plataformas elevadas. Composto por quatro mundos temáticos e dezenas de níveis, o título desafia a habilidade de gerenciamento de tempo e movimentação estratégica. O progresso é marcado por chefes de fase que exigem o uso criativo da mecânica de construção de blocos.
Taxi 3 (France)	Taxi 3 é baseado no filme de mesmo nome, escrito por Luc Besson e dirigido por Gérard Krawczyk. O jogador assume o papel de Daniel, o protagonista da história, um taxista que dirige um carro altamente modificado e extremamente potente. A jogabilidade é simples e focada em perseguições. Em perspectiva em terceira pessoa, Daniel precisa alcançar pontos de controle dentro de um tempo limitado para coletar objetos ou passageiros e levá-los ao próximo destino indicado. Durante as corridas, é necessário parar em postos de combustível para reabastecer o tanque e utilizar o nitro para obter um impulso extra de velocidade. Além disso, o jogador deve desviar do tráfego intenso, evitando motocicletas, carros e caminhões pelo caminho.
Teen Titans (USA) (En,Fr)	Baseado na série de sucesso e nos quadrinhos da DC Comics, Teen Titans oferece aos jogadores a oportunidade de controlar qualquer um dos heróis dos Jovens Titãs, alternando em tempo real entre Robin, Estelar, Mutano, Ciborgue e Ravena para utilizar os movimentos e habilidades únicas de cada um. Os notórios vilões Slade, Overload, Jinx, Gizmo e Mammoth estarão à solta, aterrorizando esta cidade infestada pelo crime e causando o caos para os jovens super-heróis.
Teenage Mutant Ninja Turtles (USA)	Os heróis em meia concha estão de volta em uma aventura totalmente nova. As quatro tartarugas foram divididas para combater os diversos bandidos que cercam a cidade. Cada tartaruga (Leonardo, Michelangelo, Raphael e Donatello) tem seu próprio conjunto de níveis para completar, com movimentos e opções de combate distintos para usar durante a batalha. Junto com um conjunto de níveis de rolagem lateral, completos com batalhas contra chefes de final de nível, as quatro tartarugas também terão a chance de correr pelos esgotos nos modos exclusivos de corrida em 3ª pessoa, abatendo o inimigo ou coletando itens, enquanto Donatello leva para o céu no Shell Glider e Raphael desafia Casey Jones para uma corrida de ciclismo individual.
Teenage Mutant Ninja Turtles 2 - Battle Nexus (USA)	Jogue com até 4 jogadores! Aventure-se com as Tartarugas em TMNT 2: BattleNexus. Entre na ação em um estranho planeta novo com tecnologia misteriosa. Dois modos de tirar o fôlego entregam ação com punhos verdes, incluindo o Modo História e o Modo Battle Nexus! - Movimentos especializados para cada Tartaruga! - Ação com até 4 jogadores! - Jogo cooperativo e competição frente a frente para quatro jogadores.
Tekken Advance (USA)	Com nove personagens jogáveis, múltiplos modos de multijogador e suporte a cabo link para dois jogadores, Tekken Advance é a versão do jogo de luta do fliperama. Você encontrará seus lutadores favoritos incluindo Jin Kazama, Paul Phoenix, Forest Law e Gun Jack, assim como Hwoarang, King, Ling Xiaoyu, Nina Williams, e Yoshimitsu. Essa versão de Tekken só está disponível no Game Boy Advance.
Tennis Masters Series 2003 (Europe) (En,Fr,De,Es,It,Pt)	Você está pronto para enfrentar os melhores jogadores do mundo no Tennis Masters Series? Domine as habilidades e estilos individuais de um dos 67 jogadores diferentes e, em seguida, compita em partidas de simples ou duplas no modo multijogador, ou em torneios no modo um jogador. O jogo reproduz nove torneios da Masters Series em locais como Miami, Roma e Paris. Com seus quatro golpes diferentes — top spin potente, slice, flat (batida reta) e lob — você pode criar até 60 jogadas diferentes para usar durante as partidas.
Tetris Worlds (USA)	É o Tetris como todos nós lembramos. Largue blocos de diferentes formas no contêiner, e os arrume juntos para formar uma linha horizontal, e a linha desaparece. Seu trabalho é continuar por mais tempo possível limpando os blocos do contêiner. Este será a primeira vez em um sistema Game Boy que 4 jogadores podem jogar Tetris multijogador, o que é largamente como o Tetris original, apenas que quando você limpar uma linha de blocos, a(s) linha(s) aparecem na tela de outro jogador.
Three Stooges, The (USA)	Estrelas da televisão e do cinema, e agora estrelas do seu próprio videogame. Junte-se a Moe, Larry e Curly (sem ordem específica) que precisam arrecadar US$ 5.000 para tentar salvar um orfanato e as crianças que lá vivem do malvado banqueiro, tudo isso enquanto tentam evitar levar uma tortada na cara. O jogo apresenta fases de plataforma baseadas em cenas clássicas dos Três Patetas, de seus inúmeros episódios de TV e filmes, e objetivos que revivem muitas de suas travessuras, além das vozes originais dos Três Patetas e curiosidades sobre eles.
Thunderbirds - International Rescue (Europe)	Jeff Tracy, auxiliado por seus cinco filhos, dirige as atividades da International Rescue, uma organização que utiliza veículos tecnologicamente avançados chamados Thunderbirds em aventuras arriscadas ao redor do mundo para salvar pessoas em perigo. Você assume o controle de um dos 8 veículos disponíveis para completar as missões que lhe forem designadas. As missões incluem destruir radares inimigos, resgatar civis, etc.
Tiger Woods PGA Tour 2004 (USA, Europe)	Embora o golfista profissional Tiger Woods não tenha igual no PGA Tour, agora você tem a chance de criar um golfista ainda melhor. Leve seu golfista personalizado pelas provações e tribulações de todos os campos em Tiger Woods PGA Tour 2004, ganhando dinheiro para gastar em novas acomodações e equipamentos avançados. Use o joystick analógico para moldar qualquer tipo de tacada, como o flop ou o punch. Com a competição de alto nível em alguns dos fairways e greens mais famosos de todos os tempos, esta é uma das experiências de golfe mais completas já criadas.
Tiger Woods PGA Tour Golf (USA, Europe)	Esta versão compacta do grande e nobre jogo de golfe, faz com que o jogador assuma o controle do próprio Tiger ou de outros jogadores menos famosos. O jogador deve estar atento ao tempo do swing e não enganchar a bola em um dos muitos bunkers, nem deve reduzir a potência da tacada ou ficar aquém do fairway. O jogo de golfe é simulado em um nível preciso e é atraente e frustrante, assim como a coisa real.
Tiny Toon Adventures - Wacky Stackers (USA)	O que acontece quando você pega o estilo clássico de jogos de quebra-cabeça e adiciona alguns dos personagens mais adoráveis da história dos desenhos animados? Você ganha um jogo inegavelmente incrível. Perninha, Plucky Duck e o resto da turma de TINY TOONS estão prontos para a diversão, e você está no comando. A premissa básica deste título original e viciante é organizar pares de ovos coloridos, soltando-os na tela para criar combinações. É claro que existem diversos obstáculos e possíveis sabotadores para dificultar as coisas (como OVNIs e Diabos da Tasmânia), e o tempo nunca está a seu favor. Muitos personagens da série animada acompanham a aventura, incluindo Presuntinho e Fifi La Fume, e cada um está preparado para batalhas em estilo puzzle. Até quatro jogadores podem se conectar para testar quem tem os reflexos mais rápidos, e também há muitos modos para um jogador para mantê-lo ocupado. Se você é fã de TINY TOONS, este jogo é obrigatório. Se não é fã... bem, deveria ser.
Titeuf - Mega Compet (France)	Titeuf: Mega Compet é um party game, desenvolvido pela Eden Games e publicado pela Atari, para PlayStation 2 e Windows, e posteriormente para Game Boy Advance. O jogo traz os protagonistas do quadrinho Titeuf do autor Zep. É o terceiro jogo da franquia Titeuf, sendo o último &quot;Titeuf: Ze Gag Machine&quot; lançado no GBA em 2002.
Titeuf - Ze Gag Machine (France)	Titeuf: Ze Gag Machine é um jogo de acção baseado na série de banda desenhada Titeuf. Os jogadores controlam Titeuf enquanto ele tenta pregar partidas às pessoas no seu ambiente. O modo de desafio consiste numa série de níveis com objectos específicos. Em cada um deles, Titeuf corre por aí num ambiente como a escola ou um parque infantil. Ele pode pegar em objectos como bananas, bombinhas, latas explosivas, carros de brincar, etc. Ele precisa de os lançar às pessoas no ambiente para os assustar ou para os fazer escorregar. Os adversários têm três estados de alerta: azul, amarelo e vermelho. Azul significa que é seguro lançar o objecto, amarelo significa que ele é manchado e vermelho faz com que eles corram atrás de Titeuf.
TOCA World Touring Cars (Europe)	Corridas globais radicais. Pense global, pense em glória, pense em TOCA World Touring Cars. De Bathurst a Buenos Aires, viaje pelo mundo e desafie todos no desafio de corrida mais autêntico que você pode imaginar. Com uma garagem repleta de carros de alta performance, pistas reais e gráficos impressionantes, TOCA World Touring Cars é incomparável. Inclui carros licenciados da BMW, Ford, Subaru, Mitsubishi, TVR, Volvo, Lancia, Peugeot e outras marcas. Baseado no jogo para PlayStation.
Tom and Jerry - The Magic Ring (USA) (En,Fr,De,Es,It)	Sem querer, Jerry conseguiu um anel mágico premiado preso na cabeça! Agora ele deve encontrar uma maneira de tirá-lo antes que Tom o remova à força. Jogando como Tom ou Jerry, &quot;corra e lute&quot;, use várias armas e divirta-se recriando a ação e palhaçada dos clássicos desenhos de Tom e Jerry.
Tom and Jerry Tales (USA) (En,Fr,Es)	A famosa dupla de gato e rato está de volta em Tom and Jerry Tales. A história é simples: os donos do Tom saíram e ele rapidamente cria um plano para capturar Jerry. Jerry contra-ataca e a perseguição começa! A jogabilidade também é simples: o jogador controla Jerry e segue os pedaços de queijo que o Tom colocou. Quando Jerry encontra Tom ou cai em algum buraco, ele deve fazer o que aparece no ecrã. As aventuras e perseguições de Tom e Jerry são apresentadas em gráficos 2D. Jerry pode desbloquear novas roupas para trocar. Um sistema de senhas permite que o jogador continue do último nível alcançado. Existe uma versão para Nintendo DS deste jogo. Embora tenham o mesmo nome e sejam produzidas pela mesma empresa, a jogabilidade difere entre as duas versões.
Tony Hawk's American Sk8land (USA)	A versão portátil da mais recente febre do skate de Tony Hawk (American Wasteland) oferece uma experiência completamente diferente, especialmente em termos de apresentação visual. Deixando o realismo de lado, o Sk8land aposta em uma atmosfera em cel-shaded, onde as mesmas mecânicas de jogabilidade — andar de skate por cada pista completando objetivos e desafios — continuam viciantes como sempre.
Tony Hawk's Downhill Jam (USA)	Tony Hawk's Downhill Jam oferece uma experiência de skate totalmente única, focada em corridas frente a frente. O jogo permite que os jogadores sintam a velocidade alucinante das competições de downhill enquanto percorrem os terrenos mais íngremes do mundo, realizando manobras e ultrapassando oponentes em locais como São Francisco, Machu Picchu e Hong Kong. Assumindo o papel de Tony Hawk ou de um dos nove personagens disponíveis, os jogadores competem em desafios contra o tempo em um dos três modos de jogo: corrida, manobras e slalom.
Tony Hawk's Pro Skater 2 (USA, Europe)	&quot;Tony Hawk's Pro Skater 2&quot; para Game Boy Advance é um jogo de skate repleto de ação, onde os jogadores podem desafiar suas habilidades em várias pistas icônicas, realizar manobras radicais e desbloquear novos personagens e níveis emocionantes. Prepare-se para a emoção do skate!
Tony Hawk's Pro Skater 3 (USA, Europe)	Tony Hawk retorna com uma nova lista de skatistas, uma nova seleção de parques para explorar e um nível gráfico totalmente novo. A lista de skatistas de street e vertical inclui Elissa Steamer, Jamie Thomas, Steve Caballero, Rune Glifberg, Geoff Rowley, Andrew Reynolds, Rodney Mullen, Eric Koston, Chad Muska, Bucky Lasek e Bam Margera, do programa Jackass da MTV (e, claro, Tony Hawk). O modo de criação de skatista está de volta, permitindo ainda mais opções para personalizar seu personagem, como adicionar óculos e tatuagens, mudar a cor das joelheiras e cotoveleiras ou até mesmo do cabelo. Os níveis em que você deve andar de skate agora são mais interativos, com carros e pessoas bloqueando caminhos e fazendo barulho enquanto você corre para marcar o maior número de pontos possível. Use objetos nas ruas ou no parque para pular ou passar por cima, aumentando sua pontuação, e realize manobras tão selvagens e criativas quanto puder.
Tony Hawk's Pro Skater 4 (USA, Europe)	THPS4 é o quarto jogo da sempre popular franquia da Activision. A principal característica desse jogo é o seu modo carreira reformulado. Ao iniciar uma fase, você tem todo o tempo do mundo para andar de skate, realizar manobras, se familiarizar com o local, sem a pressão de objetivos ou limites de tempo. Quando estiver pronto para tentar um objetivo, basta encontrar um skatista profissional, conversar com ele e, então, receber o objetivo, similar ao Dave Mirra Freestyle BMX. Os objetivos são parecidos com os jogos anteriores, como coletar SKATE, conseguir uma certa quantidade de pontos, saltar de um objeto para outro e deslizar em corrimãos. No entanto, existem novos objetivos, como coletar a palavra COMBO enquanto se faz uma única combinação grande. Se você errar uma manobra, o objetivo falha. Depois de cumprir todos os objetivos regulares, você pode tentar o Objetivo Pro, que é específico para cada skatista e é extremamente difícil.
Tony Hawk's Underground (USA, Europe)	Como versões anteriores na série de skate Tony Hawk no Game Boy Advance, Tony Hawk's Underground adapta o título do console para a plataforma portátil usando gráficos isométricos e personagens poligonais. O principal modo de jogo é o modo de história, embora você possa aproveitar mais modos onde a diversão nunca acaba. Desta vez é sua própria jornada. Quebre as regras, explore todas as possibilidades. Torne-se uma estrela.
Tony Hawk's Underground 2 (USA, Europe)	Tony Hawk's Underground 2 é baseado nos jogos de console de mesmo nome. Como os lançamentos anteriores da série GBA, é uma representação isométrica dos níveis do console combinados com caracteres poligonais. Ele contém um modo de história, no qual você cria um skatista novato e o leva em uma turnê mundial com profissionais para melhorar suas habilidades e ganhar prêmios; e um modo clássico, no qual você deve cumprir vários objetivos, como enganar objetos ou obter uma pontuação alta em dois minutos. As mudanças nesta iteração incluem a remoção do cronômetro da maioria dos objetivos no modo história, permitindo que você tenha vários ativos ao mesmo tempo e novos movimentos como o giro nata, a birra, que permite se recuperar de uma fiança sem perder tudo, foco, onde você pode desacelere o tempo para acertar o melhor truque e aplicar adesivos.
Top Gear GT Championship (USA)	Diferente do estilo puramente arcade dos jogos clássicos de SNES, a &quot;lore&quot; aqui foca na ascensão de um piloto profissional no mundo do GT Championship. No Game Boy Advance, o objetivo é progredir por diversas categorias de corrida, enfrentando adversários em circuitos ao redor do mundo. O grande diferencial narrativo e técnico é a inclusão de condições climáticas dinâmicas, como chuva e neblina, que alteram drasticamente o comportamento dos carros na pista. O jogador deve gerenciar a performance do seu veículo, ajustando pneus e aerodinâmica para vencer as copas e se tornar o campeão definitivo. É a evolução da marca Top Gear buscando um realismo maior na palma da mão, sem perder a velocidade característica da série.
Top Gear Rally (USA)	Corra através de 10 pistas, cada uma mais difícil que a anterior e apresentando diferente terrenos, na tentativa de vencer aos outros 7 corredores de rally na pista. Escolha seu carro de rally e faça as mudanças necessárias para competir com os outros pilotos. Você pode salvar uma cópia do seu fantasma para correr contra, ou competir contra um amigo usando o cabo link. Você também pode fazer upload dos seus melhores tempos para cada pista para a internet, usando o sistema de ranking mundial. Entrando a senha dada a você após cada corrida, você pode entrar no site e se comparar com outros pilotos ao redor do mundo.
Top Gun - Combat Zones (USA) (En,Fr,De,Es,It)	Assuma os cockpits dos melhores aviões da Marinha em Top Gun: Combat Zones. Com o F-14, F-18 e F-22 sob seu controle, você deve embarcar em perigosas missões de baixa altitude através de cânions traiçoeiros e vastas paisagens urbanas. Elimine alvos terrestres e aéreos em regiões como Sudeste Asiático, Estados do Golfo, Círculo Ártico e na Base de Miramar
Top Gun - Firestorm Advance (USA, Europe) (En,Fr,De,Es,It)	Você é um &quot;Maverick&quot; ou um &quot;Homem de Gelo&quot;? Você é frio, calmo e controlado ou age por instinto? As respostas para essas e muitas outras perguntas sobre aviação podem ser encontradas em Top Gun Firestorm Advance para GBA. Desenvolvido pela Fluid, Top Gun é um jogo de ação isométrica com rolagem lateral que oferece uma grande variedade de missões e tipos de aeronaves, mantendo a jogabilidade simples e viciante que os jogadores de GBA conhecem e adoram. Top Gun é repleto de ação eletrizante. Erros nesse ambiente cheio de adrenalina podem deixar os jogadores mais mortos do que o Goose.
Top Spin 2 (USA) (En,Fr,De,Es,It)	Vá a quadra e compita contra alguns dos maiores nomes no tênis com TOP SPIN 2 de 2k Sports para o Game Boy Advance. O jogo contém jogabilidade excitante de tênis, um variado número de modos, e um bocado de diversão. Modo de carreira, o modo principal do jogo, há jogadores criando um jogador homem ou mulher do zero usando o consideravelmente profundo modo de customização. Após o jogador ser criado e nomeado, jogadores movem para a quadra. Primeiro vem várias rodadas de treinamento com o treinador, que ensinará jogadores tudo o que precisam saber sobre controlar seus jogadores, servindo, e retornando a bola em TOP SPIN 2. Entretanto, cada lição custa dinheiro, logo jogadores precisarão rapidamente entrar torneios de nível mais baixo para ganhar algum dinheiro. Vários dos torneios não estarão disponíveis no começo, mas na medida que jogadores ganham partidas e posições no ranking, torneios mais difíceis ficam disponíveis. Eventualmente, jogadores se encontrarão desafiando grandes estrelas do tênis como Andy Roddick, Venus Williams, Roger Federer, Maria Sharapova, Lindsay Davenport, e Lleyton Hewitt. Jogadores também podem jogar jogos rápidos em simples ou duplas, jogar um jogo de exibição, jogar três diferentes mini-games em modo de grupo, e desafiar amigos usando o link do Game Boy Advance. De modo geral, jogadores que amam tênis e o desafio que este traz amarão TOP SPIN 2.
Total Soccer Manager (Europe) (En,Fr,De,Es,It,Nl)	Além de um motor de jogo totalmente novo, mudanças inovadoras e recursos revolucionários foram programados em Alex Ferguson's Player Manager 2001 para aprimorar o sistema de menus, acelerar o ritmo e a acessibilidade das opções de jogo e oferecer uma sensação totalmente realista da tensão crescente até o dia da partida. Novas capturas de movimento dos jogadores, novos modelos e dinâmicas de jogadores e ambientes de estádio proporcionarão representações fiéis das táticas dos jogadores à medida que cada jogo for disputado em tempo real, enquanto as estatísticas pós-jogo aprimoradas fornecerão um guia rápido sobre o desempenho dessas táticas. Todos esses recursos inovadores foram complementados com a entrada de conteúdo de jogo exclusivo e uma avaliação de fim de temporada no próprio jogo, feita pelo próprio Ferguson, como um técnico de jogadores.
Totally Spies! (USA)	Sam, Alex e Clover são melhores amigas e garotas do ensino médio totalmente normais. Elas vão à escola, dão risadinhas por causa de garotos e, acima de tudo, adoram fazer compras. Mas, um dia, elas são recrutadas pela WOOHP, a &quot;Organização Mundial de Proteção Humana&quot;, para serem agentes secretas e se tornarem Totally Spies! Jogue os 16 níveis em cinco histórias diferentes. Use os gadgets super legais para derrotar os vilões.
Totally Spies! 2 - Undercover (USA) (En,Fr)	Baseado na famosa animação Três Espiãs Demais, a trama do segundo jogo para o portátil coloca o trio da WOOHP em novas missões ao redor do mundo. A lore segue a estrutura clássica do desenho: Jerry convoca Sam, Alex e Clover para investigar atividades suspeitas que ameaçam a paz mundial. O jogo foca na infiltração e no uso estratégico de dispositivos tecnológicos (gadgets) disfarçados de acessórios de moda. Cada fase exige o uso das habilidades únicas de cada espiã para resolver quebra-cabeças, coletar pistas e enfrentar vilões extravagantes em cenários coloridos. É uma mistura de ação e stealth que captura bem o espírito vibrante e bem-humorado das espiãs de Beverly Hills.
Tower SP, The (USA)	Uma versão aprimorada de The Tower, mais conhecido como SimTower, para Game Boy Advance. Construa sua torre, estabeleça escritórios e lojas e não se esqueça dos elevadores. A versão para Game Boy Advance é praticamente idêntica à versão para PC/Mac, mas possui alguns aprimoramentos, como a possibilidade de limpar banheiros manualmente e um tutorial completo.
Trick Star (Europe) (En,Fr,De,Es,It)	Lançado pela Global Star, Trick Star é focado inteiramente na adrenalina do motocross freestyle. A &quot;lore&quot; gira em torno de competições globais onde o jogador assume o papel de um piloto em busca do título de mestre das acrobacias. Diferente de simuladores de corrida tradicionais, aqui o objetivo principal é dominar o ar: você deve realizar combos de manobras complexas durante saltos em rampas gigantescas para impressionar os juízes e ganhar velocidade extra. No Game Boy Advance, o jogo utiliza uma perspectiva isométrica colorida e fluida, desafiando os reflexos do jogador para aterrissar corretamente após giros e manobras radicais. É a essência do esporte radical transformada em um desafio de precisão e pontuação máxima portátil.
Trollz - Hair Affair! (USA)	O jogo Trollz: Hair Affair! é uma coletânea de minigames baseada na série animada produzida pela DIC Entertainment. Ele acompanha cinco adolescentes trollz — Amethyst, Ruby, Sapphire, Topaz e Onyx — que lidam com a vida escolar usando magia. Cada personagem está ligado a um minigame diferente: Topaz participa de Watch the Hair, onde ela encolhe e percorre os cabelos das amigas para desfazer nós enquanto evita frizzies e Snarf; Sapphire aparece em Smarty Trollz, um jogo de memória; Ruby estrela Trollz Dance, um jogo de ritmo; Amethyst assume Flying Spell, um sidescroller aéreo com disparos contra inimigos e gerenciamento de energia; e Onyx tem Spell Beadz, inspirado em Puzzle Bobble. Cada minigame inclui power-ups colecionáveis que afetam a jogabilidade de formas distintas, dependendo do jogo. O nível de dificuldade escolhido no início (fácil, médio ou difícil) altera a experiência. No modo história, os minigames são intercalados com pequenas cutscenes que dão continuidade à narrativa.
Tron 2.0 - Killer App (USA)	Desenvolvido para o Game Boy Advance pela Digital Eclipse, os jogadores podem assumir os papéis dos guerreiros digitais Tron ou Mercury, cada um com suas próprias histórias, armas e modos de jogo, enquanto lutam contra o Corruptor — um programa de computador maligno que tenta criar o vírus definitivo. Baseado no clássico filme da Disney, o jogo apresenta mais de 30 níveis de jogabilidade repleta de ação, incluindo combate digital em terceira pessoa (isométrico), combate de veículos em primeira pessoa e corridas de Light Cycle (motos de luz).
Turok - Evolution (USA)	O jogo começa com o vidente, Tarkeen, explicando a história das Terras Perdidas, que, durante anos, foram disputadas por senhores da guerra tirânicos. Na Terra, durante o velho oeste, Tal'Set enfrenta seu inimigo, o Capitão Bruckner, e consegue cortar seu braço, mas ambos são sugados para um buraco de minhoca. Tal'Set quase morre, e o povo da Vila do Rio, que o encontrou, invoca Tarkeen para curá-lo. Tarkeen então ordena que tragam Tal'Set até ele. Ele é enviado para a selva e mata facções inimigas, inimigos semelhantes a lagartos conhecidos como Sleg, que estão perto da Vila. Tal'Set se junta a Genn, um piloto da Vila, que o guiará até o vidente. Ao longo do caminho, ele usa o Pterossauro para expulsar o Sleg da selva e destruir sua nave aérea.
Twin Series 1 - Mezase Debut! - Fashion Designer Monogatari + Kawaii Pet Game Gallery 2 (Japan)	Twin Series 1: Mezase Debut! Fashion Designer Monogatari + Kawaii Pet Game Gallery 2 para Game Boy Advance é um jogo de compilação que mistura design de moda e cuidados com animais de estimação. Os jogadores podem criar roupas para clientes exigentes e, em seguida, cuidar de adoráveis animais de estimação pixelados. O jogo, publicado pela Culture Brain, oferece uma experiência excêntrica e diversa no GBA.
Ultimate Arcade Games (USA)	Ultimate Arcade Games é uma coletânea de doze jogos de estilo arcade clássicos adaptados para o portátil. O título oferece uma variedade de gêneros, incluindo puzzles, ação lateral, tiro e simuladores de cassino. As mecânicas fundamentais variam conforme o minijogo selecionado, mas focam em controles simplificados e jogabilidade de alta pontuação. Os objetivos principais giram em torno da superação de níveis progressivamente difíceis e do gerenciamento de recursos em tempo real, como tempo e munição. O jogo apresenta modos para um jogador e suporte para multijogador local via cabo Game Link, permitindo disputas competitivas em títulos selecionados da biblioteca.
Ultimate Spider-Man (USA)	Ultimate Spider-Man é um título de ação e plataforma side-scrolling baseado na série de quadrinhos homônima. O jogo apresenta uma narrativa dual onde o jogador alterna entre Spider-Man e Venom, cada um com mecânicas distintas: o primeiro foca em agilidade e combate baseado em teias, enquanto o segundo utiliza força bruta e a necessidade de consumir NPCs para regenerar saúde. O objetivo principal envolve progredir por fases lineares combatendo inimigos e enfrentando chefes icônicos do universo Marvel. Diferente das versões de console, a versão para GBA utiliza sprites 2D e foca em combate direto e sequências de plataforma.
Unfabulous (USA)	Baseado no popular programa de TV live-action da Nickelodeon estrelado por Emma Roberts, Unfabulous permitirá aos jogadores assumirem o papel de Addie Singer enquanto ela se move pelos corredores frenéticos da Rocky Road Middle School e tenta evitar o fim de sua popularidade. Os jogadores irão percorrer várias fases com base em eventos do show, e encontrar amigos, familiares e paixões secretas de Addie.
Urban Yeti! (USA, Europe)	&quot;Urban Yeti!&quot; (2002) para GBA é um jogo de ação e aventura com visão superior onde um Yeti busca uma companheira em uma cidade humana hostil. O jogador explora a cidade, luta contra pedestres e completa quatro minijogos bizarros (trabalho, esgoto, frangos, discos) para progredir, pagando pedágios para avançar. Como um Yeti apaixonado a procura da sua alma gêmea, enfrente perigos urbanos, destrua objetos, ataque humanos, e esconda-se nas sombras para poupar energia. Lembra os primeiros Grand Theft Auto, alternando exploração, combate e minijogos.
V-Rally 3 (USA) (En,Fr,Es)	A série de corridas de rali chega ao GBA com gráficos 3D mapeados por textura que levam o GBA em uma direção nunca pensada ser possível. Os jogadores podem escolher entre uma variedade de modos de jogo, incluindo corridas de rali, corridas de circuito e contrarrelógios ou ligar e bater de frente com outro jogador. Quanto melhor e mais longe você obtém, mais carros e pistas são desbloqueados. Veja a corrida de dentro do carro ou atrás dele enquanto você grita através da neve, chuva, neblina, terra, cascalho e saltos em diferentes horas do dia e da noite enquanto tenta se tornar o melhor piloto de rali do planeta. Possui bateria de backup.
V.I.P. (Europe) (En,Fr,De,Es,It,Nl)	A supermodelo Pamela Anderson ganha mais uma chance de brilhar neste videogame baseado na série de sucesso da atriz. Assim como na série, o jogo oferece muita ação, humor e estratégia para te manter entretido e, claro, também tem supermodelos (se você curte esse tipo de coisa). A personagem de Anderson, Vallery, é a estrela do jogo, e você ajudará a guiar a loira voluptuosa por 30 fases repletas de diversão e emoção. Como Vallery é guarda-costas, ela terá que lidar com diversos clientes importantes que a contratarão (você). Você precisará usar suas habilidades em artes marciais, armamento de alta tecnologia e algumas das habilidades especiais de Vallery para afastar os vilões, manter seus clientes satisfeitos e garantir a segurança de todos.
Van Helsing (USA)	Nas profundezas da misteriosa terra da Transilvânia, os monstros que habitam os pesadelos mais profundos do homem ganham forma. O destino — e a maldição — de um homem é vencer o mal e destruir o letal e poderoso Conde Drácula. Desça às profundezas sombrias das Montanhas Cárpatos como o lendário caçador de monstros, Van Helsing. No papel de Van Helsing, você enfrentará o Drácula, o Monstro de Frankenstein, o Lobisomem e outras criaturas diabólicas com um arsenal de armas mortais e habilidades especiais.
VeggieTales - LarryBoy and the Bad Apple (USA)	LarryBoy and the Bad Apple coloca você na pele do herói mascarado LarryBoy em uma missão para salvar Bumblyburg das garras da vilã Bad Apple. O título é um jogo de plataforma e ação focado em combates e exploração lateral. O objetivo principal é derrotar a antagonista que tenta dominar a cidade através das tentações e fraquezas de seus habitantes. O jogador utiliza os dispositivos tecnológicos de LarryBoy, como suas orelhas de sucção, para escalar paredes, balançar entre plataformas e enfrentar inimigos. A mecânica envolve a coleta de itens, resolução de puzzles ambientais e confrontos contra chefes. A progressão é linear, focada em precisão de saltos e no uso correto das habilidades do herói para avançar pelos níveis temáticos baseados na animação.
Virtua Tennis (USA)	Chega ao GBA o Virtua Tennis, sem o elemento 3D &quot;Virtual&quot;, mas com a mesma jogabilidade que você espera de um jogo de tênis. Escolha um jogador homem ou mulher (ou crie o seu próprio) e embarque na turnê mundial, competindo em vários torneios de saibro, quadra dura, grama ou ambientes fechados. Enfrente alguns dos melhores jogadores do mundo, tanto em simples quanto em duplas, ou dispute partidas contra seus amigos em duplas de 4 jogadores. Minigames testam suas habilidades e melhoram o timing das suas jogadas. Os jogos variam de Burger Chef (mire na grade para decidir o que vem a seguir no hambúrguer), Disc Shooter (semelhante ao Othello) e Tiro ao Alvo, onde você mira no centro do alvo. Seu personagem criado também irá melhorar de acordo com o seu sucesso em cada minigame, com seus atributos aumentando ao longo do tempo.
Virtual Kasparov (USA) (En,Fr,De,Es,It)	Virtual Kasparov é um jogo de xadrez com trinta e um oponentes de diferentes níveis de dificuldade para enfrentar no modo história. A vitória sobre esse grupo multicultural de jogadores de xadrez levará você ao próprio Garry Kasparov. Vários estilos de tabuleiros estão incluídos, além de diversos tabuleiros 3D. O modo multijogador é compatível com cabo link ou com um único console.
W.i.t.c.h. (Europe) (En,Fr,De,Es,It)	Baseado na série de TV, o jogo de GBA W.I.T.C.H. o transporta para as vidas das 5 garotas divertidas, Will, Irma, Taranee, Cornelia e Hay Lin onde elas descobrem que elas não são adolescentes normais. As garotas W.I.T.C.H. são de fato guardiãs elementais encumbidas com a proteção da Terra dos malvados Phobus, que estão tentando conquistar a Terra. O jogo W.I.T.C.H. é fiel a série de TV, mas também adiciona reviravoltas que são únicas ao jogo, incluindo elementos de trabalho de equipe, amizade, entendimento e conflito, todos contribuindo para uma rica trama baseada no universo W.I.T.C.H.
Wade Hixton's Counter Punch (USA, Europe)	Durante uma pequena viagem, o jovem Wade Hixton fica sem carro por causa de uma pane. Por sorte (ou azar), uma pequena cidade fica por perto. Ao pedir ajuda, ele descobre que os moradores de Big Piney estão mais do que dispostos a ajudá-lo... mediante pagamento. Wade agora precisa calçar as luvas de boxe e lutar pela cidade contra uma série de personagens estranhos prontos para nocauteá-lo. Para ganhar dinheiro suficiente para consertar o carro e sair vivo da cidade, ele será testado dentro e fora do ringue. O estilo não linear do jogo oferece diversas opções. Você escolherá com quem lutar, em quem confiar para tomar as decisões certas e em quem investir seu suado dinheiro para comprar ajuda em momentos de crise no ringue. A vida de Wade e seu carro estão em suas mãos enluvadas.
Wakeboarding Unleashed Featuring Shaun Murray (USA)	O wakeboard é a mais recente adição à linha de títulos de esportes radicais da Activision. O praticante (usando uma prancha que é uma combinação de prancha de surfe, bodyboard e skate) é puxado pela água em alta velocidade por uma corda presa a um barco, e deve realizar manobras saltando em rampas ou usando a esteira deixada pelo próprio barco (daí o nome do esporte).
Wario Land 4 (USA, Europe)	Wario Land 4 é um jogo de plataforma para Game Boy Advance lançado pela Nintendo em 2001. O jogo apresenta o personagem Wario, que, ao descobrir uma pirâmide antiga cheia de tesouros, deve explorá-la para coletar itens valiosos. A jogabilidade envolve rolar, golpear e saltar em inimigos enquanto Wario viaja através de vários mundos misteriosos, incluindo florestas tropicais, ruínas antigas e vulcões. Cada mundo inclui várias fases diferentes, cada uma com seus próprios obstáculos e inimigos. No final de cada mundo, Wario deve enfrentar um chefe desafiador antes de poder progredir para o próximo mundo. O jogo também inclui vários puzzles ambientais que exigem que o jogador explore áreas secretas e use a habilidade de Wario para obter acesso a tesouros escondidos e itens de bônus. Ao longo do jogo, Wario pode coletar moedas e tesouros valiosos, que podem ser usados ​​para desbloquear recursos adicionais, como mini-jogos e galerias de arte.
WarioWare - Twisted! (USA, Australia)	Após acidentalmente descobrir a tecnologia de girar, Wario reconvoca os desenvolvedores de WarioWare, Inc. para fazer um novo conjunto de minigames doidos. WarioWare: Twisted! mantém o estilo rápido de jogabilidade do original WarioWare e introduz um novo sensor de giro que lhe permite controlar a jogabilidade rotacionando o Game Boy Advance SP à esquerda e à direita. Os novos controles conduzem a mais de 200 minigames. Jogue a todos para desbloquear souvenirs, como jogos de bônus, estatuetas, e instrumentos.
Whac-A-Mole (USA)	O jogo Whac-a-Mole para Game Boy Advance (lançado em 2005 pela Activision) adapta o clássico arcade de bater em toupeiras para uma aventura portátil. O jogador deve esmagar, golpear e eliminar 10 tipos diferentes de toupeiras — como ninjas, pilotos e soldados — através de sete mundos únicos. São inimigos variados, Toupeiras com habilidades próprias, incluindo as elétricas e as que dirigem carros ou aviões que vão exigir Foco em reflexos, com desafios de velocidade e precisão típicos dos fliperamas tradicionais. São dois modos de jogo ! Modo Arcade: Corrida contra o relógio para cumprir objetivos em mundos repletos de inimigos especiais, power-ups e combates. Modo Quickplay: Partidas rápidas e personalizáveis que misturam quebra-cabeças e fases de ação com níveis gerados por estilo aleatório.
Who Wants to Be a Millionaire (Europe)	O apresentador Chris Tarrant faz as perguntas nesta versão britânica da famosa série de videogames. Inclui todos os clássicos recursos de Ajuda (50/50, Opinião da Platéia, Ligação para um Amigo), modos de jogo multijogador e centenas de perguntas desafiadoras.
Wild, The (USA, Europe) (En,Fr,De,Es)	O jogo The Wild é baseado no filme de animação da Disney de mesmo título. Lançado exclusivamente para o Game Boy Advance, seu objetivo é resgatar Ryan, o leão, que primeiro escapou do zoológico rumo à selva real para aprender o rugido típico dos leões, e depois foi capturado por Kazar, o rei dos gnus, que pretende sacrificar Ryan para alterar a cadeia alimentar. Você pode jogar tanto com Samson, o pai de Ryan, quanto com Benny, o esquilo, cada um com características diferentes. Para jogar os 19 episódios do modo história, o jogador primeiro precisa realizar certas tarefas em missões solo. O jogo é um plataforma side-scrolling (rolagem lateral) voltado para o entretenimento infantil e contém uma memória baseada em bateria para salvar até três arquivos.
Wing Commander - Prophecy (USA)	Já se passaram cerca de doze anos desde a destruição de Kilrah, o planeta natal dos Kilrathi. A Confederação Terrana, desmobilizando e reorganizando lentamente seus recursos militares, adotou uma nova estratégia: construir vários megaporta-aviões da classe Midway, idealizados pelo Comodoro da Marinha Christopher Blair. Esses novos porta-aviões, com mais de um quilômetro de comprimento, carregam todo o equipamento e armamento de um grupo de batalha de porta-aviões da época da Guerra Kilrathi. O primeiro deles, o próprio Midway, está passando por seu cruzeiro de testes, com Blair a bordo. Antes disso, porém, o jogador assiste a um vídeo em CGI de uma estranha ruptura no espaço no sistema Kilrah: a chegada dos primeiros invasores Nephilim. A profecia que dá título ao jogo envolve a vinda desses invasores alienígenas, que chegarão somente depois que &quot;alguém que tenha o coração de um Kilrathi, mas que não seja nascido Kilrathi&quot; conquistar a raça guerreira felinoide.
Wings (USA)	Você é um piloto de caça aliado na Primeira Guerra Mundial, enfrentando os alemães nos céus em mais de 200 missões. As missões geralmente se dividem em três tipos: missões de bombardeio com visão de cima para baixo, onde você precisa eliminar alvos estrategicamente importantes; ataques rasantes isométricos, onde você pode destruir tudo o que quiser com munição ilimitada; e, claro, a parte principal: combates aéreos. Renderizados em 3D, a perspectiva é vista por trás da sua cabeça. O jogo se passa entre os anos de 1916 e 1918 e, para tornar as coisas um pouco mais descontraídas, podemos ler uma página da nova anotação do nosso personagem em seu diário entre cada missão.
Winter Sports (Europe) (En,Fr,De,Es,It)	Winter Sports é um jogo de esportes, desenvolvido pela Independent Arts e publicado pela East Entertainment Media, lançado em 2006.
WinX Club (USA)	Winx Club é um jogo de ação e aventura baseado na série de desenhos animados italiana de mesmo nome. A história é semelhante à de Harry Potter, só que desta vez o personagem principal é uma fada. Ela vai para uma escola de fadas no mundo dos contos de fadas chamada Magix, onde ela tem que encontrar seu verdadeiro eu. Este jogo é semelhante às versões para Windows e Playstation 2, exceto que, em vez de uma perspectiva 3D em terceira pessoa, apresenta uma perspectiva 2D de cima para baixo do mundo do jogo.
WinX Club - Quest for the Codex (USA)	Bem-vindo ao mundo mágico do Winx Club, onde os jogadores podem explorar uma ampla gama de novos personagens, ambientes interativos e divertidos minijogos que incorporam a moda, as amizades e a magia do mundo do Winx Club. Os jogadores poderão desfrutar de uma experiência de jogo simples, social e divertida, projetada especificamente para meninas de 6 a 11 anos. A versão DS inclui minijogos exclusivos que utilizam a tela de toque do Nintendo DS. Dance, voe e cante em divertidos minijogos para cada membro do Winx Club. Ganhe novas roupas, acessórios e itens para personalizar seu personagem. Troque itens com outros jogadores para completar o visual perfeito.
Wolfenstein 3D (USA, Europe)	Wolfenstein coloca-nos na pele do soldado Blazkowicz, capturado pelos nazis e que deve fazer tudo o que estiver ao seu alcance para escapar de uma mansão gigantesca. A história, dividida em seis fases, é muito concisa e serve de pretexto para explorar os níveis do jogo. O objetivo é simplesmente ir de um ponto a outro, eliminando alegremente a horda de soldados nazis que certamente estarão no seu caminho. O cenário oferece a honra suprema de pôr fim à vida do Führer.
World Poker Tour (USA)	Participe dos torneios de poker mais prestigiados do mundo com World Poker Tour 2K6. Sinta a emoção de jogar com os melhores do mundo enquanto compete contra jogadores reais do WPT, em locais reais do torneio. Crie jogos de poker personalizados definindo regras e limites com o inovador editor de poker e compartilhe seus jogos para criar ligas de poker com seus amigos. Um sistema de apresentação exclusivo, inspirado nas populares transmissões do World Poker Tour, com comentários perspicazes de especialistas do WPT, transforma sua sala de estar em um verdadeiro palco do torneio.
World Reborn (USA) (Proto)	World Reborn é um jogo de tiros com elementos de role-playing. Em World Reborn, estamos num mundo onde a humanidade perdeu todos os vestígios da sua história, das suas descobertas e dos seus feitos. Recolha XP para melhorar a sua nave e aumentar as suas capacidades de combate. O jogo inclui 18 níveis, quatro naves e cinco pilotos.
Worms - World Party (USA) (En,Fr,De,Es,It)	As Minhocas estão de volta, mais mortais do que nunca. Você terá que aprender que não há nada mais perigoso que uma Minhoca com uma bazuca ou um espingarda... A primeira vista, A Festa Mundial das Minhocas parece muito similar a Armagedom das Minhocas. Entretanto, desta vez o jogo foi especialmente desenvolvido com multijogador em mente. Até 6 jogadores podem lutar entre si ao mesmo tempo em rede local ou pela internet, usando o próprio serviço de jogo da Team17, chamado Wormnet. Outras introduções bem-vindas são Wormpot, que pode prover até 400 variações de jogo entre &quot;Modo Golias&quot; até &quot;Minhocas Sangrando&quot;, centenas de novos cenários, bandeiras e fanfarras, e um monte de missões para um jogador.
Worms Blast (World) (En,Fr,De,Es,It) (Evercade)	A jogabilidade é semelhante à de Puzzle Bobble/Bust-A-Move, mas com algumas diferenças importantes. Há uma grade hexagonal de blocos coloridos no topo da tela, enquanto o personagem do jogador está sentado em um barco flutuando na água. Ao contrário de Puzzle Bobble, ele pode se mover de um lado para o outro. Há várias armas disponíveis, porém a única arma com a qual o jogador tem que começar é uma bazuca. Assim como em Worms, manter o botão de disparo pressionado aumenta a potência do lançamento da arma, afetando sua distância de alcance.
WWE - Road to WrestleMania X8 (USA, Europe)	O caminho para a WrestleMania X8 é uma luta de um ano inteiro, que viu lendas renascerem, sonhos se despedaçarem e vidas mudarem para sempre. Não é glamouroso, não é fácil, e com certeza não é destino. Trata-se das brigas feias, da paixão interminável e das emoções endurecidas pela batalha que são necessárias para caminhar pelo caminho rumo ao maior espetáculo do entretenimento esportivo. A apresentação dos imortais começa com o confronto dos titãs em World Wrestling Road to WrestleMania X8.Faça seu Superstar crescer nas fileiras conforme suas habilidades mudam de acordo com seu estilo de luta. Crie seu próprio pay-per-view e veja como o público reage às partidas. Vença lutas e veja sua popularidade disparar quando os bonés e camisetas do Superstar voam das prateleiras na zona das lojas. Comece a busca pelo título mais ilustre do entretenimento esportivo, o Campeonato Mundial de Luta Livre. O Caminho para a WrestleMania começa aqui!
WWE - Survivor Series (USA, Europe)	Entre no ringue com as maiores superestrelas da WWE em WWE Survivor Series para Game Boy Advance. Lute para subir no ranking e desafie os campeões pelos cinturões no novíssimo modo para um jogador. Mude o rumo da batalha com o novo sistema de contra-ataques e mudanças de ímpeto. As superestrelas da WWE apresentam seus atributos reais de força, velocidade e habilidades de finalização — a única diferença entre você e o campeão é uma contagem de três. WWE Survivor Series apresenta novas mecânicas de jogo, incluindo sistemas de finalização, contra-ataque e ímpeto, enquanto os jogadores lutam pelos cinturões e defendem o título no novo modo para um jogador ou se conectam com amigos para lutar em oito tipos de partidas, incluindo Luta na Jaula, Luta de Duplas, Luta Fatal 4-Way e muito mais.
WWF - Road to WrestleMania (USA, Europe)	Mágoa, glória e caos da WWF! Vários tipos de luta, incluindo jaula e hardcore. 24 superestrelas da WWF com entradas e golpes finais. Use armas para derrotar os oponentes. Lute com até quatro jogadores!
X-Bladez - Inline Skater (USA)	Prepare-se para acelerar pelas maiores cidades do mundo! Em X-Bladez: Inline Skater, você encara corridas radicais em cenários icônicos como a Estátua da Liberdade, Alcatraz, Bondi Beach e até a Grande Muralha da China. Desvie de obstáculos, execute saltos incríveis e supere adversários em disputas cheias de velocidade e adrenalina. A cada vitória, desbloqueie novos ambientes e use seus ganhos para melhorar seus patins e evoluir seu desempenho. Ajuste seus equipamentos para priorizar velocidade, estabilidade ou manobrabilidade e encontre o equilíbrio perfeito para dominar as pistas. Recupere-se dos impactos, evolua suas habilidades e volte ainda mais forte para a próxima corrida. O mundo é sua pista. Você é rápido o bastante para vencer?
X-Men - Reign of Apocalypse (USA, Europe)	Você e seus companheiros X-Men estão perdidos em uma realidade alternativa, apenas para descobrir que o supervilão Apocalipse reina supremo. Não só você se encontra à mercê de seus asseclas, como também a linha entre inimigo e amigo se torna perigosamente tênue neste universo espelhado. Sua única esperança é lutar contra inúmeros inimigos e ameaças até chegar ao Portal de Distorção e retornar para casa. Você sobreviverá o suficiente para chegar lá?
X2 - Wolverine's Revenge (USA, Europe)	A arma mais perigosa dos X-Men está solta em busca de vingança. Em X2 Wolverine's Revenge, você joga como Wolverine enquanto ele corre para encontrar o antídoto para um virus que foi implantado em seu corpo. Desembainhe suas garras afiadas, desfira combos letais, e use seus poderes acelerados de cura enquanto você se envolve em ação intensa e cenários de furtividade. Enfrente Sabertooth, Wendigo, Juggernaut, e Magneto, enquanto Professor X e Beast lhe ajudam a procurar por uma cura. Como Wolverine, você pode se tornar a máquina de combate definitiva.
xXx (USA, Europe)	XXX conta a história de Xander Cage, um notório atleta de esportes de ação que desafia a morte, recrutado pela NSA para uma missão tão impossível que todos os outros agentes falharam. Buscando da sua própria experiência não convencional, Cage deve usar suas habilidades extremas para combater um inimigo inteligente, organizado e impiedoso muito além do escopo da sua experiência.
Yggdra Union - We'll Never Fight Alone (USA)	Governarda por uma família real que se diz descendente dos próprios deuses, Fantasinia é uma terra próspera e pacífica -- até que a paz é quebrada pelas forças invasoras do Império de Bronkia. Liderado pelo jovem imperador Gulcasa, que tomou o controle do Império em um brutal golpe de estado, o Exército Imperial de Bronkia corta um caminho sangrento através do povo de Fantasinia e dos Exércitos Reais do Rei Ordeene. Em meio ao caos, uma jovem escapa da capital sitiada de Partina -- uma mulher com inocência no rosto e uma espada na mão. O nome da garota é Princesa Yggdra, a última sobrevivente da família real; a espada é o Gran Centurio, uma lâmina lendária uma vez empunhada pelo fundador de Fantasinia e passada através das gerações da realeza. Fugindo para um vale remoto na ponta sul do continente, Yggdra encontra-se com Milanor, o líder carismático de uma gangue de ladrões, e se prepara para uma guerra de libertação.
Yoshi Topsy-Turvy (USA)	Na sua tentativa de parar as travessuras de Bowser, Hongo o Grande Livro Espírita o selou em um livro pop-up, assim como a Ilha de Yoshi que é onde Bowser estava no momento. O Espírito que ama surpresas apareceu e contou ao dinossauro Yoshi que há um modo de trazer a Ilha de Yoshi de volta. É com Yoshi a tarefa de salvar o dia em Yoshi Cabeça-para-Baixo. O jogo é dividido em seis capítulos, cada contendo inúmeros níveis. O jogador terá que inclinar o mundo (usando o sensor de inclinação) para ajudar Yoshi a subir paredes, abrir novos caminhos, e mandar inimigos rolando. Medalhas de Felicidade devem ser conquistadas, permitindo ao jogador prosseguir ao próximo capítulo se Yoshi realizar com sucesso certos objetivos que os Espíritos o pedem. Ao longo do caminho, Yoshi será transformado em um navio, uma bola, e um balão.
Yu-Gi-Oh! - Destiny Board Traveler (USA)	Yu-Gi-Oh! Destiny Board Traveler, conhecido como Yu-Gi-Oh! Sugoroku no Sugoroku em japonês, é um jogo da Konami para o Game Boy Advance, baseado no Yu-Gi-Oh! A Manga. Neste jogo, os jogadores podem competir contra adversários controlados por computador ou seus amigos para o controlo da Destiny Board. O jogo combina o Yu-Gi-Oh! Jogo de cartas de negociação e um tabuleiro de jogo 5x5. Cada tabuleiro tem um tema diferente, determinado pelo caráter a que pertence. De acordo com as instruções para o jogo, Solomon Muto criou destiny board e isso é obviamente comentado por ele durante cada jogo e capaz de usar o seu Super Power para mudar as regras do jogo.
Yu-Gi-Oh! - Dungeon Dice Monsters (USA) (En,Es)	&quot;Yu-Gi-Oh! Dungeon Dice Monsters&quot; é um jogo de estratégia baseado no universo do famoso anime e mangá &quot;Yu-Gi-Oh!&quot;. Desenvolvido para Game Boy Advance, o jogo mescla elementos de jogo de tabuleiro e de cartas. Nele, os jogadores colocam monstros, que representam personagens do anime, em um tabuleiro de dados, que simula um labirinto. Cada monstro possuí habilidades e poderes próprios, que podem ser ativados pelo jogador para derrotar os inimigos e avançar pelas fases. Além disso, os jogadores também podem usar cartas especiais para obter vantagens durante as partidas. O jogo é conhecido por ter uma jogabilidade única e inovadora para a época de seu lançamento, o que agradou os fãs do anime e os jogadores que queriam uma experiência diferente dos jogos de cartas convencionais.
Yu-Gi-Oh! - The Eternal Duelist Soul (USA)	Chegou a versão mais precisa e avançada do Duelo de monstros! O simulador de duelo definitivo baseado no hit de cartas e da série de televisão! Duele contra muitos oponentes do programa de TV ou desafie seus amigos. Importe cartões do TCG oficial para aumentar a sua coleção. Complete sua coleção de cartões e crie o oponente definitivo para entrar no Campeonato Mundial!
Yu-Gi-Oh! - World Championship Tournament 2004 (USA) (En,Ja,Fr,De,Es,It)	&quot;Yu-Gi-Oh! World Championship Tournament 2004&quot; é um jogo de cartas baseado no anime e mangá &quot;Yu-Gi-Oh!&quot;. Desenvolvido para Game Boy Advance, o jogo permite ao jogador duelar contra personagens do anime ou outros jogadores em competições online. O objetivo é construir seu próprio deck de cartas com um número máximo de cartas permitido e usar estratégias para derrotar os oponentes em partidas emocionantes. À medida que o jogador avança no jogo, ele ganha prêmios em dinheiro virtual, que podem ser usados para comprar novas cartas e ampliar ainda mais seu deck. O jogo também possui um modo de customização, permitindo que o jogador personalize totalmente suas cartas e o ambiente da competição. Com gráficos avançados e uma ampla variedade de personagens do anime, &quot;Yu-Gi-Oh! World Championship Tournament 2004&quot; é uma excelente opção para os fãs da série e jogadores de jogos de cartas em geral.
Yu-Gi-Oh! GX - Duel Academy (USA)	Yu-Gi-Oh! GX: Duel Academy é um jogo de batalha de cartas para o Game Boy Advance baseado no Yu-Gi-Oh! universo. Suba nas fileiras da Duel Academy enquanto encontra novos amigos e luta contra novos monstros. O jogo apresenta mais de 1.200 das últimas cartas, tutoriais e exames para fortalecer suas habilidades como duelista, e vem com três cartas exclusivas.
Zapper - One Wicked Cricket! (USA)	Em Zapper, você controla uma pequena criatura que embarca em uma grande aventura. Zapper é um grilo em busca de seu irmão Zipper, que foi sequestrado pela malvada Maggie, a pega. Ao longo de 18 fases inusitadas, você escapará de inimigos bizarros e perigos mortais usando suas antenas eletrificadas e reflexos ágeis. Eletrocute seus inimigos, explore os arredores e encontre e destrua ovos antes que eles eclodam. A ação intensa de Zapper continua conforme você desbloqueia áreas secretas, fases bônus e joga partidas multiplayer.
Zatchbell! - Electric Arena (USA)	Zatchbell! Electric Arena convida você a reviver as aventuras dos personagens de desenho animado e das histórias em quadrinhos homônimas. O título se apresenta como um jogo de luta colorido, com personagens e cenários estilizados. Doze equipes estão disponíveis, cada uma com seus próprios ataques, itens e habilidades mágicas exclusivas. Cada personagem é auxiliado por um Mamodos na luta, uma pequena criatura extraterrestre indispensável para o humano.
Zero One SP (Japan)	Zero One SP é um jogo de aventura textual lançado exclusivamente no Japão em 2004. O jogador deve descobrir a chave para os mistérios que o cercam em fases que combinam investigação e diálogo.
Zone of the Enders - The Fist of Mars (USA)	Em um futuro distante, a humanidade está à beira da guerra com suas colônias na Lua, Marte e Júpiter. Você assume o controle de um jovem que, após uma série de eventos, se vê na posse de um novo tipo de L.E.V. (um robô de combate gigante) e fica preso em Marte, onde se junta às forças da Liga Anti-Terrestre.
ZooCube (USA)	ZooCube é um jogo de quebra-cabeça que consiste em combinar partes de animais para eliminá-los e ganhar pontos. O cubo é um objeto 3D no centro da tela e as partes dos animais caem em direção a ele. De forma semelhante ao Tetris, o jogador deve impedir que as laterais se formem muito altas. É um jogo rápido e em tempo real, e nas fases mais avançadas o jogador precisa equilibrar as peças do cubo para continuar eliminando animais de todas as faces. Poderes especiais podem ser usados ​​para destruir partes de animais, ganhar pontos ou dificultar a vida dos oponentes, por exemplo, acelerando a queda das partes dos animais em direção ao cubo deles ou reduzindo a velocidade de rotação do cubo.
Zooo - Action Puzzle Game (Europe) (En,Fr,De,Es,It)	Os animais do zoológico se revoltaram contra o tratador. Sua missão é restabelecer a ordem e &quot;capturar&quot; todos os animais.
