#key	synopsis
007 - Everything or Nothing (USA, Europe) (En,Fr,De)	Piense como Bond, actúe como Bond y experimente una aventura completamente nueva de Bond. James Bond, el mejor agente secreto del mundo, regresa en Everything or Nothing con nuevas armas y aparatos, habilidades de combate y trucos inteligentes, y depende de ti darles un buen uso. Viaje a través de cuatro emocionantes continentes, que incluyen el Valle de los Reyes en Egipto y el Barrio Francés en Nueva Orleans. El juego también cuenta con misiones cooperativas para dos jugadores y modos de multijugador para cuatro jugadores.
007 - NightFire (USA, Europe) (En,Fr,De)	El último agente secreto está de vuelta en su aventura más peligrosa aún en James Bond 007: NightFire. Explorar nuevas alturas y profundidades como nunca antes - infiltrarse en altos rascacielos, asumir misiones submarinas traicioneras y maniobrar su elegante Aston Martin V12 Vanquish a través de las calles de Tokio. Los nuevos artefactos y armas actualizables de última generación y las misiones originales -incluidas las tareas de gravedad cero- te dejarán sacudido y agitado.
2 Disney Games - Disney Sports - Football + Disney Sports - Skateboarding (Europe) (En,Fr,De,Es,It)	2 Disney Games - Disney Sports - Football + Disney Sports - Skateboarding es un compilado de dos juegos deportivos: Disney Sports Football: Un juego de fútbol americano en el que los jugadores pueden elegir jugar con uno de sus personajes favoritos de Disney, como Mickey Mouse, Donald Duck o Goofy. El juego cuenta con una variedad de modos de juego, incluyendo un modo historia, un modo desafío y un modo multijugador. Disney Sports Skateboarding: Un juego de skateboarding en el que los jugadores pueden elegir jugar con uno de sus personajes favoritos de Disney, como Stitch, Simba o Ariel. El juego cuenta con una variedad de modos de juego, incluyendo un modo historia, un modo desafío y un modo multijugador. Ambos juegos cuentan con controles intuitivos y gráficos coloridos. Son una excelente opción para los jugadores de todas las edades que buscan juegos deportivos divertidos y fáciles de jugar.
2 Disney Games - Lilo & Stitch 2 + Peter Pan - Return to Neverland (Europe) (En,Fr,De,Es+En,Fr,De,Es,It,Nl)	Esta compilación contiene dos juegos de Disney GBA combinados en un cartucho: Disney's Lilo & Stitch 2 Disney's Peter Pan: Return to Never Land Disney's Lilo & Stitch 2: Juega como Stitch y Lilo para rescatar a Nina y David, quienes han sido secuestrados por el mal Hamsterviel y llevado a bordo de su nave espacial. Para complicar las cosas, Hamsterviel creó Experimentos alienígenas malvados que se enfrentan cara a cara con nuestros héroes. Comience capturando cada Experimento y aprovechando su poder especial para progresar y capturar el siguiente. Sparky, Experimento 22, te ayuda con sus poderosas bolas eléctricas, mientras que Richter, Experimento 513, sacude las cosas provocando un terremoto. Los modos de juego incluyen plataformas de disparos como Stitch, navegación y estrategia como Lilo, carreras intensas y modo multijugador. Peter Pan de Disney: Regreso al país de Nunca Jamás: ¡Tinker Bell ha sido secuestrada y Pan necesita sus poderes mágicos para volar! ¿Puedes ayudarlo a derrotar al Capitán Garfio y rescatar a Tinker Bell antes de que se acabe el tiempo? ¡Vuela en todas las direcciones, planea y ataca mientras vuelas! ¡Combina técnicas de vuelo con movimientos de lucha para acrobacias aéreas que harán que los piratas pateen el botín! ¡Explora Londres, el barco pirata del Capitán Garfio, Skull Rock y más!
2 Game Pack! - Hot Wheels - Stunt Track Challenge + Hot Wheels - World Race (USA, Europe)	Hot Wheels - Stunt Track Challenge es un juego arcade estilo acrobacias en el que los pilotos compiten en desafíos de acrobacias y ganan carreras vertiginosas para permanecer en el espectáculo. A veces hay minijuegos con tareas especiales, que generalmente implican recolectar íconos dentro de un período de tiempo limitado. El modo de juego de Hot Wheels - World Race es similar al de muchos otros juegos de carreras. Los jugadores pueden hacer trucos especiales mientras están en el aire, lo que se suma al impulso del automóvil de los jugadores. Recolectar anillos de oro también aumenta el impulso.
2 Game Pack! - Matchbox Missions - Emergency Response + Air, Land and Sea Rescue (USA)	MatchBox Missions es una compilación de juegos de rescate en GBA. Pilota un helicóptero o un barco de la marina, encarna a un paramédico y salva la vida de tu paciente. Salva a personas de un incendio... Todo esto lo tendrás que hacer en Salvamento Aéreo, Marítimo y Terrestre. Encarne la elección de la policía o el criminal en una persecución, 4 terrenos diferentes estarán a su disposición. Estas son las posibilidades que ofrece Emergency Response.
2 Game Pack! - Uno + Skip-Bo (USA)	¡Sé el primer jugador o forma parte del primer equipo en anotar 500 puntos en este clásico juego familiar! Juega tus cartas haciendo coincidir el color, el número o la palabra con la carta superior de la pila de descarte. Cuando te queda una carta, ¡es Uno! ¡Skip-Bo combina habilidad, estrategia y diversión en un juego que puede jugar toda la familia! Sé el primero en jugar todas las cartas en secuencia numérica de tu reserva para ganar.
2 Games in 1 - Bionicle + Knights' Kingdom (Europe) (En,Fr,De,Da+En,De)	2 Juegos en 1: LEGO Knight's Kingdom + LEGO Bionicle es una compilación de videojuegos lanzada en 2005 exclusivamente para la Nintendo Game Boy Advance.Incluye las versiones para Game Boy Advance de LEGO Knights' Kingdom y Bionicle: The Game. Ambos juegos fueron desarrollados por Razorback Developments y publicados por THQ.Se trata de un solo cartucho con ambos juegos programados, con una pantalla inicial que permite elegir cuál de los dos títulos jugar. Los juegos se juegan igual que sus versiones originales.El juego puede jugarse en inglés y alemán.
2 Games in 1 - Brother Bear + The Lion King (Europe) (En,Fr,De,Es,It,Nl,Sv,Da)	Dos juegos en un solo cartucho:Brother Bear (Sigue la historia de la popular película de Disney mientras controlas a Kenai y Koda, tanto por separado como juntos, en esta aventura llena de acción. Descubre minijuegos ocultos y objetos extra en un mundo variado y con gran riqueza gráfica, basado en los escenarios vistos en la película).The Lion King (Timon y Pumbaa regresan en una nueva aventura que transcurre durante la película original de El Rey León, aunque desde el punto de vista de estos dos inseparables amigos.Elige a cualquiera de los personajes o juega en modo cooperativo con otro jugador para completar distintos niveles inspirados en los eventos de la película, con varios desafíos por superar. El juego también incluye escenas de la película de Disney, que conectan las aventuras de Timón y Pumbaa con la historia original de Simba y su lucha por recuperar el reino de la Roca del Rey de las garras de Scar).
2 Games in 1 - Cartoon Network Block Party + Cartoon Network Speedway (USA)	Este paquete doble incluye dos juegos de Cartoon Network para GBA combinados en un solo cartucho: Cartoon Network Block Party: Cartoon Network Block Party es un juego de fiesta que mantiene la acción rápida y divertida en Game Boy Advance. Juega como cualquiera de los 6 personajes de tus series favoritas de Cartoon Network: Johnny Bravo, Coraje, el perro cobarde, Vaca y Pollo y Ed, Edd y Eddy. Desafía hasta a 3 amigos en 4 tableros temáticos y coloridos, cada uno inspirado en las series de Cartoon Network: Planeta Johnnywood, El Castillo Espeluznante de Katz, La Granja Tater y Callejón sin Salida Extremo.
2 Games in 1 - Columns Crown + ChuChu Rocket! (Europe) (En+En,Ja,Fr,De,Es)	Este paquete doble es una compilación de dos juegos de Sega, previamente lanzados individualmente para GBA:nn-Corona de columnasnn-ChuChu Rocket!
2 Games in 1 - Disney Princess + Brother Bear (Europe) (En+En,Fr,De,Es,It,Nl,Sv,Da)	Brother Bear permite a los jugadores jugar como Kenai y Koda, individualmente o en equipo, mientras se embarcan en una aventura que sigue el ritmo de la película. El juego presenta elementos como espectaculares efectos meteorológicos y cinemáticas de la película que darán vida al mundo de Brother Bear. Con cuatro mundos, 16 niveles y juegos de bonificación desbloqueables, Brother Bear de Disney para GBA es un juego de proporciones épicas. Disney Princess sigue las aventuras de seis personajes femeninos clásicos de las películas animadas de Disney, como Blancanieves, Bella, Cenicienta, Ariel, Jasmine y Aurora. El juego está estructurado de la misma manera que el libro Princesas Disney: Cuentos de Amor y Amistad, donde cada personaje tiene una historia separada y explora escenarios inspirados en su respectiva película. Blancanieves, por ejemplo, debe rescatar a sus amigos mientras viaja a través de bosques oscuros y minas, en su camino para enfrentarse a la Bruja Malvada. Aurora de La Bella Durmiente comienza una búsqueda para liberar a tres hadas atrapadas en algún lugar dentro de un castillo gobernado por la poderosa Maléfica.
2 Games in 1 - Disney Princess + Lizzie McGuire (Europe)	Dos juegos en un solo cartucho: Disney Princess Juega como Blancanieves, Cenicienta, Ariel, La Bella Durmiente, Bella y Jasmín en la búsqueda de la tiara mágica de la amistad, mientras haces realidad sus sueños. Lizzie McGuire Lizzie McGuire es una colección de minijuegos centrados en la heroína de la serie de Disney. El cartucho también incluye una función de PDA para organizar tu semana.
2 Games in 1 - Dragon Ball Z - The Legacy of Goku I & II (USA)	Dos juegos de Dragonball en un cartucho: The Legacy of Goku 1 y 2. Dragon Ball Z: The Legacy of Goku. Mezclando acción y rol, más un toque de aventura, este título recorre la saga desde el entrenamiento de Goku con Kaïo hasta la transformación en un super saiyajin. Navega por las llanuras del juego, lucha contra enemigos para ganar experiencia y adquirir nuevas técnicas hasta el enfrentamiento final. Una secuela directa de su predecesor, Dragon Ball Z: The Legacy of Goku 2 continúa donde lo dejó el otro. Después de su victoria sobre Namek, Goku regresa a la tierra para enfrentarse a los cyborgs y Cell. Siempre a medio camino entre la acción y el rol, el título ofrece cinco personajes jugables con los golpes y técnicas que los acompañan. Vuélvete lo suficientemente poderoso para repeler las invasiones que amenazan el planeta.
2 Games in 1 - Finding Nemo + Finding Nemo - The Continuing Adventures (Europe) (Fr,Nl+Fr,De,Nl)	Buscando a Nemo ¡Guía a Dory, Marlin y Nemo a través de la aventura submarina definitiva! Escapa de Bruce el tiburón y únete a la pandilla de la pecera. Buscando a Nemo: La Aventura Continúa ¡La pandilla de la pecera logró escapar de la clínica del dentista! Ayuda a Nemo, Dory, Marlin, Bruce, Crush y Squirt a llevarlos a su nuevo hogar en el océano.
2 Games in 1 - Finding Nemo + The Incredibles (Europe)	Este cartucho incluye dos juegos. Buscando a Nemo sigue la historia de la película a lo largo de 12 niveles donde controlas a Marlin o Nemo en misiones de exploración, búsqueda, contrarreloj o supervivencia, como huir de Bruce. Los Increíbles es un beat 'em up lateral donde comienzas con Mr. Increíble y luego controlas a la familia y a Frozone, cada uno con habilidades especiales que consumen energía recargable.
2 Games in 1 - Finding Nemo - The Continuing Adventures + The Incredibles (USA)	Los Increíbles - Estos son tus poderes. bombas Balas. robots Láseres. Tu enemigo los controla a todos. La única forma de sobrevivir siendo los Increíbles es ser realmente increíble. Buscando a Nemo: ¡The Tank Gang ha logrado escapar del consultorio del dentista! Ayuda a Nemo, Dory, Marlin, Bruce, Crush y Squirt a llevarlos a sus nuevos hogares en el océano. Vuelve a visitar a todos tus amigos de Disney
2 Games in 1 - Golden Nugget Casino + Texas Hold 'em Poker (USA)	Doble diversión! Golden Nugget Casino & Texas Hold 'Em Poker reúne dos juegos de apuestas para Game Boy Advance. Incluye Golden Nugget Casino, desarrollado por Majesco, con clásicos como blackjack, ruleta y tragaperras, y Texas Hold 'Em Poker, creado por Skyworks Interactive, centrado en el popular póker Texas Hold 'Em. Un cartucho doble pensado para los fans de los juegos de casino en formato portátil.
2 Games in 1 - Hot Wheels - Velocity X + Hot Wheels - World Race (USA)	Hot Wheels: Velocidad X Conduce como nunca lo habías imaginado - ¡Realiza acrobacias salvajes que desafían la gravedad! - ¡Conduce más de 30 autos Hot Wheels auténticos! Hot Wheels: carrera mundial Compite para ser el mejor piloto del mundo en la carrera más intensa jamás creada: la Highway 35
2 Games in 1 - Monsters, Inc. + Finding Nemo (USA)	Con esta compilación, obtienes dos juegos basados en películas animadas de Disney y Pixar. Ahora puedes ayudar a reunir al joven pez payaso Nemo con su padre, o puedes revivir todas las aventuras de los monstruos Mike y Sully.
2 Games in 1 - Moto GP + GT Advance 3 - Pro Concept Racing (Europe) (En,Fr,De,Es,It+En)	Un pack doble de THQ que contiene dos juegos de carreras GBA combinados en un solo cartucho: GT Advance 3: Pro Concept Racing MotoGP: Ultimate Racing Technology
2 Games in 1 - Power Rangers - Ninja Storm + Power Rangers - Time Force (USA) (En,Fr,De+En)	Este cartucho incluye dos juegos en uno. Power Rangers Ninja Storm ofrece seis minijuegos inspirados en la serie, cada uno con tres niveles y la posibilidad de elegir a tu Ranger. Power Rangers Time Force presenta más de 15 niveles donde el equipo viaja por el tiempo para frenar el mal, con habilidades únicas, combates con Megazord, escenas estilo cómic y sistema de contraseñas para guardar el progreso.
2 Games in 1 - Quad Desert Fury + Monster Trucks (USA)	En Monster Trucks / Quad Desert Fury Double Pack, puedes correr en un monster truck o vehículos todo terreno. Monster Trucks te desafía a llevar tu chatarra a lo largo de las competiciones de la arena en un esfuerzo por convertirte en el mejor en el circuito. Quad Desert Fury te permite recorrer los caminos en una simulación 3D de carreras de ATV todoterreno.
2 Games in 1 - Scooby-Doo + Scooby-Doo 2 - Monsters Unleashed (USA)	Scooby-Doo En esta primera entrega, Mystery Inc. queda atrapada en la Isla Tenebrosa y debe resolver un misterio demoníaco. Acompañados de Scooby, Shaggy, Velma, Daphne y Fred, los jugadores recolectan pistas para desentrañar el secreto de la isla encantada. Scooby-Doo 2: Monsters Unleashed Inspirado en la película, este juego de acción muestra cómo los disfraces de los villanos más famosos de Scooby cobran vida en Coolsville. La pandilla explora distintos lugares —como la mansión Wickles o la antigua ciudad minera—, se enfrenta a monstruos animados, como el Fantasma del Caballero Negro, y lucha por proteger su reputación.
2 Games in 1 - Scooby-Doo! - Mystery Mayhem + Scooby-Doo and the Cyber Chase (USA) (En,Fr,De+En)	¡En Scooby-Doo! Mystery Mayhem, el jugador controla a Shaggy y Scooby-Doo mientras avanzan por cinco niveles, resolviendo misterios para Mystery Inc. Shaggy y Scooby cambian de lugar cuando el jugador quiere jugar como Shaggy o Scooby, encuentran una pista y se la comunican a Velma, y pueden derrotar a ciertos monstruos utilizando el Tomo de la Perdición. En Scooby-Doo and the Cyber Chase, la pandilla se encuentra en el ciberespacio. Hay que detener a un nuevo villano llamado el Virus Fantasma. Scooby y Shaggy deben atravesar varios niveles para derrotarlo a él y a sus malvados villanos. Fred, Daphne y Velma ayudan a Scooby y Shaggy a superar los obstáculos dándoles importantes movimientos de juego y consejos a través del dispositivo de comunicación portátil de Velma.
2 Games in 1 - Sonic Advance + ChuChu Rocket! (Europe) (En,Ja,Fr,De,Es)	Dos juegos en un cartucho: Sonic Advance Sonic the Hedgehog llega para su primera aventura en una consola Nintendo. Sonic Advance combina elementos de la serie Sonic original en Genesis de Sega, así como de la serie Dreamcast Sonic Adventure. Chuchu Rocket! ChuChu Rocket es un rompecabezas de acción, diseñado principalmente como un juego multijugador. Tienes control indirecto sobre los ratones y debes guiarlos hasta la seguridad de un cohete y lejos de un gato. Para ello, coloca flechas en el suelo, que seguirán. El juego multijugador es un frenético duelo todos contra todos, en el que los ratones de cada jugador sólo seguirán instrucciones de su propio color. Puedes jugar este modo por tu cuenta contra oponentes de la CPU o enfrentarte a una serie de acertijos predefinidos.
2 Games in 1 - Sonic Advance + Sonic Battle (Europe) (En,Ja,Fr,De,Es+En,Ja,Fr,De,Es,It)	2 Juegos en 1: Sonic el Erizo ha llegado para su primera aventura en una consola de Nintendo. Sonic Advance combina elementos de la serie Sonic original en Megadrive de Sega, así como de la serie Dreamcast Sonic Adventure. Sonic Battle es un juego de pseudo-lucha de ritmo rápido, similar a Super Smash Brothers de Nintendo. En lugar de ser un desplazamiento lateral en 3D, este juego emplea una vista isométrica en 3D; sin embargo, no es un campo estático basado en sprites, sino que se compone de polígonos reales mapeados con textura.
2 Games in 1 - Sonic Battle + ChuChu Rocket! (Europe) (En,Ja,Fr,De,Es,It+En,Ja,Fr,De,Es)	Paquete doble: Sonic Advance: ¡Sonic ha vuelto para salvar el mundo! El malvado Dr. Eggman vuelve a hacerlo, con un nuevo plan para hacer tropezar a Sonic y sus amigos. Ábrete camino a través de obstáculos, acertijos y trampas para recolectar las esmeraldas del caos y derrotar al vil Dr. Eggman antes de que sea demasiado tarde. ChuChu Rocket!: ChuChu Rocket!: exclusivo de Dreamcast, ofrece una nueva experiencia de juego en línea en forma de un juego de rompecabezas para 4 jugadores lleno de adrenalina. ¡Puedes disfrutar de este juego tremendamente adictivo con amigos, en los confines de tu hogar o a través de Internet contra completos desconocidos! Simplemente lleva a los ratones a un cohete mientras los proteges de los feroces gatos que se encuentran en el camino. ¡Cohete ChuChu! - el concepto es simple pero el desafío nunca termina...
2 Games in 1 - Sonic Battle + Sonic Pinball Party (Europe) (En,Ja,Fr,De,Es,It)	Dos juegos de Sonic en un cartucho: Sonic Pinball Party (el segundo juego de Sonic Pinball desde Sonic Spinball a principios de los 90. El juego tiene un modo arcade, un modo tutorial y un modo vs (modo fiesta). En el juego, el juego tiene mesas de pinball de personajes famosos de Sonic Team como Nights, Samba de Amigo y, por supuesto, SONIC. El modo historia del juego es el tipo de historia habitual, Robotnik roba animales que visitan Casinopolis y se convertirá en sus esclavos robóticos. , Sonic va a intentar detenerlo. Antes de hacerlo, tiene que ganar una competencia de pinball y durante el juego desbloqueas premios. La competencia se presenta en un formato eliminatorio. El juego también tiene un modo Casinopolis, que tiene Casino juegos como Roulette. También hay un jardín del caos, como en los juegos de Sonic Advance) y Sonic Battle (Sonic Battle es un juego de pseudo-lucha de ritmo rápido, similar a Super Smash Brothers de Nintendo. En lugar de ser de desplazamiento lateral en 3D, Este juego emplea una vista isométrica 3D (no es un campo estático basado en sprites, sino que se compone de polígonos reales mapeados con texturas).
2 Games in 1 - Sonic Pinball Party + Columns Crown (Europe) (En,Ja,Fr,De,Es,It+En)	Dos juegos en un solo cartucho: Sonic Pinball Party Sonic Pinball Party es el segundo juego de Sonic Pinball desde principios de los 90. El juego tiene un modo arcade, un modo tutorial y un modo versus. En el juego hay mesas de pinball de famosos personajes del Sonic Team como Nights, Samba de Amigo, y por supuesto ¡SONIC! Columns Crown La princesa Dazzle, a punto de convertirse en la reina de la tierra, te ha encomendado que encuentres las gemas que faltan de la Corona de las Columnas, el símbolo de su soberanía.
2 Games in 1 - SpongeBob SquarePants - Battle for Bikini Bottom + Jimmy Neutron Boy Genius (Europe) (En,Fr,De+En,Fr,De,Es)	En un esfuerzo por causar toda tipo de crisis global que el siempre soño, el malvado Plankton ha puesto en marcha su mas diabolico complot para apoderarse del mundo. La fé de todo fondo de bikini ha siso puesta en tus manos (o pequeños tentáculos) de tres insospechados heroes. pon a prueba tus habilides de plataformas como Bob Esponja, Patricio ó Arenita, con una variedad de nuevas y locas maniobras y potenciadores a tu disposición. Explora un inmenso mundo en 3D, encuentra amigos y finalmente pon fin al malvado plan de Plankton. Y Jimmy Neutron el Niño Genio se ha metido en un mundo de problemas completamente nuevo, o deberíamos decir &quot;¿una nueva dimensión de problemas?&quot; en Las Aventuras de Jimmy Neutron el Niño Genio: Jimmy Neutron vs Jimmy Negatron, Jimmy accidentalmente se transporta a una dimension paralela, cambiando lugar con su alter ego - ¡Jimmy Negatron! Con Jimmy Negatron corriendo suelto por Retroville, Jimmy Neutron necesitara todas sus invenciones e ingenio para volver a casa, ¡salva a sus amigos y restaura su ciudad a la normalidad!
2 Games in 1 - SpongeBob SquarePants - Battle for Bikini Bottom + Nicktoons - Freeze Frame Frenzy (USA)	En Bob Esponja, Batalla en Fondo de Bikini, Bob Esponja y sus y sus amigos deben defender Fondo de Bikini de una invasión del ejército de robots de Plankton. En Bob Esponja y sus Amigos : La Cámara Loca, los personajes de tus series favoritas de Nickelodeon están mezclados en otros mundos. Jimmy Neutron debe descubrir qué está pasando y ayudar a sus amigos desplazados a regresar a casa.
2 Games in 1 - SpongeBob SquarePants - Battle for Bikini Bottom + The Fairly OddParents! - Breakin' da Rules (USA)	Con el paquete doble de Spongebob Squarepants / Fairly Odd Parents, puedes embarcarte en una variedad de aventuras en tus dibujos animados favoritos. SpongeBob SquarePants: Battle for Bikini Bottom te lleva a una aventura submarina a través de montañas, acantilados y dentro de &quot;burbujas de crucero&quot;. En Fairly Odd Parents: Breakin' The Rules, entrarás en un mundo de historietas para luchar contra los virus malvados, evitar las plantas que se comen a los niños y rescatar a tus Fairy GodParents.
2 Games in 1 - SpongeBob SquarePants - Revenge of the Flying Dutchman + SpongeBob SquarePants - SuperSponge (USA)	Un tesoro se convierte en terror en SpongeBob SquarePants: Revenge of the Flying Dutchman. Mientras recorre Bikini Bottom, Bob Esponja descubre varios cofres del tesoro. Ignorando las señales de advertencia, los abre, solo para descubrir que ha liberado al Holandés Errante, un fantasma enfadado que ahora quiere hacer de Bob Esponja y sus amigos parte de su tripulación.Mientras ayudas a Bob Esponja a impedir que el Holandés Errante cause estragos en Bikini Bottom, podrás cambiar de disfraces, recoger monedas de oro e interactuar con todos tus personajes favoritos de la serie de televisión.¡Y Hoppin' Clams! Bob Esponja quiere darle a su amigo Patricio Estrella un autógrafo de sus superhéroes favoritos, Hombre Sirena y Chico Percebe, por su cumpleaños. ¡Ayuda a Bob Esponja a cumplir la misión para conseguir sus autógrafos!
2 Games in 1 - SpongeBob SquarePants - SuperSponge + SpongeBob SquarePants - Battle for Bikini Bottom (Europe)	¡Hoppin' Clams! SpongeBob quiere darle a su amigo Patricio Estrella un autógrafo de sus superhéroes favoritos, Hombre Sirena y Chico Percebe, por su cumpleaños. Ayuda a SpongeBob a cumplir la misión y conseguir los autógrafos. Mientras tanto, el malvado Plankton pone en marcha su plan más diabólico para conquistar el mundo. El destino de Fondo de Bikini queda en manos (o pequeños tentáculos) de tres héroes inesperados. Pon a prueba tus habilidades de plataformas como SpongeBob, Patricio o Arenita, usando nuevos movimientos y potenciadores. Explora un enorme mundo 3D, encuentra amigos conocidos y finalmente detén el malvado plan de Plankton.
2 Games in 1 - The Lion King + Disney Princess (Europe) (En,Fr,De,Es,It,Nl,Sv,Da+En)	El Rey León: ¡Hakuna Matata! Tras otro ataque de las hienas, Timón deja su colonia para comenzar una nueva vida por su cuenta. En el camino conoce a Pumba y juntos parten en busca de un nuevo hogar. Disney Princess: cumple tu sueño de convertirte en princesa y encuentra la mágica Tiara de la Amistad. Juega como Blancanieves, Cenicienta, Ariel, Aurora, Bella o Jasmine, y asegúrate de que todos vivan felices para siempre. Encuentra a muchos personajes queridos de Disney, pero cuidado, algunos villanos también te esperan.
2 Games in 1 - The SpongeBob SquarePants Movie + SpongeBob SquarePants and Friends in Freeze Frame Frenzy (Europe) (En,Fr,De,Es,It,Nl+En,Fr,De,Es,Nl)	Una nueva aventura de Bob Esponja, basada en la película animada. ¡Hay problemas en Bikini Bottom… otra vez!Alguien ha robado la corona del Rey Neptuno y todo parece indicar que Don Cangrejo es el culpable. A pesar de haber sido pasado por alto para un ascenso, Bob Esponja y su fiel pero despistado amigo Patricio se ofrecen como voluntarios para emprender el peligroso viaje a Shell City (un lugar del que nadie ha regresado) para recuperar la corona y salvar la vida de Don Cangrejo.
2 Games in 1! - Dragon Ball Z - Buu's Fury + Dragon Ball GT - Transformation (USA)	Dos juegos increíbles en un solo cartucho. Juega como Goku, Vegeta, Gohan, Goten y Trunks. Elige el mejor personaje para dominar cada misión. Lucha a través de la historia de DBGT desde la saga de goku niño hasta la saga baby. Crea tu propio equipo DBGT con personajes como Goku, Trunks, Pan y personajes desbloqueables adicionales.
2 Games in One! - Dr. Mario + Puzzle League (USA)	¿Dos apasionantes juegos de puzles en un sólo cartucho? ¡Justo lo que nos recetó el doctor! En Dr. Mario tendrás que protegerte de una terrible invasión vírica a base de cápsulas vitamínicas. Haz coincidir los colores de las cápsulas con los de las bacterias en filas horizontales o verticales y los bacilos desaparecerán. Juega contra la consola o contra un amigo, pero sea como sea, no dejes que los virus te ganen la partida. En Puzzle League tendrás que deshacerte de bloques antes de que éstos llenen la pantalla haciendo cadenas de tres o más bloques del mismo color. Un enorme abanico de variaciones sobre este tema, además de un montón de características personalizables prometen un puzle casi hecho a medida para ti. Y con sus infinitas posibilidades, ¡la diversión nunca acaba!
2 Games in One! - Gauntlet + Rampart (USA)	Gauntlet / Rampart es un juego misceláneo, desarrollado por EC Interactive Games y publicado por DSI Games, que fue lanzado en 2005.
2 Games in One! - Marble Madness + Klax (USA)	Klax propone un reto simple pero adictivo: agarrar fichas de colores que caen por una cinta y alinearlas en horizontal, vertical o diagonal para formar “klax” y superar cada misión. La velocidad aumenta y exige reflejos rápidos para dominar sus numerosos niveles. Marble Madness es un clásico arcade donde guías una canica por circuitos llenos de peligros (monstruos, ácido, vacío, hielo o catapultas) mientras compites contra el tiempo para llegar a la meta.
2 Games in One! - Spy Hunter + Super Sprint (USA)	Spy Hunter: elimina a terroristas y espías enemigos saltando a tu vehículo ultradeportivo. Usa ametralladoras, manchas de aceite, pantallas de humo y misiles para salvar al mundo. Luego conviértete en una lancha rápida para enfrentarte a los enemigos en el agua. Super Sprint: ¡uno de los mejores juegos de carreras con vista cenital jamás creados! Compite cara a cara en 8 exigentes circuitos, con 4 niveles de dificultad. Evita los peligros y recoge llaves inglesas doradas para mejorar tu vehículo y crear una máquina de velocidad ganadora.
2 Great Games! - Pac-Man World + Ms. Pac-Man - Maze Madness (USA)	Pac-Man World lleva la acción clásica de los arcades a un nuevo nivel. Pac-Man ha llegado a la Isla Fantasma con una misión: arruinar la fiesta de Toc-Man en este nuevo mundo 3D. Ms. Pac-Man - Maze Madness te permite recorrer Pac-World con Ms. Pac-Man mientras devora todos los pellets que encuentre. ¡Ayúdala a recuperar las cuatro Gemas de la Virtud!
2 in 1 - Asterix & Obelix - Bash Them All! + Asterix & Obelix XXL (Europe) (En,Fr,De,Es,It,Nl)	Astérix & Obélix: ¡Paf! ¡Por Tutatis! Juego de plataformas en 2D donde el dúo galo recorre niveles inspirados en los álbumes para repartir bofetadas y golpes de menhir a los romanos, con un estilo fiel al cómic original. Astérix & Obélix XXL Versión portátil en pseudo-3D de la aventura de consolas más potentes, que combina exploración, combates y recolección. Astérix y Obélix deberán liberar su aldea de las garras del ejército romano.
2 in 1 Game Pack - Spider-Man - Mysterio's Menace + X2 - Wolverine's Revenge (USA, Europe)	Dos juegos en un cartucho: Spider-Man: Mysterio's Menace Ambientado en Nueva York, Spider-Man: Mysterio's Menace permite a los jugadores asumir el papel de Spider-Man mientras se enfrentan al supervillano Mysterio y sus ilusiones para controlar Manhattan. Spider-Man debe luchar contra una serie de siniestros conspiradores y artilugios de Mysterio para llegar al fondo de su trama y liberar a Nueva York del control mental de Mysterio. X2: Wolverine's Revenge En la década de 1960, un canadiense llamado Logan fue utilizado en un experimento gubernamental conocido como Arma X. El indestructible adamantium fue ingerido en sus huesos, en un intento de convertirlo en un &quot;supersoldado&quot;. Por el resto de su vida, Logan (quien adoptó el apodo de Wolverine) tendrá que luchar contra la bestia que lleva dentro. Solo después de conocer al profesor Xavier y su equipo de X-Men, Wolverine puede encontrar un propósito en su vida. Sin embargo, a medida que sus recuerdos regresan, se da cuenta de que el experimento Arma X lo ha infectado con un virus mortal y solo tiene dos días para encontrar la cura.
2 Jeux en 1 - Titeuf - Ze Gag Machine + Titeuf - Mega Compet (France)	2 juegos en 1: Titeuf: Ze Gag Machine + Titeuf: Méga compet' es una compilación de juegos desarrollados por DreamOn Studio (Titeuf: Méga compet') y 3DLIGHT-Studio (Titeuf: Ze Gag Machine) y fue publicado por Atari Europe para Game Boy Advance. El juego contiene dos juegos completos basados ​​en la serie de cómics de Titeuf en un solo cartucho. Hay un menú que permite a los jugadores elegir qué juego jugar. Los dos juegos incluidos en el cartucho son: Titeuf: Méga compet' Titeuf: Ze Gag Machine
2-in-1 Fun Pack - Shrek 2 + Madagascar (USA)	Madagascar Los pingüinos de Madagascar regresan a GBA con un plan: escapar del zoológico de Nueva York cavando un túnel hasta la Antártida. Pero no será fácil: necesitarán provisiones, objetos y ayuda, además de enfrentarse a todo tipo de obstáculos en su alocada misión. Shrek 2 Es un juego de acción inspirado en The Lost Vikings. Cada personaje aporta habilidades únicas para superar retos: Shrek puede cargar objetos y aplastar suelos, Asno salta alto y derriba muros, mientras que más adelante se une el Gato con Botas, capaz de trepar paredes y deslizarse por barandillas. Con la fuerza de Shrek, la patada de Asno y el poder de Fiona para ralentizar el tiempo, deberás avanzar en una aventura llena de acción.
2-in-1 Fun Pack - Shrek 2 + Madagascar - Operation Penguin (USA)	Los excéntricos pingüinos de la película de Disney MADAGASCAR: OPERATION PENGUIN regresan en MADAGASCAR: OPERATION PENGUIN para GBA de Activision. Los pingüinos planean escapar del zoológico e involucran a otros animales en su disparatado plan. Como en la película, quieren salir del zoológico de Nueva York. Al comenzar el juego, el equipo de pingüinos fugitivos ha terminado los detalles de su plan de escape, que consiste en cavar un túnel bajo el zoológico hasta la Antártida. Por supuesto, no es tan fácil como parece, y los pingüinos necesitarán suministros, objetos y ayuda.
2006 FIFA World Cup - Germany 2006 (USA, Europe) (En,Fr,De,Es,It)	¡FIFA Soccer 2006 te permite convertirte en jugador de fútbol o dirigir un equipo hasta su destino! Sal al campo mientras juegas una experiencia de fútbol completa, auténtica e inteligente. Reúna al equipo cuando el juego se ponga difícil y asegúrese de que la química de su equipo mantenga a los equipos en el juego.
2K Sports - Major League Baseball 2K7 (USA)	Major League Baseball 2K7 para GBA es un juego de béisbol que presenta la lista actualizada de jugadores de la temporada. Este componente inaugura un nuevo sistema de juego con una nueva gestión de movimientos y un sistema de moral. Cuanto mejor sea un jugador, mejores serán sus compañeros. Encontramos el modo Clásico, Exposición, La Temporada, etc.
3 Game Pack! - Candy Land + Chutes and Ladders + Original Memory Game (USA)	Esta recopilación de juegos de mesa de Hasbro incluye los tres juegos de mesa del mismo nombre. Según la selección de esos juegos, la recopilación parece estar centrada en la suerte y los niños pequeños, ya que es una recopilación estructuralmente similar que incluye los temas de &quot;El juego de la vida&quot;, &quot;Día de pago&quot; y &quot;Yahtzee&quot; relacionados con el azar y la economía. Cada juego ofrece al jugador la opción de que cada participante sea interpretado por una persona o por la propia computadora; el jugador puede incluso convertir a cada jugador en un jugador de la computadora y observar la acción en el juego de mesa elegido.
3 Game Pack! - Ker Plunk! + Toss Across + Tip It (USA)	Ker Plunk: un clásico juego de habilidad y acción en el que debes elegir y sacar un palo. Si caen todas las canicas, lo pierdes todo. Solo pierdes si caen… ¡Ker-Plunk! Toss Across: el clásico juego de tres en raya regresa. Debes lanzar bolsas de frijoles a un tablero de tic-tac-toe; al impactar, la casilla puede girar a 'X' o a 'O'. Combina puntería, habilidad y suerte. Tip It: un emocionante juego de nervios y equilibrio perfecto. El spinner indica qué disco de color retirar; elige con cuidado o lo harás caer. No es tan fácil como parece.
3 Game Pack! - Mouse Trap + Simon + Operation (USA)	Mousetrap / Operation / Simon: tres juegos que disfrutabas cuando eras pequeño, ahora compilados para tu Game Boy Advance. ¡Construye la trampa para ratones más loca, saca los órganos dañados de tu paciente y comprueba si puedes seguir a Simon!
3 Games in 1 - Rugrats - I Gotta Go Party + SpongeBob SquarePants - SuperSponge + Tak and the Power of Juju (Europe) (En+En+En,Fr,De)	Rugrats: I Gotta Go Party, ayuda a Tommy a reunir a sus amigos para desbloquear una serie de minijuegos cargados de acción y risas. SpongeBob SquarePants: SuperSponge, Bob Esponja se lanza a superar desafíos disparatados con tal de conseguir los autógrafos del Hombre Sireno y el Percebe Chico para su mejor amigo Patricio. Tak and the Power of Juju, deberás enfrentarte al malvado Tlaloc, que ha robado las piedras lunares debilitando a la diosa Juju. Solo Tak, con ingenio, valor y un traje de pollo muy especial, podrá restaurar el equilibrio y salvar el mundo.
3 Games in One - Darts + Roll-a-Ball + Shuffle Bowl (USA)	Majesco's Rec Room Challenge para GBA es realmente una recopilación de tres juegos en un único cartucho. Puedes escoger entre dardos (Darts), bolos (Shuffle Bowl) y una especie de pinball (Roll-a-Ball). Deberás alcanzar las mejores puntuaciones en cada una de las disciplinas.
3 Games in One! - Super Breakout + Millipede + Lunar Lander (USA)	Millipede: Debes detener una horda de insectos alborotadores que han invadido tu jardín de setas. Las tijeretas, orugas, libélulas y los escarabajos están listos para asegurarse de que esta batalla sea la última. ¡Dispara a todos los bichos antes de que te muerdan! Super Breakout: esta versión actualizada de uno de los mejores clásicos de las traga monedas ofrece todas las variaciones del juego que ofrecía el juego original. El objetivo es simplemente derribar todos los ladrillos visibles usando la menor cantidad de bolas posible. Lunar Lander: es el primer juego para un jugador que simula auténticamente una misión real de alunizaje. ¡Proporciona la emoción y la sensación realista de un vuelo espacial controlado! Se reta a los jugadores a controlar el empuje y la rotación de una nave de aterrizaje lunar para contrarrestar la atracción, el impulso y la fricción gravitacionales simulados.
3 Games in One! - Yars' Revenge + Asteroids + Pong (USA)	Recopilación de 3 grandes clásicos: -Asteroids: Tu nave espacial está atrapada en un cinturón de asteroides mortales. Tendrás que destruir las rocas de asteroides a la deriva antes de que destruyan tu nave espacial. Pero cuidado con las naves espaciales enemigas. Dispara tus misiles para destruir las rocas y al enemigo. -Pong: Uno de los primeros videojuegos de la historia. Fácil de jugar, adictivo y divertido, este título legendario ha encendido toda la industria de los videojuegos. Ahora Pong ha vuelto para sorprender a una nueva generación de jugadores. Tu objetivo es claro, como en el clásico juego con el que empezó todo: para conseguir una puntuación alta, no pierdas el balón. Yar's Revenge: viaja al sistema solar Razak y ayuda a los Yars a luchar contra una nave enemiga.
4 Games on One Game Pak (Nicktoons) (USA)	El juego incluye cuatro títulos completos con licencia de Nickelodeon en un solo cartucho. Un menú permite a los jugadores desplazarse y elegir qué juego jugar. Los cuatro juegos incluidos son: - Rocket Power: Zero Gravity Zone - Nicktoons: Freeze Frame Frenzy - The Fairly OddParents! Shadow Showdown - SpongeBob SquarePants: SuperSponge
Ace Combat Advance (USA, Europe)	Muy al estilo de las entregas anteriores de la saga el argumento de Ace Combat Advance se sitúa en el año 2032, cuando las corporaciones multinacionales se han convertido en superpotencias económicas y la globalización ha difuminado las fronteras entre los países. Protegiendo su dominio, e impidiendo al mismo tiempo el mercado entre las demás, la empresa General Resource Ltd utiliza su Air Strike Force para destruir cualquier objetivo que le pueda amenazar. Ante tal situación la United Air Defense crea un nuevo escuadrón y durante las doce misiones del modo Historia (la única modalidad presente), con una pequeña introducción para contextuar el escenario, vamos desbaratando los planes de la malvada ASF. Para ello contamos con dos niveles de dificultad: Novato y As, diez cazas (sólo uno disponible al principio), cada uno con características propias, y seis tipos de misil que podemos asignar antes de las diferentes fases.
Ace Lightning (Europe)	Esta versión GBA de Ace Lightning se basa en el programa de televisión de la BBC del mismo nombre, que es una mezcla de CGI y acción en vivo. Primero se reproduce desde una vista aérea de un parque de diversiones donde puedes ingresar a puertas abiertas que conducen a 12 mundos temáticos diferentes. Cada mundo es un juego de plataformas de desplazamiento lateral en 2D, donde te enfrentas a diferentes enemigos y jefes de nivel final, todo en tu búsqueda para encontrar el Amuleto de oro. Una vez que termines un cierto número de niveles, serás recompensado con uno de los dos minijuegos. Uno es un rango objetivo donde debes disparar a varios enemigos en un tiempo determinado. La otra es una prueba de fuerza donde Ace debe girar para golpear una campana en la parte superior de un palo.
Action Man - Robot Atak (Europe) (En,Fr,De,Es,It)	Action Man: Robot Attack es un juego de acción basado en el famoso personaje de plástico. El doctor X amenaza una vez más al mundo, los Action Man y el equipo de Acción (Redwold y Flynt) tienen mucho que intervenir. Varios modos de juego disponibles: Aventura, Advanced, Time Attack y Libre.
Activision Anthology (USA)	Recopilación de clásicos para GBA, con una interfaz fácil de navegar y un montón de extras, incluyendo un puñado de juegos originales creados bien después de la caída del sistema 2600. La compilación incluye Barnstorming, Boxing, Checkers, Chopper Command, Cosmic Commuter, Crackpots, Dolphin, Dragster, Enduro, Fishing Derby, Freeway, Frostbite, Grand Prix, H.E.R.O., Ice Hockey, Kaboom!, Keystone Kapers, Laser Blast, Megamania, Oink!, Pitfall!, Plaque Attack, Pressure Cooker, Private Eye, River Raid, River Raid 2, Seaquest, Skiing, Sky Jinks, Spider Fighter, Stampede, Starmaster, Tennis, Title Match, Baseball, Beamrider, Bloody Human Freeway, Bridge, Decathlon, Pitfall 2, Robot Tank, Skateboardin', Space Shuttle, Tomcat F14, Venetian Blinds, Kabobber, Thwocker, y una recopilacion de 2600 juegos homebrew.
Advance Guardian Heroes (USA)	Advance Guardian Heroes es la secuela del clásico de Sega Saturn Guardian Heroes. Luchas entre caballeros mágicos al más puro estilo Dragones y Mazmorras. Espadas, escudos, magias, brujos negros y mucho más... ¡¡Nosotros seremos los héroes de La Tierra!! En este beat-em-up de desplazamiento lateral eliges entre 3 personajes a los que se unirá un legendario Héroe del Alma de otro mundo. Debes tomar el control de la Legendaria Espada del Alma de la tumba del Héroe del Alma y salvar el mundo. Cada vez que derrotas un enemigo recibes unos cristales. Al final de cada nivel, puedes mejorar rasgos como PM o HP, o donar al Laboratorio, lo que desbloqueará personajes para usar en el modo VS. Hay 3 personajes disponibles inicialmente, pero se pueden desbloquear hasta 20.
Advance Wars (USA)	El jugador y su oponente mueven sus tropas y atacan por turnos. Se obtiene la victoria eliminando las fuerzas oponentes o capturando su cuartel general (CG). Cada ejército puede contar con un total de 50 tropas, cada una de las cuales puede realizar una acción por turno. Las unidades se clasifican como terrestres, aéreas o navales, dependiendo de dónde se muevan. Para crear más tropas, el jugador debe pagar con dinero obtenido al capturar ciudades; puede crear unidades terrestres en cuarteles, navales en puertos y aéreas en aeropuertos. Estas estructuras pueden también reparar unidades dañadas. Adicionalmente, las unidades pueden clasificarse como de combate directo, combate indirecto, infantería y transporte. Las unidades aéreas y navales requieren una cierta cantidad de combustible por turno para moverse. Si se quedan sin combustible, se estrellan/hunden, perdiéndose. Las unidades de infantería pueden capturar edificios. las de transporte pueden llevar otras unidades, y generalmente suministrar combustible y munición. Las unidades indirectas pueden atacar a distancia, evitando los contraataques, pero no pueden moverse y disparar en el mismo turno. Cada unidad tiene distintos puntos fuertes y débiles respecto a otras, haciendo crucial la confección del propio ejército para enfrentarse al oponente. Al inicio de cada batalla, cada jugador elige un Oficial Jefe, u OJ, que representa a su ejército. Cada OJ tiene sus propias habilidades y debilidades que se aplican a todas las unidades bajo su mando. Además, cada OJ cuenta con un poder único que puede usarse una vez cargado, concediéndole temporalmente una ventaja adicional o infringiendo daño al enemigo.
Advance Wars 2 - Black Hole Rising (USA)	Todo empieza en el territorio de Macro Land, cuando el ejército de Black Hole decide invadir los países de Cosmo Land: Orange Star, Blue Moon, Green Earth y Yellow Comet. En esta entrega las cuatro naciones luchan independientemente contra un mismo invasor. El Ejército de Black Hole está regido por el general Sturm, uno de los OJ más poderosos que existen. El objetivo del juego es ir ganando batallas mediante estrategias y tácticas en los distintos países para llegar a la isla de Black Hole, donde Sturm espera para vengarse de la derrota que sufrió en Advance Wars. En Advance wars 2 los OJ tienen un poder y un super poder (a excepción de Sturm) , estos se cargan durante la partida y cuando el jugador ha cargado su barra de poder tiene la opción de usarlo o esperar a cargar su super poder para aumentar su ventaja
Adventure of Tokyo Disney Sea (Japan)	Adventure of TOKYO DisneySEA es un juego de acción y aventura basado en el parque temático Tokyo DisneySea que se inauguró en 2001. Fue uno de los dos juegos de Konami basados en el parque temático. En este juego están representados los siete &quot;puertos de escala&quot; del Tokyo DisneySea: Puerto Mediterráneo, American Waterfront, Delta del Río Perdido, Port Discovery, Laguna Sirena, Costa Árabe e Isla Misteriosa. La Esfera Acuática también está representada. Los personajes de Disney incluyen a Aladino y Ariel, entre muchos otros. El objetivo principal es coleccionar cartas que contengan piedra-papel-tijeras. Algunas se darán libremente mientras que otras sólo se pueden obtener si el jugador derrota a un oponente. Las batallas contra el adversario se producen por el uso de las cartas. Algunas de estas cartas son la clave para derrotar a los oponentes más duros. Durante el juego de desplazamiento, el jugador puede ganar monedas y usarlas para comprar comida (para mejorar la salud), interactuar con diferentes personajes y eliminar los enemigos aleatorios que aparecen. A veces también hay minijuegos.
Adventures of Jimmy Neutron Boy Genius vs. Jimmy Negatron, The (USA, Europe)	Jimmy Neutron, el niño genio, se ha metido en un mundo completamente nuevo de problemas… o mejor dicho, ¡en una “nueva dimensión de problemas”!En Las Aventuras de Jimmy Neutron, el Niño Genio: Jimmy Neutron Vs Jimmy Negatron, Jimmy accidentalmente se transporta a una dimensión paralela, intercambiando lugares con su malvado alter ego: ¡Jimmy Negatron!Con Jimmy Negatron suelto por Retroville, Jimmy Neutron necesitará todas sus invenciones e inteligencia para encontrar el camino de regreso a casa, salvar a sus amigos y devolver la ciudad a la normalidad.
Adventures of Jimmy Neutron Boy Genius, The - Attack of the Twonkies (USA, Europe)	Este juego de aventura de plataforma basado en el hit show de Nickelodeon y serie de películas encuentra a Jimmy regresando del espacio exterior, con una forma de vida extraterrestre de polizón. El alien comienza mimoso y lindo, pero rápidamente se transforma en una feroz bestia con un voraz apetito por la destrucción. Una vez más Jimmy Neutron debe usar un revolucionario sistema de invención para crear algunos inspirados gadgets para capturar y contener al rápidamente multiplicado ataque del alien. Los jugadores son capaces de crear más de 26 gizmos, 11 invenciones, y cuatro super inventos. Por supuesto también hay gizmos secretos escondidos en cada nivel que Jimmy Neutron mejora power-ups. Con la ayuda de estos gadgets, Jimmy hace su camino a lo largo de 6 episodios abarcando 15 niveles incluyendo el laboratorio de Jimmy, Twonkus-3, el vecindario, Downtown, Retroland y la Confrontación Final.
Adventures of Jimmy Neutron Boy Genius, The - Jet Fusion (USA, Europe)	Las aventuras de Jimmy Neutron es un videojuego basado en la serie animada de TV del mismo nombre. Jimmy ha inventado un nuevo dispositivo de reproducción virtual, pero algo sale mal y convierte a Retroville en un mundo virtual, el profesor Calamitous está detrás. A lo largo del juego, deberás recoger piezas para las invenciones mayores y menores que ayudaran a Jimmy a continuar al siguiente nivel. Ayúdate del invento principal de cada nivel para derrotar al jefe y con los inventos menores deshazte de los enemigos más débiles. ¡salva a la ciudad!
Aero the Acro-Bat (USA)	Trata de un murciélago rojo llamado Aero, que trabaja y vive en un circo, el cual debe defender de un malvado ex payaso llamado Edgar Ektor, que trabaja en el mismo circo y quiere cerrarlo para siempre. Aero también debe tratar con su secuaz Zero, la ardilla.
Agassi Tennis Generation (USA)	Agassi Tenis Generación es un juego de simulación de tenis de ritmo rápido basado en uno de los mejores jugadores de tenis del mundo, Andre Agassi. Juega como el propio Andre Agassi, o juega contra él, pudiendo llegar a los primeros puestos de la fama del tenis. En el modo Campeonato Agassi, comenzaras con $ 10.000 y tendras que decidir cómo gastar este dinero y desarrollar su mejor juego - entrenadores superiores que mejorarán sus habilidades, entrenadores personales experimentados fortalecerán sus tiros, y los agentes de talento para encontrar patrocinios lucrativos que que te haran ganar mas dinero.
Agent Hugo - Roborumble (Europe) (En,Fr,De,Es,It,Nl,Pt,Sv,No,Da,Fi)	La ciudad de Aquapolis ha sido invadida por un nuevo malvado villano - Geekdorph, Señor de los Robots. Agente Hugo escapa a un teletransportador y se irradia al escondite secreto de R.I.S.K (Risky Intelligent Spy Knights). Desde el escondite, Hugo debe teletransportarse hacia el espacio, el desierto y Aquapolis para derrotar los desafíos de Geekdorph y recopilar información sobre la ubicación secreta de Geekdorph, de modo que la lucha final de jefe de tres etapas puede tener lugar y los ciudadanos de Aquapolis liberados. Hugo tiene un compañero - TEX 2000 - un hoverboard inteligente. Surf en TEX 2000. ¡Destruye robots con su campo de fuerza o dispara con láseres, misiles y bombas inteligentes! Acelere TEX 2000 a velocidades extremas y tome saltos riesgosos para aumentar su puntaje. El jugador controla a Hugo sobre su hoverboard (TEX 2000) y tiene que ayudarlo a completar tres juegos principales del juego en un total de nueve niveles.
Aggressive Inline (USA)	En Aggressive Inline, el jugador asume el papel de uno de los nueve patinadores de la vida real con un objetivo específico: recibir tantos puntos como sea posible realizando acrobacias espectaculares. Cada uno de los 13 campos también tiene varios desafíos especiales, p. Ej. recolectar o romper ciertos elementos, que deben realizarse para vencerlo. En contraste con las áreas abiertas de las versiones de consola, esta presenta niveles más lineales y límites de tiempo ajustados. También reemplaza el &quot;medidor de jugo&quot; con el llamado &quot;medidor de rutina&quot; que se llena realizando acrobacias. Cada molido disminuye este metro y si está vacío no se puede realizar ningún molido. Por supuesto, los grinds son un movimiento elemental para superar los desafíos. También hay un modo de juego de estilo libre donde el jugador puede desbloquear nuevos patinadores. La banda sonora tiene licencia.
AirForce Delta Storm (USA) (En,Ja,Fr,De)	Airforce Delta Storm, mejor conocido como Airforce Delta II en Japón o simplemente como Deadly Skies en Europa, es un videojuego de aviones de combate lanzado en 2001 para Xbox. Es la secuela del juego Sega Dreamcast Airforce Delta. Un juego también llamado Airforce Delta Storm fue lanzado en 2002 para Game Boy Advance. Si bien tiene el mismo nombre, la trama de este juego se basa en el título anterior de la serie, Airforce Delta.
Aka-chan Doubutsuen (Japan)	Juego de mascotas virtuales y aventuras de TDK Core, lanzado exclusivamente en Japón. Cuida de tiernos animales bebés, como jirafas, pandas, elefantes, koalas y monos; ríe con su ternura y enséñales a hacer pequeños trucos felices. Cuenta con más de 160 animales diferentes de más de 40 especies.
Aladdin (USA) (En,Fr,De,Es)	Disney's Aladdin es un videojuego basado en la película de 1992 del mismo nombre. A diferencia de algunos videojuegos multiplataforma de aquella época y ahora, las cinco versiones (Sega Genesis, Super NES, Sega Master System/Sega Game Gear, GameBoy y NES) son todas distintas. La historia más o menos es la misma que la película de Disney. La mayoría de los niveles y etapas del juego será fácilmente reconocido por personas que han visto la película, pero hay algunos niveles que no tienen nada que ver con la película, incluyendo una pirámide egipcia y un mundo surrealista donde el genio es el guía de Aladdin. Las características del juego interpretaciones de la banda sonora de la película de Disney, así como varios mini-juegos depende de la captura de un jugador de oro escarabajo o el cobro de todos los diamantes dentro de un escenario. Un desafío adicional consistía en encontrar 70 diamantes rojos en todo el juego. Si bien no eran necesarios para finalizar el juego, la pantalla de los créditos varía ligeramente en función de cómo muchos diamantes fueron recogidos. Esta versión vendió más de 1,75 millones de unidades en todo el mundo.
Aleck Bordon Adventure - Tower & Shaft Advance (Japan)	Aleck Bordon es un juego de acción de plataformas que solo se lanzó en Japón. El jugador viaja alrededor del mundo y tiene que escalar una torre o descender a un pozo bajo la presión del tiempo. Puede desbloquear diferentes personajes.
Alex Rider - Stormbreaker (USA)	Con base en la película de espías para adolescentes, Alex Rider: Stormbreaker protagonizada por Mickey Rourke, Alicia Silverstone y Ewan McGregor, el videojuego capta toda la emoción y suspenso de la novela de Anthony Horowitz sobre la superestrella adolescente Alex Rider. El juego incluye combate, misiones de sigilo, vehículos y el uso de gadgets para alcanzar los objetivos de la misión.
Alien Hominid (Europe) (En,Fr,De,Es,It)	Eres un pequeño alienígena amarillo. El FBI derribó tu nave mientras sobrevolabas el planeta Tierra. Y, literalmente, aterrizas justo en las puertas del FBI. Después de que una serie de agentes del FBI inspeccionen y se adueñen de tu nave, ¿Qué otra opción tienes, además de volar y destruir todo lo que encuentres a tu paso para recuperar tu nave?. Alien Hominid es un juego de disparos en 2D de desplazamiento lateral con grandes referencias a la serie de juegos Metal Slug, desde sus gráficos dibujados a mano, enormes explosiones y hasta la capacidad de destripar a los agentes del FBI cuando te acercas a ellos.
Alienators - Evolution Continues (USA, Europe)	Alienators: Evolution Continues es un juego de acción de desplazamiento lateral basado en la serie animada del mismo nombre. El jugador toma el papel del capitán del equipo Alienator, Ira, y tiene que liberar un laboratorio de investigación de criaturas mutadas. Los doce niveles no son lineales sino laberintos que hay que explorar para alcanzar los objetivos; Hay también una parte de caza de la keycard. El jugador defiende su piel disparando a los alienígenas con su arma estándar (que tiene munición ilimitada), o con armas especiales más poderosas. Éstas tienen sus únicos tipos de munición, que deben encontrarse durante el transcurso del juego, lo que significa que es prudente guardar algunas municiones en caso de que uno de los ocho jefes aparezca. Por supuesto personajes adicionales de la serie de televisión también hacen una aparición, ya sea como amigo o enemigo.
All Grown Up! - Express Yourself (USA, Europe)	Finalmente un juego hecho simplemente para chicas! Ayuda a Angelica con el periódico escolar, canta una canción con Susie, arma trajes con estilo con Lil, intercambia información con tus mejores amigas, haz tu voto en un tema caliente o usa la función del PDS para organizar tu ocupada semana!
All-Star Baseball 2003 (USA)	El cuatro veces campeón de la Serie Mundial Derek Jeter encabeza esta última edición de All-Star Baseball para GBA. Todos los jugadores de la temporada Major League Baseball 2002-2003 están aquí, con cientos de estadísticas, reglas y opciones para modificar y mejorar tu experiencia en el béisbol. Junto con el modo de temporada habitual, también hay que ganar los playoffs, la competencia de jonrones, las opciones de multijugador y el modo de juego de las estrellas.
All-Star Baseball 2004 Featuring Derek Jeter (USA)	Al igual que Derek Jeter, All-Star Baseball 2004 es el juego con todas las herramientas que los fans del Beseball van a disfrutar. Con la simulación más realista, un control más preciso y el mismo conjunto de habilidades, hace que Derek sea el líder y el ganador en este juego de Baseball.
Altered Beast - Guardian of the Realms (USA)	¡Zeus, creador y gobernante de los Guardianes de las Puertas, te levanta de tu tumba! Deberás derrotar a un nuevo mal desconocido que ha destruido a los Guardianes y ha devastado el universo. Para hacerlo, debes recoger las llaves y la Esencia de cada tierra, transformándote en bestias con poderes sobrenaturales y habilidades especiales. Conquista este mal y te convertirás en el único Guardián, el protector del universo.
Amazing Virtual Sea-Monkeys, The (USA)	The Amazing Virtual Sea‑Monkeys es un juego de puzles para Game Boy Advance, editado por Conspiracy Entertainment y Red Cap Software. El jugador controla a Nautila, un pez Babel cuya misión es cuidar y mantener felices a unas criaturas marinas llamadas Sea Monkeys. El juego ofrece 70 niveles, varios minijuegos y distintas clases de enigmas que ponen a prueba la lógica y la gestión del entorno.
American Bass Challenge (USA)	American Bass Challenge es un juego de pesca en el que el jugador puede elegir entre cinco lagos diferentes con un total de 20 ubicaciones para pescar bagre, mojarra y el homónimo del juego, la lobina negra o perca americana. El jugador elige entre ocho señuelos diferentes, spinner, swisher, minnows, jigs de goma, gusanos, ranas, crankbait y spinnerbait. El juego incorpora un buscador de peces para localizar el mejor lugar para pescar. El jugador también debe lidiar con los cambios climáticos constantes que ayudarán o dificultarán su pesca.
American Dragon - Jake Long - Rise of the Huntsclan (USA, Europe) (En,Fr,De,Es,It)	El enemigo más feroz de Jake Long, Dark Dragon, tomó cautiva a Rose, el interés amoroso de Jake, para así causar la destrucción de Jake en este juego de Disney, American Dragon: Jake Long, El Ataque de el Dragón oscuro. Cuándo Dragón oscuro se da cuenta qué el malvado Cazador también tiene un interés en rescatar a su cautiva, el último duelo ocurre. Los jugadores batallan su camino a través de ataques violentos de enemigos que fluyen desde todas las direcciones para salvar a Rose en el proceso.
American Idol (USA)	Disponible en Gameboy Advance, Pop Idol es un juego rítmico inspirado en el famoso tele-gancho británico. Podrás crear tu cantante con su propio estilo y tendrás que pulsar en el momento adecuado las teclas correspondientes en la pantalla. El juego tiene una lista de canciones populares, así que depende de ti dar lo mejor de ti mismo durante tu actuación, que será juzgada al final por el público!
American Tail, An - Fievel's Gold Rush (USA) (En,Es)	Fievel Mousekewitz, un roedor con una tarjeta de inmigración, se dirige al oeste en An American Tail: Fievel's Gold Rush. Basado en la serie animada de Universal Studios, el jugador controlará a Fievel mientras viaja a través de 18 niveles y seis mundos, incluyendo &quot;New York City&quot; y &quot;Gold Dust Gulch&quot;, para conseguir el mapa del tesoro de Cat Malone. Fievel se balanceará sobre una cuerda, atacará con su gorra de diez galones, montará en botes fluviales y tomará el tren para encontrar el oro de Wylie Burp.
Angel Collection - Mezase! Gakuen no Fashion Leader (Japan)	Un juego de la moda japonesa en el que tu objetivo es coleccionar mas de 300 piezas de ropa y accesorios, cortes de cabello, maquillaje, etc. In un orden para convertirte en el estudiante mas a la moda de tu escuela
Angel Collection 2 - Pichimo ni Narou (Japan)	Angel Collection 2: Pichimo Ni Narou es un título de simulación de moda para la GBA japonesa. Este juego presenta a las modelos de la revista de moda Pichi Lemon, que aparecen en forma animada utilizando sus nombres reales. Los jugadores pueden ayudar a la redacción de la revista mientras se encuentran con todas las chicas. En el juego aparecen más de 300 artículos de moda, que te ayudarán a perfeccionar tus habilidades en el campo de la moda a medida que te abres camino en la historia. También cuenta con un estudio de maquillaje (el maquillaje tiene que ir a juego con el conjunto), un montón de eventos aleatorios, la sede de Pichiremon, una representación con licencia oficial de la tienda de Penty, y múltiples finales en función de las habilidades y elecciones del jugador. Angel Collection 2: Pichimo Ni Narou fue desarrollado por Gakken para MTO y lanzado en Japón el 22 de septiembre de 2004.
Angelique (Japan)	Cada sector de Cosmoc está gobernado por una reina que, con la ayuda de los nueve guardianes, mantiene el equilibrio entre los elementos. Pero con el paso del tiempo, el poder de la reina se desvanece y una nueva reina debe sustituirla. Varias candidatas compiten hasta que una de ellas demuestra que conoce los nueve elementos y convence a los guardianes para que le presten su poder. La heroína del juego es Angelique Limoges, de 17 años, y su principal oponente es una chica bastante desagradable llamada Rosalía. ¿Conseguirá Angelique hacerse amiga de los Guardianes y convertirse en la próxima reina? Angelique toma prestados elementos de varios géneros: aventura a la japonesa (sin puzles), simulación de citas y estrategia (no demasiado compleja). El objetivo es conseguir que Angelique mantenga buenas relaciones con los Guardianes sin perder el equilibrio.
Animal Mania - Dokidoki Aishou Check (Japan)	Comienzas respondiendo una serie de cuestionarios de personalidad, que determinan con qué compañero animal serás emparejado, como un mapache o un conejo. El objetivo principal es fortalecer tu amistad con este animal a través de diversas actividades.Exploras diferentes entornos pantalla por pantalla, participas en mini-juegos simples basados en la pantalla táctil, como juegos de memoria o pulsaciones al ritmo, y resuelves puzzles ligeros que a menudo requieren usar las habilidades únicas de tu animal. El ritmo es relajado, centrado más en el encanto de la interacción que en la dificultad. Se siente como un simulador de mascotas digital combinado con una colección de juegos tipo party, creando una experiencia curiosamente reconfortante para sesiones de juego cortas.
Animal Snap - Rescue Them 2 by 2 (USA)	Los animales están perdidos y necesitan tu ayuda para encontrar el camino a casa. En este juego, tendrás que rescatar a 10 personajes a lo largo de 10 niveles, cada uno diferente cada vez que lo juegas. Además, cuenta con un modo arcade, un modo de desafío contra el tiempo, y un juego de bonificación oculto que te sorprenderá. Aunque parezca difícil, si piensas con anticipación, ¡podrás tener éxito!
Animal Yokochou - Doki Doki Kyuushutsu Daisakusen! no Maki (Japan)	Animal Yokochou - Doki Doki Kyushutsu Daisakusen! No Maki Es el primer juego basado en la serie de anime y manga Animal Yokochou. Mientras que el segundo es un juego de puzzles, este es un juego de plataformas.
Animal Yokochou - Doki Doki Shinkyuu Shiken! no Maki (Japan)	Animal Yokochou: Doki Doki Shinkyuu Shiken! es el segundo juego basado en la serie japonesa de anime y manga Animal Yokochou. Mientras que el primer juego era un plataformas, este se centra en puzzles. Además, incluye un modo historia con voces.
Animaniacs - Lights, Camera, Action! (Europe) (En,Fr,De,Es,It)	Según los cálculos recientes, han demostrado que Yakko, Wakko y Dot le han costado a Warner más dinero en daños acumulados, que las ganancias que han generado desde su escape de la torre de agua. La Junta de Directores ahora les está dando una última oportunidad para justificarse. Para sanear sus cuentas, ¡Warner ha decidido filmar tres largometrajes Animaniacs de una sola vez!
Ant Bully, The (USA) (En,Fr)	¡Ve a meterte con alguien de tu tamaño! Tras intimidar a una inocente colonia de hormigas, un joven llamado Lucas se ve reducido mágicamente a su tamaño y se embarca en una extraordinaria aventura. Juega como Lucas, experimentando la peligrosa y emocionante vida de una hormiga mientras luchas, exploras y forjas nuevas amistades con los nativos y otras especies en su nuevo mundo de hormigas. Basado en los emocionantes momentos de la próxima aventura familiar de animación digital The Ant Bully, y con retos totalmente nuevos creados especialmente para el juego, ayuda a Lucas a evolucionar de recluso a héroe en su búsqueda para salvar la colonia del exterminio.
Antz - Extreme Racing (USA)	¿Crees que 0,5 millas por hora no es lo suficientemente rápido para ti? Imagina que tu vehículo sólo es lo suficientemente rápido para llevar a un personaje principal de la película Hormigaz. Se necesitará toda la habilidad que puedas reunir para destacar en la carrera de Hormigaz. 0.5 mph es rápido, ¡es muy rápido!
Ao-Zora to Nakama-tachi - Yume no Bouken (Japan)	Ao-zora To Nakama-tachi - Yume No Bouken es un juego de plataformas lanzado solo en Japón para GBA y PSX. Vivirás aventuras infantiles en el país de los sueños con el elefante azul Aozora y sus amigos.
Archer Maclean's 3D Pool (USA)	Acompaña al mundialmente famoso diseñador de billar Archer Maclean en la mesa de ARCHER MACLEAN'S 3D POOL para Game Boy Advance. Este juego de billar virtual de Ignition Entertainment enfrenta a los jugadores en un entorno totalmente tridimensional contra 20 oponentes de la computadora o contra otros jugadores. El modo individual ofrece varias opciones: se puede jugar según las reglas de Coin-Op o las reglas profesionales, y están disponibles tanto las variantes americana como británica del juego.
Arctic Tale (USA)	Arctic Tale se basa en el documental de National Geography del mismo nombre. Los jugadores controlan un oso polar (cachorro y adulto) que intenta sobrevivir en un clima hostil de paisajes nevados. El juego cuenta con once etapas en las que el oso debe explorar el medio ambiente, buscar alimentos y recoger huellas que sirven para desbloquear capítulos adicionales e imágenes en la galería de fotos. Más tarde, también se pueden controlar otros dos animales: una morsa, capaz de explorar el entorno submarino y un zorro ártico capaz de cazar conejos y pequeñas especies.
Army Men - Operation Green (USA) (En,Fr,De,Es,It)	Siguiendo un diseño similar al título original de Army Men PC, Operation Green te hace controlar a un soldado verde que debe luchar contra las líneas enemigas y derrotar al ejército Tan en su propio juego. Cada una de las 15 misiones te tiene luchando contra un rango de personajes enemigos, usando tus armas (granadas, ametralladoras, lanzadores de cohetes y más) para derribar todo lo que puedas. También puedes usar ciertos vehículos durante la acción, dándote la oportunidad de usar aún más potencia de fuego.
Army Men - Sarge's Heroes (USA, Europe) (Proto 7)	Plastro, el infame líder del Ejército Tan, ha reclutado fuerzas alienígenas de otro mundo para ayudarlo en su guerra en curso contra la Nación Verde. Depende de Sarge y Vikki G. ponerse en acción para salvar a sus tropas de una variedad de enemigos desconocidos, ¡y luego rastrear a Plastro para una confrontación final!
Army Men - Turf Wars (USA)	El Coronel Grimm ha ordenado la derrota del Ejército Tan y eligió un equipo de Fuerzas Especiales de dos hombres para la misión. Este equipo de Fuerzas Especiales estará formado por el Blue Spy y usted, Sargento Halcón. Combate en varios entornos de patio trasero con el objetivo final de destruir al Ejército Tan. Buena suerte, soldado!
Army Men Advance (USA, Europe) (En,Fr,De,Es,It)	Plastro, el infame líder del Ejército Tan, ha reclutado fuerzas alienígenas de otro mundo para ayudarlo en su guerra en curso contra la Nación Verde. Depende de Sarge y Vikki G. ponerse en acción para salvar a sus tropas de una variedad de enemigos desconocidos, ¡y luego rastrear a Plastro para una confrontación final!
Around the World in 80 Days (USA)	Es un juego de acción basado en la película de Julio Verne protagonizada por Jackie Chan como Passepartout. La vuelta al mundo en 80 días para Game Boy Advance pone a los jugadores en el papel de Jackie Chan, juego de desplazamiento lateral en el cual tienes que vencer a los malhechores de todas las partes del mundo. La acción abarca locaciones en todo el mundo, lugares como París, Turquía, India, China ... incluso San Francisco.
Arthur and the Invisibles (USA) (En,Fr,Es)	Arthur and the Invisibles es un juego con licencia oficial para la película francesa del mismo nombre (Arthur et les Minimoys en francés). Los jugadores asumen el papel de Arthur, de 10 años. Su abuela está a punto de perder su casa y Arthur quiere detener esto. En lugar de los canales convencionales, Arthur viaja a la tierra de los Minimoys; Criaturas minúsculas de apenas una décima de pulgada de alto. Aquí busca el tesoro de su abuelo junto con la princesa Selenia. Este tesoro debe salvar la casa. Pero para encontrarlo, tendrán que viajar a la ciudad prohibida gobernada por el malvado M. el Malicioso. El mundo Minimoy consiste en la casa y su jardín, pero en un tamaño aumentado, ya que los personajes son muy pequeños. A diferencia de la versión de PC y consola, que está en 3D, la versión de Game Boy Advance utiliza una perspectiva de desplazamiento lateral. El jugador puede jugar como Arthur, Selenia y su hermanito Betamesh. Cada personaje tiene sus propias habilidades. Arthur es más acrobático, Selenia tiene un cuchillo con el que puede cortar el follaje y Betamesh es más pequeño y puede usar esta ventaja para pasar por áreas más pequeñas. La historia en el juego sigue de cerca el guión de la película.
Ashita no Joe - Makka ni Moeagare! (Japan)	Este juego de boxeo, lanzado únicamente en Japón, está basado en el popular manga y anime &quot;Ashita No Joe&quot;, que narra la historia del huérfano Joe Yabuki, quien lucha por salir de los barrios bajos y convertirse en un boxeador profesional.
Asterix & Obelix - Bash Them All! (Europe) (En,Fr,De,Es,It,Nl)	Asterix y Obelix: Bash Them All! es un juego de plataforma de desplazamiento lateral en 2D basado en la serie de cómics franceses Astérix. Es una colección de dos juegos. Uno viejo, a saber, un puerto del juego SNES Asterix y Obelix. El otro juego se llama Asterix y Cleopatra, basado en la película cómica y animada del mismo nombre. En Asterix y Cleopatra, Asterix tiene que ayudar a un arquitecto egipcio Artifis a construir su pirámide para Cleopatra. Juegas niveles de plataforma típicos donde saltas alrededor de obstáculos y caminas hacia la derecha de la pantalla. Muchos enemigos, como falsos contratistas de construcción y soldados romanos (enviados por un celoso César), y piratas tienen que ser enviados al cielo. Cada nivel se concluye con un mini-juego. El juego sigue de cerca los acontecimientos del cómic.
Asterix & Obelix XXL (Europe) (En,Fr,De,Es,It,Nl)	La versión Game Boy Advance de Astérix & Obélix XXL mantiene la misma historia que en consolas y PC, pero adapta la acción a nuevos niveles diseñados para la portátil. El juego transforma la experiencia del plataformas 3D en fases creadas con un motor específico para GBA, ofreciendo una aventura distinta pero fiel al espíritu del original.
Astro Boy - Omega Factor (USA) (En,Ja,Fr,De,Es,It)	Únete a Astro, el superhéroe robótico con una mente humana, en una búsqueda para reunir a la raza robótica con los humanos. Astro usa sus siete súper habilidades para enfrentarse contra Atlas, Blue Knight y otros más de 40 personajes. El juego trae juegos clásicos en 2D al Game Boy Advance junto con una historia original de siete episodios. Jugando como Astro Boy, aprenderás sobre la justicia, la compasión, el mal, el coraje y la historia de Astro Boy, todo mientras construyes el Factor Omega de Astro y fortaleces su carácter y habilidades sobrehumanas.
Atari Anniversary Advance (USA)	Atari presenta 6 de los mejores juegos arcade jamás creados. Una recopilación con 6 mega éxitos que marcaron una revolución en los videojuegos: Asteroids, Battlezone, Centipede, Missile Command, Super Breakout y Tempest. Cada juego es fiel al original hasta el último detalle y cada uno es igual de divertido de jugar. Si eres un fanático acérrimo o un recién llegado al mundo de los videojuegos, ¡tienes que disfrutar los juegos que comenzaron todo!
Atlantis - The Lost Empire (USA, Europe)	Disney's Atlantis: The Lost Empire es un juego de plataformas de acción. Cuenta con diferentes niveles, escenas y adiciones de juego en comparación con la versión de Game Boy Color. El protagonista a menudo debe saltar y escalar su camino a través de los escenarios, así como despachar a los enemigos con explosivos y lanzar armas antes de que pueda alcanzar la ciudad perdida de la Atlántida y salvarla de la muerte inminente.
Atomic Betty (USA, Europe)	Es difícil ser un superhéroe intergaláctico cuando a la vez tienes que terminar tu tarea y llegar a tiempo a las finales de baloncesto, ¡Eso es precisamente lo que tiene que hacer Atomic Betty, defensora del cosmos!. Cuida a la mimada Penélope con la ayuda de tus amigos mientras estés en la tierra, despega hacia el espacio y combate al genio villano, Maximus I.Q. (Mente maestra malvada). Atomic Betty es una mezcla de los géneros de plataformas y rompecabezas, y su modo de juego es muy similar al de The Lost Vikings, juego donde controlas a tres personajes diferentes simultáneamente, cada uno con diferentes habilidades. Sin embargo, debido a que Atomic Betty está dirigido a un público más joven, hay dos diferencias notables; primero, es más difícil morir; y segundo, el jugador solo necesita llevar a un personaje a la salida para terminar con éxito el nivel.
ATV - Quad Power Racing (USA, Europe)	Embárcate en la emoción de las carreras todo terreno a través de ATV: Quad Power Racing. Ensúciate y compite en sus cuatro modos de juego: campeonato, carrera individual, carrera contra reloj y carrera de dos jugadores. En el modo campeonato, hay seis personajes jugables diferentes para elegir y doce pistas para correr. Las pistas están separadas por tres temas diferentes: desierto, bosque y nieve, donde ademas, cada pista presenta también efectos climáticos.
ATV - Thunder Ridge Riders (USA)	ATV: Thunder Ridge Riders pone la emoción de las carreras todo terreno en la palma de tu mano. ¡Ponte en marcha con tus amigos rumbo a una excursión desgarradora a Thunder Ridge y conquista a la Madre Naturaleza en un viaje a través de kilómetros de terreno extremo! Este juego de grandes emociones te dejará aferrado a tu asiento, a tu vida... ¡y gritando por más!
Avatar - The Last Airbender (USA)	Basado en la serie animada de televisión del mismo nombre, Avatar: The Last Airbender sigue las aventuras de un grupo de niños que viven en un mundo de fantasía inspirado en Asia, donde las naciones se han dividido de acuerdo con los cuatro elementos clásicos: Aire, Agua, Tierra y fuego. Dentro de cada nación hay personas que pueden controlar ese elemento, conocido como benders. El Avatar es una persona que puede controlar los cuatro elementos, y está encargado de mantener la paz entre las cuatro naciones. Sin embargo, 100 años antes, el Avatar había desaparecido, haciendo posible que la Nación del Fuego libere una guerra de conquista en todo el mundo. Cuando comienza el programa, se ha encontrado el nuevo Avatar, Aang (originalmente un Maestro del Aire, de ahí el título de la serie), y ahora debe viajar por el mundo, aprender a controlar los cuatro elementos y luchar contra la Nación del Fuego junto a su Katara, amiga de la tribu del agua, y Sokka, su hermano mayor.
Avatar - The Last Airbender - The Burning Earth (USA)	Avatar: The Last Airbender: The Burning Earth es un juego de acción y aventura basado en la serie animada estadounidense Avatar y sigue los eventos de la segunda temporada del programa. La historia gira alrededor de Aang, el personaje central de la serie, y sus amigos que viajan a la fortaleza del Reino de la Tierra en busca del amigo y maestro de Aang, Bumi. Durante el juego, tomarás el control de los diversos personajes, incluidos Aang, Katara, Sokka y Toph, para luchar contra enemigos y resolver acertijos. Estarás principalmente en control de Aang, pero podrás cambiar entre él y el personaje secundario que acompaña. El juego se puede jugar solo o en cooperativo.
Azumanga Daiou Advance (Japan)	Azumanga Daioh Advance puede verse como una especie de juego de cartas. Las tarjetas se reparten en incrementos de cinco. Estas cartas tienen estrellas y cada número de carta tiene un cierto número de estas estrellas. El objetivo es poner tantas estrellas como sea posible, que se muestran en las cartas que tienes en la mano, para conectarlas y formar un combo o 'enlace'. Cuanto mayor sea el combo que logres, más puntos obtendrás contra tu oponente, agotando así su barra de salud. Los juegos son cortos y pueden durar alrededor de 5 turnos, y cada turno dura cerca de quince segundos.
Babar to the Rescue (USA) (En,Fr,Es)	En un hermoso día en Celesteville, los dos hijos de Babar, Pom, Alexander y su primo Arthur están jugando a las escondidas con el mono Zephir. En el patio del castillo, dos enormes globos de aire caliente están atados al suelo y Pom y Alexander deciden usar uno de ellos como escondite. De repente, la cuerda que sostiene el globo se suelta accidentalmente y el globo se eleva lentamente hacia el cielo, alejándose con el viento. Cuando Babar se entera, rápidamente se sube al segundo globo de aire caliente y vuela hacia el desierto para rescatar a sus dos hijos.
Back to Stone (USA) (En,Fr)	Back To Stone es un juego de acción isométrica ambientado en un mundo donde los humanos han alcanzado la sabiduría para superar la guerra y el hambre. Sin embargo, alguien rastrea un libro negro y recita las palabras que desatan a una horda de demonios, venciendo a los humanos. Algunos se mantienen vivos como conejillos de indias en experimentos oscuros. Uno de sus sujetos, el protagonista sin nombre, logró escapar. Se le ha infundido una esencia demoníaca que le roba su forma humana, pero le otorga una gran fuerza y ??la capacidad de convertir la carne en piedra. El juego ofrece al menos un tiempo de juego de 10 a 15 horas, salpicado de cinemáticas y diálogos. Hay varios objetos a lo largo de la búsqueda para resolver muchos enigmas y obtener poderes mágicos. Cuando las cosas se ponen más difíciles, un pequeño ayudante amistoso aparecerá y guiará al jugador a través del peligroso mundo. Este juego de GBA viene en un cartucho de 32 Mb y ofrece alrededor de 20 entornos diferentes (desierto, aldeas, tierras de hielo, laberintos, bosques, pantanos, ciudades perdidas ...). Cada entorno tiene sus propias especificidades de experiencias e interacciones (viento, agua, deslizamiento, pavimento móvil ...). Este mundo está habitado por unos 30 monstruos y muchos demonios Boss Master.
Back Track (USA, Europe)	Domingoaniax y su ejército de mutantes y soldados robot han tomado el control de la base secreta de la luna. Durante meses, estos alienígenas han estado secuestrando humanos para convertirlos en un ejército de &quot;droides&quot; que planean usar para abrumar a la Tierra. Como nuestra última esperanza, debes ayudar a Jim Track a infiltrarse en la base lunar y cumplir con éxito una misión en la que muchos han fallado.
Backyard Baseball (USA)	¡Crea el equipo de béisbol de tus sueños! Es una gran acción de béisbol con los niños del patio trasero y los verdaderos jugadores profesionales cuando eran niños. Elija su equipo, elija logotipos y campos de juego. Juega partidos individuales, una temporada completa o Home Run Derby. Es la oportunidad única de jugar con los profesionales en su propio patio trasero. Juega partidos individuales o toda una temporada, elige entre los 30 equipos de las Grandes Ligas, crea, guarda e intercambia jugadores personalizados, practica tu swing en el Home Run Derby y sigue las estadísticas de jugadores y equipos en la temporada. También cuenta con un modo multijugador para dos jugadores al vincular dos unidades Game Boy Advance a través de un cable de enlace.
Backyard Baseball 2006 (USA)	Patio trasero de béisbol es una serie de béisbol de los videojuegos para niños que fue desarrollado por Humongous Entertainment y publicado por Atari . Fue lanzado por primera vez en octubre de 1997. Algunos de los títulos de juegos que se crearon incluyen patio trasero de béisbol, béisbol del patio trasero 2001-2010, y Backyard Sports: Sandlot Sluggers. El juego original consistió en 30 niños de la vecindad, que el jugador puede elegir jugar. Con los años, la idea de &quot;Los jugadores profesionales como niños&quot; se hizo popular, y las estadísticas originales y las miradas de los jugadores ha cambiado. Algunos de los jugadores profesionales que estaban disponibles incluyen Chipper Jones , Frank Thomas , Alex Rodríguez , Alfonso Soriano , Ichiro Suzuki , Sammy Sosa , Jim Thome , Albert Pujols , Nomar Garciaparra , Ken Griffey Jr. y Barry Bonds . A medida que el juego progresa, hay algunos profesionales que estén disponibles o &quot;desbloqueable&quot; incluyendo Randy Johnson , Derek Jeter , y Mike Piazza .
Backyard Basketball (USA)	En Backyard Basketball puedes crear to equipo de baloncesto con los niños de la cuadra (hay un total de 30 niños) y las versiones de niño de las estrellas de la NBA (hay 10 versiones niños de las estrellas de la NBA). Backyard Basketball tiene poderes (power ups) muy chéveres (como la super velocidad, y el poder de salto), dos minijuegos y el modo de juego de temporada. Es posible jugar con otra persona que tenga un GBA usando el cable de conexión (GBA Game link). Tus partidas se pueden almacenar en el cartucho de juego.
Backyard Football (USA)	Backyard Football se equipa con la NFL para traer versiones para niños de los mejores profesionales de abordaje, pasando y corriendo. Puedes elegir entre los 32 equipos de la NFL o crear tu propio con nombres y uniformes personalizados de equipo. Una vez que tu equipo esté listo, elegirás un campo de juego, llamarás a las jugadas y dirigirás toda la acción en juegos individuales o en toda una temporada. El juego también cuenta con 30 niños de patio trasero, un rastreador de estadísticas en el juego de temporada y múltiples ángulos de cámara.
Backyard Football 2006 (USA)	Backyard Football 2006 es la cuarta versión del galardonado juego que combina estrategias y jugadas de fútbol realistas con un humor loco. Backyard Football 2006 presenta versiones infantiles de superestrellas de la NFL, incluidos Peyton Manning, Tom Brady, Donovan McNabb y Daunte Culpepper. Backyard Football 2006 incluye los 32 equipos de la NFL, así como 19 extravagantes equipos de Backyard y cuenta con nuevos fondos, equipos 7x7 y un sistema de movimientos poderosos.
Backyard Hockey (USA)	Skate, dispara y anota con los Backyard Kids y jóvenes versions de los profesionales más hot de NHL® Características: Todos los 30 equipos de la NHL, diez profesionales diferentes, Ice Hockey y Air Hockey, guardado en el cartucho, soporte de cable Link. El juego tiene un montón de opciones disponibles. Tu puedes activar o desactivar la música o el camentario de texto, tu puedes elegir la dificultad de nivel, la duración de los periodos, activar o desactivar penalties, factor en la fatiga, y activar un juego de piedra, papel o tijeras.
Backyard Skateboarding (USA)	Backyard Skateboarding es un trepidante juego de deportes extremos que permite a los niños patinar como la versión junior del ocho veces campeón mundial de skateboarding, Andy Macdonald. La edición de 2006 de Backyard Skateboarding ofrece nuevos desafíos, misiones, equipo, potenciadores y elementos desbloqueables. El juego cuenta con un control más sencillo y una jugabilidad más rápida.
Backyard Sports - Baseball 2007 (USA)	Crea tu propio equipo y controla todos los lanzamientos extravagantes, los golpes de embrague y los sprints para llegar a casa. Con jugadores como Alex &quot;A-Rod&quot; Rodríguez, profesionales secretos para desbloquear y potenciadores increíbles, los niños pueden jugar a la pelota de las grandes ligas en su propio patio trasero. Una alineación de estrellas de la MLB: Carlos Delgado, Alfonso Soriano, Nomar Garciaparra, Alex Rodríguez, Ichiro, Albert Pujols, Eric Gagne, Pedro Martínez, Iván Rodríguez y Vladamir Guerrero.
Backyard Sports - Basketball 2007 (USA)	Crea tu equipo de baloncesto con Backyard Kids y sus versiones para niños de estrellas de la NBA. Juega el modo para un jugador en el que podrás elegir a tu equipo, jugadores y una cancha. Juega temporada de baloncesto y lidera a tu equipo a través de una rigurosa temporada y compite por el campeonato. Se incluyen cuatro minijuegos (modo práctica, hot shot, tiro en bloque, equilibrio de bola).
Backyard Sports - Football 2007 (USA)	Backyard Sports Football 2007 fue desarrollado por Humongous Entertainment y publicado por Atari en 2006 para la Game Boy Advance. Al igual que la anterior entrega de la serie, Backyard Sports Football 2007 ofrecía la posibilidad de crear tu propio jugador, construir tu propio equipo, jugar partidos de exhibición o un modo de temporada, y jugar con varios jugadores de la NFL como sus parecidos de la infancia. También añadió por primera vez el modo de juego 7 contra 7.
Bakuten Shoot Beyblade - Gekitou! Saikyou Blader (Japan)	Está basado en el anime del mismo nombre. Combina las partes para crear tu propio Beyblade y derrota a tus rivales. Ahora puedes controlar tus propios Beyblades durante las batallas.
Bakuten Shoot Beyblade 2002 - Gekisen! Team Battle!! Kouryuu no Shou - Daichi Hen (Japan)	Está basado en el anime del mismo nombre. Incluye nuevas piezas, como el Spin Gear y otras partes, para montar tu Beyblade y competir en batallas por equipos de 4 jugadores.
Bakuten Shoot Beyblade 2002 - Gekisen! Team Battle!! Seiryuu no Shou - Takao Hen (Japan)	Está basado en el anime del mismo nombre. ¿Nuevas partes introducidas? Spin Gear y otras piezas para configurar tu Beyblade y competir en batallas por equipos de 4 jugadores.
Bakuten Shoot Beyblade 2002 - Ikuze! Bakutou! Chou Jiryoku Battle!! (Japan)	Está basado en el anime del mismo nombre. Hay cinco atributos y más de 10 millones de combinaciones posibles de partes.
Baldur's Gate - Dark Alliance (USA)	Esta versión de Baldur's Gate: Dark Alliance sigue la misma historia y tiene muchas similitudes de juego con el lanzamiento de la consola, pero también difiere de ella significativamente en las características de presentación y juego. Los ladrones y bandidos lo han llevado a usted y a su familia de su hogar de tierras de cultivo. Buscando desesperadamente la seguridad dentro de los muros de la Puerta de Baldur, su familia es emboscada y su hermana ha sido secuestrada. USTED es todo lo que se interpone en el camino de una de las amenazas más grandes que jamás haya golpeado la Puerta de Baldur y la Costa de la Espada. Desde las calles de la Puerta de Baldur hasta los picos de las Montañas del Atardecer, su búsqueda para rescatar a su hermana se intensifica para evitar una guerra que ahogará a la Costa de la Espada con sangre. Una nueva y sorprendente aventura para tu sistema de Nintendo Game Boy Advance, esta historia de intrigas y alianzas feroces desafiará tus habilidades, mientras luchas tu camino hacia la verdad y la realización agridulce de la venganza. Vive la fantasía de Baldur's Gate Dark Alliance.
Ballistic - Ecks vs. Sever (USA)	El ex agente del FBI Ecks y el ex agente de la NSA Sever están de vuelta en otro juego lleno de acción para GBA. La libertad se ha visto comprometida, Ecks y Sever se enfrentarán entre sí como peones en el comercio clandestino de armas nucleares. Con poco tiempo para salvar al mundo del holocausto nuclear, cada misión es la más importante. ¿Tienes lo necesario para lograrlo?.
Banjo-Kazooie - Grunty's Revenge (USA, Europe)	Gruntilda está de vuelta, y depende de Banjo y Kazooie detener su plan maestro. En Banjo-Kazooie: La venganza de Grunty, jugarás como Banjo y lo seguirás a través de seis mundos llenos de pruebas y concursos. Algunos de los desafíos que debes superar incluyen resolver acertijos, evitar obstáculos y luchar contra diferentes enemigos. Derrota a tus enemigos usando la variedad de movimientos de combate de Banjo. También puede buscar ayuda de los médicos brujos, que pueden transformar Banjo en un ratón, un tanque y otras criaturas.
Banjo-Pilot (USA)	Banjo-Pilot (planeado inicialmente como Diddy Kong Pilot) es un videojuego de carreras de pilotos para Game Boy Advance protagonizado por los personajes de los videojuegos de Banjo-Kazooie. Similar a las carreras en avioneta de Diddy Kong Racing, los jugadores pueden competir alrededor de diversos escenarios del universo de Banjo-Kazooie. Al igual que con otros juegos de su estilo, Banjo-Pilot cuenta con numerosos elementos en la pista y power-ups con los que puedes atacar a tus enemigos.
Barbie - The Princess and the Pauper (USA)	En su nueva aventura, Barbie interpretará dos roles, Erika y la princesa Anneliese. Basado en el cuento clásico &quot;El príncipe y el mendigo&quot;, este juego sigue a Erika en su intento de demostrar que es digna de ser coronada como reina. Con la ayuda de la princesa Anneliese, debes ayudar a Erika a moverse a través de los peculiares entornos del juego: el pueblo, el castillo y el bosque hasta que esté plenamente preparada para su ceremonia de coronación y su rol como reina. Muestra las mejores habilidades de Erika ayudando a los habitantes del pueblo, resolviendo puzzles y completando creativas tareas.
Barbie and the Magic of Pegasus (USA)	Ahora tú puedes ser la princesa Annika en Barbie and The Magic of Pegasus. El malvado mago Wenlock ha lanzado un hechizo sobre el reino y está en tu mano encontrar la varita de la luz para romper el hechizo. Con la ayuda de tu joven mascota oso polar y tu caballo mágico alado, podrás resolver los rompecabezas y disfrutar de un montón de divertidos juegos en tu camino hasta encontrar a Wenlock y salvar el reino
Barbie as The Island Princess (USA)	Ya disponible en otros medios, Barbie Princess of the Marvelous Island llega a GBA. Jugarás como Rosella, la princesa náufraga que es criada por una &quot;familia&quot; de amigos animales y rescatada por el príncipe Antonio de su isla tropical. ¡A través de una serie de minijuegos con música y personajes de la película, te aventurarás desde la isla de Rosella hasta el castillo costero del Príncipe en una aventura llena de diversión!. Esta colección de minijuegos nos sumerge en el mundo de la famosa muñeca rubia que debe, durante los 28 minijuegos disponibles, aprender a sobrevivir en la isla desierta en la que ha aterrizado. El título se divide en cinco áreas principales que Barbie debe desbloquear una a una.
Barbie Diaries, The - High School Mystery (USA)	Basado en la popular película de DVD de Barbie Diaries, High School Mystery encuentra a Barbie, Tia y Courtney en algunas situaciones desconcertantes que requerirán un cierto reconocimiento real para resolver. ¡Faltan objetos valiosos para la subasta de caridad de la escuela secundaria! Ayuda a Barbie seguir el rastro de pistas en toda la escuela en busca del culpable. Usa las herramientas de alta tecnología de Barbie y habla con compañeros de clase y profesores para descubrir nuevas pistas y encontrar a los culpables. Resolver misterios nunca ha sido tan divertido!
Barbie Horse Adventures - Blue Ribbon Race (USA)	Únete a Barbie a caballo y cabalga ocho diferentes lugares en una carrera hacia la linea final. Es el evento de caridad National Horse, y tu estás invitada a cabalgar y competir en una variedad de eventos. Tu competirás a través de un paisaje exuberante, galoparás alrededor de formaciones rocosas, galoparás lentamente por caminos rurales, y mucho más. Usa habilidades y velocidad para eludir obstáculos cómo rocas, fardos de heno, y animales de bosque. Potenciadores especiales te ayudarán a correr aún más rápido para ganar puntos.
Barbie in the 12 Dancing Princesses (USA)	Barbie y las 12 Princesas Bailarinas cuenta la historia de Barbie como Genevieve, una de doce hermanas que vive felizmente con su padre el rey. Preocupado porque las princesas necesitan más estructura en su vida, el rey invita a su prima, la Duquesa Rowena para que viva con ellos en el castillo. En lugar de ayudarlas, Rowena prohibe que las princesas bailen y canten y les quita su individualidad. Para escapar de la tiranía de Rowena, las princesas descubren un mundo mágico, pero cuando Genevieve se entera de que la vida de su padre está en peligro, las hermanas deben unirse para salvar al rey y a su reino.
Barbie Software - Groovy Games (USA)	¡Visita la ciudad con Barbie y sus amigos para divertirte y vivir aventuras! ¡Viaja a lugares maravillosos y juega a los juegos más geniales! Navega a la playa para disfrutar de un juego de damas o pasa por la juguetería para jugar al ahorcado de una manera completamente nueva. ¡Solo Barbie puede darle a estos geniales favoritos un estilo nuevo y moderno! ¡Con nueve juegos para elegir, tendrás horas de diversión en movimiento! - ¡9 juegos geniales con un toque de estilo Barbie! - ¡Juega con Barbie o cualquiera de sus mejores amigas! - ¡Crea la línea de conga más larga sin chocar con tus bailarines! - ¡Sirve cuatro bolas seguidas de tu helado favorito y gana! - Diversión para 2 jugadores: desafía a uno de tus amigos a una partida
Barbie Superpack - Secret Agent + Groovy Games (USA)	¡2 Juegos de Barbie llenos de diversión en un solo cartucho! Secret Agent Barbie: Royal Jewels Mission Team ¡Vive con la agente secreta Barbie en una aventura de súper espías! Barbie Software: Groovy Games ¡Llega a la ciudad con Barbie y sus amigas por diversión y aventura!
Barnyard (USA)	El juego tiene varias cuentas diferentes de juego, desde misiones a un sistema de tipo mini-juego. El jugador juega el juego a través de una secuencia de 9 capítulos como un animal de granja de su elección. Un animal de granja adicional podría ser desbloqueado de tener juegos de Nickelodeon en el momento que fueron incluidos en el evento 'Crossover'. A medida que el jugador progresaba a través de los capítulos del juego, se encontró con nuevos personajes, abrió nuevas áreas, consiguió más moneda en el juego, etc. El jugador dio la vuelta al Barnyard y exploró la(s) zona(s) que el juego tiene para ofrecer o siguió la historia y completó las misiones yendo al animal granero que le envió un texto a su teléfono. Podía encontrar a estos personajes buscando, y siguiendo el camino más rápido hacia, el '!' en el mapa.
Baseball Advance (USA)	Sega y THQ se unen para llevar el Baseball a la GBA. Con modos Temporada, All-Star, Playoffs y Exhibición, puedes elegir entre todos los equipos y jugadores del roster actual de la Major League Baseball. Además, hay cuatro estadios disponibles: Fenway Park, Safeco Field, Wrigley Field y Pacific Bell Park. El bateo y el lanzamiento se muestran desde una cámara en tercera persona, detrás del bateador, mientras que el fildeo se juega con una vista aérea, permitiéndote ver claramente todo el campo.
Bass Tsuri Shiyouze! - Tournament wa Senryaku da! (Japan)	Los pescadores virtuales se preparan con barcos, cañas y señuelos auténticos para disfrutar del que podría ser el juego de pesca portátil más realista de todos los tiempos. Podrás elegir entre siete impresionantes lugares alrededor del mundo y poner a prueba tu habilidad y paciencia enfrentándote a los desafíos de pesca más intensos.
Batman - Rise of Sin Tzu (USA) (En,Fr,Es)	En Batman: Rise of Sin Tzu, Batman se enfrenta a un nuevo enemigo como nunca antes lo había enfrentado. El enemigo sin rostro hunde Gotham City en el caos en la noche del aniversario del asesinato de los padres de Bruce Wayne. ¿Quién es responsable de desatar el caos en Gotham City? La verdad se revelará después de que luches contra las fuerzas malvadas y los súper villanos, incluidos Bane, Clayface, Scarecrow y el nuevo enemigo formidable: Sin Tzu. Además de los ataques de artes marciales de Batman, Batman tiene un arsenal que incluye Batarang, Grappling Hook y Smoke Bomb.
Batman - Vengeance (USA) (En,Fr,Es)	El áspero mundo subterráneo de Gotham City se enciende cuando Batman se convierte en el objetivo de una conspiración de nerviosismo. Después de que Joker cae a la muerte en un intento de matar a Batman, los criminales de Gotham escalan rápidamente sus planes para ganar poder. Batman descubre vínculos sutiles en estos crímenes aparentemente no relacionados, pero es forzado a ser encubierto luego de ser enmarcado para un ataque al Comisionado Gordon. Perseguido por la policía, el Caballero Oscuro debe señalar al enemigo invisible que está tejiendo esta siniestra red, antes de que Gotham City caiga en una muerte feroz.
Batman Begins (USA, Europe) (En,Fr,De,Es,It,Nl)	Siga la historia de la película a través de una multitud de niveles altamente interactivos que abarcan varias ubicaciones. Controla a Bruce Wayne mientras entrena en el Himalaya, atrapado con la guardia baja mientras escapa por poco de un ataque a su mansión, y como Batman usa una variedad de movimientos acrobáticos y ataques de combo. Lucha contra la desafiante inteligencia artificial y usa artilugios del cinturón de murciélagos contra jefes, incluidos Ra's Al Ghul y The Scarecrow. El juego presenta un rico entorno gráfico lleno de objetos interactivos y ambientales que utilizan iluminación en tiempo real y efectos alfa.
Battle B-Daman (USA)	El anime de Eiji Inuki llega a GBA en forma de RPG donde los monstruos toman especial protagonismo: Entrenamiento de criaturas, mejora de las mismas... al estilo Pokémon. En Battle B-Daman, controlaremos al joven Yamato y haciendo uso de su Cobalt Blade tendremos que liberar al B-DaWorld de la Alianza Sombra y, de paso, ganar torneos y hacernos populares.
Battle B-Daman - Fire Spirits! (USA)	En este juego de acción basado en la franquicia de juguetes, juegas como un joven llamado Yamato que ama sus máquinas B-Daman más que cualquier otra cosa. Te enfrentarás en batallas B-Daman contra los rivales de Yamato, utilizando ataques especiales para salir victorioso. A lo largo del juego, personalizarás tus máquinas y entrenarás a Yamato. Yamato también se encontrará con personajes tanto familiares como desconocidos en sus viajes, incluyendo al bondadoso Alan y al siniestro Goblin. Solo unos pocos tienen lo que se necesita para convertirse en un B-Daplayer; ¿se convertirá Yamato en el B-Dacampeón?
Battle X Battle - Kyodai Gyo Densetsu (Japan)	Battle x Battle: Kyoudai Uo Densetsu es un juego de deportes (pesca), publicado por Starfish, que se lanzó en Japón en 2003. El objetivo del juego es superar a tu oponente y acumular más peces antes de que lo haga.
BattleBots - Beyond the BattleBox (USA)	Bienvenido a BattleBots, el deporte del combate robótico a control remoto. Basado en la popular serie de televisión, usted construye sus propios robots personalizados controlados por radio que emplean una variedad de armas destructivas como martillos, sierras y púas. Mira las chispas volar mientras luchas en arenas mortales contra tus amigos o contra uno de los 16 BattleBots reales del programa de televisión. Este es el último concurso de estrategia y creatividad donde el objetivo es la supervivencia.
BattleBots - Design & Destroy (USA)	Entra en el cas robótico de Battlebots: Diseña & Destruye, dessarollado en exclusiva para Game Boy Advance. Basado en la serie de televisión del mismo nombre, Battlebots el juego te pone al control de tus vehiculos roboticos favoritos, incluyendo Overkill, Tazbot, Diesector, Minion y más. Puedes jugar como uno de los combatientes del show televisivo ó construye tu propio Battlebot de seis categorias de partes y armas. Vea qué tan bien se desempeña tu máquina con hasta cuatro Battlebots.
Battletoads (USA) (Proto)	Cuando la malvada Reina de la Oscuridad secuestra a su mejor amigo y a la Princesa Angélica, es el momento de volverse loco para después desquitarse, así que prepara las armas nucleares porque las vas a necesitar para rescatar a tus amigos y salir con la piel verde intacta.
BB Ball (Japan)	¿Crackball? ¿BBall? Juega contra tus rivales con un robot llamado ?. Puedes modificar la pelota con los objetos que obtienes cuando ganas el juego.
Beast Shooter - Mezase Beast King! (Japan)	Disparas marcos llamados “bestias” con tu lanzador y debes derribar a los reyes enemigos del campo. Personaliza tu Bestia y lucha por ganar el torneo.
Bee Game, The (USA)	Juego de aventuras protagonizado por la traviesa abeja Maya, junto a Willy y Flip el saltamontes. Tras una gran tormenta, sus amigos han quedado dispersos por el campo de trigo y Maya debe encontrarlos. Para lograrlo, participa en minijuegos y pequeños desafíos que ofrecen pistas para localizar y rescatar a las demás abejas. Con su estilo colorido y amable, es un título claramente pensado para los más pequeños.
Berenstain Bears and the Spooky Old Tree, The (USA)	Cuando el gran hermano oso, la hermana oso y su primo Fred salen a explorar una casa aterradora, una tormenta los obliga a refugiarse en un árbol viejo y espeluznante. Ahora bastante perdidos, deben abrirse camino a través de siete grandes niveles para escapar.
Best Play Pro Yakyuu (Japan)	Te conviertes en el manager de un equipo de béisbol profesional y tomas las riendas para ganar la carrera por el campeonato. Puedes crear tus propios jugadores originales y utilizarlos en la liga y en las competiciones por el título.
Beyblade G-Revolution (USA)	G-Revolution está arrasando en todo el mundo de Beyblade, y tu trabajo es desafiar a los mejores Beybladers mientras recolectas piezas valiosas. Al igual que las entradas anteriores de la serie Beyblade, G-Revolution te permite enfrentar tu bey contra otros en diferentes arenas mientras luchas por convertirte en campeón mundial. Crearás una colección variada de piezas que puedes personalizar con el editor Beyblade. Compite contra más de 16 personajes en una historia extraída directamente de la serie animada Beyblade G-Revolution.
Beyblade V-Force - Ultimate Blader Jam (USA)	Un grupo siniestro está robando Bit Beasts al Campeón Mundial Bladebreakers y debes ayudar a defenderte de esta fuerza misteriosa, usando habilidad, equilibrio y resistencia. Juega como cualquier Bladebreakers, incluidos Tyson y Kai, y utiliza tus mejores estrategias y las Bit Beasts más poderosas. Desbloquea más de 100 coleccionables Beyblade mientras luchas a través de 50 desafíos de Vforce. Es una batalla con los mejores Bladebreakers del mundo, así que asegúrate de tener el espíritu de lucha.
Bibi Blocksberg - Der Magische Hexenkreis (Germany)	Un día sola en casa: el sueño de toda pequeña bruja… Toda la ciudad parece embrujada. ¿Embrujada? Bibi solo tiene un pensamiento: ¿debería su hechizo revelar algo? Disfruta de una jugabilidad variada con efectos gráficos elaborados, 13 niveles con 10 estilos gráficos diferentes, niveles isométricos combinados con secuencias de plataformas laterales, y además, 6 minijuegos que se pueden jugar de forma independiente.
Bibi und Tina - Ferien auf dem Martinshof (Germany)	Bibi y Tina - Vacaciones en el Martinshof: durante las vacaciones de otoño, ayuda a Bibi y Tina con todas sus tareas: alimentar a los caballos, limpiar los establos, cuidar el huerto y las flores. También necesitarán tu ayuda en sus trabajos de verano. ¡Y, por supuesto, no te olvides de cuidar al pequeño perro! Características: •3 minijuegos variados •4 herramientas para cuidar animales y plantas •6 pistas de apuestas y saltos •10 emocionantes trabajos de verano
Bible Game, The (USA)	Un juego de trivia para poner a prueba el conocimiento bíblico de los jugadores. El juego de la Biblia para Game Boy Advance combina un estilo de juego acción/aventura con desafíos de trivia. En su búsqueda de proteger la Armadura de Dios, los jugadores pueden elegir jugar tanto cómo Billy o Jenny a traves de siete niveles ambientados incluyendo el bosque, la nevada tundra, el desierto y la isla tropical. A lo largo del camino ellos deben responder preguntas de ambos Testamentos, el Viejo y el Nuevo. También la Nueva versión Internacional o la traducción del Rey James pueden ser elegidas, y tres niveles de dificultad mantienen el juego accesible para todas las edades.
Big Mutha Truckers (USA)	Big Mutha Trucker en Game Boy Advance te ofrece ponerte al volante de grandes camiones para entregar varios productos, todo sin tener en cuenta las reglas de la carretera. Destrucción de coches de policía, virajes violentos, ajuste de cuentas con motoristas hoscos, todo está bien para entregar lo antes posible y demostrar a los miembros de la familia Jackson que eres el jefe.
Bionicle (USA)	Bionicle: The Game (también conocido como Lego Bionicle y titulado en la portada simplemente como Bionicle) es un videojuego de acción y aventuras lanzado en 2003. El juego está basado en partes de la película Bionicle: Mask of Light y otras partes de Bionicle historia. Inicialmente, se suponía que el juego haría que cada Toa, Toa Nuva y Toa of Light fueran jugables, pero debido a los plazos, gran parte del juego se abandonó. Sin embargo, todos los personajes se pueden jugar en la versión de Game Boy Advance. La versión para Mac OS X del juego fue lanzada por Feral Interactive.
Bionicle - Matoran Adventures (USA, Europe) (En,Fr,De,Es,It,Nl,Sv,Da)	BIONICLE: Matoran Adventures ofrece una divertida función de cambio de personaje para ayudar a los jugadores a avanzar en cada uno de los seis niveles que se encuentran en el juego. Los jugadores comienzan como Matoran y desbloquean más personajes de Matoran a medida que avanzan. Turaga, con sus poderes únicos, puede ser &quot;recogido&quot; a lo largo del juego para ayudar al jugador a atravesar un peligro elemental como un pozo de lava o para activar el cambio a una puerta secreta. Una vez encontrado, ese Turaga &quot;recogido&quot; te sigue en tu aventura.
Bionicle - Maze of Shadows (USA)	Una aventura de acción descendente, ambientada en el universo LEGO Bionicle y basada en el libro del mismo nombre. Cuenta con seis personajes jugables, seis etapas de aventura y características multijugador especiales. Seis grandes héroes, los Toa Metru, buscan el poder para despertar a sus personas dormidas, los Matoran. Han entrado en el mortal Laberinto de las Sombras, un laberinto subterráneo lleno de Rahi hostiles, llenos de trampas y rompecabezas. Capturados por los viciosos Karzhahni, los Toa Metru se ven obligados a realizar una búsqueda en el corazón del Laberinto de las Sombras. Ahora debes guiarlos a través de los muchos peligros por delante. Tome el control de los seis Toa Metru y use sus habilidades especiales individuales para superar los desafíos que enfrentan.
Bionicle Heroes (USA) (En,Fr,De,Es,It,Da)	Lanzado de la mano de 3D BIONICLE, este juego obviamente tiene una jugabilidad diferente, como la falta de una función para guardar, usando contraseñas en su lugar, y un número limitado de vidas, después de lo cual el juego se reinicia. Una mejora es que todas las versiones del Toa, incluidos Toa, Toa Nuva y Takanuva, son jugables. Sin embargo, algunos elementos básicos de la historia se mantienen igual. Un número determinado de Matoran tiene que ser rescatado en un nivel para que puedan ayudar al Turaga a construir una llave para la sala del jefe. Los jugadores usan sus poderes Elementales para luchar contra los enemigos, pero sus poderes son limitados. Una vez que su medidor se acaba, tienen que encontrar un encendido. Los Matoran rescatados son llevados de regreso a un santuario cerca del comienzo del escenario. La plataforma también está involucrada, ya que se incluyen plataformas móviles, plataformas que se caen, acantilados y saltos.
bit Generations - Boundish (Japan) (En)	bit Generations: Boundish es un juego de Game Boy Advance lanzado en 2006, exclusivo de Japón. Similar a Pong, pero con jugabilidad y gráficos simplificados y modernos. Controlas dos paletas que se mueven al mismo tiempo para mantener la pelota dentro del área de juego. Cuenta con cinco escenarios únicos, como Wild Go Round, donde la pelota se mueve sobre un disco giratorio que desafía tus reflejos. Incluye modos como Pool Flower, Box Juggling, Power Slide, Human League y Wild Go Round. También permite multijugador usando un solo cartucho (excepto en Box Juggling).
bit Generations - Coloris (Japan) (En)	bit Generations: Coloris es un juego de puzzle para Game Boy Advance lanzado exclusivamente en Japón como parte de la segunda serie de bit Generations. El objetivo es unir tres fichas del mismo color para eliminarlas, pero en lugar de intercambiarlas, cambias su color usando el cursor. Cada paso del juego, el cursor tiene uno de los colores en juego y al aplicarlo a una ficha esta cambia gradualmente hasta alcanzar el color deseado. A medida que avanzas, se introducen más colores, aumentando la dificultad.
bit Generations - Dialhex (Japan) (En)	bit Generations: Dialhex es un juego de puzzle para Game Boy Advance lanzado en 2006 por Nintendo y Skip, Ltd., como parte de la primera serie de juegos bit Generations. No se lanzó en América ni Europa, pero en 2008 salió un remake para WiiWare llamado Art Style: ROTOHEX, que aunque presentaba algunos cambios, resultaba fácilmente reconocible para los fans de Dialhex.
bit Generations - Digidrive (Japan) (En)	El menú principal ofrece tres opciones: Play (modo principal), Demo (ver al ordenador jugar) y Download (compartir el demo con otro jugador). Dentro de Play, los modos disponibles son: Single: juego en solitario. Vs. Computer: enfrenta al jugador contra la CPU. Vs. 2 player: juega contra un amigo. Credits: se desbloquea y muestra los desarrolladores del juego. El modo en solitario incluye varias opciones, siendo Start la principal para comenzar la partida.
bit Generations - Dotstream (Japan) (En)	Dotstream es un juego de carreras sencillo para Game Boy Advance. El objetivo es controlar una línea de color mientras compites contra otras líneas por el primer lugar. La clave es mantener tu línea lo más recta posible, ya que avanzar recto te permite ir más rápido. Sin embargo, los rivales intentarán estorbarte, haciendo que tengas que desviarte y pierdas velocidad. Además, deberás esquivar los obstáculos repartidos a lo largo del circuito.
bit Generations - Orbital (Japan) (En)	bit Generations: Orbital es un juego para Game Boy Advance lanzado exclusivamente en Japón como parte de la segunda serie de títulos de bit Generations. En él, el jugador debe unir múltiples planetas en cada nivel para formar un solo gran planeta. Posteriormente, fue reeditado en WiiWare bajo el nombre Art Style: ORBIENT, siendo el primero de al menos tres títulos de la serie Art Style.
bit Generations - Soundvoyager (Japan) (En)	bit Generations: Soundvoyager es un juego para Game Boy Advance lanzado en julio de 2006, desarrollado por skip Ltd. y publicado por Nintendo, aunque nunca salió de Japón. Su particularidad es que se puede jugar completamente sin mirar la pantalla: el objetivo es guiarse únicamente por los sonidos emitidos por el altavoz de la consola. Para facilitar la experiencia, se recomienda usar auriculares o conectar la GBA a un estéreo, además de jugar en un lugar silencioso, ya que seguir los sonidos puede ser todo un desafío.
Black Belt Challenge (Europe)	Black Belt Challenge es un juego de lucha en 2D para Nintendo Game Boy Advance. Cuenta con 11 personajes distintos, cada uno con su propio nivel.El juego incluye varios modos: Arcade, Challenge, Survival, Training y VS, en el que puedes enfrentarte a un amigo mediante el cable Link. Las monedas que recojas en el modo Challenge se pueden gastar en la Galería de Arte para desbloquear contenido extra.Además, el cartucho permite guardar tu progreso.
Black Black - Bura Bura (Japan)	El objetivo es convencer demonios para que se unan a tu equipo y así derrotar al Rey Demonio mientras exploras la mazmorra. Juntando demonios compatibles y mezclándolos, puedes crear poderosos demonios.
Black Matrix Zero (Japan)	Black Matrix Zero combina un juego de rol táctico estándar con una mezcla de temas religiosos judeocristianos, particularmente en relación con la naturaleza del bien y el mal y la interacción entre el Cielo, el Infierno y la Tierra y sus habitantes. El juego está ambientado en el mismo mundo ficticio que el juego Black/Matrix original, aunque cientos de años antes. Tres divisiones de la humanidad comparten el mismo mundo: las personas de alas blancas que se llaman ángeles, las personas de alas negras que se llaman demonios y las personas sin alas. Los que tienen alas tienen grandes poderes y prestan poca atención a los que no tienen alas. Los ángeles gobiernan el mundo a través de una organización religiosa llamada Iglesia Prodevon, que asegura tanto la cooperación como la ignorancia de las personas sin alas.
Black Sigil - Blade of the Exiled (USA) (Proto)	Bel Lenora es un reino mágico donde todos pueden usar la magia. Hace mucho tiempo, un hombre llamado Vai, que no podía usarla, entró en Bel Lenora y causó una gran tragedia. A un alto costo para el reino, Vai fue desterrado por uno de los generales.Quince años después, un joven llamado Kairu se aventura en Bel Lenora y se descubre que él tampoco puede usar magia.
Blackthorne (USA)	Blackthorne es un juego de acción y aventura que tiene lugar en el planeta Tuul. Tuul era un lugar pacífico, hasta que el guerrero malvado Sarlac usó el poder de la Piedra Oscura para tomar el control. El padre de Blackthorne, el buen rey Vlaros, lo envió a la Tierra justo cuando su reino se derrumbaba a su alrededor. Ahora, 20 años después, Blackthorne ha crecido y debe regresar a Tuul para liberarlo de las garras de Sarlac. Este juego se juega desde una vista lateral con fondos que no se desplazan. Tiene fuertes similitudes con el Príncipe de Persia, excepto que luchas contra tus enemigos usando armas y bombas en lugar de una espada.
Blades of Thunder (USA)	Un equipo de reconocimiento estadounidense informa que una célula terrorista planea un gran ataque en Oriente Medio, con la intención de tomar las refinerías de petróleo de los estados del Golfo para alimentar el terror a nivel mundial. Para proteger nuestra libertad, debes localizar y destruir esta amenaza antes de que actúe. Toma el mando de un mortal helicóptero de combate para vengar a América con la furia blindada de los sistemas de armas más letales de hoy. El juego incluye 10 misiones operativas con objetivos aéreos, terrestres y marítimos, rematadas por elaboradas batallas contra jefes. Los sistemas tácticos de tu aeronave incluyen ametralladoras, cohetes Hydra y misiles teledirigidos. Además, encontrarás potenciadores de armas y blindaje repartidos por todo el juego. Usa el radar para mantener el control de los objetivos y disfruta de los gráficos 3D en tiempo real, repletos de efectos visuales realistas.Incluye varios niveles de dificultad.
Bleach Advance - Kurenai ni Somaru Soul Society (Japan)	Bleach Advance: Kurenai ni Somaru Soul Society, basado en la serie de manga y anime Bleach, es un juego de lucha y presenta un modo historia para un solo jugador y un modo de supervivencia.
Blender Bros. (USA)	En este mundo, humanos y Animalmen coexisten, viviendo y trabajando juntos. Pero ahora que los Animalmen superan en número a los humanos, un grupo anti-humano llamado los Zooligans busca destruirlos y apoderarse de la galaxia. El destino recae sobre Blender, líder de los Cosmo Keepers, quien debe salvar el mundo usando sus propios poderes y las habilidades de los Mini Bros., criaturas robóticas que, al evolucionar, se convierten en grandes aliados en su misión. Blender puede usar sus grandes orejas para flotar por los niveles, golpear enemigos y trepar cuerdas o saltar tipo pogo. Los niveles combinan plataformas, combates contra jefes y secciones de conducción al estilo Mario Kart, donde hay que recoger llaves para evitar que el mundo explote. El juego también incluye modos multijugador: carreras de hasta 4 jugadores, la posibilidad de intercambiar Mini Bros. y dos minijuegos adicionales.
BMX Trick Racer (USA)	Los jugadores compiten en carreras y acrobacias a lo largo de 15 pistas de calle y tierra en entornos únicos de BMX que recorren ciudades, selvas, desiertos, montañas, nieve y hielo. El objetivo es acumular la mayor cantidad de puntos posibles realizando trucos reales de BMX —y algunos irreales— mientras superas obstáculos poco comunes en este tipo de juegos, como rampas, resortes y puentes que se derrumban. En el modo para un jugador, competirás contra cinco ciclistas rivales que te llevarán al límite para correr como un verdadero profesional.
Board Game Classics (USA)	Board Game Classics incluye los juegos Ajedrez, Damas y Backgammon. En cada uno de ellos puedes enfrentarte a la computadora en tres niveles de dificultad, jugar contra tus amigos, ver cómo la IA juega por sí sola o incluso organizar un torneo contra el ordenador. Además, puedes personalizar tu experiencia eligiendo un avatar, el estilo de las piezas y el tablero. El juego también ofrece reglas opcionales, como los saltos obligatorios en damas, el enroque y la captura al paso en ajedrez, así como las reglas de puntuación y el doblaje automático en backgammon.
Boboboubo Boubobo - 9 Kyoku Senshi Gag Yuugou (Japan)	Elige tres de tus personajes favoritos, incluido el protagonista Bobobo-bo Bo-bobo, y lánzate a una aventura. Durante los combates contra los enemigos, llenarás el Hajike Gauge; una vez completo, podrás activarlo para desatar una técnica especial, diferente para cada personaje, que cambiará el rumbo de la batalla.
Boboboubo Boubobo - Bakutou Hajike Taisen (Japan)	Adaptación de un cómic y una serie animada a videojuego. Personajes familiares participan en un torneo de lucha donde pueden &quot;hacer realidad un deseo&quot;. El ganador es quien acumule más puntos Hajike, por lo que debe usar diversas técnicas para derrotar a sus oponentes y ganar puntos. Además, los personajes pueden fusionarse entre sí para crear personajes mixtos y realizar técnicas combinadas. También se incluyen nueve minijuegos.
Boboboubo Boubobo - Maji de!! Shinken Battle (Japan)	Basado en el manga del mismo nombre. Los jugadores controlan a personajes conocidos de la obra original para enfrentarse a enemigos y superar diversas trampas. Al activar con éxito el Okuyoshi (poder interior), podrás desatar técnicas especiales muy poderosas.
Boboboubo Boubobo - Ougi 87.5 Bakuretsu Hanage Shinken (Japan)	Está basado en el popular manga del mismo nombre. El jugador debe detener los carretes giratorios, combinar palabras, crear un gag divertido y ejecutar un truco. Si juegas con amigos, es posible realizar una poderosa técnica de fusión.
Boktai - The Sun Is in Your Hand (USA)	Boktai: El sol está en tu mano es el primer juego de Game Boy Advance que usa la luz solar para influir en el juego. En el juego, seguirás las aventuras de Django, un joven cazador de vampiros en una búsqueda para librar al mundo del mal. Como Django, debes superar las trampas, derrotar a los enemigos y luchar a través de las partes más profundas de las mazmorras. Cuidado con la cantidad de luz solar: Django es más fuerte durante el día, mientras que los vampiros son más fuertes durante la noche. El juego cuenta con un sensor solar en el cartucho y un sistema de reloj en tiempo real.
Boktai 2 - Solar Boy Django (USA)	Boktai 2 continúa las aventuras de Django, el niño solar, cuando se propone librar al mundo de vampiros y demonios malvados. La segunda entrega de la franquicia trae de vuelta la tecnología del sensor solar, que incorpora luz solar natural en el juego. Aproveche la luz solar natural a través del sensor solar incorporado en el cartucho de Game Boy Advance para encender y fusionar más de 60 armas y objetos. Ahora puedes ir al exterior y luchar contra enemigos con más armas, nuevos personajes y un entorno de juego más amplio.
Boku wa Koukuu Kanseikan (Japan) (Rev 1)	Como controlador aéreo, debes dar instrucciones a los aviones para que permanezcan en espera, autorizarlos a despegar y guiarlos con precisión durante despegues y aterrizajes. Superas cada etapa acumulando más puntos que la cantidad requerida dentro del límite de tiempo.
Bomberman Jetters - Densetsu no Bomberman (Japan)	Los Hige Hige Bandits vuelven a las andadas, esta vez con el plan de destruir el Planeta Bomber estrellando contra él un mundo artificial llamado Dark Star. Para evitarlo, Bomberman debe destruir los cuatro poderosos motores de Dark Star antes de que sea demasiado tarde. En esta nueva aventura podrás alternar entre el control de Bomberman y Max, además de criar Charaboms con habilidades especiales que se fortalecen a medida que evolucionan. Hasta cuatro jugadores pueden enfrentarse en partidas multijugador, incluyendo divertidos minijuegos nuevos.
Bomberman Jetters - Game Collection (Japan)	Un juego basado en el anime Bomberman Jetters. Incluye un juego de pinball, una colección de minijuegos al estilo Bomberman Land, y el famoso Battle Mode de la franquicia.
Bomberman Max 2 - Blue Advance (USA)	Bomberman y Max han sido reducidos al tamaño de una hormiga por la maligna arma secreta de Mujoe. Trabaja junto a Max para encontrar y destruir el dispositivo antes de que Mujoe se haga con el control del Universo. ¡Aquí comienzan las nuevas aventuras de Bomberman!
Bomberman Max 2 - Red Advance (USA)	Bomberman se une nuevamente a Max para enfrentarse al malvado Mujoe. Pero antes de que tengan la oportunidad, Mujoe cambia las tornas, reduciendo a los héroes a pequeñas criaturas. Ahora los dos deben usar sus poderes de bombardeo y atravesar los niveles, haciendo explotar obstáculos y enemigos para llegar a la salida, para eventualmente destruir el dispositivo y volver a su tamaño normal. Al igual que con todos los títulos anteriores de Bomberman, el objetivo del juego es colocar bombas, destruyendo todo lo que se encuentre dentro de los límites de la explosión. Los personajes de Charabomb se pueden recolectar durante el juego para aumentar tus poderes, o luchar e intercambiarlos con un amigo en el modo de enlace. SABUOT
Bomberman Tournament (USA, Europe)	En el borde de la galaxia se encuentra un pequeño planeta llamado Phantarion. Desde la escena de introducción al comienzo del juego, es tenido en cuenta que cinco meteoros (los 5 Dastardly Bombers) llegaron al planeta. Poco después, una fortaleza con una gran torre fue erigida y toda la tierra alrededor de la misma comenzó a congelarse más y más junto a la fortaleza. El pueblo de Phantarion envió una llamada de socorro, recibida por el Profesor Ein, y este envió a su vez a Bomberman Max a investigarlo. Al llegar al planeta, Max comienza su camino hacia la base de la torre. Una vez dentro, se enfrenta a una enorme criatura con forma de ave (que más tarde se vería que es uno de los 5 Dastardly Bombers en estado transformado). Max es derrotado por el ave de un golpe y enviado a alguna parte de la torre. Cuando el profesor Ein se pone en contacto con Bomberman una semana más tarde, Bomberman le cuenta que han perdido todo contacto con Max. Entonces Bomberman es enviado por el profesor Ein a la torre de la fortaleza de Phantarion para encontrar y salvar a Max, comenzando a partir de entonces a ser manejado por el jugador.
Bookworm (USA)	Bookworm es una mezcla entre Scrabble y Bejeweled, en la que formas palabras seleccionando letras de casillas adyacentes. Las palabras completadas se convierten en puntos y desaparecen del tablero, mientras que nuevas letras caen desde arriba para ocupar los espacios vacíos. Ten cuidado con las letras en llamas, que van quemando tus otras letras una a una. Formar palabras más largas retrasa el avance de las letras ardientes y genera casillas de bonificación, que otorgan más puntos si se incluyen en una palabra.
Bouken Yuuki Pluster World - Densetsu no Plust Gate (Japan)	Este es el primer juego de la serie Adventure Plaster World, basada en la serie de televisión animada del mismo nombre. Se trata de un RPG por turnos con un sistema interesante que permite al jugador obtener distintas habilidades y ventajas en batalla colocando figuras (vendidas por separado) sobre un lector conectado a la consola Advance.
Bouken Yuuki Pluster World - Densetsu no Plust Gate EX (Japan)	Lanzado el mismo día que &quot;The Legendary Plaster World&quot;, este es un juego de carreras de autos con una perspectiva 3D en lugar de un enfoque de rol. Colocar figuras en el dispositivo de lectura puede darte ventaja en el desarrollo del juego. El uso de plasts hace que el recorrido sea más fluido o, por el contrario, más desafiante. Disfruta de las distintas combinaciones.
Bouken Yuuki Pluster World - Pluston GP (Japan)	Lanzado el mismo día que The Legendary Plaster World, este es un juego de carreras de autos con perspectiva 3D en lugar de ser un RPG. Colocar figuras en el lector te otorga ventajas durante la carrera. El uso de los plasts hace que el recorrido sea más fluido y viceversa. ¡Disfruta de las distintas combinaciones!
Bouken-ou Beet - Busters Road (Japan)	Controlas al personaje principal y puedes elegir entre cinco “Saiga”. El protagonista combate a lo largo de la aventura usando estas cinco armas diferentes, y además puedes indicar a tus compañeros que ejecuten una serie de ataques combinados.
Boukyaku no Senritsu (Japan)	Adaptación para Game Boy Advance de la serie de animación japonesa Boukyaku no Senritsu (conocida como The Melody of Oblivion en Estados Unidos). Se trata de un juego de acción-aventura con múltiples escenarios, donde los jugadores se enfrentan a monstruos en secuencias de acción vistas desde arriba.La parte de aventura ofrece distintas historias según el personaje que elijas al inicio, y si logras completar las historias de todos los personajes, desbloquearás un escenario completamente nuevo. Durante las secuencias de acción, usarás flechas, combate cuerpo a cuerpo y movimientos especiales para derrotar monstruos y destruir edificios. Al final de cada etapa, te esperan jefes finales.El juego cuenta con tres personajes seleccionables: Bokka, Toone y Koko, y la historia varía según tu elección. Gran parte del cartucho de 64 MB está ocupado por animaciones extraídas directamente de la serie.
Boulder Dash EX (USA)	Basado en el Boulder Dash original, debes encontrar el camino a través de cada rompecabezas para recoger las gemas con el fin de abrir la puerta de salida, mientras mueves las rocas y esquivas a los enemigos. Boulder Dash EX incluye una nueva versión actualizada del título clásico, con un nuevo personaje principal y 6 mundos llenos de acertijos. También en el carrito está el original Boulder Dash emulado desde su forma de PC. El modo de 4 jugadores hace que tú y otros 3 jugadores vayan cara a cara para obtener la mayor cantidad de gemas, mientras tiran piedras y bombas entre sí.
Boxing Fever (USA, Europe)	Un juego de boxeo estilo arcade de Majesco. Boxing Fever presenta ocho personajes jugables en una variedad de modos que incluyen campeonato, entrenamiento, juego vinculado y más. Se incluyen cinco circuitos diferentes para luchar y algunos personajes ocultos para desbloquear. El juego se juega &quot;en el punto de vista de tu cara&quot; y presenta gráficos detallados en 3D y efectos de movimiento. El juego incluye una variedad de movimientos de boxeo y toneladas de combos.
Bratz (USA) (En,Fr,Es)	Este es un juego de baile en el que puedes ser una de las 5 chicas Bratz. Puedes practicar o abrirte camino en el torneo de Bratz. Hay un modo de baile competitivo y un modo de imitación donde puedes divertirte con tus amigos.
Bratz - Babyz (USA)	Crea toneladas de problemas y vive aventuras salvajes mientras ayudas a Cloe, Sasha, Jade y Yasmin a realizar un rescate de emergencia para mascotas.
Bratz - Forever Diamondz (USA)	Yasmin, Cloe, Sasha y Jade están de regreso para una nueva aventura enviándolos por todo el país en busca del diseñador de moda más popular. Los jugadores experimentan aventuras únicas a través de los ojos de los cuatro personajes jugables, en entornos de mundo abierto detallados, mientras compiten por un lugar en el programa de televisión &quot;America Rocks Fashion&quot;. Los fanáticos descubren nuevas características que incluyen una competencia de patinaje artístico y la posibilidad de adoptar una mascota para entrenar, vestir, personalizar y exhibir en las competencias.
Bratz - Rock Angelz (USA, Europe)	Tienes la oportunidad de vivir la vida de un Rock Angel mientras ayudas a Cloe, Jade, Sasha y Yasmin a iniciar su propia revista de moda. La búsqueda de la primicia perfecta te llevará por todo el mundo, donde los lugares famosos y los personajes famosos crean aventuras increíbles. ¡Compre las últimas modas! ¡Explore la ciudad de Bratz y la ciudad de Bratz! ¡Comienza tu propia revista de moda!
Bratz - The Movie (USA)	Este juego sigue a las chicas Bratz —Chloe, Jade, Sasha y Yasmin— mientras participan en shows musicales, desfiles de moda y la publicación de una revista. Los jugadores pueden diseñar atuendos, organizar presentaciones y crear la revista más popular. Todo el esfuerzo de las chicas las lleva a una gran recompensa: la oportunidad de protagonizar su propia película.
Breath of Fire (USA)	Hace mucho tiempo, en los días de oscuridad y magia, un joven vagabundo se encuentra cara a cara con su destino. Tú controlas el destino de Ryu, un joven guerrero y descendiente del Clan del Dragón de la Luz. Juntos, con tu amiga mística, Nina, debes buscar hechizos mágicos y misteriosos secretos. En el camino, gana experiencia y habilidad mientras luchas contra extraños monstruos. Descubre secretos valiosos que te ayudarán en tu aventura y desbloqueará los secretos del Clan Dragón.
Breath of Fire II (USA)	Ryu era un chico joven que tiene recuerdos de una aldea extraña muy lejana y una puerta mágica que lo atravesó. Sin embargo, esos son sólo recuerdos lejanos. Ryu y su mejor amigo Bow son aprendices en el Gremio de Rangers. Como aventureros, asumen trabajos anunciados que necesitan los ciudadanos. Sin embargo, no pasa mucho tiempo antes de que un trabajo salga mal y Bow sea acusado de robar un artículo valioso. Para limpiar el nombre de su amigo y encontrar el significado de sus sueños, Ryu explorará el mundo y, finalmente, descubrirá el significado de sus sueños y sus habilidades ocultas en su interior. Breath of Fire II es un juego de rol. La mayoría del juego se juega desde un mapa de arriba hacia abajo, sin embargo las batallas se ven desde una vista isométrica. Ryu formará fiestas entre otros 8 personajes, cada uno con su propio conjunto de habilidades y poderes que lo ayudarán a descubrir la verdad detrás del misterio.
Britney's Dance Beat (USA)	Britney Spears está haciendo audiciones de baile para su próximo concierto. Elige uno de los varios bailarines y compite para ganar un lugar cómo bailarín de Britney. Juega con algunos de sus éxitos cómo: Oops, I Did It Again, Baby One More Time, I'm A Slave 4 U, y muchos más. Vas cabeza a cabeza contra otros bailarines. Combos exitosos resultan en un ataque contra tus oponentes. El juego se desarrolla en un objeto similar a un radar qué gira en sentido de las agujas del reloj. Los botones aparecerán y tu tienes qué calcular y presionarlos cuándo el radar pasa sobre ellos. La jugabilidad en la versión de Windows difiere un poco. Es más cómo DDR donde flechas se desplazan hacia arriba y tu tienes que presionarlas cuándo alcanzan la parte superior. Desbloquea videos musicales y filmaciones de conciertos.
Broken Circle (Europe) (En,It) (Proto)	El cuento cuenta la historia de la tierra de Midgard; nunca fue una tierra tranquila de paz, ya que muchas guerras se han librado en la tierra. En los últimos meses, la violencia tanto del hombre como del monstruo se ha intensificado, los monstruos se han vuelto mucho más peligrosos. Los terremotos comenzaron a sacudir la tierra. Los profetas afirman que este es el signo de Ragnarok, el día en que el hombre y el monstruo morirán al final. Amigos y enemigos por igual se cruzarán en tu camino, ¿sobrevivirás a tu viaje para luchar y vencerás a Hagen, el mago nigromante, la causa aparente de la interrupción en Midgard? ¿O la bestia cazadora del infierno que está acechándote te detendrá en tus viajes?
Broken Sword - The Shadow of the Templars (USA) (En,Fr,De,Es,It)	El protagonista es un abogado americano llamado George Stobbart que se encuentra en un café de París cuando ve aparecer a un payaso que entra en el café y sale tan rápido como entró. El café explota pero George se salva y sigue las pistas que va dejando tras de sí. Al poco tiempo conoce a Nicole Collard, una reportera que estaba sacando fotos sobre la explosión y juntos van a intentar llegar hasta el fondo de este asesinato que es el primero de muchos otros, todos relacionados con los caballeros templarios.
Brother Bear (USA)	Brother Bear de Disney te sumerge en una versión totalmente interactiva del mundo de Kenai, con los exuberantes entornos basados en la película animada. Únete a Kenai y Koda mientras recorren varias áreas del bosque. No solo puedes jugar a Kenai y Koda como osos, sino que también puedes transformarte en un lobo, un cuervo y un águila. También interactuarás con siete personajes diferentes de la película.
Bruce Lee - Return of the Legend (USA)	¡El legendario Bruce Lee está de regreso como Hai Feng! Domina los puños de furia de Bruce, el nunchaku y docenas de movimientos increíbles mientras viajas por todo el mundo a lugares de misterio e intriga en esta épica aventura de artes marciales. Usa el entorno a tu favor, esquiva a tus enemigos escalando paredes, lucha como el Maestro con múltiples ataques combinados y potenciadores.
Bubble Bobble - Old & New (USA)	Nadie ha podido decir por qué Bubble Bobble es tan divertido, pero su mezcla de lindos dinosaurios bebés, dulces y burbujas debería darles una idea a los nuevos en el juego. Ábrete camino a través de más de 100 niveles de frenético caos de burbujas. Captura a tus enemigos en burbujas y luego hazlos explotar con tu espalda puntiaguda para despejar cada etapa. Encuentra el camino hasta el fondo de la cueva de 100 niveles y salva a una damisela en apuros. Afortunadamente, si nunca has experimentado la alegría por ti mismo, todos esos elementos vuelven a estar vigentes en Bubble Bobble Old & New para Game Boy Advance. El juego sigue de cerca el clásico arcade original de Bubble Bobble, pero une dos generaciones de juegos mientras emplea los mismos gráficos y estructura de juego que el original. También se inspiró en la secuela, Rainbow Islands lanzada en 1989. SABUOT
Buffy the Vampire Slayer - Wrath of the Darkhul King (USA, Europe)	Hace años, el Rey Darkhul fue desterrado a una dimensión oculta. Pero de alguna manera ha encontrado el camino de regreso a la Tierra, y ahora está listo para desatar sus poderes sobre el público desprevenido de Sunnydale. Por supuesto, Sunnydale es también el hogar de la única Buffy. Usando su experiencia contra los muchos monstruos y su increíble fuerza y técnicas de lucha, tu trabajo es guiarla a lo largo de cada nivel y derrotar a los muchos vampiros y otros seres malvados antes de enfrentarte al mal principal, el Rey Darkhul.
Butt-Ugly Martians - B.K.M. Battles (USA)	Lucha contra el mal en B.K.M. (¡Modo patada de trasero!) El emperador Bog quiere invadir la Tierra y tiene un ejército de alienígenas salvajes y malvados para hacer el trabajo. Juega como tu Marciano Butt-Ugly favorito para detener a los alienígenas en seco, mientras escapas de Stoat Muldoon, que está tratando de capturarte. ¡Derrota a los jefes o Earth is Toast! - ¡Dispositivos alienígenas avanzados y potenciadores! - Siete mundos diferentes - ¡28 niveles! - ¡Habitaciones secretas y bonificaciones!
Cabbage Patch Kids - The Patch Puppy Rescue (USA)	Los Cabbage Patch Kids rescataron recientemente unos cachorros y están celebrando un almuerzo en la plaza de la ciudad para celebrar sus nuevas incorporaciones. Mientras los cachorros duermen la siesta en Babyland Playroom, los niños se dirigen a almorzar a la plaza. Al regresar, descubren que sus cachorros se han soltado y escapado. ¡Los localizarás en el parque, en la ciudad, incluso en un autolavado! Después de encontrar a los cachorros de todos, te encontrarás con un cachorro sin hogar... ¡resulta que es perfecto para ti!
Cabela's Big Game Hunter (USA)	¡Caza animales grandes en Labrador, Michigan, Nevada y Pensilvania! Las especies incluyen oso, carnero de las Rocosas, caribú, alce, alce americano y más. ¡Este juego utiliza video real de las criaturas para ofrecer la mejor autenticidad! Usa el equipo oficial de Cabela (tm), 21 armas diferentes e incluso un “editor de desafíos de caza” para crear tus propias misiones.
Cabela's Big Game Hunter - 2005 Adventures (USA, Europe)	La caza continúa… Basado en el exitoso título anterior, Big Game Hunter 2005 Adventures pone aún más énfasis en escenarios auténticos, una fauna realista y un equipamiento y armas fieles a la realidad. Por primera vez, la saga sorprende con una historia lineal que guía al jugador a través de una emocionante aventura de caza, sin necesidad de exponerse al peligro real. Pero cuidado: la naturaleza no perdona. La regla es clara: matar o ser cazado, especialmente cuando te enfrentas cara a cara con osos, alces enfurecidos u otras bestias salvajes.
Caesars Palace Advance - Millennium Gold Edition (USA, Europe)	Elige entre numerosas máquinas de tragamonedas, keno y video póker, y siente la emoción palpitante de cada apuesta. Cuando la suerte no esté de tu lado, visita los cajeros automáticos convenientemente ubicados para obtener más dinero, o guarda el estado de tu cuenta en cualquier momento usando la función de contraseña.
Camp Lazlo - Leaky Lake Games (USA)	Camp Lazlo: Leaky Lake Games se basa en la serie animada del mismo nombre de Cartoon Network que relata la extraña pero feliz vida de campamento de Lazlo y sus compañeros de litera en el Campamento Kidney. En el juego, los jugadores toman el control alternado de Lazlo, un mono brasileño optimista y lleno de energía, Raj, un elefante indio sabio pero compulsivo, y Clam, un rinoceronte pigmeo excéntrico y muy inteligente, para competir en una variedad de desafíos de campamento, ganando el derecho a representar a su campamento en un torneo final contra las Squirrel Scouts, un campamento de niñas rival del Campamento Kidney de niños.
Capcom Classics Mini Mix (USA)	Una recopilación llena de acción de tres de los títulos más populares de Capcom, originalmente lanzado para Nintendo Entertainment System. El trío de títulos de acción de la vieja escuela incluye &quot;Bionic Commando&quot;, &quot;Strider&quot; y &quot;Mighty Final Fight&quot;, todos fielmente recreados y disponibles para jugar en la relación de aspecto original o estirada para llenar la ancha pantalla de la consola portatil.
Captain Tsubasa - Eikou no Kiseki (Japan)	Captain Tsubasa: Eikou no Kiseki está basado en el manga y anime del joven futbolista Captain Tsubasa. Este juego de fútbol, lanzado únicamente en Japón, incluye licencias oficiales de la J-League.
Car Battler Joe (USA)	Pícaros alborotadores deambulan por las carreteras y caminos que rodean tu aldea. Si creyeras los rumores, culparías a tu padre desaparecido por el aumento de la violencia vehicular. Es por eso que ha decidido llevar la vida de un luchador de autos, transportando carga entre pueblos y corriendo cada pie de plomo letal lo suficientemente tonto como para cruzarse en su camino. Este trabajo arenoso no es fácil. Otros luchadores automovilísticos luchan por dinero o fama, pero tú tienes una vocación superior: estás decidido a restaurar el honor perdido de tu familia y traer a tu padre a casa.
Card Party (Japan)	Incluye juegos que utilizan cartas. Hay 12 tipos de juegos para disfrutar: neurasthenia, mule puller, doughnut, dobon, page one, millionaire, seven bridge, seven in a row, 29, 51, blackjack y póker. Además de las reglas habituales, también cuenta con reglas originales.
Cardcaptor Sakura - Sakura Card de Mini Game (Japan)	El juego recapitula toda la tercera temporada de Cardcaptor Sakura. Completa un total de 21 minijuegos diferentes. Si obtienes una puntuación alta en los minijuegos, obtendrás un gráfico de una escena famosa.
Cardcaptor Sakura - Sakura Card Hen - Sakura to Card to Otomodachi (Japan)	La segunda parte de la historia del anime del mismo nombre consta de 11 episodios. Según las acciones que realice la protagonista, Sakura, su barra de magia aumentará o disminuirá, lo que influirá en el desarrollo del escenario.
Care Bears - The Care Quest (USA) (En,Fr,Es)	¡Bienvenido a la colorida tierra de Care-a-lot, hogar de los divertidos y tiernos Ositos Cariñositos! Estos adorables amigos peludos tienen cada uno una misión especial: enseñar a los demás a cuidar y compartir. Elige a tu Osito favorito y embárcate en 12 emocionantes misiones de cuidado a lo largo de los hermosos paisajes de Care-a-lot.
Carrera Power Slide (Europe) (En,Fr,De,Es,It,Nl)	Carrera Power Slide Virtual Racing trae consigo modos y desafíos llenos de velocidad y adrenalina. ¿Podrás superarlos todos? En el Real Racing Mode, uno o dos jugadores pueden controlar autos de carrera Carrera reales en pistas oficiales de Carrera, usando el Game Boy Advance con un control preciso. ¡A disfrutar de la carrera!
Cars (USA, Europe)	¡Quema goma y compite como Lightning McQueen, Doc Hudson, The King y Chick Hicks en Cars para GameBoy Advance! Salta a la vía rápida mientras compites en 15 carreras salvajes en Radiator Springs y sus alrededores. Desbloquea nuevas carreras y escenas de películas geniales a medida que avanzas en el juego. Tendrá que perfeccionar sus habilidades de conducción para ayudar a Lightning McQueen a capturar el codiciado Campeonato de la Copa Piston.
Cars - Mater-National Championship (USA) (En,Fr)	Cars Mater-National Championship presenta a un grupo de corredores que compiten por la oportunidad de competir contra Rayo Mcqueen en el primer festival anual de carreras, organizado por el mejor amigo de Rayo, Mater. Explora el nuevo y mejorado mundo abierto de Radiator Springs, juega en el nuevo modo Monster, salta al carril rápido con seis nuevos competidores de carreras internacionales, quema rueda en nuevas pistas y gira y gira a tu manera a través de nuevos minijuegos como Rhythmic Rumble de Ramone y Fuel Frenzy de Fillmore.
Cartoon Network Block Party (USA)	Cartoon Network Block Party es un juego de fiesta que mantiene la acción rápida y divertida en la Game Boy Advance.Juega con cualquiera de los 6 personajes de tus caricaturas favoritas de Cartoon Network: Johnny Bravo, Coraje, el perro cobarde, Cow and Chicken y Ed, Edd n Eddy. Desafía hasta a 3 amigos en 4 tableros temáticos y coloridos, cada uno inspirado en un programa de Cartoon Network: Planet Johnnywood, el Castillo Tenebroso de Katz, The Tater Farm y Extreme Cul-De-Sac.Domina 14 minijuegos únicos que pondrán a prueba todas tus habilidades:Gran Premio de Cortacésped, Captura de Bombas de Agua, Frenesí de Peces, Baile en el Patio, Strike a Pose, Captura de Cerdo Engrasado, Fence Sitters, Weremole Waltz ¡y muchos más!Los minijuegos que otorgan dinero recompensan a los jugadores para que puedan pagar ventajas competitivas o conseguir pases de acceso a otras áreas del tablero.
Cartoon Network Speedway (USA)	¡Todas tus estrellas favoritas de Cartoon Network están encendiendo motores para competir por el Campeonato de Speedway! Únete a la acción de las carreras de karts con 12 personajes de Coraje, el perro cobarde; Vaca y Pollito; Ed, Edd y Eddy; Johnny Bravo y Oveja en la ciudad grande. Para superar los obstáculos en cada pista deberás usar acelerones, saltos y power-ups a tu favor. Además, impresiona al público con acrobacias para lograr la mayor puntuación de popularidad.
Casper (USA) (En,Fr,Es)	Adaptación de Game Boy Advance de la serie de dibujos animados para niños. Los jugadores asumen el papel de Casper mientras se enfrenta cara a cara con los fantasmas malvados Stretch, Stinkie y Fatso. El malvado trío está intentando transformar a toda la gente del pueblo en zombis, un destino que el fantasma amistoso no puede ni tolerará. Los jugadores exploran seis niveles diferentes de diversión espeluznante en esta búsqueda llena de aventuras para jugadores jóvenes.
Castlevania - Aria of Sorrow (USA)	El año es 2035 y Soma Cruz está a punto de ser testigo del primer eclipse solar del siglo 21 cuando de repente se desmaya - sólo para despertar dentro de un misterioso castillo. Como Soma, debe navegar por los laberintos del castillo mientras se enfrenta a peligrosos monstruos a cada paso. Pero ten cuidado, ¡debes escapar antes de que el mal te consuma!
Castlevania - Circle of the Moon (USA)	Es el año 1830. En un antiguo castillo austríaco, los adoradores del Caos intentaron revivir al Señor de las Tinieblas, el Conde Drácula. El cazador de vampiros Morris Baldwin y sus aprendices, Nathan Graves y Hugh Baldwin, se enteraron de esto y se dirigieron a Castlevania para detener la resurrección y la restauración del poder del Conde Drácula. Sin embargo, llegaron unos segundos demasiado tarde y Camilla, una secuaz del Conde Drácula, inició el rito para revivir a su maestro. ¡Ahora depende de ti abrirte camino a través de varios monstruos y los secuaces de Drácula para derrotar al Señor de la Oscuridad!
Castlevania - Harmony of Dissonance (USA)	Han pasado casi cincuenta años desde que Simon Belmont rescató la tierra de la maldición de Drácula. Ahora, la descendiente de Simon, Juste Belmont, debe adquirir las reliquias de Drácula para desentrañar la desaparición de su amiga de la infancia, Lydie. Los encantadores misterios y peligros del castillo esperan a todos los que se atrevan a entrar.
Castlevania Double Pack (USA)	Castlevania Doublepack es una recopilación de los dos títulos anteriores de Castlevania para Game Boy Advance: Castevania: Harmony of Dissonance y Castlevania: Aria of Sorrow. Los juegos se incluyen en su forma completa, lo que brinda a los jugadores la opción de actuar como Juste Belmont o Soma Cruz, según la historia y el juego que desee abordar. Ambos juegos cuentan con una variedad de armas y enemigos a medida que avanzas por el castillo para luchar contra Drácula en un combate 2D.
Cat in the Hat, The (USA)	Basado en el libro original del Dr. Seuss (no en la película), este juego de aventuras permite a los más pequeños controlar al Gato con Sombrero mientras busca objetos para jugar. Al reunirlos, se desbloquean distintos minijuegos de estilo arcade que pueden repetirse tantas veces como se quiera para superar las mejores puntuaciones.
Catwoman (USA, Europe) (En,Fr,De,Es,It,Nl)	La versión de Game Boy Advance de la licencia de la película Catwoman es un sencillo juego de acción / plataforma isométrico. El jugador tiene a su disposición todas las habilidades clave de la dama gato como se ve en la película, y debe atravesar niveles llenos de plataformas y &quot;chicos malos&quot;, y paredes de escalada, ocasionalmente. El juego comienza con una misión tutorial y luego cambia a una serie de imágenes que se asemejan a tiras cómicas que explican cómo Patience Phillips se convirtió en Catwoman. Luego, el jugador pasa por los 24 niveles del juego, principalmente saltando, escalando y, a veces, peleando. El aspecto de los gráficos apunta hacia una sensación de cómic en lugar del 3D de aspecto más realista de las versiones de consola y PC.
Catz (USA, Europe)	Catz es un juego de simulación de mascotas que permite a los propietarios nombrar, entrenar y jugar con adorables gatitos. Los jugadores adoptan un gatito personalizado de una de las trece razas diferentes. Los jugadores se ganarán el amor y la lealtad de su gatito recordando alimentarlo, cuidarlo o jugar con él. Se pueden comprar juguetes y accesorios para el gatito en la tienda del juego. Los gatitos pueden comunicarse con sus dueños a través de una variedad de efectos de sonido realistas que incluyen ronroneos y diferentes tipos de maullidos.
Charlie and the Chocolate Factory (USA) (En,Fr,Es,Nl)	Adéntrate al mágico mundo de la famosa fábrica de chocolate de Willy Wonka. Basado en la película de Warner Bros y la novela clásica de Roald Dahl, Charlie y la fábrica de chocolate te permite profundizar en el interior de la fábrica para revivir la clásica historia cómo Charlie Bucket. Encuentra un ticket dorado, junto con otros cuatro chicos, gana un tour personal en la fábrica de Willy Wonka siendo guiado por el notable y solitario fabricante de caramelos. Descubre qué sucede después qué los otros chicos, impulsados por la codicia y desenfrenados, causan estragos en toda la fábrica.
Charlotte's Web (USA) (En,Fr,De,Es,It)	Juega como Wilbur, el cerdo, o Templeton, la rata, a lo largo de cuatro escenarios: la granja de Zuckerman, el campo, un desguace y la feria del pueblo. A medida que avanzas en la aventura, desbloquearás minijuegos de estilo arcade y completarás una variedad de misiones divertidas y desafiantes. Recoge letras del alfabeto para ayudar a Charlotte a escribir mensajes en su telaraña, acumula leña para evitar que el Sr. Zuckerman cocine en su ahumadero, libera a las ratas atrapadas por los malvados cuervos y reúne boletos para que Fern y Avery disfruten del carnaval. El juego combina exploración, sigilo y rompecabezas, y recompensa a los jugadores con imágenes de alta calidad de la película y gráficos detallados.
Cheetah Girls, The (USA)	The Cheetah Girls es un videojuego basado en las películas The Cheetah Girls y The Cheetah Girls 2. En la versión de GBA controlas al grupo mientras busca participar en el concurso New Voices en Barcelona. Para lograrlo, juegas como cada integrante para encontrar un agente, combinar ropa y crear tus propios conjuntos, coreografiar nuevos pasos de baile, diseñar música para maquetas y mucho más.
Chessmaster (USA)	La más exitosa franquicia de ajedrez de sus tiempos llega con una completa actualización para el sistema portátil. Anteriormente lanzados en formatos Game Boy y Game Boy Color en 1990 y 1999 respectivamente, esta iteración del siglo XXI nos trae numerosas mejoras, un amplio rango de opciones, y más jugabilidad. Chessmaster nos ofrece configuraciones standard, handicap y de tablero, 18 oponentes de computadora qué van desde fácil a experto, y diez juegos de ajedrez.
Chicken Little (USA, Europe) (En,Fr,De,Es,It,Nl)	Chicken Little en GBA es un juego de acción / plataformas en el que juegas al gallo del famoso largometraje pero también a todos sus amigos para una peligrosa misión: salvar el mundo. ¡Usa toneladas de artilugios, incluidos un cohete de soda, un tirachinas y un yo-yo! ¡Compite contra tus amigos en un torneo de pelota de prisioneros y carreras!
Chicken Shoot (USA)	Chicken Shoot es una galería de tiro, basada en un juego &quot;flash&quot; libre de 2003 e idéntico nombre. El jugador, controla a Chicken Bill, disparando a todas las gallinas que aparecen en la pantalla 2D dibujada a mano, mostrada en primera persona, hay 3 modos de juego.
Chicken Shoot 2 (USA)	La secuela del juego de GBA, Chicken Shoot es casi completamente idéntico al primer juego. Tiene los mismos tres modos de juego, las mismas armas y un concepto completamente idéntico. La única diferencia es qué este juego viene con un set de nuevos niveles.
Chobits for Game Boy Advance - Atashi Dake no Hito (Japan)	Basado en el popular anime Chobits. Comunícate y entrena a Chie, una computadora con forma de chica sin datos, hablándole y saliendo con ella.
Chocobo Land - A Game of Dice (Japan)	Chocobo Land: A Game of Dice, que es el primer título de GBA desarrollado por Square-Enix, tiene lugar en un mapa similar a un tablero. Controlas un Chocobo lanzando un dado. El objetivo es ganar Crystal Points robándolos a tus oponentes. Estos puntos se pueden usar para comprar una hechicera, por ejemplo, lo que aumenta las posibilidades de obtener más puntos. Es el capitalismo en su forma más pura.
Chronicles of Narnia, The - The Lion, the Witch and the Wardrobe (USA, Europe) (En,Fr,De,Es,It,Nl,Sv,Da)	La malvada Bruja Blanca ha lanzado un invierno de 100 años sobre la tierra de Narnia, tú puedes ayudar a Aslan a liberar a su gente en Las Crónicas de Narnia: El león, la bruja y el armario. Como los cuatro niños de la película, puedes luchar contra criaturas fantásticas como Minotauros, Cíclopes, Hombres Lobo y Espectros. El juego incluye elementos de rompecabezas y está estrechamente ligado a la trama de la película. También está disponible el modo cooperativo multijugador.
ChuChu Rocket! (USA) (En,Ja,Fr,De,Es)	ChuChu Rocket es un rompecabezas de acción, diseñado principalmente como un juego multijugador. Tienes control indirecto sobre los ratones y debes guiarlos a la seguridad de un cohete y lejos de un gato. Para ello, coloque flechas en el suelo, que seguirán. El juego multijugador es un frenético duelo todos contra todos, en el que los ratones de cada jugador solo seguirán las instrucciones de su propio color. Puedes jugar este modo por tu cuenta contra oponentes de la CPU o enfrentarte a una serie de acertijos predefinidos
CIMA - The Enemy (USA)	Durante décadas, la raza humana y la raza CIMA han estado en constante conflicto entre sí. Como Ark J, tu misión es vigilar la puerta entre los dos mundos, proteger la ciudad que te han asignado y, en última instancia, encontrar la paz. Avanzarás a través de una historia no lineal mientras resuelves puzzles, exploras mundos y luchas contra enemigos. El juego incluye un sistema de combate con elementos de acción y estrategia. Otra característica te permite activar personajes no jugables para que te ayuden a cumplir tus objetivos.
Cinderella - Magical Dreams (USA) (En,Fr,De,Es,It)	Revive la magia de la Cenicienta de Disney en esta adaptación de videojuego de la película. Ponte las zapatillas de cristal de Cenicienta mientras la ayudas con sus quehaceres, bailas en el baile real con el príncipe y ayudas al hada madrina a conceder deseos. Incluso podrás luchar contra Lucifer the Cat como los dos útiles ratones de Cenicienta, Gus y Jaq! NnnnCinderella: Magical Dreams es un juego de plataformas no violento que presenta diferentes estilos de juego para mantener el juego interesante. Además del tradicional salto y recolección de objetos, también hay un juego de baile en el que debes sumergirte, girar y levantar mientras te mantienes en el centro de atención. También juegas como el Hada Madrina, donde debes hacer estallar burbujas de hechizo específicas para conceder los deseos de Cenicienta. A medida que los jugadores avanzan en el juego, son recompensados con una variedad de clips de la película que avanzan en la historia. También es posible desbloquear imágenes fijas adicionales de la película al encontrar elementos ocultos en el juego.
Cinnamon - Fuwafuwa Daisakusen (Japan)	Sanrio Characters:Cinnamon Este es el segundo juego de acción protagonizado por el personaje de Sanrio, Cinnamon. Apunta a la meta mientras resuelves acertijos. Se han añadido niveles de desplazamiento lateral y minijuegos.
Cinnamoroll - Koko ni Iru yo (Japan)	&quot;Cinnamoroll - Koko Ni Iru Yo&quot; es un juego para Game Boy Advance (GBA) basado en el popular personaje de Sanrio, Cinnamoroll, un cachorro blanco de orejas largas creado por Miyuki Okumura. El juego es una colección de minijuegos donde Cinnamoroll y sus amigos participan en diversas actividades como cocinar, pescar y volar. El título &quot;Koko Ni Iru Yo&quot; significa &quot;Estoy aquí&quot; en japonés, destacando la presencia de Cinnamoroll en el juego.
Classic NES Series - Bomberman (USA, Europe)	Bomberman era un robot en una fábrica de bombas que anhelaba su libertad. Circulaban rumores de que escapar a la superficie permitiría que el robot se volviera humano. Salir sería el truco. Cada habitación está habitada por monstruos que deben ser neutralizados y la propia salida escondida debajo de ladrillos. El primero de la serie Bomberman. Bomberman es un juego para un solo jugador con una vista de arriba hacia abajo y controles simplistas. De hecho, además del movimiento, solo tienes una habilidad: colocar bombas. Cada bomba explota en una explosión en forma de cruz (4 direcciones) que puede destruir enemigos o bloques. Se pueden encontrar potenciadores para aumentar el tamaño de la explosión, colocar bombas adicionales, aumentar la velocidad del Bomberman o atravesar paredes. Tu objetivo en cada nivel es destruir a todos los enemigos y escapar por la salida antes de que se acabe el tiempo límite. Golpear la salida con una explosión libera más enemigos que también deben ser destruidos.
Classic NES Series - Castlevania (USA)	Da un paseo por el camino de la memoria con el clásico juego de desplazamiento lateral Castlevania. El juego, que forma parte de la serie Classic NES en Game Boy Advance, te embarca en una misión para deshacer la maldición del malvado Conde. Antes de desafiar al Conde, primero debes luchar contra su ejército de fantasmas, momias, murciélagos y zombis. Usa tu látigo mágico y otras armas si quieres salir vivo del castillo.
Classic NES Series - Donkey Kong (USA, Europe)	En Donkey Kong, Jumpman debe rescatar a una damisela en apuros, Lady, de un simio gigante llamado Donkey Kong. El héroe y el mono más tarde se convirtieron en dos de los personajes más populares de Nintendo. El juego se divide en cuatro etapas diferentes de una pantalla. Cada uno representa 25 metros de la estructura que Donkey Kong ha subido, siendo una etapa 25 metros más alta que la anterior. La pantalla final ocurre a los 100 m.
Classic NES Series - Dr. Mario (USA, Europe)	En este juego de estilo Tetris, juegas como Dr. Mario, que debe colocar las píldoras de diferentes colores sobre los virus para eliminarlos de la botella. Cada píldora se divide en dos, con cada lado un color diferente. Combina ese color con el color del virus, y se retirará de la botella. Incluido en el juego es el modo normal, una prueba de tiempo, y un modo de batalla de dos jugadores para ver quién puede eliminar la mayoría de los virus.
Classic NES Series - Excitebike (USA, Europe)	Excitebike es un videojuego de carreras de motocross creado por Nintendo. Debutó como juego para la Famicom en Japón en 1984 a un precio de 5000 yenes. Fue el primer juego de la saga Excite, sucedido por Excitebike 64 y sus sucesores espirituales, Excite Truck y Excitebots. La serie de videojuegos conocida en Europa como NES Classics (Classic NES Series en Estados Unidos y Famicom Mini Series en Japón) es una serie de videojuegos, originarios de NES/Famicom y Famicom Disk System, que llegaron a editarse en Game Boy Advance con motivo del 20 aniversario de la consola Famicom en Japón
Classic NES Series - Ice Climber (USA, Europe)	Veinte años después de su debut en la NES, los montañistas Popo y Nana regresan a explorar las alturas como parte de la serie de Clásicos de NES para la Game Boy Advance. Manejando a Popo (o a Nana como el jugador 2), debes usar tu confiable mazo para destrozar los bloques que te permitan subir por la montaña. Tu mazo también es útil para eliminar a los molestos enemigos que incluyen osos polares, focas y hombres de la montaña.
Classic NES Series - Metroid (USA, Europe)	El juego original de Metroid llega a Game Boy Advance como parte de la serie clásica de NES. Como Samus Aran, tu misión es evitar que los piratas espaciales destruyan la galaxia con sus Metroids. Para hacer esto, debes penetrar en Zebes, el planeta natal de los piratas, mientras recolectas artículos especiales para atacar a los enemigos de nuevas maneras. Metroid ofrece una acción de desplazamiento lateral que pone a prueba tu destreza y te devuelve a los juegos clásicos de los 80.
Classic NES Series - Pac-Man (USA, Europe)	El jugador controla Pac-Man a través de un laberinto, comiendo pac-puntos. Cuando se comen todos los puntos, Pac-Man pasa a la siguiente etapa, entre algunas etapas se reproduce una de las tres animaciones intermedias. Cuatro enemigos (Blinky, Pinky, Inky y Clyde) deambulan por el laberinto, tratando de atrapar a Pac-Man. Si un enemigo toca Pac-Man, se pierde una vida. Cuando se han perdido todas las vidas, el juego termina.
Classic NES Series - Super Mario Bros. (USA, Europe)	¡Únete a Mario y acaba con Bowser en esta fantástica versión del clásico de NES reeditado para Game Boy Advance! Super Mario Bros. revolucionó el género de las plataformas en los años 80 e impulsó a nuestro heroico fontanero al estrellato. ¡Revive esos días de gloria! Bowser y sus malvados secuaces han invadido el Reino Champiñón y raptado a la princesa Peach. ¡Mario debe enfrentarse a los Koopas y rescatarla!
Classic NES Series - The Legend of Zelda (USA, Europe)	La Leyenda de Zelda inventó un género y cautivó a una generación de jugadores. ¡Ahora puedes jugar a la eterna aventura de NES en tu Game Boy Advance! El malvado brujo Ganon ha encarcelado a la princesa Zelda y ha sumido a la pacífica tierra de Hyrule en la oscuridad y la desesperación. Sólo un joven llamado Link tiene el valor de responder a la llamada de un héroe. ¿Encontrará los fragmentos perdidos de Triforce, matará a Ganon y salvará a la princesa Zelda? ¡Sólo tú puedes decidir el destino de Hyrule!
Classic NES Series - Xevious (USA, Europe)	Xevious es un videojuego de arcade del género shoot 'em up de desplazamiento vertical, y fue relanzado para Game Boy Advance en 2004 como parte de la línea NES Classics. Esta es una serie de videojuegos, originarios de NES/Famicom y Famicom Disk System, que llegaron a editarse en Game Boy Advance con motivo del 20 aniversario de la consola Famicom en Japón.
Classic NES Series - Zelda II - The Adventure of Link (USA, Europe)	The Adventure of Link tiene poco parecido con el primer juego de la serie. The Adventure of Link presenta áreas de desplazamiento lateral dentro de un mapa del mundo más grande en lugar de la vista aérea del título anterior. El juego incorpora un sistema de combate estratégico y más elementos de rol, incluido un sistema de puntos de experiencia (EXP), hechizos mágicos y más interacción con personajes no jugadores (NPC). Link tiene vidas extra; ningún otro juego de la serie incluye esta característica.
Cocoto - Kart Racer (Europe) (En,Fr,De,Es,It)	¡Cocoto ha vuelto para este nuevo desafío! El más amigable de los diablillos ahora tiene un kart bien equilibrado y numerosos poderes a su disposición. ¡Juega a Cocoto y sus amigos en carreras diabólicas! Elige entre 12 personajes y sus locos karts. Compite con hasta cuatro jugadores en dos modos de juego: Campeonato y Carrera simple. ¡Derrota a tus oponentes con muchos ataques devastadores en 15 pistas!
Cocoto - Platform Jumper (Europe) (En,Fr,De,Es,It)	El juego ve a los jugadores controlando a Cocoto, un pequeño diablo rojo, a través de varios niveles en espiral.
Codename - Kids Next Door - Operation S.O.D.A. (USA)	Con la aprobación unánime de la Ley de Control de Refrescos por el Senado de Adultos Completamente Imparcial Que No Quiere Niños, la edad para beber refrescos se elevó a 13 años o más. Ahora puedes unirte a los Kids Next Door mientras luchan por el derecho de los niños a beber refrescos. Basado en la serie animada de Cartoon Network, este juego te permite controlar a los cinco operativos del Kids Next Door, cada uno con habilidades únicas. Durante tu aventura, podrás usar objetos comunes para crear armas y vehículos para tu equipo.
Colin McRae Rally 2.0 (USA) (En,Fr,De)	Colin McRae Rally 2.0 es un juego de Rally / Offroad Racing. Este segundo juego de Colin McRae presenta el Ford Focus WRC de 1999, el Ford Focus RS WRC de 2000, Mitsubishi Lancer EVO VI Gr.A, Subaru Impreza WRC2000, Peugeot 206 WRC, Toyota Corolla WRC y SEAT CÃ³rdoba WRC, entre otros coches. . Los países incluidos son Kenia (grava y asfalto), Finlandia (grava y barro), Reino Unido (asfalto, barro y grava), Suecia (nieve y hielo), Australia (grava suelta), Japón (1 etapa en modo desafío, Tarmac and Mud), Francia (Córcega) (asfalto), Grecia (grava rugosa) e Italia (asfalto). El coche que apareció en la portada del juego fue el Ford Focus WRC 2000 de McRae (V3 FMC).
Columns Crown (USA)	Princess Dazzle ha buscado por todas partes las Gemas Mágicas que faltan en la Corona de las Columnas. ¡Debes ayudarla a recuperarlos de una banda de Forest Thieves superando todos los acertijos para desbloquear las gemas ocultas! ¿Puedes coleccionarlos todos y completar la corona? Frenética acción multijugador llena de devastadores movimientos especiales. Recoge gemas mágicas para desatar espectaculares ataques elementales. Nuevos modos Survival, Versus y Flash Columns.
Combat Choro Q - Advance Daisakusen (Japan)	Los videojuegos Choro Q son una serie basada en los autos de juguete Choro Q de Takara (también conocidos como Penny Racers en mercados de habla inglesa). Los juegos han sido localizados para su lanzamiento en Occidente bajo varios nombres, incluidos Gadget Racers, Penny Racers y Road Trip.
Combo Pack - Sonic Advance + Sonic Pinball Party (USA) (En,Ja,Fr,De,Es+En,Ja,Fr,De,Es,It)	Tu puedes jugar dos juegos portatiles de Sonic en un solo bundle con Sonic Advance y Sonic Pinball Party Combo Pack. Sonic Adventures es un Sonic de estilo clasico en 2-D de plataformas. Puedes jugar con uno de los cuatro personajes y recolectar las Chaos Emeralds y tratar de frustrar al malvado Eggman. Sonic Pinball Party es un juego de pinball con tematica de Sonic con una gran cantidad de minijuegos y soporte para multijugador con Cable Link.
Comix Zone (Europe) (En,Fr,De,Es,It)	¡El primer comic realmente interactivo! Unos extraños acontecimientos han dejado a Sketch atrapado en las páginas de su comic pos-apocalíptico, y ahora el lápiz está en las manos de su creación más malvada: Mortus. Atraviesa las páginas y salta por encima de las viñetas mientras luchas contra las masas mutantes para escapar de la Zona de Comix.
Contra Advance - The Alien Wars EX (USA)	En Contra Advance Alien Wars EX, derriba numerosas hordas de aliens, robots y monstruos para detener al malvado Red Falcon en su conquista del mundo. Con el rediseño de nuevos niveles y gráficos extraidos del éxito de Super Nintendo. La velocidad de los disparos y la acción de Contra te mantendrá alerta en el borde de tu asiento.
Corvette (USA) (En,Fr,De,Es,It)	Corvette te permite conducir distintos modelos de Corvette en carreteras abiertas o en supercircuitos. El juego incluye más de 120 modelos de producción, desde 1953 hasta 2003, además de autos de exhibición y de carrera. Elige tu coche, su color oficial y un conductor, y compite en pistas o en la Ruta 66 llena de obstáculos. Mejora el motor y la suspensión de tu vehículo para disfrutar de una física más realista. En el modo Heritage, puedes recorrer la historia del Corvette y probar cualquier modelo de producción.
Crash & Spyro Super Pack Volume 1 (Europe) (En,Fr,De,Es,It,Nl)	Incluye los juegos «Crash Bandicoot 2 - N-Tranced» y «Spyro - Season of Ice» A los amigos de Crash les ha lavado el cerebro el malvado N-Trance... ¿podrá Crash traerlos de vuelta? Un malvado hechicero ha secuestrado a todas las hadas de los Reinos de los Dragones. De Spyro depende salvarlas.
Crash & Spyro Super Pack Volume 2 (Europe) (En,Fr,De,Es,It,Nl)	Incluye los juegos &quot;Crash - Nitro Kart&quot; y &quot;Spyro - Season of Flame&quot;. ¡A Crash le toca correr más rápido e ingeniárselas para vencer al malvado Emperador Velo en una competición intergaláctica! Alguien ha robado todas las luciérnagas de los Reinos Dragón, ¡y Spyro debe encontrarlas!
Crash & Spyro Superpack - Spyro - Season of Ice + Crash Bandicoot - The Huge Adventure (USA)	Crash Bandicoot: The Huge Adventure – Crash Bandicoot hace su primera aparición en Game Boy Advance en su quinta aventura contra su archienemigo, el Dr. Neo Cortex. Esta vez, Cortex ha encogido el mundo a un tamaño diminuto, y depende de Crash explorar 20 niveles llenos de criaturas y terrenos peligrosos para recolectar cristales que, con suerte, devolverán al mundo su tamaño normal. Spyro: Season of Ice – Spyro el dragón regresa para su primera aventura en Game Boy Advance. En esta ocasión, Grendor ha convertido a todas las hadas de los Reinos Dragón en bloques de hielo, enviando a su banda de guerreros Rhynoc para capturarlas y así calmar su dolor de cabeza. Solo el poder de fuego de Spyro, junto a Hunter y Sparx para ayudar, puede salvar a las hadas de un futuro helado asegurado.
Crash & Spyro Superpack - Spyro Orange - The Cortex Conspiracy + Crash Bandicoot Purple - Ripto's Rampage (USA)	Crash & Spyro Superpack es un paquete que contiene Crash Bandicoot Purple: Ripto's Rampage y Spyro Orange: The Cortex Conspiracy. Salió a la venta en Europa con el nombre de Crash and Spyro Super Pack Volume 3.
Crash Bandicoot - The Huge Adventure (USA)	Cansado de batallar interminablemente con bandicoots entrometidos, el infame Dr. Neo Cortex encoge la Tierra entera, y Crash y Coco junto con ella, al tamaño de un fruto wumpa. Afortunadamente, Coco inventa una máquina para revertir los efectos, pero necesita cristales de todo el mundo para poder hacerlo. Crash debe recuperar los cristales para ayudar a devolver el planeta entero a su estado natural. Experimenta la mayor aventura de Crash hasta ahora, con modos de juego que van desde el desplazamiento lateral a niveles de persecución en 3D hasta secuencias de combate aéreo estilo &quot;dogfight&quot;. Ábrete camino a través de más de 20 enormes niveles y seis escenarios únicos para derrotar a Cortex y salvar el mundo.
Crash Bandicoot 2 - N-Tranced (USA)	En la profundidad del hiperespacio, Uka Uka se queja de la incompetencia del Doctor Neo Cortex y de como falló estrepitosamente en su intento de reducir la Tierra. Con la confianza de Uka Uka ahora puesta en el Doctor N. Tropy para la tarea de ayudarle en su dominación universal, Tropy ve el futuro como paso de su nuevo plan. Él se ve de pie entre los bandicoots y concluye que para que los bandicoots dejen de frustrar sus planes, la solución es tenerlos de su lado. Para ello, recluta a N. Trance, maestro del hipnotismo. Mientras tanto, en la isla N. Sanity, Crash duerme mientras sus hermanos, Crunch y Coco, son abducidos por un extraño vórtice. Aku Aku alerta a Crash de la situación y le pide que le traiga un Cristal de poder para que pueda ver que está pasando. Pero cuando lo hace, Crash empieza a ser succionado por otro vórtice. Mientras Aku Aku intenta rescatar a Crash, usa el poder del Cristal y descubre que N. Tropy está detrás de todo.
Crash Bandicoot Purple - Ripto's Rampage (USA)	En Crash Bandicoot Purple: Ripto's Rampage y Spyro Orange: The Cortex Conspiracy, Dr. Neo Cortex, el némesis de Crash, y Ripto, el némesis de Spyro, se han encontrado accidentalmente a través de portales subterráneos y están decididos a apoderarse de todo el universo. Crash y Spyro deben unirse para descubrir la identidad de la nueva amenaza y salvar al universo de esta trama malvada. En estas aventuras de desplazamiento lateral, puedes conectarte con tres amigos para una variedad de modos multijugador, incluidos Juegos de fiesta, Juegos de apuestas e Intercambio de cartas. Conectar Crash Bandicoot Purple y Spyro Orange te da la opción de desbloquear contenido especial y te permite intercambiar y apostar las cartas con amigos.
Crash Nitro Kart (USA)	Este videojuego continua tiempo después de que Nitrous Oxide haya sido derrotado por el personaje que el jugador usó en Crash Team Racing, después Nitrous Oxide decidió aliarse con el emperador de su planeta, con el que la historia de esta entrega transcurre, después de la alianza de Oxide, la historia gira en torno al emperador del planeta de Nitrous Oxide, es decir, Velo XXVII el cual desafía a los terrícolas a una carrera de karts, el cual se ha declarado el corredor más rápido de toda la galaxia. Al traer a Crash y sus amigos al coliseo espacial exige a nuestros personajes que se enfrenten entre sí (en equipos) para hallar a un equipo que pueda desafiarlo. Finalmente añade que si un equipo gana, los devolverá a la tierra, pero que si él gana se apoderará de la Tierra y la destruirá. Así todos se incorporan a una batalla en contra de Velo y los clásicos rivales del juego tradicional pueden ser seleccionados.
Crash of the Titans (USA) (En,Fr)	Crash y sus amigos descansan mientras Coco termina un invento, pero Cortex aparece, secuestra a Coco y a Aku-Aku y congela a Crunch. Crash salva a Aku-Aku usando el invento y, junto a él, recorre la isla derrotando criaturas para rescatar a su hermana. Llegan a un templo y descubren que Cortex y Uka-Uka están robando el Mojo Mágico. Crash enfrenta a Cortex y lo derrota, pero Uka-Uka se lleva a Coco y todo el Mojo, mientras Cortex huye.
Crash Superpack - Crash Bandicoot 2 - N-Tranced + Crash Nitro Kart (USA)	Una recopilación de los juegos Crash Bandicoot 2: N-Trance y Crash Nitro Kart en un solo cartucho.
Crayon Shin-chan - Arashi o Yobu Cinemaland no Daibouken! (Japan)	¡Hey, que no metemos de cabeza en el mundo de mis pelis! ¡Se acaba de inaugurar el parque temático &quot;Kasukabe Cineland&quot;, un lugar lleno de magia y aventuras! La familia de Shinnosuke al completo. Los Nohara, deciden ir al nuevo centro a divertirse; allí pueden disfrutar de varias atracciones y experimentar el mundo del cine. Lo que no se esperan es que detrás de todo esto se está cociendo una conspiración... ¡Va a empezar una aventura llena de amor, risas y tonterí­as! ¡He aquí­ un juego de acción y diversión que puedes disfrutar las veces que quieras!! ¡Hey que también puedes jugar a minijuegos! ¡Acción familiar y con disfraces!¡Pasa las diferentes fases poniéndote varios trajes! ¡Las películas de Shin-chan convertidas en juego!¡Se recrean finalmente varias escenas memorables!
Crayon Shin-chan - Densetsu o Yobu Omake no Miyako Shockgaan! (Japan)	El juego se ambienta en el capítulo especial de la serie (con el mismo nombre que el videojuego). Durante el juego, Shin chan se encontrará otra vez en un siniestro parque de atracciones llamado Shock Gahn, donde tendrá que salir de él con ayuda de su familia y amigos, dispondrá de unos disfraces que le añadirán unas habilidades para cada nivel. El juego fue únicamente lanzado en Japón y España.
Crazy Chase (USA)	Remake del juego de plataformas homónimo de Super Nintendo. El juego se nos presenta en una vista isométrica en la que nuestro protagonista correrá por sí mismo y nuestra misión será ayudarle a superar los diferentes obstáculos saltando o guiándole de izquierda a derecha. El objetivo del juego es llegar al final del nivel antes de que el villano haga explotar cada una de las bombas que instaló en cada fase, y para eso tenemos que dejar atrás las mechas ardientes. Pero además tenemos que coger ciertos objetos para que nos den permiso para pasar a la siguiente fase.
Crazy Frog Racer (Europe) (En,Fr,De,Nl)	Este juego de carreras se basa en la licencia de Crazy Frog, un personaje utilizado en la comercialización de un tono de llamada, diseñado originalmente por Erik Wernquist. La versión de GBA se licencia por separado, y solo los personajes recuerdan el mundo de Crazy Frog. La música típica y los fragmentos de sonido no están presentes. Solo está disponible un jugador y no hay historia en absoluto. Los principales modos de juego son Grand Prix, dos modos basados en puntos de control (solo o contra oponentes) y Last Man Standing, donde el último cae después de cada vuelta. Grand Prix consta de tres clases basadas en diferentes velocidades, con tres tazas cada una y una taza extra. Los controles permiten acelerar, frenar, usar elementos para obstaculizar a tus oponentes (minas, clavos, guantes de boxeo ...), y hay un botón para desplazarte por las esquinas. Los tiempos récord se pueden guardar en la RAM respaldada por batería.
Crazy Taxi - Catch a Ride (USA)	Corre contra el reloj mientras recoges a los pasajeros y avanzas por calles concurridas y callejones. ¡Y el tiempo es dinero! Así que agarre el volante y pise el pedal a fondo.
Creatures (Europe) (En,Es,It)	Con Creatures descubrirás el fascinante universo de la Inteligencia Artificial. En realidad, la vida virtual en Creatures se crea teniendo en cuenta los datos de investigación científica más recientes, ¡por primera vez en una consola de videojuegos! Los atributos y características de las Nornas se transmiten de generación en generación, como en la vida real. De esta forma podrás criar Norns cada vez más inteligentes (o estúpidos), amistosos (agresivos), curiosos (indiferentes), etc, según tus preferencias personales. Notarás que, de hecho, no puedes protegerlos de todo el daño que les espera. Pero cuanto más lo consigas, más orgulloso estarás de cada Norn que acompañes hasta la vejez. ¡Que seas bendecido con una gran cantidad de descendientes inteligentes!
Croket! - Yume no Banker Survival! (Japan)	El tema es el cómic &quot;¡Croqueta!. ¿Algún deseo se hará realidad? Podrás hacer realidad cualquier deseo. El juego está basado en el cómic &quot;¡Croqueta! Si usas el cable de comunicación, también podrás jugar contra tus amigos.
Croket! 2 - Yami no Bank to Banqueen (Japan)	En este juego de acción, Croquette debe rescatar a Menchi y Worcester, secuestrados por un misterioso enemigo durante su aventura, y frustrar los planes de Shishkaboo. Para ello, deberás desarrollar a cada personaje a través de combates en equipo.
Croket! 3 - Granu Oukoku no Nazo (Japan)	La historia se desarrolla en el paraíso tropical de la Isla Paprika. Guiados por el misterioso guerrero Sirloin, Croquette y sus amigos participan activamente para impedir el resurgimiento del antiguo rey demonio. El juego incorpora el concepto de tiempo, con eventos distintos que ocurren de día y de noche.
Croket! 4 - Bank no Mori no Mamorigami (Japan)	Una vez más, la historia es completamente original y se desarrolla en el Bosque del Banco. Se han incorporado combates aéreos en el modo batalla, el patrón del terreno se ha ampliado al mundo y la personalización de los búnkeres ha evolucionado, permitiendo mayor libertad para crear y mejorar tu propio búnker. También aparecen personajes originales en el juego.
Croket! Great - Toki no Boukensha (Japan)	Explora el presente, el pasado y el futuro con la ayuda de tus búnkeres. Durante las batallas, puedes mover libremente a tus croquettes para atacar, defenderte y usar movimientos especiales en combate.
Cross Town Heroes (USA)	En Matchbox Cross Town Heroes, los jugadores más jóvenes podrán tomar el volante de populares vehículos Matchbox como el Fire Crusher o el Rescue Net Police Car a lo largo de tres extensos mundos.Los jugadores podrán conducir y explorar increíbles entornos interactivos en busca de nuevas emergencias.Cada vez que se visite un mundo, la ubicación de las misiones de emergencia será diferente, lo que permite una diversión infinita.Cada mundo también incluye minijuegos y rompecabezas extra, junto con más de 50 personajes, animales y criaturas diferentes.Al completar las misiones de emergencia, los jugadores recibirán medallas de héroe, que les permitirán desbloquear nuevos vehículos y obtener certificados imprimibles de logros heroicos.
Crouching Tiger, Hidden Dragon (USA) (En,Fr,Es)	La versión para GBA del juego, basada en la película del mismo nombre, se transforma en un beat-em-up lateral en 2D. Controlas a la joven ladrona Jen. A diferencia de las versiones de consola, solo hay un personaje jugable, y deberás enfrentarte a rostros conocidos como Li Mu Bai, Yu Shu Lien y Dark Cloud Lo. Los 25 niveles están basados en los escenarios de la película. Jen porta la espada Green Destiny y puede realizar ataques básicos en tierra y aire, así como movimientos más espectaculares como doble salto en el aire o patadas voladoras. También puede trepar empujándose de las paredes. Al derrotar enemigos, se llena un medidor de chi que permite ejecutar movimientos especiales, y el chi también puede usarse para curar estados alterados como envenenamiento o aturdimiento.
Cruis'n Velocity (USA, Europe)	Toma control de uno de los diez vehículos de alta potencia y corre a través de 14 pistas ubicadas en diferentes partes del mundo incluyendo Las Vegas, Paris e incluso Marte! Corre para ganar la Cruis'n Cup o una gama de diferentes campeonatos, o corre contra 3 amigos en el modo de 4 jugadores.
Crushed Baseball (USA)	Crushed Baseball 2004 ofrece estadios de béisbol originales e interactivos donde los jugadores pueden ganar habilidades especiales llamadas &quot;Mojo&quot; al realizar acciones específicas, como romper una ventana o tocar un gong. Permite personalizar la hora del día, el clima y el tipo de césped, y es el primer juego de béisbol con cinco jugadoras jugables y 10 mascotas de equipo únicas, como un carnero, un águila y un oso.
CT Special Forces (USA) (En,Fr,De,Es,It,Nl)	CT Special Forces es un shooter de plataformas lateral similar a Metal Slug. Controlas a un operativo antiterrorista en misiones globales para detener terroristas y capturar a sus líderes. Disparas con B, saltas con A y puedes lanzar granadas con R. El juego incluye armas seleccionables, munición y salud repartidas por los niveles, así como enemigos y minas de proximidad. También cuenta con herramientas como cuerda de agarre y esposas para arrestar enemigos.
CT Special Forces 2 - Back in the Trenches (USA) (En,Fr,De,Es,It,Nl)	A pesar de sus últimos fracasos, la unidad de Fuerzas Especiales de CT está llamada una vez más para difundir el aumento de la actividad terrorista en todo el mundo. Armado con armamento y equipo de alta tecnología, debes frustrar los planes de los grupos terroristas y garantizar la paz en varias regiones del mundo. Tendrás acceso a una variedad de vehículos y armas, que incluyen escopetas, bazucas, rifles de francotirador y más. CT Special Forces 2 te permite demostrar tus habilidades de combate en una variedad de modos para un jugador y multijugador.
CT Special Forces 3 - Bioterror (Europe) (En,Fr,De,Es,It,Nl)	Fuerzas Especiales de Intervención es un juego de acción donde controlas a soldados de élite encargados de detener organizaciones terroristas y amenazas biológicas que alteran el ADN humano. Los jugadores enfrentan enemigos cada vez más difíciles, combatiendo en tierra y bajo el agua con vehículos, armas avanzadas y habilidades de buceo. Con 20 niveles llenos de acción, el juego combina estrategia y combate intenso, ideal para fanáticos de los shooters patrióticos.
Cubix - Robots for Everyone - Clash 'N Bash (USA)	Algo extraño está ocurriendo en Ciudad Burbuja. Los robots se están volviendo locos por culpa del Solex, la sustancia que da poder a todos los robots. Debes encontrar a cada uno de los robots rotos antes de que lo haga el malvado Dr. K y golpee a los robots malos, ¡especialmente al temible y poderoso Kolossal!
Curious George (USA)	Conoce e interactúa con tus personajes favoritos de la película en este juego de aventuras basado en el largometraje animado de Universal Pictures e Imagine Entertainment, Curious George (Jorge el Curioso).Cuando el Hombre del Sombrero Amarillo viaja a África en busca de un artefacto perdido, regresa con una sorpresa inesperada: un pequeño y curioso mono llamado George.Guía a George mientras corre, salta, trepa y se balancea a lo largo de una gran variedad de niveles repletos de aventuras, desde la jungla hasta la Gran Ciudad, donde su naturaleza alegre y traviesa le gana nuevos amigos y lo mete en toda clase de enredos.Haz travesuras mientras ayudas a George y a sus amigos a descubrir el objeto especial capaz de salvar al museo de la demolición.Además, el juego incluye un montón de contenido extra y minijuegos desafiantes que mantendrán a los jugadores entretenidos mucho después de completar la historia principal.
Custom Robo GX (Japan)	La última entrega de la serie &quot;Custom Robo&quot;. Personaliza tu robot e intenta ganar el torneo. Se han añadido nuevas piezas que te permiten equipar solo una acción especial, como placar.
Cyberdrive Zoids - Kijuu no Senshi Hyuu (Japan)	Cyberdrive Zoids: Kijuu no Senshi Hyuu es un juego de rol y acción lanzado en Japón el 18 de julio de 2003 para Game Boy Advance. Desarrollado por Amedio y publicado por Tomy, el título se ambienta en el universo de los Zoids, criaturas mecánicas con forma de animales. Los jugadores asumen el papel de un piloto de Zoid que, junto a sus compañeros, combate contra fuerzas malignas que amenazan su mundo.
Dai-mahjong. (Japan)	Hay cuatro modos de juego, incluyendo un juego de el ganador se lo lleva todo, una liga por las fichas doradas, un juego libre y un juego por telecomunicación. Además, también puedes jugar minijuegos al coleccionar las fichas doradas.
Daisenryaku for Game Boy Advance (Japan)	La última entrega de la serie &quot;Grand Strategy&quot;. Conviértete en comandante y controla tus unidades para aniquilar al ejército enemigo. Usa el Mobile Adapter GB para descargar nuevos mapas y armas.
Daisuki Teddy (Japan)	Vistes a un oso de peluche y emprendes una aventura con él. La edición especial incluía un peluche del oso en el paquete.
Dan Doh!! Tobase Shouri no Smile Shot (Japan)	Usa el medidor para determinar tu potencia y puntos de carne, y dispara para alcanzar la victoria en cada torneo. También hay un modo en el que puedes convertirte en Aoba Ballistic y enfrentarte a tus rivales.
Dan Doh!! Xi (Japan)	Está basado en el cómic del mismo nombre. El juego cuenta con cinco modos, incluido un modo historia y otro en el que debes cumplir una cuota en un recorrido específico bajo ciertas condiciones, entre otros.
Dancing Sword - Senkou (Japan)	La característica principal de este arcade es que solo incluye personajes femeninos —cinco en total— y ningún hombre. El jugador puede elegir entre tres modos: Nuevo juego, Supervivencia o Entrenamiento, y luego controlar a una heroína que lucha contra zombis, guardianes, duendes y otros monstruos. En el camino hay trampas, como desprendimientos de rocas desde arriba, que ponen a prueba la reacción y la agilidad mental del jugador.El juego destaca por su excelente animación de niveles y enemigos, junto con una protagonista bien detallada, creada mediante superposición de cuadros. La heroína puede realizar ataques especiales, como saltar sobre los enemigos para golpearlos por la espalda, ejecutar combos con su arma y patadas, y usar magia de fuego, hielo y rayo, que inflige el máximo daño.A pesar de sus defectos, este beat 'em up resulta entretenido y destaca gracias al trabajo artístico y visual de sus creadores.
Danny Phantom - The Ultimate Enemy (USA)	¡El futuro está en peligro! ¡Depende de Danny salvar a sus amigos y familiares de la fuerza más peligrosa que se pueda imaginar! Usa todos los poderes paranormales de Danny, incluidos volar, atravesar paredes y disparar rayos fantasmales. Transfórmate en Danny Phantom. Lucha contra los fantasmas enemigos. Libera superpoderes fantasmas.
Danny Phantom - Urban Jungle (USA)	Un poderoso eco-fantasma ha convertido Amity Park en una verdadera jungla urbana. Danny Phantom deberá abrirse paso entre espinas retorcidas y una vegetación monstruosa, y dominar un nuevo poder de congelación para derrotar a este malvado enemigo.Surca mundos fantasmales en 3D, enfrentándote a nuevos enemigos en una frenética acción de disparos. Viaja a la Zona Fantasma para aprender el nuevo poder de congelación de Danny.Enfréntate al nuevo villano Undergrowth, que intenta transformar Amity Park en una pesadilla de plantas y enredaderas. Pilota el Fenton Flier y utiliza las nuevas invenciones del laboratorio Fenton junto a Danny.
Daredevil (USA, Europe)	¡Sé el &quot;Hombre sin miedo!&quot;, Daredevil junto con su fiel bullyclub mientras escala Nueva York en su interminable deber de proteger y servir. Sé Daredevil mientras se enfrenta a los villanos y señores del crimen de Nueva York como Kingpin, Elektra, Bullseye y Sewer King. Un radar en pantalla activará tus otros 4 sentidos súper agudos mientras luchas contra criminales. Este juego es solo para Game Boy Advance.
Darius R (Japan) (En)	Darius R es una nueva versión japonesa del Darius original para GBA. Te coloca en la cabina del Silverhawk una vez más para derrotar a las fuerzas de los peces intergalácticos que amenazan a la galaxia en la tarifa estándar de disparos espaciales de desplazamiento lateral. Las características destacadas incluyen el uso del clásico esquema de selección de niveles de Darius que permite que el juego se ramifique en diferentes etapas y, por lo tanto, ofrezca una serie de finales diferentes según el camino que tome. Único para este remake de GBA es la capacidad de jugar cada etapa individualmente (una vez que la desbloqueas en la campaña principal) en un modo de selección de nivel.
Dark Arena (USA, Europe)	Eres el líder de operaciones especiales, y depende de ti encontrar la salida de una situación pegajosa - un laboratorio de genética ha sido invadido por monstruos de todas las formas y tamaños. Haciendo uso de tu arsenal de armas y trajes avanzados, deberás atravesar el complejo, destruyendo las malvadas creaciones y poner a salvo el laboratorio, y el resto del mundo, de la destrucción total. Este juego de disparos en 1ra. persona combina muchos elementos bien conocidos de anteriores juegos del mismo género. Existe opción de multijugador deathmatch de hasta 4 jugadores.
Dark Empire (Japan) (Proto)	Dark Empire fue un RPG inédito en desarrollo para Game Boy Advance por Marvelous Entertainment. El proyecto se mantuvo desconocido hasta que, en junio de 2009, apareció un prototipo en subasta en eBay. Según la descripción del artículo, el juego estaba solo al 30% completado, aunque ya contaba con gráficos notables para la consola, incluyendo un mapa mundial, un castillo y una aldea explorables. El texto interno estaba en japonés, y los desarrolladores usaron fotografías reales como marcadores de posición para los retratos de los personajes —entre ellas una imagen de Mel Gibson en Braveheart— mientras los diseños finales aún no estaban listos.Se cree que su jugabilidad habría seguido el estilo de un RPG o SRPG tradicional, posiblemente con escenas en 3D para los combates, algo inusual en la GBA. En conjunto, Dark Empire parece haber sido un ambicioso experimento técnico y narrativo que lamentablemente nunca llegó a completarse.
Dave Mirra Freestyle BMX 2 (USA)	Dave Mirra regresa junto con otros 14 ciclistas profesionales incluyendo Ryan Nyquist, Mike Laird y Collin Mackay. Se ofrecen 8 niveles, con un total de 1500 trucos para dominar. Puedes crear tu propio circuito BMX gracias al modo editor de circuitos. Y mientras tu intentas dominar los trucos, puedes escuchar a la banda de sonido presentando a Ozzy Osbourne, The Cult, Methods of Mayhem, Godsmack y Rage Against the Machine (en todas las versiones menos en la de Game Boy Advance).
Dave Mirra Freestyle BMX 3 (USA, Europe)	Los profesionales del BMX salen a jugar con la GBA en esta versión exclusiva de la serie de dos ruedas. Elige entre los mejores pilotos de todo el mundo, o crea tu propio piloto de BMX, y llévalos por una colección de pistas en un intento de convertirte en el mejor piloto de todos. Los retos van desde la simple obtención de una determinada cantidad de puntos haciendo trucos, recoger objetos escondidos por el nivel o derribar ciertos objetos para desencadenar eventos, hasta la recogida de dinero para premios que se puede gastar en mejorar las estadísticas de tus jugadores, así como en comprar mejores motos y nuevos equipos.
David Beckham Soccer (USA) (En,Es)	Compite en competiciones eliminatorias y de la Liga de Campeones de Europa, o como cualquiera de los 200 equipos con jugadores con licencia completa en una temporada de liga. También puedes controlar hasta 32 equipos en el modo eliminatorio y entrenar con el propio Beckham para aprender los conceptos básicos del juego. Jugado desde una perspectiva aérea, todas las opciones que esperarías de un juego de fútbol están disponibles, desde formaciones de jugadores hasta sustituciones y más.
Davis Cup (USA) (En,Fr,De,Es,It)	Coupe Davis Tennis es un juego de deportes para Gameboy Advance en el que tendrás la oportunidad de participar, de forma realista, en el famoso torneo de la Copa Davis . Entra en una batalla entre leyendas del tenis. Con 142 naciones luchando por poseer el Trofeo de Plata, ¡la mayor guerra del mundo del tenis está a punto de comenzar! Juega en el torneo de la Copa Davis o desafía a tus amigos a feroces partidos multijugador 2 contra 2. Gana puntos de experiencia para tu equipo y enfréntate a tus amigos en el modo multijugador. Domina tu juego en tierra batida, moqueta y hierba.
Dead to Rights (USA)	Dead to Rights es un juego de acción (acción y aventura) desarrollado por Robot Entertainment y distribuido por Namco para GBA. La fecha de lanzamiento de este videojuego es el 10 de diciembre de 2004.
Deal or No Deal (USA)	Deal or No Deal es un videojuego basado en el programa de televisión Deal or No Deal.¡Juega el juego que enganchó a la nación! ¡Hermosas modelos, una misteriosa banquera y, por supuesto, Howie! Las reglas son simples. Elige un maletín y luego juega un juego de nervios con el infame Banquero.
Defender (USA)	En Defender te enfrentas a una invasión alienígena pilotando naves listas para el combate. Atraviesa el sistema solar en más de 17 misiones llenas de acción, lucha contra peligrosos enemigos y protege a la humanidad. Usa la mejor estrategia para cada ocasión y potencia de fuego para repeler la amenaza y devolver la paz a la galaxia.
Defender of the Crown (USA)	Defender of the Crown te pone en el papel de uno de los cuatro caballeros sajones en la Inglaterra medieval, en una época en la que la tierra está en crisis cuando el rey ha muerto y su corona fue robada. Los sajones y los normandos se culpan mutuamente y luchan por el control de Inglaterra. Defender of the Crown es un juego de computadora de estrategia diseñado por Kellyn Beck. Fue el primer juego de Cinemaware y se lanzó originalmente para Commodore Amiga en 1986, estableciendo un nuevo estándar de calidad gráfica en los juegos de computadora domésticos.
DemiKids - Dark Version (USA)	El año es 200X. Jin, Akira y Lena son amigos de sexto grado que han crecido juntos y forman parte del “Mystery Club”, dedicado a investigar cosas extrañas y misteriosas. Mientras exploraban la biblioteca de la escuela, encuentran un libro misterioso con hechizos e invocaciones. Movidos por la curiosidad, deciden realizar un ritual de invocación, sin imaginar las consecuencias… Para su sorpresa, aparece un demonio malvado, y su única esperanza es Amy, una nueva estudiante peculiar que les otorga a Jin y Akira el poder de capturar y convocar demonios usando el Demiloc, un arma con forma de pistola. También reciben la ayuda de Rand y Gale, demonios guardianes enviados para protegerlos.
DemiKids - Light Version (USA)	El año es 200X. Jin, Akira y Lena son amigos de sexto grado que han crecido juntos y forman parte del “Mystery Club”, dedicado a investigar cosas misteriosas e interesantes. Mientras exploran la biblioteca de la escuela, encuentran un libro misterioso con hechizos e invocaciones. La curiosidad los impulsa a realizar un ritual de invocación, sin estar preparados para las consecuencias… Para su sorpresa, aparece un demonio malvado, y su única esperanza es Amy, una nueva estudiante peculiar que les otorga a Jin y Akira el poder de capturar y convocar demonios mediante el Demiloc, un arma con forma de pistola. También reciben la ayuda de Rand y Gale, demonios guardianes enviados para protegerlos.
Demon Driver - Time to Burn Rubber! (USA)	Compite en 32 pistas diferentes al volante de tu potente muscle car. Durante la carrera, puedes recoger potenciadores para mejorar tu vehículo y armas para obtener ventaja sobre tus rivales. Hasta 4 jugadores pueden conectarse para competir entre amigos.
Denki Blocks! (USA) (En,Es)	Denki Blocks! utiliza un único y sencillo juego de juguetes digitales para ofrecer una colección de &quot;juegos de rompecabezas&quot;. Denki Blocks! se juega deslizando bloques alrededor de un tablero. Cuando los bloques del mismo color se tocan, se pegan para formar grumos. A veces, el jugador tiene que unir todos los bloques del mismo color de cualquier forma posible. A veces hay que hacer formas específicas.
Densetsu no Stafy (Japan)	Al principio, Stafy estaba moviendo objetos en el Palacio Pufftop, hasta que tropezó y dejó caer algunas cosas. Una de ellas cayó al océano: el Frasco Mágico, un objeto que sella al malvado ser conocido como Ogura.
Densetsu no Stafy 2 (Japan)	Ahora Stafy está de regreso en el Palacio Pufftop, jugando con su amigo Moe. Ogura, encerrado dentro del Frasco Mágico, libera a sus hijos al cielo. Los hijos de Ogura provocan tormentas y terremotos que sacuden el palacio, haciendo que el Frasco Mágico se rompa y liberando a Ogura.
Densetsu no Stafy 3 (Japan)	Poco después de Densetsu no Stafy 2, todo estaba en calma y Stafy estaba feliz de nuevo, hasta que una nueva y fuerte tormenta sacudió el Palacio Pufftop. Esta vez, la tormenta es más intensa que las anteriores. Un rayo golpea el Frasco Mágico, lo destruye y Ogura queda libre nuevamente.
Derby Stallion Advance (Japan)	El jugador debe criar caballos que puedan ser entrenados para convertirse en campeones de carreras de pura sangre. Sin embargo, comienza con una cantidad limitada de dinero y debe vender los caballos a buen precio cuando ya sean demasiado viejos para competir.
Desert Strike Advance (USA)	Dirige un helicóptero de ataque Apache contra un tirano militar que busca la dominación global. Al completar una desafiante serie de misiones de alto riesgo, eliminarás objetivos militares clave, rescatarás rehenes y librarás al mundo de la amenaza en el desierto.
Dexter's Laboratory - Chess Challenge (USA)	¡El juego definitivo para el genio en ciernes! El laboratorio de Dexter: Chess Challenge lleva el humor y la brillantez de la popular caricatura al mundo antiguo del tablero de batalla y lo convierte en una experiencia completamente nueva. ¡Juega como Dexter, Dee Dee, Mandark o Major Glory y compara tu ingenio con tu oponente para determinar quién es el verdadero genio! Los movimientos ganadores son recompensados ​​con divertidas animaciones al estilo de la serie de dibujos animados. ¡Juega contra tus personajes favoritos o con amigos en el enlace multijugador! ¡El ajedrez es más divertido que nunca con el laboratorio de Dexter!
Dexter's Laboratory - Deesaster Strikes! (USA) (En,Fr,De,Es,It)	Dexter ha creado el invento definitivo, el clon-a-matic, pero su hermana mayor, Dee Dee, se ha entrometido de nuevo y se ha clonado a sí misma accidentalmente. Y no hay solo una de ella. El laboratorio de Dexter está plagado de mini-Dee Dee's empeñados en destruir los maravillosos experimentos de Dexter, ¡qué pesadilla! Depende de los jugadores ayudar a Dexter a atrapar a Dee Dee, poner su laboratorio a la normalidad y hacer que Dee Dee vuelva a ser ella misma antes de que mamá llame para cenar.
Di Gi Charat - DigiCommunication (Japan)	Te conviertes en el gerente de Gamers, encargándote de almacenar y vender productos y de administrar la tienda. También puedes enseñar palabras a los personajes e intercambiar tarjetas de presentación mediante un cable de comunicación.
Diadroids World - Evil Teikoku no Yabou (Japan)	Este RPG está basado en el popular juguete &quot;Daidroid&quot;. Al ganar batallas, puedes obtener &quot;bloques de diamante&quot;, que puedes acoplar a tu Daidroid para hacerlo más poderoso.
DigiCommunication Nyo - Datou! Black Gemagema Dan (Japan)	En este juego, los jugadores administran la tienda Gamers junto a Dejiko, Puchiko y otros empleados conocidos. Deben competir con tiendas rivales por la popularidad, usando cartas para atraer clientes.
Digimon - Battle Spirit (USA)	Este es un juego de lucha de plataformas basado en la serie manga / animé de Digimon. Puedes luchar contra la IA de la computadora o en el modo de dos jugadores. Hay siete digimons para elegir como personajes jugables; Todos son personajes populares de digimon de la serie original, cada uno asociado con un domador humano. Las batallas tienen lugar en un sistema de plataforma. Puedes moverte libremente, saltar y realizar una variedad de ataques cuerpo a cuerpo y de largo alcance. Los opositores también pueden infligirse enfermedades de estado entre sí. En cada lugar hay eventos aleatorios que influyen en el desempeño de los combatientes.
Digimon - Battle Spirit 2 (USA) (En,Fr,De,Es,It)	Digimon BattleSpirit 2 incluye toda la diversión de lucha clásica del Digimon BattleSpirit original con toneladas de nuevas y emocionantes características, Kerpymon ha creado el caos en otro maravilloso mundo digital, ¿Podrás vencer el poder de Kerpymon y restaurar la paz?
Digimon Racing (USA) (En,Fr,De,Es,It)	Los Digimon demuestran ser criaturas versátiles mientras se suben a los autos y compiten entre sí en este juego de carreras estilo kart. El tercer juego de Digimon para Game Boy Advance, Digimon Racing tiene todas las características que esperarías de un juego de carreras. Hay una buena variedad de pistas coloridas y alegres (15 en total, que incluyen una amplia variedad de temas como selvas, desiertos, calles concurridas de la ciudad, pistas de hielo y colinas cubiertas de grava), casi una docena de Digimon para elegir y desbloquear y varios modos de juego que van desde carreras de copa hasta contrarreloj. Un puñado de carreras de jefes completan la acción y suponen un desafío para los jugadores.
Dinotopia - The Timestone Pirates (USA, Europe) (En,Fr,De,Es,It,Nl)	¡Peligro! Dinosaurios furiosos están a punto de invadir. Piratas hambrientos buscan tesoros, y una antigua piedra de poder inimaginable está a punto de caer en las manos equivocadas. ¡Toma los cielos y prepárate para la batalla: solo tú puedes proteger el mundo especial de Dinotopia!
Disney Princess (USA, Europe)	Gracias a Disney Princess en Gameboy Advance puedes jugar como las más famosas princesas de Disney. A su lado, vives aventuras en niveles conocidos por todos y de los grandes clásicos de Disney.
Disney Princess - Royal Adventure (USA)	Juega como Blancanieves, Cenicienta, Ariel, Bella, Jazmín o la Bella Durmiente mientras buscas la mágica Tiara de la Amistad para asegurar un final feliz. Explora sus mundos, como el bosque encantado de Blancanieves, el castillo de Bella o la alfombra mágica de Aladino, interactuando con personajes clásicos de Disney como los siete enanitos, las hadas madrinas o el Genio, y enfrenta a diversos villanos. Cada uno de los seis mundos tiene 3 niveles, sumando más de 18 niveles de diversión, y hay un escenario de bonificación donde todas las princesas se reúnen.
Disney Sports - Basketball (USA)	¡Mickey y sus amigos están en la cancha! ¿Estás listo para algunas de las acciones de baloncesto de ritmo más rápido, de mayor vuelo y de golpes más duros que hayas visto? Disney Sports Basketball da vida a movimientos exagerados y ubicaciones originales mientras tus personajes favoritos de Disney salen a la cancha. Las características del juego incluyen acción 2 contra 2 en la cancha, 6 modos de juego que incluyen una gama completa de minijuegos y más de 25 elementos mágicos para mejorar el rendimiento.
Disney Sports - Football (USA)	Prepárate para los duros placajes y los salvajes touchdowns de Mickey, Goofy y otros personajes de Disney en el campo de juego. En Disney Sports Football, crearás un equipo y competirás en cuatro modos: Desafío, Copa, Exhibición y Práctica. Tendrás un montón de jugadas de carrera y pase, formaciones ofensivas y defensivas, y movimientos turbo que dominar, además de objetos mágicos para mejorar el rendimiento de tu equipo. En los modos individual o multijugador, te enfrentarás a una gran variedad de oponentes en fantásticos estadios.
Disney Sports - Motocross (USA)	¡Corre para convertirte en campeón de motocross! Únete a Mickey y sus amigos en la mayor acción sobre dos ruedas mientras acumulas puntos, recoges gemas y consigues piezas geniales para tu moto. •6 enormes circuitos •6 modos para desafiar a jugadores de todas las edades •Una gran variedad de trucos y acrobacias espectaculares •Modo multijugador para competir con tus amigos o intercambiar objetos
Disney Sports - Skateboarding (USA)	Alguna vez te has imaginado a Mickey Mouse y a la banda de Disney realizando skateboarding? No lo imagines más porque DISNEY SPORT SKATEBOARDING ha llegado. Armado con 8 niveles inmensos, una colección de tablas de skate, stickers, trajes y otras cosas cool cómo pulverizar las calles en el modo de un solo jugador o has un caos colectivo en modo multijugador
Disney Sports - Snowboarding (USA)	En Disney Sports Snowboarding, los jugadores deben llevar a uno de los seis personajes de Disney por una de las cinco pistas. Los personajes incluyen a Mickey, Minnie, Donald, Goofy, Pete y Chip & Dale, que comparten un solo tablero. Las pistas son bucles de vídeo en movimiento completo de la pista que pasa. El personaje está superpuesto sobre él y puede interactuar con la pista a través de rieles para moler y rampas para lanzar y hacer trucos. Hay varios objetivos diferentes, que van desde carreras hasta concursos de alta puntuación. Los personajes se dirigen con el botón del hombro y los botones frontales y el D-pad realizan trucos.
Disney Sports - Soccer (USA)	Konami lanzó Disney Sports Football, donde todas las estrellas de Disney se ponen el uniforme para divertirse con el fútbol americano. Juega en Game Boy Advance y disfruta de la acción cinco contra cinco en este juego arcade. Cada uno de los siete equipos tiene estadísticas únicas y un libro de jugadas propio para mantener a los rivales adivinando. No está pensado para los fanáticos extremos del fútbol americano, sino para jugadores más jóvenes que buscan un juego fácil de disfrutar.
Disney's Party (USA, Europe) (En,Fr,De,Es,It)	El tío Scrooge está a punto de abrir un nuevo parque temático, hasta que el Dr. Nickel llega a la escena, se hace cargo de los sistemas de energía y esparce el poder mágico por todo el parque. Para que se abra el parque, depende de Mickey, Minnie, Donald y Daisy encontrar los poderes mágicos y devolver el parque a la forma en que estaba. Para hacer esto, la pandilla debe completar varios juegos de fiesta mientras viaja por el tablero de juego. Los jugadores se turnan para colocar los dados y mover su personaje. Ciertas partes del tablero abrirán minijuegos, que deben completarse para seguir adelante, y el ganador es el que tiene más estrellas de poder mágico, que se obtienen al aterrizar en los espacios azules del tablero. Hay cuatro tablas, cada una con su propio tema basado en un paseo en un parque de atracciones. Hasta cuatro jugadores pueden jugar usando una sola consola, o jugar con cuatro consolas para desafiarse entre sí en una serie de minijuegos.
DK - King of Swing (USA)	El juego comienza durante el torneo “Jungle Jam&quot;, donde se está llevando a cabo un gran festival en la isla Donkey Kong. Durante el torneo las medallas son otorgadas como premios para diferentes concursos, como romper barriles y saltarlos, el ganador es nombrado “Héroe” de la isla. El rey K. Rool, por otra parte, intenta arruinar el torneo y roba todas las medallas antes que comience dicho torneo, proclamándose asimismo “Héroe de la jungla”. Donkey Kong manda al leader Kremling a buscar todas las medallas para restaurar la paz en la isla.
Dogz (USA)	Dogz en Gameboy Advance te aleja del concepto de cuidado de niños de animales y te encuentras directamente en los zapatos de un pequeño animal de cuatro patas para una aventura que parece un cuento de hadas. Encuentra el sombrero mágico que mantiene el orden en la tierra de los caninos y participa en minijuegos que están directamente integrados en la historia principal.
Dogz - Fashion (USA)	&quot;Dogz Fashion&quot;, los jugadores podran adoptar a un adorable cachorrito, vestirlo de todas las formas y modas y entrar a competiciones de moda.
Dogz 2 (USA)	¡Elige un amigo cachorro de un grupo de cachorros adorables y peludos en Dogz 2! Juntos, tú y tu nuevo y tierno compañero encontrarán un mundo en el que es divertido jugar, explorar y compartir. Viste a tu cachorro con ropa divertida para cachorros, juega durante horas con juguetes nuevos o busca sorpresas ocultas que puedan darle nuevas habilidades a tu cachorro. Personaliza el entorno de tu cachorro con artículos y juguetes, y desbloquea más regalos a medida que mejoras en el cuidado de tu nuevo mejor amigo.
Dokapon - Monster Hunter (USA)	Dokapon es un juego de rol profundo, de larga duración y completamente absorbente que tiene lugar en la isla de Dokkano, en la ciudad de Poponga, un lugar místico lleno de criaturas místicas. Tu objetivo es convertirte en un aventurero con licencia - para hacer esto debes pasar el examen de un aventurero completando una serie de misiones asignadas, y en el camino derrotar a todo tipo de monstruos en la batalla. Una vez golpeado, se puede recoger el monstruo y lo convierte en su &quot;compañero monstruo&quot;, y utilizarlo en futuras batallas para derrotar a los oponentes.
Dokidoki Cooking Series 1 - Komugi-chan no Happy Cake (Japan)	Obtén información, objetos y recetas en el pueblo y prepara un pastel. La parte de hacer el pastel se desarrolla en forma de cuestionario: si respondes correctamente, tu puntuación aumentará.
Dokidoki Cooking Series 2 - Gourmet Kitchen - Suteki na Obentou (Japan)	En Suteki na Obentou, los jugadores asumen el rol de un chef que debe preparar y organizar cajas de almuerzo (obentō) para satisfacer las preferencias de diversos clientes. El objetivo es combinar ingredientes de manera estratégica para crear combinaciones sabrosas y visualmente atractivas. El juego se desarrolla en un formato de estrategia por turnos, donde cada decisión influye en la satisfacción del cliente y en la progresión del juego.
Dokodemo Taikyoku - Yakuman Advance (Japan)	Dokodemo Taikyoku: Yakuman Advance es un juego de mahjong japonés desarrollado por ND Cube y publicado por Nintendo. Este título es una evolución del clásico Yakuman para Game Boy, ofreciendo una experiencia más rica y accesible para los jugadores. El objetivo principal es formar una mano ganadora, conocida como &quot;Yaku&quot;, utilizando las reglas tradicionales del mahjong japonés.
Domo-kun no Fushigi Television (Japan)	Es un juego de mahjong japonés para Game Boy Advance donde los jugadores forman manos ganadoras siguiendo las reglas tradicionales del mahjong. Permite competir contra oponentes controlados por la consola o con amigos, combinando estrategia y azar para lograr las manos más valiosas y raras.
Don-chan Puzzle - Hanabi de Doon! Advance (Japan)	Los tres carretes giratorios se pueden detener presionando con los ojos, haciendo que caigan bloques de bolas y chispas de fuegos artificiales. Conecta bolas y chispas del mismo color, vertical u horizontalmente, para lanzar los fuegos artificiales.
Donald Duck Advance (USA)	Busca en los confines del mundo para encontrar y derrotar a Merlock, rescatar a Daisy y aprovechar las esferas de energía necesarias para activar la máquina del tiempo de Gyro. * Evita que el más charlatán de todos los héroes pierda la calma y explote en un frenesí irrisorio * Domina el juego lleno de acción a través de 18 niveles trepidantes * Juega un juego que simula una caricatura con gráficos vívidos, personajes extravagantes y efectos de sonido extravagantes
Donkey Kong Country (USA)	King K. Rool ha robado el alijo de plátano de Donkey Kong, y Donkey Kong necesita tu ayuda para recuperarlos. En busca de K. Rool, la horda del Kremling impide tu progreso. Los Kremlings, criaturas parecidas a cocodrilos, incluyen Kritters (sucumben a un simple salto en la cabeza), Krushas (son prácticamente indestructibles) y otros. También hay otros enemigos que bloquean tu camino, como castores, serpientes, buitres. Liderándolos jefes cobardes, incluidos Very Gnawty, Necky, Bumble B y Dumb Drum, y todos bloquean el camino con su propia mezcla especial de villanía. Donkey Kong se une a Diddy Kong: estos dos primates difieren significativamente.
Donkey Kong Country 2 (USA)	La serie Donkey Kong Country regresa a Game Boy Advance en una secuela que presenta a Dixie Kong. Ella y Diddy Kong deben unirse para rescatar a Donkey Kong del malvado Kaptain K. Rool. Jugarás como Diddy y Dixie, y dominarás sus diferentes ataques. Pon a prueba tus habilidades y supera el reloj en Diddy's Dash, o compite contra tus amigos para ver quién es el más rápido. Puedes jugar solo o desafiar a tus amigos en nuevos juegos de bonificación como Funky's Flights y Bag a Bug.
Donkey Kong Country 3 (USA)	Vuelve a visitar Donkey Kong Island y únete a la familia Kong para su última aventura. Los Kremlings tienen un nuevo líder misterioso llamado KAOS y están a la altura de sus travesuras habituales, incluso capturando a Donkey Kong y Diddy Kong. Ahora le toca a Dixie Kong y al nuevo Kong, un bebé gigante llamado Kiddy, rescatar a los dos simios desaparecidos.
Doom (USA, Europe)	De los legendarios desarrolladores de juegos de id Software, llega un viaje explosivo al mundo de pesadilla de DOOM. Embárcate en una desgarradora misión para deshacerte de la base de la Luna Marciana de hordas de criaturas demoníacas. Navega a través de los 24 niveles de laberinto de DOOM, recorriendo los corredores en busca de áreas secretas y ayudas de combate mientras te enfrentas a demonios engendrados por el infierno con un arsenal explosivo de chainguns, rifles de plasma y lanzacohetes. Usa el cable Game Boy Advance Game Link® para formar equipo con un amigo y volar los niveles juntos o vincular hasta 4 jugadores para el último combate a muerte.
Doom II (USA)	En esta secuela del Doom original, interpretas al mismo héroe: el último marine espacial que queda. Después de haber salvado a Marte por sí solo de la amenaza demoníaca, regresa a la Tierra, solo para descubrir que los demonios ya la invadieron, mataron a todos sus habitantes o los convirtieron en demonios. Es tu tarea matar a todos los demonios y salvar la Tierra. Doom II se ve y juega de manera muy similar a su predecesor, utilizando el mismo motor gráfico 3D con sprites 2D para los enemigos. Una vez más, el juego consiste completamente en navegar al héroe desde la vista en primera persona a través de entornos 3D y disparar a los demonios mientras intenta encontrar la salida presionando interruptores y buscando llaves. A diferencia de Doom, que se divide en tres episodios, los 30 niveles de Doom II (más los 2 niveles secretos) forman un episodio largo. Tienes las mismas armas que en el primer Doom, más una nueva: una súper escopeta. También hay algunos nuevos demonios en esta secuela, como los tipos de armas pesadas sin cadenas, los esqueléticos Revenants que lanzan misiles autoguiados y los Arch-Viles que tienen un ataque de fuego altamente dañino. También hay un nuevo potenciador, una megaesfera que aumenta tu salud y armadura al máximo.
Dora the Explorer - Dora's World Adventure! (USA)	Prepárate para una aventura mundial con Dora la Exploradora. Dora necesita tu ayuda para colaborar con Swiper y devolver las pulseras de la amistad que robó, viajando por Francia, Tanzania, Rusia y China. Desde el Kilimanjaro hasta la Gran Muralla, acompaña a Dora en un recorrido lleno de exploración y diversión por todo el mundo.
Dora the Explorer - Super Spies (USA)	El maestro superespía Señor Tucán encarga a Dora y Botas una misión urgente: llegar al taller de Tico para avisarle de que Swiper quiere robar su nuevo coche. En esta peligrosa aventura necesitarán tu ayuda, además de la de Backpack y Map. Debes encontrar maletines con gadgets de espionaje (como gafas especiales, zapatillas o un lanzacuerdas) para superar niveles que van de la selva y un jardín hasta un desierto y una caverna.
Dora the Explorer - Super Star Adventures! (USA)	Dora se embarca en una nueva aventura y necesita la ayuda de todos sus amigos, incluidos los Exploradores estrella. Ayuda a Dora a completar diversos minijuegos. Conoce a todos tus personajes favoritos de los dibujos animados de Dora la Exploradora. Reúne estrellas, como la estrella disco, la estrella ruidosa y la estrella cambiante, para ayudarla a encontrar el camino correcto. No necesitas completar cada nivel para progresar.
Dora the Explorer - The Search for the Pirate Pig's Treasure (USA)	Pirate Pig ha perdido su tesoro, y solo Dora y Botas pueden recuperarlo. Contarán con la ayuda de Map, Backpack y, por supuesto, la tuya. La mochila guarda todo lo necesario para superar obstáculos divertidos y desafiantes, pero cuidado con Swiper, el astuto zorro que intentará robar los objetos clave para la aventura.
Dora the Explorer Double Pack (USA)	Este cartucho incluye dos juegos de Dora la Exploradora. En The Search for Pirate Pig's Treasure, Dora y Botas deben ayudar al Pirata Cerdo a recuperar su tesoro con la ayuda de Map, Mochila y del jugador. En Super Star Adventures!, acompañas a Dora, Botas y las Estrellas exploradoras en una competición de búsqueda de estrellas, paseos en barco, música y muchas actividades más.
Double Dragon Advance (USA)	Después de que una guerra nuclear global deja al mundo en ruinas, las pandillas emergen como la nueva élite al tomar el control de la ciudad. Los hermanos gemelos Jimmy y Billy Lee sobreviven al cataclísmico evento con sus habilidades de artes marciales intactas, pero la novia de Billy pronto es secuestrada por misteriosos matones. Ahora depende de ti guiar a ambos hermanos a través de diferentes etapas llenas de enemigos y personajes jefes. Ya sea que juegues solo o en cooperación con un amigo, debes dominar nuevas técnicas y armas para encontrar a la chica y derrotar a los malos.
Doubutsu-jima no Chobigurumi 2 - Tama-chan Monogatari (Japan)	En esta secuela de Doubutsu-Jima No Chobigurumi, un niño perdido queda varado en la Isla Animal. Al jugar minijuegos, hacer amistad con los animales y recolectar objetos, tendrá la oportunidad de escapar y regresar con su mamá.
Downforce (Europe) (En,Fr,De,Es,It)	Un grupo de pilotos y equipos se ha separado del Campeonato de Fórmula 1, después de haber sido retenido por las normas y reglamentos durante demasiado tiempo. Las carreras se han vuelto aburridas y los adelantamientos y las carreras puras han caído en picado. La nueva liga de carreras ha sido condenada por ser demasiado peligrosa y se le ha prohibido utilizar circuitos de todo el mundo. En su lugar, las carreras se celebran en las grandes ciudades y sus alrededores. Los coches utilizan toda la tecnología disponible hoy en día, para aumentar la velocidad y la carga aerodinámica. Con reglas menos estrictas, los equipos han trabajado en diferentes direcciones creando una gran variedad de supercoches mejorados.
Dr. Muto (Europe) (En,Fr,De,Es,It)	¡Eres el Dr. Muto, un científico loco maníaco y genio cuyo último experimento ha destruido accidentalmente su propio planeta natal (a excepción de su laboratorio)! El Dr. Muto usará su último invento, el Splizz Gun, para mutar y transformarse con cualquier organismo vivo con el fin de realizar tareas que ningún ser humano podría lograr por sí solo. Con solo tomar muestras de ADN, el médico podrá transformarse en una araña, un ratón, un gorila o cualquier criatura que considere adecuada para convertirse. Ahora debe usar sus diabólicos artilugios y su capacidad de transformación para robar materia orgánica de los planetas vecinos con el fin de reconstruir su mundo.
Dr. Seuss' The Cat in the Hat (USA)	Diviértete con esta peculiar aventura para GBA inspirada en la película, donde encarnas al Gato con Sombrero. Su baúl se ha abierto y la magia desatada ha puesto la casa patas arriba. Debes restaurar el orden antes de que la madre de Sally y Conrad regrese. Usa la sombrilla del Gato para realizar trucos como flotar o capturar criaturas a lo largo de más de veinte niveles llenos de humor y caos mágico.
Dr. Sudoku (USA)	Ese extraño juego basado en números que sigue viendo a la gente jugar en sus periódicos ha llegado a GameBoy Advance. Sudoku es un juego de acertijos lógicos en el que un cuadrado de 27x27 se rellena parcialmente con números y el objetivo del juego es rellenar los cuadrados en blanco para que cada columna, fila y cuadrado de 3x3 tenga un número de 1 a 9 introducido. ..sin repetir. Dr. Sudoku presenta 1,000 rompecabezas creados por el desarrollador líder de Sudoku, Skynet Corporation of Japan. Si eres nuevo en el juego, no temas: además de las pistas disponibles, Dr. Sudoku tiene un modo tutorial que te guiará a través del juego. También puede pedirle al médico que verifique si un acertijo realmente se puede resolver.
Dragon Ball - Advanced Adventure (USA)	Únete a Goku en su primera aventura épica mientras defiende la tierra del implacable Ejército de la Cinta Roja. Comienza su camino hacia el poder y ayuda a convertir a un chico común en el campeón definitivo.
Dragon Ball GT - Transformation (USA)	Dragon Ball GT: Transformation es un juego de acción para Game Boy Advance basado en el dibujo animado japonés Dragon Ball GT. La transformación sigue la línea argumental de Dragon Ball GT de la Saga del Niño Goku a la Saga del Bebé. Puedes crear tres equipos de personas a partir de siete personajes jugables como Goku, Trunks y Uub, y elegir a quién controlas en medio de una batalla.
Dragon Ball Z - Buu's Fury (USA)	Este juego tiene lugar después de Dragon Ball Z: The Legacy of Goku II. De ello se desprende de los acontecimientos de las Sagas de: El Gran saiyaman, 25° Torneo Mundial, Babidi, Majin Buu, Super Buu y Kid Buu y también sigue las escenas de las películas el Regreso de Broly y El Renacer de la Fusión.
Dragon Ball Z - Collectible Card Game (USA)	Juego para Game Boy Advance basado en el sistema de cartas físicas homónimo. Empiezas como uno de los cuatro personajes principales: Goku, Gohan, Garlic Jr. o Freezer, cada uno con su propio mazo de inicio. Lucharás a través de 4 rondas de oponentes de la serie Dragon Ball Z hasta encontrarte con el enemigo definitivo: Célula. Una vez terminado, desbloquearás uno de los personajes que derrotaste. La tarea principal del juego es desbloquear todos los personajes del juego.
Dragon Ball Z - Supersonic Warriors (USA)	¡Los super sayians chocan en Dragon Ball Z: Supersonic Warriors en GBA! Juega como uno de los trece personajes del juego para enfrentamientos terrestres y aéreos salpicados por ataques devastadores. Compite contra hasta dos amigos en torneos a través del cable de enlace de la consola.
Dragon Ball Z - Taiketsu (USA)	Héroes y villanos se encuentran en la última batalla de Dragon Ball. Dragon Ball Z Taiketsu te permite jugar como uno de los 15 grandes guerreros del universo DBZ, incluyendo el increíble Broly, en una lucha por la dominación mundial. Libera combos devastadores y super movimientos solo o contra amigos en grandes batallas multijugador. Puedes luchar en tierra o en el aire, pero vigila que no te pillen con la guardia baja.
Dragon Ball Z - The Legacy of Goku (USA)	Dragon Ball Z: The Legacy of Goku te lleva en un viaje increíble para proteger el universo del malvado Freezer de una vez por todas. El hijo de Goku ha sido secuestrado y depende de ti salvarlo. Vegeta, Krillin, Piccolo y King Kai son algunos de los personajes que encontrarás a lo largo de tu búsqueda. Necesitarás tus estrategias de combate cuerpo a cuerpo y ki para derrotar a tus enemigos. El futuro depende de su capacidad para usar sus explosiones de ki, erupción solar y ataques de kamehameha.
Dragon Ball Z - The Legacy of Goku II (USA)	Justo cuando los Z Fighters pensaban que la lucha contra el mal había terminado, se acerca un nuevo mal. En el próximo episodio de la búsqueda de Z Fighters para librar al universo del mal, asumirás el papel de Trunks, Goku, Gohan, Piccolo o Vegeta mientras viajan a través de Cell Saga y te preparas para la batalla con el poderoso Cell. él mismo. Con cinco personajes jugables, horas de juego y mapas de juego masivos para explorar, es una aventura DBZ de proporciones épicas.
Dragon Drive - World D Break (Japan)	Cría tu propio dragón y busca ganar el campeonato mundial. El tipo de dragón cambiará según cómo se distribuya la experiencia obtenida después de cada batalla.
Dragon Quest Characters - Torneko no Daibouken 3 Advance - Fushigi no Dungeon (Japan)	Explora una misteriosa mazmorra que cambia de forma cada vez que entras con Torneko y su hijo, Pororo. Incluye elementos que permiten explorar solo la mazmorra o entrenar monstruos.
Dragon Quest Monsters - Caravan Heart (Japan)	El protagonista es Kiefer que apareció originalmente en Dragon Warrior VII .En el décimo cumpleaños del príncipe Keifer, el príncipe estaba buscando una manera de causar un pequeño problema y se escapó del castillo de Gran Estard. Esto enfurece mucho a su padre, y cuando Keifer finalmente es capturado, se esconde en su habitación. Mientras se esconde en el armario, una figura enmascarada que se hace llamar La Maestra de las Ilusiones, Magarugi aparece y le dice a Keifer que si encuentra los Orbes de Loto , se le dará un deseo. Keifer es arrastrado al reino espiritual de Torland, el mundo de Dragon Quest II .Cuando llega por primera vez, se encuentra con una caravana con un líder débil, Luin. Luin también está buscando los Orbs para salvar a sus padres enfermos. Después de su primera batalla juntos, la Caravana le pide a Keifer que los dirija. Todos juntos, deben viajar por el mundo para encontrar la cura para los padres enfermos de Luin y permitir que Keifer regrese a la isla Estard.
Dragon Tales - Dragon Adventures (USA)	Nos vamos a Dragon Land con tus amigos favoritos de Dragon Tales. Desea en Dragon Scale y te llevarán rápidamente a Dragon Land. Luego elige tu aventura entre cinco historias diferentes llenas de diversión. ¡Mientras busca cupcakes, gemas y notas musicales de Dragon Berry, viajará a lugares mágicos como Puzzlewood en Crystal Caves! ¡Así que toma tu Dragon Scale y vámonos!
Dragon's Rock (Europe) (En,Fr,De,Es,It)	Los gemelos Julia y Julius están por tomar su prueba del Gran Dragón! Ellos pueden esperar un montón de tareas y aventuras a lo largo del camino.
Drake & Josh (USA) (En,Fr)	El videojuego de Drake & Josh sigue a dos hermanastros muy distintos en sus alocadas aventuras con el instituto, las chicas y su astuta hermana Megan. Interactúas con los personajes de la serie y afrontas distintos modos que combinan puzzles, sigilo, estrategia y acción, recreando el humor y las situaciones típicas del programa.
Drill Dozer (USA)	La banda de Skulker ha robado tu amado Diamante Rojo que una vez perteneció a tu difunta madre. Usando su Drill Dozer, debe guiar a su banda de ladrones compañeros, los Red Dozers, en una búsqueda para recuperar el Diamante Rojo. El juego consiste en navegar por varias áreas usando tu robot Drill Dozer para atravesar enemigos, paredes y casi cualquier otra cosa que se interponga en tu camino. El Drill Dozer en sí es una máquina polifacética capaz de trabajar bajo el agua y de tomar vuelo. También tiene la capacidad de cambiar el taladro a velocidades más altas para atravesar los obstáculos más difíciles. En el camino, actualizará su robot Drill Dozer con engranajes y complementos que lo ayudarán en su búsqueda.
Driv3r (USA)	En el juego tomas el papel de Tanner, el policía encubierto de los juegos anteriores de Driver, mientras se infiltra en un anillo de robo de autos de alto rendimiento en todo el mundo. Nada es demasiado peligroso ni demasiado arriesgado para Tanner, y podrá subirse a cualquier automóvil, camión o motocicleta y recorrer las calles de tres ciudades recreadas con más de 156 millas de carreteras, desde Miami, Niza y Estambul. en más de 25 misiones de historia. Reúnase con personajes de juegos de controladores anteriores, la historia sigue viva en esta entrega.
Driven (USA) (En,Fr,De,Es,It)	Driven es juego de carreras de F1 con vista superior qué combina aspectos realísticos del deporte con algunos elementos extravagantes inspirados en el film. En el modo historia del juego, tu asumes los roles alternantes de Joe Tanto y Jimmy Blu con la meta de completar 12 objetivos tomados de la película.
Driver 2 Advance (USA)	Ponte tras el volante y vuelve a las calles encarnando a Tanner, el conductor clandestino más rápido del mundo. Ha irrumpido una guerra internacional de bandas y tú estás atrapado en mitad del fuego cruzado. Experimenta todo este nuevo caos urbano mientras esquivas a gangsteres estadounidenses y brasileños.
Drome Racers (USA)	La tensión es alta mientras esperas la primera etapa del Campeonato de Drome. Has entrenado para la intensidad de las carreras de desafíos múltiples; cada carrera un conjunto perfecto de etapas, que mezclan pistas de entornos de ciudad, montaña y cañón realmente impresionantes. Ahora debes demostrar que estás preparado para ese desafío agotador. Con máquinas de carreras de alta tecnología basadas en autos nuevos de la gama de juguetes de construcción LEGO Racers 2002, Drome Racers es una experiencia de carreras como ninguna otra.
Droopy's Tennis Open (Europe) (En,Fr,De,Es,It,Nl)	DROOPY'S TENNIS OPEN para Game Boy Advance cuenta con un total de seis personajes, cada uno con sus propias características y atributos. El jugador puede elegir entre Droopy, Dripple, Butch, Bubbles, Vavoom, MC Wolf y Screwy Squirrel. Cada partida puede jugarse sobre un fondo que varía como una cárcel, el exterior de un salón del Viejo Oeste y el Polo Norte, con terrenos variados como hierba, arcilla y hielo. Las partidas pueden jugarse en modo de dos jugadores en un solo carro e incluso hasta cuatro jugadores con el apoyo de un cable de enlace de Game Boy Advance.
Dual Blades (USA)	Dual Blades es un juego de lucha lateral que se desarrolla en el año 150 A.C en medio del Imperio Hun. El mayor guerrero del mundo, Alperen ha ganado una energía increíble al fusionar su alma con Dual Blades, una misteriosa espada. La espada le da poderes más allá de las creencias y la inmortalidad. Todos los combatientes del pasado y del futuro son llamados a luchar por su inmortalidad o enfrentar la muerte. El juego cuenta con un elenco de 9 personajes únicos. Los gráficos de personajes son grandes y tienen lugar en arenas multi-scrolling coloridas. Hay características únicas en el motor, incluyendo combos, la sangre y los movimientos de muerte horrible. El modo de juego consiste en modos Arcade, Versus, Battle y Training. Dos jugadores pueden luchar a través del cable Game Link.
Duel Masters (Japan)	Simula el juego de cartas coleccionables del mismo nombre hasta la cuarta entrega, en el que los jugadores construyen un mazo de 40 cartas a partir de una selección de 301 cartas diferentes y se enfrentan entre sí para convertirse en el duelista más fuerte del juego.
Duel Masters - Kaijudo Showdown (USA)	Prepárate para competir en intensos torneos de batallas en este cartucho que cuenta con los personajes de la serie animada Duel Masters.Kaijudo Showdown te reta a construir tu propia baraja de lucha con hasta 300 cartas Duel Masters, con las cuales necesitarás vencer a tus enemigos. A medida que te enfrentas a tus oponentes, mejorarás tus habilidades y resolverás el misterio de los artefactos perdidos. Con el cable link además, podrás enfrentarte a tus amigos o intercambiar vuestras cartas.
Duel Masters - Sempai Legends (USA)	Los jugadores se registran como duelistas, construyen su mazo y administran sus cartas durante una gran aventura para un solo jugador, o desafían a sus amigos y comercian con ellos usando el cable de enlace. Aquí hay algunas características más que hacen que este juego sea tan único: - RPG con aventura exclusiva y cartas exclusivas especiales. - Juego simple, intuitivo y adictivo. - 180 cartas - Posibilidad de completar toda la colección de tarjetas DM y, a partir de ella, crear una baraja personalizada. - Viaja por el mundo de Duel Masters y desafía a muchos jugadores DM generados al azar. - Increíble animación de batalla y efectos especiales. - Desafía a poderosos duelistas en algunos torneos cruciales.
Duel Masters - Shadow of the Code (USA)	Tus habilidades son legendarias. Los fans te acosan por tu autógrafo y todos los dueños de las tiendas quieren patrocinarte. Pero pronto descubres que la fama no te lleva muy lejos en los rincones sombríos del Mundo de las Criaturas ...
Duel Masters 2 - Kirifuda Shoubu Ver. (Japan)	El personaje principal y la historia del título lanzado en marzo de 2004 han sido completamente rediseñados. Construye un mazo con las cartas que hayas conseguido y disfruta de batallas de cartas contra personajes rivales y amigos.
Duel Masters 3 (Japan)	Gana dinero participando en torneos y jugando contra tus amigos, luego compra cartas para construir tu mazo. El juego contiene 300 cartas de la serie “Touson-hen”, así como algunas cartas originales.
Duke Nukem Advance (USA)	Los científicos extraterrestres están trabajando para apoderarse de la Tierra y ya han ocupado la base militar secreta, el Área 51. Pero no saben que Duke Nukem está de vuelta, y viajará por todo el mundo, desde Egipto hasta Australia. , para asegurarse de eliminar a cada uno de estos bichos y recoger a algunas chicas mientras está en el tema. Hay 19 etapas por completar, cada una con sus propios secretos y tarjetas de colores, sin mencionar a los alienígenas desagradables. Algunas de las armas clásicas están de moda, el rayo retráctil y el congelador, por ejemplo. Y también hay algunos viejos villanos, como el Poli Cerdo favorito de todos los tiempos. Se pueden vincular hasta 4 GBA para el modo Deathmatch multijugador, pero cada jugador debe tener su propio gamepak.
Dungeons & Dragons - Eye of the Beholder (USA)	Un nuevo mal ha caído sobre la pacífica ciudad de Waterdeep. Se te ha pedido que descubras su origen y lo destruyas. Mientras te embarcas en una odisea épica con un grupo de intrépidos aventureros, deberás prepararte para enfrentarte a innumerables enemigos y obstáculos.
Dynasty Warriors Advance (USA)	Dynasty Warriors Advance trae el arte de la guerra a tu GBA. Ambientado en la antigua China alrededor del año 220 DC, este juego te ofrece la posibilidad de elegir entre 13 diferentes oficiales y aliarte con una de las tres más grandes dinastías de todos los tiempos. Aproxímate a tus enemigos en el campo de batalla a través de movimientos basados en la estrategia por turnos, y lucha después en tiempo real en más de 180 niveles, usando hasta 100 armas diferentes.
E.T. - The Extra-Terrestrial (USA)	Revive los mejores momentos de la película clásica, E.T. El extraterrestre en este título de GBA. Busque las partes del transmisor y júntelas para que E.T. puede contactar a su mundo natal (también conocido como &quot;Teléfono a casa&quot;) y luego evadir a la policía, el FBI y los científicos para llegar al lugar de aterrizaje de las naves espaciales. Juega como E.T. y Elliott en entornos totalmente interactivos, niveles de juego basados en escenas clave de la película (como el contacto con el hogar, la persecución en bicicleta y más).
Earthworm Jim (USA, Europe)	La malvada, hinchada, purulenta, sudorosa, llena de pus y mal formada reina Slug for a Butt, ordena al profesor Cabeza de Mono la creación de un traje que la permita ser tan bella como lo es su hermana &quot;Cuál es su nombre&quot;.4​ Sin embargo, el traje es robado y accidentalmente cae en el planeta Tierra encima de un gusano de tierra llamado Jim. Dentro del traje, el gusano sufre una metamorfosis y se transforma en un superhéroe capaz de derrotar a los, hasta ahora, sus mayores enemigos los cuervos. Este traje está siendo buscado por Psy-Crow, un cazarrecompensas enviado por la reina Slug. Este descubre el lugar donde ha caído el traje y llama a la Reina para informarla que está a punto de recuperarlo. Oculto tras un árbol, Jim se entera del propósito de la Reina respecto al traje y de la inusual belleza de la princesa &quot;Cuál es su nombre&quot;. Ansiando conocerla, Jim se monta en su cohete y comienza la búsqueda de la princesa antes de que Psy-Crow pueda encontrale
Earthworm Jim 2 (USA)	Una lombriz de tierra común y corriente llamada Jim sigue con su vida diaria normal, evitando a los cuervos y haciendo otras cosas similares a las de los gusanos. Jim se ve repentinamente sorprendido por un super-traje cibernético muy grande de ultra alta tecnología indestructible. Por pura suerte, Jim descansa a salvo en el collar del traje. De repente, las partículas espaciales de ultra alta tecnología del traje comienzan a interactuar con la suave carne de Jim. Se produce una evolución radical a la velocidad de la luz. Jim pronto se da cuenta de que tiene el control del traje. La jugabilidad es similar a la del primer juego, con Jim saltando y corriendo por los niveles. Hay 5 armas más que el juego original para coleccionar. Aparecen personajes como Princess Whats-Her-Name y Psy-Crow.
Ecks vs Sever (USA) (En,Fr,De,Es,It)	Ecks vs. Sever es uno de los primeros shooter en primera persona que aparecen en Game Boy Advance. El juego cuenta la historia de Ecks, un ex agente del FBI cuyas órdenes son cazar al asesino Sever. A medida que avanza la caza del gato y el ratón, ambos agentes descubrirán que son meros peones en una conspiración gubernamental más grande.
Ed, Edd n Eddy - Jawbreakers! (USA)	Ed, Edd n Eddy: Jawbreakers es un videojuego lanzado el 25 de marzo de 2003 por Cartoon Network Interactive, basado en el popular dibujo animado de televisión Ed, Edd n Eddy para la Game Boy Advance. Fue desarrollado por Climax Group y BAM! Entertainment. El juego refleja la búsqueda televisiva de Ed, Edd (Double Dee) y Eddy para conseguir dinero para comprar jawbreakers.
Ed, Edd n Eddy - The Mis-Edventures (USA) (En,Fr)	Ed, Edd n Eddy: The Mis-Edventures es un juego de plataformas en 3D en el que los protagonistas Ed, Edd y Eddy son personajes jugables. Los jugadores pueden usarlos en formaciones especiales de equipos de etiqueta como la &quot;(inclinada-) Tower-of-Eddy&quot; (como Eddy), &quot;Trampol-Edd&quot; (como Edd) y &quot;Batter-Ed (-Ram)&quot; (como Ed ) para completar ocho niveles, conocidos como estafas. Las armas y habilidades normales de los Eds incluyen a Ed levantando objetos pesados y aplastando su cabeza, Edd usando una honda para golpear objetivos distantes y golpeando con su regla a corta distancia, y Eddy usando la bomba fétida El Mongo para aturdir a los enemigos, junto con el uso de su billetera atada a una cadena como un yo-yo.
Egg Mania (USA) (En,Fr,Es)	Como constructor de Eggo, tu trabajo es ordenar y organizar piezas de lanzadas desde el aire para ensamblar plataformas que gradualmente forman una torre sobre un océano en constante aumento. Debido a que el agua se filtra rápidamente a través de pisos incompletos, es vital construir plataformas completas para frenar el aumento del agua. El objetivo es alcanzar el globo que se encuentra alto en el cielo, sin embargo, para complicar las cosas, los enemigos que derriban torres y ladrones merodean por las profundidades y se remontan a los cielos, buscando formas de ahogar tu espíritu, así que ¡trabaja rápido!
Elemix! (Japan)	Elemix! es un juego de aventura, desarrollado y publicado por SIMS, lanzado en Japón en 2003.
Elevator Action - Old & New (Japan)	Un relanzamiento de la acción original de Elevator (el &quot;original&quot;) con una versión adicional creada específicamente para el GBA (el &quot;nuevo&quot;). Elevator Action le convierte en un súper espía con la misión de recopilar documentos secretos de un edificio enemigo y escapar ileso. Se juega desde una vista lateral sin desplazamiento, tienes que dirigir a tu agente a cada oficina para recoger los documentos y evitar a los guardias enemigos y sus armas. Puedes ir de piso en piso controlando los muchos ascensores que llenan el edificio, así como disparar a tus enemigos o accesorios de iluminación en cada piso para darte una ventaja mientras tus enemigos tropiezan en la oscuridad. Las nuevas características de la versión mejorada están renovadas con gráficos divertidos, múltiples personajes seleccionables (cada uno con diferentes habilidades y ataques), una barra de salud y niveles extendidos con más desafíos y nuevos enemigos como robots y zombies. Pero por lo demás se juega igual que el original.
Elf - The Movie (USA) (En,Fr,De,Es,It)	Buddy, un humano criado por elfos en el Polo Norte, viaja a Nueva York con treinta años para encontrar a su verdadero padre y descubrir dónde encaja. Acompáñalo mientras cruza icebergs, esquiva el tráfico de Manhattan y supera diez misiones inspiradas en la película. Tu objetivo es ayudar a Papá Noel y asegurar que la Navidad pueda salvarse.
Elf Bowling 1 & 2 (USA)	Elf Bowling 1: Ponte tus mejores zapatos de bolos y haz brillar tu bola navideña. Es hora de salvar la Navidad de estos pequeños duendes codiciosos. ¡Ayuda a Papá Noel y enséñale a estos elfos el verdadero significado de la palabra «strike»! Elf Bowling 2: Los elfos risueños vuelven con Papá Noel, pero hay un nuevo giro cuando el hermano de Papá Noel, Dingle Kringle, se une a Papá Noel y a los elfos en un crucero rumbo a una aventura isleña. Participa en un frenético torneo de juego de bolos.
Enchanted - Once Upon Andalasia (USA) (En,Fr)	Sumérgete en el juego oficial basado en la película animada de Disney. La historia sigue a la princesa Giselle, expulsada por una reina malvada de su mágico y musical reino animado, que acaba en la dura realidad del Manhattan actual. Desconcertada por un mundo que no funciona con finales felices, Giselle deberá abrirse camino en un entorno caótico que necesita desesperadamente un toque de encanto.
Eragon (USA)	Eragon para Game Boy Advance es un juego de rol tradicional por turnos con un sistema de combate que enfatiza el movimiento y la acción. Los jugadores usan combinaciones de hechizos, ataques cuerpo a cuerpo y ataques a distancia para luchar contra úrgalos, ladrones, soldados y otros enemigos. Este es un juego de rol donde la estrategia de combate juega un papel clave en el éxito. Los jugadores pueden hacer uso de la mecánica de los juegos de rol para crear pociones ofensivas y defensivas, crear mejores armaduras y armas, aprender hechizos ofensivos y defensivos o convertirse en rastreadores que pueden encontrar encuentros ocultos. Este diseño fomenta la experimentación, abre muchas posibilidades estratégicas y permite mucha rejugabilidad. El jugador asume el papel de Eragon, un joven con un origen misterioso y un futuro importante, en su peligroso viaje para vengar a su padre, rescatar a la mujer de sus sueños y unir fuerzas con los vardenos en su guerra contra el rey Galbatorix. En esta aventura, Eragon se encuentra con muchos aliados; Brom, la vieja contadora de cuentos, Ayra, la elfa guardiana del huevo de dragón, Murtagh, el huérfano con un pasado turbulento, Angela, una bruja herbolaria y un poderoso dragón que ayudará a descubrir el verdadero destino de Eragon.
ESPN Final Round Golf 2002 (USA)	ESPN Final Round Golf 2002 es un simulador de golf para Game Boy Advance. Elige entre 14 golfistas, compite a través de 5 campos de golf. Podrás tener un experiencia realista gracias a las condiciones del tiempo en el campo de golf, por ejemplo, influirá el viendo, la lluvia e incluso el sol en un perfecto día soleado. El juego tiene modo multijugador para 4 jugadores.
ESPN Great Outdoor Games - Bass 2002 (USA)	ESPN Great Outdoor Games: Bass Fishing ofrece gráficos nítidos, sonido claro y un control preciso. En el modo libre puedes pescar en más de 30 estanques y lagos, mientras que en el modo torneo compites por capturar los cinco peces más grandes entre varias especies. Elige entre 15 señuelos, controla la potencia del lanzamiento y ajusta el sedal según la profundidad, la temperatura y la hora del día. Todo acompañado por una banda sonora natural y relajante.
ESPN International Winter Sports 2002 (USA)	Enfréntate al mundo en 10 eventos diferentes. Compite en dos modalidades de salto de esquí (K = 90 y K = 120), esquí alpino alpino, esquí freestlye Moguls, Short Track 500 (patinaje), patinaje artístico, snowboard G Slalom, snowboard Halfpipe, biatlón y Luge. Puedes competir en las pruebas de cada evento, la competencia de los 10 eventos o en modo emocionante. Prueba las medallas de cada evento. Vea si puede llegar primero en todos los eventos y luego intente batir sus propios récords. Los eventos requieren presionar los botones rápidamente para acelerar, presionar los botones en el orden correcto en el momento adecuado para hacer trucos y girar. El evento de patinaje artístico es muy parecido a la serie de juegos Dance Dance.
ESPN Winter X-Games Snowboarding 2002 (USA)	El juego de snowboard más auténtico regresa con ESPN Winter X Games Snowboarding 2, que ofrece más acción y diversión arcade. Compite por la medalla de oro en cuatro eventos oficiales de los Winter X Games o disfruta del modo libre, donde puedes recorrer cualquier zona y ejecutar grandes saltos y trucos en raíles retorcidos todo lo que quieras.
ESPN X-Games Skateboarding (USA)	ESPN X-Games los jugadores aumentan sus atributos a través del medidor X-Rage, donde los jugadores llenan el medidor realizando trucos, que luego harán que aparezca una moneda en el halfpipe. Después de que el jugador agarra la moneda, vuelan más alto en el aire y los jugadores deben realizar un combo de 10 trucos. Si el jugador logra esto con éxito, las gemas caerán sobre el medio tubo, que los jugadores pueden recoger. Si los jugadores agarran suficientes gemas de un color en particular, el patinador con el que está jugando el jugador tendrá sus atributos elevados en una sección específica
European Super League (Europe) (En,Fr,De,Es,It)	Con 16 patrocinios de equipos y estadios con licencia completa, la Superliga europea reúne el talento de muchos equipos en Europa para crear un &quot;Campeonato de la Superliga de Europa&quot;. CARACTERÍSTICAS DEL PRODUCTO: 1. Entradas de clubes como AC Milán, Bayern de Múnich, Marsella, Liverpool, Chelsea y Paris Saint Germain 2. Los estadios se modelan según especificaciones de la vida real 3. La interfaz de control cuando se juega en modo principiante se limita a combinaciones simples de botones, lo que permite que un recién llegado juegue el juego más fácilmente; Para el jugador avanzado, el modo alternativo, aunque más complejo y exigente, les dará un mejor control sobre el juego. 4. Auténticos cánticos de multitudes
everGirl (USA)	Basado en una marca dirigida al público femenino preadolescente, este juego de acción y aventura ofrece numerosas actividades adaptadas a la personalidad de cada jugadora. Permite personalizar el personaje para practicar deportes, diseñar moda, crear música o incluso emprender, ofreciendo una experiencia variada y centrada en la creatividad.
Extreme Ghostbusters - Code Ecto-1 (USA)	En un intento por apoderarse del mundo, las poderosas fuerzas ectoplásmicas recientemente liberadas, lideradas por el Conde Mercharior mitad humano y mitad demonio, han secuestrado a dos miembros clave del equipo Extreme Ghostbusters. Sin perder un segundo, Eduardo y Kylie se suben a la famosa ambulancia Ecto-1 y corren al rescate ... Juega como Eduardo y Kylie mientras descubres las pistas del secuestro, enfréntate al malvado Conde Mercharior y devuelve a tus compañeros de equipo, Roland. y Garrett, ¡a un lugar seguro! Características: ¡Todo el universo y los personajes de la conocida serie animada en una nueva aventura! ¡Doce emocionantes niveles de plataforma a través de cuatro mundos gigantes! ¡Cuatro emocionantes carreras de autos por las concurridas calles de la ciudad de Nueva York!
Extreme Skate Adventure (USA, Europe)	Los personajes de Disney salen de las películas y se suben a las patinetas en Disney's Extreme Skate Adventure. Puedes jugar con tus personajes favoritos de Disney y Pixar, como Buzz Lightyear y Woody de Toy Story 2, Simba y Rafiki de El Rey León, y el joven Tarzán y Terk de Tarzán. Ahora puedes patinar, hacer trucos y resolver acertijos en todos los lugares emocionantes que has visto en las películas, incluyendo Pride Rock, la Casa del Árbol en la Jungla y Pizza Planet.
Eyeshield 21 - DevilBats DevilDays (Japan)	Este juego está basado en Eyeshield 21, un serie de anime (y manga) acerca de un chico llamado Sena quién tiene un sorprendente talento para correr, y es intimidado para ingresar al equipo de football americano de su colegio, convirtiéndose en el legendario running back &quot;Eyeshield 21&quot;, el héroe de Notre Dame. Es un juego de textos y minijuegos.
EZ-Talk - Shokyuu Hen 1 (Japan)	La primera versión independiente de software para aprender inglés en la GBA. Utiliza un sistema tipo RPG en el que se recopilan palabras en inglés como elementos. Además, permite un estudio auditivo completo mediante la reproducción de audio, algo revolucionario para una consola portátil. Puedes aprender inglés correctamente con la pronunciación fiable de hablantes nativos.
EZ-Talk - Shokyuu Hen 2 (Japan)	El primer software independiente para aprender inglés en GBA. Utiliza un sistema tipo RPG en el que las palabras en inglés se recogen como objetos. Además, ofrece comprensión auditiva auténtica mediante reproducción de audio, lo que fue revolucionario para una consola portátil, permitiendo a los usuarios aprender inglés correctamente con la pronunciación real de hablantes nativos.
EZ-Talk - Shokyuu Hen 4 (Japan)	El primer software independiente para aprender inglés en GBA. Usa un sistema tipo RPG en el que las palabras en inglés se recogen como objetos. Además, ofrece comprensión auditiva auténtica mediante reproducción de audio, lo que fue revolucionario para una consola portátil, permitiendo a los usuarios aprender inglés correctamente con la pronunciación real de hablantes nativos.
F-14 Tomcat (USA, Europe)	F-14 Tomcat, uno de los títulos de lanzamiento de Majesco para Game Boy Advance (junto con Boxing Fever e Iridion 3D), es básicamente una adaptación del juego para SNES de 1994 de Absolute Entertainment, Turn and Burn: No-Fly Zone. El contenido del juego es exactamente el mismo, pero cuenta con un modo multijugador entre otros sistemas (si tienen una copia del juego y el cable Link de GBA, por supuesto) y un argumento totalmente nuevo: el jugador controla a un piloto de F-14 elegido por el gobierno estadounidense para ser asignado en el teatro de operaciones de una guerra entre las repúblicas de China y Taiwán para proteger los &quot;intereses&quot; de Estados Unidos en la región. El juego incluye, además del ya mencionado modo multijugador, un modo de práctica de aterrizaje, como el Turn and Burn. Posteriormente se implementó en los dos siguientes simuladores de vuelo de Majesco para GBA, Super Hornet F/A-18F de 2004 y F24 Stealth Fighter de 2007, que reutilizaron el motor de este juego, con la opción de seleccionar entre un portaaviones de aterrizaje o una pista de aterrizaje.
F-Zero - Climax (Japan)	F-Zero Climax es la sexta entrega de la serie F-Zero y la tercera que se lanzará para Game Boy Advance. Este es el primer juego de F-Zero que tiene un editor de pistas incorporado sin la necesidad de una expansión o complemento. Las pistas personalizadas se pueden guardar en una de las treinta ranuras para uso futuro y se pueden intercambiar con otros jugadores a través de un cable de enlace. Si la memoria se llena o no se puede conectar el cable de enlace, el juego puede generar una contraseña para la pista; cuando se ingresa en cualquier cartucho F-Zero Climax, la contraseña generará la pista instantáneamente.
F-Zero - GP Legend (USA)	El año es 2201 d.C., y estás a punto de entrar en el mundo de las carreras de ultra-alta velocidad del Gran Premio F-ZERO, que tienen lugar en circuitos especialmente construidos para ello y que se encuentran por todo el universo. Toma el control de ocho personajes diferentes -incluyendo al misterioso Capitán Falcon, la nueva estrella de las carreras Rick Wheeler y el malvado señor Sombra Negra- mientras corres a través de una historia llena de acción que abarca ¡múltiples planetas!
F-Zero - Maximum Velocity (USA, Europe)	¡Todos los límites galácticos de velocidad están a punto de ser destrozados! F-Zero Maximum Velocity ha llegado y el futuro de las carreras se encuentra en su momento más dulce. Nuevos vehículos y nuevas melodías originales te esperan, así que tanto si eres un veterano de la Super Nintendo o un novato de las carreras, seguro que necesitarás unas cuántas vueltas de práctica. Además, aunque consigas dominar el Grand Prix, todavía tendrás que vencer a tus amigos, porque con el cable Game Boy Advance Link podrás competir con hasta tres rivales humanos. Pisa a fondo y prepárate a saltar, chocar y meter turbo en tu camino hacia la gloria intergaláctica.
F1 2002 (USA, Europe)	¡Todos los límites de velocidad galácticos están a punto de ser destruidos! La F-Zero Maximum Velocity ha llegado y el futuro de las carreras está en su apogeo. Te esperan vehículos nuevos y nueva música original, así que, tanto si eres un veterano de Super Nintendo como un novato en las carreras, seguro que necesitarás algunas vueltas de práctica. Además, incluso si logras dominar el Gran Premio, aún tendrás que vencer a tus amigos, porque con el cable Game Boy Advance Link puedes competir con hasta tres rivales humanos. Empieza a correr y prepárate para saltar, golpear y acelerar tu camino hacia la gloria intergaláctica.
F24 Stealth Fighter (USA)	Los informes de inteligencia indican que Irán planea realizar operaciones aéreas ofensivas dentro de la zona de exclusión aérea. Como piloto de un caza F24, tu misión es eliminar a las fuerzas enemigas, rescatar a líderes internacionales y garantizar la estabilidad diplomática en Oriente Medio, enfrentándote a situaciones de alto riesgo donde cada decisión puede cambiar el rumbo del conflicto.
Fairly OddParents!, The - Breakin' da Rules (USA)	Una vez más, los padres de Timmy Turner se van de vacaciones y lo dejan con la malvada niñera Vicky. Cuando intenta pedir un deseo, Cosmo y Wanda le explican que va contra Las Reglas. Frustrado, Timmy desea no tener que seguirlas y Cosmo destruye el libro. Vicky lo obtiene y usa su poder para mantener a Timmy dormido. Acusados en el Tribunal de Hadas, Jorgen les da 49 horas para recuperar las páginas perdidas a lo largo de diez niveles. En GBA, Anti‑Cosmo intenta robar el libro y Vicky es derrotada al final para restaurar la paz.
Fairly OddParents!, The - Clash with the Anti-World (USA)	Cosmo, Wanda y Timmy Turner se embarcan en una nueva y disparatada aventura enfrentándose a su enemigo, el señor Crocker, y a los malvados anti‑hadas que han invadido Dimmsdale. En el día más desafortunado del año, el viernes 13, Timmy y sus Padrinos Mágicos deben usar ingenio y deseos para derrotar a los anti‑hadas y frustrar el plan de Crocker de conquistar el mundo.
Fairly OddParents!, The - Enter the Cleft (USA)	El jugador controla a Timmy, que entra en el mundo de su superhéroe de cómic favorito, Barbilla Carmesí. Cuando descubre que ha sido secuestrado, solo su ayudante, (Timmy disfrazado) puede salvarlo. En este juego de acción de desplazamiento lateral debes derrotar enemigos y superar obstáculos a lo largo de 20 fases. Cosmo y Wanda aparecen para ayudar, proporcionando objetos esenciales para avanzar y vencer a los secuestradores.
Fairly OddParents!, The - Shadow Showdown (USA)	Cuando la televisión se estropea justo al empezar el final de temporada de Crash Nebula, Timmy Turner pide ayuda a sus Padrinos Mágicos. Al descubrir que han perdido sus poderes, pronto averiguan que el responsable es The Shadow. Timmy deberá enfrentarse a esta nueva amenaza mientras intenta recuperar la magia y evitar que el caos se apodere de su mundo.
Famicom Mini - Kidou Senshi Z Gundam - Hot Scramble (Japan) (Promo)	Kido Senshi Z Gundam Hot Scramble Es un videojuego tipo de shoot'em up desarrollado por Game Studio y publicado por Bandai en 1986 en Nintendo Entertainment System . Es la tercera adaptación de videojuego de la serie basada en la franquicia Mobile Suit Gundam (primera en consola). La historia está inspirada más específicamente en el anime Mobile Suit Zeta Gundam.
Famicom Mini 10 - Star Soldier (Japan) (En)	Starbrain, una supercomputadora gigante programada para la destrucción, amenaza al Imperio Galáctico. Como hábil y experimentado soldado espacial, debes pilotar el Caesar hasta la estación espacial ocupada por Starbrain. La estación está fuertemente custodiada por naves enemigas y extrañas criaturas robóticas. A lo largo del camino encontrarás diferentes armas para potenciar el Caesar y aumentar las probabilidades de éxito. Star Soldier es un shooter arcade de desplazamiento vertical para un jugador.
Famicom Mini 12 - Clu Clu Land (Japan)	¿Eres lo suficientemente inteligente como para desentrañar el misterio de Clu Clu Land? El malvado Sea Urchin ha escondido todo el oro de Clu Clu Land en un laberinto subterráneo misterioso. Todo depende de tí para encontrar el oro antes de que acabe el tiempo! Pero ten cuidado. El erizo de mar va a hacer todo lo posible para detenerte. Él va a colocar trampas para engañarte, al igual que te invita a su casa, donde te comerá vivo! O te hará rebotar contra la trampa de goma y aterrizarás sobre su espalda! Pero puedes controlar al erizo de mar atrudiéndole con ondas de choque eléctrico, y averiguar dónde está escondido el oro y pasar a una emocionante ronda de bonus.
Famicom Mini 13 - Balloon Fight (Japan)	El jugador controla a un personaje llamado Balloon Fighter que vuela gracias a dos globos atados a su espalda. El objetivo de cada nivel es derrotar a todos los enemigos en pantalla, haciendo que los globos de éstos exploten. Una vez que explotan, caerán a tierra y es aquí donde se les debe pisar para vencerlos de forma definitiva, ya que de lo contrario hincharán otro globo para permanecer en la pantalla. Si, por el contrario, son los enemigos los que explotan uno de nuestros globos, se ralentizará el movimiento de nuestro personaje. Si explotan ambos globos, el jugador pierde una vida en el juego. Este no es el único peligro que corre el jugador, ya que al planear cerca del agua, pueden surgir enemigos acuáticos que nos derroten automáticamente. Los niveles se van sucediendo de esta forma, y van apareciendo nuevos y más veloces enemigos.
Famicom Mini 14 - Wrecking Crew (Japan)	Wrecking Crew es un juego de acción y plataformas para uno o dos jugadores. Los jugadores controlan a Mario y Luigi, quienes deben demoler varios edificios. Después de destruir cada pared del edificio, los jugadores avanzan al siguiente edificio, más difícil. Muchos edificios incluyen elementos de acertijo; los jugadores deben encontrar el camino para alcanzar todas las paredes sin que los héroes queden atrapados en un callejón sin salida. Por los edificios deambulan criaturas peligrosas y el capataz de construcción, que intentarán impedir que Mario y Luigi completen su tarea. El juego cuenta con 100 niveles. Se incluye un set de construcción que permite a los jugadores crear y jugar sus propios edificios.
Famicom Mini 16 - Dig Dug (Japan)	En Dig Dug, libra una guerra subterránea con tu fiel arpón. Tendrás que derrotar al duro Pooka y al feroz Fygar para avanzar al siguiente nivel. Haz explotar a tus enemigos para que revienten o lánzales rocas. Conseguirás puntos por deshacerte de ellos o por recoger objetos de bonificación. Este juego clásico es a la vez un juego de acción arcade de la vieja escuela y un juego de estrategia. ¡Atrae a tus enemigos hacia donde quieras que estén y aplástalos con las rocas!
Famicom Mini 17 - Takahashi Meijin no Bouken-jima (Japan)	Acabas de enterarte de que la Princesa Leilani fue secuestrada por el Malvado Brujo y llevada a la Isla de la Aventura en el Pacífico Sur. Llegas a la isla sin armas ni comida. La isla está cubierta de selva tropical, montañas y cuevas. Ocultos en la isla se encuentran tu patineta, hacha, comida y otras herramientas útiles que debes encontrar explorando. Encuentra rápido las armas y la comida, porque las necesitarás para enfrentarte a las arañas, serpientes, murciélagos y demonios del Brujo. El Malvado Brujo ha colocado muchas trampas antes de que puedas enfrentarlo uno a uno. ¿Podrás sobrevivir en la Isla de la Aventura y salvar a la Princesa Leilani?
Famicom Mini 20 - Ganbare Goemon! - Karakuri Douchuu (Japan)	Reimpresión del software de NES. El protagonista, Goemon, un bandido justo, viaja en busca de enemigos para vencer al malvado daimyo. Los controles básicos son saltar y atacar con koban. Debe encontrar el objeto, un permiso de paso, para poder avanzar.
Famicom Mini 22 - Nazo no Murasame Jou (Japan)	The Mysterious Murasame Castle (謎の村雨城 Nazo no Murasame Jō) es un videojuego de aventuras de acción desarrollado y publicado por Nintendo para la Family Computer Disk System (FDS), que salió a la venta en abril de 1986. The Mysterious Murasame fue trasladado a Game Boy Advance el 10 de agosto de 2004 como parte de la Famicom Mini Series en Japón. El jugador asume el papel del protagonista principal un aprendiz de samurai llamado Takamaru. El objetivo es correr a través del Castillo de Murasame y los cuatro castillos vecinos, obtener las cuatro gemas de los señores del castillo y derrotar al principal antagonista Murasame. El jugador se mueve desde diferentes direcciones en una vista descendente sin desplazamiento lateral. El juego tiene sólo un número limitado de power-ups, lo que obliga a los jugadores a confiar en sus propias habilidades de acción más que cualquier otra cosa.
Famicom Mini 24 - Hikari Shinwa - Palthena no Kagami (Japan)	Reedición del software para Disk System. En esta aventura de acción, el ángel Bit rescata a Palutena, la diosa de la luz, de Medusa, la diosa de la oscuridad, y restaura la paz en Angel Land. La pantalla se desplaza verticalmente. Al finalizar el juego, Bit dice &quot;Yarare Chatta&quot;.
Famicom Mini 26 - Famicom Mukashibanashi - Shin Onigashima - Zen, Kouhen (Japan)	Aventura de texto con un tono entrañable basada en un cuento popular japonés conocido por todos. Hay dos personajes principales en el juego y, usando el comando &quot;Hito Kaeru&quot; para cambiar el personaje principal, se pueden jugar historias diferentes.
Famicom Mini 27 - Famicom Tantei Club - Kieta Koukeisha - Zen, Kouhen (Japan)	Reimpresión de la aventura para Disk System apodada &quot;Fami-Tan&quot;. El pueblo de Myojin, donde perdura una terrible leyenda. En este juego de aventura textual, los jugadores resuelven el misterio de una serie de asesinatos ocurridos por la herencia de una anciana en el pueblo. El protagonista, un joven detective, sufre de amnesia durante la historia.
Famicom Mini 28 - Famicom Tantei Club Part II - Ushiro ni Tatsu Shoujo - Zen, Kouhen (Japan)	La historia transcurre un poco antes de &quot;El heredero desaparecido&quot;. El chico que participó activamente en &quot;El sucesor desaparecido&quot; comienza a forjar su carrera como detective. El caso que lo inició todo se revela. Un horrible caso surge a partir de un chisme inocente que surge en la preparatoria Ushi-Mitsu, donde aparece el espíritu de una chica ensangrentada.
Famicom Mini 30 - SD Gundam World - Gachapon Senshi Scramble Wars (Japan)	Esta obra es el origen de SD Gundam. Puedes reunir fondos militares para fabricar Mobile Suits y conquistar ciudades enemigas en el mapa. Las batallas están llenas de acción, por lo que, dependiendo de la habilidad del jugador, la batalla entre trajes móviles puede cambiar las tornas.
Family Feud (USA)	Esta versión interactiva tiene todos los componentes clásicos que han hecho que el programa de juegos sea un éxito durante más de 3 décadas, desde las extravagantes preguntas de la encuesta hasta las rondas de Fast Money y, por supuesto, ¡cuenta con la voz y la semejanza de su presentador de juegos favorito!
Family Tennis Advance (Japan)	Family Tennis Advance admite de uno a cuatro jugadores a través de una conexión de cable. El juego presenta varios modos que se pueden seleccionar en el menú principal: nnPartido de exhibición: modo de partido úniconnTournament: participación en varios torneos que se vuelven disponibles gradualmente (Namco Open es el predeterminado one)nnChallenge: juega cuatro eventos aleatorios después de los cuales te califican y evalúasnnTraining: modo de práctica en el que puedes probar las bolas de servicio, las bolas de tiro, etc.
Famista Advance (Japan)	La primera versión de GBA de la serie Famista, que incluye datos de 2002. Esta versión permite crear tus propios jugadores originales, así como participar en un torneo de temporada abierta de un solo juego, una carrera por la bandera donde puedes elegir entre 12 equipos y un modo tablero Famista, donde se juegan partidas como en un tablero de béisbol.
Fancy Pocket (Japan)	Compra productos, colócalos en tu tienda y véndelos para gestionar tu negocio de accesorios. Incluso puedes crear tus propios accesorios originales combinando piezas.
Fantastic 4 (USA)	Basado en la película homónima de 2005, Fantastic Four te permite controlar al equipo de superhéroes conocido como los Cuatro Fantásticos. Cada personaje posee un conjunto único de habilidades que puedes usar y combinar en la caza del Doctor Doom. El juego incluye modos para un jugador, cooperativo y versus para dos jugadores.
Fantastic 4 - Flame On (USA)	¡Eres la Antorcha Humana! Libera tus poderes mientras te enfrentas a enemigos de todo el mundo en esta nueva aventura de Los Cuatro Fantásticos.
Fear Factor - Unleashed (USA)	El juego te sitúa dentro de la acción del famoso programa de televisión, con 12 pruebas estremecedoras que ponen a prueba tu equilibrio, tu resistencia y tus nervios. En el modo individual de Fear Factor: Unleashed compites contra cinco rivales en tres desafíos intensos para decidir al ganador. También puedes jugar modos personalizados o crear perfiles para seis amigos y enfrentaros en varios modos multijugador muy animados y divertidos.
FIFA Soccer 06 (USA, Europe) (En,Fr,De,Es,It,Nl)	EA Sports lleva a los jugadores de vuelta al campo con FIFA SOCCER 06 para Game Boy Advance. Con casi todos los equipos de fútbol existentes y cientos de jugadores, además de ajustes en el juego y varias nuevas incorporaciones. Los jugadores notarán primero los ligeros cambios en el control de sus equipos. Los controles de pase y regate se han ajustado, lo que permite a los jugadores controlar casi todos los aspectos del juego. Cada jugador tiene un índice de fuerza que entra en vigencia al pasar, al igual que la cantidad de peso que los jugadores ponen detrás del tiro.
FIFA Soccer 07 (USA, Europe) (En,Fr,De,Es)	Con FIFA 07 de GBA, descubre una versión más realista que las anteriores para un juego ligeramente más orientado a la simulación. Encontrarás seis ligas, 177 clubes, 37 equipos nacionales y todos los jugadores licenciados. Juega el modo carrera que te permitirá desarrollar un jugador a través de toda su carrera deportiva. Toda la diversión del fútbol a tu alcance.
FIFA Soccer 2003 (USA, Europe) (En,Fr,De,Es,It)	FIFA Football 2003, conocido como FIFA Soccer 2003 en Norteamérica, es un videojuego de fútbol de asociación producido por Electronic Arts y lanzado por EA Sports. Fue lanzado en 2002. FIFA 2003 es el décimo juego de la serie FIFA y el séptimo en ser producido en 3D. Se agregaron varias características nuevas para mejorar la versión anterior. El modo Campeonato de clubes se introdujo con la función de jugar contra 17 de los mejores clubes de Europa en sus propios estadios y los aficionados cantando sus cánticos y canciones únicos. Un paquete de transmisión al estilo de la televisión ofrece lo más destacado durante el medio tiempo y el tiempo completo, así como un análisis completo. Una de las nuevas características más esperadas fue el &quot;Control de estilo libre&quot; de EA Sport, que permite al usuario lanzar la pelota y entregarla a sus compañeros de equipo. Otras adiciones incluyen una mayor semejanza de algunos de los jugadores más conocidos, como Thierry Henry y Ronaldinho, así como respuestas de jugadores realistas. La portada europea presenta a Roberto Carlos, Ryan Giggs y Edgar Davids, en representación de Brasil, Manchester United y Juventus respectivamente. En Estados Unidos apareció Landon Donovan en lugar de Roberto Carlos.
FIFA Soccer 2004 (USA, Europe) (En,Fr,De,Es,It)	Estamos ante un juego de esos que es divertido y ofrece muchas posibilidades pero que no aporta apenas novedades con respecto a la versión anterior y lo único que hace es aumentar la cantidad de equipos y actualizar las plantillas, es decir un FIFA. Aún así, es el mejor juego de fútbol de GBA, sin que eso sea mucho decir. La elección es tuya, pero si buscas un juego de fútbol divertido y jugable ésta es una buena elección, siempre y cuando no tengas el del año pasado, porque si lo tienes piénsatelo dos veces antes de adquirirlo ya que es prácticamente igual. Todavía estamos esperando el juego de fútbol definitivo para GBA o al menos el que siente las bases de lo que debe ser, sin embargo mientras tanto podemos entretenernos con es FIFA 2004.
FIFA Soccer 2005 (USA, Europe) (En,Fr,De,Es,It,Nl)	Lanzado solo unos meses después de la Eurocopa 2004, FIFA 2005 trae varias características a la franquicia, como el regreso de una herramienta de creación de jugadores, donde se puede crear un jugador desde cero al personalizar la cara (aunque no es posible definir la textura como En juegos anteriores de EA Sports como NHL 2000, el jugador puede personalizar las características faciales como la forma de los ojos o las mejillas, de manera similar a los juegos de rol como Neverwinter Nights), accesorios y habilidades de juego. También es posible crear todo tipo de competiciones. El modo Carrera también se extendió, permitiendo ahora hasta 15 temporadas y dando al jugador la oportunidad de cambiar el rumbo de un partido simulado en cualquier momento. Este modo es un modo gerencial &quot;ligero&quot;, donde el jugador no solo juega, sino que también firma nuevos jugadores y aumenta las habilidades del club en entrenadores, personal médico y otro personal del club).
FightBox (Europe)	FightBox, un juego de lucha interactivo que permite a los jugadores diseñar, crear y entrenar a sus propios guerreros humanoides, es esencialmente una utilidad de juego que permite a los jugadores competir en un programa de televisión de la BBC del mismo nombre. Fue creado exclusivamente para el mercado británico de videojuegos y no está disponible en ningún otro lugar. FightBox es el torneo del nuevo milenio. Los Guerreros artificiales se enfrentan entre sí en un intento de ser el campeón de FightBox. Creados a partir de los elementos, los componentes de los Guerreros se ensamblan, forjan y moldean para crear un ser que intentará ganar el concurso FightBox y el premio final de la inmortalidad.
FILA Decathlon (Europe) (En,Fr,De,Es,It,Sv)	10 eventos. 2 dedos. Una meta. ¿Eres el mejor atleta de bolsillo del mundo? Fifa Decathlon pone tus dígitos a prueba en la prueba definitiva de destreza atlética en Game Boy Advance. 10 eventos prueban la velocidad, la fuerza y ​​la resistencia para ver si tienes lo que se necesita para ganar, para ser el mejor atleta del mundo. Este es un juego clásico mejorado y actualizado para la generación avanzada. Gráficos asombrosos y una animación increíblemente realista se combinan con un juego atractivo para darle la ventaja a este juego clásico.
Final Fantasy I & II - Dawn of Souls (USA)	Final Fantasy I: Experimenta Final Fantasy de una manera que nunca has imaginado, con gráficos mejorados y el nuevo calabozo Soul of Chaos. Asume el papel de los cuatro Guerreros de la Luz, ¡y restaura el orden en su caótico mundo! Final Fantasy II: Final Fantasy II le dio a los jugadores personajes más profundos y una historia más convincente. En esta edición mejorada, experimenta la adición del Alma del Renacimiento, la saga nunca antes contada de los héroes que dieron sus vidas para salvar su mundo!
Final Fantasy IV Advance (USA)	Esta clásica aventura incluye 18 ciudades y castillos, docenas de hechizos mágicos y cientos de monstruos, armas y objetos para ayudar a los jugadores en sus misiones. El juego cuenta con la asombrosa música, desafiantes aventuras e interesante argumento que caracterizan a la franquicia Final Fantasy. También se han añadido elementos adicionales al juego para mejorar la versión para Game Boy Advance.
Final Fantasy Tactics Advance (USA)	Marche y algunos amigos están en una aventura habitual por su ciudad local, St. Ivalice, solo para descubrir un libro lleno de fantasía y magia. Al pensar en una tierra mágica, son transportados al mundo de Ivalice, que se basa en uno de los juegos favoritos de sus amigos, Final Fantasy. Al encontrarse solo, Marche debe unirse a un clan de guerreros y viajar a través de esta nueva tierra de misterio para encontrar a sus amigos perdidos, y regresar al mundo real, mientras aprende todo sobre este nuevo lugar y la magia que contiene.
Final Fantasy V Advance (USA)	Los vientos fallan. Los barcos se detienen, incapaces de llenar sus velas. El mundo corre hasta el final. A menos que un puñado de héroes pueda proteger los cristales restantes, el mundo se arruinará. ¡Embárcate en una gran aventura en la mejor versión de FINAL FANTASY V jamás lanzada!
Final Fantasy VI Advance (USA)	Final Fantasy VI es la reedición para GBA del tercer episodio lanzado en Super Nintendo y que marca un punto de inflexión en la saga de Final Fantasy con un lado más oscuro y trágico que nunca. 1000 años después de una guerra terrible, la magia ha desaparecido casi por completo a favor de la tecnología Magitek que le da al Imperio el poder total sobre el mundo. Los Returners, un grupo de rebeldes liderados por Lock, intenta enfrentarse al poder del Imperio.
Final Fight One (USA)	La acción clásica de arcade no está disponible en el sistema Game Boy Advance en Final Fight One. Hay problemas en Metro City. Los miembros de Mad Gear Gang han secuestrado a Jessica, la hija del alcalde, y el tiempo corre. El alcalde, un ex luchador callejero, llama a los grandes para que ayuden, alistando al equipo de mano de hierro de Cody y Guy. Ahora, es una carrera contrarreloj para recorrer la ciudad, derrotar a un ejército de secuaces de Mad Gear Gang y rescatar a Jessica antes de que sea demasiado tarde.
Finding Nemo (USA, Europe)	En su primer día de clases, Nemo desobedece a su padre y se aventura fuera del arrecife para tocar el fondo de un bote. Esto enfurece a Marlin y comienza una discusión frente a los compañeros de clase de Nemo. Para horror de su padre, Nemo es capturado por un buzo. Marlin intenta salvar a Nemo, pero es cegado por el flash de la cámara de otro buceador. El barco desaparece en la distancia.
Finding Nemo - The Continuing Adventures (USA, Europe)	Finding Nemo: The Continuing Adventures sigue a los miembros de Tank Gang después de que escapen de la oficina del dentista. Ahora depende de ti guiarlos a sus nuevos hogares con la ayuda de Nemo, Dory, Marlin, Bruce, Crush y Squirt. En el camino, volverás a encontrarte con personajes y lugares familiares de la película animada Buscando a Nemo.
Fire Emblem (USA, Australia)	¡Después de siglos de paz, las rivalidades latentes amenazan con incendiar el mundo en un estallido de batalla! Los tambores del ritmo de la guerra, las casas nobles traman la traición, los aliados se convierten en enemigos, y mientras Lycia está lista para la guerra, una figura sombría manipula imperios para sus propios fines. Ahora, Lyn, Eliwood y Héctor deben acumular un ejército lo suficientemente fuerte como para luchar contra las fuerzas que destruirían su tierra natal. Domina las tácticas de batalla para apagar las brasas antes de reducir el mundo a cenizas.
Fire Emblem - Fuuin no Tsurugi (Japan)	En el reino de Elibe, el joven Roy, hijo del marqués de Pherae, Eliwood, debe liderar la Alianza de Lycia para derrotar al tirano rey Zephiel de Bern, el cual quiere conquistar Lycia tras adueñarse de Ilia y Sacae. Tras llegar a la ciudad de Ostia, en Lycia, gobernada por Héctor, compañero de Eliwood, y su hija Lilina, las tropas de Bern atacan la ciudad, asesinando a Héctor en el proceso, pero Roy y su ejército logra derrotarlos antes de que Lilina sufriera la misma suerte que su padre.
Fire Emblem - The Sacred Stones (USA, Australia)	El reino de Renais está en ruinas, destrozado por una repentina invasión de un antiguo aliado. Guía a los herederos leales, Eirika y Efraín, en su búsqueda gemela para reconstruir Renais y descubrir el secreto oscuro detrás de la guerra que ha rasgado su patria.
Fire Pro Wrestling (USA, Europe)	El primer lanzamiento norteamericano de la serie Fire Pro Wrestling llega a Game Boy Advance. Fire Pro Wrestling consta de una una gran plantilla, compuesta por muchos luchadores que no infringen los derechos de autor como &quot;The Bionic Man&quot; Steve Majors (&quot;Stone Cold&quot; Steve Austin) y Axe Duggan (Hulk Hogan), que hacen posible los enfrentamientos en modalidades WCW vs. WWF vs. ECW. Los controles son mucho más que los típicos de &quot;machacar los botones hasta que algo ocurre&quot; que fueron tan populares en los juegos de lucha anteriores, ahora los movimientos dependerán del tiempo de pulsado para ejecutar o mantener correctamente un movimiento.
Fire Pro Wrestling 2 (USA)	Fire Pro Wrestling 2 presenta acción detallada y más de 200 luchadores entre los que elegir, así como la capacidad de crear y almacenar luchadores propios. También te permite conectar hasta cuatro Game Boy Advances y enfrentarte, formar equipo o intercambiar luchadores. Puedes personalizar cada detalle de la apariencia de un luchador y usar más de 1200 técnicas de lucha en varios modos, incluidos Normal, Deathmatch, Gruesome y Battle Royal. El juego también incluye un dojo de práctica en el que puedes practicar tu movimiento de pie, movimiento de agarre, movimiento de carrera y tu movimiento contra un oponente derribado.
Flashback Legends (France) (Proto)	Conrad y la organización Freedom Guard, Mandrake, se enfrentan a los Morphs para salvar la galaxia de sus malvados planes. Prototipo filtrado en 2007.
Flintstones, The - Big Trouble in Bedrock (USA)	Barney es historia antigua, a menos que Fred pueda salvarlo del villano más siniestro de la Edad de Piedra, ¡¡el Dr. Siniestro!! ¡Es un peligroso mundo prehistórico, en el que encontrar a tu mejor amigo puede ser lo más divertido que hayas hecho nunca! ¡Tú eres la estrella del espectáculo! ¡Los personajes de los Picapiedra y la acción clásica de los dibujos animados te hacen sentir como un miembro de pleno derecho de la moderna familia de la Edad de Piedra! Corre, salta, haz judo y salta dos veces en medio del peligro.
Flushed Away (USA)	Basado en la película de DreamWorks Animation y Aardman, Ratonópolis permite revivir la aventura interpretando a Roddy y Rita al mando de la embarcación Jammy Dodger. Recorre una peligrosa ciudad subterránea llena de enemigos, cascadas y trampas mientras luchas contra el malvado Toad y sus planes, avanzando por escenarios repletos de acción y desafíos inspirados en la película.
Ford Racing 3 (USA)	Ford Racing 3 en GBA es un juego de carreras que, siguiendo la tradición de sus dos predecesores, te ofrece aún más circuitos, modos de juego y coches. Conduce cuarenta y seis modelos de coches en cincuenta desafíos y doce tipos de carreras. Intenta ser el primero y obtén las mejores puntuaciones para desbloquear bonificaciones y otras novedades.
Formation Soccer 2002 (Japan)	La entrega de 2002 de la serie de fútbol de Electronic Arts. Cancelado.
Fortress (USA, Europe)	En Fortress tendremos que usar piezas similares a las de Tetris para crear grandes bloques que conformen nuestra fortaleza y luego colocar armas para que ataquen a la fortaleza enemiga, también podemos colocar puertas por donde aparecerán nuestros soldados (llamados Twerps). Lo gracioso del asunto es que podemos jugar en épocas tan diferentes como la prehistoria, la de los piratas, la de los castillos y el futuro.
Foster's Home for Imaginary Friends (USA)	Mansión Foster para Amigos Imaginarios está basado en la serie animada del mismo nombre transmitida en Cartoon Network. La serie fue creada por Craig McCracken (quien también fue el creador de las chicas superpoderosas). El juego contiene a Mac y sus amigo imaginario, Bloo (Bluregard Q. Kazoo). El juego se inspira en los memorables episodios de la serie de Carton Network y permite a los fans controlar a Mac y Bloo mientras resuelven problemas peculiares y completar misiones. La acción ocurre al rededor y dentro de la Mansion Foster para Amigos Imaginarios y contiene muchos de los personajes característicos de la serie incluyendo a Wildo, Eduardo, Coco y muchos más.
Frank Herbert's Dune - Ornithopter Assault (Europe) (En,Fr,De,Es,It) (Proto)	Formado por Gurney Halleck, el agente más eficaz y respetado de la Casa Atreides, te conviertes en un especialista en pilotaje y combate en ornitópteros. En plena guerra, debes superar tus habilidades para sobrevivir a la caída de los Atreides y ayudar a Paul y a los Fremen en la lucha por Arrakis. El juego ofrece un espectacular universo 3D en GBA, más de 20 misiones con objetivos como escolta, defensa, destrucción o recolección, cinco modos de juego y la primera adaptación portátil del universo de Dune.
Franklin the Turtle (USA) (En,Fr,De,Es,It,Sv,No,Da,Fi)	Como cualquier día típico para Franklin, va a la escuela, ayuda a sus padres en casa y, por supuesto, juega con sus amigos. Ayuda a Franklin y sus amigos en este viaje aventurero, educativo y emocionante, mientras se divierten juntos.
Franklin's Great Adventures (USA) (En,Fr,Es)	Las grandes aventuras de Franklin en GBA reúne numerosos minijuegos donde encarnas a Franklin y ayudas a los personajes más queridos de la serie en divertidos desafíos. Elige uno de los tres personajes disponibles y recorre ocho niveles mientras conoces y conversas con los habitantes del pueblo. A medida que avanzas, podrás desbloquear dieciséis minijuegos que amplían la aventura.
Freekstyle (USA)	Lo has estado esperando y ahora está aquí, FreekStyle, la experiencia de motocross de estilo libre definitivo. EA SPORTS BIG te ofrece motoX como nunca lo habías visto, empujando incluso a los mejores ciclistas a acelerar a fondo mientras realizas los trucos más locos en pistas increíbles. FreekStyle no se trata solo de ser el ciclista más rápido; se trata de ser absolutamente intrépido. Backflips, Tsunamis y Mulisha Airs: puedes hacerlo todo contra los temerarios de las motos más locos del mundo.
Frogger Advance - The Great Quest (USA)	El objetivo del juego es guiar a Frogger a través del Tercer Reino el cuál está lleno de criaturas malvadas e insectos en busca de la Princesa de sus deseos. En el juego hay muchas interraciones del usuario qué te dan pistas y tips de cómo completar cada nivel.
Frogger's Adventures - Temple of the Frog (USA) (En,Fr,De,Es,It)	Firefly Swamp está muriendo y las ranas del Consejo de Ancianos le han pedido a Frogger que lo salve. Para hacerlo, Frogger debe emprender una búsqueda agotadora para recolectar los elementos necesarios para mantener vivo el pantano. Estos elementos han sido robados por el malvado Sr. D y se han extendido por cuatro peligrosos mundos. Frogger debe viajar a cada mundo para recuperar los elementos robados y derrotar a los malvados secuaces del Sr. D. Entonces, y solo entonces, podrá entrar en el Templo de la Rana para enfrentarse al malvado Sr. D.
Frogger's Adventures 2 - The Lost Wand (USA) (En,Es)	Frogger's Adventures 2: The Lost Wand es un juego de plataformas lanzado para Gameboy Advance. Juega como Frogger, la rana imprudente que una vez más emprende una aventura de saltos a través de niveles sinuosos llenos de miles de peligros que evitar. La varita de la eternidad se ha roto y Hocus ha venido a pedirle a Frogger that find los 5 fragmentos mágicos para reparar la varita. Frogger se dirige a cinco islas diferentes para encontrar los fragmentos.
Frogger's Journey - The Forgotten Relic (USA)	El querido abuelo de Frogger desaparece sin dejar rastro y Frogger se lanza a buscarlo a través de 18 entornos llenos de puzles. Durante la aventura descubre el OPART, una antigua tecnología que permite usar movimientos mágicos como distorsión, detener el tiempo o un gancho para alcanzar zonas lejanas. El juego incorpora elementos de RPG y un modo para cuatro jugadores que funciona con un solo cartucho.
From TV Animation One Piece - Mezase! King of Berry (Japan)	Basado en el anime del mismo nombre. Tira los dados y navega hasta la isla designada mientras luchas contra los piratas. Ganarás si alcanzas tu objetivo o derrotas a los piratas que persigues.
From TV Animation One Piece - Nanatsu-jima no Daihihou (Japan)	Debes aventurarte para obtener el tesoro secreto escondido en la isla de Nanatsu. Las trampas del calabozo se activan mediante acciones de cada personaje.
Futari wa Pretty Cure Max Heart - Maji Maji! Fight de IN Janai (Japan)	Controla a Nagisa, Hikari y Honoka en cada nivel, y procura completarlo derrotando a los enemigos. En la batalla contra el jefe, los tres se turnarán para luchar.
Gachasute! Dino Device - Blue (Japan)	Cuando introduces datos de direcciones en un organizador electrónico, ¿nace un monstruo? Dinah. Se trata de criar a Dinah. Construye instalaciones para criar y fortalecer a Dinah, y desarrolla tu ciudad.
Gachasute! Dino Device - Red (Japan)	El juego tiene lugar en Dino City, una ciudad virtual donde los monstruos conocidos como Dinos pueden vivir. Como jugador, tienes la responsabilidad de crear Dinos y construir lugares para que vivan en la ciudad. También puedes usar tus Dinos para luchar contra los Dinos de otros humanos a través de un sistema conocido como Dino Net. Las batallas tienen lugar en una cuadrícula virtual donde ambos equipos no pueden ver al otro hasta que deciden atacar. El sistema de batalla es bastante diferente al de otros juegos de rol en este sentido, con elementos estratégicos que se asemejan a Battleship y Minesweeper. Para la batalla, los Dinos son capaces de equipar armas y armaduras especializadas conocidas como Dispositivos. Los dispositivos aumentan las estadísticas de un Dino en la batalla y también les dan un ataque especial, lo que permite al jugador personalizar las fortalezas y el conjunto de movimientos del Dino.
Gachasute! Dino Device 2 - Phoenix (Japan)	Lucha con “Dyna”, un juguete futurista bajo tu control. Combina aproximadamente 500 tipos diferentes de “dispositivos” para mejorar a Dinah a tu gusto.
Gachinko Pro Yakyuu (Japan)	Gachinko Pro Yakyuu es un juego de béisbol lanzado en Japón en 2002. El béisbol es uno de los deportes más populares en Japón. Fue introducido en Japón en 1872 por Horace Wilson, quien enseñó en la Escuela Kaisei en Tokio. Gachinko Pro Yakyuu se reduce a un juego entre el lanzador y el bateador ... repartidos en nueve entradas. Los jugadores comienzan el juego como un equipo de béisbol recién formado con la necesidad de reclutar de una cosecha de 670 jugadores de clubes profesionales.
Gadget Racers (USA)	En algún momento de la década de 1980, los juguetes japoneses Choro-Q Racing llegaron a las costas de EE. UU. Renombrados como Penny Racers en beneficio de las ventas estadounidenses, los autos de cuerda se construyeron para realizar diferentes trucos (caballitos y giros, principalmente) cuando se insertaba un centavo en su chasis. Los corredores de plástico siguen siendo muy populares en Japón, inspirando un videojuego llamado CHORO-Q ADVANCE. El lanzamiento del juego en EE. UU. Se llama GADGET RACERS, y es tan emocionante como los juguetes en los que se basa. Dirige cualquiera de los 50 vehículos únicos a través de 40 cursos diferentes de obstáculos, trucos y caos en general. Puede personalizar su corredor para cumplir con sus especificaciones, utilizando más de 130 piezas diferentes para mejorar sus neumáticos, frenos, dirección, motores y más. A la emoción se suma el hecho de que puedes conseguir que cuatro jugadores compitan por la gloria a través de un cable de enlace y para las consolas Game Boy Advance. Es un misterio por qué los juguetes ya no deambulan por los pisos de las habitaciones de los hogares estadounidenses, pero tal vez este increíble videojuego cree un resurgimiento.
Gakkou no Kaidan - Hyakuyoubako no Fuuin (Japan)	Encuentra los fantasmas esparcidos por la escuela y sélalos cumpliendo sus peticiones y completando minijuegos. Puedes tomar una foto de un fantasma al atrapar un teléfono móvil yokai.
Galidor - Defenders of the Outer Dimension (USA) (En,Fr,De,Es,It,Nl,Sv,Da)	Asumiendo el papel del héroe Nick Bluetooth, sacado directamente de la exitosa serie de televisión de Fox Kids, GALIDORTM: Defenders of the Outer Dimension, los jugadores se encuentran en una Dimensión Exterior en una búsqueda llena de acción para liberar a los amigos que han caído en las garras del malvado tirano Gorm. Con el objetivo final de encontrar el portal a GALIDORTM y librar a la Dimensión Exterior de su malvado gobernante, Nick se encuentra con muchos desafíos y criaturas amenazantes en el camino. Armado con la impresionante habilidad de &quot;brillar&quot; o absorber los atributos de los enemigos que derrota, Nick puede volar, saltar, luchar y navegar a través de sus aventuras.
Game & Watch Gallery 4 (USA)	Una colección de títulos clásicos de Nintendo Game & Watch, así como actualizaciones exclusivas de GBA. Los juegos incluyen Donkey Kong 3, Boxing, Fire Attack, Mario Cement Factory y Rainshower, además de juegos adicionales que solo se pueden abrir si superas la puntuación más alta de cada juego. Cada juego tiene dos modos, uno que emula el formato LCD original de Game & Watch y una versión actualizada que presenta gráficos mejorados, ligeros cambios en el juego y una gran cantidad de personajes de Mario.
Game Boy Wars Advance 1+2 (Japan)	Este título exclusivo de Japón reúne dos juegos en un solo cartucho: Game Boy Wars Advance (conocido en Occidente como Advance Wars) y Game Boy Wars Advance 2 (Advance Wars 2: Black Hole Rising). Una colección estratégica que combina ambas campañas en un único cartucho.
Games Explosion! (USA)	Games Explosion! es una recopilación de 16 minijuegos divididos en 5 categorías. Neon Neon Square: una variante de Pong Sudoku: adaptación del famoso rompecabezas numérico Tic Tac Toe: adaptación del clásico juego de papel y lápiz Board Checkers: una variante del juego de mesa clásico Eliminate: una variante de Mastermind Cyber Ice Jumper: juego isométrico donde debes saltar entre plataformas de hielo sin caer mientras la pantalla se desplaza verticalmente MC Rudolf: juego de plataformas con desplazamiento vertical donde debes saltar para ganar altura Pizza Man: variante de Tapper donde sirves pizza a robots Warehouse Man: variante de Sokoban con robots Zap Avoider: variante de Pang Music Pop: juego musical donde debes presionar el botón correcto cuando las notas llegan a una línea naranja Pipemaster: variante de Pipe Mania Space Shooter: variante de Space Invaders Club Blackjack: el clásico juego de cartas Crazy Bowling: juego de bolos que usa medidores para apuntar, efecto y potencia Darts: juego de dardos donde debes detener un puntero en el momento preciso
Garfield - The Search for Pooky (USA) (En,Fr,De,Es,It)	Garfield ha perdido a su osito pooky y es tu deber ayudarle a encontarlo. En su búsqueda te encontrarás con otros personajes (como Jon, Odie, Arlene, etc.), y como no, con elementos típicos del mundo de Garfield como arañas, ratones, perros, comida... 6 lugares únicos del conocido universo de Garfield 2 niveles de dificultad, con la mayoría de los mini juegos desenredantes y ocultos. 12 niveles te envuelven en una historia seductora cada uno con un juego único (ten cuidado con el nivel oculto) Cada nivel difiere y permite al joven juego jugar como un juego de plataforma de desplazamiento lateral o como la opción tradicional de desplazamiento hacia arriba y abajo para ver un área vertical más grande. El juego conserva el verdadero estilo gráfico de los dibujos animados Garfield mientras te encuentras interactuando con él y sus mejores amigos en este juego animado.
Garfield and His Nine Lives (USA) (En,Fr,Es)	Después de comer otra gran comida, Garfield está listo para una larga siesta con la barriga llena. Cuando se duerme, comienza a tener algunos sueños muy extraños como resultado de comer en exceso justo antes de la siesta. Cada sueño es más loco que el anterior. El objetivo del jugador es ayudar a Garfield en esta aventura de pesadilla guiándolo de forma segura a través de cada una de sus nueve vidas.
Gauntlet - Dark Legacy (USA)	Siguiendo las tradiciones del género, Gauntlet Dark Legacy coloca a los jugadores en un mundo grande e inmersivo en el que hasta cuatro jugadores pueden vivir una aventura de hack and slash. Utilizando ocho personajes que van desde guerreros hasta magos, el juego permite a los jugadores destruir casi cualquier cosa que se mueva con una amplia variedad de armas y magia devastadora. Cuantos más monstruos mates, más experiencia y puntos de vida ganarás.
Gegege no Kitarou - Kikiippatsu! Youkai Rettou (Japan)	Kitaro controla a Kitaro y usa sus geta y chanchanko para derrotar a los yokai malvados de todo Japón. Los yokai que encuentres durante el juego se registrarán en tu libro ilustrado de yokai.
Gekido Advance - Kintaro's Revenge (USA)	Ha pasado un año desde la épica batalla que decidió el destino de la humanidad y reclamó la vida de la amada Angela. Los presagios oscuros una vez más hablan del regreso de una presencia malvada. Ushi es el último maestro que queda del arte antiguo de Shin-Ken, y llama a Tetsuo, su discípulo e hijo adoptivo, para investigar algunos sucesos extraños en una aldea agrícola lejana a las afueras de la ciudad.
Gem Smashers (USA)	Gem Smashers es un juego de rompecabezas de acción cuyo objetivo es liberar a los animales atrapados rompiendo gemas de colores. Controlas una de las tres criaturas prehistóricas en la tarea de eliminar gemas del mismo color antes de que expire el tiempo. Sin embargo, antes de que puedas romper las gemas, tendrás que transformar tu personaje en el color apropiado encontrando el poder correcto. Solo así podrás eliminar todas las gemas y descubrir la salida oculta por la que huirán los animales encarcelados. Los modos de juego incluyen Historia, Arcade y Vs. Batalla, con tres variantes adicionales desbloqueadas durante el transcurso del juego.
Genseishin Justirisers - Souchaku! Hoshi no Senshi-tachi (Japan)	Un juego basado en el programa de efectos especiales de televisión. El jugador controla al personaje principal, &quot;Justiriser&quot;. Es un juego de acción de desplazamiento lateral en el que el jugador debe proteger la Tierra del malvado ejército alienígena de Kaiser Hades. La historia incluye el escenario original del juego, y los personajes están doblados por los actores de la serie. El clímax del juego, una batalla de robots gigantes, también se recrea en el juego.
Get! - Boku no Mushi Tsukamaete (Japan)	GET! Boku no Mushi Tsukamaete se basa en la experiencia de los niños en Japón atrapando insectos en verano. Participarás en una serie de misiones y formarás un equipo para capturar, coleccionar y vender más de 200 insectos mientras buscas al legendario Gaou (Rey Polilla) para curar una mortal enfermedad ósea que afecta a los niños de la región. Se pueden lograr múltiples finales según los insectos y misiones secundarias que completes.
GetBackers Dakkanya - Jigoku no Scaramouche (Japan)	Controlas a un personaje del cómic &quot;GetBackers Retrievers&quot; para recopilar información en la ciudad y recuperar los objetos solicitados. Según la compatibilidad con tus compañeros, sus habilidades en combate variarán.
Ghost Rider (USA, Europe) (En,Fr,De,Es,It,Nl)	En esta secuela de la película, Mephisto solicita a Johnny Blaze (The Ghost Rider) que detenga el plan para revivir a Blackheart (hijo de Mephisto) en la Tierra, lo que puede causar El Apocalipsis. Esto puede hacer que el Infierno sea arrebatado a Mephisto porque rompe la regla de no demonios en la Tierra dada por los Ángeles. Ghost Rider, aunque va en contra de la voluntad de Mephisto, acepta detener este plan solo para salvar a la mujer que ama, Roxanne Simpson. El jugador como The Ghost Rider debe detener este plan luchando contra muchos demonios en la Tierra mientras está a pie con ataques actualizables hechos con puños y la cadena del infierno. El jugador también debe correr a través de millas de tierra en el Ciclo del Infierno matando a los demonios en sus diversas formas de transporte con la cadena del infierno y bolas de fuego.
Global Star - Sudoku Fever (USA)	El sudoku es el fenómeno de rompecabezas originado en Japón, un juego que parece un problema matemático, pero en realidad es un desafiante desafío lógico. Las reglas son simples: se parte de una cuadrícula formada por nueve bloques de tres por tres casillas, en la que algunos números ya están colocados. El objetivo es llenar los espacios en blanco de manera que cada columna, fila y bloque de tres por tres contenga los números del 1 al 9 sin repetir ninguno.
Go! Go! Beckham! - Adventure on Soccer Island (Europe) (En,Fr,De,Es,It)	Go! Go! Beckham! Adventure on Soccer Island es un juego de acción, desarrollado por Denki y publicado por Rage Software, que fue lanzado en Europa en 2002.
Godzilla - Domination! (USA)	Seis monstruos luchan a través de siete lugares destructivos en un intento de demostrar su valía como el monstruo más grande que camina sobre la Tierra. Cada monstruo tiene un conjunto personal de golpes, patadas y movimientos especiales para dominar a la competencia. Las características del juego incluyen 7 monstruos, cada uno con su propia arena y movimientos especiales, potenciadores y armas revelados por edificios destructores, cinco modos diferentes, incluido el modo de enlace para jugar contra cuatro amigos y peleas personalizadas para estilos de juego ilimitados.
Goemon - New Age Shutsudou! (Japan)	Goemon: ¡New Age Shutsudo! es un juego de acción y plataformas para Game Boy Advance. Es un spin-off de la serie Ganbare Goemon original y un port / secuela de Goemon: Shin Sedai Shūmei. para PlayStation, con varias modificaciones y cortes hechos a partir de esa versión. Esta versionle da a la franquicia un lavado de cara, poniendo a Goemon y sus amigos en una interpretación futurista de Japón, defendiéndose de una fuerza sobrenatural que amenaza a la ciudad.
Golden Nugget Casino (USA, Europe)	Vive la emoción del juego en Golden Nugget Casino, con clásicos como blackjack, craps, ruleta, tragaperras y vídeo póker. Puedes visitar el cajero para seguir apostando y convertirte en un auténtico high‑roller sin gastar dinero real. Domina mesas y máquinas, desde slots como Halloween Spooky o Wild West hasta vídeo póker con Deuces Wild o Joker's Wild. Obtén préstamos de hasta 10000 $ y guarda tu progreso con el sistema de contraseñas.
Golden Sun (USA, Europe)	En una época de oscuridad, una aventura épica comienza...La maldad se está apoderando lentamente del mundo. Las fuerzas de la oscuridad están tras el arte olvidado de la Alquimia y, a medida que se acercan a su terrible propósito, el futuro de la Humanidad pende de un hilo. Tus compañeros y tú sois la unica esperanza. Armados con nobles armas, poderes mágicos llamados Psinergías y una multitud de criaturas elementales, debeis encontrar la forma de detener el curso de los acontecimientos. Se acabó tu vida cotidiana. ¡Ahora un Sol Dorado brilla sobre ti y amplía tus horizontes!
Golden Sun - The Lost Age (USA, Europe)	Golden Sun: La Edad Perdida es un videojuego del género RPG desarrollado por Camelot Software y distribuido por Nintendo para Game Boy Advance, en 2002 para Japón y en 2003 para Europa y Estados Unidos. Es la secuela directa del primer Golden Sun. Los héroes de Golden Sun han sido abandonados. El mundo se encamina hacia las tinieblas. Un nuevo grupo de aventureros es la última esperanza que le queda al mundo, aunque también puede ser su perdición. Perseguidos por los protagonistas del primer Golden Sun, deben apresurarse a cumplir su cometido antes de que el mundo acabe sumido en el olvido.
GP-1 Racing (USA) (Proto)	Demo de Juego donde compitiendo por el primer lugar entre los rivales, desde una vista superior, debes conducir tu automóvil y llegar primero en pistas difíciles que no te dejarán indiferente ante este juego.
Gradius Galaxies (USA)	Gradius Advance, lanzado en América del Norte como Gradius Galaxies y en Japón como Gradius Generation, es un videojuego de matamarcianos para la videoconsola portátil Game Boy Advance publicado por Konami en 2001. Esta versión posee una gran calidad y utiliza el hardware de la consola excepcionalmente, pudiéndose observar efectos no vistos hasta la fecha en la videoconsola como ciertas explosiones, giros en las naves y fondos y transparencias. Como en otras versiones de la saga, la historia es inexistente. El juego consiste en pegar tiros por el espacio y acabar con los cientos de enemigos que nos atacan por los cuatro costados. Un punto curioso es que esta entrega nos permite dejar de jugar en el momento que queramos y más tarde podremos retomar la partida por el mismo sitio donde la dejamos. Esto es posible gracias a una muy útil opción que nos permite elegir la fase, e incluso el punto exacto desde donde queremos empezar a jugar, por lo que podremos retomar la partida sin ningún problema.
Grand Theft Auto (USA)	La serie Grand Theft Auto finalmente llega a Game Boy Advance. Juegas como un gángster perseguido por la policía y otros mafiosos de la ciudad. Tu amigo Vinnie fue asesinado cuando tenía todo el dinero con él, lo que te permite salir de la oscura ciudad de Liberty City en paz. Encuentra a los asesinos y venga a tu compañero. Al igual que en entregas anteriores de la serie Grand Theft Auto, puedes robar vehículos, explorar la ciudad y manejar una gran variedad de armas.
Green Eggs and Ham by Dr. Seuss (USA)	¿Te gustan los huevos verdes con jamón? Esa es la pregunta que me hace Sam, mientras te guía a través de los muchos mundos estrafalarios seussianos en busca de este manjar un tanto extraño. &quot;¿Podrías? ¿Podrías? ¿En un coche? ¿En un barco? ¿En un tren? ¿En un árbol?&quot; Utilice el tablero de juego estilizado en 3 dimensiones para llevarlo de aventura en aventura, recolectando huevos verdes y jamón sobre la marcha. &quot;Me gustan los huevos verdes y el jamón. ¡Gracias! Gracias. Sam, lo soy&quot;.
Greg Hastings' Tournament Paintball Max'd (USA)	Greg Hastings' Tournament Paintball Max'd lleva la acción del paintball a Game Boy Advance con nuevos modos, más profesionales reales y un completo editor de niveles. En la campaña formarás un equipo desde cero, compitiendo contra figuras como Nicky Cuba o el propio Hastings. Podrás mejorar equipamiento, subir estadísticas y crear tus propios campos, compartiéndolos o jugando contra la IA. Una experiencia portátil que captura la emoción del paintball sin mancharte de pintura.
Gremlins - Stripe vs Gizmo (USA)	En la historia de Gizmo, el lindo Mogwai tiene que evitar que Stripe arruine la Navidad de Kingston Falls recuperando todos los regalos que Stripe ha robado. Gizmo usa una linterna para matar gremlins después de rodar en una bola y debilitar a los gremlins. También debe destruir a los gremlins que se interpongan en su camino. En la historia de Stripe, se le ocurre un plan para destruir a su enemigo mortal Gizmo y destruir mogwais. Si juegas como Gizmo, todos los enemigos son gremlins genéricos. Si juega como Stripe, el jugador luchará contra mogwais.
Grim Adventures of Billy & Mandy, The (USA)	las oscuras aventuras de Billy y Mandy, toma a los populares personajes de la serie de Cartoon Network y los pone en un juego de aventura/pelea. En el modo batalla, los jugadores pueden usar una multitud de armas en arenas destructibles como el desierto de Doom y el inframundo. Los jugadores también tienen la opción de jugar solos o con un amigo en el modo Aventura, una serie de misiones basadas en historias donde los jugadores pueden desbloquear nuevas armas y nuevos personajes jugables.
GT Advance - Championship Racing (USA, Europe)	Una simulación de carreras que utiliza vehículos del &quot;mundo real&quot;, en su mayoría modelos japoneses. similar a la serie PlayStation Gran Turismo. Los jugadores comienzan con un solo vehículo seleccionado de una gama de modelos bastante estándar, ese automóvil se inscribe en una serie de carreras con premios en efectivo y el dinero del premio se puede usar para comprar vehículos adicionales o actualizar uno existente.
GT Advance 2 - Rally Racing (USA)	Más arcade que simulador GT Advance 2 ofrece 15 coches de rally los cuales puedes tunear, mejorar y modificar entre carreras. Conducirás en 42 circuitos diferentes con condiciones climatológicas diversas y tipos de carretera (barro, pista, etc) que junto con largas curvas son perfectas para deslizar. Ganando cualquier carrera desbloqueas nuevos coches para seleccionar y mejoras de los coches anteriores. Durante el modo campeonato podrás competir contra el reloj o un amigo pudiendo correr para ganar títulos completando ciertas pistas.
GT Advance 3 - Pro Concept Racing (USA)	Conocido en Japón como Advance GTA 2, y desarrollado por una compañía afincada en Yokohama especializada en títulos de coches, MTO, GT Advance 3 es un título que entusiasmará a todos los amantes de coches que no pueden resistir estar sin su ración aún cuando no estén ante su sistema casero.
GT Racers (Europe) (En,Fr,De,Es,It)	Al llevarlo por las calles de las ciudades más grandes del mundo, GT Racers, con su docena de superdeportivos extremadamente poderosos, le brinda emociones fuertes en las calles de Londres a Tokio, París y Nueva York. Olvídate de hacer turismo, olvídate de los límites de velocidad, lugares famosos como la Puerta de Brandenburgo y el Puente de Brooklyn se convierten en simples borrones en el paisaje cuando los pasas a 200 mph.
Guilty Gear X - Advance Edition (USA)	Guilty Gear X para Gameboy Advance es un juego de lucha en 2D. Queda un Gear (un arma biológica) en la Tierra y el gobierno tiene un buen paquete para quien lo elimine. Se presentan 14 voluntarios, todos muy diferentes en su estilo de lucha. Es tu turno. Llene su medidor de tensión y desate el ataque definitivo en el momento adecuado. Basado en el juego de arcade original, agrega modos de juego tag, supervivencia, entrenamiento y 3 contra 3. Los controles del juego se pueden configurar en el modo de 3 o 4 botones. Incluye todos los luchadores en el juego de arcade excepto Robo-Ky. Sin embargo, la versión adicional de Ky Kiske usa el conjunto de movimientos &quot;beta&quot; de Robo-Ky. La selección de personajes de 3 modos de X Plus se incluye con esta versión. Los personajes se pueden editar en cualquier color, pero no heredan los poderes de selección negra y selección dorada como en el juego X Plus.
Gumby vs. the Astrobots (USA)	El profesor Kapp inventó accidentalmente una máquina que puede controlar a los amigos de Gumby, los Astrobots. Minutos después de su creación, ¡naturalmente es robado por los traviesos Blockheads! ¡Quién sabe qué tipo de problemas se meterán con eso! Gumby vs. the Astrobots es un juego de plataformas de desplazamiento lateral en el que juegas como Gumby. Explora diferentes libros para rescatar a tus amigos, como Pokey, Prickle y Goo, que han sido secuestrados por los Astrobots. Gumby puede usar sus habilidades para transformarse en una bola de arcilla, un carro de minas, un helicóptero y más mientras explora varios libros diferentes para rescatar a sus amigos. En todos los mundos hay helados, el regalo favorito de Gumby, para coleccionar.
Gunstar Super Heroes (USA)	¡Tus enemigos tienen la intención de usar un cristal poderoso para resucitar al devastador Dios de la Ruina y depende de los Héroes Gunstar, Azul y Rojo, detenerlos! Desarrollado por el desarrollador aclamado por la crítica, Treasure, este juego de acción de ritmo rápido llevará tu Game Boy Advance al límite. - Ábrete camino a través de seis niveles intensos y derrota un imperio malvado -Elige tu héroe: juega como Rojo o Azul para combatir enemigos poderosos y jefes gigantes -Las increíbles imágenes crean una experiencia de juego inolvidable
Guru Logichamp (Japan)	Guru Logi Champ es un juego de rompecabezas del desarrollador japonés Compile. El juego fue lanzado en 2001 para el sistema de juegos portátil Game Boy Advance. &quot;Guru Logi&quot; es una abreviatura de &quot;Guruguru Logic&quot;, siendo &quot;guruguru&quot; una onomatopeya japonesa de movimiento giratorio. Los Champs son pequeñas criaturas amarillas parecidas a pájaros que intentan ayudar a los habitantes de su vecindario a salir de varios problemas. Para hacerlo, deben completar una serie de acertijos lógicos. Hay un total de 335 rompecabezas en el juego, si se completan todos, se desbloquea un minijuego totalmente diferente.
Gyakuten Saiban (Japan)	El jugador es Ryuuichi Naruhodou, asignado a su primer caso. El jugador tendrá que presionar a los testigos para obtener más información, examinar cuidadosamente las evidencias y tener el instinto de gritar '¡Objeción!' Para defender con éxito a su acusado. Hay cuatro casos en total. ¡En cada caso, Ryuuichi tiene que seguir la historia cuidadosamente, examinar cada escena cuidadosamente y encontrar todas las evidencias para ganar las batallas judiciales!
Gyakuten Saiban 2 (Japan)	Una secuela de Gyakuten Saiban, este segundo juego de la serie continúa desde donde lo dejó el primer juego, un año después. La mecánica básica del juego sigue siendo la misma, con interesantes batallas judiciales y elementos detectivescos para encontrar / examinar la evidencia. Sin embargo, en lugar de 5 puntos de salud para cada escena de la sala del tribunal, hay un medidor de salud. El medidor de salud también se usa para Psycho Locks, una nueva característica de este juego.
Gyakuten Saiban 3 (Japan)	El tercer juego de la serie Gyakuten Saiban. Esta vez, la jugabilidad sigue siendo la de los dos juegos anteriores, con el tercer año de Ryuuichi Naruhodou como abogado. El jugador tiene que encontrar / examinar evidencias, presionar testigos y encontrar a los verdaderos asesinos para probar la inocencia de su acusado. Hay 5 casos en total. En algunos casos, el jugador no controla a Ryuuichi, sino a otros personajes para las batallas en la corte. La historia también está más intacta que los juegos anteriores, y también presenta un elenco completamente nuevo de personajes interesantes.
Hachiemon (Japan)	Conviértete en Hachimon y busca los labios de tus amigos en esta aventura de acción. Recoge los labios en el escenario a tiempo. Los labios se pueden usar no solo para atacar, sino también para adherirse a paredes, saltar y realizar muchas otras acciones.
Hagane no Renkinjutsushi - Meisou no Rondo (Japan)	Este juego de rol básicamente sigue la historia del anime y presenta un sistema de tarjetas de alquimia. En él, haces uso de &quot;Cartas de material&quot; que puedes usar solas o fusionarlas para formar cartas más grandes. Luego, puedes usarlos en la batalla para crear poderosas armas o movimientos para derrotar a tus enemigos.
Hagane no Renkinjutsushi - Omoide no Sonata (Japan)	La historia habla de los hermanos Elric, Edward y Alphonse. En un intento por resucitar a su madre muerta, utilizan la alquimia humana, que está muy prohibida. Habiendo fallado, Edward pierde su pierna izquierda mientras que su hermano menor Alhponse pierde todo su cuerpo. A cambio de su brazo derecho, logra mantener el alma de su hermano dentro de una armadura. El precio era demasiado alto ... Ahora los hermanos Elric van en busca de la Piedra Filosofal que posee un gran poder que les permitirá volver a sus estados originales.
Hajime no Ippo - The Fighting! (Japan)	Hajime no Ippo: The Fighting es un juego de boxeo basado en el manga / anime Hajime no Ippo. Ippo es un chico tímido que ayuda a su madre a administrar su negocio de pesca. Como está ayudando a su madre, casi no tiene tiempo para hacer amigos, por eso los matones siempre se molestan con el pobre Ippo, pero un día, mientras los matones golpeaban a Ippo, un extraño llamado Takamura lo salvó. Luego, Ippo fue llevado a un gimnasio de boxeo y descubre su potencial como boxeador.
Hamepane - Tokyo Mew Mew (Japan)	Basado en el cómic animado del mismo nombre. Las piezas deslizantes se combinan para completar los 70 gráficos anteriores. Los gráficos completados se pueden ver en cualquier momento. La historia cambia según las acciones del jugador, y la imagen del rompecabezas también se modifica.
Hamster Monogatari 2 GBA (Japan)	El protagonista y sus compañeros deciden tener un hámster, y compite con sus amigos para criarlo. El juego incluye numerosos eventos, como concursos de hámsters. Además, ahora es posible combinar libremente la disposición de la caja-nido.
Hamtaro - Ham-Ham Games (Japan, USA) (En,Ja)	Ponga a prueba sus habilidades atléticas con Hamtaro y sus amigos Ham-Ham mientras compiten en los Ham-Ham Games 2004. Debes guiar a diferentes Ham-Hams a la victoria en 15 eventos deportivos; incluyendo tiro con arco, carreras de velocidad, vela, natación y más. Apoya a tus personajes favoritos de Hamtaro mientras se enfrentan cara a cara con nuevos Ham-Hams, como los piratas del equipo Seaham. Además, con Game Boy Advance Game Link Cable, puedes intercambiar estadísticas y disfraces coleccionables con tus amigos.
Hamtaro - Ham-Ham Heartbreak (USA)	¡Todos los hámsters están discutiendo, y no es de extrañar por qué! Spat, un alborotador entrometido, dice mentiras y causa dolor en todas partes. Depende de Hamtaro y su mejor amiga Bijou seguir a Spat, detener las disputas y hacer que todos vuelvan a hablar.
Hamtaro - Rainbow Rescue (Europe) (En,Fr,De,Es,It)	Hamtaro: Rainbow Rescue es un juego de aventuras de Game Boy Advance. En este episodio, un hámster de las estrellas llamado Bo aterriza en la Tierra, y por accidente dispersa los siete colores del arco iris durante su caída. Por tanto, a los hámsteres terrestres en este caso Hamtaro y sus amigos se les encomienda la tarea de recoger siete objetos que permitan reconstruir el arcoíris.
Hanabi Hyakkei Advance (Japan)	Reedición de &quot;Dai Hanabi&quot; con la adición de una pantalla LCD para el disfrute de los jugadores. Disfruta al máximo los efectos que aumentan la anticipación y las numerosas y bellas marcas de alcance.
Happy Feet (USA) (En,Fr)	Ponte en la piel de un pájaro que tiene unos pies felices en este juego basado en la película animada Happy Feet. Mumble es un pingüino joven. Ha nacido en una bandada de Empire Penguins que son excelentes cantando. Cada pingüino necesita un Canto del Corazón para atraer a su alma gemela. Mumble, sin embargo, es casi el peor cantante del mundo. Lo único que puede hacer, y lo hace realmente bien, es el claqué. Canta y baila por el mundo de los pingüinos mientras interactúas con los amigos y enemigos de Mumble. ¡No pierdas la esperanza de que, en algún lugar del gélido Artic, encontrarás la canción para calentar el corazón de alguien!
Hardcore Pinball (USA, Europe)	Deja los cuartos en casa mientras te enfrentas a cuatro mesas de pinball temáticas: fútbol, RoboMech, Retro y Station, todas cobradas vida con física de pinball realista, aletas animadas y elementos de puntuación (parachoques, rieles, pateadores, hilanderos y más) y música digitalizada y efectos de sonido.
Hardcore Pool (Europe) (En,De,Es,It)	Son todos los ángulos para ganar en este juego de billar. Presenta física realista de bolas y mesas, gráficos renderizados en 3D, 8 personajes jugables y 5 modos de juego: Arcade, Torneo, Bola 8, Bola 9 y Desafío de tiempo. Cancelado antes del lanzamiento (EE. UU.).
Harlem Globetrotters - World Tour (USA)	Harlem Globetrotters: World Tour es un juego de baloncesto 2 contra 2 en el que el jugador controla a los Harlem Globetrotters mientras se enfrentan a equipos de todo el mundo. Los cuartos duran de 1 a 3 minutos. El juego tiene dos modos: Quick Match y World Tour. El modo &quot;Partida rápida&quot; permite al jugador seleccionar un equipo y elegir dos jugadores sin diferencia en el juego entre ellos. En el modo &quot;World Tour&quot;, el jugador controla a los Harlem Globetrotters mientras juegan contra 50 equipos ficticios de todo el mundo.
Harobots - Robo Hero Battling!! (Japan)	Harobots : Robo Hero Battling!! es un juego de rol de acción para Gameboy Advance en el que posees a Haro, un robot de lucha de la serie Gundam. Puedes mejorarlo y hacer que luche contra otros robots.
Harry Potter - Quidditch World Cup (USA, Europe) (En,Fr,De,Es,It,Nl,Da)	Adaptación portátil del juego de deportes de fantasía de Electronic Arts. Toma cualquiera de las Casas de Hogwarts para triunfar en la Copa de Quidditch de Hogwarts y luego usa tus nuevas habilidades para llevar a tu país a la victoria en la Copa del Mundo de Quidditch. Los jugadores pueden elegir entre nueve equipos internacionales de Quidditch, cada uno con su propio estilo de juego distintivo: Estados Unidos, Inglaterra, Francia, Alemania, el equipo nórdico, España, Australia y Bulgaria con Viktor Krum. Los propietarios de GBA pueden experimentar el primer juego multijugador de Harry Potter para la plataforma. Conéctate para enfrentarte cara a cara con tus amigos en una acción mágica, rápida y emocionante para dos jugadores.
Harry Potter and the Chamber of Secrets (USA, Europe) (En,Fr,De,Es,It,Nl,Pt,Sv,No,Da)	El juego de Game Boy Advance basado en el segundo libro y película de Harry Potter es, al igual que su predecesor, una aventura de acción, esta vez con una perspectiva isométrica. En el segundo año de Harry en Hogwarts, están pasando cosas malas. Se ha abierto la antigua Cámara de los Secretos, y lo que acecha en su interior es atacar a los estudiantes. Para superar este calvario vivo (y avanzar en la trama) Harry debe completar de nuevo varios desafíos. Estos consisten principalmente en navegar grandes laberintos - luchando contra monstruos, resolver puzzles, voltear interruptores y presionar botones para que las puertas se abran. Seis hechizos están disponibles para ayudar. Como Harry está a menudo en lugares que no debería estar, las secuencias de sigilo también son una gran parte del juego.
Harry Potter and the Goblet of Fire (USA, Europe) (En,Fr,De,Es,It,Nl,Da)	Harry, Ron y Hermione están de regreso en Harry Potter y el cáliz de fuego, un juego basado en el cuarto libro de J.K. Rowling. El juego sigue a Harry, el mago en entrenamiento, mientras se enfrenta a un dragón que escupe fuego, rescata a amigos de las profundidades heladas del Lago Negro y navega por los corredores retorcidos de un laberinto. Como Harry, Ron o Hermione, puedes lanzar una variedad de hechizos tanto en modo cooperativo como para un jugador.
Harry Potter and the Order of the Phoenix (USA, Europe) (En,Fr,De,Es,It,Nl,Da)	En Harry Potter y la Orden del Fénix, Harry regresa para su quinto año de estudio en Hogwarts y descubre que gran parte de la comunidad de magos niega el reciente encuentro del adolescente con el malvado Lord Voldemort. El Ministro de Magia ha decidido impartir cursos de magia defensiva, pero esto deja a los jóvenes hechiceros deplorablemente mal preparados para defenderse de las fuerzas oscuras que les amenazan. Reuniéndose en secreto con un pequeño grupo de estudiantes que se llaman a sí mismos &quot;El ejército de Dumbledore&quot;, Harry se ha encargado de enseñar a su grupo de estudiantes cómo defenderse de las artes oscuras, preparando a los valientes jóvenes magos para la extraordinaria batalla que se avecina.
Harry Potter and the Prisoner of Azkaban (USA, Europe) (En,Fr,De,Es,It,Nl,Da)	Vienen los dementores, y esta vez Harry necesita a sus amigos. Desde la escena de apertura en el Expreso de Hogwarts hasta el final climático en la orilla del gran lago en Hogwarts, Harry Potter y el Prisionero de Azkaban te sumergen en el mundo de Harry Potter. Como Harry, Ron y Hermione, te enfrentarás a los temidos guardias Azkaban, volarás al hipogrifo alrededor de las torres y explorarás Hogwarts con el Mapa del Merodeador. Aprende hechizos que te permiten congelar criaturas, controlar dragones y conjurar un Patronus. Los nuevos minijuegos para dos jugadores incluyen los minijuegos Flying Seahorse Fishing y Dueling Club.
Harry Potter and the Sorcerer's Stone (USA, Europe) (En,Fr,De,Es,It,Nl,Pt,Sv,No,Da)	En su primer año en Hogwarts, Harry aún se está adaptando cuando, junto a Ron y Hermione, descubre una sala custodiada por un enorme perro de tres cabezas. Tras escapar, se preguntan qué secreto protege la criatura, iniciando la historia de la Piedra Filosofal. El videojuego basado en el libro y la primera película ofrece una aventura de acción al estilo del título previo de EA, La cámara de los Secretos.
Harry Potter Collection (Europe) (En,Fr,De,Es,It,Nl,Pt,Sv,No,Da)	Esta recopilación reúne tres juegos de la serie Harry Potter en un solo cartucho para Game Boy Advance: Harry Potter y la piedra filosofal; Harry Potter y la cámara de los secretos; y Harry Potter y el prisionero de Azkaban. Tres aventuras que siguen a Harry y sus amigos a través de sus primeros años en Hogwarts, combinando exploración, puzles y magia en formato portátil.
Harvest Moon - Friends of Mineral Town (USA)	Cuando era niño, pasó un verano memorable en una granja en el país y experimentó un mundo completamente nuevo de emoción. ¡Han pasado años, y ahora la granja tan descuidada que guarda buenos recuerdos es tuya! Depende de usted rejuvenecer con éxito la granja y construir una vida para usted. ¡La mejor parte es que puedes hacerlo como quieras! ¡Planta y cosecha cultivos, cría animales de granja, cásate con la mujer de tus sueños y forma una familia! ¡Toma las riendas de la vida y crea tu propia aventura pastoral!
Harvest Moon - More Friends of Mineral Town (USA)	Vive la vida simple como granjero en Harvest Moon: More Friends of Mineral Town. Este juego es similar al Harvest Moon original: Friends of Mineral Town, pero ahora puedes jugar como una chica que ha dejado la ciudad para seguir una vida en la granja. Participará en el cultivo, la gestión del ganado, la búsqueda de un marido y la crianza de los hijos.
Hatena Satena (Japan)	Hatena Satena fue lanzada por Hudson en 2001 para Game Boy Advance. Es de naturaleza similar a la serie de juegos Picross: acertijos de cuadrícula de una sola pantalla en los que se te dan pistas sobre dónde cortar, y finalmente revela una imagen en la cuadrícula. Los elementos de Buscaminas también están presentes: cada cuadrado que reveles te permitirá saber cuántos cuadrados del mismo color están tocándolo. Hatena Satena presenta diseños de personajes lindos e interesantes de Super Lovers. Si bien el juego es únicamente en japonés y presenta una gran cantidad de poco texto, cualquiera puede reproducirlo sin importar su nivel de idioma.
Heidi - The Game (Europe) (En,Fr,De,Es,It)	Heidi: The Official Game recrea el mundo de la película, permitiéndote explorar lugares icónicos como el pueblo o la casa del abuelo. Podrás interactuar con la naturaleza y con distintos animales, algunos tímidos y otros más agresivos, a los que deberás ganarte con paciencia. Una aventura que captura el espíritu de Heidi y su vida en las montañas.
Hello Kitty - Happy Party Pals (USA)	Hello Kitty: ¡Happy Party Pals ! Conoce a la favorita de las niñas. Explora el maravilloso mundo de Hello Kitty y descubre todos los ingredientes que harán que esta reunión sea un éxito. Encuentra el lugar perfecto y contacta con los amigos de Kitty por teléfono. Puedes enviarles mensajes e invitaciones. Participa en trece alocados minijuegos en un universo muy colorido.
Herbie - Fully Loaded (USA)	Inspirado en el largometraje Herbie: Fully Loaded de Walt Disney Pictures, el videojuego lleno de acción empuja a los jugadores al mundo de alto octanaje de las carreras de autos stock en 3D. El videojuego ofrece a los fanáticos la oportunidad de ponerse al volante de uno de los autos más queridos del mundo, Herbie the Love Bug, mientras disfrutan de divertidos power-ups, movimientos de carreras personalizados, peligros y repeticiones gratuitas de carreras desbloqueadas.
Hey Arnold! - The Movie (USA)	Un gran problema requiere una gran cabeza. Future Tech Industries ha llegado a la ciudad y quiere nivelar la pensión y el resto del bloque. Sigue a Arnold y sus amigos a través de una trepidante aventura para intentar salvar el vecindario.
Hi Hi Puffy AmiYumi - Kaznapped! (USA)	Hi Hi Puffy AmiYumi: Kaznapped! Es un videojuego basado en la serie de Cartoon Network Hi Hi Puffy AmiYumi Ami y Yumi acababan de regresar de un concierto de la gira mundial y decidieron tomarse un descanso. Kaz les pregunta por qué no están haciendo nuevas canciones, y Ami y Yumi responden diciéndole que estaban cansadas. Harmony hipnotiza a Kaz y lo secuestra, y Ami y Yumi comienzan un nuevo viaje para rescatar a Kaz.
High Heat Major League Baseball 2002 (USA, Europe)	High Heat 2002 es el tercer juego de la serie &quot;High Heat&quot;.Sucesor de los dos anteriores juegos de Sammy Sosa. Al igual que los juegos anteriores, el HH2002 es un simulador de béisbol total. Puede retroceder y simplemente administrar su equipo o puede ir directamente al campo y jugar cada juego. Puedes configurar el juego en muchos formatos diferentes.
High Heat Major League Baseball 2003 (USA)	La serie High Heat regresa para otra temporada de béisbol, esta vez con las siguientes actualizaciones: Tecnología Truplay AI mejorada, que permite animaciones más reales para bateadores, fildeadores y lanzadores, etc. Todas las listas de equipos actualizadas para la nueva temporada Comentario de dos hombres del equipo de Entrenadores y gerentes de campo Y nuevos modos de juego que incluyen derby de jonrones, draft de fantasía, crear un jugador, práctica de bateo y un desafío dos contra dos.
High School Musical - Livin' the Dream (USA)	Ayuda a los Wildcats a encontrar los instrumentos perdidos antes de la competición estatal. Juega como Gabriella, Troy, Sharpay o Ryan, cada uno con habilidades únicas, y baila al ritmo de canciones de las dos películas. Recorre East High, supera desafíos y resuelve el misterio mientras buscas los instrumentos desaparecidos para que el equipo llegue a tiempo al gran evento.
Hikaru no Go (Japan)	Hikaru No Go para Gameboy Advance es la primera parte del juego Go basado en el manga del mismo nombre. El juego Go es un juego de estrategia japonés muy viejo.
Hikaru no Go 2 (Japan)	Hikaru No Go para Gameboy Advance es la segunda parte del juego Go basado en el manga del mismo nombre. El juego Go es un juego de estrategia japonés muy antiguo.
Hobbit, The - The Prelude to the Lord of the Rings (USA)	Bilbo el Hobbit en GBA es un juego de acción/aventura que recrea fielmente el universo del Señor de los Anillos imaginado por Tolkien. Como en el libro, hay hobbits, elfos, duendes y todas las demás criaturas que habitan en la Tierra Media. Juega como Bilbo, un joven hobbit elegido por Gandalf para recuperar el tesoro robado por Smaug el Dragón, hace mucho tiempo, el mismo que destruyó el Reino de los Enanos.
Home on the Range (USA) (En,Fr)	Zafarrancho en el Rancho para Game Boy Advance continúa la historia tras la película. Alameda Slim, Rico y los tres Willies han escapado de prisión y vuelven a las andadas. Buck, Maggie, Jeb, Lucky Jack y el resto de animales deben reunir fuerzas para capturarlos de nuevo. La aventura recorre muchos lugares conocidos del filme y ofrece una experiencia llena de acción y humor en el salvaje Oeste.
Horsez (USA)	En Horsez ingresas en una nueva academia ecuestre donde debes entrenar a tu caballo para convertirlo en un auténtico campeón. Además de participar en distintas actividades y mejorar sus habilidades, también podrás cuidar de un adorable potro, atendiendo sus necesidades y viendo cómo crece. Una experiencia centrada en la crianza, el vínculo y la vida en la escuela de equitación.
Hot Potato! (USA)	El jugador maneja un autobús que transporta a un grupo de patatas multicolor. Mientras el autobús recorre las calles, el jugador deberá liberar oleadas de patatas, y si una patata choca con otra del mismo color, esta será salvada. ¡Salva a las patatas, salva el Mundo!
Hot Wheels - All Out (USA)	Hot Wheels World Challenge te convierte en un piloto temerario capaz de realizar acrobacias espectaculares con los mejores coches Hot Wheels. En Hot Wheels Stunt Track Challenge compites en el show más extremo, donde los conductores deben impresionar al público superando rivales y ejecutando maniobras arriesgadas para avanzar y desbloquear vehículos mejores. Una experiencia llena de velocidad y desafíos.
Hot Wheels - Burnin' Rubber (USA)	Enciende tus motores y compite por el campeonato en tus automóviles favoritos de Hot Wheels mientras vuelan sobre saltos, dan vueltas en curvas cerradas y aceleran a través de ambientes radicales!
Hot Wheels - Stunt Track Challenge (USA, Europe)	Los jugadores se enfrentarán en competición en un nuevo y ardiente videojuego de juegos extremos, en el que deberán completar acrobacias peligrosas y ganar intensas carreras. El objetivo es vencer a los oponentes e impresionar al público con las más valientes maniobras, para avanzar a otros episodios y ganar mejores coches. Al final de la temporada, el piloto con más valentía y mejores habilidades en acrobacias saldrá en un automóvil dorado como el campeón de Hot Wheels. Los jugadores eligen entre 30 auténticos coches Hot Wheels para competir en 24 desafíos de acrobacia y 12 pistas diferentes ambientadas en entornos como Buccaneer Bay, Jurassic Jam, Zero Gravity Zone, Tiki Island, Spider Alley y Lava Land. Los jugadores también pueden personalizar sus coches con colores únicos, ruedas y calcomanías.
Hot Wheels - Velocity X (USA)	Hot Wheels Velocity X te lanza a un día típico en el que bandas criminales, loops gigantes, velocidad extrema y choques brutales forman parte del camino. Supera misiones peligrosas a lo largo de cinco niveles destructibles, usando armas y maniobras arriesgadas. Acelera para hacer loops, realiza acrobacias, salta a gran altura, conduce por paredes y descubre atajos ocultos, o simplemente saca a tus rivales de la pista para cumplir cada objetivo.
Hot Wheels - World Race (USA)	En Hot Wheels World Race, las carreras se llevan a un nuevo nivel a medida que los jugadores se sumergen en el mundo de fantasía futurista único de Hot Wheels, donde la vida gira en torno a las carreras de acrobacias más intensas jamás imaginadas. Los jugadores compiten contra el reloj en pistas extremas con recorridos divididos / multinivel, obstáculos y velocidades como nunca antes. Los jugadores podrán realizar acrobacias que desafían la gravedad, acelerar a través de enormes bucles, subir paredes, encontrar atajos ocultos o simplemente competir con oponentes a través de volcanes, hielo, montañas y más. El juego permite a los jugadores elegir entre los auténticos autos Hot Wheels.
Hudson Best Collection Vol. 2 - Lode Runner Collection (Japan)	Hudson Best Collection Vol. 2: Lode Runner Collection en GBA es una compilación que incluye el mismo cartucho Lode Runner y Championship Lode Runner juntos, dos títulos lanzados originalmente en Nes. En estas acciones
Hugo - Bukkazoom! (Europe) (En,Fr,De,Es,It,Nl,Pt,Sv,No,Da,Fi,Pl)	En el loco y animado juego de carreras de karts de ritmo rápido, Hugo Bukkazoom!, los jugadores controlan una gran cantidad de personajes del mundo de Hugo mientras recorren el universo de itinerancia libre. Este juego de carreras simple y fácil de jugar cuenta con tres entornos diferentes y distintos, cinco modos de juego, karts desbloqueables y potenciadores, así como múltiples modos de juego.
Hugo - The Evil Mirror (USA) (En,Fr,Es)	La malvada bruja Scylla ha atrapado a Hugo en un espejo, y depende de ti liberarlo. En Hugo Advance deberás recorrer tres mundos distintos protegidos por peligrosos monstruos. Usa la pistola de hielo para congelar enemigos y empujarlos fuera del nivel, o combina varios para obtener mejoras. Solo reuniendo habilidad y reflejos podrás rescatar a Hugo y frustrar los planes de Scylla.
Hugo 2 in 1 (Europe) (En,Fr,De,Es,It,Nl,Pt,Sv,No,Da,Fi,Pl)	Dos juegos de Hugo en un solo cartucho. En Hugo: Bukkazoom! el famoso troll de la TV danesa es reducido al tamaño de una pulga y compite en carreras de karts a través de pantanos, desiertos y otros escenarios. Hugo: The Evil Mirror ofrece una aventura 2D donde Scylla captura a Hugo con un espejo mágico que se rompe en tres fragmentos. Los tres hijos del troll deberán recuperarlos para liberarlo y enfrentarse a la bruja para salvar a Hugolina.
Hunter X Hunter - Minna Tomodachi Daisakusen!! (Japan)	Adaptado del manga Hunter X Hunter de Togashi, Hunter X Hunter: Minna Tomodachi Daisakusen te permite reproducir la sección que tiene lugar en Greed Island con los 2 héroes, pero también con algunos miembros de la brigada fantasma.
I Spy Challenger! (USA)	Pon a prueba tus reflejos y tu ingenio para vencer al reloj, avanzar a rondas de bonificación y encontrar todos los objetos ocultos. Gana puntos extra si localizas los aros correctos a tiempo. Resuelve 36 acertijos del clásico veo-veo buscando elementos escondidos en una pantalla en continuo desplazamiento. Corre contra el tiempo, encuentra las parejas y progresa nivel tras nivel en este desafío de observación y rapidez.
Ice Age (USA) (En,Fr,Es)	Ice Age da el salto a Game Boy Advance con un plataformas basado en la película. Controla a Manny y a Sid a lo largo de diez niveles llenos de acción, ayudando al bebé Roshan mientras esquivas tigres dientes de sable, erizos y abejas. Manny puede lanzar nueces como proyectiles y superar obstáculos poco habituales, como mover un rinoceronte dormido o inhalar vapores de zorrillo para flotar sobre abismos. Una aventura prehistórica llena de humor y desafíos.
Ice Age 2 - The Meltdown (USA)	Aventura basada en la secuela de Ice Age. El deshielo amenaza con inundar el valle y Manny, Sid y Diego deben atravesar un paraje lleno de géiseres, parques acuáticos y pozos de alquitrán para ponerse a salvo. Scrat también participa con sus habituales peripecias: cavar, nadar, olfatear, girar y rodar mientras busca bellotas, convirtiéndose sin quererlo en el héroe que puede evitar la gran inundación.
Ice Nine (USA, Europe) (En,Fr,De,Es,It)	Prepárate para participar en una operación encubierta para detener un malvado plan para robar &quot;Ice Nine&quot;, un destructivo virus informático. En el papel de Tom Carter, llevarás a cabo una serie de misiones que irán desvelando poco a poco una conspiración dentro de la CIA. Dispones de un arsenal de equipo táctico, que incluye un rifle de francotirador, subfusiles, escopetas, gafas de visión nocturna y mucho más. Acaba con tus enemigos controlados por la inteligencia artificial en diferentes entornos o desafía hasta a tres de tus amigos en una arena deathmatch.
Ignition Collection - Volume 1 (Europe)	Ignition Collection: Volume 1 reúne tres juegos en un solo cartucho para Game Boy Advance: Animal Snap, un título de puzles centrado en emparejar animales; Super Dropzone, un arcade de acción y disparos inspirado en los clásicos de defensa planetaria; y World Tennis Stars, un juego deportivo de tenis con personajes caricaturescos y partidas rápidas. Una colección variada para todos los gustos.
IK+ (USA)	International Karate Plus lleva la acción de lucha digital a su punto más alto. Sus gráficos vibrantes y su potente sonido acompañan combates para uno o dos jugadores, con un tercer oponente controlado por la CPU que añade aún más presión. El repertorio de movimientos incluye patadas letales, puñetazos demoledores, cabezazos, patadas voladoras, el devastador split kick y el espectacular salto hacia atrás, todo a un ritmo frenético que pone a prueba tus reflejos.
Incredible Hulk, The (USA)	Interpreta a Bruce Banner y a su cabreado alter-ego Hulk para hacer frente a Leader y a su incipiente ejército de criaturas que aprovechan el poder gamma para acabar con todo a su paso.
Incredibles, The (USA, Europe)	El juego basado en la nueva película de Pixar, con su correspondiente conversión para GBA. ¿Estás preparado para volver a ser el héroe que eras?
Incredibles, The - Rise of the Underminer (USA, Europe)	Cuando el malvado Socavador emerge a la superficie con un siniestro plan para dominar el mundo, depende de Mr. Increíble y su genial amigo Frozono salvar el día. Mientras que la Sra. Increíble, Violeta, Dash y Jack-Jack se encargan de las cosas en la superficie, Mr. Increíble y Frozono se apresuran bajo tierra para detener los malvados planes del Socavador y enterrar al villano diabólico de una vez por todas. Juego de acción/aventura completamente nuevo. Juega como Mr. Increíble o Frozono en cualquier momento. Juego cooperativo con la capacidad de cambiar de personaje en cualquier punto del juego. Actualiza los movimientos y habilidades de tu personaje a medida que avanzas en el juego.
Inspector Gadget - Advance Mission (USA)	Juega como el Inspector Gadget, Sophie o el perro Brain mientras localizas y desactivas las peligrosas máquinas hipnóticas que el Dr. Garra ha ocultado en monumentos famosos de todo el mundo. Visita lugares como la Estatua de la Libertad, la Torre Eiffel, el Big Ben o las Pirámides de Egipto. Usa gadgets como el helicóptero, el chubasquero hinchable, los patines o los gadgeto‑skis, y compite con hasta tres amigos en niveles llenos de acción.
Inspector Gadget Racing (Europe) (En,Fr,De,Es,It,Nl)	Basado en la serie animada de DIC, Inspector Gadget Racing es un juego de karts para Game Boy Advance desarrollado por Bit Managers, con un estilo similar a Mario Kart o Street Racer. Permite competir con personajes como Gadget, Sophie, Brain, el Jefe Quimby, Dr. Garra y varios agentes, cada uno con habilidades y power‑ups propios. Incluye circuitos terrestres, aéreos y submarinos, además de soporte para varios idiomas, entre ellos español, inglés, francés e italiano.
International Karate Advanced (Europe)	International Karate Advanced es un remake para Game Boy Advance de International Karate 2000, incorporando el combate a tres bandas de IK+ en lugar del clásico 1 contra 1. Mantiene los 12 personajes jugables, ahora con una valoración de habilidad de 1 a 5 estrellas. Regresan los minijuegos clásicos de IK+ y IK2000, junto con el dojo de práctica ya visto en la versión de Game Boy Color.
International Superstar Soccer (Europe)	¡El mejor juego de fútbol del mundo se ha vuelto portátil!. Participa en partidos de exhibición, copas internacionales y tandas de penaltis en un intento por convertirte en la mejor nación futbolística del mundo. Elija entre 36 equipos con listas completas de jugadores y establezca sus propias estrategias. Calienta la red mientras desafías al mundo.
International Superstar Soccer Advance (Europe)	International Superstar Soccer Advance le da vida a la serie de fútbol con baterías, con una jugabilidad que se asemeja al juego original de SNES. La acción se ve desde arriba, con los jugadores dibujados en grande y el área de la pantalla a la vista está predefinida. En esta edición se puede jugar una competición de copa eliminatoria así como amistosos y prácticas de penaltis. Se presentan 40 equipos, con los jugadores reales todos presentes con 9 categorías de habilidades diferentes. Hay 5 niveles de dificultad. Se proporciona un comentario continuo de Jon Champion. Se ofrecen 8 formaciones diferentes y 8 estrategias, y se pueden especificar marcas de hombres.
Invader (Europe)	Invader es un juego de disparos de desplazamiento vertical para Nintendo Game Boy Advance. Hay 8 niveles para disparar a través de cada final con un jefe final. El jugador puede seleccionar entre 2 barcos diferentes, cada uno con características específicas. Los enemigos dejan monedas que se pueden gastar en la Tienda, donde se pueden comprar mejoras como armas, vidas extra y créditos. Los modos de juego incluyen Arcade, Survival, Boss Attack y Cooperativo para 2 jugadores a través del cable Link.
Invincible Iron Man, The (USA, Europe)	El invencible Iron Man te permite experimentar los poderes de Iron Man peleando con hordas de enemigos mientras persigues los super villanos que han robado la tecnología de su traje de batalla. Usando una variedad de armamento de su traje de batalla el atraviesa diversos niveles qué están llenos de obstáculos ambientales e inminente peligro. Múltiples elevadores de poder, artículos de bonus desbloqueables y pick-ups especiales proporciona a los fans la última experiencia Iron Man.
Iridion 3D (World) (Steam, GOG)	En este título de lanzamiento de Gameboy Advance inspirado en Afterburner, un jugador pilota el caza SHN a través de siete niveles pseudo-3D. Al regresar a la Tierra de una misión espacial, el protagonista se da cuenta de que el imperio Iridion se ha hecho cargo. El caza SHN se puede actualizar con cinco tipos diferentes de armas para diferentes métodos de destrucción. Este es el primer juego en inglés del desarrollador alemán Shin'en, sin embargo, tienen experiencia previa, habiendo desarrollado controladores de sonido tanto para GBA como para GBC.
Iridion II (USA)	Secuela de Iridion 3D, este título cambia la jugabilidad pero duplica la acción. Con una mecánica al estilo Galaga y perspectiva 3D, combates a lo largo de 15 niveles llenos de intensidad. Dispones de seis armas mejorables para aumentar tu potencia de fuego. La historia transcurre cien años después del primer ataque de las fuerzas IRIDION, que regresan sedientas de venganza. Con la Tierra demasiado lejos para recibir ayuda, solo tú puedes detener la nueva invasión.
Iron Kid (Korea)	En Iron Kid la historia se centra en Marty,1​ un niño que excava piezas antiguas de robot para luego venderlas. Un día, descubrió el Puño de Eon que se inserta en el brazo de Marty luego de cobrar vida, dándole al mismo tiempo asombrosas habilidades de lucha1​ que le harían saber que él, es el &quot;último superviviente y heredero de la familia Eon&quot;.
Island Xtreme Stunts (USA, Europe) (En,Fr,De,Es,It,Nl,Sv,Da)	Island Xtreme Stunts combina varios géneros en un mundo abierto construido con LEGO. Encarnas a Pepper Roni, especialista de cine, mientras patinas, conduces, vuelas y pilotas distintos vehículos realizando acrobacias y enfrentándote al villano Brickster. Aunque puedes explorar libremente, la historia se divide en 25 misiones centradas en trucos sencillos. Con controles básicos y accesibles, es un juego fácil de disfrutar incluso para los más jóvenes.
It's Mr. Pants (USA, Europe)	It's Mr. Pants es un videojuego de rompecabezas desarrollado por Rare . Fue publicado por THQ para la Game Boy Advance (GBA) consola de juegos portátil en América del Norte y Europa en el período 2004-2005.
Jackie Chan Adventures - Legend of the Dark Hand (USA, Europe)	¿Eres lo suficientemente Chan? Como Jackie Chan, maestra de artes marciales y arqueóloga experta, tienes | para realizar una misión en todo el mundo para derrotar a la malvada organización Dark Hand. Sus demonios siniestros buscan entrar en el reino terrenal y depende de usted y su ingenio astuto, habilidad de artes marciales y pergaminos mágicos para detenerlos en su camino.
James Pond - Codename Robocod (USA) (En,Fr,Es,Pt)	En su segunda aventura, James Pond debe recuperar los juguetes que el Dr. Maybe ha robado. Pond ha sido armado con un dispositivo de estiramiento estilo Inspector Gadget, que puede usar para ver áreas más altas o agarrarse a los techos para deslizarse a través de ellos. El juego se desarrolla en mundos temáticos en torno a tipos particulares de juguetes, como artículos deportivos, dulces y aviones. Los niveles se desplazan hacia los lados, aunque se incluye una pequeña cantidad de movimiento vertical. En cada nivel, Pond debe recolectar 2 pingüinos y llegar a la salida, aunque generalmente hay múltiples salidas y muchas áreas secretas para explorar. Después de completar cada par de dos mundos (cada uno de los cuales tiene tres subniveles), debe enfrentarse a un jefe.
Jazz Jackrabbit (USA, Europe)	Un cruce entre Bugs Bunny y Han Solo, Jazz está a la altura de sus trucos habituales para salvar el mundo, aunque esta vez hay un incentivo aún mayor: el dinero. En un título exclusivo original de GBA, Jazz debe explorar 24 niveles por la mayor cantidad de dinero posible. Ese dinero puede destinarse a nuevas armas con las que destruir al enemigo, como el surtido habitual de blásters, lanzacohetes y lanzallamas. Junto con la aventura para un jugador, también se incluyen modos multijugador para hasta 4 personas, con modos de juego que van desde el estilo habitual de combate a muerte hasta capturar la bandera.
Jet Grind Radio (USA)	El éxito de hip-hop de Dreamcast llega a Game Boy Advance. Sus patinadores favoritos de Jet Grind Radio regresan en una verdadera explosión 3D a través de niveles emocionantes y diversos. Tome sus latas de aerosol y salga a las calles pintando la ciudad con sus colores mientras evita a los policías y las pandillas rivales. ¡No es fácil ser un niño en Tokio, pero con tus patines Overdrive Magnetic-Motor Skates y la necesidad de autoexpresión estás en camino de hacer tuya la ciudad! Cuenta con múltiples modos de juego que incluyen carreras uno a uno, patinaje de estilo libre para puntos, sesiones de etiquetado cronometradas y múltiples personajes jugables que tienen un aspecto completamente único, potenciadores que le permiten a usted, el patinador, tener poderes adicionales.
Jimmy Neutron - Boy Genius (USA)	Inicie el contacto con otra galaxia y lance un satélite improvisado al espacio antes del desayuno. Eso no es nada para Jimmy Neutron, el súper genio adolescente cuyos asombrosos inventos a menudo lo meten en un montón de problemas. Esta vez, depende de ti sacar a Jimmy de su enredo más difícil. Pasarás por seis niveles, incluida la casa de Jimmy, los Asteroides, Yolkus Underworld, Yolkus City y Retroland. Navega en Goddard, el invento más orgulloso de Jimmy que puede convertirse en Goddard Pogo, Goddard Scooter y Goddard Sled. ¿Podrá Jimmy superar esta gran aventura?
Jonny Moseley Mad Trix (USA) (En,Fr,De,Es,It)	Jonny Moseley Mad Trix es un juego de esquí extremo, en la línea de Tony Hawk's Pro Skater y Dave Mirra Freestyle BMX. Como Jonny Moseley, Tanner Hall o varios otros esquiadores, debes realizar varias acrobacias mientras corres por varios recorridos diferentes, incluidas montañas y ciudades, para desbloquear más recorridos y personajes secretos. La versión GBA tiene un punto de vista isométrico, en lugar del 3D de las versiones de consola, y tiene controles simplificados.
Juka and the Monophonic Menace (USA) (En,Fr,Es)	Juka and the Monophonic Menace es un juego de acción y aventuras. El personaje principal, Juka, es un alquimista que puede recolectar ingredientes de árboles, agua, arbustos y otros lugares para mezclar y crear pociones. Las pociones se pueden usar como una forma de defensa contra los enemigos, pueden alterar el paisaje o incluso activar máquinas. Juka también tiene un &quot;Bastón de sonido&quot;, que se puede usar para absorber y disparar diferentes tipos de sonidos a ciertos enemigos.
Jungle Book, The (USA) (En,Fr,De,Es,It,Nl)	Diseñado para fanáticos de la animación de todas las edades, El libro de la selva de Walt Disney para Game Boy Advance se basa en una de las películas de Disney más populares de la historia. En una aventura exuberante y colorida que sigue de cerca la trama de la película, el juego permite a los jugadores navegar como Mowgli, un niño indio de diez años criado en la jungla por lobos. El consejo de lobos le ordena a Mowgli que regrese a la aldea humana para protegerlo de Shere Khan, el terrible tigre. Únete a Mowgli en la caminata a través de la jungla mientras se encuentra con los desafiantes habitantes de la jungla en su camino hacia la aldea humana.
Jurassic Park III - Island Attack (USA)	¿No morirán nunca estos dinosaurios? Negándose a sucumbir a la extinción, los grandes y malvados monstruos de Parque Jurásico regresan en otra aventura del tamaño de un dinosaurio. Ábrete paso a través de 12 niveles de acción, utilizando armamento de alta tecnología para acechar a las bestias prehistóricas antes de que ellas puedan acecharte a ti. Diez especies diferentes te aterrorizarán a lo largo de los escenarios de JURASSIC PARK. Con unos gráficos y una jugabilidad que rivalizan con los juegos de monedas, Jurassic Park III: Dino Attack podría ser lo más grande que haya pasado por los juegos de mano.
Jurassic Park III - Park Builder (USA)	Claramente, las personas que construyeron el parque original fueron culpables de algunos descuidos. ¿Crees que puedes hacerlo mejor? Intente trazar todos los detalles de la creación y gestión de un parque de dinosaurios en JURASSIC PARK III: Park Builder. Un título de simulación de estrategia del más alto calibre, el juego te deja a cargo de 100 especies de dinosaurios, tienes la tarea de colocarlos y mantener su salud. Por supuesto, también está el asunto de los restaurantes, tiendas, atracciones y otras atracciones. Si el parque que crea es demasiado aburrido, mal mantenido o excesivamente caro, nadie se presentará, por lo que es mejor que use un juicio serio. Además de administrar el parque, tendrás que recoger hebras de ADN de todo el parque para crear nuevos dinosaurios y hacer que la gente vuelva. ¿Suena demasiado para manejar? Espere hasta que uno de sus amigos prehistóricos se escape el día de la inauguración.
Jurassic Park III - The DNA Factor (USA)	Jurassic Park III: The DNA Factor recrea el mundo de Jurassic Park y lleva a los jugadores a una aventura prehistórica interactiva. El juego es una mezcla divertida y única de fases de aventura de desplazamiento horizontal e intensos puzzles. Jurassic Park III: The DNA Factor incluye más de 10 especies de dinosaurios y 12 enormes niveles para explorar.
Jurassic Park Institute Tour - Dinosaur Rescue (Japan)	Dinosaur Rescue es un videojuego inspirado en Jurassic Park para Game Boy Advance. Solo se lanzó en Japón y fue parte de la mercancía del Jurassic Park Institute Tour. Es una serie de minijuegos y la trama se basa libremente en las películas de Jurassic Park. El objetivo del juego es obtener suficiente puntuación para que los jugadores puedan completar la galería de imágenes, lo que desencadena el final del juego. Cada uno de los 5 minijuegos tiene diferentes objetivos.
Justice League - Chronicles (USA)	Los supervillanos han desatado una triple amenaza para la dominación global y depende de los superhéroes más grandes del mundo, la Liga de la Justicia, salvar a la Tierra del peligro. Justice League ofrece una aventura interactiva y episódica en Game Boy Advance que simula el atractivo estilístico y animado de la popular serie con un aspecto y una sensación nuevos, distintos y dinámicos.
Justice League - Injustice for All (USA)	Liga de la Justicia: Injustice for All demuestra que cuando una catástrofe global golpea y el mundo está en peligro, la Liga de la Justicia, los superhéroes más grandes de todos los tiempos, son llamados para salvar el día. Luchando por la verdad, la justicia y la libertad, Superman, Batman, Wonder Woman, The Flash, Green Lantern, Hawkgirl y Martian Manhunter se han unido para luchar por el bien común contra la Liga de la Injusticia: El Guasón, Lex Luthor, Mongul, Cheetah, Solomon Grundy, The Shade, Star Sapphire, Copperhead, Gorilla Grodd, Felix Faust y The Manhunter Robots.
Justice League Heroes - The Flash (USA)	Justice League Heroes: The Flash, desarrollado por WayForward para Game Boy Advance, te pone en la piel de Flash usando la Fuerza de la Velocidad para golpear antes que tus enemigos, ejecutar ataques combinados y ralentizar el tiempo para vencer en cámara lenta. Como el hombre más rápido del mundo, también puedes pedir apoyo a otros miembros de la Liga de la Justicia, como Superman, Batman o Wonder Woman, que aportan ataques especiales decisivos.
K-1 Pocket Grand Prix (Japan)	La franquicia K-1 Pocket Grand Prix es una serie de juegos de kickboxing / artes marciales en Game Boy Advance que usa la marca K-1 y luchadores reales. Puedes elegir uno de los catorce luchadores diferentes. Los jugadores pueden patear, golpear y usar movimientos especiales.
K-1 Pocket Grand Prix 2 (Japan)	K-1 Pocket Grand Prix 2 es una secuela exclusiva de Japón en la que puedes seleccionar de una lista de 17 luchadores famosos de K-1 de diferentes regiones y competir para ganar el torneo del gran premio. También puedes crear un luchador y seleccionar una región y una selección de golpes y patadas para él. El juego representa a los luchadores como sprites de dibujos animados superiores en el mismo estilo que lo hace el luchador de rompecabezas para los personajes de luchadores callejeros. El juego se desarrolla en rondas aceleradas de 3 minutos y no representa una lucha K-1 precisa, ya que los luchadores pueden utilizar movimientos especiales como patadas en llamas. El juego toma prestadas características de otros luchadores en 2D, como street fighter, lo que te permite hacer ataques de carga, paradas, súper movimientos y ganar el juego al agotar la barra de salud de tus oponentes. El juego es un poco irónico, cuando el policía criminal gana una pelea, hace su pose ganadora con su famoso uniforme de policía.
Kamaitachi no Yoru Advance (Japan)	Kamaitachi no Yoru es un juego de aventuras de temática adulta que comienza cuando el héroe y su prometida se adentran en los deportes de invierno y evolucionan hacia una investigación para detener a un peligroso asesino. El juego se ve como &quot;Getsumen no Anubis&quot;, porque sus protagonistas siempre están representados por sombras, mientras que las muchas páginas de texto que se desplazan incansablemente llaman al jugador para que haga pocas elecciones.
KAO the Kangaroo (USA) (En,Fr,De,Es,It,Nl)	¡Crikey! ¡Kao ha sido robado desde abajo! Depende de usted llevarlo a casa en el Outback. A diferencia de las versiones de Windows y Dreamcast de este juego, la versión GBA es un juego de plataformas de desplazamiento lateral en 2D. Controlas a Kao the Kangaroo a través de veintisiete niveles. Tus modos básicos de viaje son correr o saltar, pero en niveles posteriores, tendrás snowboard, vuelo y motos de agua. Mientras viajas, los enemigos intentan detenerte. Debes matar o evitar a estos enemigos.
Karnaaj Rally (USA, Europe)	Karnaaj Rally es un juego de carreras con vista cenital que combina gráficos 2D y 3D, al estilo Micro Machines. Compites contra tres rivales en múltiples circuitos usando turbo recargable y armas como cohetes y minas. El modo carrera incluye cuatro series con vehículos y pistas propias, y permite ganar dinero para mejorar motor, neumáticos, armadura y arsenal, además de apostar en los resultados. También ofrece multijugador para hasta cuatro jugadores.
Kawa no Nushi Tsuri 5 - Fushigi no Mori kara (Japan)	Conviértete en el protagonista que se ha adentrado en otro mundo y emprende una aventura para atrapar &quot;delfines de río&quot; que harán realidad tus deseos. ¡Atrapa peces para ganar dinero y ayuda a las personas que se han convertido en peces debido a una maldición!
Kelly Slater's Pro Surfer (USA, Europe)	Te gusta surfear ¿Alguna vez te has imaginado surfeando en diferentes lugares remotos del mundo? Bueno, Kelly Slater te lleva alrededor del mundo en su bote para surfear algunas de las playas más famosas. Con un esquema de control similar al de todos los demás juegos de la marca Activision O2, es fácil saltar al juego y navegar. Tiempo infinito: sin reloj, sin objetivos y sin nadie alrededor, esto le brinda la mejor oportunidad para simplemente disfrutar del surf. Desafío de iconos: vea cuántos iconos puede recopilar y qué puntuación puede obtener antes de que se acabe el tiempo. Modo Carrera: selecciona un surfista y viaja por el mundo para surfear las mejores olas en las mejores playas. A medida que avances, desbloquearás nuevas playas, nuevas tablas de surf y nuevos trucos que podrás utilizar en todos los demás modos de juego.
Kid Paddle (Europe) (Fr,Nl)	Para ganar la nueva consola Ultra 3000, Kid Paddle debe ganar el desafío City Game y demostrar que es el rey de los videojuegos. Pero el desafío es serio y Kid contará con la ayuda de sus amigos Horace y Big-bang, que se convertirán en sus entrenadores. Podrás jugar a 26 juegos diferentes. Algunos de los juegos son de plataforma, otros son como el antiguo arcade y otros como minijuegos pero todos integran el espíritu &quot;gore&quot; y políticamente incorrecto de la serie de historietas. Creada por Midam en 1996, la tira cómica Kid Paddle es un gran éxito en el país de Europa. Los 9 álbumes publicados se vendieron con más de 2,5 millones de ejemplares y la serie de dibujo animado es una de las mejores audiencias.
Kid's Cards (USA)	Kids Cards ofrece partidas en solitario o multijugador para hasta cuatro jugadores. Su interfaz sencilla facilita empezar a jugar de inmediato y cada uno de los cinco juegos de cartas incluye ajustes propios. También incorpora tres bandas sonoras para acompañar la experiencia. Los juegos disponibles son Go Fish, War, Crazy Eights, Old Maid y Slap Jack, pensados para partidas rápidas y accesibles para todos.
Kidou Senshi Gundam SEED - Tomo to Kimi to Koko de. (Japan)	Interactúa con los personajes del anime del mismo nombre y toma decisiones a medida que avanzas en la historia. También podrás controlar Mobile Suits y luchar contra enemigos.
Kidou Senshi Gundam SEED Destiny (Japan)	Mobile Suit Gundam SEED Destiny es un videojuego que fue lanzado en la consola Game Boy Advance en 2004 por Bandai, el juego fue desarrollado por Natsume. El juego es una secuela de Mobile Suit Gundam SEED: Battle Assault y está basado en la serie de anime, Gundam SEED Destiny. El juego también contiene los trajes y personajes de la serie anterior. Los modos de juego incluyen misiones en solitario y el modo versus para dos jugadores, en el que se pueden conectar hasta cuatro consolas Game Boy Advance para una acción cara a cara. Battle Assault también permite a los jugadores ajustar los niveles de dificultad: Elige el modo automático o manual y ajusta los medidores de armadura, HP y energía para maximizar el desafío. También hay una tienda donde comprar trajes, personajes, música y escenarios.
Kien (USA) (Proto)	¡Descubre el secreto de Kien! Durante 7.000 años, el planeta Malkut ha sido sabiamente gobernado por los 7 Maestros del Absoluto. Pero el caos ha renacido a medida que el mal corrompe la Tierra de la Armonía. Los 7 Maestros han desaparecido, los guerreros místicos fueron masacrados y los templos están condenados a sangre. La única esperanza que queda está aprisionada en el corazón y la voluntad de dos jóvenes aprendices. Su destino es luchar contra el mal, revelar la verdad y descubrir el secreto de Kien.
Kill Switch (USA)	Kill.switch es un juego de acción en tercera persona en GBA. En un mundo al borde de un conflicto global, el jugador se encuentra en primera línea. Por lo tanto, es cuestión de moverse a cubierto y luego eliminar a sus enemigos. Hay seis niveles disponibles y se pueden desbloquear modos de juego adicionales.
Killer 3D Pool (USA)	¡Killer 3D Pool trae el clásico juego de bar a tu Game Boy Advance en 3D completo! Jugando contra 15 oponentes computarizados de diferentes habilidades en 4 estilos diferentes de juego de billar, su objetivo es vencer a todos los recién llegados. Killer 3D Pool tiene cuatro versiones diferentes de billar, cada una con su propio estilo y reglas: bola 8 inglesa, bola 8 estadounidense, bola 9 estadounidense y Killer. Juega con tus amigos en una partida de dos jugadores, o para la mejor experiencia de dos jugadores, usa una segunda Game Boy Advance con modo multijugador. ¡No querrás perderte esto!
Kim Possible - Revenge of Monkey Fist (USA)	Kim Possible es un plataformas de desplazamiento lateral donde Kim debe rescatar a Ron, secuestrado por el maestro ninja Monkey Fist. Enfréntate a villanos como Dr. Drakken y Shego usando puñetazos, patadas, acrobacias y gadgets como el pintalabios láser o las bombas‑compacto. Wade aporta consejos durante la aventura. Al avanzar por los ocho niveles puedes recoger gemas para desbloquear imágenes y clips de la serie.
Kim Possible 2 - Drakken's Demise (USA) (En,Fr)	La nueva aventura de Kim Possible la lleva a la batalla con Falsetto Jones, Gemini, Duff Killigan, Shego y el Dr. Drakken en cuatro intensos episodios. En cada nuevo episodio, Kim adquiere artilugios y habilidades acrobáticas que le permiten saltar paredes, hacer movimientos de judo, desviar rayos láser y rociar salsa picante para derretir obstrucciones heladas. Si todo lo demás falla, puedes usar su traje de sigilo y hacerla invisible a los ojos del enemigo. Una vez que Kim adquiera nuevos dispositivos y habilidades, podrá volver a jugar los niveles anteriores para acceder a áreas que antes eran inalcanzables.
Kim Possible 3 - Team Possible (USA) (En,Fr)	Kim Possible 3: Team Possible se basa en la serie animada de Disney y sigue a Kim y Ron mientras se enfrentan a villanos como Señor Senior, Monkey Fist y Dr. Drakken. Puedes alternar entre ambos personajes y usar sus gadgets únicos para cumplir objetivos. El juego incluye modos para uno o varios jugadores, además de cartas coleccionables y minijuegos desbloqueables que amplían la experiencia.
King of Fighters EX 2, The - Howling Blood (USA)	Al igual que los juegos de la saga, las peleas se desarrollan de peleas en equipos de 3 vs 3. En el juego existen tres tipos de salto, la opción de correr y la posibilidad de usar la barra de Supers para ejecutar los Desesperation Moves (movimientos de desesperación) y los Super Desesperation Moves, los cuales consumen tres barras de energía. En el juego también aparecen los Strikers, con la diferencia de que el Striker depende del (o de los) personaje(s) que uno tenga en reserva. Si al jugador le queda un solo personaje entonces ya no podrá hacer uso del striker.
King of Fighters EX, The - NeoBlood (USA)	Un anfitrión desconocido ha enviado invitaciones para el Torneo King of Fighters a los mejores luchadores del mundo. A pesar de las sospechas de un plan malvado, los luchadores están listos para entrar en la arena para determinar quién será el verdadero King of Fighters.
Kingdom Hearts - Chain of Memories (USA)	Kingdom Hearts: Chain of Memories ofrece una aventura completamente nueva y prepara el escenario para Kingdom Hearts II. Sora, Donald y Goofy viajan por muchos mundos vastos y coloridos en busca de sus compañeros desaparecidos. Encuentra más de 100 de tus amigos y enemigos favoritos de Disney y Final Fantasy. Recoge cartas misteriosas que abren puertas a nuevas aventuras, desbloquea habilidades poderosas y llama a amigos y familiares a tu lado. Experimente gráficos grandes y audaces y animación de alta calidad.
Kirby & The Amazing Mirror (USA)	¡Mirror World ha sido invadido por una sombra malvada, y Kirby tiene que salvar el día! ¡Afortunadamente, no tendrá que hacerlo solo! ¡Ha sido dividido en cuatro Kirby de diferentes colores, y con su teléfono celular de confianza, puede llamar a sus clones de colores para echar una mano!
Kirby - Nightmare in Dream Land (USA)	El Rey Dedede, el conocido enemigo de Kirby, vuelve a hacer de las suyas, robando la Star Rod que permite que los residentes de Dream Land puedan dormir a pierna suelta. Por ello, impulsado por el temor a una población de malhumorados e insomnes &quot;no soñadores&quot;, Kirby se pone en camino para recuperar el Star Rod. Tendrá que conseguir todas y cada una de sus 24 habilidades, &quot;absorbiéndolas&quot; de sus enemigos. Kirby tiene un montón de recursos: puede saltar y flotar inflándose de aire, pero está prácticamente indefenso. Sin embargo, cuando absorbe un enemigo con sus poderosos pulmones, puede tragárselo entero y robarle sus habilidades. Entre el arsenal de habilidades que puede tomar prestadas encontrarás rayos láser, bumeranes, lanzallamas, clavos, paraguas... cualquier cosa que te puedas imaginar. Muchos se utilizan para poder esquivar espinosos obstáculos, por lo que tendrás que descubrir dónde tienes que usar cada uno de ellos. Y, por supuesto, algunas habilidades son en realidad más cómicas que útiles.
Klonoa - Empire of Dreams (USA)	Es una historia alterna a la serie de consolas, lanzado en 2001 para Game Boy Advance. Sigue la historia de Klonoa después de misteriosamente despertar en el reino de Jillius donde es acusado por el rey de dormir, cosa que no está permitida en el reino a causa de que el emperador padece de insomnio.
Klonoa 2 - Dream Champ Tournament (USA)	El héroe de orejas caídas Klonoa regresa en otra aventura de desplazamiento lateral colorida y de ritmo rápido para Game Boy Advance. En su último desafío, Klonoa debe competir contra el tiempo y otros viajeros de ensueño en el Dream Champ Tournament para recoger estrellas, sol y piedras lunares para convertirse en el mejor Dream Champion. Combinando elementos de plataforma, rompecabezas y aventura, Klonoa 2: Dream Champ Tournament es solo la aventura que los fanáticos de la serie han estado esperando. ¡Explora los mundos intrincados y llenos de rompecabezas donde encontrarás una gran variedad de criaturas interesantes! ¿Resolver acertijos mal diseñados? Use cajas, cajas de bombas, interruptores, interruptores de presión, Goomis, resortes y escalas en su búsqueda de la gloria. Carreras Hoverboard? ¡Cada mundo contiene un emocionante y emocionante paseo de gemas para divertirse! Domina tus habilidades para ganar? Klonoa debe demostrar sus habilidades contra otros viajeros de ensueño en el Dream Champ Tournament.
Klonoa Heroes - Densetsu no Star Medal (Japan)	Klonoa Heroes en Gameboy Advance es un juego de rol de acción que te pone en la piel de Klonoa, un animal con largas orejas. La historia se centra en el personaje principal, el deseo de Klonoa de convertirse en héroe. Para ello, se une a Guntz que busca a una persona misteriosa. En el camino se encontrarán con otras personas para apoyar a su grupo.
Knights' Kingdom (USA)	Lego Knights' Kingdom te convierte en un héroe que se adentra en la Ciudadela de Orlan en busca del mágico Escudo de las Edades. Pondrás a prueba tus habilidades de combate frente a Vladek, el Caballero Oscuro, y su ejército, mientras resuelves puzzles y pequeñas misiones. Con uno de los cinco caballeros disponibles, acabarás enfrentándote a Vladek en un gran torneo que decidirá el destino del reino.
Koala Brothers - Outback Adventures (USA) (En,Fr,De,Es,It,Nl,Pt,Da)	Nunca se es demasiado joven para la aventura cuando los Hermanos Koala están de por medio. Ellos y sus mejores amigos esperan que nuevos compañeros se unan a sus peripecias por el precioso interior de Australia. Los niños pueden jugar con sus personajes favoritos de la serie Koala Brothers en diez juegos distintos, cada uno con entre cuatro y veinte niveles pensados para los más pequeños.
Konami Collector's Series - Arcade Advanced (USA)	Konami's Collectors Series: Arcade Advanced reúne seis clásicos arcade. Incluye la versión original de Frogger y títulos como Gyruss, Time Pilot, Rush 'n Attack, Scramble y Yie Ar Kung Fu, donde viajas por el espacio, atraviesas épocas y te infiltras en bases enemigas. La colección añade mejoras gráficas, nuevos niveles, ajustes de dificultad y modo multijugador, demostrando que estos clásicos siguen brillando con los años.
Konami Krazy Racers (USA)	Konami Krazy Racers es un juego de carreras de go-karts con personajes súper deformados. Cuenta con una alineación de personajes famosos de Konami como Goemon (de Ganbare Goemon) y Vic Viper (de Gradius). El juego tiene 6 pistas de carreras y la posibilidad de recolectar monedas para comprar accesorios. El modo de juego es similar al de otros juegos de carrera famosos.
Kong - King of Atlantis (USA)	Kong: King of Atlantis se basa estrechamente en la película complementaria de Kong: The Animated Series, e incorpora la trama de la versión en video en una aventura de desplazamiento lateral llena de acción. Cuando una antigua profecía comienza a hacerse realidad, la ciudad hundida de Atlantis comienza a levantarse. La malvada Reina Reptilla planea engañar a Kong para que se convierta en su Rey, usándolo como su esclavo para unir a los clanes en guerra de Atlantis para sus propias ganancias malvadas. En una carrera contra el tiempo, Jason debe convencer a Kong de que la Reina Reptilla es malvada, con la esperanza de que juntos puedan salvar las islas de Kong y Atlantis y sus habitantes.
Kong - The 8th Wonder of the World (USA) (En,Fr,Es)	Conocido en Europa como King Kong: The Official Game of the Movie, y adaptado a las limitaciones de la consola, ofrece una experiencia distinta a las versiones domésticas. Alternas entre los miembros del equipo de rodaje (Ann Darrow, Carl Denham y Jack Driscoll) en secciones aéreas centradas en puzles y exploración, y el propio King Kong en niveles laterales orientados al combate.
Kong - The Animated Series (USA) (En,Fr,De,Es,It,Nl)	Kong: The Animated Series es un juego de acción lanzado para Gameboy Advance. El juego utiliza el universo y los personajes de la serie de televisión del mismo nombre. Puedes jugar con el famoso gorila llamado King Kong, así como a su amigo humano Jason.
Kotoba no Puzzle - Mojipittan Advance (Japan)	Kotoba no Puzzle: Mojipittan Advance es un juego japonés de puzles de palabras. Es similar al juego de mesa Scrabble, en el que los jugadores se enfrentan a la computadora colocando fichas con caracteres del idioma sobre una cuadrícula para formar palabras. Sin embargo, a diferencia de Scrabble, el jugador solo puede colocar una ficha por turno. Además, la ficha puede colocarse en cualquier parte del tablero, incluso junto a fichas de varias palabras distintas, aunque al colocarse al lado de otra ficha forme una combinación que no sea una palabra existente. Mientras la colocación cree al menos una palabra válida, el movimiento está permitido.
Kurukuru Kururin (Europe)	Kuru Kuru Kururin es un innovador juego de acertijos en el que el personaje principal está dentro de un helicóptero y debe navegar a través de un laberinto en el menor tiempo posible. Los movimientos deben ejecutarse de manera precisa, ya que si el helicóptero choca contra una pared, se agregan 3 segundos al reloj. La misión del protagonista es rescatar a sus hermanos quienes se unirán a él cuando los encuentre. A lo largo del viaje, es posible recolectar una gran cantidad de poderes que le permitirán personalizar la apariencia del helicóptero.
Kururin Paradise (Japan)	Kururin Paradise es la secuela del título de lanzamiento de GBA, Kuru Kuru Kururin. En este juego, Kururin y su familia ven un anuncio del circo, que tiene lugar a las 6:00. La familia de Kururin llega a tiempo, pero Kururin llega tarde, y cuando llega, ¡todos faltan! Depende de Kururin buscar a través de la tierra a su familia desaparecida usando su fiel helicóptero, el Heririn. Como en el primer juego, Kururin debe abrirse camino a través de laberintos bastante estrechos, tratando de no golpear las paredes. Tres golpes consecutivos, y el Heririn se destruye, y debes comenzar la etapa de nuevo.
Lady Sia (USA) (En,Fr,De,Es,It,Nl)	Lady Sia es una joven princesa guerrera que intenta salvar su tierra natal de los crueles hombres bestia, los T'soas. Al principio, Sia será encarcelada. Una figura velada eventualmente la ayuda a escapar, y ahí es donde comienzas el juego. Corre, salta, gatea, trepa, escabulléate y ábrete camino entre monstruos, demonios y diversos peligros para salvar tu imperio de la raza malvada de las criaturas animales.
Land Before Time, The (USA) (En,Es)	Explorando una cueva al borde del Gran Valle, Piecito y sus amigos quedan atrapados por un derrumbe. Mientras buscan una salida, Spike descubre que no están solos: ¡un dienteagudo duerme en la cueva! Los jóvenes dinosaurios huyen y acaban perdidos en el Más Allá Misterioso. Cera es capturada por un Scorposaurus, Spike queda atrapado en un islote del pantano y Ducky se esconde de un Spiderdon. Petrie encuentra a Piecito y juntos parten a rescatar a sus amigos y regresar a casa.
Land Before Time, The - Into the Mysterious Beyond (USA) (En,Fr,Es)	Encarnas a Piecito y a todos sus amigos: Cera, Ducky, Petrie, Spike y Chomper. Este último se ha aventurado fuera del Valle por error y no sabe cómo volver. Sus amigos parten en su búsqueda, aunque eso signifique adentrarse en el misterioso Más Allá. Ayúdalos a encontrarlo y a superar los obstáculos aprovechando las habilidades y puntos fuertes de cada uno.
Lara Croft Tomb Raider - Legend (USA) (En,Fr,De,Es,It)	La preciosa Lara Croft regresa a Game Boy Advance con una aventura tan grande como todas las que ha protagonizado. Haciendo uso de todas sus habilidades, Lara deberá recuperar un bastón mágico relacionado con su familia, a medida que nosotros descubrimos más cosas de su pasado.
Lara Croft Tomb Raider - The Prophecy (USA) (En,Fr,De,Es,It)	Nueva entrega de las aventuras de Lara, pero esta vez en Game boy Advance, y con un aspecto totalmente diferente a todo lo visto hasta ahora, pero con el mismo espíritu de siempre.
Legend of Spyro, The - A New Beginning (USA)	The Legend of Spyro: A New Beginning es el primer juego de la trilogía The Legend of Spyro, un reinicio de la serie Spyro the Dragon. Fue desarrollado por Krome Studios y publicado por Sierra Entertainment para PlayStation 2, Xbox, GameCube y Game Boy Advance. Amaze Entertainment desarrolló la versión de Nintendo DS. El juego utiliza las voces de las celebridades, con Elijah Wood como la voz de Spyro, el comediante David Spade como Sparx, Cree Summer como Cynder y Gary Oldman como Ignitus. Krome Studios planeaba hacer un juego de Crash Bandicoot, pero Sierra Entertainment les pidió que desarrollaran The Legend of Spyro en su lugar. El juego también se ha observado por comenzar una trama más oscura y compleja a la serie Spyro. Su éxito generó dos secuelas y una película planeada de CGI.
Legend of Spyro, The - The Eternal Night (USA) (En,Fr)	The Legend of Spyro: The Eternal Night es un videojuego de la serie Spyro the Dragon. Es el segundo juego de la trilogía The Legend of Spyro, lanzado para PlayStation 2, Game Boy Advance, Nintendo DS, Wii y móvil. Fue el último juego lanzado oficialmente para el Game Boy Advance en Europa. Utiliza talento de voz de Elijah Wood, Gary Oldman (retomando sus papeles de Spyro e Ignitus respectivamente), y Billy West (como Sparx, reemplazando a David Spade). [2] Kevin Michael Richardson (como Terrador y Galia) y Mae Whitman (como Cynder, con clips de voz reciclados de Cree Summer de su predecesor) también fueron confirmados para ser parte del elenco durante la Semana de los Jugadores de Sierra 2007. [3]
Legend of Zelda, The - A Link to the Past & Four Swords (USA)	The Legend of Zelda: A Link to the Past, es un juego de acción y aventuras desarrollado y publicado por Nintendo para la consola Super Nintendo Entertainment System y años después a la Game Boy Advance, siendo la tercera entrega de la saga de videojuegos The Legend of Zelda.
Legend of Zelda, The - The Minish Cap (USA)	Link regresa en una nueva aventura de Game Boy Advance. Cuando el hechicero Vaati convierte a la princesa Zelda en piedra, el rey de Hyrule envía a Link en una búsqueda que lo lleva a lugares completamente nuevos. Usando el poder de un sombrero místico llamado Minish Cap, Link debe viajar a través de un mundo fantástico lleno de nuevos objetos para usar, rompecabezas y jefes. Como Link, puedes encogerte para luchar contra grandes enemigos desde dentro o encontrar elementos secretos. También puedes desbloquear elementos y resolver acertijos fusionando reliquias mágicas.
Legends of Wrestling II (USA, Europe)	Legends of Wrestling II es un juego de lucha libre profesional, juega con tu luchador favorito de una lista de 65 campeones famosos, incluidos Hulk Hogan, Andre The Giant, Rowdy Roddy Piper, Bruno Sammartino, Bret &quot;Hitman&quot; Hart, Sid Vicious, &quot;Big Poppa Pump Scott Steiner y Jerry &quot;El Rey&quot; Lawler. También puedes crear tu propio luchador personalizado.
LEGO Bionicle (USA) (En,Fr)	Vive la leyenda. Sé el Toa heroico y conviértete en el Toa de la Luz. Explora la isla de Mata Nui. Deslízate, nada y avanza a lo largo de tu aventura. Usa tus increíbles poderes elementales.
LEGO Island 2 - The Brickster's Revenge (USA) (En,Fr)	Brickster ha vuelto para sembrar el caos en esta secuela llena de carreras, persecuciones y saltos entre islas. Para reconstruir la Constructopedia del Informaniac tendrás que conducir, bucear, volar e incluso montar un dinosaurio mientras sigues su rastro por nuevos mundos LEGO. Conocerás a numerosos personajes y resolverás puzles que pondrán a prueba tus habilidades, todo para evitar que LEGO Island quede arruinada.
LEGO Racers 2 (USA) (En,Fr)	Siguiendo al primer juego, llega Rocket Racer que propone un nuevo desafío para poder encontrar al mejor corredor de la galaxia y lo hace convocando a los más grandes corredores de todos los tiempos en el Planeta Xalax para el &quot;Campeonato Galáctico de Carreras&quot;. Los jugadores deben demostrar sus habilidades para conducir en cuatro mundos diferentes para calificar a la carrera definitiva en el planeta Xalax. El modo de juego en historia tiene lugar toda la acción real de Lego Racers 2. En este modo te convertirás en un nuevo corredor decidido a ser el nuevo Campeón de Carreras Galácticas. En el camino otros corredores te desafiarán mientras tu continúas la búsqueda para ser el corredor número 1. Cuantas más carreras ganes, más recompensas o bloques doradas recibirás así como también más piezas ganarás para mejorar tu coche. Los bloques o recompensas doradas te ayudan a moverte por los diferentes niveles del juego. Cuando comienzas lo haces con cero cero bloques y los obtienes a medida que vas ganando carreras. Tiene varios modos multijugador, con o sin computadoras en los coches. El juego contiene pistas de 4 carriles.
LEGO Star Wars - The Video Game (USA, Europe) (En,Fr,De,Es,It,Nl,Da)	Lego Star Wars en Game Boy Advance te permite revivir los episodios I‑III con los emblemáticos personajes LEGO. Redescubre momentos clave de las películas y enfréntate a la amenaza Sith controlando a numerosos héroes: poderosos Jedi como Obi‑Wan, Anakin o Yoda; droides como R2‑D2 o el torpe Binks; Chewbacca y muchos más, cada uno con habilidades propias para avanzar en la aventura.
LEGO Star Wars II - The Original Trilogy (USA)	Lego Star Wars II toma la diversión y la capacidad de personalización del patrón de juego LEGO y la combina con la historia épica, los personajes y la acción del mundo Star Wars: Episodios IV, V y VI. Con una versión irónica única de la trilogía original, LEGO Star Wars II te permite construir y abrirte camino a través de tus momentos cinematográficos favoritos. Desde la persecución de Darth Vader a la Princesa Leia a bordo de su Blockade Runner hasta el enfrentamiento final de Luke con el Emperador Palpatine. Por primera vez, los personajes pueden entrar y salir de vehículos, así como montar criaturas. Como es estilo LEGO, también puedes mezclar y combinar las partes del cuerpo de más de 50 personajes jugables para crear uno entre los millones de posibles héroes de LEGO Star Wars.
Lemony Snicket's A Series of Unfortunate Events (USA, Europe)	Basado en la película y los tres primeros libros, este juego para Game Boy Advance te pone en la piel de los desafortunados huérfanos Baudelaire: Violet, Klaus y Sunny. Cada uno posee un talento especial que permite avanzar por tres capítulos con numerosos niveles. Aunque parece un plataformas clásico, prima la resolución de puzzles y la exploración. Usando sus habilidades e ingenio, los hermanos deben escapar de cada escenario y frustrar los planes del malvado Conde Olaf.
Let's Ride! - Dreamer (USA)	Videojuego inspirado en la película &quot;Persiguiendo un sueño&quot; de DreamWorks, en el que sigues los pasos de Cale Crane, una niña de 11 años que aprende a entrenar, montar y saltar con su yegua Sonya tras una lesión. También puedes elegir tu propio caballo. El juego ofrece sala del club con clasificaciones y vestuario, establos para cuidar a tus animales y tres pruebas de doma con distintos niveles, además de recorridos de salto para ganar el mejor galardón.
Let's Ride! - Friends Forever (USA)	Pferd & Pony: Best Friends te ofrece la oportunidad de criar un potro en tu propia cuadra. Puedes elegir entre 15 caballos distintos y, poco a poco, reunirás las herramientas y los conocimientos necesarios para asegurar tu éxito como criador, cuidando al animal y desarrollando sus habilidades mientras gestionas tu establo.
Let's Ride! - Sunshine Stables (USA)	Juego de hípica y doma para Game Boy Advance que te permite cuidar caballos y prepararlos para competir. Gestionas tu haras día a día, tomando decisiones para atraer visitantes y mantenerlo en buen estado. También puedes dedicarte a la cría, atendiendo a tus caballos para que den a luz a nuevos potros y ampliando así tu establo mientras desarrollas tu centro ecuestre.
Lilo & Stitch (USA)	ADVERTENCIA: Stitch es extremadamente peligroso. El resultado de un experimento genético ilegal realizado por un científico loco, Stitch parece ser inofensivo, pequeño, peludo, con seis patas, pero su misma existencia es una abominación para todo lo que es decente en la galaxia. Visto por última vez en la isla de Hawái en compañía de una niña llamada Lilo. El fugitivo puede disfrazarse de mascota de la familia.
Lilo & Stitch 2 - Haemsterviel Havoc (USA)	Juega como Stitch y Lilo para rescatar a Nina y David, quienes han sido secuestrados por el malvado Hamsterviel y llevados a su nave espacial. Para empeorar las cosas, Hamsterviel ha creado Experimentos alienígenas malvados que enfrentarán a nuestros héroes. Para avanzar, deberás capturar cada Experimento y aprovechar sus habilidades especiales. Sparky, el Experimento 22, te ayudará con sus poderosas bolas de electricidad, mientras que Richter, el Experimento 513, provocará terremotos para sacudir el terreno. Los modos de juego incluyen plataformas y disparos con Stitch, navegación y estrategia con Lilo, carreras intensas y un modo multijugador.
Lion King 1 1-2, The (USA)	Timón y Pumba regresan para hacerte vivir todas sus aventuras en las películas del Rey León. The Lion King 1 1/2 ofrece tres modos de juego: solo, colaborativo y en equipo. En cada modo, debes dominar las habilidades únicas de cada personaje para superar diversos obstáculos y desafíos. A medida que avanzas en los niveles, podrás desbloquear desafíos especiales, niveles de bonificación y clips de la película El Rey León 1 1/2. Ahora puedes revivir la historia de la película e interactuar con sus personajes, incluidos Simba y Rafiki.
Little Buster Q (Japan)	Un juego de rol que representa las aventuras de niños con los atributos de &quot;fuego&quot;, &quot;agua&quot;, &quot;tierra&quot;, &quot;relámpago&quot; y &quot;viento&quot;. Se llaman &quot;Little Busters&quot; y sus miembros se reúnen para resolver el misterio del misterioso Espíritu Santo &quot;Q&quot; que de repente apareció y lo exterminó. Todos los personajes son únicos y sus interacciones hacen la historia aún más fascinante.
Little Einsteins (USA)	El juego tiene 7 misiones, cada una dividida en 3 secciones, y al igual que en la serie, cada misión está ambientada con una pieza de música clásica y presenta una obra de arte famosa. Al inicio de cada misión, debes darle a Rocket suficiente energía para despegar, pulsando el botón de acción al ritmo de la música. Después, hay seis formas de jugar: en una sección controlas a Rocket mientras lo guías a través de un circuito de obstáculos, y en otra debes escuchar la música para encontrar lo que se te indica. Además, hay dos niveles de dificultad —Fácil y Difícil— que no solo afectan los botones que debes presionar en ciertas situaciones, sino que también exigen un esfuerzo adicional para cumplir los objetivos.
Little Mermaid, The - Magic in Two Kingdoms (USA, Europe) (En,Fr,De,Es,It)	La Sirenita: Dos Reinos Mágicos invita a los niños a revivir sus momentos favoritos, tanto bajo el mar como en tierra firme, del clásico de Disney. El juego incluye ocho actividades nuevas con Ariel y personajes como Flounder, Sebastián, Eric, Úrsula y el rey Tritón. Los jugadores pueden tocar música con Sebastián, competir con Flotsam y Jetsam, iluminar a Ariel y Eric mientras navegan por el lago y mucho más.
Lizzie McGuire - On the Go! (USA)	Lizzie McGuire On the Go! es más que un juego! Puedes jugar el emocionante juego de arcade &quot;When Cheerleaders Attack!&quot; y tú y tus amigos pueden divertirse con emocionantes juegos como Gordo's Gunk, Dots 'n Boxes, Box Bash, Memory, Droppers y Hangman. ¡También puedes usar a Lizzie McGuire para GBA como la pieza central de cualquier fiesta! &quot;Lizzie McGuire - ¡En marcha!&quot; se convierte en el éxito de la fiesta, ya que las niñas pueden usarlo para guiarlas a través de juegos de fiesta locos como Charades, MatchMaker, Fill-In's (¿Mad-Libs alguien?) y Operator. Finalmente, para ayudar a planificar la próxima fiesta, Lizzie McGuire para GBA permitirá a los jugadores realizar un seguimiento de la información de contacto de sus amigos, fechas importantes y, por supuesto, ¡horóscopos y bio-ritmos! ¡Más de 20 juegos y actividades para elegir en total!
Lizzie McGuire 2 - Lizzie Diaries (USA) (En,Fr)	En este juego interactivo, una Lizzie animada protagoniza una aventura de acción lateral con 12 niveles llenos de desafíos. Los jugadores visitan sus lugares favoritos, como la playa o el centro comercial, mientras evitan a animadoras y otros rivales empeñados en arruinarle el día. Una experiencia sencilla y accesible que captura el espíritu de la serie.
Lizzie McGuire 3 - Homecoming Havoc (USA)	Con el baile de Homecoming a la vuelta de la esquina, Lizzie quiere alzarse con la corona de reina, aunque su eterna rival Kate no piensa ponérselo fácil. Para conquistar al alumnado deberá completar más de cien pruebas de velocidad y medirse con Kate en duelos de baile. En el camino, el jugador entabla amistades que permiten superar obstáculos y sumar puntos de popularidad hasta llegar al gran evento.
Lode Runner (Japan)	Eres un comando galáctico altamente entrenado, en lo profundo del territorio enemigo. Tu misión: recuperar una fortuna en oro, robada a la gente de Bungeling por sus líderes ávidos de poder. Correrás, saltarás y escalarás heroicamente, resolviendo acertijos desconcertantes. Con su pistola láser, perforará pasillos a través de pisos y barreras de piedra. Para superar esta misión con vida, necesitarás más que pies ligeros y buena apariencia. Necesitará su ingenio y su cerebro rápidos. Y más que un poco de suerte.
Looney Tunes - Back in Action (USA, Europe) (En,Fr,De,Es,It)	Looney Tunes: Back in Action ofrece una alocada aventura con Bugs Bunny y el Pato Lucas en una búsqueda mundial del mítico Diamante del Mono Azul. De Hollywood a Las Vegas, de París a África, los héroes corren, saltan y esquivan peligros cartoon para frenar los planes de la malvada ACME y salvar el mundo. El sistema “Toon Swapping” permite alternar entre el conejo y el pato en cualquier momento mientras afrontas numerosos desafíos inspirados en la película.
Looney Tunes Double Pack (USA)	Looney Tunes Double Pack reúne dos juegos para Game Boy Advance. En Acme Antics controlas al Correcaminos, esquivando trampas del coyote con saltos, deslizamientos y embestidas, destruyendo robots y comiendo semillas para ganar velocidad a lo largo de ocho niveles con cuatro jefes. Dizzy Driving ofrece carreras con Bugs, Lucas, Porky, Piolín, Marvin y otros personajes, cada uno con manejo propio. Incluye modos individual y torneo, además de armas para frenar a los rivales.
Lord of the Rings, The - The Fellowship of the Ring (USA)	Revive la historia original del primer libro de El Señor de los Anillos encarnando sucesivamente al mago Gandalf, al guerrero Aragorn y al hobbit Frodo. El juego se inspira directamente en la obra literaria y deja de lado todo el diseño visual de la película de Peter Jackson, ofreciendo una aventura fiel al tono y al universo del libro.
Lord of the Rings, The - The Return of the King (USA, Europe) (En,Fr,De,Es,It)	Regresa a la Tierra Media en un juego basado en el épico capítulo final de la trilogía de películas El Señor de los Anillos. Desarrollado utilizando los mismos recursos digitales que las películas, El Retorno del Rey recrea con sorprendente detalle los eventos finales de la Guerra del Anillo. Controla a uno de los 9 héroes que determinan el destino de la Tierra Media mientras recorres los encantados Caminos de los Muertos, defiendes Minas Tirith e incluso juega al modo multijugador cooperativo con un amigo mientras marchas contra las impenetrables Puertas Negras de Mordor. El destino de la Tierra Media está en tus manos.
Lord of the Rings, The - The Third Age (USA, Europe) (En,Fr,De,Es,It)	Recorre la Tierra Media con seis nuevos personajes jugables inspirados en la trilogía. Mejora a tus héroes mediante un sistema de habilidades y más de medio millón de combinaciones posibles de armas, objetos y armaduras. Prueba un sistema de combate por turnos totalmente nuevo que ofrece control estratégico en cada enfrentamiento. También puedes unir fuerzas con un amigo gracias al modo cooperativo.
Lord of the Rings, The - The Two Towers (USA, Europe) (En,Fr,De,Es,It,Nl)	La versión GBA de El Señor de los Anillos: Las Dos Torres reúne los eventos narrados en las dos primeras películas en forma de hack and slash. Controlas a Aragorn, Legolas, Frodo e incluso a Gandalf para avanzar en tu búsqueda hacia las Tierras de Mordor. El segundo capítulo de la historia épica de la Tierra Media te enfrenta a Sauron y las fuerzas del mal de Mordor. En El Señor de los Anillos: Las Dos Torres, lucharás contra un ejército de 10,000 Uruk-Hai en las paredes del Abismo de Helm, hordas de Orcos en las llanuras de Rohan e incluso el monstruoso Troll de las Cavernas en la Tumba de Balin. Guía a Aragorn, Gimli o Legolas a través de 13 entornos interactivos, usando los movimientos, habilidades y armas únicos de cada personaje para completar tu búsqueda.
Lost Vikings, The (USA)	Tres vikingos, Eric el Veloz, Olaf el Corpulento y Baleog el Feroz, fueron secuestrados por el alienígena Tomator, el malvado gobernante croutoniano, quien colecciona formas de vida únicas para exhibir en su galería. Los tres vikingos deberán combinar sus habilidades únicas para derrotar a Tomator, así como a una gran variedad de alienígenas, robots, caracoles gigantes, lagartos gigantes y más. The Lost Vikings es un juego de plataformas y puzles de desplazamiento lateral con una peculiaridad. En lugar de un personaje que puede saltar, correr, disparar, recoger objetos, accionar interruptores, etc., hay tres personajes diferentes, cada uno con sus propias habilidades. El jugador debe utilizar a los tres vikingos como un equipo si quiere superar los niveles y rompecabezas cada vez más difíciles.
Lucky Luke - Wanted! (Europe) (En,Fr,De,Es,It,Nl)	Lucky Luke: ¡Se busca! es un juego de acción, desarrollado por WizardSoft y publicado por Infogrames, que fue lanzado en Europa en 200
Lufia - The Ruins of Lore (USA)	Este nuevo y emocionante capítulo de la saga Lufia sigue las aventuras de Eldin, Torma y Rami, un grupo de amigos y aspirantes a cazadores que parten en busca de un tesoro, ¡solo para descubrir que el destino tiene mucho más reservado para ellos! ¿Podrán resolver los misterios de las ruinas antiguas y evitar que Ragule, el líder hambriento de poder, resucite a la antigua bestia, o las ambiciones de Ragules se realizarán a expensas de la humanidad? ¡Prepárese para la aventura de su vida!
Lunar Legend (USA)	Interpretas a Alex, un niño que espera algún día ser un maestro de dragones como su héroe fallecido Dyne. Un día, un mago llamado Nash llega a la ciudad y necesita una escolta a un santuario cercano en el bosque. Tú, tu amiga de la infancia Luna y tu mascota Nall, que parece un gato volador, acompañan a Nash al santuario, y comienza tu aventura.
M&M's - Blast! (USA)	M&M's Blast! para Game Boy Advance reúne a los carismáticos personajes de M&M's (Red, Blue, Green y Yellow) en una nueva aventura. Los jugadores deben superar distintos desafíos repartidos por niveles con formato de juego de tablero, combinando pruebas variadas y un tono ligero pensado para partidas rápidas y accesibles.
M&M's - Break' Em (USA) (Rev 1)	Mr. Runch, un cacahuete peligroso y resentido por haber sido rechazado, ha escapado del contenedor de descartes decidido a convertirse en un auténtico M&M. Ahora vaga por la galaxia intentando secuestrar y encerrar a todos los M&M's en cristales hasta conseguir lo que quiere: una oportunidad para ser aceptado como uno de ellos. Una amenaza peculiar que pone en riesgo a toda la pandilla de caramelos.
Madagascar (USA)	En Madagascar para Nintendo DS, basado en la película del mismo nombre, jugarás como Marty (la cebra), Alex, (el león), Gloria, (el hipopótamo) y Melman (la jirafa). Los niveles te exigirán que alternes entre los personajes disponibles para usar sus habilidades especiales. La historia sigue el guión de la película, lo que te llevará a explorar el zoo &quot;Central Park&quot; en Nueva York y la mismísima Madagascar.
Madagascar - Operation Penguin (USA)	Los pingüinos traman escapar del zoo de Nueva York y arrastran a otros animales a su alocado plan. Tras excavar un túnel rumbo a la Antártida, necesitan suministros y ayuda, y en el camino se cruzan con los cuatro protagonistas de Madagascar. El jugador controla a Cabo, que cumple misiones aprendiendo nuevos ataques, deslizamientos y usando gadgets para vencer enemigos. Los personajes de la película aparecen puntualmente y la dificultad está pensada para jugadores jóvenes.
Madden NFL 06 (USA)	La edición 2006 de esta popular franquicia de fútbol americano incorpora el Quarterback Vision Control system, que te permite observar el campo desde esta perspectiva para para poder planear las jugadas mucho mejor.
Madden NFL 07 (USA)	Madden NFL 07, con la licencia oficial de la NFL, te da un control sin precedentes del juego en todas sus variantes. Por primera vez puedes actuar como bloqueador principal para abrir huecos y luego manejar al corredor para avanzar rompiendo placajes, esquivando o superando defensas. Sus controles de carrera innovadores añaden nuevos amagos, cambios de dirección y estilos de carrera únicos según cada jugador.
Madden NFL 2002 (USA)	John Madden trae de vuelta el mejor fútbol americano con estadísticas y jugadores actualizados, ¡más grande que nunca! Los 32 equipos de la NFL, incluyendo la expansión de los Houston Texans. Difícil de creer pero se han hecho muchas mejoras respecto a la versión anterior. Hay nuevas caras de jugadores y animaciones en el campo y captura de movimiento ampliada. EA Sports ha añadido un nuevo juego dentro del juego llamado Two Minute Drill. Los controles son básicamente los mismos, con un juego fácil que utiliza controles simplificados y un juego normal con todas las características que abarcan casi todo lo que se puede hacer en el campo de juego real. Puedes crear un jugador o un equipo completo. Intercambiar jugadores y gestionar equipos a lo largo de la temporada.
Madden NFL 2003 (USA)	El fútbol americano se vuelve más realista con Madden NFL 2003. La entrega de este año de la serie Madden NFL Football ofrece mayor profundidad, nuevas animaciones, una IA de jugadores más realista y modos de juego más completos. Súbete al Cruiser Tour Bus de John Madden y viaja por todas las ciudades de la NFL para completar desafíos de habilidad en el nuevo modo Mini-Camp. Los gráficos y la presentación mejorados ahora muestran mariscales de campo que lanzan de lado, tacleadas múltiples, recepciones en estático y más de 300 rostros de jugadores realistas. Madden NFL 2003 te da más control que nunca, con una mayor velocidad de juego, un sistema de pases más afinado y audibles independientes para la línea defensiva, los linebackers y los defensivos profundos.
Madden NFL 2004 (USA)	Muchas novedades te esperan en la edición 2004 de esta franquicia de fútbol americano, entre las que destacan una completa lista de equipos y jugadores de la NFL acompañados de sus estadísticas, así como modo de juego en exhibición, temporada regular o finales.
Madden NFL 2005 (USA)	Otro año, otro Madden. Se han incluido más actualizaciones de IA, gráficos y jugabilidad para esta nueva actualización de la serie NFL de EA Sports. Como de costumbre, puedes jugar toda la temporada de la NFL con cada equipo y cada jugador. Durante el juego, puede realizar una variedad de jugadas y movimientos para sacar ventaja a su equipo contra los mejores en el negocio, sin conexión, en línea o en pantalla dividida. Juega un partido rápido, toda la temporada y los playoffs hasta llegar al grande, la Superbowl.
Magical Quest 2 Starring Mickey & Minnie (USA) (En,Fr,De)	Basado en el juego original de SNES, Disney's Magical Quest 2 Starring Mickey and Minnie llega a Game Boy Advance. Como Mickey o Minnie, debes evitar que el malvado barón Pete y sus secuaces causen problemas. Durante tu búsqueda, puedes usar tres disfraces diferentes (el barrendero, el guardabosques y el vaquero).
Magical Quest 3 Starring Mickey & Donald (USA) (En,Fr,De)	Mientras se esconden en el ático de su tío Donald, los trillizos Juanito, Jaimito y Jorgito encuentran un libro antiguo que resulta ser mágico y los transporta a Storybook Land. Allí son capturados por el Barón Pete, decidido a conquistar el mundo real. Una hada avisa a Mickey y Donald, que entran en el libro para rescatar a los patitos y detener de nuevo los malvados planes de Pete.
Magical Quest Starring Mickey & Minnie (USA)	Pluto ha sido secuestrado por el malvado Emperador Pete y Mickey debe rescatarlo atravesando seis niveles con subfases y jefes finales. Puede lanzar bloques y objetos a los enemigos o saltar sobre ellos, y más adelante usar distintos disfraces: la túnica de mago le permite disparar rayos mágicos; el traje de bombero utiliza una manguera para mover bloques y enemigos; y el uniforme de comando le permite trepar usando un gancho.
Magical Vacation (Japan)	Magical Vacation es uno de los primeros juegos de rol de Game Boy Advance y también fue el primer juego de Brownie Brown después de que completaron Legend of Mana y dejaron Squaresoft. Magical Vacation es una especie de precuela del juego de Nintendo DS &quot;Magical Starsign&quot;. Brownie Brown más tarde haría Sword of Mana y Mother 3 en GBA. El juego nunca tuvo un lanzamiento en el extranjero y es una de las pocas gemas en Game Boy Advance que es exclusivo de Japón.
Mahou Sensei Negima! - Private Lesson - Damedesuu Toshokan-jima (Japan)	Negi Springfield está decidido a convertirse en un Magister Magi, tras 7 años de estudios y entrenamiento en la escuela de magos; llega la prueba final, el último y más duro examen para llegar a ser un gran Magister Magi: El maestro instructor reparte a cada aspirante sus destinos y su misión que deberán cumplir. Y a Negi le corresponde ser profesor de inglés en la escuela Mahora en Japón, una escuela femenina. Además deberá tener cuidado de que nadie descubra que es un mago ya que podría suponer que le convirtieran en armiño. Y así es como un niño de 10 años, nacido en Gales, con poderes mágicos y un nivel de inteligencia equivalente al de la universidad, se convierte en profesor de una clase de 31 alumnas de secundaria (entre 14 y 15 años), que lo tratan más como un juguete que como un profesor.
Majesco's Sports Pack (USA)	3‑in‑1 Sports Pack reúne tres juegos deportivos en un solo cartucho. En Paintball: Splat! esquivas y disparas para alcanzar la victoria; en Dodgeball: Dodge This! lideras a tu equipo hacia el campeonato; y en Big Alley Bowling demuestras tu puntería en la bolera. Además, puedes conectarte con hasta tres amigos para disfrutar de toda la acción en cada modo de juego.
Manic Miner (Europe) (En,Fr,De,Es,It)	Juegas el papel de Miner Willy, un audaz explorador y aventurero. Descubre una red de cavernas subterráneas utilizadas por una civilización avanzada pero ahora extinta, y se da cuenta de que las minas contienen lucrativos minerales metálicos. A través de 20 cavernas, debes recolectar todos los tesoros antes de que se acabe todo el tiempo (aire), vigilando a los desagradables guardianes, los obstáculos, las caídas, las arenas movedizas y todos los elementos que se encuentran en un juego de plataformas clásico.
March of the Penguins (USA)	Basado en el documental March of the Penguins, el juego sigue la travesía de los pingüinos emperador a lo largo de doce capítulos con mecánicas variadas: buscar pareja, hallar comida, cuidar el huevo y proteger a las crías hasta regresar al punto de partida. Inspirado en Lemmings, exige guiar al grupo usando rampas, puentes, trampolines o peces para dirigirlos. También hay fases de deslizamientos, laberintos y zonas submarinas con depredadores. En tramos avanzados, vigilar los huevos añade dificultad, ya que deben mantenerse calientes antes de que el tiempo se agote.
Mario & Luigi - Superstar Saga (USA)	¡Una bruja malvada ha reemplazado el discurso de la princesa Peach con explosivos! Mario y Luigi deben volver a rescatarla, pero esta vez emplean la ayuda de Bowser, su enemigo jurado. Mario y Luigi deben aprender nuevos movimientos y combinar poderes para luchar contra los enemigos y acercarse al castillo de la bruja. Guía a este grupo poco probable a través de una gran cantidad de minijuegos como Border Jump y Mystery Carts. Combina los poderes de Mario y Luigi para realizar movimientos especiales de equipo. Sumérgete en este mundo brillante, caricaturesco y humorístico, completo con música exitosa presentada en juegos anteriores de Mario.
Mario Golf - Advance Tour (USA)	¡Coja sus palos y emprenda el camino hacia la perfección del golf en esta aventura de juego de rol! Charle con los lugareños en las clínicas de golf, perfeccione sus habilidades en desafíos como Club Slots y Go-Go Gates, ¡y trate de convertirse en el campeón de todos los clubes de campo! Los residentes del Reino Champiñón se enfrentan solo a los mejores.
Mario Kart - Super Circuit (USA)	¡Todos tus personajes favoritos de carreras de karts están de vuelta y listos para acelerar! En Game Boy Advance te esperan 20 pistas nuevas, cargadas de potenciadores clásicos y preparadas para el tipo de carreras frenéticas que solo Mario Kart: Super Circuit puede ofrecer. ¡Es hora de quemar goma en el Gran Premio, desafiar a tus amigos, competir con tu propio fantasma, enfrentarte en modo batalla y sentir el poder en la palma de tu mano!
Mario Party Advance (USA)	La primera encarnación portátil de la serie Mario Party, Mario Party Advance, sacude bastante las cosas en el GBA. Con el enfoque en el jugador individual, hay todo tipo de minijuegos para un jugador, un tablero gigante para un jugador para atravesar en lugar de varios (Shroom City) y todo tipo de Gaddgets y modos de juego diferentes para disfrutar . La experiencia principal para un jugador implica viajar a través de &quot;Shroom City&quot;, que es una desviación importante de la configuración estándar en los títulos anteriores de Mario Party. Tienes la opción de ser Mario, Luigi, Peach o Yoshi, y dependiendo de a quién elijas, comenzarás en un lugar diferente en el tablero, que es bastante grande.
Mario Pinball Land (USA, Australia)	Esta es la historia estándar de &quot;Bowser ha secuestrado a la princesa y Mario debe rescatarla&quot;. En este caso, la Princesa se transforma en una bola y se lanza desde un cañón estilo Super Mario 64, que un par de goombas apuntan directamente al Castillo de Bowser. Mario también se transforma en una pelota y la persigue. Hay 5 niveles, cada uno de los cuales consta de un conjunto de mesas de pinball. Cada mesa tiene algunas salidas (incluida la que está debajo de las aletas) que Mario puede usar para moverse a otras mesas. Además, cada uno tiene una estrella, normalmente obtenida al derrotar a todos los enemigos en la mesa. Algunas salidas requieren que Mario tenga un cierto número de estrellas. Para acceder al castillo de Bowser, Mario debe derrotar a los jefes de los primeros 4 niveles, lo que le otorga llaves estelares. El juego también cuenta con un modo &quot;Time Attack&quot;, que permite a los jugadores luchar de nuevo contra jefes ya derrotados.
Mario Tennis - Power Tour (USA, Australia) (En,Fr,De,Es,It)	Los protagonistas tendrán que pasar por los retos de la Liga Alevín, la Liga Juvenil, la Liga Profesional, el Open Isla y el Torneo Peach, y durante ese reto tendrán que incrementar su nivel y se puede hacer en las canchas de entrenamiento donde maestros enseñarán formas de jugar a tenis, en el Centro de Entrenamiento donde hay minijuegos para incrementar el nivel, además, con las reglas de los power shots, los personajes tendrán que entrenarse en nuevos minijuegos para obtener los Golpes Especiales que le ayudarán en la historia, cada vez que avanza en la historia, se abrirán nuevos minijuegos para obtener nuevos Golpes Especiales.
Mario vs. Donkey Kong (USA, Australia)	Después de años de aparente buena voluntad, Mario y Donkey Kong vuelven a hacerlo, esta vez, en Game Boy Advance. Donkey Kong ha robado todos los juguetes Mini-Mario de Mario Toy Co., y ahora le corresponde a Mario cazar a su antiguo enemigo y recuperar los artículos robados. Como Mario, debes correr a través de niveles desafiantes mientras encuentras las llaves y liberas Mini Marios antes de que se acabe el tiempo. En el camino, dominarás nuevos movimientos que pueden ayudarte a superar nuevos rompecabezas.
Marvel - Ultimate Alliance (USA)	La versión portátil de Marvel Ultimate Alliance, al igual que sus homólogos de consola, tiene al jugador tomando el control de uno de una selección de superhéroes de Marvel y luchando a través de ubicaciones y enemigos del universo Marvel. Los personajes jugables seleccionables son: Spider-Man, Blade, Elektra, Thor, Wolverine, Capitán América, Deadpool y Iceman. Ms. Marvel y Thing también están disponibles como personajes desbloqueables. El juego se desarrolla como Final Fight, donde el jugador camina de izquierda a derecha con la capacidad de moverse en el eje z y golpear y patear oleada tras oleada de enemigos, incluido el jefe ocasional.
Mary-Kate and Ashley - Girls Night Out (USA, Europe)	Estos gemelos pasaron de ser lindos niños pequeños en la televisión a ser ejemplos de la moda internacional en tan solo unos pocos años, y están listos para celebrar su éxito con una noche en la ciudad. Únase al dúo para una noche de discotecas y gran estilo, bailando al ritmo de la música techno, house y disco durante toda la aventura del juego portátil. ¿Cómo se puede bailar en una Game Boy Advance? Bueno, tus dedos representarán tus pies, mientras intentas dominar la combinación correcta de botones y toques en el panel de dirección, lo cual no es tan fácil como parece. Por supuesto, no eres nada sin la ropa adecuada; elige tus propios zapatos, camisas, pantalones, peinados y accesorios en esta experiencia con todo incluido. Uno de tus objetivos principales será desbloquear todos los pasos, canciones y ropa secretos del juego, y eso requerirá una combinación de inteligencia y reflejos.
Mary-Kate and Ashley - Sweet 16 - Licensed to Drive (USA, Europe)	Estás invitado al 16 cumpleaños de Mary‑Kate y Ashley. Primero toca sacar el carnet en la academia y luego lanzarse a competir al volante de coches, motos acuáticas, tablas de vela y quads al más puro estilo Hollywood. La fiesta sigue con más de 30 minijuegos (como Birthday Blowout, Caught Up in Fashion o Freeway Frenzy) y la posibilidad de jugar con hasta tres amigos. Con dos tableros y un montón de vehículos, será un día para recordar.
Masters of the Universe - He-Man - Power of Grayskull (USA)	Eternia, antaño un lugar seguro protegido por los Masters del Universo y el Muro Místico, ha caído bajo los ataques de Skeletor, que logró atravesar la barrera defensiva con sus guerreros. Agotados por oleadas constantes, los Masters necesitan a un único héroe capaz de defender el reino: He‑Man. Como el hombre más poderoso del universo, debes repeler a las bestias y empujarlas de vuelta al Hemisferio Oscuro para demostrar que eres digno del poder de He‑Man.
Mat Hoffman's Pro BMX (USA, Europe)	El legendario piloto de BMX Mat Hoffman lidera un reparto de algunos de los mejores pilotos del planeta en este título al estilo de Tony Hawk's Pro Skater. Realiza trucos y consigue puntos para pasar cada nivel de los circuitos Street, Vert y Dirt, o enfréntate a un compañero en el modo de pantalla dividida para 2 jugadores y ver quién tiene la mejor moto de la ciudad. El modo Carrera te permite construir tu personaje elegido y hacer, como menciona, una Carrera. Y el editor de circuitos de BMX te permite construir tus propios circuitos de Street, Vert y Dirt para la acción multijugador.
Mat Hoffman's Pro BMX 2 (USA, Europe)	Matt Hoffman's Pro BMX 2 te lleva a dar un paseo por las ciudades libres, donde puedes realizar una variedad de acrobacias en tu bicicleta. Elija entre una variedad de ciclistas profesionales, incluidos Matt Hoffman, Ruben Alcantara, Cory Nastazio, Mike Escamilla, Nathan Wessel y Joe Kowalski, y comience una carrera de patinaje. Viajará a ocho ciudades expansivas que cobran vida con helicópteros, botes, automóviles y peatones. Luego, desafía a tu amigo en el modo Push, donde cada vez que obtienes un gran puntaje, tu lado de la pantalla se agranda mientras el de tu amigo se encoge.
Math Patrol - The Kleptoid Threat (USA)	En el año 2762, la Tierra sufre el ataque del Imperio Kleptoid, cuya ofensiva avanza con precisión matemática. Solo la Math Patrol, una fuerza de élite, puede detenerlos. El jugador debe usar sus habilidades numéricas para unirse al equipo y frenar la amenaza hasta convertirse en Campeón Galáctico. Incluye recursos educativos basados en los estándares de EE. UU. para 1.º y 2.º grado, y resulta adecuado para mayores de cinco años gracias a su enfoque lúdico y formativo.
Max Payne (USA)	El juego se centra en el ex detective de policía de la policía de Nueva York Max Payne, que intenta resolver los misteriosos asesinatos de su esposa e hija, en relación con un caso de narcotráfico que involucra a una droga de diseño llamada &quot;Valkyr&quot; y mientras lo hace, se está enredando en una conspiración más grande, en el ejército de los Estados Unidos. Presenta un estilo neo-noir arenoso y utiliza paneles de novela gráfica (con voces en off) en lugar de escenas animadas para narrar el juego, ya que se inspira en novelas de detectives duras de autores como Spill Mickeyane. El juego contiene muchas alusiones a la mitología nórdica, particularmente el mito de Ragnar'k, y varios de los nombres utilizados en el juego son los de los dioses nórdicos y mitos. La jugabilidad está fuertemente influenciada por el género de cine de acción de Hong Kong, particularmente el trabajo del director John Woo,[5] [7] [7] y fue uno de los primeros juegos en presentar el efecto de tiempo de bala popularizado por The Matrix.
Maya the Bee - Sweet Gold (Europe) (En,Fr,De,Es,It)	Juego para Game Boy Advance basado en el libro infantil alemán Maya la Abeja (Die Biene Maja), que a su vez inspiró una serie de anime japonesa. El juego ofrece 60 niveles diferentes en siete entornos con estilos gráficos variados, además de un montón de niveles extra.Un mapa general, lleno de acertijos y desafíos, conecta todos los niveles. Los jugadores pueden elegir entre Maya o Willi.La historia gira en torno a la maestra Kassandra (Cassandra), quien es secuestrada por unas malvadas avispas. Estos insectos quieren intercambiar a Kassandra por cinco tarros de miel. Maya y Willi emprenden la misión de rescatarla y devolver el orden a la colmena.
Maya the Bee - The Great Adventure (Europe) (En,Fr,De,Es,It)	Juego de plataformas tipo jump'n'run, exclusivo de Europa, basado en la popular serie de televisión y el libro infantil de Waldemar Bonsels. El mejor amigo de Maya, Willi, ha desaparecido. Ayuda a Maya a encontrarlo a lo largo de 16 coloridas zonas repartidas en cuatro mundos.Explora la colmena sin ser atrapado por las abejas guardianas. Recorre los campos de amapolas, cuidándote de las hormigas y avispas; cruza el estanque, donde te esperan libélulas y peces saltarines que escupen agua; y adéntrate en el bosque, donde deberás enfrentarte a mosquitos y termitas.A lo largo de la aventura, todos los amigos de Maya estarán ahí para ayudarte: la maestra Cassandra, Flip el saltamontes, Alexander el ratón y Puck la mosca doméstica.¿Podrás ayudar a Maya a encontrar y rescatar a su amigo Willi?
Mazes of Fate (USA) (En,Fr,De,Es,It)	Los dioses antiguos han dictado sentencia y, como resultado, toda la humanidad ha sido condenada a ser reemplazada por una nueva raza menos pecadora. La única posibilidad de redención reside en un objeto mágico que permitirá a la humanidad expiar sus pecados. Pero el objeto en cuestión ha sido robado por los enemigos de la humanidad, y pronto se cumplirá el veredicto de los dioses. Mazes of Fate es un juego de rol de fantasía medieval en primera persona de &quot;exploración de mazmorras&quot; en el que creas un personaje basado en el género, la clase y los atributos (o eliges entre uno de los tres personajes prefabricados) y emprendes una búsqueda para salvar a la raza humana del olvido. El juego alterna entre secuencias de mapas del mundo y de la ciudad en las que controlas a tu grupo desde una perspectiva aérea y visitas tiendas y obtienes misiones de NPC y las muchas mazmorras que componen la mayor parte del juego. Mientras recorres las mazmorras, el juego cambia a una perspectiva en primera persona desde la que controlas a tu grupo mientras lucha contra todos los monstruos que se cruzan en tu camino y saquean los tesoros descubiertos. El combate es en tiempo real, aunque el juego se detiene mientras navegas por los menús de acción. Cuenta con un montón de artículos, armas y misiones, así como toneladas de monstruos y hasta 5 miembros del grupo que se pueden reclutar.
Mech Platoon (USA)	Un juego de estrategia en tiempo real (RTS) para GBA. Los jugadores construyen un ejército de robots mecánicos para capturar 5 planetas en una serie de misiones contra otras dos naciones. Los mechs de un jugador se construyen y mejoran construyendo laboratorios, bases y salvando campos de batalla para las partes enemigas. Todos los elementos clave de un RTS clásico en tu GBA.
Medabots - Metabee (USA)	Únete a Ikki mientras comienza su viaje como Medafighter y trata de salvar su ciudad natal de Riverview City de la malvada Rubberobo Gang. Ikki debe resolver varios misterios con la ayuda de sus amigos y el Renegado Fantasma. Interactúa con personajes y controla a los Medabots populares en la serie animada de televisión Medabots. ¿Puede Ikki salvar al mundo de la traicionera Rubberobo Gang y convertirse en el Medafighter número 1 en el ranking... ¡Todo depende de ti!
Medabots - Rokusho (USA)	Acompaña a Ikki en el inicio de su aventura como Medafighter, mientras intenta salvar su ciudad natal, Riverview City, de la malvada Banda Rubberobo. Con la ayuda de sus amigos y del misterioso Phantom Renegade, Ikki deberá resolver diversos misterios.Interactúa con los personajes y controla a los Medabots más populares de la serie animada de televisión.¿Podrá Ikki salvar al mundo de la traicionera Banda Rubberobo y convertirse en el Medafighter número 1?¡Todo depende de ti!
Medabots AX - Metabee Ver. (USA)	Cada cuatro años, los mejores Medafighters del mundo se reúnen en el Torneo Mundial de Robattles. ¡Acompaña a Ikki y Metabee mientras enfrentan a los más duros Medafighters y sus Medabots para demostrar quién es el mejor de todos!Pero cuidado… corre el rumor de que la temible banda de villanos conocida como los Rubberobo planea robar el premio.El trabajo en equipo y la estrategia son esenciales para aspirar a la victoria. Modifica tus Medabots y gana piezas raras y valiosas al vencer en los combates, mejorando así tus posibilidades de éxito. Por otro lado, si pierdes… ¡tu Medabot podría acabar hecho chatarra! La versión Metabee incluye Medapiezas y medallas que no están disponibles en la versión Rokusho.
Medabots AX - Rokusho Ver. (USA)	Acompaña a Ikki en el inicio de su aventura como Medafighter, mientras intenta salvar su ciudad natal, Riverview City, de la malvada Banda Rubberobo. Interactúa con los personajes y controla a los Medabots más populares de la serie animada de televisión.¡Crea tu propio Medabot especial a partir de cientos de Medapiezas únicas! Enfréntate en Robattles y comparte Medapiezas con tus amigos.Cada versión de Medabots ofrece Medapiezas y medallas exclusivas que no se encuentran en la otra.
Medal of Honor - Infiltrator (USA, Europe) (En,Fr,De)	Medal of Honor: Infiltrator te pone en la piel del cabo Jake Murphy, encargado de completar cinco misiones arriesgadas para frenar a las fuerzas del Eje en la Segunda Guerra Mundial. Sabotajes, capturas y combates directos exigen dominar distintos estilos de juego. A pie, en tanque o disfrazado, te enfrentas al enemigo usando armas de la época (ametralladoras, granadas, bazucas y más) en intensos escenarios de batalla.
Medal of Honor - Underground (USA)	MEDAL OF HONOR: UNDERGROUND llega a tu sistema Game Boy Advance con potencia de fuego, enemigos mortales y misiones extensas que desafiarán tu coraje y determinación. 17 niveles de juego con modo sigilo y múltiples armas hacen de este un juego una experiencia emocionante. La acción multijugador significa que puedes compartir la experiencia, Y una función de guardado completa te permite pausar la acción y volver a tu misión más tarde. Así que sé valiente y obtendrás la medalla.
Meet the Robinsons (USA)	Este videjojuego basado en la película de Disney es una aventura de acción con viajes en el tiempo. Juegas como Wilbur Robinson mientras persigues al malvado tipo del sombrero y a su sombrero robótico Doris a través de distintas líneas temporales para frustrar sus planes. La historia amplía el mundo de los Robinson con una trama nueva. Wilbur dispone de múltiples artilugios para combatir enemigos y resolver puzles sin alterar el futuro.
Mega Man & Bass (USA)	El poderoso robot King se ha apoderado de la base del Dr. Wily, invadió el Museo de Robots y robó 100 CD que contienen planes secretos de robots, ¡con la esperanza de crear el último ejército imparable de robots! Y para empeorar las cosas, ¡ha enviado a 8 robots maestros para demostrar su nuevo poder! Mega Man es el único que puede detenerlo ... ¡o eso pensó! ¡Bass, la mayor creación del Dr. Wily y el rival jurado de Mega Man, en realidad está luchando JUNTO a Mega Man por una vez! Por supuesto, es solo para demostrar que es el robot más fuerte jamás creado, ¡y lo hará aplastando al ejército de maníacos mecánicos de King! Ahora, Mega Man y Bass se dirigen a recuperar todos los CD que King robó. ¡Corre, salta, deslízate, corre y ábrete paso a toda velocidad para destruir esta nueva amenaza!
Mega Man - Battle Chip Challenge (USA)	¡Tus personajes favoritos del universo Megaman Battle Network han vuelto para repartir tortas en el Battle Chip Grand Prix! Enfréntate a diferentes adversarios en tu camino al gran premio: un Battle Chip extremadamente raro. Dirige a tus Net Navi usando Battle Chips de varios tipos de elementos: fuego, agua, electricidad o madera. Escoge muy bien tus Battle Chips teniendo en cuenta el material que haya en el tablero. Así, por ejemplo, el metal ayuda a los ataques eléctricos, mientras que la hierba los debilita. Además de en el Grand Prix, tienes la posibilidad de luchar en combates únicos o de crear tus propios campeonatos.
Mega Man - Battle Network (USA)	En el futuro, un joven luchador de redes llamado Lan, inicia su 'terminal de información personal' (PET) y se prepara para piratear la red para combatir el crimen en las redes. El PET de Lan no es un navegador de red cualquiera. Es Mega Man.EXE, la identidad cibernética, que se infiltra en la red plagada de delitos para luchar contra los virus informáticos destructivos. Derrota virus en tiempo real y recopila datos del programa Battle Chips, que contienen valiosos datos de armas e información crítica del sistema. Recoge más de 175 Battle Chips para ayudar a Netto y Mega Man.EXE a restaurar la paz y el orden en la red.
Mega Man - Battle Network 2 (USA)	¡Netto Hikari (a.k.a. Lan Hikari) y su Navi MegaMan.EXE están de regreso en una nueva aventura! Después de derrotar al Mundo Tres (WWW) y a su líder, Dr. Willy, Netto y MegaMan han hecho del Internet un lugar seguro de nuevo. Sin embargo, un nuevo grupo de terrorismo cibernético liderado por un Navi misterioso llamado Gospel, ha empezado a esparcir caos y terror a través de la Red. Netto y sus amigos Dekao, Meiru y Yaito deben detener el plan malévolo antes de que el Internet sea borrado por completo.
Mega Man - Battle Network 3 - Blue Version (USA)	ünete a Mega Man.exe, su compañero Lan y sus amigos, para proteger a la red del cyber caos en la mayor batalla de internet hasta el momento, toda una aventura. Al igual que en la versión Blanca, encuentra todos los cambios de estilo de batalla de Mega Man, los chips &quot;Giga Class&quot; y sus enemigos, y descubre un montón más de sorpresas, todas para ti.
Mega Man - Battle Network 3 - White Version (USA)	Únase al gran Mega.EXE, su compañero Lan y sus amigos, mientras mantienen la red a salvo de virus y amenazas cibernéticas. Viajarás a través de nuevos mundos virtuales y reales, lucharás contra nuevos jefes, interactuarás con nuevos personajes e incluso encontrarás nuevas chips de batalla. ¡Es el caos cibernético en su máxima expresión!
Mega Man - Battle Network 4 - Blue Moon (USA)	La cuarta entrega de la saga Mega Man Battle Network viene en dos versiones, Sol Rojo y Luna Azul, cada una de las cuales cuenta con diferentes enemigos,fichas de batalla,espíritus y personajes. Una vez más asumes el rol de Lan y su amigo Mega man.exe en la lucha para eliminar los virus de internet y otros enemigos del mundo cibernético. Se diferencia de los anteriores juegos de la saga porque se centra en un sistema de torneo donde los jugadores se enfrentan a una gran variedad de enemigos a los que deberás derrotar. El nuevo sistema Soul Unison permitirá a Mega Man transformarse en los enemigos a los que ya haya derrotado.
Mega Man - Battle Network 4 - Red Sun (USA)	La cuarta entrega de la serie Mega Man Battle Network viene en dos versiones, Red Sun y Blue Moon, cada una con diferentes enemigos, fichas de batalla, almas y personajes. Una vez más, asumes el papel de Lan mientras él y su amigo, Mega Man.exe, luchan para librar a Internet de virus y otros enemigos del mundo cibernético. A diferencia de los juegos anteriores de la serie, Mega Man Battle Network 4 se centra en un sistema de torneo en el que los jugadores se encuentran con una variedad de enemigos que deben ser derrotados. Un nuevo sistema Soul Unison permite a Mega Man transformarse en sus enemigos derrotados.
Mega Man - Battle Network 5 - Team Colonel (USA)	Team Colonel es la segunda edición de Mega Man Battle Network 5. En el juego, puedes unir fuerzas con personajes de entregas anteriores de la serie Mega Man Battle, y puedes jugar en un nuevo modo de lucha. Forme un equipo con otros ciberhéroes en un esfuerzo por evitar que una organización malvada tome el control de Internet global.
Mega Man - Battle Network 6 - Cybeast Falzar (USA)	En Mega Man Battle Network 6, el padre de Lan recibió una transferencia de trabajo y la familia se muda a Cyber ​​City, una ciudad conocida por realizar varios experimentos tecnológicos. Lan conocerá gente nueva y entablará nuevas amistades en el mundo real mientras Mega Man se hace amigo de los útiles Navis y encuentra nuevos enemigos peligrosos en el avión virtual. Juntos enfrentarán amenazas mucho más poderosas y peligrosas que nunca antes.
Mega Man - Battle Network 6 - Cybeast Gregar (USA)	En Mega Man Battle Network 6, el padre de Lan recibió una transferencia de trabajo y la familia se muda a Cyber ​​City, una ciudad conocida por realizar varios experimentos tecnológicos. Lan conocerá gente nueva y entablará nuevas amistades en el mundo real mientras Mega Man se hace amigo de los útiles Navis y encuentra nuevos enemigos peligrosos en el avión virtual. Juntos enfrentarán amenazas mucho más poderosas y peligrosas que nunca antes.
Mega Man Zero (USA, Europe)	Los legendarios héroes de los Reploids, X y Zero, derrotaron al malvado Sigma hace mucho tiempo, y se creó un nuevo ejército para prevenir brotes del Virus Maverick. Pero a medida que pasó el tiempo, el ejército se volvió opresivo y comenzó a repartir un tipo de justicia paranoica. Se dice que su líder, una vez un gran guerrero, se ha vuelto frío y calculador, eliminando cualquier Reploid que se atreva a oponerse a él. Se necesita un héroe en estos tiempos oscuros, y eso es exactamente lo que Ciel y su grupo rebelde han encontrado en una vieja ruina ... un héroe del pasado, renacido en el futuro. Zero ha llegado a un momento que no conoce, para salvarlo de una figura del pasado ... el destino de la libertad descansa sobre sus hombros.
Mega Man Zero 2 (USA)	Un año después de los eventos en Mega Man Zero, el héroe se encuentra en otra batalla para salvar el mundo. Atrapado entre los reploides y los humanos, el nuevo comandante de Neo Arcadia ha engañado a Zero para que la ayude, aunque sus razones son inciertas. Para solucionar el problema, Zero debe luchar nivel tras nivel, usando la nueva arma Chain Rod para agarrarse a las repisas y obtener una ventaja en la recolección de elementos fuera de su alcance o atacar a los enemigos desde arriba. Los Cyber Elfs se pueden volver a recolectar para obtener algunos potenciadores útiles. Nuevo en la serie es un modo de desafío para dos jugadores, donde gana el primero en completar el nivel.
Mega Man Zero 3 (USA)	En la tercera entrega de la serie Mega Man Zero de Capcom, como era de esperar, juegas como Zero. Continuando donde lo dejó Mega Man Zero 2, debes encontrar y neutralizar al &quot;Elfo Oscuro&quot; que escapó recientemente, antes de que pueda lavarle el cerebro a la Resistencia con el propósito de conquistar Neo Arcadia. Además del antiguo sistema Cyber Elf, este juego también contiene un nuevo sistema de &quot;chip&quot;, donde Zero puede adquirir nuevas habilidades encontrando chips e instalando chips en sí mismo. Pero no decidieron abandonar a los Cyber Elves en este juego sin darles nada nuevo. No, para extender la vida de los Cyber Elfos, agregaron el nuevo concepto de &quot;Cyber Space&quot; a los niveles, donde entras por una puerta al Cyber Space y puedes usar cada Cyber Elf tanto como quieras sin que mueran. . Sin embargo, no hay demasiados &quot;Discos secretos&quot; (elementos que pueden contener cualquier cosa, desde perfiles de personajes hasta Cyber Elves y nuevos chips) en Cyber Space, por lo que es mejor pasar más tiempo en el nivel normal.
Mega Man Zero 4 (USA)	Mega Man Zero 4 es un videojuego creado por Keiji Inafune, desarrollado por Inti Creates y Natsume, distribuida por la compañía Capcom para la consola Game Boy Advance en 21 de abril del año 2005 solo en Japón. Y es el cuarto y último juego de la serie, y la quinta serie de la Franquicia de Mega Man.
Men in Black - The Series (USA)	La escoria del universo continúa deslizándose por las grietas del sistema y llega a la Tierra. Como agente de Hombres de Negro, es su trabajo detenerlos. Armado con armas avanzadas, como el ruidoso grillo, el congelador y el lanzagranadas, lucharás contra una gran variedad de alienígenas en Nueva York e incluso en el espacio.
Metal Slug Advance (USA)	Eres un guerrero de la guerra, pero ahora estás solo. Los enemigos han capturado a tus tropas aliadas y depende de ti recuperarlas. Armado hasta los dientes con armas de fuego, granadas y vehículos especiales &quot;Slug&quot;, debes viajar a través de los niveles y hacer estallar cualquier cosa a la vista que no sea un amigo. Se ofrecen dos personajes para jugar, y junto con el estilo habitual de Metal Slug visualmente y secuencias de batalla épicas contra enemigos extraños y sorprendentes, ahora puedes recolectar tarjetas electrónicas especiales durante el juego. Los aliados guardados te entregarán estas cartas que, cuando las traigas de regreso al campamento, pueden aumentar la munición, el poder y muchas más mejoras para alterar la experiencia de juego.
Metroid - Zero Mission (USA, Australia)	Ella ha luchado contra los malos en casi todos los sistemas de Nintendo, y ahora, Samus Aran regresa a sus raíces. Metroid: Zero Mission revive la historia que comenzó todo, revelando por primera vez todos los detalles de su reunión con los Metroids. La trama será familiar para los fanáticos de toda la vida de la serie Metroid, pero los desafíos son nuevos, los poderes son abundantes y los gráficos y el sonido están sobrealimentados. Además, si pensabas que el Metroid original tenía un final sorpresa, espera hasta que pases el cerebro de la madre en Metroid: Zero Mission. Un nuevo giro proporciona una aventura más profunda que nunca.
Metroid Fusion (USA)	Metroid Fusion es el cuarto videojuego de la saga Metroid, y el primero en haber salido para Game Boy Advance. Es la secuela directa del aclamado Other M de Wii y situado el último, cronológicamente, de toda la saga. Metroid Fusion representa una nueva dirección de la serie, eliminando el desarrollo no lineal, introduciendo un ordenador como personaje no jugable, que te dice qué hacer y a dónde ir (haciendo que la técnica de saltarse escenas de un videojuego sea más difícil de realizar).
Micro Machines (Europe) (En,Fr,De,Es,It)	El adictivo corredor que todos ustedes han llegado a amar en el pasado está de regreso y es aún más adictivo en el GBA. Con la vista aérea clásica presentada en la serie original, vamos un paso más allá y le brindamos la profundidad que necesitaba en el GBA utilizando nuestro popular conjunto de herramientas 'bengine'. Junto con una jugabilidad intensa, algunos de los colores más brillantes de la GBA y un adictivo multijugador para cuatro jugadores, este es un juego que no te puedes perder. Esta entrega de Game Boy Advance en la serie de carreras de acción de larga duración solo se lanzó en Europa.
Midnight Club - Street Racing (USA)	Midnight Club nos trae la acción del manejo a alta velocidad y aventura a la consola de Game Boy Advance. El concepto detrás del juego deriva de las carreras ilegales del mundo real de Midnight Clubs. Le jugabilidad básica consiste de carreras a alta velocidad maniobrando completamente a través de calles abiertas de la ciudad. Vive la vida en el loco carril, escapa de la ley y acumula un arsenal de vehículos.
Midway's Greatest Arcade Hits (USA, Europe)	Esta colección reúne cuatro clásicos arcade. En Joust combates montado en un avestruz para derribar rivales y avanzar. Defender te pone al mando de una nave que debe frenar una invasión alienígena mientras rescatas humanos. Robotron 2084 te reta a salvar a la última familia humana abriéndote paso entre hordas de robots. En Sinistar debes destruir asteroides y reunir recursos antes de enfrentarte al temible Sinistar.
Mighty Beanz - Pocket Puzzles (USA)	Los alocados Mighty Beanz han salido de tu bolsillo y han invadido la Game Boy Advance. Ahora están divididos y mezclados, y debes reunir cada mitad correcta para devolverles su forma. El juego ofrece puzles rápidos protagonizados por tus Beanz favoritos, con power‑ups para desorientar al rival, desbloquear Beanz raros y apostar en el Battle Mode. Cada copia incluye un Majesco Gamer Bean; hay cinco para coleccionar, incluido el CHAMP de edición limitada.
Mike Tyson Boxing (USA) (En,Fr,De,Es,It)	Con más de 100 pesos pesados ​​diferentes y un arsenal completo de golpes al cuerpo que hacen crujir las costillas, rotondas que hacen temblar el cerebro y uppercuts que rompen la mandíbula, &quot;Mike Tyson Boxing&quot; para Game Boy Advance brinda a los jugadores la oportunidad de construir un boxeador y llevarlo a la cima.
Minami no Umi no Odyssey (Japan)	También conocida como &quot;South Sea Odyssey&quot;. En esta novela visual, empezamos siendo secuestrados por la mafia, pero resulta que tal vez nuestro papá sea el jefe de la mafia... así que el secuestrador se asusta y decide tomarse fotos con nosotros y fingir que estamos jugando. Entonces escapamos y logramos llegar a una isla desierta.
Minority Report - Everybody Runs (USA, Europe)	Eres John Anderton, agente de Precrimen capaz de detener asesinos antes de que actúen. Cuando el sistema falla y eres acusado, debes huir de tu propio equipo por un mundo futurista donde no puedes confiar en nadie. Para limpiar tu nombre y frenar una conspiración, revives la experiencia de la película enfrentandote a enemigos humanos y robots en combate cuerpo a cuerpo y con un amplio arsenal. También podrás usar un jetpack para recorrer niveles esquivando peligros mientras disparas.
Mission Impossible - Operation Surma (USA) (En,Fr,Es)	Operation Surma es el último juego que presenta al experto en sigilo Ethan Hunt, mientras se embarca en una nueva misión para evitar que la malvada Corporación Surma tenga éxito con sus planes de dominación global. Los jugadores seguirán a Hunt en múltiples misiones que los llevarán a lugares como Roma, Europa del Este, Medio Oriente y más. Descubra múltiples formas de completar misiones de aventura mientras sopesa los factores de riesgo, tiempo y recursos. Usa un arsenal de armas, disfraces y artilugios multiusos de alta tecnología, o somete a tus enemigos a la antigua usanza con sigilosos ataques cuerpo a cuerpo.
MLB SlugFest 2004 (USA)	MLB SlugFest 20-04 es la primera y única franquicia de videojuegos de béisbol de estilo agresivo, que ofrece una combinación patentada de juego de estilo hardcore, ultrarrápido y de adrenalina combinado con características clave de béisbol que complacerán incluso al fanático de los deportes más acérrimos. Las características del juego incluyen jugabilidad de estilo adrenalina, interfaz revolucionaria de bateador / lanzador de acción rápida, contacto estratégico y controles intuitivos de acción rápida de estilo adrenalina.
Mobile Suit Gundam SEED - Battle Assault (USA)	Gundam debuta en Game Boy Advance con Gundam Seed: Battle Assault, un juego de acción basado en la serie de animación. Ahora puedes tomar el control de uno de los 12 trajes móviles y destruir a tus enemigos con una gran variedad de armas. Los modos de juego incluyen misiones en solitario y el modo versus para dos jugadores, en el que puedes conectar hasta cuatro consolas Game Boy Advance para una acción cara a cara. Battle Assault también permite a los jugadores ajustar los niveles de dificultad: Elige el modo automático o manual y ajusta los medidores de armadura, HP y energía para maximizar el desafío.
Monopoly (USA)	Ser un magnate inmobiliario solía ser un trabajo duro. Gracias a la tecnología, el ordenador hace todo lo difícil, como tirar los dados, por ti. Liberado de la ansiedad de discutir sobre las inclinaciones, tienes mucho tiempo para elaborar tu próximo movimiento financiero. Hasta cuatro jugadores o tú y tres oponentes del ordenador se turnan en el tablero. Un jugador gana cuando los demás se hunden. También puedes jugar en modo de juego rápido o con límite de tiempo. En cualquiera de los modos de juego puedes establecer tus propias reglas. Algunas de ellas pueden ser premiar a una persona por aterrizar en un aparcamiento libre, repartir algunas propiedades al azar para empezar la partida o cambiar el número de propiedades que tienes que poseer en un grupo antes de poder construir casas. La interfaz, muy fácil de usar, facilita la gestión de las finanzas. Cuando hay varios jugadores, las partidas pueden tardar mucho en terminar, pero esa es la naturaleza del Monopoly.
Monster Force (USA)	Este juego es un shooter isométrico, en la línea de Zombies Ate My Neighbors. En resumen: corre, pulsa interruptores, dispara a los malos e intenta no morir. Los desafíos cronometrados, el multijugador de GBA y los jefes animan las cosas. Creado como complemento a la actualización de Universal para sus monstruos de película: Drácula, Frankenstein, la Momia y la estrella del Niño Lobo.
Monster Gate (Japan)	Monster Gate es un juego de rol de mazmorras, como Fushigi no Dungeon de Chunsoft, que es una adaptación del juego Arcade Monster Gate de Gameboy Advance. El juego cuenta con una selección de mazmorras generadas procedimentalmente, cada una de las cuales tiene su propio tamaño, profundidad, selección de monstruos y diversas reglas/características especiales. Empiezas con estadísticas básicas y rápidamente ganas niveles de experiencia por matar monstruos (que son invisibles, y que sólo puedes juzgar mirando tu máximo HP). No hacen falta muchas muertes para dejar de ganar niveles de experiencia. Para ayudarte en la mazmorra, puedes llevar hasta 10 cartas de un solo uso (se pueden encontrar más en la mazmorra), que actúan como hechizos.
Monster Guardians (Japan)	Monster Guardians es un juego de rol estratégico. El jugador controla un equipo de monstruos y lucha contra equipos enemigos. Los monstruos recolectados pueden combinarse para crear el equipo más fuerte de todos. Las batallas son en tiempo real, pero con una pausa, el personaje del jugador (chico o chica) puede detener la partida y dar órdenes a los monstruos desde fuera del campo de batalla.
Monster House (USA) (En,Fr)	¡Oh no! La casa del viejo Nebbercracker está comiendo cualquier cosa y a cualquiera que se acerque, ¡y Halloween casi está aquí! Así que coge tu Water Blaster, reúne coraje y prepárate para explorar Monster House y para descubrir sus secretos. Monster House es un juego de acción y aventuras desarrollado por Artificial Mind and Movement y publicado por THQ. El juego está basado en la película del mismo nombre.
Monster Jam - Maximum Destruction (USA)	Ponte al volante de los camiones monstruo más famosos del mundo con un brutal arsenal de armas y enfréntate en un salvaje combate vehicular. Salta, agárrate y esfuérzate a través de arenas interactivas con múltiples subniveles, trucos, trampas y sorpresas. Juega para una carnicería total mientras dominas tus trucos en seis modos de juego, incluida una sesión de estilo libre y el modo de campeonato sin restricciones, donde tus recompensas dan sus frutos en lo último en destrucción de camiones monstruo.
Monster Rancher Advance (USA)	Monster Rancher Advance es una simulación de cría en la que puedes entrenar y personalizar hasta 440 tipos de monstruos. Tras desarrollarlos, puedes ponerlos a prueba en torneos del juego o enfrentarlos a otros jugadores mediante el cable link de Game Boy Advance.
Monster Truck Madness (USA, Europe)	Muévete por el barro en Monster Trucks como Gravedigger y Carolina Crusher. Tres modos de juego, diez pistas y treinta eventos te esperan. Los objetos destructibles significan que puedes atropellar cualquier cosa que se interponga en tu camino. Sin embargo, la deformación del vehículo en tiempo real significa que su Monster Truck puede terminar en segundo lugar.
Monster Trucks (USA, Europe)	Monster Trucks lleva toda la acción de los eventos de camiones monster a Game Boy Advance. Los jugadores compiten en distintas arenas con el objetivo de convertirse en los mejores del circuito, enfrentándose a cinco rivales decididos a expulsarlos de la liga. Las victorias permiten ganar dinero para mejorar el camión y reforzar el equipo Monster Truck.
Monster Trucks Mayhem (USA)	Satisface tus fantasías más bestias al ponerte al volante de algunos de los vehículos más temibles del planeta. Pon a prueba tus habilidades enfrentándote a otros pilotos en un auténtico festival de destrucción sin límites, donde solo los más feroces sobreviven al caos.
Monster! Bass Fishing (USA)	Con dos modos de juego, en (Free Fish) Pesca libre puedes pescar en cualquier lugar que esté desbloqueado todo el tiempo que desees. En (Challenge) Desafío, compites en un torneo y tendrás un límite de tiempo y una ubicación específica para pescar. Cuando comienzas en una ubicación en cualquiera de los modos, tienes la opción de mover tu bote a cualquier lugar del mapa. Sin embargo, esto lleva tiempo y puede que no siempre sea lo mejor en el modo Desafío. Entonces puedes comenzar a lanzar o puedes cambiar tu señuelo primero.
Monsters, Inc. (USA, Europe)	Una nueva aventura basada en Monstruos, S.A., la nueva película de Disney. Controlando al monstruo Sulley, habrá que recorrer Monstruópolis para encontrar los trozos de la puerta que lleva a la habitación de la niña Boo.
Moorhen 3 - The Chicken Chase! (Europe) (En,Fr,De,Es,It)	Moorhen apuesta por una mecánica sencilla: disparar a los objetivos correctos para sumar puntos, evitando aquellos que restan. En esta tercera entrega aparecen aves protegidas que exigen más precisión, además de globos y animales que conviene no tocar. La serie destaca por sus secretos y bonificaciones ocultas, difíciles de descubrir. El marcador de récords y la batería de guardado siguen presentes para demostrar tus mejores puntuaciones.
Mortal Kombat - Deadly Alliance (USA) (En,Fr,De,Es,It)	¡Está en todos nosotros! Experimenta la intensidad letal de un Mortal Kombat completamente nuevo. Encuentra más de 20 guerreros nuevos y clásicos. Tres estilos de lucha diferentes por personaje.
Mortal Kombat - Tournament Edition (USA) (En,Fr,De,Es,It)	La alianza mortal entre Shang Tsung y Quan Chi permanece intacta. Sin embargo, en Mortal Kombat: Tournament Edition, un nuevo grupo de guerreros busca venganza contra estos malvados señores de la guerra. Vea quién sale victorioso mientras se abre camino a través de la acción del torneo y del equipo en su Game Boy Advance. Además de más luchadores, esta entrega de la serie Mortal Kombat brinda soporte multijugador para hasta cuatro jugadores (a través del cable de enlace de Game Boy Advance), una variedad de modos de juego y nuevos campos de batalla.
Mortal Kombat Advance (USA)	Game Boy Advance recibe este puerto arcade de Ultimate Mortal Kombat 3. Viene completo con el modo de un solo jugador, más de 20 luchadores, el modo de enlace para hasta 4 jugadores y un montón de extras para desbloquear. Cuenta con la clásica lucha 2D, de desplazamiento lateral que hizo que el Mortal Kombat original tan popular. Fatalidades, brutalidades e incluso movimientos de amistad han hecho que la cruz se cruce en este puerto.
Mother 1+2 (Japan)	Madre cuenta la historia de Ninten, un niño de 12 años que viaja por todo el mundo usando sus poderes psíquicos para recolectar ocho melodías para salvar al planeta de una raza malvada de extraterrestres que controlan la mente. Mother 2 cuenta la historia de Ness, un joven que viaja por el mundo también usando poderes psíquicos para recolectar ocho melodías con el fin de salvar el futuro de un alienígena de maldad pura, con la intención de sentenciar toda la realidad al horror de la oscuridad eterna.
Mother 3 (Japan)	La historia se remonta mucho tiempo después de los sucesos de EarthBound, los residentes de las Islas Ningunaparte son vigilados y atacados por el Ejercito Puercareto liderado por el llamad &quot;Rey P&quot;. La historia principal comienza durante el Capítulo 1, controlando a Flint quien es el padre de Lucas y Claus, tras la desaparición de éstos él parte en busca hasta finalmente encontrarlos en la ribera de un río; tras el funeral de la esposa de Flint y madre de los niños, Hinawa, Claus sale a buscar venganza a quién mató a su madre y supuestamente muere enfrentándolo.
Moto Racer Advance (USA) (En,Fr,De,Es,It)	El jugador controla a un motociclista y debe intentar ganar carreras en varios terrenos y escenarios. Cada motocicleta en el juego se maneja de manera diferente, algunas funcionan mejor en carreteras pavimentadas y otras funcionan mejor en terrenos más accidentados. Hay varios modos diferentes: Gran Premio (GP), Motocross y Tráfico. GP se lleva a cabo en varios lugares diferentes en todo el mundo en pistas pavimentadas en lugares como San Francisco y Rusia. Las pistas pavimentadas requieren que el jugador aprenda a usar los frenos de manera efectiva en las esquinas. Los campos de GP contienen pequeñas diferencias entre ellos, dando más variedad a los campos del juego. El motocross requiere que el jugador conduzca en terrenos todoterreno y domine el acto de &quot;deslizamiento de potencia&quot; en las curvas. Los recorridos que se encuentran en las carreras de Motocross son menos hospitalarios y, a menudo, tienen lugar en lugares áridos y descuidados y con obstáculos. El tráfico mezcla GP y Motocross, con recorridos mixtos de pavimento y tráfico en carreteras que sirven como obstáculos.
Motocross Challenge (USA) (Proto)	Motocross Challenge es un trepidante juego de motocross en el que compites a través de paisajes espectaculares, dominas saltos de gran altura y sorprendes al público con trucos arriesgados. Una experiencia arcade directa y explosiva, ideal para quienes buscan pura acción sobre dos ruedas.
Motocross Maniacs Advance (USA) (En,Es)	Motocross Maniacs Advance es un juego de carreras de motos de tierra de desplazamiento lateral. Hay cuatro modos de juego, carrera, contrareloj, acción (pistas de acrobacias por puntos) y batalla en enlace (que requiere cuatro cartuchos más y el cable de enlace para usar). Hay seis pilotos diferentes para elegir,cada uno con sus propios atributos y habilidades diferentes. Los jugadores también pueden recoger potenciadores durante carreras como misiles de búsqueda de calor y minas terrestres junto a los tanques Nitro, entre otros.
MotoGP (USA) (En,Fr,De,Es,It)	El circuito de Moto GP es uno de los más populares circuitos de motocicletas del mundo. Millones de conductores sueñan con participar por diversión y millones más quieren hacerlo por el dinero. THQ nos trae la acción de Moto GP a casa, bueno, no otro qué Moto GP para Game Boy Advance. Moto GP ofrece cuatro modos de juego (carrera rápida, torneo, grand prix y por tiempo) y el modo multijugador nos presenta el modo de hasta cuatro jugadores mediante el cable de Link. Moto GP también nos muestra algunas de las motos más vistosas de fabricantes cómo Suzuki y Le Mans.
Mr Nutz (Europe) (En,Fr,De,Es,It)	Eres la ardilla genial del título, y debes derrotar al malvado Yeti antes de que congele el mundo entero. Tu búsqueda te hará explorar muchas áreas, como un bosque, una cabaña de brujas, un volcán, las nubes, un circo ... Mr. Nutz es un juego de plataformas, en el que Nutz debe saltar sobre los enemigos para matarlos. Su cola también se puede controlar. Te mueves por niveles usando repisas, escaleras, puentes y plataformas. Hay algunos rompecabezas simples que involucran la manipulación de objetos.
Mr. Driller 2 (USA)	Mr. Driller 2, es un juego tipo puzzle en tiempo real, en el que te moverás continuamente hacia abajo o hacia los lados en un esfuerzo por llegar al fondo. Mientras cavas, los bloques caerán para rellenar los huecos de abajo. Los bloques de colores similares se pegarán entre sí (dándote tiempo para descansar), pero desaparecerán si se juntan 4 o más bloques. Esto puede provocar reacciones en cadena (muy comunes en los niveles de dos colores) que se vuelven peligrosas rápidamente. Hay tres modos de juego: Historia, Contrarreloj y Taladro sin fin. El modo Historia jugando como Susumu o Anna, tienes que contactar con el Rey de los Subterráneos, equipado con nada más que un traje presurizado y un taladro. Para ello, tendrás que perforar varios miles de metros evitando ser aplastado y recordando recoger los tanques de oxígeno.. El modo Time Attack te ofrece un conjunto de niveles con un límite de tiempo específico. Taladro sin fin, te permite cavar durante todo el tiempo que puedas.
Ms. Pac-Man - Maze Madness (USA)	Ms. Pac-Man ha vuelto en una nueva aventura en 3D. Atraviesa mundos místicos para rescatar al Profesor Pac. Libera los mundos perdidos de Pac-Land de la horrible bruja Mesmeralda. ¡La heroína más famosa y favorita de los videojuegos ha vuelto para salvar el día!
Mucha Lucha! - Mascaritas of the Lost Code (USA) (En,Fr,Es)	Mucha Lucha, la exagerada y cómica serie de aventuras de TV de Kids WB, llega a Game Boy Advance. Lucha a tu manera como Rikochet, Buena Girl y The Flea a través de esta alocada aventura en la misión de recuperar el importantísimo Código de la Lucha Enmascarada.
Mummy, The (USA) (En,Fr,De,Es,It)	The Mummy para Game Boy Advance se sitúa en los años 30 y combina escenarios exóticos con acción y aventura. Controlas a los O'Connell, pudiendo alternar entre Alex, Evy y Rick en cualquier momento mientras exploran ruinas subterráneas egipcias en busca de tesoros. El juego enfrenta al jugador con villanos de la serie, incluido Imhotep, además de nuevos enemigos, ofreciendo una historia atractiva y un desafío apto para todas las edades.
Muppet Pinball Mayhem (USA)	Muppet Pinball Mayhem es un juego de pinball basado en los siempre populares personajes Muppet. Este juego presenta música y efectos de sonido reconocibles del Show de los Muppets, junto con fondos basados en los personajes de los Muppets. Hay tres mesas, una para Kermit, una para Miss Piggie y otra para Gonzo. También hay una tabla oculta secreta para un personaje no revelado. La mesa oculta se desbloquea en el &quot;Modo Aventura&quot;, donde debes obtener una puntuación alta y alcanzar un objetivo específico para avanzar de una mesa a la siguiente.
Muppets, The - On with the Show! (USA, Europe) (En,Fr,De,Es,It,Nl)	El juego incluye una variedad de minijuegos que pueden jugarse por separado en el modo actividad o en un orden determinado. También hay dos minijuegos adicionales que se pueden desbloquear. Antes de cada partida suele mostrarse una breve escena entre bastidores, y Statler y Waldorf ofrecen sus comentarios al finalizar cada juego, fieles a su estilo sarcástico habitual.
MX 2002 Featuring Ricky Carmichael (USA, Europe)	MX 2002 con Ricky Carmichael es un videojuego desarrollado por Pacific Coast Power & Light y publicado por THQ para PlayStation 2 , Xbox y Game Boy Advance . Es el tercer juego de carreras de motocross publicado por THQ en ser respaldado por el corredor de motocross profesional Ricky Carmichael , después de Championship Motocross con Ricky Carmichael y su secuela, Championship Motocross 2001 con Ricky Carmichael , así como el primer juego de la trilogía MX de THQ , un seguimiento. -up serie a la duología Championship Motocross que eventualmente se convertiría en parte de su franquicia de carreras cruzadas MX vs. ATV . Una secuela, MX Superfly , fue lanzada en 2002 y también respaldada por Carmichael.
My Animal Centre in Africa (Europe) (En,Fr,De,Es,It)	My Animal Centre in Africa te pone al mando de un refugio‑hospital para fauna salvaje dentro de un parque natural. El juego ofrece seis escenarios en los que debes cuidar con constancia a distintos animales, diagnosticarlos correctamente y tratarlos a tiempo. La clave es gestionar bien el centro y atender a todas las criaturas de la sabana antes de que su estado empeore.
My Little Pony - Crystal Princess - The Runaway Rainbow (USA)	My Little Pony: Crystal Princess – Runaway Rainbow es una recopilación de minijuegos ambientada en el mundo de los Pequeños Ponis. Pensado para un público joven, ofrece 14 minijuegos repartidos en cinco capítulos que acompañan la aventura y permiten interactuar con los personajes en distintas actividades coloridas y accesibles.
Namco Museum (USA)	Esta colección de títulos clásicos de arcade incluye: 1. Dig Dug 2. Galaga 3. Galaxian 4. Ms. Pac-Man (tanto en desplazamiento como en pantalla completa) 5. Pole Position Para ciertos juegos, la configuración se puede modificar.
Namco Museum - 50th Anniversary (USA)	Namco está honrando su 50 aniversario con el lanzamiento de esta compilación de clásicos de arcade. Usando una interfaz retro, verifica una sala de juegos virtual donde puede seleccionar cada clásico en su gabinete de juegos original. Los 5 juegos incluidos son: 1. Pac-Man 2. Sra. Pac-Man 3. Galaga 4. Dig 5. Bosconian
Nancy Drew - Message in a Haunted Mansion (USA)	En Message in a Haunted Mansion, Nancy Drew viaja a San Francisco para ayudar a un amigo de la familia que está restaurando una antigua mansión victoriana para convertirla en un alojamiento turístico. Mientras colabora en la renovación, escucha relatos de sucesos extraños y accidentes. Fiel a su instinto, Nancy decide investigar y descubrir qué se esconde tras estos incidentes que entorpecen la obra.
Napoleon (Japan)	En el Modo Historia del juego, los jugadores juegan contra Napoleón Bonaparte, que dirige el ejército revolucionario en la batalla contra los británicos. Ambientada a finales del siglo XVIII, la historia de Napoleón se cuenta como un Fire Emblem a través de mapas estratégicos y diálogos de personajes. Sin embargo, el juego se toma muchas libertades con precisión histórica, como la de Napoleón luchando contra ogros devoradores de hombres y abominables muñecos de nieve. Los objetivos de las misiones varían ligeramente, pero la idea básica es enviar unidades, derrotar al enemigo y hacerse cargo de la fortaleza del adversario.
Naruto - Ninja Council (USA)	Juego de acción basado en el manga Shonen Jump. Métete en la piel del héroe de la serie Uzamaki Naruto y ábrete paso a lo largo de los niveles de scroll lateral con la ayuda de Sasuke y Kakashi.
Naruto - Ninja Council 2 (USA)	Juego de acción, basado en el manga Shonen Jump. Esta secuela del primer juego de Naruto en GBA (el segundo juego fue una simulación / aventura muy diferente) tiene tres veces la cantidad de etapas y personajes el doble de tamaño. La acción es más ágil y dinámica. Los jugadores pueden transformarse en Naruto, Sasuke y Sakura y usar sus habilidades para derrotar las etapas de desplazamiento. El juego también utiliza el cable de enlace para un modo cooperativo de dos jugadores y para un modo de batalla de cuatro jugadores.
Naruto RPG - Uketsugareshi Hi no Ishi (Japan)	Naruto: Path of the Ninja para Nintendo DS permitirá a los jugadores explorar Village Hidden in the Leaves y el mundo de Naruto mientras deambulan por bosques, campos, ríos y montañas. En el camino, los jugadores se encontrarán con jefes y enemigos que deben usar sus técnicas especiales para vencer. Cada uno de los 6 personajes jugables poseerá un sistema de combate basado en el tiempo único y los jugadores entrenarán a su equipo Ninja para aprender más de 90 técnicas diferentes de Jutsu.
NASCAR Heat 2002 (USA)	NASCAR Heat Advance te permite ponerte al mando de un stock car de 750 CV y vivir la emoción de la NASCAR Winston Cup Series en cualquier lugar. Incluye los desafíos Beat the Heat y un modo Carrera renovado. Es además el primer juego de NASCAR en GBA que muestra el coche completo en pista, no solo la vista trasera tradicional. Su propuesta busca velocidad, competición y superar a la competencia a toda costa.
NBA Jam 2002 (USA, Europe)	Esta versión Game Boy Advance de NBA Jam (no basada en los activos de SNES) presenta varios modos de juego con acción de baloncesto familiar y exagerada. Los jugadores pueden elegir entre cualquiera de los 29 equipos de la NBA de la liga, cada uno con varios jugadores clave de los que tomar el control durante la acción ... más de 140 superestrellas en total. Cada profesional en el juego tiene sus propios atributos de juego, desde el manejo de la pelota hasta los estilos de mates, por lo que si estás buscando lucir tus cosas en las canchas, es mejor saber qué jugadores son los que deben agarrar. El juego presenta los alley-oops y skypasses característicos de la serie, así como el modo siempre extremo &quot;en llamas&quot; que se activa cuando un jugador hunde tres canastas seguidas. El juego solo comete faltas en Goaltending, así que asegúrate de no enganchar la pelota cuando está bajando ...
Need for Speed - Carbon - Own the City (USA, Europe) (En,Fr,De,Es,It)	Need for Speed Carbon te trae la siguiente generación de juegos de carreras en la que demuestras tus habilidades de conducción en peligrosas carreteras de montaña. Lo que comienza en la ciudad se traslada a los cañones a medida que Need for Speed Carbon te sumerge en la más peligrosa y excitante forma de competición en carreras callejeras. Tú y tu equipo deberéis correr en una guerra a todo o nada arriesgando para adelantar a los rivales.
Need for Speed - Most Wanted (USA, Europe) (En,Fr,De,It)	Para ser el más buscado necesitarás despistar a la policía, retar a tus amigos y derrotar a tus rivales. Vas a necesitar tomar las decisiones al segundo.
Need for Speed - Porsche Unleashed (USA)	¡Desata el poder de Porsche! Llega al límite y rompe la voluntad de tus oponentes mientras te subes al asiento del conductor del juego de carreras Need For Speed Porsche Unleashed de Destination Software para tu sistema Nintendo Game Boy Advance, sublicenciado del creador de la serie Electronic Arts. Need for Speed Porsche Unleashed presenta carreras en circuitos, emoción en tranvía, emociones en caminos abiertos, choques, tráfico y más. Sienta la oleada de adrenalina cuando su propia experiencia en la conducción y los años de excelencia de Porsche se unen a su alcance para un viaje emocionante a una velocidad vertiginosa. Cuenta con 25 modelos diferentes de autos Porsche, soporte de cable de enlace para cuatro jugadores (cartucho múltiple) y capacidad para guardar cartuchos con cuatro ranuras.
Need for Speed - Underground (USA, Europe) (En,Fr,De,It)	Need For Speed: Underground es el séptimo juego de la larga serie de carreras Need For Speed. El subterráneo gira en torno al trazado nocturno ilegal con autos importados muy modificados y ha sido muy influenciado por la película &quot;The Fast And The Furious&quot; y su secuela. Los jugadores tienen la oportunidad de construir su propia máquina de carreras casi desde cero, con cientos o reales. partes con licencia y muchos autos con licencia, incluidos el Mazda RX-7 y el Nissan Skyline GT-R. El juego también presenta más de 100 carreras para un jugador y una banda sonora de hiphop / hardrock que incluye artistas como Mystikal, Rob Zombie y The Crystal Method.
Need for Speed - Underground 2 (USA, Europe) (En,Fr,De,It)	La popular franquicia Need For Speed ​Underground ​se adaptó para sistemas con diferentes capacidades. Conduces por una ciudad dividida en 5 áreas distintas. Al igual que con las otras versiones, el objetivo es conducir lo suficientemente bien como para aumentar tu reputación. En esta versión se prescribe la ruta, sin la exploración de los otros sistemas. Los coches disponibles incluyen máquinas de Volkswagen, Mitsubishi y Toyota. Hay menos actualizaciones en esta versión, aunque la apariencia y el manejo de tu automóvil aún puede variar. La historia en esta versión sigue un camino predefinido.
Next Generation Tennis (Europe) (En,Fr,De,Es,It,Pt)	Jugar Next Generation Tennis es como jugar un partido y verlo en vivo en la televisión al mismo tiempo, con repeticiones en cámara lenta, anuncios de árbitros, comportamiento realista de los jugadores y ruido de la multitud, todo lo que agrega ese toque de autenticidad. Con más de 10 modos de juego (incluidos 4 ocultos), Next Generation Tennis ofrece una amplia gama de placeres, desde los más clásicos hasta los más innovadores.
NFL Blitz 2002 (USA)	NFL Blitz 20-02 es un juego basado en el deporte del fútbol americano. Como toda la serie, elimina la mayoría de las reglas y tácticas (dejando 36 jugadas ofensivas y 18 defensivas) mientras se enfoca en un enfoque orientado a la acción. Debido al esquema de control limitado del sistema, las opciones en el campo son menores en comparación con la versión de la consola principal: además de los comandos habituales de movimiento, pase y movimiento del jugador, el jugador también puede abordar, saltar o activar un turbo boost. La perspectiva de juego es una vista pseudo-3D en ángulo con los objetivos en la parte superior / inferior de la pantalla. Tanto en la modalidad de exhibición como en la modalidad de temporada (17 semanas), el juego ofrece la posibilidad de elegir entre 32 equipos con diferentes estadísticas en cuanto a pases, defensiva y línea. Los minijuegos, que también se pueden seleccionar desde el menú principal, son básicamente modos de práctica para situaciones de gol de campo y de línea de gol, así como un cuestionario de trivia de la NFL.
NFL Blitz 2003 (USA)	Esta última actualización de la serie NFL Blitz ofrece más opciones y refina las opciones presentadas anteriormente en la serie. Cabe destacar la opción de crear un jugador. Al diseñar el aspecto del jugador y asignar varias estadísticas a sus habilidades, puedes crear un equipo completo para competir en la liga. También se ha mejorado la inteligencia artificial en la configuración del juego para un jugador. Los estadios de fantasía en lugares exóticos y los jugadores de fantasía son otra opción nueva. Listas, horarios, uniformes y estadios actualizados, incluida la incorporación de los Houston Texans.
NHL 2002 (USA)	NHL 2002 es la única entrada en la serie de hockey de Electronic Arts que se lanzará en Game Boy Advance. Con las versiones de consola que migraron a gráficos 3D años antes, el juego portátil conserva una vista de arriba hacia abajo en 2D muy similar a los primeros títulos de la serie en Genesis y SNES. Además de un modo estándar para juegos de exhibición, el juego tiene un modo de práctica en el que se puede elegir libremente el número de jugadores en el campo. El modo de temporada es inusual en el sentido de que, a diferencia de otros juegos, el jugador no selecciona un equipo para liderar una temporada. En cambio, el juego incluye el calendario completo de juegos de la temporada 2001-2002 de la NHL, y se puede jugar a cualquier equipo en cualquier juego programado. Si no se programan juegos de interés en un día determinado, se puede omitir y simular los resultados.
NHL Hitz 2003 (USA)	¿Qué es de un sistema portátil sin un juego de hockey en el que puedas prenderte fuego? Nada, eso es lo que ... o eso es lo que nos han dicho. Porque a todo el mundo le gusta el fuego y a todo el mundo le gusta el hockey, no es de extrañar que Midway lleve NHL Hitz 20-03 a Game Boy Advance este otoño. Con clásicos como el &quot;Modo Fuego&quot;, animaciones exageradas y multitudes en 3D, el juego se expande y se mantiene fiel a las tradiciones de la serie. Como todos los juegos de NHL Hitz, NHL Hitz 20-03 incluye modos de juego para hasta 6 jugadores a través de cable de enlace, peleas en el juego y equipos, jugadores y estadios ocultos. El juego también contará con los modos Crear un jugador y minijuegos.
Nicktoons - Attack of the Toybots (USA)	En SpongeBob and Friends: Attack of the Toybots para Game Boy Advance, el héroe más absorbente de la tele vuelve acompañado de diez personajes de Nickelodeon en un juego con un argumento de lo más disparatado: debes combatir juguetes que han cobrado vida gracias a las flatulencias mágicas de hadas que se han atiborrado de cangreburgers. Recorre cinco amplios niveles armado con tu pistola de lodo y elimina a tus enemigos para devolver el orden a Fondo de Bikini.
Nicktoons - Battle for Volcano Island (USA)	Bob Esponja y Amigos: Batalla por la Isla del Volcán es la secuela del juego de 2005 Nicktoons Unite!. Los jugadores pueden controlar hasta seis personajes de distintas series de Nickelodeon, como Bob Esponja, Danny Phantom y Los Padrinos Mágicos. La historia reúne a Bob Esponja, Danny Phantom, Timmy Turner (con Cosmo y Wanda), Patricio, Sam Manson y Arenita para proteger la isla de un nuevo villano llamado Mawgu. Tucker Foley, Calamardo y Jimmy Neutrón también aparecen, aunque solo como apoyo y no son jugables.
Nicktoons - Freeze Frame Frenzy (USA)	Los personajes de Los Padrinos Mágicos, Bob Esponja, Rocket Power, Jimmy Neutrón y Danny Phantom se unen en Bob esponja y sus amigos: la camara loca. Un caos dimensional hace que personajes aparezcan en series equivocadas, y Jimmy Neutrón organiza una misión para fotografiarlos y devolverlos a su mundo. Con ocho protagonistas jugables, recorres escenarios de varias series mientras desbloqueas nuevos personajes y niveles.
Nicktoons Racing (USA)	Nicktoons Racing se enfoca en involucrar a los jugadores en una carrera de go-kart en varias pistas temáticas de Nicktoons, similar a los juegos de Mario Kart. El juego nos presenta una amplia selección de personajes jugables de varios Nicktoons, incluyendo personajes de Rugrats, Aaahh!!! Real Monsters, The Wild Thornberrys, The Angry Beavers, CatDog, The Ren & Stimpy Show, Hey Arnold! y Bob Sponja.
Nicktoons Unite! (USA)	Por primera vez, héroes y villanos de Nickelodeon se unen en una aventura que cruza varios mundos animados. Personajes de Bob Esponja, Los Padrinos Mágicos, Rocket Power, Jimmy Neutrón y Tak son jugables, mientras que Danny Phantom y Rugrats debutan en videojuegos. Juntos deberán colaborar, interactuar y resolver puzles en distintos escenarios de las series de televisión.
Ninja Five-O (USA)	Asume el papel de Ninja Five-O mientras usa toda su habilidad, sigilo y magia para rescatar rehenes y derrotar a sus enemigos. ¡Domina el arte de las espadas ninja, las estrellas arrojadizas shuriken y la antigua magia ninjitsu! * Gancho de agarre Kaginawa Wire que se puede usar para colgar, volar, saltar, escalar paredes y atacar por sorpresa. * 6 misiones desafiantes que cubren 20 niveles. * Aplasta objetos para encontrar potenciadores ocultos y objetos secretos * Personajes de jefes enemigos únicos para cada nivel.
No Rules - Get Phat (USA, Europe) (En,Fr,De,Es,It,Nl)	One Eye Jack, un pequeño fanático del skate y líder de la pandilla No Rules, debe detener una invasión alienígena de sus lugares de reunión locales. Para lograr su objetivo, debe patinar como un profesional, ser un excelente tirador con su honda como así también con su pistola de baba alienígena, para así demoler los rieles de la irresponsabilidad social, todo en nombre de preservar su estilo de vida.
Noddy - A Day in Toyland (USA) (En,Fr,Es)	Noddy se despierta en su colorida casa de bloques de construcción y comienza el día con una sonrisa. Conduciendo por Toyland se encuentra con varios amigos que necesitan ayuda, y Noddy siempre está dispuesto a echar una mano. Juega e interactúa con Noddy y otros personajes favoritos de Toyland, incluidos Big Ears, Mr. Sparks, Miss Pink Cat, Tessie Bear, Dinah Doll, Martha Monkey y Mr. Wobbly Man. Visita Big Ears o ayuda al Sr. Sparks a encontrar sus herramientas o encuentra al perro de Tessie Bear y ayúdala a hacer un delicioso helado de fresa.
Oddworld - Munch's Oddysee (USA, Europe)	Munch, el Gabbit con &quot;rareza&quot; y su compañero Abe lideran una revolución fuera de ritmo para salvar al mundo. Con su tierra sagrada en peligro de ser destruida por los codiciosos Glukkons, Munch y Abe se unen para enseñarles una lección a esos sinvergüenzas usando su destreza de canto para controlar al enemigo, armarse con armas extravagantes y adquirir potenciadores para potenciadores adicionales. Puedes cambiar entre Munch y Abe en cualquier momento para utilizar las habilidades únicas de cada personaje y acceder a ciertas áreas.
One Piece (USA)	One Piece de Shonen Jump, nos traslada a la eterna busqueda de Monkey D. Luffy por convertirse en el Rey de los piratas, en este juego de lucha nuestro heroe va adquiriendo nuevas habilidades, tomadas de la serie. Ademas de una aventura principal repleta de jefes a vencer, a lo largo de 18 niveles, cuenta con algunos minijuegos.
One Piece - Dragon Dream (Japan)	One Piece Sueño Dragon! es un juego de rol de acción con el héroe de la serie Luffy como personaje principal. El juego comienza cuando Luffy conoce a una chica misteriosa y finalmente pierde la memoria. Para restaurar su memoria, Luffy y sus amigos deciden revivir aventuras pasadas, seleccionando nuevos lugares de tu tarjeta pirata, y trabajando a través de secuencias de historias que representan una historia original creada exclusivamente para el juego. Cuando borras eventos, las memorias restauradas de Luffy se almacenan en un gráfico para una visualización rápida.
One Piece - Going Baseball - Kaizoku Yakyuu (Japan)	One Piece: Going Baseball es un juego solo publicado en Japón lanzado para Gameboy Advance en 2004. Los controles son simples y el objetivo básico del juego es elegir un equipo e intentar ganar un torneo contra todos otros equipos. Hay un modo historia, que es necesario para desbloquear el equipo final, y un modo minijuego. El juego parece tener lugar después del arco de Skypiea, ya que al principio se ve a la tripulación usando sus atuendos de Skypiea, y la arena de Skypiea es el punto más lejano al que llega el juego.
Onimusha Tactics (USA)	Joven guerrero, Onimaru recibe el Guantelete Oni mientras se apresura a defender su aldea de las hordas demoníacas de Nobunaga Oda. Onimaru pronto descubre por el anciano Sandayu, que aunque ha estado viviendo en la pacífica provincia de Iga, él es del clan Oni y ha sido escondido. Además, con el poder del Oni Gauntlet, puede absorber las almas de los enemigos y usar las piedras demoníacas Genma para recrear armas y armaduras perdidas. Con este nuevo conocimiento de quién es el suyo y de su destino, reúne a un apresurado escuadrón de luchadores, incluida su hermana Ororo, y parte para vengar su provincia y detener la guerra demoníaca de Nobunaga en la tierra.
Open Season (USA) (En,Fr,Es)	Juego de acción y aventura basado en la primera película de animación de Sony Pictures Animation. Boog, un oso grizzly acostumbrado a la vida cómoda, y Elliot, un ciervo parlanchín y testarudo, acaban perdidos en el bosque a tres días de la apertura de la caza. Para sobrevivir, deberán liberar sus instintos y unir a los animales del bosque para expulsar a los cazadores de su territorio.
Operation Armored Liberty (USA)	Operation: Armored Liberty te pone al mando de un carro de combate estadounidense M1A1 Abrams en la lucha contra T‑72 soviéticos, lanzadores S.C.U.D.D. y helicópteros de combate iraquíes. Tu misión es avanzar a través de las líneas enemigas y liberar Bagdad, combinando potencia de fuego y maniobras tácticas en pleno conflicto.
Oriental Blue - Ao no Tengai (Japan)	El juego continúa la tradición de la serie Tengai Makyou, también conocida como &quot;Lejano Oriente del Edén&quot;. Juegas como Tenran o Aoi, un adolescente y una niña, respectivamente, en busca de derrotar al antiguo mal que amenaza la próspera tierra de Jipang, para demostrar que son dignos del legendario Clan del Fuego, guerreros que han estado protegiendo a Jipang durante muchas generaciones de demonios malvados y brujos. La tierra Jipang es muy similar al Japón medieval, y durante tu aventura también visitarás Mongolia, China y otros países asiáticos. La nueva característica más importante del juego es una historia no lineal. Puedes abordar muchas misiones en el orden que quieras, y la historia también cambia dependiendo del resultado de las principales batallas. Si pierdes contra un enemigo jefe, el juego no ha terminado, sino que se revela un camino de la historia ramificado. De lo contrario, la jugabilidad es similar a otros juegos de Tengai Makyou, con viajes por el mapa del mundo y perspectiva en primera persona, combate por turnos.
Ottifanten Pinball (Germany)	Ottifanten Pinball es un pinball humorístico para Game Boy Advance inspirado en los personajes de Otto Waalkes. Ofrece varias mesas con escenarios disparatados del universo Ottifanten, llenas de animaciones absurdas, minijuegos y objetivos por completar. Su jugabilidad es sencilla y accesible, ideal para partidas rápidas, y su estilo cómico y caricaturesco aporta todo el encanto del juego.
Over the Hedge (USA)	Tu objetivo es sembrar el caos en la ciudad formando un equipo de dos personajes, alternando entre Riton, Verne, Zamy y Stella. Solo o con un amigo, recorres una treintena de niveles disparatados con escenarios inéditos y una buena dosis de minijuegos, aprovechando las habilidades de cada miembro del grupo para superar desafíos y desatar el desorden por todas partes.
Over the Hedge - Hammy Goes Nuts! (USA)	Hammy, la ardilla, guía a RJ el mapache, a Verne la tortuga, y a los nuevos amigos del bosque en otro atrevido viaje a los suburbios. Cuando se apaga la amada televisión por cable de Hammy, sus amigos tienen que recorrer el vecindario para restaurar la señal y la felicidad de Hammy.
Ozzy & Drix (USA)	¡Un juego de plataformas en 2D con elementos en 3D, Ozzy & Drix está basado en la exitosa serie de dibujos animados de Kids 'WB! que a su vez se basa en la película Osmosis Jones. Únase a las trepidantes aventuras de un &quot;policía&quot; de glóbulos blancos, Ozzy, y su compañero de píldoras para el resfriado de venta libre, Drix. Los fanáticos de la exitosa serie ahora serán parte de la acción en Game Boy Advance. Recorre una autopista de células sanguíneas en el &quot;Cel Camino&quot;, brinda protección contra la temida &quot;Flema-alancha&quot;, enfréntate a los némesis Spryman y Gluteus y más mientras Ozzy y Drix viven y juegan en su mundo dentro del adolescente Héctor Cruz.
Pac-Man Collection (USA)	Pac-Man Collection Es una compilación de videojuegos de 2001 publicada por Namco para Game Boy Advance. Incluye cuatro títulos de la serie Pac-Man 1.-el Pac-Man original (1980) 2.- Pac-Mania (1987) 3.- Pac-Attack (1993) 4.- Pac-Man Arrangement (1996) El último de los cuales fue originalmente exclusivo. E juego de arcade Namco Classic Collection Vol 2. Cada juego incluye funciones personalizables, como la capacidad de modificar el número de vidas iniciales o la dificultad, y todo está desprovisto de funciones multijugador. Pac-Man , Pac-Mania yArrangement se lanzó originalmente para salas de juegos, mientras que Pac-Attack se lanzó por primera vez tanto para SNES como para Sega Genesis.
Pac-Man Pinball Advance (USA)	Pac-man Pinball Advance fusiona la acción clásica de Pac-Man con el pinball, recordando a Kirby's Pinball Land, permitiendo al jugador elegir entre diferentes fondos de mesa, cuyo objetivo es avanzar a través de las mesas, golpeando ciertas partes para ganar power-ups, incluso la capacidad de comer bolitas y comer a los enemigos fantasmas (Blinky, Inky, Pinky y Clyde) y rescatar a los amigos de Pac-Man, incluyendo a Ms. Pac-Man. También hay minijuegos como un shooter vertical y los clásicos laberintos de Pac-Man.
Pac-Man World (USA)	A diferencia de la mayoría de los &quot;juegos de comecocos&quot;, Pac-Man World es una aventura de plataformas en la que el redondo héroe amarillo avanza por más de 20 niveles de acción. Sin embargo, se enfrenta a la oposición de némesis fantasmales como Inky, Blinky, Pinky y Clyde. También debe correr, saltar y nadar para evitar otras criaturas malévolas, como esqueletos, arañas y peces asesinos. Por suerte, Pac-Man tiene una gran variedad de métodos de ataque. Excluyendo a los fantasmas, la mayoría de los malos son susceptibles a los proyectiles &quot;Pac-Dots&quot;, al &quot;Ultra Butt-Bounce&quot; (que también le ayuda a saltar más alto), o al &quot;Rev Roll&quot;, una ráfaga de velocidad que permite a Pac-Man dar largos saltos desde las rampas. Sin embargo, para deshacerse de los fantasmas, primero tiene que ingerir una Pelota de Poder a la vieja usanza, y luego devorarlos antes de que sus efectos desaparezcan.
Pac-Man World 2 (USA)	Hace mucho tiempo, en la época medieval, un espíritu maligno conocido como Spooky había aterrorizado a todo Pac-Land. En respuesta a esto, el gran Wizard Pac creó una poción que convirtió 5 frutas ordinarias en la &quot;Fruta Dorada&quot;. Un joven caballero llamado Sir Pac-alot luchó y selló a Spooky debajo de un gran árbol usando la Fruta Dorada, que estaba unida a las ramas del árbol. En la actualidad, a altas horas de la noche, Inky, Pinky, Blinky y Clyde se cuelan en el pueblo y, en su travesura, recogen la Fruta Dorada del árbol en el centro de la ciudad. Desafortunadamente, esto ha liberado a Spooky de su prisión. Spooky les dice a los fantasmas que tomen la Fruta Dorada y lo sigan si desean librar a la tierra de la gente Pac para siempre. Cuando Pac-Man se despierta, escucha las noticias del Profesor Pac sobre Golden Fruit y Spooky, y se pone en camino para derrotar a los fantasmas y Spooky.
Paws & Claws - Best Friends - Dogs & Cats (USA)	En Dogs & Cats: Best Friend puedes jugar y acurrucarte con cachorros de dálmata, husky, pastor alemán y golden retriever, así como con gatos siamés, Maine Coon o British Blue. Puedes enseñarles multitud de trucos y, con paciencia, lograr que obedezcan todas tus órdenes.
Payback (Europe) (En,Fr,De,Es,It)	3 enormes ciudades para explorar en 3D con decenas de misiones que completar. Conduce y pilota tanques, helicópteros, barcos, autobuses, coches deportivos y mucho más. Incluye el modo Arcade de un solo jugador y el modo multijugador Deathmatch para un máximo de cuatro jugadores.
Perplexus Diodomin (Europe) (Proto)	Perplexus Diodomin fue un título para Game Boy Advance en desarrollo en 2002 por James Boulton (código), con gráficos de James (tiles), James Barnard (tiles y música) y Jamie Bamborough (sprites de personajes). La premisa era rescatar a los Diodomin (criaturas espaciales) resolviendo acertijos. La falta de interés se atribuyó a la ausencia de licencia y al alto costo de producción de cartuchos, lo que reducía las ganancias. El juego fue cancelado con alrededor del 20% completado, con unas 3 criaturas por rescatar.
Peter Pan - Return to Neverland (USA)	Peter Pan: Return to Never Land de Disney, exclusivo para Game Boy Advance, es un juego de plataformas de desplazamiento lateral que consta de 17 niveles, permite guardar contraseñas y está dirigido a los consumidores más jóvenes. A diferencia de la película de Disney, no es tu tarea entretener a Jane (la hija de Wendy), sino rescatar a Tinkerbell, quien ha sido capturada por, qué sorpresa, el malvado Capitán Garfio. Sin ella, Peter no tiene la capacidad de volar a menos que agarre polvo de hadas.
Peter Pan - The Motion Picture Event (USA)	Explora, vuela y salva el día en una aventura épica llena de acción, basada en el evento cinematográfico de Universal Studios, Peter Pan. Juega como Peter Pan y únete a Wendy, John, Michael y Tinker Bell en un viaje fantástico desde Londres a Nunca Jamás. Revive feroces batallas de piratas, peligros espeluznantes, huidas al límite y finalmente enfréntate al famoso Capitán Garfio. Jugado desde una perspectiva de vista de tres cuartos, Peter Pan puede volar, saltar, sumergirse, rodar, caminar y usar su espada para luchar contra enemigos. Además del combate, la resolución de acertijos y la acción plataformera, los jugadores deben recolectar objetos especiales para obtener vidas extra y puntos de bonificación. Desarrollado por Saffire, Peter Pan también presenta escenas digitalizadas de la película.
Petz - Hamsterz Life 2 (USA)	Segundo juego de la serie Petz Hamsterz. Adopta un hámster, cuídalo y entrénalo eligiendo entre cinco tipos distintos. Observa cómo crece y construye su propio mundo hamster, un pequeño mundo donde otros hámsters pueden moverse libremente.
Petz Vet (USA)	Petz Vet introduce a los jugadores en la vida de un veterinario, diagnosticando y tratando 35 casos distintos. Aprendes atendiendo perros con patas rotas, gatos asmáticos, conejos con dolor de estómago o incluso ranas quemadas por el sol. El hospital está siempre lleno y debes ocuparte tanto de los cuidados médicos como de tareas básicas como lavar y asear a los animales.
Pferd & Pony - Mein Pferdehof & Pferd and Pony - Lass Uns Reiten 2 (Germany)	Dos juegos de caballos y ponis en uno. Lass uns reiten 2 es una simulación de equitación y cría para niños, integrada en la historia de una joven que quiere demostrar a su padre que puede cuidar de un caballo. Mein Pferdehof se centra en la gestión de un centro ecuestre: establos, campos y casa. Puedes lavar, cepillar, alimentar, ensillar y entrenar a tus caballos, además de ganar dinero alquilando una casa de huéspedes, promocionando el haras, comerciando con tierras o compitiendo como profesional.
Phalanx (USA)	El shooter futuristic, Phalanx es el nombre del prototipo de caza estelar pilotado por Wink Baufield, un piloto genéticamente mejorado. Se envía para proteger y recuperar Delia IV, un planeta en la galaxia de Andrómeda, que ha sido colonizado por humanos con fines de investigación interestelar. Sin embargo, una fuerza alienígena desconocida y poderosa se ha apoderado del planeta, las defensas militares se han visto completamente abrumadas y toda la esperanza está en la Falange. Vuela a través de ocho niveles, primero a través de varias ubicaciones en Delia IV, y luego invade a los propios alienígenas. Como la mayoría de los tiradores, puedes mejorar tus armas recogiendo los objetos de bonificación que sueltan las naves enemigas.
Phantasy Star Collection (USA)	Esta colección contiene la trilogía Phantasy Star original, en un solo juego. Phantasy Star te lleva a liderar un grupo de guerreros, trabajando en las artes del combate (tanto ofensivo como defensivo) y mágico, a través de un laberinto de maldad hasta el corazón de donde reside. Es su trabajo destruirlo, en este caso, tres veces. 1. Phantasy Star: viaja al Sistema Solar Algo y enfréntate al Rey Lassic, que ha traído la amenaza del mal a la galaxia. 2. Phantasy Star II: un nuevo mal se está apoderando del planeta Mota, y solo tú puedes restaurar la paz y derrotar a las fuerzas mortales que vienen en oleadas en tu camino hacia la victoria. 3. Phantasy Star III: Generations of Doom - aunque derrotado, el mal todavía encuentra un lugar en la galaxia. Lleva tu grupo a 7 mundos diferentes a lo largo de 3 generaciones y usa todo lo que tengas para deshacerte de él de una vez por todas.
Phil of the Future (USA)	Los jugadores ayudan a sus personajes favoritos de Disney Channel a salvar una ciudad invadida por mascotas del futuro. Controlando a Phil, Keeley o Curtis, deben reunir y combinar más de 20 artilugios futuristas para resolver puzzles, superar obstáculos y capturar a los blahs. Con varios minijuegos y contenidos desbloqueables, Phil of the Future ofrece horas de diversión.
Piglet's Big Game (USA)	Es otro día ventoso en el Bosque de los Cien Acres, y Pooh, Tigger, Roo, Conejo, Búho y Ígor están teniendo malos sueños con Heffalumps y Woozles. Pooh sueña que su miel ha desaparecido, Conejo que su cosechadora está rota, Roo que su pelota está atrapada en un árbol, y Ígor ha perdido los colores en sus sueños. En esta divertida aventura onírica, ¡dependerá de Piglet salvar el día siendo el Piglet más valiente de todos!
Pikapika Nurse Monogatari - Nurse Ikusei Game (Japan)	Un juego de estrategia en el que una joven enfermera debe encontrar el equilibrio entre su vida personal y profesional, donde acudirá al hospital para tratar pacientes.
Pinball Advance (Europe) (En,Fr,De,Es,It)	Pinball Advance presenta las mesas de pinball de la Tarantula, Jailbreak y Daredevil. Todas estas mesas perfectamente renderizadas en brillante 3D con los exclusivos modos multibola y bola única. La mesa de la Tarantula te permite crear magos del pinball para aventurarte en la guarida de la araña y luchar contra esta tenebrosa mesa y llegar a la lista de puntajes más altos. En Jailbreak, los jugadores tienen que probarle al juez su inocencia o escapar de los guardias de la prisión. Finalmente, el Daredevil le permite a los jugadores arriesgarse con la rueda de la muerte y el círculo de fuego.
Pinball Challenge Deluxe (Europe)	El éxito de Pinball Dreams y Pinball Fantasies, une a los dos para su Game Boy Advance. - Experimenta diversas atmósferas a través de 8 temas de mesa de Pinball diferentes, incluidos Steel Wheel, Partyland, Nightmare ... - ¡Dos juegos en un cartucho! - Pon a prueba tus habilidades contra múltiples rampas, trampas y objetivos para disparar.
Pinball of the Dead, The (USA)	Basado en la serie Arcade/Dreamcast &quot;The Hause of the Dead&quot;, es una simple combinación de Pinball y el demonio de la muerte. Tres tableros de pinball, &quot;Wondering&quot;, &quot;Movement&quot; y &quot;Cementary&quot; (todos basados en ares que se ven en The Hause of the Dead 2) están infestados de zombies y usando tu bola plateada debes eliminar a los zombis para salvar el área. Entre más elimines, más puntos tendrás y podrás tener una mejor oportunidad de derrotar al jefe final.
Pinball Tycoon (USA)	Pinball Tycoon es una simulación de pinball con cuatro mesas temáticas, cada una con objetivos propios. En California Gold Rush buscas oro, en Black Gold perforas en busca de petróleo, en Hollywood Mogul intentas hacerte millonario en el cine y en Golden Chance aspiras al gran premio. Cada mesa ofrece retos distintos y un estilo único para variar la partida.
Pink Panther - Pinkadelic Pursuit (USA)	Justo cuando pensabas que la Pantera Rosa no podía meterse en más problemas ... Mientras pescaba felizmente en el mar en una tarde de domingo perezosa, ¡la Pantera Rosa se lanza repentinamente al espacio exterior en un cohete! ¡Únete a la Pantera Rosa en una aventura a través del tiempo y el espacio y encuentra el camino de regreso a casa en el planeta Tierra! - Viaja a los confines de la galaxia, que incluyen: el espacio exterior, un mundo submarino emocionante y peligroso e incluso la época medieval. - ¡Bolas de bolos, pintura en aerosol rosa, un extintor de incendios y un imán gigante son solo algunos de los artilugios salvajes y extravagantes a tu disposición! - ¡Usa muchos disfraces para esconderte de tus enemigos mientras realizas tareas peligrosamente imposibles!
Pinky and the Brain - The Master Plan (Europe) (En,Fr,De,Es,It)	Pinky y Cerebro tienen un nuevo plan para dominar el mundo. Tras ver un reportaje sobre una estación meteorológica espacial, Cerebro idea modificarla para controlar el clima, pero el proyecto Masterplan es robado por dos ratas de laboratorio. Debes ayudarles a recuperarlo a lo largo de 20 niveles en cinco mundos, siguiendo a Roofus y Doofus por el laboratorio, en submarino, en jeep e incluso en el espacio.
Pinky Monkey Town (Japan)	En este juego controlas a un mono (puedes elegir entre uno rosa o uno blanco) con un aspecto divertido. Debes comprar muebles y objetos para tu casa, y necesitas dinero. Para conseguirlo, tienes que jugar minijuegos o realizar “trabajos” dentro del juego. Puedes ganar mucho dinero participando en los minijuegos y, cuando te sientas millonario, podrás comprar más cosas que nunca para tu casa. El juego está en japonés, pero no necesitas entender el idioma, ya que es muy sencillo de jugar.
Pinobee - Wings of Adventure (USA, Europe)	Pinobee: Wings of Adventure aprovecha al máximo los gráficos en color de 32 bits de Game Boy Advance, con animaciones fluidas y escenarios detallados. Aunque parezca un plataformas tradicional, su jugabilidad es distinta: Pinobee puede caminar o trepar, pero su movimiento principal es impulsarse por el aire. A medida que avanza, mejora su capacidad de dash, pasando más tiempo planeando y surcando el cielo que en el suelo, lo que aporta una sensación fresca y única.
Pirates of the Caribbean - Dead Man's Chest (USA, Europe) (En,Fr,De,Es,It)	Basado en la continuación de la exitosa película original, &quot;Piratas del Caribe: El cofre del hombre muerto&quot; sigue a los inverosímiles héroes de la película mientras exploran y luchan en tierra y mar en una memorable búsqueda en busca del legendario Cofre del Hombre Muerto. El juego no solo presenta momentos emocionantes de la película, sino que también expande la fantasía de la franquicia al ofrecer emocionantes aventuras y lugares nuevos inspirados en el rico universo de &quot;Piratas del Caribe&quot;. La versión de Game Boy Advance de &quot;Piratas del Caribe: El cofre del hombre muerto&quot; permite a los jugadores tomar el timón del Perla Negra como el Capitán Jack Sparrow en acción marítima tridimensional para combatir otros barcos o navegar hacia 15 islas. El juego incluye 50 mapas de aventuras de desplazamiento lateral.
Pirates of the Caribbean - The Curse of the Black Pearl (USA) (En,Fr,De,Es,It)	En un gran archipiélago caribeño durante la edad de oro de la piratería, tomas el mando de un barco y su tripulación. Te enfrentas a otros capitanes, aceptas desafíos y sigues rumores de peligros y tesoros ocultos. Basado en la exitorsa película de Disney, este juego de acción incorpora ligeros elementos de rol y una perspectiva isométrica que alterna fases de combate con otras centradas en la exploración.
Pitfall - The Lost Expedition (USA)	Pitfall: &quot;the lost expedition&quot; es la nueva entrega de la que disponemos ahora en game boy advance, con una historia totalmente nueva respecto a las anteriores y muchas novedades tanto en el plano gráfico como en el jugable, todo ello sin descuidar en absoluto sus señas de identidad clásicas. Si dentro del género de las plataformas dejamos a un lado todos los refritos, remakes, ports, etc.., es decir, juegos que ya existían en consolas anteriores como todos los Mario advance por ejemplo, y nos centramos sólo en juegos totalmente nuevos para game boy advance, Pitfall: &quot;the lost expedition&quot; es uno de los mejores exponentes del género para la 32 bits de nintendo por varios motivos que pasamos a ver a continuación....
Pitfall - The Mayan Adventure (USA, Europe)	Harry Jr. He sido capturado por el espíritu de un malvado guerrero Maya. Necesito ayuda cuanto antes!! Continua el viaje según lo previsto a través del bosque de la lluvia y las minas, atraviesa las cataratas y las ruinas. Pero ten cuidado, el imperio Maya está repleto de trampas y enemigos mortales. Piensa rápido y múevete aún más rápido. Date prisa! El tiempo se acaba. Pitfall Harry.
Planet Monsters (USA) (En,Fr,De,Es,It,Nl)	Sólo hay una regla en este juego: ¡ser el último en pie pase lo que pase! Los Monstruos del Planeta deben enfrentarse en ocho países únicos de 5 niveles cada uno. Pueden jugar cuatro monstruos a la vez, así que ármate de trampas, bloques, pistolas de gelatina, granadas... ¡y un gran sentido del humor!
Planet of the Apes (USA) (En,Fr,De,Es,It,Nl)	Controlas a Ulysses, un astronauta que se estrella en la Tierra tras 200 años y descubre que los simios dominan el planeta. Junto a un grupo de supervivientes, debes llegar al corazón del Imperio Simio y detener al general Ursus. El juego es un side‑scroller con saltos, trampas y combates contra simios armados, donde mejoras tu arsenal de un cuchillo a pistola y escopeta. Incluye 13 niveles, escenas inspiradas en las películas y guardado del avance con sistema de contraseñas.
Pocket Dogs (USA)	Pockets Dogs para Gameboy Advance es un título en el que el jugador podrá divertirse con cachorros a través de diferentes minijuegos. Estos juegos sirven para recoger objetos y accesorios para su mascota adoptiva o para dar la posibilidad de personalizar el hábitat de los perros.
Pocket Music (Europe) (En,Fr,De,Es,It)	Crea música en movimiento con Pocket Music, el juego de creación de música. Crea tu propia música desde una selección de muestras, golpes de tambor, lineas de bajos, melodías, y otros instrumentos musicales. Reprodúcelos, guárdalos en tu cartucho, o intercambialos con un amigo.
Pocket Professor - Kwik Notes - Volume One (USA)	Ideal para preparar exámenes (tests, finales, o pruebas de acceso militar), este programa se convierte en el conjunto definitivo de tarjetas de estudio. Ayuda a los estudiantes a evaluar su propio nivel en varias materias básicas y resulta útil para educación en casa, ausencias médicas, formación de adultos o preparación del GED, así como para quienes se preparan para volver a estudiar o al mercado laboral.
Pocky & Rocky with Becky (USA)	Una hidra maléfica ha despertado de su profundo sueño y terroríficas criaturas míticas han sido liberadas por todo el territorio. ¡La heroína Pocky, su compañero Rocky el mapache y su nueva amiga Becky deben detener los malvados planes de la hidra!
Pokemon - Emerald Version (USA, Europe)	Pokémon edición esmeralda (Inglés Pokémon Emerald) es un juego de tercera generación, salió a la venta el primero de mayo del 2005 (en América), es la continuación de Pokémon rubí y zafiro. Pokémon Emerald tiene cosas de las ediciones rubí y zafiro como también de cosas propias, el campeón del alto mando cambia, en vez de ser Máximo es Plubio. Ahora puedes tanto capturar a Groudon (mascota rubí) como a Kyogre (mascota zafiro). Puedes luchar y atrapar a Rayquaza antes de llegar a la liga Pokémon (lo que puede resultar muy ventajoso para ganarles sin problemas). El otro cambio que es el más sobresaliente es que en Pokémon Emerald aparece la nueva Battle Fronteir (Frente de batalla), en donde tienes que derrotar a siete poderosas personas que te darán una medalla especial como premio de haber ganado. Cabe destacar que luchar ahí es verdaderamente desafiante y el nivel de dificultad no se compara a ninguna otra batalla en el juego, ni los de la liga Pokémon
Pokemon - FireRed Version (USA, Europe)	Pokémon Edición Rojo Fuego es una reedición de la primera entrega de la saga para Game Boy, en la que encarnaremos a un joven del Pueblo Paleta que sueña con convertirse en el mejor entrenador Pokémon de la historia, con un montón de numerosos nuevos Pokémon que capturar!
Pokemon - LeafGreen Version (USA, Europe)	Pokémon Rojo Fuego Version y Verde Hoja son remakes mejorados de los videojuegos originales Pokémon Rojo y Azul, que se lanzaron en 1996. Se lanzaron por primera vez en Japón en enero de 2004 y en Norteamérica y Europa en septiembre y octubre del mismo año respectivamente. Los dos juegos tienen la distinción de ser los primeros remakes mejorados de juegos anteriores dentro de la franquicia Pokémon.
Pokemon - Ruby Version (USA, Europe)	La carrera para Hacerte con todos está de nuevo en Pokemon - Versión Rubí. Esta entrada en la serie de Pokemon cuenta con una nueva historia e impresionantes nuevos Pokemons. Una de las mayores adicciones a Pokemon - Versión Rubí es el sistema de batalla de dos contra dos, que te permite conectarte con tres amigos para luchar de forma competitiva o cooperativa. También puedes mostrar la frescura, belleza, inteligencia y dureza de tus Pokemon en los concursos de Pokemon. Con Pokemon 2 Vs 2 y una región totalmente nueva de Hoenn para explorar, lleva la experiencia de Pokemon al siguiente nivel.
Pokemon - Sapphire Version (USA, Europe)	La carrera para atraparlos a todos llega esta vez con Pokémon Zafiro. Esta entrega en la serie Pokémon presenta una historia completamente nueva y unos nuevos Pokémon increíbles. Uno de los mayores añadidos a Pokémon Zafiro es el sistema de combate dos-a-dos, que te permite unirte a tres amigos para luchar de forma competitiva o cooperativa. También puedes mostrar la genialidad, belleza, ternura, inteligencia y resistencia de tus Pokémon en los concursos de Pokémon. Con nuevos Pokémon, combates dos-a-dos y la nueva región de Hoenn para explorar, Pokémon Zafiro lleva la experiencia de Pokémon al siguiente nivel.
Pokemon Mystery Dungeon - Red Rescue Team (USA, Australia)	En este juego nos despertamos descubriendo que nos hemos convertido en un Pokémon en un mundo necesitado de nuestra ayuda. Un mundo habitado sólo por Pokémon pero que está siendo asolado por desastres naturales que han dejado a muchos Pokémon atrapados en cuevas y mazmorras. Nuestro objetivo será crear un equipo de rescate y por ello nos darán una base de rescate para descansar y poder pensar como ayudar a los otros Pokémon y luchar con un grupo de Pokémon que fingen ser un equipo de rescate con la intención de dominar el mundo. A medida que cumplamos misiones se irá revelando la historia que nos transformó en Pokémon y cómo volver a ser humano.
Pokemon Pinball - Ruby & Sapphire (USA)	Pokémon Pinball: Rubi & Zafiro, para GBA, es el segundo juego de Pokémon Pinball. Este juego presenta los nuevos Pokémon de Rubí/Zafíro. Tendrás la posibilidad de capturar los Pokémon del #001 al #200, o sea, 200 Pokémon. Hay dos tablas de Pinball diferentes, una tabla de Zafíro y otra de Rubí. Hay bonus stages para conseguir beneficios en los juegos.
Polar Express, The (USA, Europe) (En,Fr,De,Es,It)	En esta aventura inspirada en la película Polar Express, emprendes un viaje mágico a lo largo de ocho capítulos. Un misterioso conductor te guía a bordo del tren rumbo al Polo Norte para conocer a Papá Noel. Por el camino aparecen todos los personajes de la película, como la niña sabelotodo, el chico solitario, el vagabundo, Smokey y Steamer, además de los elfos. Explora amplios escenarios mientras resuelves puzles, buscas regalos perdidos y disfrutas de minijuegos.
Polarium Advance (USA)	Polarium Advance es básicamente lo mismo que Polarium para Nintendo DS, pero se han agregado un par de bloques nuevos. Este es un juego de rompecabezas en el que el jugador debe crear líneas horizontales del mismo color (ya sea en blanco o negro). Para cambiar el color (o &quot;polaridad&quot;) de un bloque, debe seleccionar los bloques en una línea. En la mayoría de los rompecabezas, puede utilizar el borde para alargar la línea. Los nuevos bloques en la versión Advance son: Hurdle Tiles, que no puedes pasar, Multi-Tiles, que cuentan como blancos o negros, y Solid Tiles, que no giran pero se quitan para que caigan los mosaicos encima de ellos. Hay 365 acertijos en este modo (Daily Polarium) que van desde muy fáciles hasta bastante desafiantes.
Polly Pocket! - Super Splash Island (USA) (Vivendi)	Unete a Polly y sus amigos por un día de diversión y sorpresas en Super Splash Island. En Polly Pocket, tu puedes jugar juegos e ir en paseos acuáticos mientras ganas habilidades especiales. Recolecta power ups y premios para ayudar a Polly a moverse rápido, o ganar habilidades en cada carrera para ganar tickets. Actividades en el parque acuático incluyen deslizarse por coloridos caños, carreras de barcos chocones, jugar minijuegos, y mucho más. Mientras progresas a través de cada evento, tu desbloquearás vestidores llenos de sorpresas estéticas. Polly Pocket también presenta un modo de dos jugadores.
Popeye - Rush for Spinach (USA, Europe) (En,Fr,De,Es,It)	Popeye: Rush for Spinach hace que Popeye lance el guante en una serie de carreras en diferentes vehículos, tratando de derrotar la feroz oposición presentada por otros personajes populares, como Olive Oyl, Wimpy y Brutus. El juego desarrollado por Magic Pockets cuenta con cuatro personajes totalmente jugables, 12 carreras en paisajes ricamente detallados e interactivos, 13 tipos de locomoción para cada personaje y un modo de enlace para cuatro jugadores con confrontación y cooperación.
Postman Pat and the Greendale Rocket (Europe) (En,No,Da)	Postman Pat and the Greendale Rocket está basada en la famosa serie de dibujos animados de la televisión sobre el feliz y simpático Postman Pat y su ciudad natal Greendale. La vieja estación de tren de Greendale está en mal estado y su tren de vapor, el Cohete de Greendale, ¡parece que no funciona! Los habitantes de Greendale deciden reparar la estación y su tren. ¡Y Pat está listo para ayudar a todo el mundo! El juego cuenta con cinco niveles diferentes, cada uno de los cuales incluye una fase de andén separada, un minijuego y una fase de conducción para un total de quince etapas diferentes. Durante las fases de andén, el cartero Pat debe encontrar a ciertos habitantes de Greendale como la Sra. Goggins, Charlie Pringle, el reverendo Timms, Dorothy y Alf Thompson. Caminando y saltando, debería coleccionar sellos, cartas y paquetes.
Power Poke Dash (Japan)	Pawapoke Dash es un título de software publicado por Konami el 23 de marzo de 2006, y es el segundo juego de la serie Pawapoke Pocket (Pawapoke Koshien), después de Pawapoke Koshien, publicado el 4 de agosto de 2005. Su lema es: &quot;El béisbol siempre se lanza fuera de la caja&quot;. Fue el último de la serie Powerpoke para la Game Boy Advance. Fue lanzado como un gaiden, pero a diferencia del Powerpoke Koshien enfocado al béisbol, tiene un &quot;Modo de Éxito&quot;. Además, la historia de Table Success está conectada a la de todos los juegos de la serie.
Power Rangers - Dino Thunder (USA, Europe)	Power Rangers: Dino Thunder es un juego de acción que sigue las aventuras de la serie. El malvado doctor Mesosog ha devuelto a la humanidad a la era de los dinosaurios, pero un valiente grupo de estudiantes decide enfrentarse a él. Recorres los niveles derrotando a los esbirros del científico y usando potentes dinosaurios mecánicos para abrirte paso en esta lucha contra el caos prehistórico.
Power Rangers - Ninja Storm (USA)	Los malvados alienígenas liderados por Lothor han atacado todas las academias ninja como parte de su diabólico plan para apoderarse de la tierra. Solo quedan tres estudiantes de la academia ninja Wind Ranger y dos estudiantes de la academia ninja Thunder Ranger. Ahora, estos estudiantes de academias ninja rivales deben unirse al misterioso Green Samurai Ranger para salvar el mundo.
Power Rangers - Time Force (USA, Europe)	Power Rangers: Time Force es un juego de acción en el que recorres siete niveles viajando por distintas épocas para dar caza a Ransik. Tu misión consiste en derrotar a todos los enemigos que se interponen en tu camino y evitar que sus planes pongan en peligro el mundo.
Power Rangers - Wild Force (USA, Europe)	En Power Rangers Wild Force para Game Boy Advance, los jóvenes jugadores jugarán con sus Power Rangers favoritos, esta vez armados con la fuerza y características de los Power Animales incluyendo el Bison, Tigre, Tiburón, Águila y León. De arriba hacia abajo, aventura de exploración 3D permite a los jugadores hacerse cargo de la Org, una antigua raza de villanos quienes están fuera para destruir el balance de la naturaleza.
Power Rangers S.P.D. (USA, Europe)	El sexto juego de THQ basado en los Power Rangers de Might Morphin lleva al equipo al espacio. POWER RANGERS: SPACE PATROL DELTA para Game Boy Advance pone a los jugadores en control de los cinco miembros del equipo Space Patrol Delta mientras luchan contra el malvado Emperador Gruumm y su ejército de robots. En el futuro, la Tierra se ha convertido en el hogar de muchas razas alienígenas diferentes. Si bien la mayoría de ellos son pacíficos, algunos no lo son. Para proteger la tierra, seis adolescentes fueron llamados para formar el equipo Delta de la Patrulla Espacial. Los jugadores controlarán un determinado guardabosques para cada uno de los nueve niveles.
Powerpuff Girls, The - Him and Seek (USA)	¡Nada es lo que parece en Townsville! Las Super Nenas han sido enviadas de manera despreocupada a la búsqueda de un tesoro por la Sra. Keane hasta que el malvado Him interviene con su propia versión del juego para darle vida a las cosas. Toma el control de Blossom Bubbles y Buttercup y derrota a los villanos, resuelve el misterio y enséñale una lección de una vez por todas.
Powerpuff Girls, The - Mojo Jojo A-Go-Go (USA) (En,Fr,De,Es,It,Nl)	Mojo Jojo ha inundado la ciudad de Townsville con sus secuaces mecanizados. Las joyas robadas alimentan a estos &quot;Mobots&quot;, por lo que depende de las Chicas Superpoderosas apagarlos y recuperar el botín.
Prehistorik Man (USA, Europe) (En,Fr,De,Es,It,Nl)	En Prehistorik Man, el jugador toma el control de un neandertal que está en una misión para viajar a través de varios niveles, recolectando alimentos para preparar su aldea para la fiesta de otoño que se acerca rápidamente. En el camino, el jugador se encontrará con una variedad de enemigos que van desde arañas, ratas gigantes e incluso el poderoso T-Rex. Hay cinco niveles en total y el jugador puede actualizar sus armas a hachas y mazos durante el juego, así como adquirir un ala delta, lo que le da al jugador la ventaja de volar y cubrir largas distancias. El objetivo principal del juego es vencer a los enemigos, recolectar alimentos y enfrentarse a un jefe al final de cada nivel.
Premier Action Soccer (Europe) (En,Fr,De,Es,It)	Premier Action Soccer es un título de precio económico basado en la Copa Mundial de la FIFA 2006 celebrada en Alemania, lanzado el día de su inauguración. Incluyendo a los 32 equipos que participan en el torneo clasificados en cuatro áreas (defensa, medio campo, ataque y general) con nombres de jugadores ficticios (aunque los fanáticos reconocerán rápidamente quiénes son T. Brinks y M. Pallack de Alemania, Manillas de España y Romualdo de Brasil ), los jugadores pueden participar en amistosos, jugar el Mundial (se incluyen los grupos reales de 2006, pero es posible aleatorizarlos) o entrenar para la tanda de penales. El juego es simple y directo. Los botones A y B controlan el pateado del balón (bajo y alto, respectivamente), siendo posible disparar a portería usando cualquiera de ellos, todo dependiendo de la distancia a la portería. Después de patear la pelota, el jugador puede agregar un toque posterior a la pelota tocando el d-pad, haciendo que se aleje del portero o de un defensor. El botón R permite al jugador acelerar, siempre que tenga suficiente resistencia, que se muestra con círculos blancos debajo de su nombre.
Premier Manager 2003-04 (Europe) (En,Fr,De,It)	Premier Manager 2003-04 es un simulador de gestión de fútbol, en el que el jugador es responsable del éxito deportivo y financiero de un equipo de fútbol. El juego presenta las 4 divisiones y copas nacionales de las ligas inglesas, las 4 divisiones, las copas de liga y FA de la escocesa, y las 2 mejores divisiones y copas nacionales de las ligas francesa, alemana, italiana y española. Las coincidencias se muestran utilizando un motor 2D.
Premier Manager 2004-2005 (Europe) (En,Fr,De,It)	Premier Manager 2004-2005 es un juego de gestión de fútbol en donde el jugador es el responsable de la parte técnica del equipo, desde manejar a la plantilla hasta las finanzas. Como de costumbre en esta franquicia, hay muchos detalles que cuidar, como por ejemplo: búsqueda de patrocinadores, ampliar el estadio, fichajes de jugadores, hacer alineaciones, tácticas. En cuanto a los partidos, los partidos se siguen desde una vista táctica, los jugadores se ven como bolitas, algo típico en los juegos de gestión de fútbol ingleses, como se puede observar en la saga de Football Manager. Una de las principales novedades de esta entrega es el hecho de que los jugadores pueden convencer a la gerencia del club de sus puntos de vista antes de tomar decisiones importantes.
Premier Manager 2005-2006 (Europe) (En,Fr,De,It)	En esta versión portable de Premier Manager, el jugador tiene la habilidad de controlar un equipo de las mejores dos divisiones en Inglaterra, Italia, España, Alemania o Francia, pero muchos jugadores están disponibles de otras ligas no jugables. El manager está a cargo de contratar y vender jugadores y empleados, mejorar las propiedades del club cómo el estadio, la tienda de club e instalaciones médicas, y por supuesto, encontrar la táctica perfecta (siete a disposición) para los jugadores disponibles. El jugador tiene la opción de saltarse un día o directamente al siguiente evento, qué pueden ser ofertas de transferencia de un jugador (o el nuevo progreso de uno), lesiones o cualquier otra noticia relacionada al club.
Prince of Persia - The Sands of Time & Lara Croft Tomb Raider - The Prophecy (Europe) (En,Fr,De,Es,It,Nl+En,Fr,De,Es,It)	Prince of Persia: The Sands of Time & Lara Croft Tomb Raider: The Prophecy reúne dos títulos emblemáticos de Ubisoft para Game Boy Advance. En el juego del príncipe controlas el tiempo para alterar la acción y dominas los movimientos acrobáticos y el combate a tu antojo. En el juego de Lara, ésta se mueve con agilidad acrobática, salta a gran altura y combate con sus dos pistolas contra numerosos enemigos.
Prince of Persia - The Sands of Time (USA) (En,Fr,Es)	Prince of Persia: The Sands of Time es un juego de plataformas en 3D que se centra en las acrobacias y la agilidad. Durante gran parte del juego, el jugador debe intentar atravesar el palacio corriendo a través de las paredes, ascendiendo o descendiendo abismos, saltando hacia adelante y hacia atrás entre las paredes, evitando trampas, escalando estructuras y saltando de plataforma en plataforma o realizando otros tipos de movimientos en el momento oportuno. Tendrás que darle también a la cabeza resolviendo acertijos y usando los objetos que te encuentres para conseguir progresar.
Princess Natasha - Student, Secret Agent, Princess (USA)	La Princesa Natasha es la única hija del rey Carl y la reina Lena... y también una agente secreta. Enviada a Illinois para impedir que su tío Lubek robe el trono de Zoravia, debe hacerse pasar por una simple estudiante de intercambio. No puede revelar a sus amigos que en realidad es una princesa, ya que arruinaría su misión y, de todos modos, ¡nadie la creería!
Proud Family, The (USA)	Juego basado en la serie del mismo nombre. Los jugadores controlan a Penny Proud mientras recorre la ciudad intentando ganar suficiente dinero para comprar a sus padres el regalo de aniversario perfecto. Con más de seis entornos distintos, Penny solo dispone de seis días para lograrlo. Con recursos adecuados, ingenio, trabajo y algo de suerte, podrá reunir lo necesario. El juego incluye minijuegos y misiones secundarias, como ayudar a Suga Mama a practicar para el torneo de lucha sénior, pinchar música como DJ, o bailar en el concurso de hip hop, entre otras actividades.
Punch King - Arcade Boxing (USA)	¡El ring tiene un nuevo rey! Sube a la lona y enfréntate a los boxeadores más temibles. Esquiva, golpea y derríbalos uno a uno hasta alzarte con el título de campeón.
Puppy Luv - Spa and Resort (USA)	Atiende las necesidades diarias de tus cachorros y gatitos. Elimínales las molestas pulgas, acicálalos, báñalos y dales de comer para mantenerlos felices. Mima a los clientes VIP para ganar dinero extra y así acceder a resorts de cinco estrellas, más amplias y agradables para gestionar tu centro de cuidado animal.
Puyo Pop (USA) (En,Ja)	¡Ayuda a Arle y Carbuncle a regresar a casa! Enfréntate a divertidos y alocados personajes en desafiantes partidas de Puyo Pop mientras avanzas a través de la tierra en busca de un camino seguro. Elimina Puyo, crea combos en cadena y llena el tablero de tu oponente en este frenético juego de puzles.
Puyo Pop Fever (Europe) (En,Fr,De,Es,It)	Accord, profesora de la escuela de magia local, ha perdido su bastón volador mágico. Hay noticias de un premio, por lo que los estudiantes están ocupados buscándolo por todas partes. Naturalmente, nuestros héroes, Amitie y su némesis de la escuela Raffine, se dirigen hacia el lejano castillo oscuro, ¡desafiando y siendo desafiado por todos los que te encuentres en un juego de Puyo Pop! Un juego de puzzle de bloques que caen cuyo objetivo es despejar tus bloques (Puyos) combinando cuatro o más del mismo color que desaparecerán. Esto producirá Puyos Molestos. Estos Puyos incoloros caerán sobre la pantalla de tus oponentes, bloqueando así cadenas y combos que podrían crear. Estos molestos Puyos solo pueden ser exterminados eliminando los Puyos vecinos.
Quad Desert Fury (USA, Europe)	Quad Desert Fury te lleva a recorrer pistas desérticas al mando de tu quad. Compites contra tres vehículos controlados por la CPU con un único objetivo: marcar el mejor tiempo y que tus rivales muerdan el polvo. Demuéstrales quién es el mejor piloto de Quads.
R-Type III - The Third Lightning (USA)	R-Type III se lanzó originalmente solo en Super Famicom / SNES, pero luego se transfirió a Game Boy Advance. Fue el primer juego de la serie en introducir nuevas Fuerzas. Además de la Fuerza original (que ahora se llamaba Fuerza Redonda, más tarde denominada Fuerza Estándar en R-Type Delta), el jugador podía elegir entre otras dos Fuerzas: la Fuerza de las Sombras y la Fuerza Ciclónica. Ambos tenían nuevos conjuntos de armas diferentes y mejoras especiales. También refinó las armas y el sistema de carga. Volvió al sistema de armas rojo-azul-amarillo original, y el cañón de onda de difusión de R-Type II fue reemplazado por un cañón de onda más estándar. Cargar este cañón a la máxima potencia da como resultado un haz masivo y poderoso que atraviesa todos los enemigos y obstáculos.
Racing Fever (Europe) (En,De,Es,It)	Elige uno de los seis potentes vehículos disponibles y compite en una gran variedad de pistas desafiantes al volante del coche de tus sueños. Cada máquina ofrece fuerza y velocidad para enfrentarte a circuitos exigentes y demostrar tus habilidades al máximo.
Racing Gears Advance (USA)	Este juego de carreras portátil combina velocidad y combate en intensas competiciones. Los jugadores pueden elegir entre coches con licencia y pilotos únicos para desafiar a oponentes en diversos circuitos. Además de la velocidad, el armamento juega un papel clave. Puedes usar nitro para adelantar o lanzar misiles para ralentizar a tus rivales. En el Modo Práctica, te familiarizas con las pistas, mientras que en el Modo Campeonato compites en múltiples circuitos. Tras cada carrera, las ganancias pueden invertirse en reparaciones y mejoras. Se pueden optimizar el motor y frenos o ampliar la capacidad de armas para mejorar el desempeño en pista y en combate. Con vista isométrica, los circuitos están diseñados para desafiar reflejos y estrategia. Entre curvas cerradas y atajos ocultos, cada carrera exige habilidad y audacia para cruzar la meta en primer lugar.
Rampage - Puzzle Attack (USA, Europe)	Usando un estilo de juego similar al clásico de Game Boy, en Tetris Attack tendremos una línea de bloques que se encuentra sobre el campo de juego en el que puedes cambiar el orden y colocar dos a la vez en los bloques de abajo. Una vez que aparezca un Detoblock (un bloque que tiene una apariencia diferente a los bloques habituales), suéltelo sobre el color correspondiente para eliminar esos bloques del campo. Los modos de juego incluyen Borrar (limpiar el campo de juego de todos los bloques), Puzzle (intenta borrar todos los bloques dentro de un número determinado de gotas), Maratón (el modo de juego habitual en la medida de lo posible) y el Modo de rescate, donde debes despejar los bloques desde la parte superior de una jaula, en la que están atrapados los famosos monstruos del éxito arcade, Rampage World Tour.
Rapala Pro Fishing (USA, Europe)	Rapala Pro Fishing lo lleva a través de 12 ubicaciones como Mille Lacs Minnesota, Sam Rayburn Texas, Lake Okeechobee y el Amazonas. Pescará 13 especies de peces de caza, como lobina de boca grande y de boca chica, bagre, almizcle, lucioperca y salmón real. Elija entre más de 750 señuelos de la marca Rapala. Una guía de pesca lo ayudará si no está seguro de cuál es el mejor señuelo, ubicación o estrategia.
Ratatouille (USA)	Ratatouille es un juego de plataformas basado en la película de Pixar del mismo nombre. Fue desarrollado en Heavy Iron Studios y lanzado por THQ el 26 de junio de 2007. Los jugados pueden jugan con sus amigos en los mini juegos, o competir en una vertiginosa carrera de ratas.
Rave Master - Special Attack Force! (USA)	Rave Master : Special Attack Force! Adictivo juego de acción multijugador para Game Boy Advance. Maneja el poder de una espada legendaria mientras infliges múltiples combos de ataque y movimientos especiales durante intensas batallas. Aprovecha la habilidad del medidor de tensión para ayudar a Haru y sus amigos a la victoria. ¡Escuche el corazón del Rave Warrior! Juego de lucha en 2D basado en la popular serie de manga Groove Adventure RAVE (conocida como Rave Master para el público de habla inglesa).
Rayman - 10th Anniversary (USA) (En,Fr,De,Es,It)	Rayman: 10th Anniversary Collection brings together two challenging Rayman games for hours of fun. The set includes both Rayman Advance and Rayman 3. Rayman Advance is light-hearted action adventure. As you take Rayman through all kinds of dangerous levels, fight against the Hoodlum bosses and their bosses, with lots of new high-tech gear and powers. Rayman 3 is a universe of cartoon mayhem and mind blowing battles! When Globox accidentally swallows the Lord of the Dark Lums, a fanatic army of trigger happy Hoodlums wreaks total havoc to get their Lord back. Rayman's only hope is to scour the lands for unearthly new powers, and do battle with hordes of Hoodlum soldiers, contraptions, and maniacal bosses.
Rayman - Hoodlum's Revenge (USA) (En,Fr,Es)	Rayman 3: Hoodlum Havoc incorpora numerosos elementos nuevos. Aunque mantiene su fórmula de acción y aventura, el combate avanzado es el núcleo de esta entrega. Rayman dispone de movimientos y poderes inéditos (Power Fist, Grapple o Super Helicopter) para enfrentarse a más de veinte enemigos, incluida la feroz tribu Hoodlum. El nuevo sistema de combate táctico exige usar la estrategia adecuada, ya que cada rival posee fortalezas y patrones propios.
Rayman - Raving Rabbids (USA) (En,Fr,Es)	Rayman Raving Rabbids marca el regreso del héroe en su aventura más disparatada. Cuando su mundo sufre la invasión de unos conejos descontrolados, Rayman debe plantarles cara y frustrar sus planes. Con nuevas habilidades y la ayuda de criaturas mágicas, despliega todo su repertorio de movimientos para salvar su hogar de estos conejos delirantes y sus alocadas travesuras.
Rayman 3 (USA) (En,Fr,Es)	Un día, un Lum Rojo llamado André se transformó en un Dark Lum, una pequeña bola peluda y rabiosa. Su intención era conquistar el mundo, y tras transformar a otros Lums Rojos en Dark Lums, se unieron para formar un ser resultado de la unión de los Dark Lums y pelo de animal, formando así los Hoodlums, llenando el mundo de terror y caos. Con el tiempo, Los Hoodlums se fueron apoderando del bosque, y poco a poco del resto del mundo. Después de llegar a la entrada del Concilio de las Hadas, Rayman y Murphy descubren a Globox escondido en un barril. Después de que Rayman saque a su amigo de allí y éste le devuelva sus manos (las cuales le quita accidentalmente en la introducción del juego), André y algunos de sus soldados se reúnen con ellos y empiezan a darles caza, lo que le da mucho miedo a Globox y éste huye. Rayman y Murphy se dan cuentan de los malvados planes de André: corromper el Corazón del Mundo para que pueda crear esa misma energía en un ejército de Hoodlums.
Rayman Advance (USA) (En,Fr,De,Es,It)	En el mundo de Rayman, la naturaleza y las personas viven en paz, y el Gran Protoon mantiene el equilibrio y la armonía de este universo. Hasta el día en que el horrible Señor Oscuro lo robe, hundiendo al mundo en el caos y la oscuridad. Rayman tendrá que encontrar y entregar todos los toons y luego destruir a Mister Dark para entregar el Gran Protoon. Rayman Advance en GBA es una adaptación del juego original lanzado en Playstation.
Razor Freestyle Scooter (USA)	En Freestyle Scooter los famosos scooters dan el salto a GBA en una aventura llena de acción. Elige entre varios modelos y rescata a tus amigos del malvado robot Norton usando tu estilo y tus habilidades. Hay 10 personajes con capacidades únicas y 45 maniobras para dominar mientras grindas bordillos, saltas barriles y ejecutas trucos como no‑footers o tailwhips. Cada nivel ofrece obstáculos, secretos y un control sencillo, jugable en solitario o con un amigo.
Ready 2 Rumble Boxing - Round 2 (USA)	La versión Game Boy Advance de Ready 2 Rumble Boxing: Round 2 captura la mayor parte de la acción exagerada que se encuentra en la versión N64, y los minijuegos de entrenamiento ayudan a agregar un poco de variedad al juego. Desde las 400 libras de furia de Mama Tua hasta las divertidas burlas de Afro Thunder, Ready 2 Rumble Boxing: Round 2 está a la altura de su reputación de acción de arcade absurda. Midway ha demostrado ser un peso pesado cuando se trata de juegos deportivos de estilo arcade, con títulos de gran impacto como NFL Blitz y NBA Showtime que demuestran que puede caminar por el camino y hablar lo que habla. Ahora Midway está trayendo su popular franquicia Ready 2 Rumble a Game Boy Advance, con un anillo giratorio 3D y 11 boxeadores llenos de actitud.
Rebelstar - Tactical Command (USA)	Puedes jugar como líder de una revuelta en el juego de estrategia por turnos Rebelstar: Tactical Command. El Imperio Areliano tomó el control de la Tierra hace 70 años y desde entonces se ha convertido en un régimen opresivo, controlando el mundo con miedo y asaltando tropas de choque. Puedes contraatacar equipando a un equipo de rebeldes y controlándolos en la batalla. Rebelstar: Tactical Command incluye campaña, escaramuza, hotseat multijugador y modo de enlace multijugador.
Reign of Fire (USA) (En,Fr,De,Es,It)	Reign of Fire lanza a los jugadores a feroces batallas entre dos antiguas especies que luchan por su supervivencia: humanos y dragones. Una aventura arcade de acción en tercera persona situada en un futuro cercano, donde los jugadores escogerán estar del lado de los humanos, enfrentados a unos enemigos aparentemente insuperables, o de los propios dragones: un impresionante ejército de bestias que escupen fuego con la intención de incinerar todo a su paso. El juego se basa en la película del mismo nombre, en la que los dragones han aniquilado a la mayoría de la raza humana, y los supervivientes intentan defenderse con equipamiento militar. Los dragones han sido leyenda hasta hoy, a pesar de que son las estrellas de Reign of Fire. Los jugadores se encontrarán con varias razas de bestias mortales a lo largo del juego, ya sea sufriendo sus poderes asombrosamente destructivos o, mejor aún, en el asiento de disparar.
Rescue Heroes - Billy Blazes! (USA)	Rescue Heroes debuta en Game Boy Advance con Billy Blazes al mando. Los jugadores viven misiones de bomberos usando distintos gadgets y vehículos para combatir incendios. Billy corre, salta, se balancea y esquiva peligros mientras rescata excursionistas, automovilistas atrapados y personas en edificios en llamas. Obstáculos y riesgos complican el avance, pero con determinación podrás superar cada desafío y salvar a todo Sky High Village.
Revenge of Shinobi, The (USA)	En el mítico mundo del antiguo Japón, los jugadores asumen el papel del guerrero ninja Shinobi. Para liberar al mundo de la maldición de Goaku, Shinobi debe recuperar 5 espadas elementales y derrotar a los Shoguns que las empuñan. Se necesitará sigilo, fuerza y el dominio de las artes místicas para que Shinobi se abra paso a través de las 5 tierras.
Revenge of the Smurfs, The (Europe) (En,Fr,De,Es,It,Nl)	Al igual que en Los Pitufos lanzado anteriormente, el objetivo es liberar a varios pitufos (Goloso, Filósofo, Bromista y Pitufina) capturados por Gargamel. Es un juego de plataformas clásico con 20 niveles repartidos en cuatro mundos, cada uno con su jefe final: la planta carnívora, la serpiente, el dragón y Gargamel asistido por el Cracoucas. La interfaz y los gráficos, más coloridos, difieren del juego de 1996.
Rhythm Tengoku (Japan)	Rhythm Tengoku es un juego de música basado en la buena sincronización y el ritmo. El juego tiene música suministrada por la productora de discos J.P. ROOM, y está desarrollado por el equipo responsable de Wario Ware. Esto es visible en la peculiar presentación del juego. Como en Wario Ware, el juego es en realidad una serie de juegos más cortos reunidos en un solo paquete. Antes de comenzar cada juego, se te presenta un breve tutorial que te prepara y entrena antes de comenzar el de verdad. El control suele ser muy sencillo: normalmente solo se requiere el Botón A, pero algunos juegos hacen que los jugadores pulsen varios botones para realizar distintas acciones.
Ripping Friends, The - The World's Most Manly Men! (USA, Europe)	Los Ripping Friends son el equipo de hombres más viriles del mundo. Su misión consiste en “arrancar” todo lo que se interponga en la libertad y la bondad. Rip, Chunk, Slab y Crag saben que algo va mal cuando descubren que el malvado Citrasett se dirige hacia ellos decidido a ejecutar su plan más diabólico. Ripcot ha estado demasiado tranquilo últimamente. Decidido a destruir su modo de vida, Citrasett se alía con otros grandes villanos para desafiar a los Ripping Friends en una batalla final que decidirá el destino de la Tierra.
River City Ransom EX (USA)	La mayor aventura de Kunio regresa con gráficos mejorados y nuevas mecánicas. Los hermanos Ryuichi y Ryuji llegan a la academia Reihou y pronto dominan las escuelas cercanas, haciéndose llamar los Double Dragons. Cuando Mami, la novia de Riki, es secuestrada y llevada a Reihou, Riki busca a su rival Kunio para unir fuerzas y enfrentarse a las bandas enemigas. En la academia les espera un adversario capaz de sorprender incluso a Kunio.
Riviera - The Promised Land (USA)	En Riviera: The Promised Land, seguirás a dos feroces guerreros, cada uno armado con armas divinas, en una misión para derrotar a los demonios de una vez por todas. La aventura incluida te permite experimentar más de 30 horas de juego de rol, completo con minijuegos, múltiples finales y caminos y elementos secretos. El sistema de elementos único del juego permite que los elementos funcionen de manera diferente según los personajes que los equipen.
Road Rash - Jailbreak (USA)	Esta es la entrega para Game Boy Advance de la longeva serie de acción motera. Los jugadores luchan por el trofeo de la Gran Convención de Moteros, y queman goma en la pista para ganar la Carrera Salvaje, donde el estilo de conducción y las armas son parte del espectáculo. El objetivo es derrotar al ganador del concurso del año pasado y, de paso, dar una paliza a sus compañeros de banda. Pero vigila tu espalda: la policía del condado no te dejará frenar ni un segundo. La versión para Game Boy Advance fue desarrollada por Magic Pockets para Destination Software.
Robopon 2 - Cross Version (USA)	Después de convertirse en la Leyenda 1 de la isla Porombo en el juego original, Cody se dirige a una nueva tierra y a un nuevo torneo. Las cosas empeoran cuando una violenta tormenta destruye el barco de Cody y lo deja a la deriva en el mar. Se despierta dentro de una choza en la tierra de Majiko pero no todo va bien. Descubre que las tierras cercanas están siendo aterrorizadas por Maskman y sus compinches. Para arreglar las cosas, Cody debe viajar 20 años al pasado y regresar.
Robopon 2 - Ring Version (USA)	Tras convertirse en una Leyenda de la isla Porombo, Cody viaja a nuevas tierras para participar en otro torneo. Una tormenta destruye su barco y despierta en Majiko, donde descubre que Maskman y sus secuaces aterrorizan la región. Para restaurar la paz, Cody deberá viajar 20 años al pasado, enfrentándose a nuevos peligros en esta aventura temporal.
Robot Wars - Advanced Destruction (USA)	Robot Wars llega a Game Boy Advance inspirado en la última temporada del programa, con nuevos eventos, robots, arenas y funciones. Puedes diseñar y construir tu propio robot usando piezas, motores, armaduras, ruedas y armas, o elegir uno ya creado y lanzarte directamente a la acción. Una vez listo, comienza el combate en intensos enfrentamientos que recrean el espíritu del famoso show televisivo.
Robot Wars - Extreme Destruction (Europe) (En,Fr,De,Es,It,Nl)	Una secuela del primer juego Robot Wars de BBC Multimedia, Robot Wars: Advanced Destruction . Este juego está basado en el programa de televisión Robot Wars. En el juego puedes crear tu propio robot, o usar robots del programa de televisión, y abrirte camino a través de todas las competiciones. La secuela te trae 8 arenas nuevas y mejoradas, nuevas armas, todos los robots nuevos y un creador de robots muy mejorado.
Robotech - The Macross Saga (USA, Europe) (En,Fr,De,Es,It,Nl)	Un juego de disparos en 2D clásico que mezcla ingeniosamente el desplazamiento lateral y el juego de perspectiva forzada. Juega como un poderoso luchador de la exitosa serie Robotech mientras luchas para salvar el planeta Tierra de la destrucción total. El fuego de los cañones automáticos ilumina los cielos en esta épica guerra intergaláctica con las legiones Zentradi. La mejor defensa que tiene la Tierra es la Veritech Valkyrie, un luchador que cambia rápidamente que se mueve por el aire con la gracia de un bailarín y tiene la fuerza de una división blindada.
Robots (USA)	Basado en la película Blue Sky (distribuida por Fox) del mismo nombre, Robots lleva a los jugadores a una aventura para salvar Robot City. Cuando Rodney Copperbottom viaja a Robot City para encontrarse con Big Weld, el famoso inventor, descubre que algo anda mal. Big Weld ha desaparecido y el malvado Ratchet se ha apoderado de Big Weld Industries. Con la ayuda de sus amigos los Rusties, Rodney pone fin a las malas formas de Ratchet y restaura el orden en la ciudad. Robots utiliza una perspectiva única que combina el desplazamiento lateral 2D con vistas 3D. El juego lleva al jugador a lugares de la película como Robot City, Big Weld's Mansion, Outmode y Madame Gasket's Chop Shop. Usando el modo de invención, los jugadores construyen y mejoran las armas de Rodney, incluidas la llave inglesa, la pistola de chatarra, el electrozapper y la granada magno. Con una combinación de habilidades de navegación, salto y combate, los jugadores pueden abrirse camino en el mundo de los Robots y poner fin a la tiranía de Ratchet.
Rock 'N Roll Racing (USA)	El juego pone a cuatro pilotos uno contra otro, pudiendo dos ser controlados por 2 jugadores y el resto se controlador por la IA del juego. Las carreras se miran desde una perspectiva isométrica. La música de fondo consiste en varias temas de heavy metal y rock n' roll.
Rock'em Sock'em Robots (USA)	Rock 'Em Sock 'Em Robots llega a Game Boy Advance adaptando el clásico juguete de boxeo entre el robot azul y el rojo. Elige tu luchador y entra al ring para golpear, bloquear y buscar el KO en combates rápidos, prácticas o torneos. También incluye modo para dos jugadores mediante cable Link, capturando la esencia del juguete original y su divertida rivalidad cara a cara.
Rocket Power - Beach Bandits (USA, Europe)	Es verano en Ocean Shores, pero la arena de la playa ha desaparecido mágicamente. Otto, Reggie, Twister y Sam de Rocket Power están sorprendidos por la desaparición de la arena y ahora quieren recuperarla. Tienes que ayudarlos recorriendo Ocean Shores para obtener respuestas sobre los lugares donde se pudo haber tomado la arena, obteniendo ayuda de otros residentes de Ocean Shores. Usa tu palo de hockey para luchar contra los robots, destruir los paneles de los robots y recolectar elementos como bombas de humo, montando tu patineta y también moliendo rieles.
Rocket Power - Dream Scheme (USA, Europe)	Hay problemas en Ocean Shores cuando Otto tiene una pesadilla de que el Dr. Stimpleton captura a su hermana Reggie y sus amigos Twister y Sam. Esto envía a Otto a una persecución salvaje para encontrar a la pandilla y evitar que el Dr. Stimpleton use su &quot;dispositivo Stimpleton&quot; para convertir Ocean Shores en un Seaside Polka Resort.
Rocket Power - Zero Gravity Zone (USA)	Rocket Power: Zero Gravity Zone te permite unirte a Otto, Twister, Reggie y Sam mientras demuestran sus habilidades en el skatepark. Puedes jugar con los cuatro miembros del equipo (más un personaje desbloqueable) en modos como free skate, carrera o multijugador. A lo largo de ocho entornos encontrarás potenciadores que facilitan realizar trucos y mejorar las habilidades de cada personaje.
Rockman EXE 4.5 - Real Operation (Japan)	Rockman EXE 4.5 Real Operation es una semi-secuela de los juegos anteriores, Mega Man Battle Network 4 Red Sun y Blue Moon. En este juego, el jugador no controla Lan, sino que juegas como tú mismo. En la primera partida del juego, se le solicita que ingrese detalles como la fecha, la hora, su edad y ocupación. A continuación, puede elegir su Net Navi (inicialmente disponibles para la selección son Mega Man, Roll, GutsMan y NumberMan). También puede seleccionar usar Battle Chips (de tres que se seleccionan al azar de su carpeta) usando el Panel de Control para seleccionar el chip descrito en la parte inferior de la pantalla, luego presionando A para usarlo.
Rockman EXE 5 - Team of Blues (Japan)	El Dr. Regal y su sindicato del crimen Nebula están de vuelta en la red. Por lo tanto, Lan debe reactivar su Navi Mega Man para librar al mundo virtual de sus virus. El juego de rol Mega Man Battle Network 5 en GBA viene en dos versiones (Team ProtoMan y Team Colonel) que difieren ligeramente entre sí en los poderes que el héroe puede acomodar.
Rocky (USA) (En,Fr,De,Es,It)	Basado en la famosa serie de películas del mismo nombre sobre el famoso boxeador Rocky Balboa (interpretado por Sylvester Stallone). Este juego de simulación de boxeo tiene varios modos, incluidos los Modo Película, Exhibición y Torneo Knockout. En el Modo Película puedes seguir la trama de las películas, comenzando cada parte con tres oponentes menores y terminando con el gran jefe al final. En el camino te encontrarás con Apollo Creed, Clubber Lang e Ivan Drago. Cada personaje tiene debilidades particulares. También puedes entrenar antes de cada pelea: ¡no pases por alto los entrenamientos pues dan puntos de habilidad a Rocky y lo mantienen en el Tiger's Eye!.
Rugrats - Castle Capers (USA, Europe)	Un nuevo juego de plataformas lateral con seis grandes niveles inspirados en cuentos clásicos, pero con el toque único de Rugrats. Todos los bebés de la serie están presentes, incluida Kimi, la nueva hermanastra de Chuckie, en una aventura llena de imaginación y humor característico de la serie de televisión.
Rugrats - Go Wild (USA, Europe)	Toma el control de Tommy Pickles y Elisa Thornberry en una isla desierta, donde debes encontrar a tus amigos resolviendo distintos enigmas. El juego combina dos fases: una de plataformas lateral en la que debes ahuyentar a animales peligrosos, y otra de conducción con vista cenital en la que recoges objetos mientras esquivas obstáculos. Una aventura variada que mezcla acción y exploración.
Rugrats - I Gotta Go Party (USA, Europe)	Prepárate para un nuevo juego multijugador mientras Tommy juega al escondite con todos sus amigos. Si le ayudas a encontrar a los Rugrats, desbloquearás alocados minijuegos como las galletas de Angélica, los pasteles de barro de Phil, Sandbox Blues y muchos más. Cuantos más Rugrats encuentres, más juegos se abrirán. Diseñado para la competición multijugador, ofrece horas de diversión portátil... pero nada empieza hasta hallar al primer Rugrat.
Sabre Wulf (USA)	Un misterioso extraño ha destrozado el legendario amuleto de Saber Wulf, liberando al salvaje Saber Wulf de años de encarcelamiento. Una vez más, depende de Sabreman, explorador y cazador de tesoros extraordinario, rastrear y recuperar a su némesis. Como Sabreman, entrarás en un mundo plagado de criaturas mágicas que puedes controlar. Usa los poderes únicos de cada criatura para sobrevivir a trampas, obstáculos y al temido Saber Wulf. La combinación del juego de juego en 2D y 3D se extiende a través de una variedad de niveles.
Sabrina the Teenage Witch - Potion Commotion (USA) (En,Fr,Es)	Sabrina The Teenage Witch: Potion Commotion es una aventura de plataformas lateral basada en la serie de televisión. Controlas a Sabrina, que con la ayuda de Salem debe salvar a su tía Hilda tras haberse petrificado por accidente. Exploras cuatro mundos (la casa de su tía, el instituto, la pizzería y el gigantesco árbol familiar) usando magia y reflejos rápidos para devolver todo a la normalidad y salvar el día.
Salt Lake 2002 (USA) (En,Fr,De,Es,It,Nl)	Más rápido, más alto, más fuerte. Su búsqueda de la grandeza olímpica comienza con Salt Lake 2002 para el sistema de videojuegos Game Boy Advance. Compite contra los mejores atletas del mundo en 6 eventos olímpicos en 4 modos de juego diferentes: esquí alpino alpino, bobsleigh para dos hombres, salto de esquí K120 individual, eslalon gigante paralelo de snowboard y más. ¿Puedes unirte a los héroes de los Juegos Olímpicos del pasado y capturar el oro?
Samurai Deeper Kyo (USA)	Desvela el misterio detrás de la repentina reaparición del legendario espadachín Demon Eyes Kyo en esta trepidante aventura de acción. ¡Toma tus armas y lucha contra hordas de enemigos mientras experimentas la historia de Samurai Deeper Kyo! Características: Realiza devastadores movimientos especiales. Juega como Demon Eyes Kyo, Kyoshiro Mibu, Yuya Shiina, Yukimura Sanada o Benitora. Desbloquea poderosas armas y modos extra.
Samurai Jack - The Amulet of Time (USA, Europe)	Samurai Jack es un guerrero que es desterrado por el mago Aku que lo transporta a un futuro extraño y retorcido. Con su nuevo nombre futurista, Jack vaga por la tierra en busca de un portal en el tiempo para corregir los errores del pasado. Se ha enterado de un amuleto misterioso que, cuando se encuentren todas sus piezas, le permitirá regresar al pasado. Únete a Samurai Jack en un viaje de honor y venganza a través de un mundo futurista lleno de maravillas y ayúdalo a deshacerse del mundo de el mal de una vez por todas.
Santa Claus Jr. Advance (Europe)	Plataformas exclusivo de Europa protagonizado por un chaval alocado que sigue los pasos de Santa Claus. Explora 12 mundos enormes con 36 niveles y enfréntate a más de 30 enemigos descubriendo sus puntos débiles. Su control intuitivo facilita empezar a jugar de inmediato. Además de las fases principales, incluye niveles extra con desafíos variados y dos modos de dificultad.
Santa Claus Saves the Earth (Europe)	¡Mañana es Navidad y todos los niños del mundo esperan a Papá Noel! Pero en lo profundo del subsuelo, la malvada hada Nilam observa su alegría y, furiosa, lo hechiza y lo encierra en su reino mágico. Tu misión es ayudarlo a escapar de los mundos controlados por Nilam para que pueda cumplir su viaje navideño. El tiempo apremia y solo quedan unas horas para salvar la Navidad.
Santa Clause 3, The - The Escape Clause (USA)	¿Puedes ayudar a Santa y sus elfos a evitar que Jack Frost cause grandes estragos en las fiestas? Tendrás que superar traicioneros carámbanos que caen, malvados muñecos de nieve, poderosas ráfagas de viento y muchos otros obstáculos. Surca los cielos con Santa en su trineo y lucha contra los elementos para entregar regalos a los niños y niñas buenos (y carbón a los traviesos). También se incluyen desafíos basados en rompecabezas en los que debes ayudar a los elfos de Santa a construir juguetes a tiempo para Navidad.
Scooby-Doo (USA)	Scooby Gang debe resolver los misterios de Spooky Island. Basado en la película de acción en vivo, los jugadores deben reunir a la pandilla en disputa, resolver misterios y luchar contra los demonios de la isla. Cada miembro de Mystery, Inc. está disponible como personaje jugable wi
Scooby-Doo 2 - Monsters Unleashed (USA, Europe)	En Scooby-Doo 2: Desatado, alguien ha dado vida a los disfraces de los mayores villanos de Scooby y ahora amenazan Coolsville. Únete a Scooby, Shaggy, Fred, Daphne y Velma para resolver el misterio. Controlas a los distintos miembros de la pandilla mientras corres, saltas y luchas contra criaturas aterradoras, cumples objetivos y recoges Scooby Snacks. Es una aventura para un jugador con sistema de contraseñas para guardar el progreso.
Scooby-Doo and the Cyber Chase (USA, Europe)	Scooby y sus amigos quedan atrapados en un videojuego tras teletransportarse junto al temible Virus Fantasma. Para escapar, deberán enfrentarse a distintos villanos mientras investigan quién liberó al virus. La pandilla avanza por varios niveles repletos de peligros en esta aventura inspirada en la película del mismo nombre.
Scooby-Doo! - Mystery Mayhem (USA) (En,Fr)	Basado en la serie animada, este juego de Game Boy Advance lleva a Scooby‑Doo y Shaggy por cinco grandes episodios llenos de escenarios inquietantes: un set de cine abandonado, un salvaje Oeste fantasmal, un pantano y un laboratorio cubierto de telarañas. Deben encontrar el Libro del Destino, capturar monstruos y resolver el misterio mientras corren, buscan pistas y superan puzles al estilo clásico de plataformas.
Scooby-Doo! - Unmasked (USA) (En,Fr)	En esta aventura de acción y plataformas controlas a Scooby‑Doo mientras Mystery Inc. visita a Jed, primo de Fred y diseñador de monstruos para el cine. Al llegar, descubren que Jed ha desaparecido y sus animatrónicos se han descontrolado, convirtiéndolo en el principal sospechoso. Scooby deberá detener a las criaturas, desvelar la verdad y demostrar su inocencia. Podrá usar trajes de kung‑fu, murciélago y arquero para combatir, planear y disparar ventosas. El juego incluye tres amplios mundos con varios niveles, minijuegos, escenas narrativas y jefes finales, con Adam West como el villano Winslow Stanton.
Scorpion King, The - Sword of Osiris (USA)	Una aventura de plataformas basada en el mundo y los personajes de la película ¨El Rey Escorpión¨. Mathayus (El Rey Escorpión) debe rescatar a su esposa, Cassandra, de manos del señor de la guerra, del malvado Menthu, que desea utilizar las habilidades mágicas de Cassandra para su propio malvado propósito. Haciendo uso de un guantelete, Mathayus puede aumentar su velocidad y poder de ataque alimentándolo con gemas mágicas, que son recogidas al derrotar a los personajes jefe en 6 mundos diferentes, con trampas y personajes enemigos que cubren cada nivel.
Scrabble (Europe) (En,Fr,De,Es)	El clásico juego de rompecabezas de palabras cobra vida en Game Boy Advance. El juego duplica el juego de mesa a la perfección: dibuja letras, luego júntalas para formar palabras y colócalas en el tablero de juego. Puedes jugar un juego completo o probar tu temple en las rondas Quick Anagram o Conumdrum. El juego presenta una extensa lista de palabras basada en la lista oficial de palabras de Scrabble, 10 niveles de habilidad, la capacidad de personalizar el juego para que se adapte a sus propias preferencias y modos de juego para un solo jugador y multijugador que permiten que hasta cuatro fanáticos del Scrabble se enfrenten cara a cara. cara a cara.
Scrabble Blast! (USA)	Scrabble Blast lleva la diversión familiar del clásico juego de palabras a Game Boy Advance con acción rápida y tres modos distintos. Usa 100 fichas para sumar la mayor puntuación, resuelve desafíos en el modo Puzzle formando palabras de longitudes específicas o compite contra el reloj en el modo Acción. Con su estilo ágil y competitivo, el Scrabble más ingenioso regresa convertido en una auténtica explosión de diversión.
Scurge - Hive (USA) (En,Fr,Es)	Scurge: Hive es un intenso juego de acción de ritmo rápido y supervivencia en una aventura masiva para un jugador. Nos presenta a su personaje principal Jenosa Arma, una cazarrecompensas abandonada en una instalación de investigación que ha sido puesta en cuarentena para evitar la propagación de una infección que podría destruir toda la vida. Hace 48 horas, se envió una señal de socorro desde un laboratorio de investigación remoto que estudiaba un organismo virulento identificado como &quot;Scurge&quot;. Los científicos habían estado estudiando sus notables habilidades metamórficas y energéticas. Jenosa Arma ha sido comisionada por un grupo de operaciones secretas del gobierno para investigar y rescatar cualquier tecnología de investigación dentro de las instalaciones. Ella está armada con guanteletes de proyectiles de alto secreto y un traje de batalla prototipo. Recoge potenciadores para aumentar tu fuerza y ​​habilidades a medida que superas los acertijos y los obstáculos y te enfrentas a enemigos que buscan tu destrucción. ¡No hay ningún lugar para esconderse del Scurge!
SD Gundam Force (USA)	Ponte en la piel de tu personaje favorito de la Fuerza Gundam de la serie de animación y salva la pacífica capital Neotopia de una misteriosa fuerza ancestral. Puedes encarnar al Capitán Gundam, a Zero el Caballero Alado o a Musha Bakunetsumaru, equipar a tus personajes con armas y objetos y lanzarte a la batalla. El viaje abarca tres mundos y termina con un enfrentamiento final contra el malvado Abigor. De ti depende rescatar a Shute del Dimension Halo y destruir el malvado imperio.
SD Gundam G Generation Advance (Japan)	SD Gundam G Generation Advance es un juego de estrategia por turnos con algunos elementos de rol. Es parte de la subserie G Generation de la franquicia Gundam. En esta serie, los Gundams, máquinas de combate gigantes, se han reducido a versiones súper deformadas de lo que eran antes. El jugador comanda pequeños grupos de unidades en batalla. El juego tiene 2 modos: en el primer modo, las unidades se mueven en los mapas, eligen a qué enemigo atacar y se fusionan en grupos más grandes; en el segundo modo, &quot;batallas&quot;, el jugador elige el tipo de ataque para cada unidad y observa los resultados de los duelos. La historia y los personajes son introducidos por los numerosos diálogos entre misiones.
Sea Trader - Rise of Taipan (USA)	Surca los mares y lidera a tu tripulación en el primer juego de comercio de mercancías para Game Boy Advance. Capitanearás tu propio barco con un grupo de peculiares marineros mientras comercias con seda, grano, divisas e incluso bienes del mercado negro para aumentar tu fortuna. Enfréntate a piratas que intentan robar tu carga o ataca otros barcos para hacerte con su botín. Con cada victoria, la vida en alta mar se vuelve aún más tentadora.
Secret Agent Barbie - Royal Jewels Mission (USA)	Secret Agent Barbie es un juego de plataformas protagonizado por la famosa agente secreta Barbie. Tu misión consiste en recorrer numerosos niveles para detener a los villanos y recuperar las joyas robadas. Conduce un coche de súper espía por las calles de Londres, persigue enemigos, abre cofres secretos y desbloquea nuevas funciones y contenidos. Una aventura llena de acción y estilo.
SEGA Arcade Gallery (USA)	4 títulos clásicos de arcade de Sega regresan en un cartucho GBA: Outrun te lleva corriendo a la línea de meta, con múltiples caminos por los que correr, diferentes condiciones, además de mucho tráfico para esquivar. También puede elegir entre una variedad de pistas musicales de fondo con la radio. Space Harrier te hace volar y abrirte camino a través de nivel tras nivel de alienígenas, esquivando el fuego entrante y otros obstáculos en tu camino. Super Hang On, el segundo corredor de la compilación, es un corredor de estilo motoGP en el que entran en juego los impulsores turbo. Vence al reloj y a los corredores rivales mientras mantienes tu motocicleta en la pista para evitar caerse. Finalmente, está el título de acción de simulación de vuelo, After Burner, que te hace volar por tierra y mar, luchando con naves enemigas.
SEGA Rally Championship (USA)	Sega Rally hace su debut en el formato portátil con esta versión de GBA. Elija entre una serie de coches de rally con licencia completa (Subaru, Ford, Toyota, Mitsubishi, etc.) y salga a las pistas de rally. Encontrará una serie de terrenos diferentes, desde tierra hasta nieve, caminos rurales hasta colinas selváticas. El objetivo es cruzar la línea de meta en el mejor tiempo posible, superando a los oponentes al premio principal. Tendrá la oportunidad de actualizar y reparar su automóvil a medida que avanza, lo cual es importante si desea encontrar el alcance primero. Cuanto más ganes, más desbloquearás. Desde nuevos coches y pistas hasta minijuegos y galerías.
SEGA Smash Pack (USA)	El Smash Pack se lanzó originalmente en Dreamcast como parte del paquete final de sistema de Sega Dreamcast antes de que hiciera su viaje hacia el atardecer. Por supuesto, como todos sabemos, los juegos clásicos nunca mueren y eso es exactamente lo que presentaba el paquete Smash. Por eso, Sega y THQ anunciaron que el Smash Pack llegaría a Game Boy Advance. Si bien la versión de GBA no presenta exactamente los mismos títulos, sí muestra Sonic Spinball (uno de los títulos menos conocidos), Ecco the Dolphin y Golden Axe. Los tres títulos fueron clásicos en Sega Genesis a principios de los 90 y finales de los 80.
Sennen Kazoku (Japan)	Sennen Kazoku es un juego de estrategia en GBA. Juegas el papel de un ángel al que Dios le ha pedido que cuide de una familia y la proteja para que tenga muchos descendientes. Para hacer esto, usa varios tipos de flechas para cambiar las emociones y acciones de los miembros de la familia y guiarlos hacia la prosperidad ...
Serious Sam Advance (USA) (En,Fr,De)	El juego presenta Egipto y Roma como escenarios, un nuevo estilo gráfico y muchos enemigos y armas que vuelven desde The First Encounter y The Second Encounter. El juego introduce muchos enemigos y armas nuevos y exclusivos. La historia gira en torno a que Sam retrocede en el tiempo de nuevo cuando un grupo de personas que estudian antiguas civilizaciones del pasado de la Tierra se encuentra con nuevas fuerzas del ejército híbrido de Mental. Sam tiene que volver a Egipto primero, y luego seguir hasta Roma, luchando contra hordas de enemigos en su camino. Los jefes del juego (cada uno de ellos se encuentra al final de dos escenarios) son dos comandantes de aspecto similar a los licántropos: Sirian Sphinx (Egipto) y Wolfiator (Roma). Con la derrota de este último, Sam Stone, de nuevo victorioso, vuelve por fin a su tiempo.
Shaman King - Legacy of the Spirits - Soaring Hawk (USA)	Asumes el papel de Yoh Asakura en la búsqueda definitiva para convertirte en Shaman King. Cambia de opinión estratégicamente durante las batallas y usa elementos especiales para derrotar y capturar a tus oponentes. Reúna a las mentes más fuertes para prepararse para el último desafío. El juego contiene más de 1000 tipos de espíritus, algunos solo están presentes en esta versión Soaring Hawk.
Shaman King - Legacy of the Spirits - Sprinting Wolf (USA)	Asumes el papel de Yoh Asakura en la búsqueda definitiva para convertirte en Shaman King. Cambia de opinión estratégicamente durante las batallas y usa elementos especiales para derrotar y capturar a tus oponentes. Reúna a las mentes más fuertes para prepararse para el último desafío. El juego contiene más de 1000 tipos de espíritus, algunos solo están presentes en esta versión Sprinting Wolf.
Shaman King - Master of Spirits (USA)	Basado en la popular serie de anime, este juego sigue las aventuras de Yoh Asakura, estudiante de secundaria por el día y chamán por la noche. Gracias a sus poderes místicos, este juvenil brujo es capaz de comunicarse y unir fuerzas con un guerrero samurai de 600 años de edad, y ahora ha llegado el momento de asegurar su estatus como Rey Chamán participando en un gran torneo que se celebra una vez cada 500 años. Al mismo tiempo tendrás que impedir que un malvado chamán rival devuelva a la vida al mortal Guardián de los Demonios. ¡Las consecuencias podrían ser desastrosas! Viaja por diferentes escenarios infestados de monstruos, trampas y todo tipo de peligros en esta aventura al más puro estilo Castlevania.
Shaman King - Master of Spirits 2 (USA)	Dentro de esta secuela, el jugador volverá a actuar como el personaje principal de Shaman King, Yoh Asakura. Cuando se trata de las nuevas características únicas dentro del juego, una de ellas es poder usar espíritus enemigos derrotados como aliados para ayudar en la batalla actual. Konami incorporó una nueva característica que permite al jugador lograr más combos, ataques especiales y habilidades a medida que el jugador avanza en el juego. Los espíritus también se pueden actualizar, haciéndolos más útiles para superar las trampas del juego. Cuando se trata de obtener varios otros espíritus, se sabe que algunos son necesarios para pasar de varios niveles y se pueden encontrar en lugares aleatorios, generalmente ocultos a veces. En cuanto a los gráficos, se sabe que comparten exactamente el mismo nivel de calidad que el juego anterior.
Shamu's Deep Sea Adventures (USA)	No todo está bien dentro del amado SeaWorld Adventure Park de Shamu. Poseidón quiere robar la magia del parque de Shamu y SeaWorld. Al tomar el control de Shamu, tus aventuras te llevarán más allá de SeaWorld, a las extrañas profundidades debajo del parque y de la cúpula del mundo submarino de Atlantis. Encontrarás increíbles animales submarinos e incluso lucharás contra Poseidón, el dios submarino, y su leal bestia marina, el Kraken. Reúne divertidos coleccionables y abre cofres de mar abierto y explora 12 niveles exclusivos para dispositivos portátiles desde la piscina del estadio Shamu hasta las profundidades del océano de Atlantis. ¿Tienes lo que se necesita para salvar SeaWorld y a Shamu?.
Shantae Advance - Risky Revolution (World) (Limited Run Games)	¡Shantae regresa en una aventura que se ha gestado durante 20 años! La malvada pirata Risky Boots tiene un plan revolucionario que dejará a Sequin Land a la deriva: al rotar el continente, ¡puede trasladar cualquier pueblo a la costa para saquearlo fácilmente! Como Shantae, dale la vuelta a la tortilla a Risky tomando el control de la tierra: ¡desplaza, gira, navega y explora alternando entre niveles multicapa combinables! Mueve el pelo y baila la danza del vientre a través de tierras revueltas, pueblos perdidos, criptas repletas de monstruos y laberintos intimidantes. ¡Te esperan seis transformaciones de criaturas, feroces batallas contra jefes y un modo versus para 4 jugadores!
Shark Tale (USA, Europe)	El Espantatiburones te pone en la piel de Oscar, el pez rápido y parlanchín que accidentalmente se convierte en héroe. A lo largo de más de 14 misiones en distintos escenarios, exploras Reef City en 3D, participas en carreras y persecuciones esquivando obstáculos, huyes de tiburones y recoges potenciadores. También incluye secciones de baile con movimientos de estilo hip hop que debes combinar al ritmo para avanzar en la aventura.
Shaun Palmer's Pro Snowboarder (USA, Europe)	Esta versión portátil es diferente de la Pro Snowboarder de Shaun Palmer, pero aún presenta la misma configuración. El jugador elige entre un grupo de snowboarders que incluye a Shaun White, Ingemar Backman, Tara Dakides y el homónimo del juego, Shaun Palmer con 16 pistas diferentes en cuatro ubicaciones diferentes y snowboards auténticos con más desbloqueados a través del juego. Hay una variedad de modos de juego que incluyen Tutorial, Free Ride y VS que permiten a dos jugadores competir cara a cara y un modo Carrera. Hay una variedad de estilos, cada uno con su propio conjunto de reglas y jugabilidad, como Freestyle, que juzga al jugador sobre los trucos complicados realizados durante las carreras, ya sea por lo complicado o simple que es el truco, así como si aterrizaron perfectamente o cayeron de espaldas . Palmer X hace que el jugador compita contra oponentes de la computadora en una pendiente cuesta abajo, mientras que Superpipe hace que el jugador complete un curso dentro de un cierto límite de tiempo para avanzar.
Sheep (Europe) (En,Fr,De,Es,It)	Sin que la mayoría de la gente lo sepa, las ovejas son en realidad extraterrestres que fueron enviados a observar la tierra hace millones de años. En el proceso, fueron reducidos a los tímidos mamíferos que todos conocemos y amamos hoy. En este juego inspirado en Lemmings, tu objetivo es pastorear ovejas en 28 niveles llenos de peligros para que puedan ser rescatadas por sus primos alienígenas educados.s
Shifting Gears - Road Trip (USA)	Road Trip: Shifting Gears continúa la serie de carreras desarrollada por Takara en GBA y tiene la capacidad de vincularse a Road Trip: Arcade Edition en GameCube para obtener extras desbloqueables. Los jugadores tienen control total sobre la personalización del automóvil, hasta el más mínimo detalle con un taller de pintura de carrocería, más de 100 piezas diferentes y numerosos accesorios de fantasía. Los jugadores compiten en 150 eventos de carreras, minijuegos, en más de 64 campos. El juego admite conectividad por cable de enlace para hasta cuatro jugadores.
Shin Bokura no Taiyou - Gyakushuu no Sabata (Japan)	Vanargand, una antigua bestia conocida como &quot;Eterna&quot;, que había sido sellada por la Familia Lunar desde hace mucho tiempo es despertada por el Chico Oscuro y Belleza Lunar Sabata. La bestia ataca a Sabata, y después de la corta batalla el Chico Oscuro es derrotado por la bestia. Un nuevo Inmortal aparece, Ratatosk, que utiliza sus habilidades como maestro de marionetas contra Sabata para que actúe contra su voluntad y se una a ellos en su búsqueda para destruir toda la vida.
Shin Megami Tensei (Japan)	Un joven vive con su madre en Kichijoji, un distrito de la moderna Tokio. Un día, tiene un sueño extraño: está siendo succionado hacia otra dimensión, una extraña estructura en forma de laberinto. Un espíritu aparece frente a él y le pregunta su nombre. A medida que avanza, se encuentra con un hombre que está colgado de una cruz, otro que está siendo atormentado por un demonio y una misteriosa joven que se está bañando en una piscina ... &quot;¡Despierta!&quot; - la voz de su madre atraviesa el sueño. El joven se despierta y revisa su computadora. De repente, llega un mensaje: el mundo se encamina hacia la destrucción. Solo quien pueda convocar demonios a través de un espacio virtual podrá prevenir un desastre. ¿Qué podría significar eso? El joven sale y descubre que ha ocurrido un asesinato en el parque cercano. El distrito debe estar aislado del resto de la ciudad hasta que se encuentre al asesino. Este fue el comienzo de la historia del invocador de demonios ...
Shin Megami Tensei - Devil Children - Honoo no Sho (Japan)	Un spinoff de la serie Megami Tensei, Shin Megami Tensei : Devil Children - Book of Fire es, junto con su homólogo Book of Ice, un juego en el que unos híbridos demonio-humanos llamados niños demonio viajan desde Japón al mundo de los demonios, acompañados por monstruos parlantes que les sirven de guía. El jugador toma el papel de uno de estos niños demonio y lucha contra los demonios; sin embargo, los niños demonio no luchan directamente, sino que los demonios aliados de su grupo luchan por ellos. El jugador puede elegir hablar con los demonios en lugar de luchar contra ellos, para intentar que se unan a su grupo, y puede aumentar el poder de sus demonios aliados fusionando varios demonios entre sí.
Shin Megami Tensei - Devil Children - Koori no Sho (Japan)	Un spinoff de la serie Megami Tensei, Shin Megami Tensei : Devil Children - Book of Ice es, junto con su homólogo Book of Fire, un juego en el que unos híbridos demonio-humanos llamados niños demonio viajan desde Japón al mundo de los demonios, acompañados por monstruos parlantes que les sirven de guía. El jugador toma el papel de uno de estos niños demonio y lucha contra los demonios; sin embargo, los niños demonio no luchan directamente, sino que los demonios aliados de su grupo luchan por ellos. El jugador puede elegir hablar con los demonios en lugar de luchar contra ellos, para intentar que se unan a su grupo, y puede aumentar el poder de sus demonios aliados fusionando varios demonios entre sí.
Shin Megami Tensei - Devil Children - Puzzle de Call! (Japan)	Un juego de puzles del spinoff Devil Children de la serie Megami Tensei, protagonizado por Jin y Akira, dos niños diablo que luchan contra demonios a través de demonios aliados a su grupo. Este título es un derivado de juegos de puzles como Kwirk / Puzzle Boy en el que un personaje atrapado en un nivel tiene que empujar bloques e interruptores para escapar.
Shin Megami Tensei II (Japan)	Shin Megami Tensei II es una secuela directa del primer juego. Los eventos de este juego tienen lugar 20 o 30 años después de que el héroe del primer juego siguió el camino neutral, derrotó al Señor Asura y al serafín Michael en la Catedral y fundó un estado donde los seguidores de la Ley y los ideales del Caos pudieran vivir libremente. Pero su reinado de libertad no dura mucho. La fe de Mesia gana poder, expandiendo la Catedral a un nuevo entorno cerrado llamado Millenium.
Shining Force - Resurrection of the Dark Dragon (USA)	Shining Force es un juego de rol táctico por turnos. Las batallas tienen lugar en cuadrículas cuadradas, y cada unidad ocupa un cuadrado. Cada unidad puede moverse hasta una cantidad fija de casillas a lo largo del campo de batalla, determinada por su estadística de Movimiento. Dependiendo de su ubicación en relación con los enemigos y los aliados, una unidad también puede realizar una acción: atacar, lanzar un hechizo, usar un objeto o buscar en el área. Algunos comandos, como equipar o soltar elementos, no cuentan como acciones. El orden de los turnos está determinado por la puntuación de agilidad de la unidad y una semilla aleatoria.
Shining Soul (USA)	El juego tiene lugar en la tierra de Rune, donde una criatura llamada Dark Dragon ha reunido un ejército de la Oscuridad en un intento de provocar la destrucción del mundo. Tu personaje es un héroe de la Shining Fleet, que ha atrapado a Dark Dragon y sus cinco generales en la región de Runefaust y ahora se está preparando para realizar un asalto final contra las fuerzas enemigas.
Shining Soul II (USA)	El Dragón Oscuro fue derrotado por nuestro héroe en la primera Alma Brillante, y la gente se regocijó cuando la Oscuridad se desvaneció. Sin embargo, la gente olvida rápidamente. Con el paso del tiempo, la vida de las personas mejoró y se olvidaron de la Oscuridad. Pero a medida que la Luz se hizo cada vez más poderosa, trastornó el equilibrio entre la Luz y la Oscuridad y pronto la Oscuridad volvió a aumentar. Un profeta viene y advierte a la gente de los peligros inminentes, pero nadie lo escucha. Aunque su cristal muestra los peligros que se avecinan, la gente pasa sin ningún interés. Un agente de la Oscuridad, Gillespie, atrae a este profeta fuera de la ciudad, lo mata y rompe su cristal para que la gente siga ignorando lo que se avecina.
Shrek - Hassle at the Castle (USA) (En,Fr,De,Es,It,Nl)	Shrek tiene la misión de rescatar su amado pantano de esos molestos personajes de cuento. ¡Con un poco de ayuda de sus amigos, Shrek se enfrenta a la mayor aventura de su vida! Viaja como Shrek, Asno o la Princesa Fiona en una salvaje aventura a través de siete capítulos del País de los Cuentos. ¡Basado en la premiada película!
Shrek - Reekin' Havoc (USA) (En,Fr,De,Es,It,Nl)	En Shrek: Reekin' Havoc puedes jugar como Shrek o la princesa Fiona para rescatar a tus amigos de los cuentos de hadas. Deberás usar bloques, encontrar llaves y resolver puzzles para avanzar por los seis niveles del mundo de Shrek, todo mientras te enfrentas a las criaturas malignas de Lord Farquaad. Una aventura de plataformas centrada en exploración y acertijos.
Shrek - Smash n' Crash Racing (USA)	¡Smash N 'Crash a través del universo de Shrek sobre una montura con personalidad propia! Juega como tu personaje favorito de Shrek y pon a prueba tus habilidades de carreras y combate contra una variedad de retorcidos oponentes de cuento de hadas. Agarra tu montura y choca, choca y deslízate por 12 lugares de cuento de hadas. Si te quedas atrás, no te preocupes: usa camionetas mágicas para igualar las probabilidades o lucha para volver derribando a tus oponentes de sus monturas. ¡Vence a tus amigos hasta la línea de meta en esta divertida y divertida aventura de cuento de hadas que aplasta y choca!
Shrek - Super Slam (USA)	Shrek Super Slam es un juego de lucha donde controlaremos a los personajes más conocidos de las películas y nos enfrentaremos en batallas divertidísimas que nos harán pasar un buen rato.
Shrek - Swamp Kart Speedway (USA, Europe) (En,Fr,De,Es,It,Nl)	¡Pon en marcha el motor y compite por el tesoro del Dragón! Reúne a tus amigos más valientes y compite por tierras de los cuentos que ni siquiera sabías que existían. ¡Nunca antes has visto a tu ogro favorito moverse tan rápido! Ocho personajes disponibles con un exclusivo y alocado kart. Cuatro superenemigos para derrotar, desbloquear y jugar. Dieciséis pistas de carreras pantanosas. El dispositivo multijugador te permite competir contra tus amigos.
Shrek 2 (USA, Europe)	Desarrollado por el especialista de GBA Vicarious Visions, Shrek 2 es un juego de acción fuertemente inspirado en el clásico de Blizzard The Lost Vikings. Los jugadores deben superar desafíos de plataforma específicos utilizando las fortalezas y habilidades de cada personaje. Shrek es fornido, por lo que puede llevar artículos que se pueden apilar en otro lugar o pisos debilitados a tope. El burro puede saltar más alto y derribar paredes. Más tarde, los jugadores adquieren nuevos personajes, como el gato con botas de capa y espada que puede aferrarse a las paredes y triturar pasamanos, así como muchos otros personajes de la película. Aprenda los atributos de la personalidad, los ataques y las habilidades de cada personaje para progresar en una misión llena de acción. Usa la fuerza de ogro de Shrek, la patada de burro de Burro y la habilidad de la princesa Fiona para ralentizar el tiempo.
Shrek 2 - Beg for Mercy (USA, Europe)	En Shrek 2: Beg for Mercy! para Game Boy Advance, el protagonista es el Gato con Botas, cuya agilidad y esgrima marcan esta aventura de acción lateral. También puedes controlar a Shrek y Asno mientras revives la historia del felino y descubres cómo conoció al ogro y al burro parlante. El juego apuesta por combates dinámicos con un sistema de combos intuitivo y movimientos acrobáticos mejorados para Gato.
Shrek the Third (USA)	En Shrek Tercero para Game Boy Advance avanzas por niveles controlando a Shrek, Arturo (Artie), el Gato con Botas y Asno. Cada fase combina plataformas y puzzles en los que solo ciertos personajes pueden acceder a áreas concretas, por lo que deben colaborar para llegar al final. Te enfrentarás a brujas, arqueros, gnomos y otros enemigos, mientras recoges las hadas necesarias para desbloquear nuevos mundos. Un juego sencillo y accesible, pensado para los más jóvenes pero disfrutable por fans de Shrek.
Sigma Star Saga DX (World) (Limited Run Games)	Ian Recker, un espía de la Tierra, es enviado encubierto como prisionero para que pueda alistarse en el ejército de Krill. Está equipado con una armadura parasitaria que le da una fuerza mejorada y la capacidad de fusionarse con las naves Krill, que son organismos vivos. Sin embargo, pronto descubre que no todo es lo que parece en esta guerra, y Recker debe decidir por qué lado está luchando. Sigma Star Saga es un híbrido de los géneros de disparos de desplazamiento lateral y RPG. Los jugadores interactúan con los personajes y exploran el mundo, y con frecuencia son &quot;convocados&quot; por naves al azar para las batallas. Para completar con éxito una batalla, el jugador debe derrotar a una cantidad predeterminada de enemigos y ganar experiencia con cada enemigo derrotado. A medida que los jugadores exploran el mundo, también pueden descubrir Gun Data, que se pueden usar para personalizar el disparo del jugador con más de 15,000 combinaciones de armas diferentes usando habilidades como fuego rápido, disparo vertical y ganancia de experiencia.
Silent Scope (USA) (En,Fr,De,Es,It)	Silent Scope es un shooter de Gameboy Advance. El presidente y su familia han sido tomados como rehenes y solo tú puedes salvarlos. Con niveles completamente nuevos y modos multijugador, Silent Scope te permite llevar a los criminales ante la justicia. Esta versión incluye un modo historia completamente nuevo además de la versión arcade del juego, un modo multijugador, un sistema de entrenamiento actualizable y muchos desafíos.
SimCity 2000 (USA)	SimCity 2000, abreviado SC2K es un videojuego de simulación basado en la creación de ciudades. Fue la secuela del SimCity original, y el segundo de la serie SimCity. Maxis lo publicó en el año 1993 para ordenadores Apple Macintosh y MS-DOS. Posteriormente, lo publicaron también para Amiga (1994), Microsoft Windows (1995), SNES (1995), Sega Saturn (1995), PlayStation (1996), Nintendo 64 (1998), Pocket PC (1999) y Game Boy Advance (2003). En 1995, SimCity 2000 recibió el galardón de &quot;Mejor Juego de Estrategia&quot;.
Simpsons, The - Road Rage (USA, Europe)	Burns está a la altura de sus costumbres codiciosas en Simpsons Road Rage, comprando los autobuses de Springfield y aumentando las tarifas. Ahora, los residentes de Springfield deben convertir sus autos en taxis y trabajar en las calles. Con suerte, ganar suficiente dinero para comprar los autobuses antes de que se acabe el tiempo. Elige entre más de 30 de tus personajes favoritos de Los Simpson y enfréntate a las calles repletas de seis niveles enormes, realizando acrobacias a lo grande y deslizamientos de energía. Compite por los pasajeros en una acción de pantalla dividida para dos jugadores. Vive la furia en la carretera, al estilo de los Simpson.
Sims 2, The (USA, Europe) (En,Fr,De,Es,It,Nl)	En Los Sims 2 puedes controlar a tus Sims a lo largo de toda su vida. Gracias al sistema genético, los Sims transmiten su ADN de generación en generación. Cada decisión que tomas tiene un impacto significativo y dramático en su destino. Ahora depende de ti guiarlos desde la cuna hasta la tumba, cumplir sus sueños y llevarlos al límite.
Sims 2, The - Pets (USA, Europe)	En esta expansión de Los Sims 2, puedes completar tu hogar añadiendo mascotas: perros, gatos, pájaros e incluso cobayas. Pasea a tu perro por el parque y disfruta de las travesuras de tu adorable gatito. Elige entre numerosas razas y personaliza tanto su aspecto como su personalidad. También puedes criarlos y cruzarlos. Enséñales a sentarse y quedarse quietos, cómprales juguetes, comida, accesorios y mucho más.
Sims, The - Bustin' Out (USA, Europe) (En,Fr,De,Es,It,Nl)	En esta ocasión, los Sims regresan a las consolas y, esta vez, salen de casa para explorar nuevos lugares de la ciudad. Los jugadores pueden elegir entre varias carreras nuevas y, a medida que avanzan, desbloquear y coleccionar más de cien objetos y gestos sociales exclusivos de consola. Interactúa con más de 25 personajes extravagantes y progresa en una docena de profesiones. El juego incluye un modo para dos jugadores y compatibilidad con tarjetas de memoria para llevar tus Sims a casa de un amigo.
Sitting Ducks (USA) (En,Fr,De,Es,It,Nl)	Bienvenido al mundo de Sitting Ducks, donde la vida es tranquila… salvo por los caimanes de Swampwood. Bill, un pato pequeño e imaginativo, destaca entre la bandada y, junto a su amigo Aldo, se embarca en 20 misiones llenas de humor y acción. Controla a Bill y a Aldo, explora niveles coloridos inspirados en la serie y disfruta de una aventura tan simpática como variada.
Sky Dancers - They Magically Fly! (USA)	Los jóvenes aventureros pueden unirse a Angélica, Camille y Jade en un viaje lleno de acción. La reina Skyla ha elegido a las mejores bailarinas de la High Hope Dance Academy para defender el Reino de la Victoria del malvado Sky Clone y sus secuaces. Tras obligar a la reina a huir, Sky Clone intenta tomar el poder, y las bailarinas deberán usar sus plumas mágicas y nuevas habilidades especiales para salvar el mundo.
Smashing Drive (USA)	Smashing Drive te pone en el asiento del conductor de un taxi loco y escandaloso en las concurridas calles de la ciudad de Nueva York. Tu trabajo es simplemente correr de un punto a otro en el menor tiempo posible. La clave del éxito en Smashing Drive radica en dos características: potenciadores locos y atajos ocultos. Casi todos los potenciadores transforman su taxi de alguna manera que le permite abrirse camino a través del tráfico con facilidad. Y los atajos generalmente implican chocar contra el interior de edificios, como cines y estadios deportivos.
Smuggler's Run (USA)	Conduce, huye y explora a través de tres grandes niveles. El bosque de la montaña rocosa, el desierto y la helada tundra te aguardan. Como miembro de una banda de traficantes internacionales, es tu trabajo evitar a la patrulla fronteriza de EE.UU, la CIA y a otras bandas rivales, para conseguir entregar la mercancía. Tendrás que demostrar un dominio maestro de tu todoterreno para ir siempre un paso por delante y alcanzar los checkpoints a t iempo.
Snood (USA)	Snood es un juego de puzzles tipo match‑3 que sigue el estilo clásico de Bust‑A‑Move. Debes alinear tres criaturas del mismo color para hacerlas desaparecer y limpiar la pantalla lo más rápido posible. Su mecánica sencilla y directa lo convierte en un desafío accesible y adictivo para quienes disfrutan de los rompecabezas arcade.
Snood 2 - On Vacation (USA)	En Snoodville la acción no se detiene: los Snoods caen desde arriba y, al juntarse con otros de su color, empiezan a desaparecer. Debes limpiar la pantalla dentro del límite de tiempo y en varios modos de juego. Cuando no queden Snoods que lanzar, usas un gancho para recuperarlos y colocarlos donde quieras. También hay niveles circulares donde los disparos rebotan en todas direcciones y, cuando menos lo esperas, ¡el mundo gira y todo se complica aún más!
Soccer Kid (USA, Europe)	Alienígenas intentando robar la Copa del Mundo se han estrellado mientras escapaban, la Copa se ha roto y sus fragmentos se han esparcido por toda la tierra. Controlas a Soccer Kid, y tu encargo es recuperar la copa. Durante tu travesía visitarás Bretaña, Italia, Rusia, Japón y finalmente los Estados Unidos. Soccer Kid es un juego de plataformas con elementos únicos. Como el nombre lo sugiere, tendrás que eliminar a tus enemigos usando tu balón. Las habilidades para mantener el balón en el aire y bajo control son especialmente utiles - con práctica, puedes lograr cabezazos y patadas aéreas. La forma de obtener los fragmentos de la Copa es coleccionando 11 cartas de jugador a lo largo del mundo. Existe la opción de guardar tu avance entre cada país (no puedes guardar entre cada nivel individual)
Soccer Mania (USA, Europe) (En,Fr,De,Es,It,Nl,Sv,Da)	En Lego Soccer Mania puedes jugar al fútbol como quieras, empezando por crear tu propio equipo entre más de 150 personajes, desde piratas y caballeros hasta exploradores árticos. Practica tus tiros en la Skill Zone y, cuando estés listo, enfréntate a rivales en escenarios llenos de acción usando power‑ups para obtener ventaja. El juego te lleva por estadios temáticos que van del Lejano Oeste hasta Marte, mezclando deporte y aventura.
Sonic Advance (USA) (En,Ja)	Sonic the Hedgehog ha llegado para su primera aventura en una consola Nintendo. Sonic Advance combina elementos de la serie original de Sonic en Sega's Genesis, así como de la serie Dreamcast Sonic Adventure. Elige entre Sonic, Knuckles, Tails o Amy y llévalos a través de un nivel tras otro de juego increíblemente rápido y recolección de anillos, esquivando a los enemigos en tu camino hacia el enfrentamiento final con el Dr. Robotnik (también conocido como Dr. Eggman). Recoge Chaos Emeralds en el camino para transformarte en Super Sonic para mayor velocidad, y entrena a tu Chao para intercambiarlos en Sonic Adventure 2 Battle en Nintendo Gamecube. Y si eso no fuera suficiente, también puedes jugar modos de batalla de 4 jugadores con tus compañeros, usando el game cart entre 4 GBA.
Sonic Advance 2 (USA) (En,Ja,Fr,De,Es,It)	Sonic regresa para una segunda salida en la Game Boy Advance. Una vez más, Sonic es llamado a salvar al mundo del malvado Dr. Eggman. En esta ocasión, a Sonic se le unen sus amigos Tails, Knuckles and Cream y Rabbit, la última incorporación al equipo de Sonic. Cada uno de ellos viene con una serie de movimientos únicos, que te permiten alcanzar ciertas áreas a lo largo de los niveles. Sin embargo, a diferencia de Sonic Advance, deberás obligar al juego como Sonic a desbloquear a los demás personajes. Las Esmeraldas del Caos y los Anillos Especiales llenan los escenarios. Para recoger las esmeraldas (transformando a Sonic en Super Sonic para la batalla final con el Dr. Eggman), debes encontrar los anillos especiales escondidos en cada nivel para desbloquear el nivel de bonificación. Completa la etapa de bonificación y la esmeralda será tuya.
Sonic Advance 3 (USA) (En,Ja,Fr,De,Es,It)	Eggman ha dividido el mundo en siete partes, ahora el jugador debe encontrar las siete Esmeraldas del Caos para restaurar el mundo. Sonic Advance 3 es un juego de Sonic con un giro: el jugador puede jugar con un amigo en modo cooperativo o en uno de los muchos modos multijugador, como la carrera de anillo. El juego contiene características de Sonic Advance y Sonic Advance 2, pero con más opciones como elegir entre 2 personajes en el modo historia (un personaje principal y uno siguiente).
Sonic Battle (USA) (En,Ja,Fr,De,Es,It)	Sonic Battle es un juego de pseudo-lucha de ritmo rápido similar al de Super Smash Bros. En lugar de ser un desplazamiento lateral en 3D, el juego emplea una vista isométrica en 3D que se compone de polígonos con texturas reales. Los sprites de los personajes son 2D. Hay 9 personajes para elegir y 5 modos de juego: Historia, Batalla, Desafío, Entrenamiento y Minijuegos. Puedes conectar 4 GBA's para luchar contra tus amigos, y cada personaje tiene varios ataques diferentes. Tiene un sistema de selección de ataques aéreos, terrestres y basados en la guardia. Dependiendo del tipo de ataque que establezcas para cada área (aérea/terrestre/guardia) tienes la posibilidad de elegir entre un total de 9 ataques especiales diferentes (aunque sólo 3 a la vez en un partido) que puedes cambiar cada vez que pierdas 1 punto de stock. El juego incluye un personaje entrenable cuyas habilidades y técnicas puedes aumentar y añadir. Puedes elegir cada aspecto del estilo del robot (correr, atacar, saltar, correr, etc.). El juego requiere una cantidad moderada de tiempo para jugar como todos los personajes, y añade una mayor vida útil a sí mismo si deseas jugar y vencerlo completamente (todos los personajes, conseguir todos los movimientos para el robot entrenable, etc).
Sonic Pinball Party (USA) (En,Ja,Fr,De,Es,It)	Sonic Pinball Party es un videojuego lanzado para Game Boy Advance en 2003. Es una celebración de todo tipo para el Sonic Team con muchas referencias a los juegos anteriores, la mayoría de Sonic. La historia está ambientada en Casinopolis (en Station Square), donde el Dr. Eggman convierte el juego en los robots y lava el cerebro de Miles &quot;Tails&quot; Prower y Amy Rose. Sonic debe rescatar a sus amigos por ganar un torneo de Pinball llamado el Torneo &quot;Copa Egg&quot;. Personajes Sonic the Hedgehog Miles &quot;Tails&quot; Prower Knuckles the Echidna Amy Rose Metal Sonic Dr. Eggman Cream the Rabbit Nights Amigo
Sonic The Hedgehog - Genesis (USA)	Sonic the Hedgehog Genesis (o simplemente Sonic Genesis) es un port para Game Boy Advance de Sonic the Hedgehog. Fue lanzado en noviembre de 2006 para celebrar el 15º aniversario de la franquicia. Este port presenta varias diferencias respecto al juego original.
Sound of Thunder, A (USA) (En,Fr,De,Es,It)	Basada en la película del mismo nombre, A Sound of Thunder te lleva a un futuro donde el viaje en el tiempo es posible. Las cosas rápidamente van mal cuando alguien altera el pasado, creando una secuencia de ondulaciones de tiempo que mutan el mundo actual. Ahora debes resolver el misterio y resolver un lío que podría significar el fin de la existencia humana. Resolverás rompecabezas, manipularás elementos, interactuarás con otros personajes y eliminarás criaturas y plantas mutantes. Además del modo para un solo jugador, el juego presenta modos de juego multijugador cooperativo y competitivo.
Space Channel 5 - Ulala's Cosmic Attack (USA)	Cuando los morolianos invaden, el excelente reportero Ulala presenta la historia para Space Channel 5. Los alienígenas enloquecidos lanzan a los ciudadanos a un trance de baile hipnótico, pero la chica guapa Ulala es su pareja definitiva. Ella lanza sus ataques más geniales para liberar a los cautivos y ser noticia. Abajo con la estrella supernova de Sega mientras se pavonea por la estación espacial con estilo. Las características del juego incluyen 18 escenarios únicos, modernos movimientos llamativos y un colorido entorno retro-futurista.
Space Invaders (USA, Europe)	En 1978, la Tierra rechazó con éxito una invasión del espacio exterior gracias al &quot;Tanque&quot;. El tanque se basó en tecnología alienígena encontrada cuando una nave exploradora se había estrellado años antes. Ahora, más de 20 años después, se ha creado un nuevo tanque basado en la tecnología recuperada durante la invasión de 1978. ¡Y no demasiado pronto, porque los invasores han vuelto! Space Invaders es otro clásico remake de un juego de arcade de Activision. (Ver Battlezone y Asteroids). Pero esta vez, Activision obtuvo la licencia de un juego de Taito en lugar de Atari. El juego se mantiene cerca de sus raíces mientras agrega muchos poderes y enemigos.
Speedball 2 (Europe) (En,Fr,De,Es,It)	Han pasado dos años desde el último partido de Speedball. Hay nuevos equipos, estadios y reglas; la arena es más grande, los jugadores más duros y la acción más rápida. El reto es tomar el control de Brutal Deluxe, el peor equipo de la historia del Speedball, y convertirlo en campeón. Una misión intensa en un deporte futurista donde solo sobreviven los más feroces.
Spider-Man (USA, Europe)	Spider-Man, el clásico cómic creado conjuntamente por Stan Lee, ahora es una gran película. Esta conversión de la película al mundo de los videojuegos toma la historia principal, los personajes y las obras de arte de la película Spider-Man y agrega una larga historia de fondo y nuevos personajes. El Duende Verde es el villano principal aquí, y como Peter Parker debes desafiar la gravedad usando tus habilidades de arrastre de araña, slinging y sentido de araña para localizar a la némesis de Spidey a través de los skyscapers de la ciudad de Nueva York. La mayor inclusión de este título sobre la serie anterior de Spider-Man (en Playstation también de Activision) es el combate aéreo. Atacar al enemigo en el aire mientras se balancea en la red, levantarse y descender mientras se balancea y se inclina alrededor de los edificios crea un mayor énfasis en el mayor activo de Spidey, la telaraña.
Spider-Man - Battle for New York (USA)	Spider‑Man: Battle for New York te permite jugar tanto como Spider‑Man como su célebre enemigo, el Duende Verde. Por primera vez en una entrega portátil del héroe, puedes personalizar la experiencia eligiendo qué habilidades mejorar y cuándo hacerlo, desde las maniobras con telarañas de Spidey hasta los ataques ígneos del Duende. Una aventura centrada en la acción y la progresión de poderes.
Spider-Man - Mysterio's Menace (USA, Europe)	Ambientada en Nueva York, Spider-Man: Mysterio's Menace permite a los jugadores asumir el papel de Spider-Man mientras se enfrentan al supervillano Mysterio y sus ilusorios trucos para controlar Manhattan. Spider-Man debe luchar contra una gran cantidad de siniestros conspiradores y artilugios de Mysterio para llegar al fondo de su trama y liberar a Nueva York del control de Mysterio.
Spider-Man 2 (USA, Europe)	En &quot;Spider-Man 2: The Game&quot;, el jugador volverá a tomar el papel del singular héroe con poderes arácnidos en su lucha por defender la ciudad de Nueva York de la horda de criminales y villanos que atentan contra su tranquilidad. Más de 50 movimientos de combate diferentes, una total libertad para moverse por toda la ciudad incluso a pie de calle, la aparición de nuevos personajes como Mysterio, Black Cat, Rhino y el malvado villano Dr. Octopus.
Spider-Man 3 (USA)	La trama del juego se expande en la película al incluir personajes y elementos adicionales de los cómics de Spider-Man y el Universo Marvel. Dependiendo de la plataforma, aparecen diferentes villanos de los cómics, pero todas las versiones del juego presentan a los villanos principales de la película: Venom, New Goblin y Sandman.
Spirit - Stallion of the Cimarron - Search for Homeland (USA)	Basado en la película homónima, Spirit: Stallion of the Cimarron narra la aventura de Spirit, un joven y enérgico mustang que recorre el Salvaje Oeste. Una tormenta ha golpeado Homeland y dispersado a la manada, incluido Spirit. Little Creek y Little Brook parten en busca de los caballos perdidos, y tú deberás ayudarlos a reunir al grupo y descubrir qué ha ocurrido con Spirit para llevarlos de vuelta a casa sanos y salvos.
Spirits & Spells (USA)	Alicia y Greg partieron con sus amigos una noche de Halloween para buscar una casa en el bosque donde pudieran abastecerse de golosinas. Al llegar a la casa, el coco convierte a los amigos de Greg y Alicia en piedra. Para salvar a sus amigos, los dos héroes deben ingresar al mundo de los muertos. Para encontrar a sus amigos y liberarlos, deben atravesar cementerios, casas embrujadas y laboratorios siniestros. Solo una persona a la vez puede ingresar al mundo de los muertos, por lo que Alicia y Greg deben turnarse para atravesar el peligro que les espera. Amigos como Goblin y Jack O'Lantern les enseñarán trucos de magia que les ayudarán a superar los obstáculos del camino. Deben encontrar el laboratorio del científico loco para llevar a sus amigos a casa sanos y salvos.
SpongeBob SquarePants - Battle for Bikini Bottom (USA)	En su intento de provocar el caos mundial con el que siempre ha soñado, el malvado Plankton ha puesto en marcha su plan más diabólico para conquistar el mundo. El destino de Fondo de Bikini queda en manos (o pequeños tentáculos) de tres héroes inesperados. Pon a prueba tus habilidades de plataformas jugando como Bob Esponja, Patricio o Arenita, con nuevas maniobras y potenciadores a tu disposición. Explora un enorme mundo en 3D, encuentra a personajes conocidos y frustra por fin los planes de Plankton.
SpongeBob SquarePants - Creature from the Krusty Krab (USA)	Bob Esponja: La Criatura del Krustáceo Krujiente lleva la exitosa serie infantil a tu Game Boy Advance. Explora Fondo de Bikini desde perspectivas completamente nuevas, con estilos visuales inéditos y mecánicas de juego que transforman por completo la forma de ver este mundo. Sumérgete en lo extraño y lo surrealista junto a Bob Esponja y sus amigos.
SpongeBob SquarePants - Lights, Camera, Pants! (USA)	En Bob Esponja: ¡Luces, Cámara, Esponja! la ciudad de Fondo de Bikini está produciendo un programa llamado “Las Aventuras de Sirenoman y Chico Percebe”, y Bob Esponja sueña con conseguir el papel principal. Para lograrlo, debe competir contra otros personajes de la serie (como Patricio, Arenita, Calamardo, el Sr. Cangrejo y Plankton) y así impresionar a los cazatalentos y quedarse con el papel del villano.
SpongeBob SquarePants - Revenge of the Flying Dutchman (USA, Europe)	Un tesoro se convierte en terror en Bob Esponja: Revenge of the Flying Dutchman. Mientras navegas por Fondo de Bikini, Bob Esponja descubre varios cofres del tesoro. Sin hacer caso de las señales de advertencia, Bob Esponja abre los cofres, sin saber que ha liberado al Holandés Errante, un fantasma enojado que ahora quiere que Bob Esponja y sus amigos formen parte de su tripulación. Mientras ayudas a Bob Esponja a evitar que el holandés cause estragos en Fondo de Bikini, cambias de vestuario, recolectas monedas de oro e interactúas con todos tus personajes favoritos del programa de televisión.
SpongeBob SquarePants - SuperSponge (USA, Europe)	Spongebob Squarepants: Supersponge es un juego de plataformas en Gameboy Advance. Juegas como Bob Esponja y hoy es el cumpleaños de tu mejor amigo Patrick. Tienes que conseguir darle un regalo digno de él. El objetivo es deshacerse de los monstruos recolectando bonificaciones para llegar al final del nivel. El juego está dividido en 5 capítulos cada uno con 4 niveles.
SpongeBob SquarePants Movie, The (USA)	La trama del videojuego es muy similar a la película. La corona del Rey Neptuno ha sido robada por Plankton y Bob Esponja y Patricio debe recuperar desde donde Plancton la vendió a: ciudad almeja.
SpongeBob's Atlantis SquarePantis (USA)	SpongeBob's Atlantis SquarePantis sigue a Bob Esponja y sus amigos mientras abandonan Fondo de Bikini rumbo a la legendaria Atlántida. Los jugadores exploran sus tesoros, descubren nuevas mecánicas jugables y disfrutan de funciones multijugador mientras avanzan por esta aventura inspirada en el especial de la serie.
Sports Illustrated for Kids - Baseball (USA)	Dirige tu propio equipo: elige jugadores, crea un nombre imponente y diseña los uniformes antes de someter a tus atletas a un duro entrenamiento para competir en el torneo. A medida que ganan experiencia, mejoran sus habilidades. La temporada incluye numerosos bonus ocultos, como mejoras para el estadio, y cada jugador cuenta con estadísticas de velocidad, agilidad y fuerza.
Sports Illustrated for Kids - Football (USA)	En Sports Illustrated for Kids Football saltas al campo para demostrar que puedes aplastar a tus rivales. Elige tu equipo, define la formación inicial y gana experiencia para mejorar fuerza, velocidad y resistencia de tus jugadores. Con el entrenamiento adecuado, tu plantilla podrá competir de tú a tú con cualquier rival y luchar por el campeonato.
Sportsmans Pack 2 in 1 - Cabela's Big Game Hunter + Rapala Pro Fishing (USA)	Este cartucho reúne dos juegos de Activision para Game Boy Advance centrados en la caza y la pesca: Cabela's Big Game Hunter 2005 Adventures, donde persigues animales salvajes en distintas regiones, y Rapala Pro Fishing, que ofrece competiciones de pesca con múltiples cebos y especies. Un pack pensado para quienes disfrutan de la acción al aire libre en formato portátil.
Spy Hunter (USA) (En,Ja,Fr,De,Es)	Uno de los juegos arcade más queridos de la historia se reduce para caber en la palma de la mano. Desde la música distintiva hasta la transformación de la embarcación en el clímax, esta traducción hace todo lo posible por replicar la aventura original de la máquina de monedas, sin perder nada de la emoción. Conduciendo el rapidísimo G-6155 Interceptor, un vehículo que puede cambiar de coche a barco y a motocicleta, intentarás destruir a la organización N.O.S.T.R.A. antes de que ella te destruya a ti. Utilizarás manchas de aceite, pantallas de humo y misiles para sacar a tus enemigos de la carretera, del aire y de la superficie del agua. Esta versión de SPYHUNTER supone una especie de actualización del original, ya que hay siete lugares del mundo real para poner a prueba tu determinación, y el juego se basa ahora en misiones. Los gráficos también se han renovado un poco, con imágenes casi en 3D. Tanto si has tenido el placer de crecer con este juego como si no, no hay nada que no te guste de uno de los juegos de espionaje originales.
Spy Kids 3-D - Game Over (USA)	SpyKids 3-D: Game Over hunde a los chicos dentro del cyber mundo del video juego en 3-D con sus favoritos espías Carmen y Juni. Basado en la película del mismo nombre, SpyKids 3-D: Game Over está disponible cómo dos distintos juegos para Game Boy Advance y PC en Julio del 2003 de Disney Interactive. La versión de Game Boy Advance es el primer juego con 3-D para esta plataforma pórtatil. Ambos títulos permiten a los chicos descifrar códigos secretos qué desbloquean recompensas para observar con los lentes especiales de Spy Kids 3-D qué incluidos con el juego o la película qué está en los cines.
Spy Kids Challenger (USA)	¿Tienes lo necesario para convertirte en un Spy Kid como Juni y Carmen? Equipado con gadgets secretos, como robots‑muelle y torpedos, te entrenas para cumplir misiones clandestinas de Spy Kids. Tu rendimiento en aventuras de vuelo, buceo y exploración determinará tu rango dentro de la organización mientras avanzas por cada desafío.
Spy Muppets - License to Croak (USA) (En,Fr,De,Es,It,Nl)	Spy Muppets: License to Croak es una aventura centrada en la historia donde encarnas a la rana Gustavo, el mejor agente secreto del planeta. Debe detener a varios supervillanos, incluida la seductora Piggy Galore, en una misión llena de humor y acción. Con la participación de los Muppets más conocidos, tres tramas conectadas te llevan finalmente hasta el villano definitivo.
Spyro - Attack of the Rhynocs (USA)	En un terrible percance, Spyro, Sparx y el Profesor han roto inadvertidamente un agujero en la tela del espacio entre los Reinos Rhynoc y Dragon. Ahora, a las órdenes del escurroso Ripto, los montones de Rhynocs están vertiendo en los Reinos del Dragón en otro intento de hacer la vida miserable. Como Spyro, El Agente 9 o el Sargento Byrd, debe ayudar al Profesor a cerrar el agujero rápidamente antes de que la puerta se vuelva demasiado grande y los dos reinos se fusionen de forma permanente. Puedes usar las nuevas habilidades de Spyro, como el Golpe de Cabeza,Ataque de Ciclón, Visión Fénix y más.
Spyro - Season of Ice (USA)	Spyro y Sparx están de vacaciones con Bianca y Hunter, cuando Hunter entra en pánico al confundir un globo con una oveja en un platillo volador. Spyro encuentra en el globo un mensaje de Zoe pidiendo ayuda a Grendor que está secuestrando hadas. Bianca dejó su libro de hechizos en la biblioteca mientras buscaba folletos navideños. Grendor había estado buscando en la biblioteca de Bianca y encontró el libro de hechizos de Bianca. Lo probó, con la esperanza de convertirse en un mago poderoso, sin embargo, lo leyó al revés y se convirtió en un Rhynoc de dos cabezas con 4 dolores de cabeza. Planeaba capturar a todas las hadas y usar sus alas para curar su problema. Spyro y sus amigos se dirigen para evitar que Grendor lleve a cabo sus planes. Después de que Spyro atraviesa muchos niveles (incluido un primer enfrentamiento con Grendor) y salva a todas las hadas además de la propia Zoe, se enfrenta a Grendor por segunda vez y vuelve a derrotar, rescatando a Zoe. Una vez libre, Zoe regaña ligeramente a Grendor por causar problemas, luego usa su magia para curarlo de su cabeza extra y todos sus dolores de cabeza. Grendor se disculpa por sus acciones y Spyro y sus amigos regresan a sus vacaciones.
Spyro 2 - Season of Flame (USA)	Spyro demuestra la capacidad de respirar una explosión de aire helado El jugador controla a Spyro el Dragón, que debe viajar a través de los Reinos del Dragón y recuperar las luciérnagas robadas. Las luciérnagas se pueden encontrar en muchos lugares, ya sea corriendo en espacios abiertos o escondidos detrás de obstáculos. Las luciérnagas a veces se pueden recibir como recompensas por realizar tareas para los ciudadanos de los Reinos dragón. Una vez encontradas, las luciérnagas pueden ser congeladas en su lugar por el aliento de hielo de Spyro, lo que permite a Spyro recogerlas. [5] En los Reinos del Dragón, Spyro puede acceder a varios otros niveles caminando a través de Portales. Entrar en un portal transportará a Spyro a un mundo donde se encontrará con criaturas que están preocupadas por los Rhynocs invasores.
Spyro Orange - The Cortex Conspiracy (USA)	Spyro: Fusion es un juego de plataformas en 2D disponible en Gameboy Advance. Spyro y Crash Bandicoot se han unido para derrotar a los malvados Cortex y Rypto. Controla a Spyro y navega por 4 mundos divididos en muchos niveles.
Spyro Superpack - Spyro - Season of Ice + Spyro 2 - Season of Flame (USA)	Este cartucho incluye Spyro: Season of Ice, donde el pequeño dragón debe rescatar a 100 hadas tras el desastre causado por un mago torpe, y Spyro 2: Season of Flame, en el que Spyro regresa a los Reinos Dragón para recuperar a las luciérnagas robadas, fuente de su poder de fuego. Dos aventuras portátiles llenas de acción, exploración y el encanto clásico del dragón púrpura.
SSX 3 (USA, Europe)	EA Sports vuelve a las pistas y a la trepidante acción del snowboard con SSX 3 para GBA. Combinando carreras con trucos, el juego permite a los jugadores elegir entre diferentes eventos y desafíos según lo deseen. El modo historia de SSX 3 implica, como las anteriores entradas de la serie, convertirse en el mejor snowboarder del mundo. Los jugadores tienen un elenco de personajes para elegir, la mayoría de los cuales han aparecido en juegos SSX anteriores. Una vez que los jugadores han seleccionado su personaje, se van a las pistas para comenzar a ganar carreras y realizar grandes trucos. El modo principal tiene 12 eventos diferentes en los que los jugadores pueden participar.
SSX Tricky (USA, Europe) (En,Fr,De)	SSX Tricky es el seguimiento de EA a SSX. Tricky presenta muchas más historias que el original mediante el uso de atributos de personalidad. Se desarrollan rivalidades entre personajes con atributos opuestos, lo que hace que actúen de forma más agresiva entre ellos durante las carreras. El sistema übertrick agrega una capa completamente nueva al juego. Estos trucos son mucho más difíciles de realizar, pero te dan un buen impulso. Realizar seis übertricks seguidos da como resultado un super übertrick, que te recompensa con un impulso mayor y hace que se juegue &quot;It's Tricky&quot; de Run DMC. Siete pistas regresan del original acompañadas de nuevas pistas de Garibaldi y Alaska. Las pistas que regresan contienen hasta cuatro veces más atajos y líneas ocultas. Seis de los ocho corredores del regreso original (Jurgen e Hiro sufrieron lesiones fuera de temporada) y se les unen seis nuevos. La banda sonora contará con mezclas de Mix Master Mike, Aphrodite y Plump DJs. Las bonificaciones tipo DVD incluyen metraje &quot;detrás de escena&quot; y un segmento de &quot;making of&quot;.
Stadium Games (USA)	Stadium Games ofrece seis pruebas de estilo olímpico: tiro al plato, tiro con arco, jabalina, fútbol, salto con pértiga y lanzamiento de martillo. El tiro usa una mira en tercera persona, mientras que el resto depende de barras de fuerza y precisión. Incluye modo práctica y un torneo para uno o dos jugadores, con puntuaciones acumuladas y tabla de récords.
Star Wars - Episode II - Attack of the Clones (USA)	Star Wars: Episode II – Attack of the Clones para Game Boy Advance sigue los eventos de la película, permitiéndote jugar como Anakin, Mace Windu y Obi‑Wan en combates contra Jango Fett y el Conde Dooku. Mezcla fases espaciales, acción lateral y duelos con sable láser en planetas icónicos como Coruscant, Tatooine y Geonosis.
Star Wars - Episode III - Revenge of the Sith (USA) (En,Fr,Es)	Star Wars Episodio III: La venganza de los Sith en Game Boy Advance te lleva al corazón de la oscura trama de la película, junto a Obi-wan Kenobi o Anakin Skywalker. Se necesitará la fuerza y ​​sables de luz para enfrentarse a hordas de enemigos listos para la batalla. Con el destino de la República en tus manos, debes dominar los métodos de la Fuerza y ​​resistir sus tentaciones más oscuras. -Usa combinaciones y maniobras de armas mortales para derrotar a los villanos legendarios de Star Wars, incluidos el General Grievous y el Conde Dooku. -Descubre formidables poderes Jedi, incluidos Force Push, Sabre Throw y Jedi Mind Trick. -Pilota naves en combates aéreos hasta para cuatro jugadores llenos de acción. -Sube de nivel tu personaje sumando puntos al completar cada fase.
Star Wars - Flight of the Falcon (USA)	¿Puedes escapar del Imperio? Por fin, puedes saber lo que se siente al pilotar la nave más popular del universo de Star Wars: el Halcón Milenario. Si también quieres saber lo que se siente usar pantalones súper ajustados y un chaleco de cuero negro, eso depende de ti. Star Wars: Flight of the Falcon te desafía a abrirte paso a través de la flota del Imperio mientras recreas las batallas de Yavin y Endor.
Star Wars - Jedi Power Battles (USA)	Star Wars: Jedi Power Battles es un juego de acción de Gameboy Advance que te permite jugar como un jedi en diez niveles diferentes. Hay tres personajes para elegir, Obi Wan, Qui-Gon Jinn o Mace Windu. El juego se desarrolla en muchos entornos del episodio 1 en el que atacaras a numerosos droides con tu confiable espada laser. Jedi Power Battles es un título exclusivamente en solitario.
Star Wars - The New Droid Army (USA)	En el juego, Anakin Skywalker es enviado a investigar los rumores de que los Separatistas están creando un nuevo tipo de droide, superior a otros droides e invulnerable a los sables de luz. Anakin viaja a Tatooine, pero Aurra Sing lo persigue y finalmente lo retiene en cautiverio de Jabba the Hutt . Anakin estalla y es llamado a Coruscant . Allí, Anakin persigue y derrota a un Jedi Oscuro llamado Trenox y descubre el plan del Conde Dooku para destruir los Archivos Jedi . Anakin lo detiene, pero Dooku escapa. A continuación, Anakin es enviado a Metalorn, donde debe destruir la fábrica de droides Cortosis y capturar a Wat Tambor., el líder de la Tecno Unión. Anakin completa ambos objetivos pero tiene que enfrentarse al Conde Dooku mientras sale de la fábrica. Anakin derrota a Dooku y sigue adelante.
Star Wars Trilogy - Apprentice of the Force (USA) (En,Fr,Es)	Por primera vez, la legendaria trilogía de películas de Star Wars llega a Game Boy Advance. Los jugadores experimentarán las escenas más emocionantes y memorables de Star Wars: A New Hope, The Empire Strikes Back y Return of the Jedi. Controla a Luke mientras se convierte en Jedi, lucha contra Darth Vader y Boba Fett, escapa de la temible bestia del rencor y destruye la Estrella de la Muerte.
Star X (USA) (En,Fr,De,Es,It,Nl)	Haz sido enviado como mediador de paz con una raza alienígena recién descubierta, pero descubres que no están interesados en la paz, sino en esclavizar a la raza humana. Tendrás que pelear tu regreso a la tierra para así poder advertir de la amenaza que esta raza alienígena representa. El modo de juego consiste en disparos en 3ra persona, con vista desde atrás de tu nave, con diferentes armas, mejoras de armas y actualizaciones de tu escudo disponibles para obtener en cada escenario. Algunos escenarios terminan con una pelea con un jefe, mientras otras solo requieren que completes una tarea, como disparar las minas en el nivel antes de continuar.
Starsky & Hutch (USA)	Basado en el programa de televisión de los 70, Starsky & Hutch te permite correr por Bay City en el Ford Torino rojo brillante de Starsky, mientras que Hutch apunta a los criminales con su .357 Magnum, pero no pienses que será un viaje divertido. Si sus habilidades para conducir y disparar no pueden mantener a la audiencia de televisión al borde de sus sofás, sus índices de audiencia caerán en picado, el programa se cancelará y se terminará el juego. ¿No crees que puedes manejar todas las emociones de alta velocidad tú solo? Encuentra un compañero y déjalos disparar mientras conduces.
Steel Empire (Europe)	En el año 18XX, el Imperio MotorHead invade las naciones vecinas bajo el mando del dictador Sauron, pero Silverhead resiste gracias al arma definitiva: el Imamio Thunder 012X. En este remake del clásico Hot‑B de Mega Drive, debes abrirte paso entre oleadas enemigas con dos naves mejorables de forma independiente, manteniendo el estilo frenético y los diseños retro del original.
Strawberry Shortcake - Ice Cream Island - Riding Camp (Europe) (En,Fr,De,Es,It,Nl,Pt,Da)	Juego de aventura donde acompañas a Charlotte, su hermana Croque Pomme y sus animales Pralinette y Clafoutis. Al final del verano, todos viajan a la Isla del Helado para montar a caballo y disfrutar de actividades en un entorno mágico. Explora la isla, cuida de tu animal y diviértete con tus amigos en esta experiencia pensada para los más pequeños.
Strawberry Shortcake - Summertime Adventure (USA)	En Strawberry Shortcake: Summertime Adventure acompañas a Strawberry mientras prepara sus recetas para el Bake‑Off de Strawberryland. Junto a Apple Dumplin', Orange Blossom, Angel Cake y Ginger Snap, cultivas la mejor baya en dos modos de juego: Jardín y Aventura. Con puzles, power‑ups y semillas especiales, ofrece una experiencia veraniega llena de diversión.
Strawberry Shortcake - Sweet Dreams (USA)	Basado en la película francesa de Strawberry Shortcake, Sweet Dreams permite jugar como Strawberry y amigas como Raspberry Torte, Angel Cake, Ginger Snap e incluso Sleepbug. Entre vuelos, conducción y exploración, deben colaborar para salvar Strawberryland y derrotar al Purple Pieman. El modo My Sweets registra logros y desbloquea imágenes tomadas del filme CGI.
Street Fighter Alpha 3 (USA)	Street Fighter Alpha 3 es un videojuego de peleas 1 vs 1, que seria la tercera parte de la sub-saga alpha a su vez de la saga Street Fighter, cuya línea argumental esta delante del Street Fighter II, pero después de la primera parte (en Japón se le conoce como Street Fighter Zero 3). Incluye prácticamente todos los luchadores de la saga Street Fighter 2 y Alpha, lo que pasa de tener los 18 peleadores de SF Alpha 2 a más de una treintena en este SF Alpha 3. Con respecto a su predecesores posee muchas novedades, una de las más importante es la posibilidad de elegir de estilo de lucha para cada personaje (ISMs de modo A, modo V y modo X), y una refinada jugabilidad. Por cambio mantiene el aspecto de los gráficos al estilo anime mucho más fantasiosos y menos elegantes que la saga original, en especial su contemporáneo Street Fighter III. Fue lanzado en Arcade y en varias consolas, algunas de ellas muy recientes, por lo que demuestra que SF Alpha 3 es un juego con una calidad gráfica muy buena que se mantiene a lo largo de los años. En las versiones para consola tenían diferentes coletillas en el título para poder diferenciarlas
Street Jam Basketball (USA, Europe)	Street Jam es un juego de baloncesto callejero de tres contra tres para Game Boy Advance. Selecciona tu equipo de una lista de 15 equipos y más de 40 personajes diferentes y entra en el mundo del street-ball. Tu objetivo es ganar todos los torneos ilegales que se celebren en varios lugares del centro de la ciudad. Los jugadores individuales difieren en estilo de juego, velocidad, mates especiales y presentación gráfica. Compite en el modo arcade y gana ocho desafiantes partidas contra la CPU o participa en el modo historia. Este último te permite seleccionar tu equipo e intentar subir de rango a través de cinco niveles diferentes, desde el modo principiante hasta el modo violencia, a lo largo de 20 torneos diferentes con secuencias de historias animadas.
Street Racing Syndicate (USA)	Todas las noches, en ciudades como Los Ángeles, Filadelfia y Miami, equipos de sintonizadores importados llevan al límite sus obsesiones por la inyección de nitroso. Ya sea en carreras subterráneas o autorizadas, en la pista o en las calles abiertas de la ciudad, las altas velocidades conllevan altos riesgos. Y prisa seria. En Street Racing Syndicate, elige tus carreras con cuidado. Tu oponente podría tener más bajo el capó de lo que parece. Considere esto como su iniciación en el mundo subterráneo de las carreras callejeras.
Strike Force Hydra (USA)	Formas parte de Strike Force Hydra, una unidad de élite enviada a detener al enemigo. Pilotas una Hovership a través de campos de batalla acuáticos mientras destruyes a las fuerzas rivales y esquivas todo lo que disparan. Acción directa y constante en una misión donde solo la precisión y la potencia de fuego garantizan la victoria.
Stuart Little 2 (USA, Europe)	En el papel de la adorable estrella Stuart, los jugadores corren, esquivan, conducen, montan en monopatín, saltan y vuelan en un juego de aventuras de plataformas lleno de acción. El título sigue el argumento de la película y reta a los jugadores a resolver las desapariciones del nuevo mejor amigo de Stuart, Margalo, y del anillo de boda de la señora Little. Las actividades incluyen competir en niveles de carreras, enfrentarse a enemigos desafiantes, pilotar un avión y montar en globos de helio a través de 10 niveles variados. El juego también permite a los jugadores enfrentarse a Stuart o a Margalo a través del cable Game Link de Game Boy Advance en una desafiante carrera.
Stuntman (USA) (En,Fr,Es)	Interpretas a un doble que tiene la tarea de completar algunas acrobacias difíciles y desafiantes para un director de cine. Hágalo bien y él le pedirá otro proyecto y le pagará a lo grande. Hágalo mal y es hora de un cambio de carrera. Además del modo de creación de películas, las pruebas de precisión te permitirán completar cursos de diferente dificultad, donde tendrás que conducir hacia adelante y hacia atrás, lanzar saltos, esquivar postes y luego estacionar dentro de una zona antes de que acabe el tiempo. En Jump Tests, podrás agarrar letras mientras saltas de las plataformas para atraparlas mientras estás en el aire. También puedes jugar contra un amigo en los distintos modos multijugador para ver quién tiene el mejor control sobre su coche.
Suite Life of Zack & Cody, The - Tipton Caper (USA) (En,Fr)	Basado en la serie de Disney Channel, este juego lleva a los jugadores a una aventura llena de acción con los gemelos de 12 años en el hotel Tipton. Los chicos se embarcan en una misión en la que deben arrastrarse, trepar, saltar, correr y disfrazarse para derrotar a las fuerzas enemigas, hasta que descubren un complot para robar la corona de un concurso de belleza juvenil celebrado en el hotel. Los jugadores controlan a los gemelos por separado o en equipo en misiones divertidas para detener al ladrón y asegurar que la velada sea un éxito sin que los atrapen.
Sum of All Fears, The (USA) (En,Fr,De,Es,It)	La franquicia Rainbow Six regresa con una nueva entrega espectacular firmada por Tom Clancy. Diriges un equipo de tres hombres encargado de rescatar rehenes a lo largo de niveles exigentes, enfrentándote al fuego enemigo y planificando estrategias intensas. Considerado uno de los mejores juegos tácticos en equipo para pantalla portátil, The Sum of All Fears está fuertemente influido por la adaptación cinematográfica protagonizada por Ben Affleck y Morgan Freeman. Tanto si eres fan de la saga como si buscas un buen juego de acción, es una apuesta segura.
Summon Night - Craft Sword Monogatari - Hajimari no Ishi (Japan)	Summon Night Swordcraft Story 3 es un ARPG exclusivo de Japón donde encarnas al aprendiz de Rob y su bestia invocada, V.E. Tras la muerte de Rob a manos de una criatura, V.E. se convierte en tu nueva maestra, lo que provoca rechazo entre otros artesanos. Cuando una bestia ataca el taller y hiere a V.E., conoces a Murno, cuyo guardián era el agresor. Al protegerla, te ves envuelto en un conflicto que amenaza al mundo de Lyndbaum.
Summon Night - Swordcraft Story (USA)	Summon Night: Swordcraft Story es un juego de rol ambientado en el extraño mundo de Lyndbaum, una tierra sagrada vinculada a cuatro dimensiones mágicas desde las que los invocadores pueden invocar espíritus llamados Guardian Beasts para que hagan su voluntad.
Summon Night - Swordcraft Story 2 (USA)	En Summon Night: Swordcraft 2, el jugador es un huérfano del clan Colthearts criado por un Craftknight (un herrero/guerrero). El personaje aspira a ser también un Craftknight. El personaje del jugador, ya sea Edgar Colthearts o Aera Colthearts, que son Edge Fencers, se encuentran en el lugar de una ruina abandonada donde se despierta una violenta Bestia Invocadora llamada Goura. Para proteger a su nueva familia, Edgar/Aera se ata a una Bestia Invocadora salvaje (invocación extraviada) y se embarca en un viaje para volver a sellar las ruinas.
Super Army War (USA)	Pilota helicópteros o cazas en plena guerra, cruzando líneas enemigas para apoyar a las tropas y recuperar territorio. Deberás cubrir con fuego, lanzar misiles contra fortificaciones y desplegar soldados, sin olvidar rescatar a civiles atrapados en el combate. Enfréntate a 16 misiones a través de desiertos helados, selvas y playas fortificadas para demostrar si puedes sobrevivir al frente.
Super Bubble Pop (USA)	Una combinación de Tetris y Bust-A-Move, Super Bubble Pop te pone a los mandos del personaje en la parte inferior del campo de juego, y dispararás bolas de colores al otro lado. A medida que las lances, se apilaran en grupos de seis. Uniendo tres birbujas reventarán y desaparecerán del área y su hay un grupo de seis, las burbujas de en medio formarán un nuevo grupo. El objetivo del juego es eliminar todas las burbujas del campo, pero hay otra forma de completar el juego.Aparecerán objetos durante el juego, y recolectado los suficientes,podrás pasar de nivel sin importar como esté el area de juego
Super Bust-A-Move (USA) (En,Fr,Es)	Super Bust-A-Move nos trae todo la acción del entretenimiento de puzzle de la serie, con la adición de nuevos modos multijugador y mejoras gráficas. El objetivo del juego, cómo en las anteriores entregas de la serie, es remover las numerosas burbujas coloridas de la pantalla del juego. Para hacer eso, en la parte inferior de la pantalla, tu apuntas y disparas las burbujas coloridas desde un disparador, mandando las burbujas arriba en el contenedor. Conecta tres o más juntas del mismo color para limpiarlas de la pantalla. Si eres demasiado lento, la colección de burbujas se mueven hacia abajo de la pantalla en tu dirección, y el juego terminará si alcanza el fondo. El modo clásico nos presenta un número de puzzle de burbujas previamente vistos en la serie Bust-A-Move, mientras qué el modo Normal tiene algunas nuevas variantes en la manera de remover las burbujas. Dos jugadores también pueden competir entre ellos.
Super Collapse! II (USA)	El juego consiste en eliminar grupos de al menos tres bloques iguales; cuanto mayor sea el grupo, más puntos obtienes, y los bloques situados encima caen para llenar el espacio. Bajo la fila inferior aparece una nueva línea que, al completarse, pasa a ser la base y empuja las demás hacia arriba. Si un bloque alcanza la parte superior del tablero, la partida termina. Un desafío de ritmo, estrategia y anticipación.
Super Dodge Ball Advance (USA)	Super Dodge Ball Advance, basado en el clásico de NES, tiene lugar en un futuro no muy lejano cuando el deporte de los preadolescentes se ha convertido en el deporte de los reyes y el orgullo nacional depende de la capacidad del equipo local para triunfar en el deporte número uno del mundo. . Los jugadores eligen un equipo nacional y compiten contra otros ocho países en combates estilo torneo. Puedes aturdir a la competencia con todo tipo de movimientos diferentes, personalizar tu equipo definiendo los atributos de tus jugadores y jugar cara a cara contra la Game Boy Advance de un amigo con el cable de comunicación que se vende por separado.
Super Dropzone - Intergalactic Rescue Mission (USA)	Tu misión es destruir a todos los alienígenas que encuentres, mientras proteges a las diez personas asignadas a cada luna que visites. Sobrevive más allá de las 4 lunas y habrás ganado la recompensa de ser transportado de regreso a la Tierra, a 500 millones de millas de distancia, para recibir la bienvenida de un héroe.
Super Duper Sumos (USA)	Super Duper Sumos es un juego de acción basado en la exitosa serie de Nickelodeon del mismo nombre. Tres luchadores de sumo de 18 años están disponibles: 1. 1. Boomer, el Defensor de la Paz 2. Kimo, el Defensor del Honor, o 3. Mamoo, El Defensor de la Verdad Los tres héroes antiguos viajan al mundo moderno para defender todo lo bueno y derrotar a la malvada Ms. Mister y sus secuaces de Build and Destroy Incorporated. Los tres pueden aumentar su tamaño y utilizar sus poderes especiales para derrotar a sus enemigos. Boomer realiza el Gluteus Maximus, utilizado para aplastar a los enemigos con su trasero; Kimo realiza la Honorable Thunderball, donde corre a toda velocidad antes de rodar sobre sus enemigos; Mamoo utiliza su Sumo Squeeze para exprimir la vida de sus enemigos. Juntos deben utilizar sus antiguos poderes para salvar el mundo.
Super Ghouls'n Ghosts (USA, Europe)	¡Como el intrépido caballero Arthur, estás atrapado en la más peligrosa de las misiones! Se ha lanzado un hechizo sobre el reino. Su bella doncella, la princesa Prin Prin ha sido secuestrada por el malvado emperador. Solo como Arthur podrás recuperarla de las criaturas de los no-muertos que acechan la tierra. Pon a prueba tu coraje y habilidad hasta el límite. Debes continuar la búsqueda. En tu viaje te espera tu arma más poderosa ... ¡MAGIA!
Super Hornet FA 18F (USA, Europe)	En F-18 Super Hornet, los jugadores volarán por el cielo en más de 19 misiones terrestres y marítimas diferentes en ciudades iraquíes reales, para defender la coalición y derrotar a las fuerzas insurgentes con una variedad de armamento de gran potencia.
Super Mario Advance (USA, Europe)	Super Mario Advance es la adaptación para GBA de Super Mario Bros 2 lanzada en NES. Este episodio marca un punto de inflexión en la serie, ya que presenta la posibilidad de elegir su personaje. Encarna al famoso tándem de plomeros de bigote, la princesa Peach o su compañero Toad en una aventura mágica. Debes salvar a los habitantes del mundo de los sueños de las garras de la verruga ignorante, el tirano batracio. Esta versión ofrece como bonificación una versión renovada del juego Mario Bros.
Super Mario Advance 2 - Super Mario World (USA, Australia)	Bowser y los Koopalings han tomado el control de Dinosaur Island, pero Mario y Luigi están listos para recuperar la paz. Acompañados por Yoshi, deberán recorrer niveles llenos de desafíos, activar P-Switches, descubrir rutas secretas y usar habilidades como la Capa para planear y las bolas de fuego para enfrentar enemigos. El juego trae de vuelta los 96 niveles del clásico de Super Nintendo, ahora con mejoras en Game Boy Advance. Luigi se une como personaje jugable, con un salto más alto y un estilo de juego único que brinda nuevas estrategias para superar los obstáculos. Además, incluye un modo multijugador inspirado en Mario Bros. arcade, donde hasta cuatro jugadores pueden competir conectando sus consolas. Ya sea en solitario o con amigos, esta versión ofrece la experiencia definitiva de Super Mario World en un formato portátil.
Super Mario Advance 3 - Yoshi's Island (USA)	Da una vuelta por la isla de Yoshi. Cuidar a un recién nacido llorón es tan divertido como un resfriado en la cabeza el primer día de vacaciones de verano. Pero cuando Baby Mario cae del cielo, los Yoshis aprovechan la oportunidad para hacer mucho más que cambiar pañales. Yoshis, de gran corazón, promete reunir al bebé Mario con su hermano gemelo en el otro extremo de la isla. No será fácil, pero los Yoshis están decididos a enfrentarse a un Magikoopa entrometido y a todo su elenco de subordinados solapados. El brillante diseñador de juegos Shigeru Miyamoto ha llenado las junglas, cuevas y picos nevados de la isla con una sorprendente sorpresa tras otra. Salas ocultas, pasadizos secretos, encantadores minijuegos, jefes dementes y nuevos amigos esperan tu descubrimiento. Claro, Yoshi se ve lindo, pero tiene una potencia de fuego bastante sorprendente. Puede saltar, flotar, pisotear, golpear el suelo y sorber a los enemigos. Lo mejor de todo es que puede lanzar huevos. Diablos, Mario incluso llega a presto-chango en el superrápido Superstar Mario, mientras que Yoshi se transforma en un submarino de juguete que dispara pequeños torpedos.
Super Mario Advance 4 - Super Mario Bros. 3 (USA)	Ponte el peto de Mario o Luigi y ponte a saltar, botar, deslizarte, volar o nadar a través de ocho gigantescos mundos. ¿Que cuál es la misión? Vencer a Bowser y a sus gamberros amigos, que esta vez han convertido a los reyes locales en animales.
Super Monkey Ball Jr. (USA)	Basado en la serie Gamecube del mismo nombre, Super Monkey Ball Jr. te permite controlar las arenas de estilo 3D, cada una con un grado variable de dificultad y objetivos. Tu pequeño mono, dentro de una bola, confía en tu movimiento de la arena para llegar a los objetivos requeridos (recolectar objetos, llegar a la meta dentro de un cierto límite de tiempo, etc.). Además de la experiencia de rompecabezas para un solo jugador (que incluye más de 60 arenas), hasta cuatro personas pueden jugar una colección de minijuegos (que debes desbloquear en el juego para un solo jugador). Juegue a los bolos de mono (también conocidos como bolos de diez bolos), a la pelea de monos (saque la bola de mono de los otros 3 jugadores de la arena circular) o un desafío de mini golf de 18 hoyos.
Super Puzzle Fighter II (USA)	El juego de puzzle de Capcom, ambientado en el universo de Street Fighter, llega a Game Boy Advanced. Aclamado como uno de los mejores juegos de rompecabezas de todos los tiempos, Super Puzzle Fighter está repleto de una feroz competición, personajes de tamaño reducido y una locura sin límites. Apila cuidadosamente las gemas de colores que caen en combinaciones estratégicas. Cuando sea el momento adecuado, utiliza una gema explosiva para destrozar tus bloques. Observa cómo tu personaje ejecuta un movimiento combinado y hace llover una andanada de gemas contrarias sobre tu oponente. Sé el primero en llenar la pantalla del otro con gemas y K.O. al otro jugador. Cuenta con ocho personajes de las franquicias Dark Stalkers y Street Fighter, incluidos Ryu, Ken y Chun-Li.
Super Robot Taisen - Original Generation (USA)	Son doscientos años después del comienzo de la &quot;Era Espacial&quot;, un período de tiempo en el que la civilización comenzó a expandirse hacia el espacio. Sin embargo, a principios del siglo XXI, dos meteoros golpearon y destruyeron gran parte de la Tierra, enviando a la humanidad al caos. Para el año 179 de la Era Espacial, el Gobierno Federal de la Tierra descubrió una tecnología secreta, denominada Extra-Over Technology, o EOT, dentro de un tercer meteorito que había golpeado la Tierra en las Islas Marquesas en el Pacífico Sur. El Dr. Bian Zoldark, mientras investigaba el meteoro, también descubrió que los creadores de la tecnología Extra-Over se dirigían a la Tierra para recuperarlo. Para defender la tierra, el gobierno comienza a desarrollar un grupo de mechas humanoides, conocidos como Personal Troopers.
Super Robot Taisen - Original Generation 2 (USA)	¡La batalla continúa! La paz se instala lentamente en el planeta Tierra después de una guerra brutal contra la armada alienígena. Sin embargo, el mundo no puede descansar por mucho tiempo, ya que surgen nuevas fuerzas que amenazan con poner a la Tierra de rodillas una vez más. Usa toda la astucia y la habilidad táctica que tienes para comandar a los mejores y más brillantes pilotos mecánicos que el mundo haya visto jamás para salvar a la humanidad de enemigos empeñados en dominar la raza humana o, peor aún, aniquilar su existencia.
Super Street Fighter II Turbo - Revival (USA)	La obra maestra intemporal de Street Fighter de Capcom conquista el sistema Game Boy Advance. Elige entre más de 16 peleadores del universo de Street Fighter y ejecuta movimientos especiales y súper combos para causar estragos en tu oponente y convertirte en el mejor luchador callejero del mundo. La animación ultrarrápida, los gráficos increíbles y el juego característico de Capcom hacen de Super Street Fighter II Turbo el juego de lucha más respetado de todos los tiempos.
Superman - Countdown to Apokolips (USA)	Lois Lane ha sido secuestrada y solo Superman puede salvarla. Agentes del planeta Apokolips llegan a Metrópolis para humillar al Hombre de Acero, aliándose con el mafioso Bruno Mannheim y armando a Intergang con tecnología capaz de dañarlo. Mientras Superman combate a la banda, Kalibak rapta a Lois y Livewire escapa de prisión buscando venganza. Sin descanso para el Último Hijo de Krypton, comienza la cuenta atrás hacia Apokolips.
Superman Returns - Fortress of Solitude (USA, Europe) (En,Fr,De,Es,It)	Inspirado en la película de Warner Bros. y en más de sesenta años de historia de DC Comics, este juego te pone en la piel de Superman mientras perfecciona sus increíbles poderes: vuelo, visión de rayos X, visión calorífica, superoído, superfuerza, supervelocidad y superaliento. Con estas habilidades, el Hombre de Acero se enfrenta a villanos que solo él puede derrotar.
Surf's Up (USA) (En,Fr,Es)	Locos por el surf es un juego de surf basado en la película del mismo nombre. La versión para Game Boy Advance incluye cinco personajes jugables (dos disponibles desde el inicio), cinco zonas con entre uno y tres niveles cada una y dos modos principales: Campeonato y Minijuegos. Una adaptación sencilla que recoge el espíritu competitivo y desenfadado del filme.
Sword of Mana (USA, Australia)	Sword of Mana cuenta la historia de dos compañeros poco probables, un ex-prisionero en busca de venganza y la última chica conocida de la tribu Mana. Los dos se unen, a pesar de sus diferencias, por una razón muy importante: son los únicos que pueden salvar el árbol de Mana. Basado en la serie Mana y en el título clásico de Game Boy, Final Fantasy Adventures, puedes tomar el control de ambos personajes (o unirte a otro jugador en cooperación) y luchar en tiempo real utilizando hechizos, armas y muchos más objetos.
Sylvanian Families - Fashion Designer ni Naritai! - Kurumi-risu no Onnanoko (Japan)	Quinto episodio de la franquicia Sylvanian Family para Game Boy y Game Boy Advance, una pequeña ardilla peluda se convierte en la elegida que debe salvar Sylvania Valley de un gran mal... ¡pero ella solo quiere diseñar ropa bonita!
Sylvanian Families 4 - Meguru Kisetsu no Tapestry (Japan)	Sylvanian Families 4 es la continuación de los juegos originales lanzados para Game Boy y Game Boy Color, y sigue basándose en la popular línea de juguetes del fabricante japonés Epoch. En este juego de rol no violento y apto para toda la familia, deberás asegurar la prosperidad de los tuyos cuidando de tu hogar y educando a tus hijos.
Tactics Ogre - The Knight of Lodis (USA)	Asuma el papel de Alphonse, un caballero de Galicia, enviado en una misión para investigar las intenciones del sospechoso gobierno del Sacro Imperio de Lodis y resolver el misterio de Ovis. En el camino, experimentarás muchas pruebas y tribulaciones, pero debes sobrevivir a las batallas implacables y cultivar las habilidades de tus personajes para revelar tu verdadero destino.
Tak - The Great Juju Challenge (USA, Europe)	Tak, el chamán favorito de todos, vuelve en otra aventura de plataformas ambientada en su místico mundo tribal donde la magia (juju) funciona de verdad. Un innovador estilo de juego cooperativo para dos jugadores combina rompecabezas únicos, estrategias basadas en el tiempo y un robusto sistema de combate que requiere que los jugadores derroten a extravagantes competidores para recibir la mayor recompensa que jamás haya dado el gran Jujus.
Tak 2 - The Staff of Dreams (USA)	Este juego es la segunda entrega de la franquicia Tak y el Poder de Juju, de Nickelodeon, que comenzó como serie de videojuegos antes de convertirse en una serie animada de la cadena. La historia del juego sigue a Tak, un aprendiz de chamán que debe viajar al mundo de los sueños para rescatar a una princesa y salvar el mundo utilizando el místico artefacto conocido como el Bastón de los Sueños.
Tak and the Power of Juju (USA)	En Tak y el Poder Juju se narra una lucha entre el bien y el mal en un antiguo mundo tribal donde la magia es real. Tak, un aprendiz de chamán, debe recuperar las piedras de luna robadas por el malvado Talaloc para salvar la luna Juju y restaurar su poder. Para lograrlo, tendrá que superar sus límites y usar su ingenio, el entorno y la ayuda de los dioses Juju para derrotar a Talaloc.
Tales of Phantasia (USA, Australia)	En &quot;Tales of Phantasia&quot;, interpretas a un niño llamado Cless, que vive junto a sus padres en un pueblo tranquilo. Fue un día como todos los demás cuando Cless decidió ir a cazar con su mejor amigo Chester. Persiguiendo a un jabalí, Cless descubrió un extraño árbol parlante en el bosque que le estaba pidiendo ayuda. Pero tan pronto como dejó de hablar, los dos amigos escucharon el sonido de una alarma. Regresaron al pueblo y lo encontraron quemado, y todos sus habitantes asesinados. Antes de que la madre de Cless muriera en sus brazos, ella le dijo que esta terrible masacre tenía algo que ver con el colgante que ella y su esposo le dieron a Cless por su cumpleaños ... ¿qué conexión podría haber? ¡Cless decide visitar a su tío que vive en otra ciudad, pero no se da cuenta de que su viaje lo llevará a lugares mucho más remotos que eso!
Tales of the World - Narikiri Dungeon 2 (Japan)	Tales of the World: Narikiri Dungeon 2 es un RPG para Game Boy Advance lanzado en 2002. Sigue a los gemelos Frio y Kyaro, transportados a un mundo misterioso donde deben adoptar distintos roles “Narikiri” (disfraces) para combatir enemigos y descubrir el origen de unas alteraciones dimensionales. El juego reúne personajes de la saga Tales of, como Phantasia, Destiny y Eternia, ofreciendo una aventura crossover con héroes conocidos y nuevos aliados.
Tales of the World - Narikiri Dungeon 3 (Japan)	Frio y Kyaro, dos adolescentes, aman las leyendas de Tales y leen sobre ellas todos los días antes de irse a dormir. Después de un terremoto, el Dr. Brown encuentra una antigua máquina de viaje en el tiempo en las ruinas. Con esto, pueden ir a ver las leyendas de Tales. Se van a dormir y se preparan para mañana. Antes de irse a dormir, Frio volvió a leer una leyenda de Tales. Pero éste terminó de manera extraña: el héroe llega demasiado tarde y el mundo está destruido. Cuando Frio y Kyaro se despiertan, descubren que han robado la máquina. No mucho después de que se enteren, aparece un nuevo color de la máquina. El único que lo embarcó fue el Dr. White, el Dr. Brown de 100 días en el futuro cuyo cabello se había vuelto blanco por el estrés extremo. Hay ladrones que están arruinando la línea de tiempo de las leyendas de Tales y hay que detenerlos. El Dr. White ahora necesita a Frio y Kyaro para ayudar a detener a los ladrones y trae consigo la ayuda de los héroes de Tales of Symphonia, Destiny y Eternia.
Tales of the World - Summoner's Lineage (Japan)	Tales of the World: Summoner's Lineage para Gameboy Advance es una obra secundaria en la serie de juegos de rol de Namco. Ambientada en el mundo de Tales of Phantasia, presenta a Fulein K. Lester, invocador descendiente de Klarth. Orientado a la estrategia, el título propone un sistema de combate en forma de tablero en el que el jugador debe organizar sus distintas unidades previamente invocadas.
Tang Tang (USA)	En el año 3025, los pacíficos planetas de The Associated Nexus of Galaxies (TANG) son amenazados por hordas de invasores empeñados en saquear los recursos naturales de los Cristales de Energía. Sus ataques son rápidos y precisos; los planetas están casi completamente sobrepasados por estos salvajes alienígenas. La TANG, ahora acorralada, inicia su última linea de defensa. Ellos invocan cuatro super dimensionales héroes cyborg. Llamados Tangibles por su habilidad de evocar bloques sólidos de la nada, estos valientes soldados usarán su astucia, rápidos reflejos y sus Power Bolts para recuperar los Cristales de Energía y hacer retroceder a la avanzada armada.
Tarzan - Return to the Jungle (USA, Europe)	En Tarzan: Return to the Jungle para Game Boy Advance disfrutas de un juego de acción y plataformas con 4 mundos, cada uno con 5 fases repletas de desafíos. Controlas a Tarzán en distintas etapas de su vida mientras recorres entornos coloridos y exóticos que capturan la esencia de la selva.
Taxi 3 (France)	Taxi 3 se basa en la película con el mismo título escrita por Luc Besson, dirigida por Gerard Krawczyk.El jugador asume el papel del personaje principal de la película: Daniel, un taxista que tiene un coche personalizado dominado. : en una persecución
Teen Titans (USA) (En,Fr)	Basado en la serie animada y de los comics de DC, este juego te da la oportunidad de ser cualquiera de los héroes de los Teen Titans y de intercambiarte en tiempo real entre Robin, Starfire, Chico Bestia, Cyborg y Raven, para así hacer uso de cada una de las movidas y habilidades únicas de cada héroe. Los principales villanos Slade, Overload, Jynx, Gizmo y Mammoth estarán merodeando por la ciudad plagada de crímenes y causando caos a los superhéroes adolescentes.
Teen Titans 2 (USA) (En,Fr)	¡La Hermandad del Mal ha vuelto para vengarse! Tomando a los Titanes por sorpresa, el Cerebro secuestra a los cinco superhéroes adolescentes y los toma como sus prisioneros. Cuando Robin logra escapar, regresa a la Titan Tower para formular un plan para rescatar a los otros Titanes y detener la caída de Jump City.
Teenage Mutant Ninja Turtles (USA)	Los héroes en medio caparazón están de vuelta en una aventura completamente nueva. Las cuatro tortugas se han dividido para combatir a los muchos malos que rodean la ciudad. Cada tortuga (Leonardo, Miguel Ángel, Rafael y Donatello) tiene su propio conjunto de niveles para completar, con sus propios movimientos distintos y opciones de combate para usar durante la batalla. Junto con un conjunto de niveles de desplazamiento lateral, completo con batallas de jefes al final del nivel, las cuatro tortugas también tendrán la oportunidad de correr por las alcantarillas en los modos de carrera únicos en tercera persona, derribando al enemigo o recogiendo artículos, mientras Donatello toma al cielo en Shell Glider y Raphael desafía a Casey Jones a una carrera ciclista uno a uno.
Teenage Mutant Ninja Turtles 2 - Battle Nexus (USA)	Teenage Mutant Ninja Turtles 2: Battle Nexus es un videojuego de lucha lanzado en 2004 por Konami. El juego está basado en la serie de TV de 2003. El juego ofrece gráficos cel shading, capacidad para 4 jugadores y tiene el clásico juego arcade de Teenage Mutant Ninja Turtles como desbloqueable. Leonardo, Donatello, Raphael, y Michelangelo son jugables desde el principio, mientras que Karai, Slashuur, Splinter, y Casey Jones pueden ser desbloqueados. La trama del videojuego se basa en la película de mismo nombre, Teenage Mutant Ninja Turtles: Battle Nexus, emitida en televisión en 2004.
Teenage Mutant Ninja Turtles Double Pack (USA) (En,Fr,De,Es,It)	Este pack reúne Teenage Mutant Ninja Turtles y Teenage Mutant Ninja Turtles 2: Battle Nexus, protagonizados por Leonardo, Michelangelo, Donatello y Raphael. Recorres las calles de Nueva York, exploras las alcantarillas y trepas por los tejados en una carrera contrarreloj para detener a Shredder y a sus temibles ninjas del Clan del Pie.
Tekken Advance (USA)	Tekken Advance es un juego de lucha lanzado para Game Boy Advance. Este no está dentro de la trama de Tekken, puesto que no sigue la historia y está basado solamente en Tekken 3. Con diez personajes jugables, múltiples modos de juego y con soporte de cable de enlace para dos jugadores, Tekken Advance es un port del juego de lucha arcade original. Encontrarás a todos tus luchadores favoritos, incluidos Jin Kazama, Paul Phoenix, Forest Law y Gun Jack, así como Hwoarang, King, Ling Xiaoyu, Nina Williams, Heihachi y Yoshimitsu. Esta versión de Tekken solo está disponible en Game Boy Advance.
Ten Pin Alley 2 (USA)	Juego de bolos que ofrece dos opciones: practicar con hasta tres jugadores en la misma consola o competir en un torneo contra tres rivales controlados por la CPU. Puedes elegir entre ocho personajes y cuatro pistas. La mecánica usa cuatro variantes: colocación, puntería, potencia y efecto del lanzamiento. Publicado en un cartucho de 32 megabits para Game Boy Advance, está basado en el juego para teléfonos móviles del mismo nombre.
Tennis Masters Series 2003 (Europe) (En,Fr,De,Es,It,Pt)	¿Estás listo para enfrentarte a los mejores tenistas del mundo? Domina el estilo de uno de los 67 jugadores seleccionables y compite en partidos individuales, dobles y torneos. En el juego están representados los nueve Master Series incluyendo Miami, Roma y París. Con las cuatro clases de golpes (smash, globo, dejada o liftado) puedes crear hasta 60 combinaciones diferentes.
Tennis no Ouji-sama 2003 - Cool Blue (Japan)	Otro juego adaptando la franquicia de Prince of Tennis, con partidos de tenis reales y estadísticas de jugadores. Esta es la versión Cool Blue, que permite intercambiar personajes y estadísticas con la versión Passion Red.
Tennis no Ouji-sama 2003 - Passion Red (Japan)	Otro juego adaptando la franquicia de Prince of Tennis, con partidos de tenis reales y estadísticas de jugadores. Esta es la versión Passion Red, que permite intercambiar personajes y estadísticas con la versión Cool Blue.
Terminator 3 - Rise of the Machines (USA)	Eres el arma definitiva en Terminator 3: Rise of the Machines. Diez años después de que John Connor ayudara a salvar a la humanidad de la aniquilación, lo inevitable ha ocurrido: las fuerzas mecanizadas de Tech-Com se han levantado y la guerra entre humanos y máquinas ha comenzado. Como el Terminator, debes usar combate cuerpo a cuerpo o un gran arsenal de armas para proteger a Connor, el futuro héroe de la humanidad. El juego te sumerge en el mundo de la película, entrelazando la historia con su trama.
Tetris Worlds (USA)	Es Tetris como todos lo recordamos. Deje caer bloques de diferentes formas en el recipiente y ajústelos para formar una línea horizontal, y la línea desaparece. Su trabajo es continuar el mayor tiempo posible limpiando el contenedor de bloques. Esta será la primera vez en un sistema Game Boy que 4 jugadores pueden jugar Tetris multijugador, que es muy similar al Tetris original, solo que cuando borras una línea de bloques, las líneas aparecen en la pantalla de otro jugador.
Texas Hold 'em Poker (USA)	El paquete completo de Texas Hold 'Em: la nueva versión portátil de Majesco ofrece tanto una experiencia para un solo jugador como un Modo Carrera, en el que los jugadores compiten por el campeonato nacional de Texas Hold 'Em en Las Vegas.En Texas Hold 'Em Poker, los jugadores se juegan “all in” mientras compiten contra hasta 10 jugadores controlados por la computadora. Mediante un cable de enlace, también pueden desafiar a cuatro amigos en el juego de póker más exigente de la Game Boy Advance.Con modalidades como 5/10 Limit, 25/50 Limit, Pot Limit y No Limit, Texas Hold 'Em ofrece opción para un solo jugador o un Modo Torneo, donde los jugadores se enfrentan a hasta 10 oponentes controlados por la computadora.La función de guardado por contraseña permite a los jugadores conservar su capital para futuras partidas.
That's So Raven (USA)	That's So Raven te permite controlar a Raven mientras usa sus premoniciones para evitar desastres en cuatro aventuras de desplazamiento lateral. Basado en episodios de la serie, incluye a Cory, Chelsea, Eddie, Loca, Alana y otros personajes. Puedes vestir a Raven con distintos atuendos y explorar los pasillos del instituto, el Pizza Palace, el Carnaval y la peluquería My Lady, usando acción, exploración y sigilo para cumplir tus objetivos.
That's So Raven 2 - Supernatural Style (USA) (En,Fr)	Los fans pueden ponerse en la piel de Raven, la excéntrica protagonista con la habilidad psíquica de ver el futuro y meterse en líos disparatados. Acompañada por Chelsea, Devon, Eddie, Cory y su padre, deberá superar más de 20 niveles en seis entornos distintos. Camino al desfile de moda de la temporada, vive divertidas peripecias que la llevan del instituto al centro comercial, el zoo, una convención de ciencia ficción y un concierto. En cada lugar recoge accesorios, usa sus visiones para resolver puzles y mejora sus dotes de paparazzi.
Three Stooges, The (USA)	Estrellas de la televisión y el cine, y ahora protagonistas de su propio videojuego. Únase a Moe, Larry & Curly (sin ningún orden en particular) que deben recolectar $ 5000 para tratar de salvar un orfanato y los niños pequeños que viven allí del malvado banquero, todo mientras se mantienen alejados del pastel. Con diseños de nivel de plataforma basados en escenas clásicas de Stooge de sus muchos episodios de televisión y películas, y objetivos de nivel que reviven muchas de sus payasadas, además de voces originales de Stooge y trivialidades de Stooge.
Three-in-One Pack - Connect Four + Perfection + Trouble (USA)	Connect 4: el clásico juego de cuatro en línea. Deja caer fichas para alinear cuatro seguidas mientras bloqueas a tu rival, ya sea en horizontal, vertical o diagonal. Trouble: el juego de carrera y persecución en el que haces saltar tus piezas por el tablero, enviando las del oponente de vuelta a casa mientras intentas llevar todas las tuyas a la meta. Perfection: encaja las 25 piezas en sus huecos antes de que pasen 60 segundos o saltarán todas. La versión para Game Boy Advance conserva toda la emoción del clásico de Hasbro.
Three-in-One Pack - Risk + Battleship + Clue (USA)	Compilación de tres juegos de mesa en Game Boy Advance: Risk, Battleship (Batalla Naval) y Clue (Cluedo). Cada título adapta las reglas clásicas a la consola portátil, ofreciendo partidas rápidas y accesibles en cualquier momento.
Three-in-One Pack - Sorry! + Aggravation + Scrabble Junior (USA)	Compilación de tres juegos de mesa en Game Boy Advance: Sorry! (similar al parchís), Aggravation y Scrabble Junior. Cada título adapta sus reglas clásicas a la consola portátil, ofreciendo partidas rápidas y accesibles para jugadores jóvenes y familias.
Thunder Alley (USA)	Thunder Alley es un juego de carreras para Game Boy Advance donde el jugador toma el control de los stock cars. El juego se juega desde una perspectiva en tercera persona y utiliza el motor de trazado de rayos de Sennari Interactive del Conductor 2. El elenco del juego son todos personajes de la serie de juegos de bolos Tin Pin Alley. El juego presenta dos modos de juego: Practice Race, que es solo el jugador que corre como lo desea, y Tournament Race, donde el jugador compite contra conductores controlados por AI. A lo largo de las pistas del juego, el jugador se encontrará con potenciadores que aumentan la velocidad del automóvil del jugador y los obstáculos que lo obstaculizan, como por ejemplo el aceite que hace que el automóvil gire. Hay cuatro pistas diferentes en el juego, cada una con su propio diseño y apariencia, aunque la diferencia entre ellas es muy pequeña.
Thunderbirds (USA, Europe)	Basado en la película de 2004, Thunderbirds sigue a Alan, Tin-Tin y Fermat, tres niños que deben rescatar al equipo International Rescue del villano The Hood. La aventura transcurre en la isla de la organización, África y el espacio. Cada personaje tiene habilidades únicas para resolver puzles: fuerza y salto, poderes telequinéticos o hackeo. Además de la vista cenital, incluye secuencias de vuelo con los vehículos Thunderbirds.
Thunderbirds - International Rescue (Europe)	Jeff Tracy, con la ayuda de sus cinco hijos, dirige las actividades de International Rescue, una organización que utiliza vehículos técnicamente avanzados llamados Thunderbirds en escapadas que desafían a la muerte por todo el mundo para salvar a los necesitados. Toma el control de uno de los 8 vehículos posibles para completar las misiones que te sean asignadas. Las misiones incluyen destruir radares enemigos, rescatar civiles, etc.
Tiger Woods PGA Tour 2004 (USA, Europe)	Tiger Woods está de regreso para otra ronda de golf en la edición de 2004 de la &quot;serie de golf profesional más vendida&quot;. La mayor adición a esta versión es el Game Face de EA, que te permite personalizar todo. Tienes lo básico, como cabello, piel, vello facial y otras apariencias generales, pero el Game Face te permite personalizar todos los demás aspectos, desde la forma de los dientes, logotipos, tatuajes, diademas, sombreros y más. También puedes cambiar la masa corporal individual, el tono muscular, la sección media, los brazos y las piernas. También tienes la opción de elegir animaciones específicas de estilo swing, animaciones posteriores al putt y de celebración, y animaciones &quot;cabreado&quot; para cuando consigas un triple bogey.
Tiger Woods PGA Tour Golf (USA, Europe)	Es una Version compacta de un gran y noble juego de Golf, el jugador toma el control de Tiger o de otros famosos golfistas. El jugador debe estar atento al swing y de no caer en uno de los muchos bunkers, de no dar un tiro con poca potencia, corto o fuera del camino. El juego es un simulador de golf preciso y frustrante como el juego real.
Tim Burton's The Nightmare Before Christmas - The Pumpkin King (USA, Europe) (En,Fr,De,Es,It)	Para consternación de Jack Skellington y los ciudadanos de Halloween Town, insectos inusuales han comenzado a infestar su municipio. En la raíz de esta creciente invasión de insectos se encuentra Oogie Boogie, un ex rey de las fiestas que está decidido a hacerse cargo de Halloween. Con la ayuda de sus amigos Sally, el alcalde y el Dr. Finklestein, Jack y su amigo de confianza Zero se embarcan en una búsqueda para librar a la ciudad de insectos y evitar que Oogie Boogie lleve a cabo su malvado plan. Como Jack, debes luchar contra los espeluznantes secuaces de Oogie usando un arsenal de diferentes armas y navegar a través de trampas explosivas, laberintos y rompecabezas.
Tiny Toon Adventures - Scary Dreams (USA)	En Tiny Toon Adventures: Buster's Bad Dream te unes a los personajes clásicos de la serie en una aventura llena de acción. Recorre cuatro escenarios (Acme Forest, Haunted Mansion, Space Station y una zona sorpresa) y colabora con otros personajes para derrotar a Elmyra, Montana Max y más. Con numerosos personajes, áreas ocultas y un sistema de equipo que permite encadenar ataques, se convierte en uno de los títulos destacados de Game Boy Advance.
Tiny Toon Adventures - Wacky Stackers (USA)	¿Qué sucede cuando tomas los juegos de rompecabezas clásicos y agregas algunos de los personajes más adorables de la historia de los dibujos animados? Obtienes un juego indudablemente asombroso. Buster Bunny, Plucky Duck y el resto del equipo de TINY TOONS están listos para divertirse y tú estás en el asiento del conductor. La premisa básica de este título original y adictivo es organizar pares de huevos de colores, dejándolos caer en la pantalla para crear combinaciones. Por supuesto, existen numerosos obstáculos y posibles detractores para hacer las cosas más difíciles (ovnis, demonios de Tasmania), y el tiempo nunca está de tu lado. Hay muchos personajes de la serie animada para la aventura, incluidos Hampton J. Pig y Fifi La Fume, y cada uno está preparado para una batalla estilo rompecabezas. Se pueden conectar hasta cuatro jugadores para ver quién tiene los reflejos más rápidos, y hay muchos modos para un solo jugador para mantenerte ocupado también. Si eres un fan de TINY TOONS, este es imprescindible. Si no eres un fanático, deberías serlo.
Tir et But - Edition Champions du Monde (France)	Tir et But: Édition Champion du Monde adapta el juego de dados de fútbol de Michel Bouchet. Simula partidos en los que los jugadores lanzan dados para atacar o defender. Las combinaciones se forman con tres dados azules, mientras que un dado blanco añade riesgo y los dados verde y rojo sirven para la defensa. Inspirado en los dados de póker, exige gestionar el riesgo y permite realizar distintos tiros, además de incluir faltas y penalizaciones.
Titeuf - Mega Compet (France)	Titeuf: Mega Compet es un juego de fiesta, desarrollado por Eden Games y publicado por Atari, en PlayStation 2 y Windows, y más tarde en Game Boy Advance. El juego presenta a los protagonistas del cómic Titeuf del autor Zep. Es el tercer juego de la franquicia Titeuf, el último es &quot;Titeuf: Ze Gag Machine&quot; lanzado en GBA en 2002.
Titeuf - Ze Gag Machine (France)	Titeuf: Ze Gag Machine es un juego de acción basado en la serie de cómics de Titeuf. Los jugadores controlan a Titeuf mientras intenta engañar a la gente de su entorno. El modo desafío consiste en una serie de niveles con objetos específicos. En cada uno de ellos, Titeuf corre por un entorno como la escuela o un patio de recreo. Puede recoger objetos como plátanos, petardos, latas que explotan, coches de juguete, etc. Necesita lanzarlos a las personas del entorno para asustarlas o hacerlas resbalar. Los oponentes tienen tres estados de alerta: azul, amarillo y rojo. El azul significa que es seguro lanzar el objeto, el amarillo significa que es visto y el rojo hace que persigan a Titeuf.
TMNT (USA) (En,Fr,Es)	TMNT te permite explorar el universo de las famosas tortugas controlándolas una a una para conocer mejor su historia y sus aventuras. Cada una posee un poder distinto que facilita avanzar por los niveles, lo que aporta variedad al juego y anima a aprovechar las habilidades únicas de Leonardo, Donatello, Michelangelo y Raphael en cada situación.
TOCA World Touring Cars (Europe)	Carreras globales Hardcore. Piensa globalmente, piensa en la gloria, piensa TOCA World Touring Cars. Desde Bathurst hasta Buenos Aires, gira por el mundo y toma a todos en los desafíos de carreras más auténticos e inimaginables. Con un garage llenos de automóviles de alto rendimiento, pistas reales y gráficos deslumbrantes, TOCA World Touring Cars está en la clase mundial por si mismo. Nos presenta automóviles licenciados por BMW, Ford, Subaru, Mitsubishi, TVR, Volvo, Lancia, Peugeot, y otro. Basado en el juego de PlayStation.
Tokyo Xtreme Racer Advance (USA)	Adaptación para Game Boy Advance de la serie japonesa Tokyo Xtreme Racing. Incluye más de 16 coches únicos, cada uno con varias opciones de tuning. Los jugadores pueden personalizar rendimiento y estilo, explorar zonas urbanas y desafiar a otros pilotos. Se compite en Tokio, Londres y Los Ángeles, a lo largo de seis circuitos, con más de 60 rivales distintos por vencer.
Tom and Jerry - The Magic Ring (USA) (En,Fr,De,Es,It)	Jerry se ha quedado con un anillo mágico atascado en la cabeza y debe quitárselo antes de que Tom lo haga por la fuerza. Puedes jugar como Tom o Jerry en un juego de correr y pelear, usando distintas armas y recreando el humor clásico de los dibujos. Corre, esquiva y lucha mientras intentas mantener el anillo a salvo y superar a tu eterno rival.
Tom and Jerry in Infurnal Escape (USA)	Tom vuelve a meterse en un buen lío. Tras ser aplastado por un piano, aparece en el Inframundo, hirviendo en el caldero del temible Mephi‑Spikele. Para recuperar su buen karma y regresar a la vida normal, debe completar las misiones que le asigna un emisario celestial. Si fracasa, le espera el tridente. El juego combina humor clásico y desafíos de plataformas mientras Tom lucha por escapar de su destino.
Tom and Jerry Tales (USA) (En,Fr,Es)	Tom and Jerry Tales en GBA es un juego de plataformas en el que encontrarás al famoso gato y ratón. Tu objetivo es evitar las trampas colocadas por toda la casa por tu enemigo felino y así crear el máximo daño. Depende de ti desarrollar las peores estrategias y ponerlas en práctica para salir del bosque y arruinar los planes de tu oponente.
Tom Clancy's Rainbow Six - Rogue Spear (USA) (En,Fr,De,Es,It)	Rainbow Six: Rogue Spear en Game Boy Advance te pone en la piel de un miembro de la unidad antiterrorista Rainbow. Incluye una veintena de misiones en las que debes dar órdenes a tu equipo y cumplir objetivos tácticos. El modo multijugador ofrece más de diez escenarios, tanto en solitario competitivo como en cooperación, manteniendo el enfoque estratégico propio de la serie.
Tom Clancy's Splinter Cell (USA) (En,Fr,Es)	Eres Sam Fisher, el mejor agente de una unidad secreta de la NSA y el último recurso del gobierno contra el terrorismo. Debes infiltrarte en zonas de sombra y luz, forzar a los enemigos a cooperar o usarlos como escudo humano. Tu arsenal y tu equipo proceden de la tecnología más avanzada, lo que te permite afrontar misiones donde la discreción y la precisión son esenciales.
Tom Clancy's Splinter Cell - Pandora Tomorrow (USA) (En,Fr,Es)	Splinter Cell: Pandora Tomorrow es un juego de infiltración para Game Boy Advance. Encarnas al agente Sam Fisher, que sigue la pista de un grupo terrorista para descubrir los secretos de la operación Pandora Tomorrow. Debes moverte entre las sombras para sorprender a los enemigos y evitar ser detectado. Los numerosos gadgets de Fisher le serán de gran ayuda a lo largo de los 9 niveles del juego.
Tonka - On the Job (USA)	Tonka On the Job es un pequeño juego de simulación que permite a los jugadores construir y utilizar vehículos basados en la franquicia estadounidense Tonka de camiones de juguete. Camiones típicos como Mighty Dump, Mighty Front Loader, Toughest Mighty, Mighty Cement Mixer, Mighty Crane y otros se usan en distintos escenarios para construir cimientos, excavar canales, retirar árboles y más.
Tony Hawk's American Sk8land (USA)	La incorporación la portátil de Nintendo de la última moda de patinaje de Tony Hawk (American Wasteland) proporciona una experiencia completamente diferente, especialmente en términos de presentación visual. Dejando a un lado el realismo, Sk8land con su estilo Cell-Shading, donde la misma mecánica de juego de patinar por cada parque completando objetivos y desafíos es tan adictiva como siempre. Los jugadores de Nintendo DS también llevarán a Sk8land en línea a través del modo wi-fi, junto con controles de pantalla táctil. Los jugadores de GBA tampoco se quedan atrás, con un modo de creación de un parque actualizado y modos de patinador y multijugador para arrancar.
Tony Hawk's Downhill Jam (USA)	El Downhill Jam de Tony Hawk ofrece una experiencia de skate totalmente única centrada en las carreras cara a cara. El juego permite a los jugadores sentir la velocidad vertiginosa de la competencia cuesta abajo mientras recorren los terrenos más empinados del mundo mientras realizan trucos y superan a sus oponentes en lugares como San Francisco, Machu Picchu y Hong Kong. Asumiendo el papel de Tony Hawk o uno de los nueve personajes, los jugadores compiten en desafíos basados en el tiempo en uno de los tres modos de juego, que incluyen carrera, truco y slalom.
Tony Hawk's Pro Skater 2 (USA, Europe)	La serie de patinaje Tony Hawk hace su debut en Game Boy Advance con esta adaptación del segundo juego Pro Skater. La jugabilidad es similar al juego de consola original. Los niveles se han adaptado de la versión de consola para la perspectiva isométrica bidimensional; uno incluso está tomado del original Tony Hawk's Pro Skater. En el modo Carrera, elige uno de los 13 patinadores profesionales y, en cada nivel, completa varios objetivos como recolectar objetos, realizar trucos especiales y, por supuesto, romper puntajes altos al realizar trucos y combos. Completar los objetivos gana dinero que desbloquea nuevos niveles y puede gastarse en nuevos tableros, trucos y mejorar las estadísticas de su patinador. En los niveles de competencia, no patinas por dinero, sino que compites por una medalla. En los modos Free Skate y Single Session, se pueden practicar niveles desbloqueados y se pueden establecer nuevas puntuaciones altas.
Tony Hawk's Pro Skater 3 (USA, Europe)	Tony Hawk regresa con una alineación completamente nueva de patinadores, una alineación completamente nueva de parques para atravesar y un nivel completamente nuevo de gráficos. La alineación de ciclistas callejeros y vert incluye a Elissa Steamer, Jamie Thomas, Steve Caballero, Rune Glifberg, Geoff Rowley, Andrew Reynolds, Rodney Mullen, Eric Koston, Chad Muska, Bucky Lasek y Bam Margera de MTV's Jackass (y Tony Hawk, por supuesto). Vuelve el modo Crear un patinador, lo que permite niveles aún mayores de opciones para tu personaje, como agregar gafas y tatuajes para cambiar el color de las rodilleras y coderas o incluso el cabello.
Tony Hawk's Pro Skater 4 (USA, Europe)	La característica principal de este juego es su modo carrera rediseñado. Al comenzar un nivel, tienes todo el tiempo del mundo para patinar, realizar trucos, tener una idea del nivel, sin la molestia de ningún objetivo o límite de tiempo. Cuando esté listo para intentar un gol, simplemente busque un patinador profesional, hable con él y luego reciba el gol, similar a Dave Mirra Freestyle BMX. Los objetivos son similares a los juegos anteriores, como recoger SKATE, obtener una cierta cantidad de puntos, transferir sobre esto y moler eso. Sin embargo, hay nuevos objetivos, como recoger la palabra COMBO mientras se hace un gran combo. Pierde un truco y el gol falla Una vez que se logran todos los objetivos regulares, puede intentar el Pro Goal, que es específico para cada patinador y es extremadamente difícil. Los niveles se han ampliado y son enormes. Algunos de los niveles incluyen un campus universitario, un astillero y el infame complejo carcelario Alcatraz.
Tony Hawk's Underground (USA, Europe)	Al igual que en las primeras entregas de Tony Hawk skateboarding en Game Boy Advance, Tony Hawk´s Underground adapta este título a las posibilidades de nuestra portátil usando gráficos isométricos y personajes poligonales. El modo de juego principal es el Modo historia, aunque podrás disfrutar de más modos de juegos para que no pare la diversión. Esta vez es tu propio viaje. Rompe las reglas, explora todas tus posibilidades. Conviértete en una estrella.
Tony Hawk's Underground 2 (USA, Europe)	Tony Hawk's Underground 2 se basa en los juegos de consola del mismo nombre. Al igual que los lanzamientos anteriores de GBA de la serie, es una representación isométrica de los niveles de la consola combinados con caracteres poligonales. Contiene un modo historia, en el que creas un skater novato y lo llevas a una gira mundial con profesionales para mejorar sus habilidades y ganar premios; y un modo clásico, en el que debes lograr varios objetivos, como sacar objetos u obtener una puntuación alta en dos minutos. Los cambios en esta iteración incluyen eliminar el temporizador de la mayoría de los objetivos en el modo historia, lo que le permite tener varios movimientos activos a la vez y nuevos movimientos como el giro de nata, la rabieta, que le permite recuperarse de una fianza sin perder todo, concentrarse, donde pueda tiempo lento para conseguir el mejor truco y pegar bofetadas.
Top Gear GT Championship (USA)	Top Gear GT Championship, conocido en Japón como Zen Nihon GT Senshuken, es un videojuego de carreras desarrollado y publicado por Kemco para la Game Boy Advance y lanzado en 2001. El juego fue un título de lanzamiento en Japón y Europa​ para la Game Boy Advance, y fue el primer juego en la serie Top Gear para Game Boy Advance.
Top Gear Rally (USA)	Corre a través de 10 circuitos, cada uno más duro que el anterior y con un terreno diferente, en un intento de vencer a los otros 7 corredores de rally en la pista. Elija su coche de rally y realice los cambios necesarios para competir con los demás pilotos. Puede guardar una copia de su fantasma para competir contra, o competir contra un amigo usando el cable de enlace. También puede cargar sus mejores tiempos para cada pista en Internet, utilizando el sistema de Clasificación mundial. Al ingresar la contraseña que se le proporciona después de cada carrera, puede ingresarla en el sitio y compararla con otros conductores de todo el mundo.
Top Gun - Combat Zones (USA) (En,Fr,De,Es,It)	Top Gun: Combat Zones es un videojuego de simulación de vuelo desarrollado por Digital Integration y publicado por Titus Software para PlayStation 2 en 2001. El juego fue portado a GameCube el año siguiente y en 2003 se lanzó una versión para PC en Europa, luego en 2004, se lanzó una versión de Game Boy Advance en América del Norte. Está basado en la película Top Gun y fue el último juego desarrollado por Digital Integration.
Top Gun - Firestorm Advance (USA, Europe) (En,Fr,De,Es,It)	Top Gun Firestorm es un shoot 'em up en el que controlamos a un avión de las fuerzas armadas de élite de los Estados Unidos. Si tenemos éxito, nos iremos ganando el puesto en este grupo de &quot;Top Guns&quot;.
Top Spin 2 (USA) (En,Fr,De,Es,It)	Dirígete a la cancha y compite contra algunos de los nombres más importantes del tenis con TOP SPIN 2 de 2K Sports para Game Boy Advance. El juego contiene un juego de tenis emocionante, varios modos diferentes y mucha diversión. El modo carrera, el modo principal del juego, hace que los jugadores creen un personaje masculino o femenino desde cero utilizando el modo de personalización bastante profundo del juego. Una vez que se crea y se nombra a su jugador, los jugadores pasan a la cancha. Primero vienen varias rondas de entrenamiento con el entrenador, quien les enseñará a los jugadores todo lo que necesitan saber sobre cómo controlar su carácter, servir y devolver la pelota en TOP SPIN 2. Sin embargo, cada lección cuesta dinero, por lo que los jugadores deberán ingresar rápidamente un nivel bajo.
Total Soccer 2002 (Europe) (En,Fr,De,Es,It,Nl)	Lleva a tu equipo a lo más alto de la temporada de fútbol con Total Soccer 2002. Pon a prueba tu control del balón: entradas, cabezazos, regates, pases y tiros con un realismo impresionante. Participa en las grandes competiciones de las ligas europeas con jugadores reales, incluidas las ligas inglesa, italiana, francesa, española, alemana, neerlandesa y 38 selecciones nacionales. Disputa partidos de clubes europeos o de Copa del Mundo, o personaliza tu propia liga, copa o amistoso. También incluye un modo para dos jugadores que permite desafiar a un amigo mediante el cable Link de la GBA.
Total Soccer Manager (Europe) (En,Fr,De,Es,It,Nl)	Además te contar con un motor gráfico totalmente nuevo, cambios y características revolucionarias han sido incorporadas en Alex Ferguson's Player Manager 2001 para mejorar el sistema de menú, mejorar la respuesta y accesibilidad de las opciones dentro del juego y ofrecer un experiencia totalmente realista de esa acumulación de tensión para llegar al siguiente encuentro. Nuevas capturas de movimiento de jugadores, nuevos modelos de jugadores, dinámicas y ambiente de los estadios entregarán un representación realista de las tácticas ya que cada partido se juega en tiempo real, mientras que las estadísticas después del juego mejoradas te darán guía rápida del desempeño. Todas estás características innovadoras tienen como toque final el visto bueno y evaluación al final de temporada como gerente de jugador realizada dentro del juego por el mismísimo Ferguson.
Totally Spies! (USA)	Sam, Alex y Clover son mejores amigas y chicas normales de colegio superior. Ellas van al colegio, se ríen de los chicos, y más que nada, ellas aman ir de compras. Pero cuándo, un día, ellas son reclutadas por WOOHP, la &quot;World Organization of Human Protection&quot; para ser agentes secretas y convertirse en Totally Spies!. Juega 16 niveles en cinco diferentes historias. Usa los gadgets super cool para derrotar a los chicos malos.
Totally Spies! 2 - Undercover (USA) (En,Fr)	Después de una exitosa primera incursión en los videojuegos, Totally Spies! Vuelve en la segunda entrega para los fanáticos de la serie. Los jugadores vuelven a controlar a los tres agentes secretos del programa de televisión: Sam, Alex y Clover. Los personajes son enviados a misiones ultrasecretas y luchan contra el ingenio y la fuerza contra villanos internacionales de todo el mundo.
Tower SP, The (USA)	Una adaptación mejorada de The Tower, más conocido como SimTower, para la Game Boy Advance. Construye tu torre, instala oficinas y tiendas, y no te olvides de los ascensores. La versión para Game Boy Advance es casi idéntica a la de PC/Mac, pero tiene algunas mejoras, como la posibilidad de limpiar manualmente los baños y un extenso tutorial.
Treasure Planet (USA)	Prepárate para una aventura épica llena de piratas sedientos de sangre y tesoros enterrados. Treasure Planet lleva la historia de La isla del tesoro de Robert Louis Stevenson no solo a la actualidad, sino al futuro, donde la nave espacial Legacy es tomada por piratas amotinados liderados por el cyborg John Silver. Asumes el papel de Jim, que practica solar‑surf y ejecuta movimientos de acción con la ayuda de Morph, capaz de transformarse en distintos objetos. Emprende un viaje a través de 10 niveles, minijuegos y combates contra jefes mientras disfrutas de ilustraciones originales, material del desarrollo del juego y clips de la película.
Trick Star (Europe) (En,Fr,De,Es,It)	¡Da una vuelta en una bicicleta de una rueda en el mundo futurista de Trick Star! Elige entre cuatro pilotos emergentes y compite en las ligas Ibex, Glyder y Kotsu para convertirte en el campeón definitivo. Trick Star es un juego de carreras futurista en el que los corredores montan elegantes bicicletas de una rueda. Los jugadores corren a lo largo de la pista, con el objetivo no solo de ser los primeros, sino también de realizar acrobacias para impresionar a la multitud.
Tringo (USA)	Tringo combina elementos de juegos de puzzles y de bingo en un desafiante rompecabezas mental. Los jugadores comienzan con un tablero vacío en el que deben colocar 35 piezas que aparecen una a una durante turnos cronometrados. Se obtienen puntos al encajar las piezas para formar bloques sólidos y eliminarlos del tablero. Hay que moverse rápido pero con cuidado, ya que las piezas mal colocadas hacen perder puntos.
Trollz - Hair Affair! (USA)	Trollz: Hair Affair! es una recopilación de minijuegos basada en la serie de televisión animada producida por DIC Entertainment Corporation. Cuenta con cinco &quot;trollz&quot; adolescentes: Amethyst, Ruby, Sapphire, Topaz y Onyx, que se ayudan en su vida diaria en la escuela secundaria con la ayuda de su magia. Cada personaje está vinculado a un minijuego diferente: Topaz tiene &quot;Watch the Hair&quot;, en el que se encoge y trepa por el cabello de sus amigos para desenredar los nudos mientras esquiva frizzies y Snarf; Sapphire tiene Smarty Trollz, un juego de combinación de memoria; Ruby tiene Trollz Dance, un juego de ritmo; Amethyst tiene Flying Spell, un desplazamiento lateral aéreo que también implica disparar a los enemigos mientras gestiona la energía del skoot; y Onyx tiene Spell Beadz, un clon de Puzzle Bobble. Cada minijuego también cuenta con potenciadores coleccionables, y cada uno hace algo diferente según el juego.
Tron 2.0 - Killer App (USA)	Desarrollado para Game Boy Advance por Digital Eclipse, los jugadores pueden asumir el papel de los guerreros digitales Tron o Mercurio, cada uno con su propia historia, armas y modos de juego, mientras luchan contra El Corruptor, un malvado programa informático que intenta crear el virus definitivo. Basado en la clásica película de Disney, el juego cuenta con más de 30 niveles de acción, que incluyen acción digital isométrica en tercera persona, combate con vehículos en primera persona y carreras de bicicletas ligeras. Dirige la acción a lo largo de una docena de mapas en los modos de batalla Ciclo de Luz, Tanque y Reconocedor; ya sea en solitario o con hasta cuatro jugadores en el modo multijugador. Recoge 100 fichas de mejora para personalizar a los personajes y desbloquear secretos. Pon a prueba tus habilidades en 6 desafiantes juegos de bonificación, como Firewall, DeFrag y Security, y juega a los juegos arcade originales de TRON, Tron: The Arcade Game y Discs of Tron, para disfrutar de la experiencia retro definitiva.
Turbo Turtle Adventure (USA)	Turbo Turtle Adventure es un juego de aventura de rompecabezas similar a Marble Madness, donde conduces a una tortuga rodante a través de diferentes plataformas laberínticas desde una perspectiva cenital. Hay siete niveles diferentes en total como una jungla, un volcán y una estación espacial.
Turok - Evolution (USA)	El juego comienza con el vidente, Tarkeen, que explica la historia de las Tierras Perdidas que, durante años, habían sido disputadas por señores de la guerra tiránicos. En la tierra durante el viejo oeste, Tal'Set se enfrenta a su enemigo, el Capitán Bruckner y logra cortarle el brazo, pero ambos son succionados por un agujero de gusano. Tal'Set casi muere y la gente de River Village, que lo encontró, pide a Tarkeen que lo cure. Tarkeen luego les ordena que le traigan a Tal'Set. Es enviado a la jungla y mata a las facciones enemigas, enemigos parecidos a lagartos conocidos como Sleg, que están cerca de la Aldea. Tal'Set se conecta con Genn, un piloto del Village, que lo guiará hasta el vidente. En el camino, usa el pterosaurio para desalojar al Sleg de la jungla y destruir su nave aérea.
Tweety and the Magic Gems (USA)	¡Piolín ha sido maldecido! Un encuentro con un mal mojo deja al pajarito favorito de todos en peligro de convertirse en piedra. La única manera de romper la maldición es que los amigos de Piolín encuentren cinco Gemas Mágicas dispersas por todo el mundo.
Ty the Tasmanian Tiger 2 - Bush Rescue (USA, Europe) (En,Fr,De)	La versión de Game Boy Advance de Ty the Tasmanian Tiger 2: Bush Rescue es esencialmente una versión en 2D del diseño de la consola 3D. El título de GBA sigue la estructura de la historia exacta del juego de plataformas de consola, hasta las pantallas fijas extraídas de las escenas animadas. En cuanto a la jugabilidad, Ty 2 es un juego de plataformas tradicional que pone gran énfasis en la acción boomerang. Los jugadores controlan a Ty a través de enormes niveles que recorren todo el mapa; arriba, abajo, izquierda, derecha... y cada ubicación y situación en la computadora de mano se basa específicamente en la misma ubicación y situación en la consola. Los gráficos de sprites de Ty y sus amigos se han renderizado a partir de los recursos 3D del hermano mayor de la consola para mantener una sensación consistente en todo el diseño del juego. Hay elementos que son originales del juego GBA.
Ty the Tasmanian Tiger 3 - Night of the Quinkan (USA)	Ty the Tasmanian Tiger 3 para GBA es un juego de aventura con toques de plataformas. Utiliza una gran variedad de armas, como el bumerán, para recorrer los niveles, combatir enemigos y encontrarte con numerosos personajes secundarios muy simpáticos. Enfréntate al nuevo Mal que se alza ante nuestro héroe peludo.
Ultimate Arcade Games (USA)	&quot;ultimate Arcade Games&quot; contiene una colección de 12 juegos arcade inspirados en una variedad de juegos clasicos. Cada juego utiliza un modo de juego basados en los juegos arcade clasicos, los cuales se expanden para una nueva generación de jugadores. El juego incluye: Asteroid Mine; BeeKeeper; ChipBot; FlipSide; Galaxy Hero; Highway 51; Milk Run; Omega Force; Rubes Cubes; Treasure Hunter. Al jugar cada juego, el jugador gana monedas, que se utilizan en la tienda para comprar juegos y desafíos adicionales. Hay 120 desafíos disponibles para probar las habilidades del jugador y más de 340 medallas para ganar. Hay un tablero de puntuación alta para cada juego, y los jugadores pueden ver estadísticas detalladas sobre el tiempo jugado, los juegos jugados, las medallas ganadas y el porcentaje de finalización general.
Ultimate Beach Soccer (USA)	Pro Beach Soccer es el primer juego centrado en el fútbol-playa, disputado por equipos de cinco y sobre arena. Incluye 32 selecciones (algunas con sus estrellas reales) y seis equipos especiales por desbloquear en tres modos de juego ambientados en Bangkok, Río, Marsella o Venice Beach. Su jugabilidad arcade usa controles simples y destaca el “Estado de Gracia”: al encadenar filigranas y marcar goles, una barra se llena y potencia al máximo a tu equipo, permitiendo correr y atacar con mayor velocidad.
Ultimate Brain Games (USA, Europe)	Ultimate Brain Games reúne ocho juegos clásicos como Batalla Naval, Mahjong, Backgammon, Ajedrez, Damas, Reversi, Dominó y Conecta 4. Primero creas tu personaje modificando nueve aspectos y luego eliges entre jugar solo o en multijugador. Cada juego respeta sus reglas originales y ofrece partidas fieles a los clásicos.
Ultimate Card Games (USA, Europe)	Esta completa colección de juegos de cartas para Game Boy Advance ofrece modos para uno o varios jugadores, reglas en pantalla y demostraciones. Incluye opciones para cambiar fondos, música y dorsos, además de un generador de caras para personalizar tu avatar. Reúne juegos de casino, clásicos y numerosos solitarios como Klondike, FreeCell, Pyramid o Spiderette, entre muchos otros.
Ultimate Muscle - The Kinnikuman Legacy - The Path of the Superhero (USA)	El mundo de la lucha nunca volverá a ser igual, porque ha llegado un nuevo héroe a la ciudad: ¡Kid Muscle! Su llegada accidental a la Tierra coincide con la humillante derrota de los legendarios Campeones de la Muscle League ante el D.M.P., una nueva raza de supervillanos luchadores. La Muscle League recluta al hijo de King Muscle y entrena a una nueva generación de héroes para enfrentarse al D.M.P. y salvar el planeta.
Ultimate Puzzle Games (USA)	Ultimate Puzzle Games forma parte de la serie Telegames Ultimate y reúne 1001 desafíos. Incluye crucigramas, kriss‑kross, number jig, sopas de letras, backwords, codebreakers, cryptics, diamonds y más. Todos los juegos mantienen sus reglas originales y ofrecen una amplia variedad de rompecabezas para resolver en cualquier momento.
Ultimate Spider-Man (USA)	ULTIMATE SPIDER-MAN es el tercer juego SPIDER-MAN de Activision y el primero basado en los cómics en lugar de las nuevas películas. El juego GBA pone a los jugadores en control del Spider-Man que se lanza en la web mientras lucha contra Venom y otros enemigos mientras recibe ayuda de algunos superhéroes familiares. La historia de Spider-Man comienza cuando una araña radioactiva muerde a Peter Parker, de 15 años. Pronto se da cuenta de que tiene la capacidad de escalar paredes y sentir cosas. Poco después de ser mordido, Peter y su amigo Eddie Brock descubren un misterioso traje negro que sus padres crearon antes de su muerte.
Ultimate Winter Games (USA)	Ultimate Winter Games ofrece cuatro pruebas de estilo olímpico: esquí alpino, snowboard, bobsleigh y curling. El esquí, el snowboard y el bobsleigh usan un motor 3D para dar una sensación realista; en esquí compites por el mejor tiempo, en snowboard haces acrobacias para puntuar y en bobsleigh debes mantener la trayectoria ideal. El curling funciona como un bowling sobre hielo. Incluye 10 circuitos por prueba y modo para dos jugadores.
Unfabulous (USA)	Unfabulous, basado en la popular serie de Nickelodeon protagonizada por Emma Roberts, permite jugar como Addie Singer en los agitados pasillos de Rocky Road Middle School mientras intenta evitar volverse popular. Los jugadores avanzan por niveles inspirados en los eventos del programa y se encuentran con los amigos de Addie, su familia y sus amores secretos.
Uno - Free Fall (USA)	El famoso juego de cartas regresa en un nuevo formato para Game Boy Advance. UNO Freefall ofrece una versión renovada del clásico, con seis fondos animados temáticos que aportan dinamismo y ritmo a las partidas. Puedes desafiarte en cuatro modos distintos o enfrentarte a la CPU en los modos Classic, Flippy, Perfect Match o Timed, disfrutando de una experiencia rápida y llena de acción.
Uno 52 (USA)	El clásico juego de cartas Uno llega a GBA y ofrece varios modos de juego para disfrutar partidas rápidas y competitivas en cualquier momento.
Urban Yeti! (USA, Europe)	Urban Yeti es una aventura de plataformas de 2.5 D de desplazamiento suave, y podría muy bien ser el juego más extraño que hayas jugado. Puedes abrirte camino a través de 4 etapas de la ciudad retorcidas, o intentar evitar que te detecten todos juntos. De cualquier manera, la IA humana se adaptará a medida que avances: cuanto más contacto tengas, más agresivos se volverán. Incluso hay algunos minijuegos únicos para agregar a la emoción: Yeti Frisbee, administrar el restaurante local &quot;Yeti Kingdom Of Eats&quot; y pescar aves de corral para ofrecer a tu futuro compañero. ¡Incluso puedes flotar por un río de alcantarillado lento o divertirte en un tubo gigante! Logra el objetivo final y muestra al mundo qué tipo de Bigfoot eres en realidad.
Urbz, The - Sims in the City (USA, Europe) (En,Fr,De,Es,It,Nl)	En esta cuasi secuela de Los Sims: Bustin' Out, el jugador se encuentra en la gran ciudad de Miniopolis. Comenzando como un humilde limpiador de ventanas, el jugador rápidamente se ve envuelto en un tortuoso complot del codicioso magnate Daddy Bigbucks para apoderarse de la ciudad. La historia es mucho más fuerte esta vez, con el jugador explorando tres coloridos entornos urbanos, incluido el SimQuarter con influencia de Nueva Orleans, el brillante distrito de Glasstown, la arenosa Urbania e incluso un pantano embrujado habitado por dos espeluznantes hermanos cajún. Además de la jugabilidad tradicional de Los Sims de satisfacer motivos, hacer amigos y decorar un apartamento, el jugador puede experimentar ocho minijuegos de trabajo, un sistema &quot;xizzle&quot; que permite a los jugadores aprender habilidades especiales y varios vehículos nuevos, incluyendo una motocicleta, un hoverboard, y fanático. Combina todo eso con un loco sentido del humor y obtendrás The Urbz: Sims in the City.
V-Rally 3 (USA) (En,Fr,Es)	El juego cuenta con seis campos de regata (Finlandia, Portugal, Inglaterra, Francia, Kenia y Alemania), con cuatro pistas cada uno. Las pistas se pueden también corrieron revertido, lo que hace que la cantidad total de pistas 48. Cuando una pista de carreras invierte, las condiciones climáticas de la pista pueden cambiar. Cada área tiene su superficie principal y para tener éxito en el juego, el jugador tiene que manejar a todos. La superficie dominante en el juego es de grava, y es la superficie principal en las áreas de Finlandia, Inglaterra y África. Francia y Alemania tienen asfalto como su superficie y Suecia es la única manifestación corrió sobre la nieve. En el modo de carrera cada área hace su propio mitin por 5 pistas escogidas al azar de la posible 8.
V.I.P. (Europe) (En,Fr,De,Es,It,Nl)	La supermodelo Pamela Anderson tiene otra oportunidad de de ser el centro de atención en este videojuego basado en su exitosa serie de televisión, este juego está lleno de acción, humor y estrategia que te mantendrán enganchado, desde luego, abran supermodelos (si te gusta ese tipo de cosas). El personaje de Anderson, Vallery, es la estrella del juego y tu tendrás que ayudar a la rubia pechugona a través de 30 enormes niveles llenos de emoción. Vallery es una guardespaldas y hay una gran cantidad de clientes importantes que necesitarán de sus servicios. Tendrás que usar artes marciales, armas de alta tecnología y algunas de las habilidades de Vallery a disposición para derrotar a los chicos malos. mantén a tu clientela feliz y asegúrate de que el mundo es un lugar seguro para todos.
Van Helsing (USA)	En lo profundo de la misteriosa tierra de Transilvania, toman forma los monstruos que habitan las pesadillas más profundas del hombre. El destino y la maldición de un hombre es vencer al mal y destruir al letal y poderoso Conde Drácula. Desciende a las oscuras profundidades de los Cárpatos como el legendario cazador de monstruos Van Helsing. Como Van Helsing, lucharás contra Drácula, el monstruo de Frankenstein, el hombre lobo y otras criaturas diabólicas con una variedad de armas mortales y habilidades especiales.
VeggieTales - LarryBoy and the Bad Apple (USA)	El juego de acción y aventuras presenta a LarryBoy, el popular pepino de lucha contra el crimen con cabeza de émbolo que aparece en varios de los videos más vendidos, en su búsqueda para salvar a los ciudadanos de Bumblyburg de la tentación. Cuando surgen problemas, los ciudadanos de Bumblyburg llaman al luchador contra el crimen de fama mundial LarryBoy. Ayudado solo por su mayordomo de confianza Alfred (interpretado con entusiasmo por Archibald Asparagus), LarryBoy es todo lo que su alter ego Larry the Cucumber no es: audaz ... confiado ... implacablemente impulsado ... ¡descaradamente heroico! Bueno, en realidad, eso no es del todo cierto. Mientras intenta crear esta impresión, por dentro, LarryBoy sigue siendo el viejo Larry. LarryBoy intenta salvar el día con el uso inteligente de sus orejas de súper succión y las muchas características de Larry-Mobile. ¡Llámalo un superhéroe más amable, gentil y un poco más lento!
Virtua Tennis (USA)	Elige entre un jugador masculino o femenino (o crea el tuyo propio) y emprende la gira mundial, compitiendo en varios torneos en tierra batida, pista dura, hierba o bajo techo. Juega contra algunos de los mejores jugadores del mundo, tanto en individuales como en dobles, o compite contra tus amigos en dobles de 4 jugadores. Los minijuegos ponen a prueba tus habilidades y mejoran la sincronización de tus tiros. Los juegos van desde Burger Chef (apunta a la cuadrícula para decidir qué viene después en la hamburguesa), Disc Shooter (similar a Othello) y Bull's Eye, donde apuntas al centro del objetivo. Tu personaje creado también mejorará dependiendo de tu éxito en cada minijuego, y sus estadísticas aumentarán con el tiempo.
Virtual Kasparov (USA) (En,Fr,De,Es,It)	Virtual Kasparov es un juego de ajedrez con 31 oponentes de diferente dificultad a los que enfrentarse en un modo historia. La victoria sobre este grupo multicultural de ajedrecistas te llevará al mismísimo Garry Kasparov. Se incluyen varios estilos de tableros junto con varios tableros en 3D. El modo multijugador es compatible con el cable de enlace o con un solo sistema.
W.i.t.c.h. (Europe) (En,Fr,De,Es,It)	Basado en el exitoso cómic y en su serie de televisión, Witch se presenta ante nosotros como un plataformas con grandes dosis de aventura y sobre todo magia, mucha magia. ¿Quedarás encantado por este juego?
Wade Hixton's Counter Punch (USA, Europe)	El estilo no lineal del juego te deja con todas las opciones. Usted elegirá contra quién pelear, en quién confiar para tomar las decisiones comerciales correctas y en quién debe gastar su dinero duramente ganado para comprar su ayuda en un momento de crisis en el ring. La vida de Wade y su coche están en tus manos enguantadas.
Wakeboarding Unleashed Featuring Shaun Murray (USA)	Wakeboarding es la nueva incorporación a la línea Activision de títulos de deportes extremos. Un rider (usando una tabla que es como una combinación de tabla de surf, bodyboard y patineta) es arrastrado por el agua con una cuerda a altas velocidades por el bote en la parte delantera, y debe realizar trucos ya sea saltando o usando la estela dejado por el propio barco (de ahí el nombre deportivo). Unleashed toma este deporte y lo pone patas arriba, lo que te permite volar por vías fluviales a través de lugares conocidos de todo el mundo, haciendo acrobacias en edificios o acantilados. Se incluyen otros objetivos que te permiten completar tareas y reventar trucos de una manera única.
Wario Land 4 (USA, Europe)	En este juego, Wario tiene que reunir cuatro tesoros para desbloquear una pirámide dorada y salvar a la Princesa Shokora de la enloquecida Golden Diva. Además ya no es invencible como en sus dos anteriores entregas, sino que gracias a los ataques u objetos del entorno puede cambiar entre varios estados como &quot;quemado&quot;, &quot;aplastado&quot; o &quot;zombie&quot; que le permiten usar distintas habilidades para avanzar en cada nivel.
WarioWare - Twisted! (USA, Australia)	Wario Ware Twisted! es el tercer juego de la saga y el segundo en salir en Game Boy Advance. Este juego, al igual que su predecesor, se basa en más de 200 minijuegos de menos de 5 segundos, pero a diferencia de los anteriores, éste se juega de una manera distinta: es necesario girar la Game Boy Advance para completar los retos que se te presentan a lo largo del juego y solo en alguno que otro apretar un botón. Esto se logra gracias a un sensor de movimiento que contiene el cartucho, que funciona a base de mercurio, por lo que no llegó a salir en Europa, ya que la ley prohíbe que menores de edad estén cerca de este elemento. Sin embargo, éste fue lanzando al continente americano y en Japón sin inconvenientes.
WarioWare, Inc. - Mega Microgame$! (USA)	Estando un día en casa, Wario enciende el televisor para ver un reportaje especial sobre la crecida de las ventas de videojuegos debido a juegos populares como &quot;Pyoro&quot; (juego mostrado por el reportero). Tras ver el reportaje y pensarlo durante unos segundos, Wario se da cuenta que los videojuegos pueden ser un tema muy productivo y que puede conseguir grandes sumas de dinero con ellos, convirtiéndose en su mina de oro particular. Wario enseguida se da prisa en salir a comprar un ordenador portátil e inmediatamente comienza a trabajar. Él empieza diseñando diversos juegos pero pronto se da cuenta de que es un trabajo duro, por lo que llama a sus amigos para que vayan y hagan los juegos por él. De esta forma, WarioWare, Inc. ha sido formada, teniendo a Wario como presidente de la compañía.
Whac-A-Mole (USA)	Esta es una adaptación del juego arcade Whac-A-Mole, para los dispositivos portátiles de Nintendo. En la pantalla tienes una cuadrícula de agujeros de 5x4 (3x3 en la versión GBA). Cuando comienza el juego, los topos asoman la cabeza al azar en los agujeros. Ahora tienes que golpearlos antes de que desaparezcan de nuevo. Los usuarios de DS usarán el lápiz óptico y tocarán los lunares, mientras que los usuarios de GBA tendrán que usar el teclado direccional para mover un marcador por la pantalla. El juego viene con tres modos de juego diferentes. El primero es el modo arcade, donde para cada nivel tienes que alcanzar una cierta cantidad de puntos antes de que se acabe el tiempo. Aparecerán diferentes tipos de lunares. Además del topo estándar, está el topo dorado que da cuatro veces más puntos que el estándar, y el de peluche que da menos puntos. Más adelante en el juego, también encontrarás topos que atacan tu puntaje, por ejemplo, topos ninja y bazooka. Varios potenciadores también están disponibles. Tenemos los multiplicadores, que una vez activos te darán el doble de puntos por cada mol, relojes que ralentizan el tiempo y bombas que hacen lo contrario. Hay siete mundos disponibles, cada uno con su propio tema gráfico.
Who Wants to Be a Millionaire (Europe)	El presentador Chris Tarrant plantea las preguntas en esta versión británica de la exitosa serie de videojuegos. Incluye todas las líneas de vida clásicas (50/50, pregúntale a la audiencia, llama a un amigo), modos de juego multijugador y cientos de preguntas desafiantes.
Who Wants to Be a Millionaire - 2nd Edition (Europe)	Revive en tu consola portátil todos los elementos del programa de televisión. Las preguntas aumentan de dificultad poco a poco, aunque siempre podrás apoyarte en los tres comodines para ayudarte a avanzar.
Who Wants to Be a Millionaire Junior (Europe)	Versión “Junior” de &quot;Quién quiere ser millonario&quot;, adaptada del concurso televisivo para un público más joven y con preguntas adecuadas a su edad, manteniendo el formato clásico del juego.
Wild Thornberrys Movie, The (USA, Europe)	Acompaña a la familia Thornberry en un viaje lleno de giros inesperados. Desde las calles de Londres hasta las llanuras de África, Eliza lo arriesga todo (incluso su don de hablar con los animales) para afrontar el mayor desafío de su vida.
Wild Thornberrys, The - Chimp Chase (USA, Europe)	En The Wild Thornberrys: Chimp Chase, Darwin ha sido secuestrado y Eliza y su familia deben recorrer el mundo para encontrarlo. Esta aventura de desplazamiento lateral incluye 12 niveles exóticos ambientados en África, Sudamérica, Australia y el Círculo Polar Ártico. Puedes jugar como varios miembros de la familia Thornberry (Eliza, Darwin, Debbie y Donnie) e interactuar con numerosos animales como leones, monos, jirafas y rinocerontes mientras avanzas por plataformas llenas de acción.
Wild, The (USA, Europe) (En,Fr,De,Es)	El juego The Wild está basado en la película animada de Disney del mismo título. Lanzado exclusivamente en Game Boy Advance, su objetivo es rescatar a Ryan, el león, que primero escapó del zoológico en dirección a la verdadera naturaleza salvaje para aprender el rugido típico del león, y luego fue capturado por Kazar, el rey de los ñus, que tiene la intención de sacrificar a Ryan para cambiar la cadena alimentaria. Puedes interpretar a Samson, el padre de Ryan, o Benny la ardilla, cada uno con características diferentes. Para jugar los 19 episodios del modo historia, el jugador primero debe realizar ciertas tareas dentro de las misiones en solitario. El juego es un juego de plataformas de desplazamiento lateral destinado a entretener a los niños y contiene una memoria basada en baterías para tres archivos.
Wilden Fussball-Kerle, Die - Entscheidung im Teufelstopf (Germany)	Hoy debía celebrarse la gran tanda de penaltis contra las feroces Bestias, el partido de los partidos. Todos estaban en plena forma y los tiros eran perfectos, pero justo antes del inicio Leon aparece solo en el Caldero del Diablo: sin Marlon, solo unos calcetines gastados. Algo huele muy mal. Leon comprende que Big Michi quiere arruinar su victoria; si los amigos no compiten todos, perderán sin luchar. Ahora te toca a ti: acompaña a Leon y supera juegos emocionantes para salvar al equipo, con jugabilidad variada, nueve niveles con distintos estilos gráficos, cuatro minijuegos y un nivel extra salvaje.
Wilden Fussball-Kerle, Die - Gefahr im Wilde Kerle Land (Germany)	Los Salvajes están atrapados: Big Michi y su banda han rodeado el Caldero del Diablo. Armados y en superioridad numérica, mantienen el asedio. ¿Rendirse? Jamás. Resisten como pueden, pero el sol aprieta y las provisiones se agotan: el hambre empieza a vencer. Es hora de actuar. Tipp‑Kick‑Hacktrick: Leon logra escapar, aunque Michi lo persigue y el peligro acecha en cada rincón. Ahora entras tú en escena: libera el Caldero del Diablo, reúne comida, armas y munición. El desenlace depende de ti: sé salvaje y lanza a la banda hasta la luna.
Wing Commander - Prophecy (USA)	Una simulación de combate espacial con una historia épica, Wing Commander Prophecy cuenta con un memorable y diverso elenco de personajes que vivirán o morirán dependiendo de lo bien que luches junto a ellos en las clásicas peleas de perros del espacio profundo del juego. El juego cuenta con una campaña de ramificación que puede tomar varios cursos completamente separados, dependiendo de su éxito o fracaso en sus misiones. Tus acciones determinan cómo terminará la historia. Asumiendo el papel de Lance Casey, un piloto novato, debes luchar junto con los otros pilotos de la confederación en tu escuadrón contra hordas de alienígenas atacantes, así como escoltando y defendiendo naves de la confederación, por nombrar solo algunos de los numerosos tipos de misiones que encuentras.
Wings (USA)	Eres un piloto de combate aliado en la Primera Guerra Mundial y te enfrentas a los &quot;hunos&quot; en el cielo en más de 200 misiones. Las misiones generalmente vienen en tres sabores: misiones de bombardeo con vista de arriba hacia abajo en las que tienes que eliminar objetivos estratégicamente importantes, carreras de ametralladoras isométricas donde puedes destruir cualquier cosa que te apetezca con un suministro ilimitado de munición y, por supuesto, la parte principal. : Peleas de perros en el cielo. Representado en 3D, parece desde detrás de tu cabeza. El juego está ambientado en los años 1916 hasta 1918, y para relajar un poco las cosas, podemos leer una página de la nueva entrada de nuestro personaje para el diario similar a un diario en su compañía entre cada misión.
Winnie the Pooh's Rumbly Tumbly Adventure & Rayman 3 (Europe) (En,Fr,De,Es,It,Nl+En,Fr,De,Es,It,Nl,Sv,No,Da,Fi)	Dos juegos en un solo cartucho. Winnie the Pooh's Rumbly Tumbly Adventure te lleva a vivir cinco aventuras temáticas de cumpleaños junto a Winnie, Tigger, Piglet y Ígor, recogiendo tantos tarros de miel como puedas mientras esquivas a los astutos Éfélants y Zozos que intentan robártelos. Rayman 3 presenta a Globox tras haberse tragado al Señor de los Lums Negros, provocando la furia de los Hoodlums; Rayman deberá salvar el mundo y liberar a su amigo de la influencia del poderoso villano.
Winnie the Pooh's Rumbly Tumbly Adventure (USA) (En,Fr,Es)	Únete a Winnie the Pooh y sus amigos en cinco aventuras temáticas de cumpleaños. En Winnie the Pooh, Rumbly Tumbly Adventures, puedes jugar como Tigger, Piglet, Eeyore y Winnie the Pooh. Encuentra tantas ollas de miel como puedas, pero ten cuidado con los traviesos Heffalumps y Woozles, que roban miel. Ya sea que esté buscando una nueva casa para Eeyore o esté ayudando a Tigger a salir de una situación complicada, experimentará todas las aventuras de Pooh y sus amigos en el bosque de los Cien Acres.
Winter Sports (Europe) (En,Fr,De,Es,It)	Winter Sports es un juego de deportes de invierno en GBA. El título reúne los principales eventos de esquí, como velocidad, esquí de fondo, saltos de esquí, etc. En modo entrenamiento o en modo solo, las carreras encadenan y apuntan al podio para ser primeros en la clasificación por puntos de los participantes.
WinX Club (USA)	Winx Club es un juego de acción y aventuras basado en la serie de dibujos animados italiana del mismo nombre. La historia es similar a la de Harry Potter, solo que esta vez el personaje principal es un hada. Ella puede ir a una escuela de hadas en un mundo de cuento de hadas llamado Magix, donde tiene que encontrar su verdadero yo. Este juego es similar a las versiones de Windows y Playstation 2, excepto que en lugar de una perspectiva de tercera persona en 3D, presenta una perspectiva de arriba hacia abajo en 2D del mundo del juego.
WinX Club - Quest for the Codex (USA)	Bienvenido al mundo mágico de Winx Club, donde los jugadores pueden explorar una amplia gama de nuevos personajes, entornos interactivos y divertidos minijuegos que incorporan la moda, las amistades y la magia del mundo de Winx Club. Los jugadores podrán disfrutar de una experiencia de juego sencilla, social y divertida diseñada específicamente para niñas de 6 a 11 años. La versión DS incluye minijuegos exclusivos que utilizan la pantalla táctil de Nintendo DS. Baila, vuela y canta en divertidos minijuegos para cada miembro del Winx Club. Gana nueva ropa, accesorios y artículos para personalizar tu personaje. Intercambia artículos con otros jugadores para completar el look perfecto.
Wolfenstein 3D (USA, Europe)	Inspirado en el juego de infiltración de arriba hacia abajo Castle Wolfenstein, este juego de disparos episódico en primera persona (FPS) pone al jugador en las botas de B.J. Blazkowicz, un espía aliado. Hay seis episodios (el primero distribuido completo como shareware), el segundo y el tercero disponibles después del registro y las tres misiones finales (que suceden antes de los eventos del primer episodio) disponibles en el paquete &quot;Misiones Nocturnas&quot;. Sin embargo, ¡no es necesario jugarlos en secuencia para disfrutarlos!
Woody Woodpecker in Crazy Castle 5 (USA)	¡La madre naturaleza necesita la ayuda del Pájaro Loco!, los monstruos se han apoderado del Mundo de las Hadas y del Castillo Loco. Con la promesa de riquezas, Woody se abre camino a través de muchos niveles desconcertantes. Los poderes especiales otorgados por la Madre Naturaleza, como el arco y las flechas y un jet pack, ayudan a Woody en su búsqueda. Cada nivel requiere que los jugadores encuentren ocho llaves y luego lleguen a la salida. Una novedad en la serie Crazy Castle es la incorporación de jefes al final de cada mundo. Crazy Castle 5 también presenta un modo multijugador en el que un jugador es 'eso' y los otros tres jugadores deben evitar ser etiquetados. Los jugadores también pueden ganar puntos extra si atrapan a la Madre Naturaleza, que aparece al azar en los niveles.
Word Safari - The Friendship Totems (USA)	Word Safari combina la aventura con un auténtico contenido educativo. Para salvar a las tribus del Serengeti, debes cruzar desiertos, ríos desbordados, selvas salvajes y templos ocultos. Tendrás que hacerte amigo de los animales africanos y usar tus habilidades de lectura, ortografía y lenguaje para convertirte en el Elegido y proteger el Pozo Sagrado.
World Championship Poker (USA)	Ahora puedes disfrutar en tu mano de los mejores juegos que ofrecen Las Vegas, Atlantic City y Nueva Orleans. En World Championship Poker visitas distintos casinos para jugar póker, blackjack, vídeo póker y máquinas tragaperras. Los rivales controlados por la CPU son duros, pero cada uno tiene “tics” únicos que revelan pistas sobre sus cartas. Gana dinero en partidas individuales o enfréntate a hasta tres amigos mediante el cable Link.
World Poker Tour (USA)	El género de cartas dentro de GBA se ha explotado de diversas formas, aunque nunca de forma 'oficial'. World Poker Tour es el primer intento de ello, ofreciendo un sistema extremadamente simple y sólo apto para los conocedores de este peculiar universo.
World Reborn (USA) (Proto)	World Reborn es un juego de disparos horizontal de GBA, pero no es como un juego de disparos normal, ya que también es un juego con elementos de juego de rol. En World Reborn se nos presenta un mundo donde la humanidad ha perdido todos los registros de su historia, descubrimientos y logros. En este shooter horizontal elegirás tu escenario y atacarás al enemigo. Recoge XP de las muertes y de las recolecciones en las etapas y clasifica tanto a ti como a tu nave para aumentar tus habilidades de combate. Seis potentes camionetas que mejorarán o cambiarán tu arma, darán fuego secundario, aumentarán tu velocidad y más estarán a tu disposición. Todo tu progreso en este juego estará seguro mediante el uso de un intrincado sistema de contraseñas. 18 niveles Cuatro barcos y cinco pilotos. Elementos de RPG, subiendo de nivel Sistema de guardado de contraseña
World Tennis Stars (USA)	Únete a la diversión en este lindo y colorido juego de tenis. Elige entre 6 personajes extravagantes y enfréntate a todos los recién llegados, en un intento por convertirte en las ESTRELLAS MUNDIALES DEL TENIS número uno. Con 6 canchas emocionantes y dos modos de juego, WORLD TENNIS STARS te brindará horas de diversión.
Worms - World Party (USA) (En,Fr,De,Es,It)	Los Worms han vuelto, más mortíferos que nunca. Vas a aprender que no hay nada más peligroso que un gusano con una bazuca o una escopeta ... A primera vista, Worms World Party puede parecer muy similar a Worms Armageddon. Sin embargo, esta vez el juego ha sido especialmente diseñado pensando en el modo multijugador. Hasta 6 jugadores pueden luchar al mismo tiempo en las redes locales o en Internet, utilizando el propio servicio de emparejamiento de Team17, llamado Wormnet. Otras adiciones bienvenidas son Wormpot, que puede proporcionar 400 variaciones de juego desde &quot;Modo Goliat&quot; hasta &quot;Gusanos sangrantes&quot;, cientos de nuevos paisajes, banderas y fanfarrias, y un montón de misiones para un jugador.
Worms Blast (Europe) (En,Fr,De,Es,It)	Prepárate para intensos tiroteos en Worms Blast, un nuevo juego de puzles con armas y potenciadores extravagantes. Tu misión es lanzar tu gusano a aguas hostiles y atacar a tu oponente con escopetas, bazucas, minas, rayos láser y monstruos marinos, mientras recolectas diversos potenciadores. Worms Blast incluye ocho modos uno contra uno que te desafían a derrotar a tus oponentes antes de que ellos te derroten a ti.
WTA Tour Tennis (USA)	Pro Tennis WTA Tour en Game Boy Advance es un juego deportivo que te permite encarnar a una de las 20 mejores tenistas del ranking WTA en intensos partidos individuales o dobles. Compites por conquistar el circuito femenino disputando una temporada completa a través de cuatro torneos prestigiosos. Además, el juego admite hasta cuatro jugadores para enfrentamientos multijugador.
WWE - Road to WrestleMania X8 (USA, Europe)	El camino hacia WrestleMania X8 es una lucha de un año, que ha visto renacer las leyendas, los sueños destrozados y las vidas cambiadas para siempre. No es glamoroso, no es fácil, y seguro que no es el destino. Se trata de las peleas reñidas, la pasión interminable y las emociones endurecidas por la batalla que se necesitan para caminar penosamente por el camino hacia el mayor espectáculo del entretenimiento deportivo. El escaparate de los inmortales comienza con el choque de titanes en World Wrestling Road to WrestleMania X8. Haz crecer a tu superestrella en los rangos a medida que sus habilidades cambian de acuerdo con tu estilo de lucha. Cree su propio pago por evento y vea cómo reacciona la multitud a los partidos. Gana combates y observa cómo tu popularidad se dispara cuando los sombreros y las camisas de la superestrella salen volando de los estantes de la zona comercial. Empiece la búsqueda del título más ilustre del entretenimiento deportivo, el Campeonato Mundial de Lucha Libre. ¡El camino a WrestleMania comienza aquí!
WWE - Survivor Series (USA, Europe)	Sube al ring con las mejores superestrellas de la WWE en WWE Survivor Series para Game Boy Advance. Lucha en los rangos y desafía por los cinturones para convertirte en el campeón en el nuevo modo para un jugador. Dale la vuelta a la batalla con el nuevo sistema de retroceso y los cambios de impulso. Las superestrellas de la WWE presentan sus atributos reales en fuerza, velocidad y habilidades de sumisión; la única diferencia entre tú y el campeón es la cuenta de tres. WWE Survivor Series presenta mecánicas de juego completamente nuevas que incluyen sistemas de sumisión, reversión e impulso mientras los jugadores luchan por los cinturones y defienden el título en el nuevo modo para un jugador o se unen con amigos para luchar en ocho tipos de partidos, incluidos Cage, Tag Team , Fatal 4 Way y más.
WWF - Road to WrestleMania (USA, Europe)	Dolor del corazón y gloria Varios tipos de peleas, incluidos jaula y hardcore. 24 superestrellas de la WWF con entradas y movimientos finales. Usa armas para derrotar a tus oponentes. ¡Lucha con cuatro jugadores!
X-Bladez - Inline Skater (USA)	Prepárate para correr en las mejores ciudades del mundo en países como Gran Bretaña, Estados Unidos, Francia, China, Australia y Sudamérica. Patina alrededor de la Estatua de la Libertad, escapa de Alcatraz, bronceate en Bondi Beach o escala las alturas de la Gran Muralla China. Obstáculos, saltos y corredores contrarios dan vida al mundo y a las carreras. Desbloquea nuevos entornos a medida que avanzas y mejora tus patines con el dinero que ganes. ¿Cómo están tus ruedas? ¿Necesita reparar esas lesiones con un impulso de salud? ¿Puedes permitirte esos patines de velocidad de ensueño? Todo esto cambiará a medida que avance, manteniendo vivo el interés en el juego. Las ruedas también se pueden ajustar para dar énfasis al aumento de velocidad y estabilidad o maniobrabilidad e inestabilidad, dando al jugador una ventaja frente a otros competidores.
X-Men - Reign of Apocalypse (USA, Europe)	Tú y tus compañeros X-Men están perdidos en una realidad alternativa, solo para descubrir que el supervillano Apocalipsis reina supremo. No solo te encuentras a merced de sus secuaces, sino que también la línea entre enemigo y amigo se difumina peligrosamente en este universo espejo. Tu única esperanza es abrirte camino a través de numerosos enemigos y amenazas hasta que llegues a Warp Gate y regreses a casa. ¿Sobrevivirás lo suficiente para llegar allí?
X-Men - The Official Game (USA)	X-Men : The Official Game para GBA es un título de acción basado en la película X‑Men: La Decisión Final. Permite controlar a tres mutantes (Wolverine, Nightcrawler e Iceman) y en momentos puntuales unir fuerzas con otros X‑Men para ejecutar acciones especiales. La misión consiste en combatir a las fuerzas del mal que han tomado el control de Jean Grey y salvar tanto a ella como a la raza mutante, aprovechando las habilidades únicas de cada personaje para avanzar.
X2 - Wolverine's Revenge (USA, Europe)	El arma más peligrosa de los X-Men busca venganza. En X-Men 2 La venganza de Lobezno, juegas como Lobezno mientras se apresura a encontrar el antídoto para un virus que se implantó en su cuerpo. Desenvaina tus afiladas garras, desata ataques combinados letales y usa poderes curativos acelerados mientras te adentras en escenarios de acción intensa y sigilo. Enfréntate a Dientes de sable, Wendigo, Juggernaut y Magneto, mientras que el Profesor X y Bestia te ayudan a buscar una cura. Como Lobezno, puedes convertirte en la máquina de lucha definitiva.
XS Moto (USA)	Xs Moto te permite experimentar la última tecnología en superbikes al ponerte al mando de la máquina del TEAM XS MOTO. Casi 1000 cc de potencia están bajo tu control mientras compites en diversos torneos que recorren 22 circuitos internacionales, ofreciendo velocidad, precisión y desafíos constantes en cada carrera.
xXx (USA, Europe)	XXX cuenta la historia de Xander Cage, un notorio atleta de deportes de acción que desafía la muerte, reclutado por la NSA para una misión tan imposible que todos los demás agentes han fallado. Basándose en su propia experiencia poco convencional, Cage debe usar todas sus habilidades extremas para combatir a un enemigo inteligente, organizado y despiadado que va más allá del alcance de su experiencia.
Yggdra Union - We'll Never Fight Alone (USA)	Gobernada por una familia real que se dice que es descendiente de los propios dioses, Fantasinia es una tierra próspera y pacífica, hasta que la paz es destrozada por las fuerzas invasoras del Imperio de Bronkia. Liderado por el joven emperador Gulcasa, quien tomó el control del Imperio en un brutal golpe de estado, el Ejército Imperial de Bronchia se abre paso entre la gente de Fantasinia y los Ejércitos Reales del Rey Ordeene. En medio del caos, una joven escapa de la capital sitiada de Partina: una mujer con rostro inocente y espada en la mano. El nombre de la niña es Princesa Yggdra, el último miembro sobreviviente de la familia real; la espada es la Gran Centurio, una espada legendaria que una vez empuñó el fundador de Fantasinia y que se transmitió a través de generaciones de la realeza. Huyendo a un valle remoto en el extremo sur del continente, Yggdra se encuentra con Milanor, el carismático líder de una banda de ladrones, y se prepara para una guerra de liberación.
Yoshi Topsy-Turvy (USA)	En su intento por detener las travesuras de Bowser, Hongo, el gran espíritu del libro, lo selló en un libro emergente, junto con la isla de Yoshi, que es donde se encontraba Bowser en ese momento. El espíritu que ama las sorpresas apareció y le dijo al dinosaurio Yoshi que hay una manera de traer de vuelta la isla de Yoshi. Depende de Yoshi salvar el día en Yoshi Topsy-Turvy. El juego se divide en seis capítulos, cada uno de los cuales contiene numerosas etapas. El jugador tendrá que inclinar el mundo (usando el sensor de inclinación) para ayudar a Yoshi a escalar paredes, abrir nuevos caminos y enviar enemigos rodando. Se deben ganar medallas de felicidad, lo que permite al jugador pasar al siguiente capítulo si Yoshi supera con éxito ciertos objetivos que los espíritus le piden. En el camino, Yoshi se transformará en un barco, una pelota y un globo.
Yu Yu Hakusho - Ghostfiles - Spirit Detective (USA)	Yu Yu Hakusho cuenta la historia de Yusuke Urameshi, un personaje que lucha contra el mal en el mundo de los vivos y espiritual. En Spirit Detective, guiarás a Yusuke a través de varias aventuras tomadas de la serie animada de televisión. El juego narra el primer tercio del viaje de 112 episodios del héroe. Como cualquiera de los seis personajes, lucharás contra enemigos malvados con ataques y armas exclusivos. Viaja por el mundo espiritual, conquista a los enemigos de Yusuke y domina cada misión para convertirte en un verdadero detective espiritual.
Yu Yu Hakusho - Ghostfiles - Tournament Tactics (USA, Europe)	Tournament Tactics te sumerge en un torneo ambientado en el universo de Yu Yu Hakusho. Formas un equipo de hasta cinco personajes y aprovechas combos, superataques y técnicas especiales para explotar los puntos débiles de tus rivales. Los campos de batalla recrean lugares emblemáticos del anime, y a medida que avanzas puedes desbloquear nuevas zonas. También es posible desafiar a tus amigos y intercambiar objetos mediante el cable Link.
Yu-Gi-Oh! - 7 Trials to Glory - World Championship Tournament 2005 (USA) (En,Ja,Fr,De,Es,It)	Yu‑Gi‑Oh! Day of the Duelist: World Championship Tournament 2005 para Game Boy Advance te sitúa en una ciudad donde la Luz y la Oscuridad se enfrentan y todo el mundo espera el momento del Duelo. Las palabras importan poco: son los combates los que deciden quién avanza y quién cae. Solo los duelistas más hábiles logran imponerse en los torneos, donde brillantes trofeos aguardan al vencedor.
Yu-Gi-Oh! - Destiny Board Traveler (USA)	Yu-Gi-Oh! Destiny Board Traveler, conocido como Yu-Gi-Oh! Sugoroku no Sugoroku en japonés, es un juego creado por Konami para el Game Boy Advance, basado en el Yu-Gi-Oh! manga. En este juego, los jugadores pueden competir contra oponentes controlados por ordenador o sus amigos por el control de la tabla de Destiny. El juego combina el Yu-Gi-Oh! Juego de cartas comerciales y un tablero de juego de 5x5. Cada tablero de juego tiene un tema diferente, determinado por el personaje al que pertenece. De acuerdo con el folleto de instrucciones para el juego, Solomon Muto creó Destiny Board y esto es evidente de él comentar a lo largo de cada juego y ser capaz de utilizar su SuperPod para alterar las reglas para el juego.
Yu-Gi-Oh! - Dungeon Dice Monsters (USA) (En,Es)	En Dungeon Dice Monsters, un nuevo juego de mesa estratégico, lucha contra personajes de Yu-Gi-Oh! Series de televisión que usan dados mágicos, trampas poderosas y monstruos feroces. ¡Crea mazmorras, derrota a tus oponentes y conviértete en el mejor duelista de dados!
Yu-Gi-Oh! - Reshef of Destruction (USA)	De vuelta en Battle City, emprendes una misión para recuperar las Cartas del Milenio robadas antes de que su poder destruya el mundo. Yu‑Gi‑Oh! Reshef of Destruction presenta una historia inédita en la que debes impedir que Reshef sumerja todo en la oscuridad, construyendo un mazo sólido a partir de más de 800 cartas (incluidos los tres Dioses Egipcios) para tener alguna posibilidad frente a los enemigos que se interponen en tu camino.
Yu-Gi-Oh! - The Eternal Duelist Soul (USA)	La versión más precisa y avanzada de Duel Monsters llega a GBA con el simulador definitivo basado en el juego de cartas y la exitosa serie. Enfréntate a docenas de rivales del anime o desafía a tus amigos, importa cartas del TCG oficial para mejorar tu mazo y completa tu colección para crear la baraja perfecta con la que competir en el Torneo del Campeonato Mundial.
Yu-Gi-Oh! - The Sacred Cards (USA)	Yu-Gi-Oh! Las Cartas Sagradas, tan importante es jugar bien como conseguir las cartas adecuadas. Este RPG te entrega las cartas como armas para enfrentarte a duelistas cada vez más fuertes mientras participas en un torneo organizado por Kaiba Corporation y aspiras a obtener las poderosas Cartas de los Dioses Egipcios. Basado en los eventos del anime, ofrece cientos de cartas, más de cien rivales y numerosos giros inesperados durante la aventura.
Yu-Gi-Oh! - Ultimate Masters - World Championship Tournament 2006 (USA) (En,Ja,Fr,De,Es,It)	Esta entrega de la serie World Championship Tournament amplía el contenido con más de 2.000 cartas, la mayor cantidad vista en un juego portátil de Yu‑Gi‑Oh!. Como software oficial del Torneo Mundial 2006, incorpora nuevos modos que ponen a prueba tu habilidad, como duelos con Puntos de Vida limitados o el uso de mazos de 80 cartas, entre otros desafíos que aumentan la rejugabilidad.
Yu-Gi-Oh! - World Championship Tournament 2004 (USA) (En,Ja,Fr,De,Es,It)	Yu-Gi-Oh! regresa en forma de edición de torneo que se utilizará en un torneo mundial oficial en 2004 en Los Ángeles. El juego también tiene una utilidad de traducción de texto que permitirá a los jugadores que se enlazan entre sí traducir texto automáticamente entre idiomas. Los idiomas incluidos son japonés, francés, español, alemán, italiano e inglés. Estos también son los idiomas en los que puedes ver el juego. El juego continúa la tradición de Yu-Gi-Oh! batallas de cartas. Hay poco en el juego aparte de luchar contra tus oponentes. ¡Este juego es una secuela de Yu-Gi-Oh! Edición mundial: Stairway to the Destined Duel y ofrece más de 1000 cartas para usar, así como para nuevos oponentes. El juego elimina algunas de las funciones de lucha que no son cartas de la Edición Mundial y te deja con la lucha como la característica principal del juego. Construye hasta tres mazos con las cartas que ganes mientras trabajas para vencer a todos tus oponentes. Con más de 1000 cartas, tendrás una amplia gama de opciones para tus mazos de 40 cartas. Al igual que con la Worldwide Edition, también puede intercambiar sus cartas con amigos a través del Link Cable.
Yu-Gi-Oh! - Worldwide Edition - Stairway to the Destined Duel (USA) (En,Ja,Fr,De,Es,It)	Yu‑Gi‑Oh! Worldwide Edition: Stairway to the Destined Duel es la versión censurada de Duel Monsters 6 Expert 2, ambientada en la saga de Battle City. Duelas contra personajes del anime y el manga, participas en torneos y enfrentas rivales en el mapa. Obtienes cartas al vencer o ganar eventos, además de recibirlas mediante la revista Duelist Weekly. El juego incluye cerca de mil cartas para construir tu mejor mazo.
Yu-Gi-Oh! Double Pack (USA)	Esta compilación reúne dos juegos de Yu‑Gi‑Oh! que ya habían salido individualmente en Game Boy Advance: Yu‑Gi‑Oh! The Sacred Cards y Yu‑Gi‑Oh! Reshef of Destruction. Dos aventuras completas centradas en la exploración, los duelos y una historia progresiva, ahora disponibles juntas en un solo cartucho para prolongar la experiencia de los fans.
Yu-Gi-Oh! Double Pack 2 (USA) (En,Fr,De,Es,It)	Dos aventuras clásicas de Yu‑Gi‑Oh! reunidas en un solo cartucho. Destiny Board Travelers propone una mezcla singular entre juego de mesa, dados y el universo de Duel Monsters, ofreciendo una forma distinta de vivir las partidas estratégicas. Dungeon Dice Monsters te enfrenta a personajes del anime mediante dados mágicos, trampas peligrosas y monstruos poderosos. Construyes tu propio tablero, derrotas a tus rivales y aspiras a convertirte en el mejor duelista de dados.
Yu-Gi-Oh! GX - Duel Academy (USA)	Yu-Gi-Oh! GX: Duel Academy es un juego de cartas de batalla para Game Boy Advance basado en Yu-Gi-Oh! universo. Asciende en los rangos de la Academia de Duelo mientras encuentras nuevos amigos y luchas contra nuevos monstruos. El juego presenta más de 1,200 de las últimas cartas, tutoriales y exámenes para fortalecer tus habilidades como duelista, y viene con tres cartas exclusivas.
Zapper - One Wicked Cricket! (USA)	En Zapper, juegas como una pequeña criatura que se embarca en una gran misión. Zapper es un grillo en busca del hermano Zipper, que fue secuestrado por la malvada Maggie the Magpie. A través de 18 retorcidos niveles, esquivarás a enemigos extraños y peligros mortales usando tus antenas electrificadas y reflejos elásticos. Golpea a tus enemigos, explora tus alrededores y encuentra y destruye huevos antes de que eclosionen. La intensa acción de Zapper continúa mientras desbloqueas áreas ocultas, niveles de bonificación y juegas juegos multijugador.
Zatchbell! - Electric Arena (USA)	Zatchbell! Electric Arena te invita a revivir las aventuras de los personajes de dibujos animados y los cómics del mismo nombre. El título se presenta como un colorido juego de lucha, con personajes y esbozadas decoraciones. Doce equipos están disponibles, cada uno con sus propios ataques únicos, objetos y habilidades mágicas. En la lucha cada personaje será secundado por un Mamodos, una pequeña criatura extraterrestre que no puede prescindir del hombre.
Zero One SP (Japan)	Zero One SP es un juego de aventura textual lanzado sólo en Japón en 2004. El jugador debe descubrir la clave de los misterios que le rodean en fases que combinan investigación y diálogo.
Zidane - Football Generation 2002 (Europe) (En,Fr,De,Es,It)	Football Generation incluye 44 selecciones internacionales y 33 de los principales clubes de todo el mundo. Los nombres de los jugadores no cuentan con licencia, pero el juego ofrece una amplia variedad de modos: Partido rápido, Copa de clubes, Liga de clubes, Competición personalizada y Modo escenario.
Zoey 101 (USA)	Sobrevive en los pasillos durante la semana de bromas, recorre la P.C.A. en un Jet-X o conviértete en un experto en la clase de química.Disfruta de docenas de minijuegos rejugables que incluyen competencias de baile, deportes, carreras en scooter ¡y mucho más!Múltiples finales dependiendo de las decisiones que tomes en el juego.
Zoids - Legacy (USA)	Zoids Saga II es un juego de rol lanzado para Gameboy Advance en 2004. En el planeta Zi, en el límite del universo, los pueblos del lado del bien conviven con pueblos del mal que son mucho más belicosos. La paz acaba un día quebrantándose, y da paso al caos más total. Por lo tanto, depende del jugador restaurar el equilibrio, gracias a un ejército de robots, los Zoids.
Zoids Saga (Japan)	Eres el príncipe de un reino en el planeta Zi y hay un pequeño conflicto entre el Reino y el Imperio. Un día, tu reino es atacado por los Zoids del Imperio. Se apoderan de tu reino y planean construir el Zoid definitivo viajando en el tiempo para encontrar las piezas. Tú y tu equipo debéis detener su traición viajando también en el tiempo.
Zoids Saga - Fuzors (Japan)	Juego de rol japonés ambientado en el mundo de Zoids. Los jugadores exploran amplios entornos en 2D. Cuando se produce un combate, el juego cambia a una perspectiva lateral, mostrando a las gigantescas máquinas de batalla en todo su esplendor.El juego ofrece más de 100 tipos diferentes de Zoids en varias versiones. Está basado en los modelos japoneses de la serie de juguetes.
Zone of the Enders - The Fist of Mars (USA)	En un futuro lejano, la humanidad está al borde de la guerra con sus colonias en la Luna, Marte y Júpiter. Toma el control de un joven que, después de una serie de eventos, se encuentra en posesión de un nuevo tipo de L.E.V. (un robot gigante de combate) varado en Marte, donde se unirá a las fuerzas de la Liga Anti Terrestre.
ZooCube (USA)	Combinando la adictividad del Tetris, la tridimensional del cubo de Rubik y la originalidad de los juegos de Nintendo, llega ZooCube dispuesto a conquistar a todos los que se pongan en su camino, ya sean grandes o pequeños. La mecánica de juego es sencilla: el jugador tiene que emparejar originales formas de animales de la misma especie, en un cubo situado en el centro de un espacio tridimensional el cual se puede rotar en todas las direcciones posibles y en el que podrá ir acumulando dichas formas en cada una de sus seis caras, a la espera de que aparezca su correspondiente pareja. El jugador perderá cuando se acumulen más de 5 figuras en alguna de las caras del cubo.
Zooo - Action Puzzle Game (Europe) (En,Fr,De,Es,It)	Los animales del zoo se han rebelado contra su cuidador. Tu trabajo es restablecer el orden y &quot;capturar&quot; a todos los animales.
