#name	crc	size	key
10-Pin Bowling (USA) (Proto)	9a024415	131072	10-Pin Bowling (USA) (Proto)
3 Choume no Tama - Tama and Friends - 3 Choume Obake Panic!! (Japan)	b61cd120	131072	3 Choume no Tama - Tama and Friends - 3 Choume Obake Panic!! (Japan)
3-pun Yosou - Umaban Club (Japan)	cafe0d2b	65536	3-pun Yosou - Umaban Club (Japan)
4-in-1 Fun Pak (Japan)	86f45343	131072	4-in-1 Fun Pak (USA, Europe)
4-in-1 Fun Pak (USA, Europe)	0e0216e6	131072	4-in-1 Fun Pak (USA, Europe)
4-in-1 Funpak - Volume II (USA, Europe)	018b4a02	131072	4-in-1 Funpak - Volume II (USA, Europe)
A-mazing Tater (USA)	d229ac62	65536	A-mazing Tater (USA)
Aa Harimanada (Japan)	5bffcc28	131072	Aa Harimanada (Japan)
Addams Family, The (Europe) (En,Fr,De)	28fa451e	131072	Addams Family, The (USA)
Addams Family, The (Japan)	4c749c14	131072	Addams Family, The (USA)
Addams Family, The (USA)	c170a732	131072	Addams Family, The (USA)
Addams Family, The - Pugsley's Scavenger Hunt (USA, Europe)	7e054a88	131072	Addams Family, The - Pugsley's Scavenger Hunt (USA, Europe)
Addams Family, The - Pugsley's Scavenger Hunt (USA, Europe) (Beta 1)	a260e5ce	131072	Addams Family, The - Pugsley's Scavenger Hunt (USA, Europe)
Addams Family, The - Pugsley's Scavenger Hunt (USA, Europe) (Beta 2) (1993-04-22)	37949272	131072	Addams Family, The - Pugsley's Scavenger Hunt (USA, Europe)
Adventure Island (USA, Europe)	64f4fa44	131072	Adventure Island (USA, Europe)
Adventure Island II - Aliens in Paradise (USA, Europe)	783066cf	262144	Adventure Island II - Aliens in Paradise (USA, Europe)
Adventures of Lolo (Europe) (SGB Enhanced)	176d2eeb	262144	Adventures of Lolo (Europe) (SGB Enhanced)
Adventures of Pinocchio, The (Europe) (Proto)	0b9de1dc	65536	Otto's Ottifanten - Baby Bruno's Alptraum (Europe) (En,Fr,De,Es)
Adventures of Rocky and Bullwinkle and Friends, The (USA)	362c841c	131072	Adventures of Rocky and Bullwinkle and Friends, The (USA)
Adventures of Star Saver, The (USA, Europe)	5d461374	131072	Adventures of Star Saver, The (USA, Europe)
Aerostar (Japan) (En)	dfa3b28a	131072	Aerostar (USA, Europe)
Aerostar (USA, Europe)	f6fd275e	131072	Aerostar (USA, Europe)
After Burst (Japan) (En)	c0049d77	65536	After Burst (Japan) (En)
Agro Soar (Australia)	9b7945ea	131072	We're Back! - A Dinosaur's Story (USA, Europe)
Akazukin Chacha (Japan) (SGB Enhanced)	898609b4	262144	Akazukin Chacha (Japan) (SGB Enhanced)
Akumajou Dracula - Shikkoku Taru Zensoukyoku - Dark Night Prelude (Japan) (SGB Enhanced)	4825b25f	262144	Castlevania Legends (USA, Europe) (SGB Enhanced)
Akumajou Special - Boku Dracula-kun (Japan)	e8335398	262144	Kid Dracula (USA, Europe)
Aladdin (Europe) (SGB Enhanced)	283c58b7	262144	Aladdin (World) (Disney Classic Games) (SGB Enhanced)
Aladdin (Europe) (Sample) (SGB Enhanced)	28827ea5	262144	Aladdin (World) (Disney Classic Games) (SGB Enhanced)
Aladdin (USA) (SGB Enhanced)	af6bdc50	262144	Aladdin (World) (Disney Classic Games) (SGB Enhanced)
Aladdin (World) (Disney Classic Games) (SGB Enhanced)	53918941	262144	Aladdin (World) (Disney Classic Games) (SGB Enhanced)
Alfred Chicken (Europe)	3cab28d9	131072	Alfred Chicken (USA)
Alfred Chicken (Europe) (Beta)	2e19f638	131072	Alfred Chicken (USA)
Alfred Chicken (Japan) (En) (SGB Enhanced)	1089098f	262144	Alfred Chicken (USA)
Alfred Chicken (USA)	3b9c3bc6	131072	Alfred Chicken (USA)
Alien 3 (Japan) (En)	e59049b2	131072	Alien 3 (USA, Europe)
Alien 3 (USA, Europe)	effb960b	131072	Alien 3 (USA, Europe)
Alien Games (USA) (Proto)	67a8a76f	131072	Alien Olympics (Europe)
Alien Olympics (Europe)	583c0e4e	131072	Alien Olympics (Europe)
Alien Olympics (Europe) (Beta 1)	303fb7cc	131072	Alien Olympics (Europe)
Alien Olympics (Europe) (Beta 2)	0b14241c	131072	Alien Olympics (Europe)
Alien Olympics (Europe) (Beta 3) (1994-06-14)	07436316	131072	Alien Olympics (Europe)
Alien vs Predator (Japan)	e884682b	131072	Alien vs Predator - The Last of His Clan (USA)
Alien vs Predator - The Last of His Clan (USA)	4bbcf652	131072	Alien vs Predator - The Last of His Clan (USA)
All-Star Baseball 99 (USA)	d51ee6d3	524288	All-Star Baseball 99 (USA)
Alleyway (World)	5cc01586	32768	Alleyway (World)
Altered Space - A 3-D Alien Adventure (Europe)	24d5f785	131072	Altered Space - A 3-D Alien Adventure (USA)
Altered Space - A 3-D Alien Adventure (Japan) (En)	ce36e36e	131072	Altered Space - A 3-D Alien Adventure (USA)
Altered Space - A 3-D Alien Adventure (USA)	141675d3	131072	Altered Space - A 3-D Alien Adventure (USA)
Amazing Penguin (USA, Europe)	3011d5ca	65536	Amazing Penguin (World) (Limited Run Games)
Amazing Penguin (World) (Limited Run Games)	82d4664c	65536	Amazing Penguin (World) (Limited Run Games)
Amazing Spider-Man, The (USA, Europe)	2a4eafe4	65536	Amazing Spider-Man, The (USA, Europe)
America Oudan Ultra Quiz (Japan)	3be275cd	262144	America Oudan Ultra Quiz (Japan)
America Oudan Ultra Quiz Part 2 (Japan)	1b3231c8	262144	America Oudan Ultra Quiz Part 2 (Japan)
America Oudan Ultra Quiz Part 2 (Japan) (Rev 1)	739c26fc	262144	America Oudan Ultra Quiz Part 2 (Japan)
America Oudan Ultra Quiz Part 3 - Champion Taikai (Japan)	80cac37c	262144	America Oudan Ultra Quiz Part 3 - Champion Taikai (Japan)
America Oudan Ultra Quiz Part 4 (Japan)	a76043c8	262144	America Oudan Ultra Quiz Part 4 (Japan)
Amida (Japan) (En)	60128aa8	32768	Amida (Japan) (En)
Animal Breeder (Japan) (SGB Enhanced)	c2eec22f	524288	Animal Breeder (Japan) (SGB Enhanced)
Animal Breeder 2 (Japan) (SGB Enhanced)	8d573f37	524288	Animal Breeder 2 (Japan) (SGB Enhanced)
Animaniacs (Europe) (SGB Enhanced)	7b23e05c	262144	Animaniacs (USA) (SGB Enhanced)
Animaniacs (USA) (SGB Enhanced)	673c815d	262144	Animaniacs (USA) (SGB Enhanced)
Another Bible (Japan) (SGB Enhanced)	4a486435	524288	Another Bible (Japan) (SGB Enhanced)
Aoki Densetsu Shoot! (Japan) (SGB Enhanced)	08727760	262144	Aoki Densetsu Shoot! (Japan) (SGB Enhanced)
Arcade Classic No. 1 - Asteroids & Missile Command (USA, Europe) (SGB Enhanced)	8259ac54	131072	Arcade Classic No. 1 - Asteroids & Missile Command (USA, Europe) (SGB Enhanced)
Arcade Classic No. 2 - Centipede & Millipede (USA, Europe) (SGB Enhanced)	b14c3b31	131072	Arcade Classic No. 2 - Centipede & Millipede (USA, Europe) (SGB Enhanced)
Arcade Classic No. 3 - Galaga & Galaxian (Europe) (SGB Enhanced)	d06b3f8a	131072	Arcade Classic No. 3 - Galaga & Galaxian (USA) (SGB Enhanced)
Arcade Classic No. 3 - Galaga & Galaxian (USA) (SGB Enhanced)	6a6ecfec	131072	Arcade Classic No. 3 - Galaga & Galaxian (USA) (SGB Enhanced)
Arcade Classic No. 4 - Defender & Joust (USA, Europe) (SGB Enhanced)	1c829ce3	131072	Arcade Classic No. 4 - Defender & Joust (USA, Europe) (SGB Enhanced)
Arcade Classics - Super Breakout & Battlezone (USA, Europe) (SGB Enhanced)	6c292739	262144	Arcade Classics - Super Breakout & Battlezone (USA, Europe) (SGB Enhanced)
Aretha (Japan)	1db65649	131072	Aretha (Japan)
Aretha II (Japan)	086e4fc5	262144	Aretha II (Japan)
Aretha III (Japan)	430d3d6b	262144	Aretha III (Japan)
Asmik-kun World 2 (Japan)	caae6b11	131072	Asmik-kun World 2 (Japan)
Asterix & Obelix (Europe) (En,Es) (SGB Enhanced)	b1fd41d0	262144	Asterix & Obelix (Europe) (En,Es) (SGB Enhanced)
Asterix & Obelix (Europe) (Fr,De) (Beta) (SGB Enhanced)	bfa1d7be	262144	Asterix & Obelix (Europe) (En,Es) (SGB Enhanced)
Asterix & Obelix (Europe) (Fr,De) (SGB Enhanced)	5143e227	262144	Asterix & Obelix (Europe) (En,Es) (SGB Enhanced)
Asterix (Europe) (En,Fr,De,Es,It)	097ffe2c	131072	Asterix (Europe) (En,Fr,De,Es,It)
Asterix (USA) (Proto 1)	6ccfee1f	32768	Asterix (Europe) (En,Fr,De,Es,It)
Asterix (USA) (Proto 2)	0050b16f	32768	Asterix (Europe) (En,Fr,De,Es,It)
Asterix (USA) (Proto 3)	a4cc3c3a	131072	Asterix (Europe) (En,Fr,De,Es,It)
Asteroids (USA, Europe)	c1f88833	32768	Asteroids (USA, Europe)
Asteroids (USA, Europe) (Beta)	eb31e472	32768	Asteroids (USA, Europe)
Astro Rabby (Japan) (En)	61e48eef	65536	Astro Rabby (Japan) (En)
Atomic Punk (USA)	c4720897	131072	Atomic Punk (USA)
Attack of the Killer Tomatoes (Japan)	23068679	131072	Attack of the Killer Tomatoes (USA, Europe)
Attack of the Killer Tomatoes (USA, Europe)	b5b38860	131072	Attack of the Killer Tomatoes (USA, Europe)
Avenging Spirit (USA, Europe)	cf2ba5f7	262144	Avenging Spirit (USA, Europe)
Ayakashi no Shiro (Japan)	da90f5fc	65536	Ayakashi no Shiro (Japan)
B.C. Kid (Europe)	373343e6	262144	Bonk's Adventure (USA)
B.C. Kid 2 (Europe) (Beta) (SGB Enhanced)	11ffc359	262144	Bonk's Revenge (USA) (SGB Enhanced)
B.C. Kid 2 (Europe) (SGB Enhanced)	c28ef062	262144	Bonk's Revenge (USA) (SGB Enhanced)
Baby T-Rex (Europe)	3f73fe7a	131072	We're Back! - A Dinosaur's Story (USA, Europe)
Bakenou TV '94 (Japan) (SGB Enhanced)	d1c3f371	131072	Bakenou TV '94 (Japan) (SGB Enhanced)
Bakenou V3 (Japan)	4e2fffe5	131072	Bakenou V3 (Japan)
Bakuchou Retrieve Master (Japan) (SGB Enhanced)	8a546dec	524288	Bakuchou Retrieve Master (Japan) (SGB Enhanced)
Bakuchou Retsuden Shou - Hyper Fishing (Japan) (SGB Enhanced)	ab3477c4	524288	Bakuchou Retsuden Shou - Hyper Fishing (Japan) (SGB Enhanced)
Bakuretsu Senshi Warrior (Japan) (En)	ecf1b801	65536	Cyraid (USA)
Balloon Kid (USA, Europe)	d4b655ec	131072	Balloon Kid (USA, Europe)
Bamse (Sweden)	1b713de0	131072	We're Back! - A Dinosaur's Story (USA, Europe)
Banishing Racer (Japan)	3d13ec6a	131072	Banishing Racer (Japan)
Barbie - Game Girl (USA) (Beta)	4660e0ab	131072	Barbie - Game Girl (USA, Europe)
Barbie - Game Girl (USA, Europe)	94c26cdf	131072	Barbie - Game Girl (USA, Europe)
Bart Simpson's Escape from Camp Deadly (USA, Europe)	5546a382	131072	Bart Simpson's Escape from Camp Deadly (USA, Europe)
Bart no Survival Camp (Japan) (En)	0fd66b1a	131072	Bart Simpson's Escape from Camp Deadly (USA, Europe)
Baseball (World)	6eea2526	65536	Baseball (World)
Baseball Kids (Japan)	a503cb07	131072	Bases Loaded (USA)
Bases Loaded (USA)	d37a2fdf	131072	Bases Loaded (USA)
Bass Fishing Tatsujin Techou (Japan)	7625e5a5	524288	Bass Fishing Tatsujin Techou (Japan)
Bataille Navale (France) (En,Fr,De,Es)	bab8b727	131072	Sea Battle (Europe) (En,Fr,De,Es)
Batman - Return of the Joker (Japan) (En)	de459a47	131072	Batman - Return of the Joker (USA, Europe)
Batman - Return of the Joker (USA, Europe)	5124bbec	131072	Batman - Return of the Joker (USA, Europe)
Batman - The Animated Series (USA, Europe)	c8e578bf	131072	Batman - The Animated Series (USA, Europe)
Batman - The Video Game (World)	6c41d3cd	131072	Batman - The Video Game (World)
Batman Forever (Japan) (En)	c2fd6244	262144	Batman Forever (USA, Europe)
Batman Forever (USA, Europe)	ef3592cc	262144	Batman Forever (USA, Europe)
Battle Arena Toshinden (Europe) (SGB Enhanced)	ce34cca4	524288	Battle Arena Toshinden (USA) (SGB Enhanced)
Battle Arena Toshinden (USA) (SGB Enhanced)	2d0c1073	524288	Battle Arena Toshinden (USA) (SGB Enhanced)
Battle Bull (Japan) (En)	5c69e449	131072	Battle Bull (USA)
Battle Bull (USA)	d4d1aea2	131072	Battle Bull (USA)
Battle Crusher (Japan) (SGB Enhanced)	ea4eb1a1	262144	Battle Crusher (Japan) (SGB Enhanced)
Battle Dodge Ball (Japan)	a99242c0	131072	Battle Dodge Ball (Japan)
Battle Pingpong (Japan) (En)	7c787bc4	65536	Battle Pingpong (Japan) (En)
Battle Ships (Spain) (En,Fr,De,Es) (Beta)	1f8ccb71	131072	Sea Battle (Europe) (En,Fr,De,Es)
Battle Space (Japan)	a828fd4f	65536	Battle Space (Japan)
Battle Unit Zeoth (Japan)	a1a1fe77	131072	Battle Unit Zeoth (USA, Europe)
Battle Unit Zeoth (USA, Europe)	e67a92b3	131072	Battle Unit Zeoth (USA, Europe)
Battle of Kingdom (Japan)	35914deb	131072	Battle of Kingdom (Japan)
Battle of Olympus, The (Europe) (En,Fr,De,Es,It)	ca450e93	262144	Battle of Olympus, The (Europe) (En,Fr,De,Es,It)
BattleCity (Japan) (En)	a37a814a	32768	BattleCity (Japan) (En)
Battleship (USA, Europe)	fef62da5	65536	Battleship (USA, Europe)
Battleship (USA, Europe) (Beta)	ec382a5d	65536	Battleship (USA, Europe)
Battletoads (Japan)	331cf7de	131072	Battletoads (USA, Europe)
Battletoads (USA, Europe)	b0c3361b	131072	Battletoads (USA, Europe)
Battletoads in Ragnarok's World (Europe)	7ffc34ea	131072	Battletoads in Ragnarok's World (USA)
Battletoads in Ragnarok's World (USA)	ce316c68	131072	Battletoads in Ragnarok's World (USA)
Battletoads-Double Dragon (Europe)	7b217082	262144	Battletoads-Double Dragon (USA)
Battletoads-Double Dragon (USA)	a727f9cd	262144	Battletoads-Double Dragon (USA)
Beavis and Butt-head (USA, Europe)	af1ae123	524288	Beavis and Butt-head (USA, Europe)
Beethoven (Europe) (SGB Enhanced)	637e54e3	131072	Beethoven (Europe) (SGB Enhanced)
Beethoven (USA) (Proto) (SGB Enhanced)	d7b75fa6	131072	Beethoven (Europe) (SGB Enhanced)
Beetlejuice (USA)	33574ecb	131072	Beetlejuice (USA)
Best of the Best - Championship Karate (Europe)	d5c3da1d	262144	Best of the Best - Championship Karate (USA)
Best of the Best - Championship Karate (USA)	b20280e6	262144	Best of the Best - Championship Karate (USA)
Bikkuri Nekketsu Shin Kiroku! - Dokodemo Kin Medal (Japan)	86d11d10	262144	Bikkuri Nekketsu Shin Kiroku! - Dokodemo Kin Medal (Japan)
Bill & Ted's Excellent Game Boy Adventure - A Bogus Journey! (USA, Europe)	5e8f656a	131072	Bill & Ted's Excellent Game Boy Adventure - A Bogus Journey! (USA, Europe)
Bill & Ted's Excellent Portable Adventure - A Bogus Journey! (World) (Retro Collection)	7b5e19ca	131072	Bill & Ted's Excellent Game Boy Adventure - A Bogus Journey! (USA, Europe)
Bill Elliott's NASCAR Fast Tracks (USA)	71cf43ce	131072	Bill Elliott's NASCAR Fast Tracks (USA)
Bionic Battler (USA)	a1e55dc2	65536	Bionic Battler (USA)
Bionic Commando (Europe)	4c5b4547	262144	Bionic Commando (USA)
Bionic Commando (Japan)	3f4d5c84	262144	Bionic Commando (USA)
Bionic Commando (USA)	41dbb5fb	262144	Bionic Commando (USA)
Bishoujo Senshi Sailor Moon (Japan)	c2763e73	131072	Bishoujo Senshi Sailor Moon (Japan)
Bishoujo Senshi Sailor Moon R (Japan)	ea759875	262144	Bishoujo Senshi Sailor Moon R (Japan)
Black Bass - Lure Fishing (USA)	2db3dace	262144	Black Bass - Lure Fishing (USA)
Blades of Steel (Europe)	f7be0002	131072	Blades of Steel (USA)
Blades of Steel (USA)	e81c9fb9	131072	Blades of Steel (USA)
Blaster Master Boy (USA)	3b2c7118	131072	Blaster Master Boy (World) (Evercade)
Blaster Master Boy (USA) (Beta)	4ea70173	131072	Blaster Master Boy (World) (Evercade)
Blaster Master Boy (World) (Evercade)	42284c26	131072	Blaster Master Boy (World) (Evercade)
Blaster Master Jr. (Europe)	e9f9016f	131072	Blaster Master Boy (World) (Evercade)
Block Kuzushi GB (Japan) (SGB Enhanced)	54b67501	131072	Block Kuzushi GB (Japan) (SGB Enhanced)
Blodia (Japan) (En)	51ff6e53	65536	Blodia (Japan) (En)
Blues Brothers (USA, Europe) (Beta)	1f90d12a	131072	Blues Brothers, The (USA, Europe)
Blues Brothers, The (USA, Europe)	adb66eff	131072	Blues Brothers, The (USA, Europe)
Blues Brothers, The - Jukebox Adventure (Europe)	f1c0fb1d	131072	Blues Brothers, The - Jukebox Adventure (Europe)
Bo Jackson - Two Games in One (USA)	7edb78ab	131072	Bo Jackson - Two Games in One (USA)
Boggle Plus (USA)	70c8c799	131072	Boggle Plus (USA)
Bokujou Monogatari GB (Japan) (Rev 1) (SGB Enhanced)	da218e44	524288	Harvest Moon GB (USA) (SGB Enhanced)
Bokujou Monogatari GB (Japan) (SGB Enhanced)	d3e2fd02	524288	Harvest Moon GB (USA) (SGB Enhanced)
Bokujou Monogatari GB (Japan) (SGB Enhanced) (NP)	0424df85	524288	Harvest Moon GB (USA) (SGB Enhanced)
Bomb Jack (Europe)	9bd8815e	32768	Bomb Jack (Europe)
Bomb Jack (Europe) (Beta 1)	ffa0e67a	32768	Bomb Jack (Europe)
Bomb Jack (Europe) (Beta 2)	7ca8e543	32768	Bomb Jack (Europe)
Bomber Boy (Japan) (En)	ef9595ac	131072	Atomic Punk (USA)
Bomber King - Scenario 2 (Japan) (En)	b8fe9077	131072	Blaster Master Boy (World) (Evercade)
Bomberman Collection (Japan) (SGB Enhanced)	509a6b73	1048576	Bomberman Collection (Japan) (SGB Enhanced)
Bomberman GB (Japan) (SGB Enhanced)	94337d56	262144	Wario Blast Featuring Bomberman! (USA, Europe) (SGB Enhanced)
Bomberman GB (USA, Europe) (SGB Enhanced)	f372d175	262144	Bomberman GB (USA, Europe) (SGB Enhanced)
Bomberman GB 2 (Japan) (SGB Enhanced)	6157443b	262144	Bomberman GB (USA, Europe) (SGB Enhanced)
Bomberman GB 3 (Japan) (SGB Enhanced)	f658b7a7	262144	Bomberman GB 3 (Japan) (SGB Enhanced)
Bonk's Adventure (USA)	a7cdbb96	262144	Bonk's Adventure (USA)
Bonk's Adventure (USA) (Beta)	8d706dbc	262144	Bonk's Adventure (USA)
Bonk's Revenge (USA) (SGB Enhanced)	f1344b78	262144	Bonk's Revenge (USA) (SGB Enhanced)
Booby Boys (Japan)	ec83c0b6	262144	Booby Boys (Japan)
Boomer's Adventure in ASMIK World (USA)	105bc1c0	65536	Boomer's Adventure in ASMIK World (USA)
Bouken! Puzzle Road (Japan)	9f0f3606	32768	Daedalian Opus (USA)
Boulder Dash (Europe)	644aec3e	65536	Boulder Dash (Europe)
Boulder Dash (Japan) (En)	b5b3f85b	65536	Boulder Dash (Europe)
Boxing (Japan) (En)	ef7e9fa0	65536	Heavyweight Championship Boxing (USA)
Boxxle (USA)	24843867	32768	Boxxle (USA)
Boxxle (USA, Europe) (Rev 1)	c09cee99	32768	Boxxle (USA)
Boxxle II (USA, Europe)	c08e9756	32768	Boxxle II (USA, Europe)
Brain Bender (Europe)	b651bf5d	32768	Brain Bender (World) (Evercade)
Brain Bender (USA)	fbb1f2a1	32768	Brain Bender (World) (Evercade)
Brain Bender (World) (Evercade)	aa1618c6	32768	Brain Bender (World) (Evercade)
Brain Drain (Europe) (SGB Enhanced)	8a7fb0e6	131072	Brain Drain (USA) (SGB Enhanced)
Brain Drain (Japan) (En) (SGB Enhanced)	e558aacd	131072	Brain Drain (USA) (SGB Enhanced)
Brain Drain (USA) (SGB Enhanced)	aff0b159	131072	Brain Drain (USA) (SGB Enhanced)
Bram Stoker's Dracula (USA, Europe)	00cd1876	131072	Bram Stoker's Dracula (USA, Europe)
BreakThru! (USA)	5b8f0df2	131072	BreakThru! (USA)
Bubble Bobble (Japan) (En)	ad9b300c	131072	Bubble Bobble (USA, Europe)
Bubble Bobble (USA, Europe)	d516841d	131072	Bubble Bobble (USA, Europe)
Bubble Bobble (USA, Europe) (Beta) (1990-12-28)	fdb7e8da	131072	Bubble Bobble (USA, Europe)
Bubble Bobble Junior (Japan) (En)	39e261b9	131072	Bubble Bobble Part 2 (USA, Europe)
Bubble Bobble Part 2 (USA, Europe)	4106d781	131072	Bubble Bobble Part 2 (USA, Europe)
Bubble Ghost (Japan) (En)	874d0d6f	32768	Bubble Ghost (USA, Europe)
Bubble Ghost (USA, Europe)	843068fd	32768	Bubble Ghost (USA, Europe)
Bubble Ghost (USA, Europe) (Beta)	4a083f6f	32768	Bubble Ghost (USA, Europe)
Bubsy II (Europe)	a3164516	262144	Bubsy II (USA)
Bubsy II (USA)	600a6ad5	262144	Bubsy II (USA)
Bugs Bunny Collection (Japan) (Rev 1) (SGB Enhanced)	8244220b	262144	Bugs Bunny Collection (Japan) (SGB Enhanced)
Bugs Bunny Collection (Japan) (SGB Enhanced)	d2dbea8f	262144	Bugs Bunny Collection (Japan) (SGB Enhanced)
Bugs Bunny Crazy Castle 2, The (USA)	a973e604	131072	Bugs Bunny Crazy Castle 2, The (USA)
Bugs Bunny Crazy Castle, The (USA, Europe)	403e1b7e	65536	Bugs Bunny Crazy Castle, The (USA, Europe)
Burai Fighter Deluxe (USA, Europe)	3c86f5db	65536	Burai Fighter Deluxe (USA, Europe)
Burai Senshi Deluxe (Japan) (En)	5a1a20f3	65536	Burai Fighter Deluxe (USA, Europe)
BurgerTime Deluxe (World)	88219a49	65536	BurgerTime Deluxe (World)
Burning Paper (Japan) (En)	88f8c991	131072	Burning Paper (Japan) (En)
Bust-A-Move 2 - Arcade Edition (USA, Europe)	b94724e6	131072	Bust-A-Move 2 - Arcade Edition (USA, Europe)
Bust-A-Move 3 DX (Europe)	e555c612	131072	Bust-A-Move 3 DX (Europe)
Buster Bros. (USA)	b4245ca3	131072	Buster Bros. (USA)
Cadillac II (Japan)	a6c98122	65536	Square Deal - The Game of Two-Dimensional Poker (USA)
Caesars Palace (Europe) (En,Fr,De,Es,It)	78bf3633	131072	Caesars Palace (USA)
Caesars Palace (Japan)	000aaa74	131072	Caesars Palace (USA)
Caesars Palace (USA)	d9f901a9	131072	Caesars Palace (USA)
Caesars Palace (USA) (Rev 1)	87a9d605	131072	Caesars Palace (USA)
Capcom Quiz - Hatena no Daibouken (Japan)	8042afc5	262144	Capcom Quiz - Hatena no Daibouken (Japan)
Captain America and the Avengers (USA)	c762b783	131072	Captain America and the Avengers (USA)
Captain Tsubasa J - Zenkoku Seiha e no Chousen (Japan) (SGB Enhanced)	33a1e1cf	524288	Captain Tsubasa J - Zenkoku Seiha e no Chousen (Japan) (SGB Enhanced)
Captain Tsubasa VS (Japan)	a795e851	262144	Captain Tsubasa VS (Japan)
Card Game (Japan) (En)	d05f4c90	65536	Card Game (Japan) (En)
Card Games (USA) (Proto)	8217204a	65536	Card Game (Japan) (En)
Casino FunPak (USA, Europe)	8641ba55	131072	Casino FunPak (USA, Europe)
Casper (Europe)	e4b30634	131072	Casper (USA)
Casper (USA)	e67a10e1	131072	Casper (USA)
Casper (USA) (Beta)	e0ab72fb	131072	Casper (USA)
Castelian (Europe)	2f752404	32768	Castelian (USA)
Castelian (USA)	f2d739e4	32768	Castelian (USA)
Castelian (USA) (Beta)	a08cb239	32768	Castelian (USA)
Castle Quest (Europe)	2f8aaf6f	131072	Castle Quest (Europe)
Castle Quest (Europe) (Beta)	8a5636ea	131072	Castle Quest (Europe)
Castlevania - The Adventure (Europe)	6977c265	65536	Castlevania - The Adventure (USA)
Castlevania - The Adventure (USA)	216e6aa1	65536	Castlevania - The Adventure (USA)
Castlevania - The Adventure (USA) (Castlevania Anniversary Collection)	548ce311	65536	Castlevania - The Adventure (USA)
Castlevania II - Belmont's Revenge (USA, Europe)	8875c8fe	131072	Castlevania II - Belmont's Revenge (USA, Europe)
Castlevania II - Belmont's Revenge (USA, Europe) (Castlevania Anniversary Collection)	bd28ba07	131072	Castlevania II - Belmont's Revenge (USA, Europe)
Castlevania Legends (USA, Europe) (SGB Enhanced)	ad9c17fb	262144	Castlevania Legends (USA, Europe) (SGB Enhanced)
Catrap (USA)	adb96150	32768	Catrap (USA)
Catrap (USA) (Beta)	ca3bc888	32768	Catrap (USA)
Cave Noire (Japan)	44256a2f	131072	Cave Noire (Japan)
Centipede (USA) (Majesco)	e957014f	131072	Arcade Classic No. 2 - Centipede & Millipede (USA, Europe) (SGB Enhanced)
Centipede (USA, Europe) (Accolade)	245afcdc	32768	Centipede (USA, Europe) (Accolade)
Chachamaru Boukenki 3 - Abyss no Tou (Japan)	9dfd4bc0	131072	Chachamaru Boukenki 3 - Abyss no Tou (Japan)
Chachamaru Panic (Japan)	aa920298	65536	Chachamaru Panic (Japan)
Chalvo 55 - Super Puzzle Action (Japan)	74d50b47	524288	Chalvo 55 - Super Puzzle Action (Japan)
Championship Pool (USA)	ef02beb6	131072	Championship Pool (USA)
Chase H.Q. (USA, Europe)	67a45d19	131072	Chase H.Q. (USA, Europe)
Chessmaster, The (Europe)	02852e24	65536	Chessmaster, The (USA, Europe)
Chessmaster, The (Japan) (En)	82150e4a	65536	Chessmaster, The (USA, Europe)
Chessmaster, The (USA) (Rev 1)	59ed370c	65536	Chessmaster, The (USA, Europe)
Chessmaster, The (USA, Europe)	0c1d2b68	65536	Chessmaster, The (USA, Europe)
Chibi Maruko-chan - Maruko Deluxe Theater (Japan) (SGB Enhanced)	886049f9	131072	Chibi Maruko-chan - Maruko Deluxe Theater (Japan) (SGB Enhanced)
Chibi Maruko-chan - Okozukai Daisakusen! (Japan)	eab175ff	65536	Chibi Maruko-chan - Okozukai Daisakusen! (Japan)
Chibi Maruko-chan 2 - Deluxe Maruko World (Japan)	abff3314	131072	Chibi Maruko-chan 2 - Deluxe Maruko World (Japan)
Chibi Maruko-chan 3 - Mezase! Game Taishou no Maki (Japan)	44e933c8	131072	Chibi Maruko-chan 3 - Mezase! Game Taishou no Maki (Japan)
Chibi Maruko-chan 4 - Kore ga Nihon Da yo! Ouji-sama (Japan)	e55138be	131072	Chibi Maruko-chan 4 - Kore ga Nihon Da yo! Ouji-sama (Japan)
Chiki Chiki Machine Mou Race (Japan)	7e40044a	131072	Chiki Chiki Machine Mou Race (Japan)
Chiki Chiki Tengoku (Japan)	eb33f601	32768	Chiki Chiki Tengoku (Japan)
Chikyuu Kaihou Gun ZAS (Japan) (En)	7bfd1cff	131072	Chikyuu Kaihou Gun ZAS (World) (ModRetro Chromatic)
Chikyuu Kaihou Gun ZAS (World) (ModRetro Chromatic)	b7f5ced2	131072	Chikyuu Kaihou Gun ZAS (World) (ModRetro Chromatic)
Choplifter II (Japan) (En)	5109f484	131072	Choplifter II - Rescue & Survive (USA)
Choplifter II - Rescue & Survive (Europe)	5e2e4e19	131072	Choplifter II - Rescue & Survive (USA)
Choplifter II - Rescue & Survive (USA)	9c7d5e79	131072	Choplifter II - Rescue & Survive (USA)
Choplifter III (Europe)	1b3b46ef	131072	Choplifter III (Europe)
Chou Mashin Eiyuu Den Wataru - Mazekko Monster (Japan) (Beta) (SGB Enhanced)	e6c3a473	524288	Chou Mashin Eiyuu Den Wataru - Mazekko Monster (Japan) (SGB Enhanced)
Chou Mashin Eiyuu Den Wataru - Mazekko Monster (Japan) (SGB Enhanced)	b3e8028d	524288	Chou Mashin Eiyuu Den Wataru - Mazekko Monster (Japan) (SGB Enhanced)
Chou Mashin Eiyuu Den Wataru - Mazekko Monster 2 (Japan) (SGB Enhanced)	e5520693	524288	Chou Mashin Eiyuu Den Wataru - Mazekko Monster 2 (Japan) (SGB Enhanced)
Chousoku Spinner (Japan) (SGB Enhanced)	b4fa9cf2	524288	Chousoku Spinner (Japan) (SGB Enhanced)
Chuck Rock (USA, Europe)	c5951d9e	131072	Chuck Rock (USA, Europe)
Cliffhanger (USA, Europe)	aa133439	131072	Cliffhanger (USA, Europe)
Collection Pocket (Japan) (SGB Enhanced)	34e62c8b	262144	Collection Pocket (Japan) (SGB Enhanced)
College Slam (USA)	a549a572	524288	College Slam (USA)
Contra (Japan) (En)	cde6de15	131072	Operation C (USA)
Contra (World) (Contra Anniversary Collection)	cc67a046	131072	Operation C (USA)
Contra - The Alien Wars (USA) (SGB Enhanced)	f1c81eb0	131072	Contra - The Alien Wars (USA) (SGB Enhanced)
Contra Spirits (Japan) (SGB Enhanced)	7fc22df5	131072	Contra - The Alien Wars (USA) (SGB Enhanced)
Cool Ball (USA)	e045b886	32768	Cool Ball (USA)
Cool Hand (Europe)	0d430d1a	262144	Cool Hand (Europe)
Cool Hand (Europe) (Fr,De)	a2f01695	262144	Cool Hand (Europe)
Cool Spot (Europe)	1987eacc	131072	Cool Spot (USA)
Cool Spot (USA)	aba1dac9	131072	Cool Spot (USA)
Cool World (USA, Europe)	a193c0d0	131072	Cool World (USA, Europe)
Cosmo Tank (Japan)	80b21df1	131072	Cosmo Tank (USA)
Cosmo Tank (Japan) (Beta)	2022bbb9	131072	Cosmo Tank (USA)
Cosmo Tank (USA)	2e767d25	131072	Cosmo Tank (USA)
Cosmo Tank (USA) (Beta)	1c6770f0	131072	Cosmo Tank (USA)
Crayon Shin-chan - Ora no Gokigen Collection (Japan) (SGB Enhanced)	dc723a9e	262144	Crayon Shin-chan - Ora no Gokigen Collection (Japan) (SGB Enhanced)
Crayon Shin-chan - Ora to Shiro wa Otomodachi Da yo (Japan)	2699942c	131072	Crayon Shin-chan - Ora to Shiro wa Otomodachi Da yo (Japan)
Crayon Shin-chan 2 - Ora to Wanpaku Gokko Dazo (Japan)	ca6e0be0	131072	Crayon Shin-chan 2 - Ora to Wanpaku Gokko Dazo (Japan)
Crayon Shin-chan 3 - Ora no Gokigen Athletic (Japan)	24a12807	131072	Crayon Shin-chan 3 - Ora no Gokigen Athletic (Japan)
Crayon Shin-chan 4 - Ora no Itazura Daihenshin (Japan) (SGB Enhanced)	37d4aa8c	131072	Crayon Shin-chan 4 - Ora no Itazura Daihenshin (Japan) (SGB Enhanced)
Crystal Quest (USA)	51300cfd	32768	Crystal Quest (USA)
Cult Jump (Japan)	943059ba	262144	Cult Jump (Japan)
Cult Master - Ultraman ni Miserarete (Japan)	c3eb82ef	262144	Cult Master - Ultraman ni Miserarete (Japan)
CutThroat Island (Japan) (En) (Proto)	6a5f5a0d	262144	CutThroat Island (USA, Europe)
CutThroat Island (USA, Europe)	eebdd360	262144	CutThroat Island (USA, Europe)
Cyraid (USA)	9d00da55	65536	Cyraid (USA)
DX Bakenou Z (Japan)	3ef2e823	131072	DX Bakenou Z (Japan)
DX Bakenou Z (Japan) (Rev 1)	fadfd0f6	131072	DX Bakenou Z (Japan)
Daedalian Opus (USA)	b6b51fce	32768	Daedalian Opus (USA)
Daffy Duck (Europe)	13dd647d	131072	Daffy Duck (USA, Europe) (SGB Enhanced)
Daffy Duck (USA, Europe) (SGB Enhanced)	c47671f3	262144	Daffy Duck (USA, Europe) (SGB Enhanced)
Dai-2-ji Super Robot Taisen G (Japan) (SGB Enhanced)	df8b2b20	524288	Dai-2-ji Super Robot Taisen G (Japan) (SGB Enhanced)
Daikaijuu Monogatari - The Miracle of the Zone (Japan) (SGB Enhanced)	26d2d5c2	524288	Daikaijuu Monogatari - The Miracle of the Zone (Japan) (SGB Enhanced)
Daiku no Gen-san - Ghost Building Company (Japan)	9e0d2b45	262144	Hammerin' Harry (Europe)
Daiku no Gen-san - Robot Teikoku no Yabou (Japan)	70819e03	262144	Daiku no Gen-san - Robot Teikoku no Yabou (Japan)
Daisenryaku (Japan)	c8f80d90	131072	Daisenryaku (Japan)
Darkman (USA, Europe)	ff858da9	131072	Darkman (USA, Europe)
Darkwing Duck (Europe)	be975b4f	131072	Darkwing Duck (USA)
Darkwing Duck (Germany)	176c1fa2	131072	Darkwing Duck (USA)
Darkwing Duck (Spain)	a1d4c544	131072	Darkwing Duck (USA)
Darkwing Duck (USA)	238b9646	131072	Darkwing Duck (USA)
Darkwing Duck (USA) (Beta)	311ade03	131072	Darkwing Duck (USA)
David Crane's The Rescue of Princess Blobette (Europe)	25f82bb1	65536	David Crane's The Rescue of Princess Blobette (World) (Limited Run Games)
David Crane's The Rescue of Princess Blobette (USA)	8210a03f	65536	David Crane's The Rescue of Princess Blobette (World) (Limited Run Games)
David Crane's The Rescue of Princess Blobette (USA) (Beta) (1990-09-26)	da5411d5	65536	David Crane's The Rescue of Princess Blobette (World) (Limited Run Games)
David Crane's The Rescue of Princess Blobette (World) (Limited Run Games)	0c24923e	65536	David Crane's The Rescue of Princess Blobette (World) (Limited Run Games)
Days of Thunder (USA, Europe)	35d9be0e	131072	Days of Thunder (USA, Europe)
Dead Heat Scramble (Japan) (En)	a8301bdd	65536	Dead Heat Scramble (USA)
Dead Heat Scramble (USA)	9e3e3656	65536	Dead Heat Scramble (USA)
Dennis (Europe)	896a30a8	131072	Dennis the Menace (USA)
Dennis (Europe) (Beta) (1993-09-13)	807d34a4	131072	Dennis the Menace (USA)
Dennis the Menace (USA)	7eb0cd32	131072	Dennis the Menace (USA)
Desert Strike - Return to the Gulf (Europe) (SGB Enhanced)	b700f7f7	262144	Desert Strike - Return to the Gulf (USA) (SGB Enhanced)
Desert Strike - Return to the Gulf (USA) (SGB Enhanced)	6a702c32	262144	Desert Strike - Return to the Gulf (USA) (SGB Enhanced)
Dexterity (USA, Europe)	659e2283	65536	Dexterity (USA, Europe)
Dexterity (USA, Europe) (Beta) (1990-03-30)	c9e34ca0	65536	Dexterity (USA, Europe)
Diablo (USA) (Proto)	aaaad0b6	131072	Diablo (USA) (Proto)
Dick Tracy (USA)	a308b86b	131072	Dick Tracy (USA)
Dig Dug (Europe)	0af905c0	131072	Dig Dug (USA)
Dig Dug (USA)	6c742478	131072	Dig Dug (USA)
Dino Breeder (Japan) (Rev 1) (SGB Enhanced)	5b289ab4	262144	Dino Breeder (Japan) (SGB Enhanced)
Dino Breeder (Japan) (SGB Enhanced)	3f0aafec	262144	Dino Breeder (Japan) (SGB Enhanced)
Dino Breeder 2 (Japan) (SGB Enhanced)	05a3ab7a	524288	Dino Breeder 2 (Japan) (SGB Enhanced)
Dirty Racing (Europe) (Proto)	974a3cbe	131072	Dirty Racing (Japan)
Dirty Racing (Japan)	43af45b1	131072	Dirty Racing (Japan)
Dodge Boy (Japan)	f58dc358	131072	Dodge Boy (Japan)
Donkey Kong (Japan, USA) (En) (SGB Enhanced)	edab3378	524288	Donkey Kong (Japan, USA) (En) (SGB Enhanced)
Donkey Kong (World) (Rev 1) (SGB Enhanced)	f777a5d8	524288	Donkey Kong (Japan, USA) (En) (SGB Enhanced)
Donkey Kong Land (Japan) (SGB Enhanced)	9aeca05c	524288	Donkey Kong Land 2 (USA, Europe) (SGB Enhanced)
Donkey Kong Land (USA, Europe) (SGB Enhanced)	49dc0d37	524288	Donkey Kong Land (USA, Europe) (SGB Enhanced)
Donkey Kong Land 2 (Japan) (Proto) (SGB Enhanced)	68e5fc2a	524288	Donkey Kong Land III (USA, Europe) (SGB Enhanced)
Donkey Kong Land 2 (USA, Europe) (SGB Enhanced)	2827e5d4	524288	Donkey Kong Land 2 (USA, Europe) (SGB Enhanced)
Donkey Kong Land III (USA, Europe) (Beta) (SGB Enhanced)	872bbd5e	524288	Donkey Kong Land III (USA, Europe) (SGB Enhanced)
Donkey Kong Land III (USA, Europe) (Rev 1) (SGB Enhanced)	a19acdb6	524288	Donkey Kong Land III (USA, Europe) (SGB Enhanced)
Donkey Kong Land III (USA, Europe) (SGB Enhanced)	b40c159c	524288	Donkey Kong Land III (USA, Europe) (SGB Enhanced)
Doomsayer - A Hero's Crusade (USA) (Proto)	e74cb320	131072	Little Master - Raikuban no Densetsu (Japan)
Doraemon - Taiketsu HimitsuDougu!! (Japan)	a42524a3	131072	Doraemon - Taiketsu HimitsuDougu!! (Japan)
Doraemon 2 - Animal Planet Densetsu (Japan)	843bd5bc	131072	Doraemon 2 - Animal Planet Densetsu (Japan)
Doraemon Kart (Japan) (SGB Enhanced)	dd4e588f	262144	Doraemon Kart (Japan) (SGB Enhanced)
Doraemon no Game Boy de Asobouyo Deluxe 10 (Japan) (SGB Enhanced)	b368e717	262144	Doraemon no Game Boy de Asobouyo Deluxe 10 (Japan) (SGB Enhanced)
Doraemon no Study Boy 1 - Shou 1 Kokugo Kanji (Japan)	652b3ca4	524288	Doraemon no Study Boy 1 - Shou 1 Kokugo Kanji (Japan)
Doraemon no Study Boy 2 - Shou 1 Sansuu Keisan (Japan)	5333d083	524288	Doraemon no Study Boy 2 - Shou 1 Sansuu Keisan (Japan)
Doraemon no Study Boy 3 - Ku Ku Master (Japan)	0356a509	524288	Doraemon no Study Boy 3 - Ku Ku Master (Japan)
Doraemon no Study Boy 4 - Shou ni Kokugo Kanji (Japan)	45e3e8f2	524288	Doraemon no Study Boy 4 - Shou ni Kokugo Kanji (Japan)
Doraemon no Study Boy 5 - Shou 2 Sansuu Keisan (Japan)	6b39f607	524288	Doraemon no Study Boy 5 - Shou 2 Sansuu Keisan (Japan)
Doraemon no Study Boy 6 - Gakushuu Kanji Master 1006 (Japan)	5a16c88d	1048576	Doraemon no Study Boy 6 - Gakushuu Kanji Master 1006 (Japan)
Double Dragon (Japan) (En)	a0645e8a	131072	Double Dragon (World) (Evercade)
Double Dragon (USA, Europe)	40a8bf12	131072	Double Dragon (World) (Evercade)
Double Dragon (World) (Evercade)	8ae3f5ed	131072	Double Dragon (World) (Evercade)
Double Dragon 3 - The Arcade Game (USA, Europe)	fc970aef	131072	Double Dragon 3 - The Arcade Game (USA, Europe)
Double Dragon II (USA, Europe)	5b96e474	131072	Double Dragon II (USA, Europe)
Double Dribble - 5 on 5 (USA)	ee28749d	131072	Double Dribble - 5 on 5 (USA)
Double Yakuman (Japan)	252c32b5	131072	Double Yakuman (Japan)
Double Yakuman II (Japan)	a3d77a55	131072	Double Yakuman II (Japan)
Double Yakuman Jr. (Japan)	34ac7268	131072	Double Yakuman Jr. (Japan)
Downtown - Nekketsu Koushinkyoku - Dokodemo Daiundoukai (Japan)	82511a8f	262144	Downtown - Nekketsu Koushinkyoku - Dokodemo Daiundoukai (Japan)
Downtown Special - Kunio-kun no Jidaigeki Da yo Zenin Shuugou! (Japan)	229e9113	262144	Downtown Special - Kunio-kun no Jidaigeki Da yo Zenin Shuugou! (Japan)
Dr. Franken (Europe) (En,Fr,De,Es,It,Nl,Sv)	f13a60b8	262144	Dr. Franken (USA)
Dr. Franken (Europe) (En,Fr,De,Es,It,Nl,Sv) (Beta)	a65adc31	262144	Dr. Franken (USA)
Dr. Franken (Japan) (En)	3d04b8e7	131072	Dr. Franken (USA)
Dr. Franken (USA)	d409375b	131072	Dr. Franken (USA)
Dr. Franken 3 (USA, Europe) (Proto) (1993-06-10)	e3a81257	131072	Dr. Franken 3 (USA, Europe) (Proto) (1993-06-10)
Dr. Franken II (USA, Europe) (En,Fr,De,Es,It,Nl,Sv)	0d62473d	262144	Dr. Franken II (USA, Europe) (En,Fr,De,Es,It,Nl,Sv)
Dr. Mario (World)	10c98dd1	32768	Dr. Mario (World)
Dr. Mario (World) (Beta)	2b2f4f8f	32768	Dr. Mario (World)
Dr. Mario (World) (Rev 1)	f0225dd0	32768	Dr. Mario (World)
Dracula Densetsu (Japan)	a35b9ef5	65536	Castlevania - The Adventure (USA)
Dracula Densetsu (Japan) (Castlevania Anniversary Collection)	4d57af56	65536	Castlevania - The Adventure (USA)
Dracula Densetsu II (Japan)	7582ae14	131072	Castlevania II - Belmont's Revenge (USA, Europe)
Dracula Densetsu II (Japan) (Castlevania Anniversary Collection)	8709434b	131072	Castlevania II - Belmont's Revenge (USA, Europe)
Dragon Ball Z - Gokuu Gekitouden (Japan) (SGB Enhanced)	ff3c027d	524288	Dragon Ball Z - Gokuu Gekitouden (Japan) (SGB Enhanced)
Dragon Ball Z - Gokuu Hishouden (Japan) (SGB Enhanced)	38da46d7	262144	Dragon Ball Z - Gokuu Hishouden (Japan) (SGB Enhanced)
Dragon Slayer Gaiden - Nemuri no Oukan (Japan)	10dcbdc3	131072	Dragon Slayer Gaiden - Nemuri no Oukan (Japan)
Dragon Slayer I (Japan) (En)	308a2465	32768	Dragon Slayer I (Japan) (En)
Dragon Tail (Japan) (En)	1d1155af	131072	Nail 'n Scale (USA, Europe)
Dragon's Lair (Japan) (En)	73c994a0	131072	Dragon's Lair - The Legend (World) (Incube8 Games)
Dragon's Lair - The Legend (Europe)	00a14889	131072	Dragon's Lair - The Legend (World) (Incube8 Games)
Dragon's Lair - The Legend (USA)	7a38b5c3	131072	Dragon's Lair - The Legend (World) (Incube8 Games)
Dragon's Lair - The Legend (World) (Incube8 Games)	040843c1	131072	Dragon's Lair - The Legend (World) (Incube8 Games)
DragonHeart (France)	8d089356	524288	DragonHeart (USA, Europe)
DragonHeart (USA, Europe)	5129a518	524288	DragonHeart (USA, Europe)
Dropzone (Europe)	351a7277	32768	Dropzone (Europe)
Dropzone (Europe) (Beta)	374f80b0	131072	Dropzone (Europe)
Druaga no Tou (Japan) (En)	f924bdb1	131072	Druaga no Tou (Japan) (En)
DuckTales (Europe)	ac6483dc	65536	DuckTales (USA)
DuckTales (Japan)	5b5410f5	65536	DuckTales (USA)
DuckTales (USA)	2bbbb54d	65536	DuckTales (USA)
DuckTales 2 (Europe)	169b00c1	131072	DuckTales 2 (USA)
DuckTales 2 (Japan)	2b693cde	131072	DuckTales 2 (USA)
DuckTales 2 (USA)	b151509d	131072	DuckTales 2 (USA)
Dungeon Land (Japan)	11be4b45	131072	Dungeon Land (Japan)
Dynablaster (Europe)	9677d157	131072	Atomic Punk (USA)
Earthworm Jim (Europe)	b1a7a008	262144	Earthworm Jim (USA)
Earthworm Jim (USA)	259ff267	262144	Earthworm Jim (USA)
Eclipse (Europe) (Proto)	6b507efd	65536	X (Japan)
Eddie's Puzzle Time (USA) (Proto)	f2600f02	65536	Eddie's Puzzle Time (USA) (Proto)
Elevator Action (Japan) (En)	bead8ae4	65536	Elevator Action (USA, Europe)
Elevator Action (USA, Europe)	b749a927	65536	Elevator Action (USA, Europe)
Elite Soccer (USA) (SGB Enhanced)	f54158a6	131072	Elite Soccer (USA) (SGB Enhanced)
Extra Bases (USA)	19608641	131072	Extra Bases (USA)
F-1 Race (World)	7e4febdf	131072	F-1 Race (World)
F-1 Race (World) (Rev 1)	ab83bd70	131072	F-1 Race (World)
F-1 Spirit (Japan)	f9e08783	131072	World Circuit Series (USA)
F-15 Strike Eagle (USA, Europe)	045dee8c	131072	F-15 Strike Eagle (USA, Europe)
F-15 Strike Eagle II (USA, Europe) (Beta) (July, 1992)	d80bdbba	131072	F-15 Strike Eagle (USA, Europe)
F1 Boy (Japan)	fac1f53b	65536	Sunsoft Grand Prix (Europe)
F1 Challenge (Europe) (Beta)	bc505a3b	262144	F1 Pole Position (USA, Europe)
F1 Pole Position (USA, Europe)	aabe61bb	262144	F1 Pole Position (USA, Europe)
FIFA - Road to World Cup 98 (Europe) (Rev 1) (SGB Enhanced)	8dc0d46c	524288	FIFA - Road to World Cup 98 (Europe) (SGB Enhanced)
FIFA - Road to World Cup 98 (Europe) (SGB Enhanced)	cdf6a5ac	524288	FIFA - Road to World Cup 98 (Europe) (SGB Enhanced)
FIFA International Soccer (USA, Europe) (En,Fr,De,Es) (SGB Enhanced)	e5989908	524288	FIFA International Soccer (USA, Europe) (En,Fr,De,Es) (SGB Enhanced)
FIFA Soccer 96 (USA, Europe) (En,Fr,De,Es) (SGB Enhanced)	af4a5de1	524288	FIFA Soccer 96 (USA, Europe) (En,Fr,De,Es) (SGB Enhanced)
FIFA Soccer 97 (USA, Europe) (SGB Enhanced)	dcab906c	524288	FIFA Soccer 97 (USA, Europe) (SGB Enhanced)
Faceball 2000 (USA)	7d890cd0	131072	Faceball 2000 (USA)
Family Jockey (Japan)	d6ef1450	131072	Family Jockey (Japan)
Family Jockey 2 - Meiba no Kettou (Japan)	0325e729	131072	Family Jockey 2 - Meiba no Kettou (Japan)
Famista (Japan)	3d3c059e	131072	Extra Bases (USA)
Famista 2 (Japan)	241a6e4c	131072	Famista 2 (Japan)
Famista 3 (Japan)	bdc4ccc3	262144	Famista 3 (Japan)
Fastest Lap (Japan) (En)	59285f0a	131072	Fastest Lap (USA)
Fastest Lap (USA)	a9ba7875	131072	Fastest Lap (USA)
Felix the Cat (USA, Europe)	f53f7f00	131072	Felix the Cat (USA, Europe)
Felix the Cat (USA, Europe) (Beta)	b1734088	131072	Felix the Cat (USA, Europe)
Ferrari (Japan) (En)	a7bdfec8	131072	Ferrari Grand Prix Challenge (USA, Europe)
Ferrari Grand Prix Challenge (USA, Europe)	ed6771db	131072	Ferrari Grand Prix Challenge (USA, Europe)
Fidgetts, The (Japan) (En)	ffd4a9e3	262144	Fidgetts, The (World) (En,Fr,De,Es,It,Nl,Sv) (Evercade)
Fidgetts, The (USA, Europe) (En,Fr,De,Es,It,Nl,Sv)	b3fd3e36	262144	Fidgetts, The (World) (En,Fr,De,Es,It,Nl,Sv) (Evercade)
Fidgetts, The (World) (En,Fr,De,Es,It,Nl,Sv) (Evercade)	87e018be	262144	Fidgetts, The (World) (En,Fr,De,Es,It,Nl,Sv) (Evercade)
Fighting Simulator 2 in 1 - Flying Warriors (USA, Europe)	52678ae8	131072	Fighting Simulator 2 in 1 - Flying Warriors (USA, Europe)
Final Fantasy Adventure (USA)	18c78b3a	262144	Final Fantasy Adventure (USA)
Final Fantasy Adventure (World) (Collection of Mana)	8e5e5097	262144	Final Fantasy Adventure (USA)
Final Fantasy Legend II (USA)	58314182	262144	Final Fantasy Legend II (USA)
Final Fantasy Legend II (World) (Collection of SaGa)	e84e051a	262144	Final Fantasy Legend II (USA)
Final Fantasy Legend III (USA)	3e454710	262144	Final Fantasy Legend III (USA)
Final Fantasy Legend III (World) (Collection of SaGa)	0c5171ef	262144	Final Fantasy Legend III (USA)
Final Fantasy Legend, The (USA)	8046148f	131072	Final Fantasy Legend, The (USA)
Final Fantasy Legend, The (World) (Collection of SaGa)	00388844	131072	Final Fantasy Legend, The (USA)
Final Reverse (Japan) (En)	e94a6942	65536	Final Reverse (Japan) (En)
Fire Fighter (Europe)	c46bbd49	131072	Fire Fighter (Europe)
Fish Dude (USA)	4b929719	65536	Fish Dude (USA)
Fist of the North Star (USA)	9a84b6cf	131072	Fist of the North Star (USA)
Flappy Special (Japan) (En)	3b6cdda4	32768	Flappy Special (Japan) (En)
Flappy Special (USA) (Proto)	617d0d9f	32768	Flappy Special (Japan) (En)
Flash, The (USA, Europe)	6deb1f06	131072	Flash, The (USA, Europe)
Fleet Commander VS. (Japan)	71bf3256	262144	Fleet Commander VS. (Japan)
Flintstones, The (USA, Europe)	503d3613	262144	Flintstones, The (USA, Europe)
Flintstones, The - King Rock Treasure Island (Japan) (Proto)	437600bb	131072	Flintstones, The - King Rock Treasure Island (USA, Europe)
Flintstones, The - King Rock Treasure Island (USA, Europe)	508282d0	131072	Flintstones, The - King Rock Treasure Island (USA, Europe)
Flipull (USA)	a2f30b4b	32768	Flipull (USA)
Flipull - An Exciting Cube Game (Japan) (En)	198f147d	32768	Flipull (USA)
Football International (Europe)	6e659690	131072	Football International (Europe)
Foreman for Real (Japan) (En)	860ea816	262144	Foreman for Real (USA, Europe)
Foreman for Real (USA, Europe)	77083ae0	262144	Foreman for Real (USA, Europe)
Fortified Zone (USA, Europe)	e3b59b7e	131072	Fortified Zone (USA, Europe)
Frank Thomas Big Hurt Baseball (USA, Europe)	9a494ae6	524288	Frank Thomas Big Hurt Baseball (USA, Europe)
Franky, Joe & Dirk - On the Tiles (Europe) (En,Fr,De,Es,It,Nl)	caf5b372	131072	Franky, Joe & Dirk - On the Tiles (Europe) (En,Fr,De,Es,It,Nl)
Frisky Tom (Japan) (SGB Enhanced)	0bef84a1	131072	Frisky Tom (Japan) (SGB Enhanced)
Frogger (USA)	4d933c08	131072	Frogger (USA)
From TV Animation Slam Dunk - Gakeppuchi no Kesshou League (Japan) (SGB Enhanced)	ae478a6f	262144	From TV Animation Slam Dunk - Gakeppuchi no Kesshou League (Japan) (SGB Enhanced)
From TV Animation Slam Dunk 2 - Zenkoku e no Tip Off (Japan) (SGB Enhanced)	cb35900a	524288	From TV Animation Slam Dunk 2 - Zenkoku e no Tip Off (Japan) (SGB Enhanced)
From TV Animation Slam Dunk Limited Edition (Japan) (SGB Enhanced)	ad55dbf0	262144	From TV Animation Slam Dunk - Gakeppuchi no Kesshou League (Japan) (SGB Enhanced)
Funny Field (Japan) (En)	bfd87aa4	65536	Dexterity (USA, Europe)
Fushigi no Dungeon - Fuurai no Shiren GB - Tsukikage Mura no Kaibutsu (Japan) (SGB Enhanced)	2962afb4	524288	Fushigi no Dungeon - Fuurai no Shiren GB - Tsukikage Mura no Kaibutsu (Japan) (SGB Enhanced)
Fushigina Blobby - Princess Blob o Sukue! (Japan)	3d0bac10	65536	David Crane's The Rescue of Princess Blobette (World) (Limited Run Games)
G Arms - Operation Gundam (Japan)	39058153	131072	G Arms - Operation Gundam (Japan)
GB Basketball (Japan) (En)	d9b24d21	131072	Tip Off (Europe)
GB Basketball (Japan) (En) (Beta) (1992-12-10)	2eda2d4c	131072	Tip Off (Europe)
GB Genjin (Japan)	690227f6	262144	Bonk's Adventure (USA)
GB Genjin 2 (Japan) (SGB Enhanced)	6f7ad5d9	262144	Bonk's Revenge (USA) (SGB Enhanced)
GB Genjin Land - Viva! Chikkun Oukoku (Japan)	b08bb116	262144	GB Genjin Land - Viva! Chikkun Oukoku (Japan)
GB Pachi-Slot Hisshouhou! Jr. (Japan)	a2e210e9	131072	GB Pachi-Slot Hisshouhou! Jr. (Japan)
GBKiss Mini Games (Japan)	92a03fc3	262144	GBKiss Mini Games (Japan)
GI King! - Sanbiki no Yosouya (Japan)	150bc291	65536	GI King! - Sanbiki no Yosouya (Japan)
Galaga & Galaxian (Japan) (En) (SGB Enhanced)	532036d5	131072	Arcade Classic No. 3 - Galaga & Galaxian (USA) (SGB Enhanced)
Game & Watch Gallery (Europe) (SGB Enhanced)	96ecc1e0	262144	Game & Watch Gallery (USA) (SGB Enhanced)
Game & Watch Gallery (USA) (Rev 1) (SGB Enhanced)	9e6cdc96	262144	Game & Watch Gallery (USA) (SGB Enhanced)
Game & Watch Gallery (USA) (SGB Enhanced)	99b2fe79	262144	Game & Watch Gallery (USA) (SGB Enhanced)
Game Boy Camera (USA, Europe) (SGB Enhanced)	4640909f	1048576	Game Boy Camera Gold (USA) (SGB Enhanced)
Game Boy Camera Gold (USA) (SGB Enhanced)	a1a3f786	1048576	Game Boy Camera Gold (USA) (SGB Enhanced)
Game Boy Gallery (Japan) (SGB Enhanced)	a93e125b	262144	Game & Watch Gallery (USA) (SGB Enhanced)
Game Boy Gallery - 5 Games in 1 (Europe) (SGB Enhanced)	263fd152	131072	Game Boy Gallery - 5 Games in 1 (Europe) (SGB Enhanced)
Game Boy Gallery 2 (Australia) (SGB Enhanced)	6b09508f	262144	Game & Watch Gallery (USA) (SGB Enhanced)
Game Boy Gallery 2 (Japan) (SGB Enhanced)	9359a183	524288	Game Boy Gallery 2 (Japan) (SGB Enhanced)
Game Boy Wars (Japan)	f5d364db	262144	Game Boy Wars (Japan)
Game Boy Wars Turbo (Japan) (SGB Enhanced)	94563424	524288	Game Boy Wars Turbo (Japan) (SGB Enhanced)
Game Boy Wars Turbo - Famitsu Version (Japan) (SGB Enhanced)	86d04bfb	262144	Game Boy Wars Turbo (Japan) (SGB Enhanced)
Game de Hakken!! Tamagotchi (Japan) (SGB Enhanced)	efc0f266	524288	Tamagotchi (USA, Europe) (SGB Enhanced)
Game de Hakken!! Tamagotchi - Osutchi to Mesutchi (Japan) (SGB Enhanced)	9694d69d	524288	Game de Hakken!! Tamagotchi - Osutchi to Mesutchi (Japan) (SGB Enhanced)
Game de Hakken!! Tamagotchi 2 (Japan) (SGB Enhanced)	19889c43	524288	Game de Hakken!! Tamagotchi 2 (Japan) (SGB Enhanced)
Game of Harmony, The (USA)	b0074acb	32768	Game of Harmony, The (USA)
Gamera - Daikaijuu Kuuchuu Kessen (Japan) (SGB Enhanced)	62769ec1	262144	Gamera - Daikaijuu Kuuchuu Kessen (Japan) (SGB Enhanced)
Ganbare Goemon - Kurofunetou no Nazo (Japan) (SGB Enhanced)	910afe24	262144	Mystical Ninja Starring Goemon (USA) (SGB Enhanced)
Ganbare Goemon - Sarawareta Ebisumaru (Japan)	33261c11	262144	Ganbare Goemon - Sarawareta Ebisumaru (Japan)
Ganso!! Yancha Maru (Japan)	004443e6	65536	Ganso!! Yancha Maru (Japan)
Garfield Labyrinth (Europe)	51b8626d	131072	Real Ghostbusters, The (USA)
Garfield Labyrinth (Europe) (Beta)	06884616	131072	Real Ghostbusters, The (USA)
Gargoyle's Quest (Europe) (Rev 1)	b86ef7a5	131072	Gargoyle's Quest (USA, Europe)
Gargoyle's Quest (USA, Europe)	0030e61f	131072	Gargoyle's Quest (USA, Europe)
Gargoyle's Quest II - The Demon Darkness (Europe) (Proto)	a7447341	262144	Makaimura Gaiden - The Demon Darkness (Japan)
Gargoyle's Quest II - The Demon Darkness (USA) (Proto)	db6f5930	262144	Makaimura Gaiden - The Demon Darkness (Japan)
Gauntlet II (USA, Europe)	1907dac5	262144	Gauntlet II (USA, Europe)
Gauntlet II (USA, Europe) (Beta)	965bbe1f	262144	Gauntlet II (USA, Europe)
Gear Works (USA, Europe)	b2b72056	131072	Gear Works (USA, Europe)
Gegege no Kitarou - Youkai Souzoushu Arawaru! (Japan) (SGB Enhanced)	28e507b0	262144	Gegege no Kitarou - Youkai Souzoushu Arawaru! (Japan) (SGB Enhanced)
Gekitou Power Modeller (Japan) (SGB Enhanced)	48c1ee22	524288	Gekitou Power Modeller (Japan) (SGB Enhanced)
Gem Gem (Japan)	a64a8710	65536	Gem Gem (Japan)
Genjin Collection (Japan) (SGB Enhanced)	b2eedd36	1048576	Genjin Collection (Japan) (SGB Enhanced)
Genjin Cottsu (Japan) (SGB Enhanced)	95e8fcb1	262144	Genjin Cottsu (Japan) (SGB Enhanced)
Genki Bakuhatsu Gambaruger (Japan)	6226d280	131072	Genki Bakuhatsu Gambaruger (Japan)
George Foreman's KO Boxing (USA, Europe)	7f62456b	131072	George Foreman's KO Boxing (USA, Europe)
Gerry Anderson's Thunderbirds (Japan)	149e9393	131072	Gerry Anderson's Thunderbirds (Japan)
Getaway, The - High Speed II (USA)	8f2bf517	262144	Getaway, The - High Speed II (USA)
Ghostbusters II (Japan) (En)	69b161bc	131072	Ghostbusters II (USA, Europe)
Ghostbusters II (USA, Europe)	5821ecd4	131072	Ghostbusters II (USA, Europe)
Ghostbusters II (USA, Europe) (Beta)	41423376	131072	Ghostbusters II (USA, Europe)
Ginga - Card & Puzzle Collection (Japan) (En,Ja)	87d0637b	65536	Ginga - Card & Puzzle Collection (Japan) (En,Ja)
Gluecksrad (Germany)	e8b26577	131072	Wheel of Fortune (USA)
Go Go Ackman (Japan) (SGB Enhanced)	61d80946	262144	Go Go Ackman (Japan) (SGB Enhanced)
Go! Go! Hitchhike (Japan) (SGB Enhanced)	845735de	524288	Go! Go! Hitchhike (Japan) (SGB Enhanced)
Go! Go! Tank (Japan) (En)	30ae39b6	65536	Go! Go! Tank (USA)
Go! Go! Tank (Japan) (En) (Beta)	6dcf5e7f	65536	Go! Go! Tank (USA)
Go! Go! Tank (USA)	65dfabcb	65536	Go! Go! Tank (USA)
Goal! (Europe)	533fa979	131072	Goal! (USA)
Goal! (USA)	00d4caf2	131072	Goal! (USA)
God Medicine - Fantasy Sekai no Tanjou (Japan)	a1b29ab8	262144	God Medicine - Fantasy Sekai no Tanjou (Japan)
God Medicine - Fukkokuban (Japan) (SGB Enhanced)	847e0772	524288	God Medicine - Fukkokuban (Japan) (SGB Enhanced)
Godzilla (USA, Europe)	fe4f80b7	131072	Godzilla (USA, Europe)
Gojira-kun - Kaijuu Daikoushin (Japan)	ed204600	131072	Godzilla (USA, Europe)
Golf (World)	6ed10383	131072	Golf (World)
Golf Classic (Europe) (SGB Enhanced)	a6dadb1e	262144	Sports Illustrated - Golf Classic (USA) (SGB Enhanced)
Gradius - The Interstellar Assault (USA)	90f87d57	262144	Gradius - The Interstellar Assault (USA)
Grander Musashi RV (Japan) (SGB Enhanced)	e97f2e9a	524288	Grander Musashi RV (Japan) (SGB Enhanced)
Great Greed (USA)	c4cbf6b1	262144	Great Greed (USA)
Gremlins 2 - The New Batch (World)	3579e297	131072	Gremlins 2 - The New Batch (World)
HAL Wrestling (USA)	5e4a61d3	131072	HAL Wrestling (USA)
HAL Wrestling (USA) (Beta)	b02faa0b	131072	HAL Wrestling (USA)
Hammerin' Harry (Europe)	9f09afe8	262144	Hammerin' Harry (Europe)
Hammerin' Harry - Ghost Building Company (USA) (Proto)	6c4d0377	262144	Hammerin' Harry (Europe)
Harvest Moon GB (USA) (SGB Enhanced)	1eae0e10	524288	Harvest Moon GB (USA) (SGB Enhanced)
Hatris (Japan, USA) (En)	7635f28b	65536	Hatris (Japan, USA) (En)
Hayaoshi Quiz - Ouza Ketteisen (Japan) (SGB Enhanced)	60727bf9	524288	Hayaoshi Quiz - Ouza Ketteisen (Japan) (SGB Enhanced)
Head On (Japan) (En)	78830daf	65536	Power Racer (USA)
Heavyweight Championship Boxing (USA)	1526a96b	65536	Heavyweight Championship Boxing (USA)
Heiankyo Alien (USA)	1495bbe5	32768	Heiankyo Alien (USA)
Heiankyou Alien (Japan) (En)	08bf29c9	32768	Heiankyo Alien (USA)
Heisei Tensai Bakabon (Japan)	ac044e9a	131072	Heisei Tensai Bakabon (Japan)
Heracles no Eikou - Ugokidashita Kamigami (Japan)	4f8a61bf	262144	Heracles no Eikou - Ugokidashita Kamigami (Japan)
Hercules (USA, Europe) (SGB Enhanced)	00a9001e	524288	Hercules (USA, Europe) (SGB Enhanced)
Hero Shuugou!! Pinball Party (Japan)	740552ed	65536	Hero Shuugou!! Pinball Party (Japan)
Hiden Inyou Kikouhou - Ca Da (Japan)	9234eeab	65536	Hiden Inyou Kikouhou - Ca Da (Japan)
Higashio Osamu Kanshuu Pro Yakyuu Stadium '91 (Japan)	420881ae	131072	Higashio Osamu Kanshuu Pro Yakyuu Stadium '91 (Japan)
Higashio Osamu Kanshuu Pro Yakyuu Stadium '92 (Japan)	71559ba0	262144	Higashio Osamu Kanshuu Pro Yakyuu Stadium '92 (Japan)
High Stakes Gambling (USA)	6b17abe5	131072	High Stakes Gambling (USA)
Hiryuu no Ken Gaiden (Japan)	8ee95e0b	131072	Fighting Simulator 2 in 1 - Flying Warriors (USA, Europe)
Hit the Ice - VHL - The Official Video Hockey League (USA, Europe)	2c77f399	131072	Hit the Ice - VHL - The Official Video Hockey League (USA, Europe)
Hit the Ice - VHL - The Official Video Hockey League (USA, Europe) (Beta)	37627030	131072	Hit the Ice - VHL - The Official Video Hockey League (USA, Europe)
Hitori de Dekirumon! - Cooking Densetsu (Japan)	59db5e75	131072	Hitori de Dekirumon! - Cooking Densetsu (Japan)
Hoi Hoi - Game Boy Ban (Japan)	c2c2ad19	131072	Stop That Roach! (USA)
Hokuto no Ken - Seizetsu Juuban Shoubu (Japan)	e4b4febc	131072	Fist of the North Star (USA)
Home Alone (Japan)	7c3f3107	131072	Home Alone (USA, Europe)
Home Alone (USA, Europe)	8efc8434	131072	Home Alone (USA, Europe)
Home Alone 2 - Lost in New York (USA, Europe)	e8e430f1	131072	Home Alone 2 - Lost in New York (USA, Europe)
Hon Shougi (Japan) (SGB Enhanced)	6c407eed	65536	Hon Shougi (Japan) (SGB Enhanced)
Hong Kong (Japan)	5ad83d68	32768	Hong Kong (Japan)
Honmei Boy (Japan)	0d255d59	262144	Honmei Boy (Japan)
Honoo no Toukyuuji - Dodge Danpei (Japan)	ba595897	262144	Honoo no Toukyuuji - Dodge Danpei (Japan)
Hook (Europe)	370a2c2f	131072	Hook (USA)
Hook (Japan)	62d8173c	131072	Hook (USA)
Hook (USA)	6765b61b	131072	Hook (USA)
Hook (USA) (Sample)	c091abc8	131072	Hook (USA)
Hoshi no Kirby (Japan)	21035f95	262144	Kirby's Dream Land (USA, Europe)
Hoshi no Kirby (Japan) (Rev 1)	04342c83	262144	Kirby's Dream Land (USA, Europe)
Hoshi no Kirby 2 (Japan) (SGB Enhanced)	4bedf22c	524288	Kirby's Dream Land 2 (USA, Europe) (SGB Enhanced)
Hudson Hawk (Europe) (Proto)	d4cd525d	131072	Hudson Hawk (USA)
Hudson Hawk (Japan)	1cb6158c	131072	Hudson Hawk (USA)
Hudson Hawk (USA)	adff7bbd	131072	Hudson Hawk (USA)
Hugo (Europe) (SGB Enhanced)	74aa5e0f	131072	Hugo (Europe) (SGB Enhanced)
Hugo 2 (Germany)	67998fa4	131072	Hugo 2 (Germany)
Humans, The (Europe) (En,Fr,De,Es,It)	999c67d6	262144	Humans, The (USA)
Humans, The (USA)	1df2e81d	262144	Humans, The (USA)
Humans, The (USA) (QUByte Classics)	4580ec88	262144	Humans, The (USA)
Hunchback of Notre Dame, The - 5 Foolishly Fun Topsy Turvy Games (USA, Europe) (SGB Enhanced)	3a4636ff	524288	Hunchback of Notre Dame, The - 5 Foolishly Fun Topsy Turvy Games (USA, Europe) (SGB Enhanced)
Hunt for Red October, The (USA, Europe)	5a61ee00	131072	Hunt for Red October, The (USA, Europe)
Hyper Black Bass '95 (Japan) (En,Ja)	32a81a49	262144	Hyper Black Bass '95 (Japan) (En,Ja)
Hyper Black Bass (Japan) (En,Ja)	c364d55f	262144	Black Bass - Lure Fishing (USA)
Hyper Dunk (Europe)	02d09ce3	131072	Double Dribble - 5 on 5 (USA)
Hyper Lode Runner (Japan) (En) (Possible Proto)	3fc21b74	32768	Hyper Lode Runner (World) (Rev 1)
Hyper Lode Runner (World) (Rev 1)	b3a86164	32768	Hyper Lode Runner (World) (Rev 1)
Ikari no Yousai (Japan)	1c2ba2a1	131072	Fortified Zone (USA, Europe)
In Your Face (USA)	80ac487e	131072	In Your Face (USA)
Incredible Crash Dummies, The (USA, Europe)	d81c08fa	131072	Incredible Crash Dummies, The (USA, Europe)
Indiana Jones - Saigo no Seisen (Japan)	8f234f49	131072	Indiana Jones and the Last Crusade (USA, Europe)
Indiana Jones and the Last Crusade (USA, Europe)	9189921a	131072	Indiana Jones and the Last Crusade (USA, Europe)
Indien dans la Ville, Un (Europe) (SGB Enhanced)	e37e1832	131072	Indien dans la Ville, Un (Europe) (SGB Enhanced)
Initial D Gaiden (Japan) (SGB Enhanced)	6cc56612	262144	Initial D Gaiden (Japan) (SGB Enhanced)
International Superstar Soccer (USA, Europe) (SGB Enhanced)	94757be8	262144	International Superstar Soccer (USA, Europe) (SGB Enhanced)
Ippatsu Gyakuten! DX Bakenou (Japan)	8f3e7f95	65536	Ippatsu Gyakuten! DX Bakenou (Japan)
Iron Man X-O Manowar in Heavy Metal (USA, Europe) (SGB Enhanced)	173232e5	524288	Iron Man X-O Manowar in Heavy Metal (USA, Europe) (SGB Enhanced)
Ishida Yoshio Tsumego Paradise (Japan)	c97daaca	65536	Ishida Yoshio Tsumego Paradise (Japan)
Ishido - The Way of Stones (Japan)	ab367915	32768	Ishido - The Way of Stones (USA)
Ishido - The Way of Stones (USA)	85b98a77	65536	Ishido - The Way of Stones (USA)
Itsudemo! Nyan to Wonderful (Japan) (SGB Enhanced)	1c4d3665	262144	Itsudemo! Nyan to Wonderful (Japan) (SGB Enhanced)
J.League Big Wave Soccer (Japan) (SGB Enhanced)	cdd02f22	262144	J.League Big Wave Soccer (Japan) (SGB Enhanced)
J.League Fighting Soccer - The King of Ace Strikers (Japan)	17608642	131072	J.League Fighting Soccer - The King of Ace Strikers (Japan)
J.League Live 95 (Japan) (SGB Enhanced)	f0321342	262144	J.League Live 95 (Japan) (SGB Enhanced)
J.League Winning Goal (Japan)	adb46f9c	131072	J.League Winning Goal (Japan)
Jack Nicklaus Golf (France)	374893d7	131072	Jack Nicklaus Golf (USA, Europe)
Jack Nicklaus Golf (USA, Europe)	654988b2	131072	Jack Nicklaus Golf (USA, Europe)
Jaleco J.Cup Soccer (Japan)	98259257	131072	Goal! (USA)
James Bond 007 (USA, Europe) (SGB Enhanced)	ca3bc3ce	524288	James Bond 007 (USA, Europe) (SGB Enhanced)
Jankenman (Japan)	37b3d081	65536	Jankenman (Japan)
Janshirou (Japan)	0530e1cc	65536	Janshirou (Japan)
Janshirou II - Sekai Saikyou no Janshi (Japan)	2812036b	131072	Janshirou II - Sekai Saikyou no Janshi (Japan)
Jantaku Boy (Japan)	04daa03b	131072	Jantaku Boy (Japan)
Jeep Jamboree - Off-Road Adventure (Europe) (Proto)	96633953	131072	Jeep Jamboree - Off-Road Adventure (USA)
Jeep Jamboree - Off-Road Adventure (USA)	a1e76a33	131072	Jeep Jamboree - Off-Road Adventure (USA)
Jelly Boy (Europe)	7e6598bb	262144	Jelly Boy (Europe)
Jeopardy! (USA)	08725c79	131072	Jeopardy! (USA)
Jeopardy! - Platinum Edition (USA) (SGB Enhanced)	5206fd09	131072	Jeopardy! - Platinum Edition (USA) (SGB Enhanced)
Jeopardy! - Sports Edition (USA)	3b523216	131072	Jeopardy! - Sports Edition (USA)
Jeopardy! - Teen Tournament (USA) (SGB Enhanced)	cd3df0c1	131072	Jeopardy! - Teen Tournament (USA) (SGB Enhanced)
Jet Pack (USA, Europe) (Beta)	1c223204	131072	Battle Unit Zeoth (USA, Europe)
Jetsons, The - Robot Panic (Japan) (Proto)	d016d141	131072	Jetsons, The - Robot Panic (USA, Europe)
Jetsons, The - Robot Panic (USA, Europe)	6386c870	131072	Jetsons, The - Robot Panic (USA, Europe)
Jetsons, The - Robot Panic (USA, Europe) (Rev 1)	cc38cf0d	131072	Jetsons, The - Robot Panic (USA, Europe)
Jikuu Senki Mu (Japan)	435c4697	262144	Jikuu Senki Mu (Japan)
Jimmy Connors Tennis (USA, Europe)	9b7ebf91	65536	Jimmy Connors Tennis (USA, Europe)
Jimmy Connors Tennis (USA, Europe) (1993-03-19) (Beta)	4ee3e02e	65536	Jimmy Connors Tennis (USA, Europe)
Jimmy Connors Tennis (USA, Europe) (Beta)	eb50caf2	131072	Jimmy Connors Tennis (USA, Europe)
Jimmy Connors no Pro Tennis Tour (Japan) (En)	18671602	65536	Jimmy Connors Tennis (USA, Europe)
Jinsei Game (Japan) (SGB Enhanced)	09f53d55	262144	Jinsei Game (Japan) (SGB Enhanced)
Jinsei Game Densetsu (Japan)	590f4afc	131072	Jinsei Game Densetsu (Japan)
Joe & Mac (USA)	5da86ed4	262144	Joe & Mac (USA)
Joe & Mac - Caveman Ninja (Europe) (En,Fr,De,Es,It,Nl,Sv)	9bd7f196	262144	Joe & Mac (USA)
Joe & Mac - Caveman Ninja (Europe) (En,Fr,De,Es,It,Nl,Sv) (Beta)	381c62ee	262144	Joe & Mac (USA)
Jordan vs Bird - One on One (Japan) (En)	3fcb174d	65536	Jordan vs Bird - One on One (USA, Europe)
Jordan vs Bird - One on One (USA, Europe)	c90c5456	65536	Jordan vs Bird - One on One (USA, Europe)
Judge Dredd (Japan) (En)	951b9907	262144	Judge Dredd (USA, Europe)
Judge Dredd (USA, Europe)	b9d11656	262144	Judge Dredd (USA, Europe)
Jungle Book, The (USA, Europe)	b64d27ee	131072	Jungle Book, The (World) (Disney Classic Games)
Jungle Book, The (World) (Disney Classic Games)	4a2c16ff	131072	Jungle Book, The (World) (Disney Classic Games)
Jungle Strike (Europe)	763ababb	262144	Jungle Strike (USA)
Jungle Strike (USA)	7a8cdbe8	262144	Jungle Strike (USA)
Jungle Wars (Japan)	2ad46ac7	262144	Jungle Wars (Japan)
Jungle no Ouja Tar-chan (Japan) (SGB Enhanced)	96555e9a	262144	Jungle no Ouja Tar-chan (Japan) (SGB Enhanced)
Jurassic Park (Europe) (En,Fr,De,Es,It)	2c8ad255	262144	Jurassic Park (World) (Limited Run Games)
Jurassic Park (USA)	b350bedf	262144	Jurassic Park (World) (Limited Run Games)
Jurassic Park (World) (Limited Run Games)	005e5e3f	262144	Jurassic Park (World) (Limited Run Games)
Jurassic Park Part 2 - The Chaos Continues (USA, Europe) (En,Fr,De,It)	af3d2e95	262144	Jurassic Park Part 2 - The Chaos Continues (World) (En,Fr,De,It) (Limited Run Games)
Jurassic Park Part 2 - The Chaos Continues (World) (En,Fr,De,It) (Limited Run Games)	095c3d47	262144	Jurassic Park Part 2 - The Chaos Continues (World) (En,Fr,De,It) (Limited Run Games)
Kachiuma Yosou Keiba Kizoku (Japan)	a57e1ac1	131072	Kachiuma Yosou Keiba Kizoku (Japan)
Kachiuma Yosou Keiba Kizoku EX '94 (Japan)	d4319169	131072	Kachiuma Yosou Keiba Kizoku EX '94 (Japan)
Kachiuma Yosou Keiba Kizoku EX '95 (Japan)	9c6a4918	131072	Kachiuma Yosou Keiba Kizoku EX '95 (Japan)
Kaeru no Tame ni Kane wa Naru (Japan)	c18cd57a	524288	Kaeru no Tame ni Kane wa Naru (Japan)
Kaijuu Ou Gojira (Japan)	c529a96a	262144	Kaijuu Ou Gojira (Japan)
Kaisen Game - Navyblue (Japan) (En)	afd8c47c	65536	Battleship (USA, Europe)
Kaisen Game - Navyblue 90 (Japan)	8cfeb2e2	131072	Kaisen Game - Navyblue 90 (Japan)
Kaisen Game - Radarmission (Japan) (En)	892fc0af	131072	Radar Mission (USA, Europe)
Kakomunja (Japan)	bef1fe2b	32768	Serpent (USA)
Kamen Rider SD - Hashire! Mighty Riders (Japan)	71c804b3	131072	Kamen Rider SD - Hashire! Mighty Riders (Japan)
Kandume Monsters (Japan) (SGB Enhanced)	82e03e10	524288	Kandume Monsters (Japan) (SGB Enhanced)
Karakuri Kengou Den Musashi Lord (Japan)	01aee24b	131072	Karakuri Kengou Den Musashi Lord (Japan)
Karamuchou no Daijiken (Japan) (SGB Enhanced)	fa7ea8a0	262144	Karamuchou no Daijiken (Japan) (SGB Enhanced)
Kaseki Sousei Reborn (Japan) (Rev 1) (SGB Enhanced)	7c94197c	524288	Kaseki Sousei Reborn (Japan) (SGB Enhanced)
Kaseki Sousei Reborn (Japan) (SGB Enhanced)	42e8ba89	524288	Kaseki Sousei Reborn (Japan) (SGB Enhanced)
Kattobi Road (Japan)	efbc23fc	131072	Kattobi Road (Japan)
Kawa no Nushi Tsuri 3 (Japan) (SGB Enhanced)	147e82ae	524288	Legend of the River King GB (USA) (SGB Enhanced)
Keitai Keiba Eight Special (Japan)	326273b7	131072	Keitai Keiba Eight Special (Japan)
Ken Griffey Jr. Presents Major League Baseball (USA, Europe) (SGB Enhanced)	0a9859c1	524288	Ken Griffey Jr. Presents Major League Baseball (USA, Europe) (SGB Enhanced)
Kenyuu Densetsu Yaiba (Japan)	cc19768e	262144	Kenyuu Densetsu Yaiba (Japan)
Kick Boxing, The (Japan) (En)	8056344c	262144	Best of the Best - Championship Karate (USA)
Kid Dracula (USA, Europe)	f27294b7	262144	Kid Dracula (USA, Europe)
Kid Icarus - Of Myths and Monsters (USA, Europe)	0c042862	131072	Kid Icarus - Of Myths and Monsters (USA, Europe)
Kidou Keisatsu Patlabor - Nerawareta Machi 1990 (Japan)	c7f7f0ac	131072	Kidou Keisatsu Patlabor - Nerawareta Machi 1990 (Japan)
Kikou Keisatsu Metal Jack (Japan)	f3cc5e62	131072	Kikou Keisatsu Metal Jack (Japan)
Killer Instinct (USA, Europe) (SGB Enhanced)	ac793b54	524288	Killer Instinct (USA, Europe) (SGB Enhanced)
King of Fighters '95, The (Europe) (SGB Enhanced)	a3e9b148	524288	King of Fighters '95, The (USA) (SGB Enhanced)
King of Fighters '95, The (USA) (SGB Enhanced)	1ff84e8c	524288	King of Fighters '95, The (USA) (SGB Enhanced)
King of Fighters, The - Heat of Battle (Europe) (SGB Enhanced)	4d2d8bc3	524288	King of Fighters, The - Heat of Battle (Europe) (SGB Enhanced)
King of the Zoo (Europe)	d2d648c4	65536	Penguin Wars (USA)
Kingdom Crusade (USA)	920202dc	131072	Kingdom Crusade (USA)
Kingyo Chuuihou! - Wapiko no Wakuwaku Stamp Rally! (Japan)	e69a6f0a	131072	Kingyo Chuuihou! - Wapiko no Wakuwaku Stamp Rally! (Japan)
Kingyo Chuuihou! 2 - Gyopi-chan o Sagase! (Japan)	f3ccadc3	131072	Kingyo Chuuihou! 2 - Gyopi-chan o Sagase! (Japan)
Kinin Koumaroku Oni (Japan)	b7f48649	131072	Kinin Koumaroku Oni (Japan)
Kinin Koumaroku Oni (Japan) (Rev 1)	aaf6366c	131072	Kinin Koumaroku Oni (Japan)
Kinnikuman - The Dream Match (Japan)	48c2cd38	131072	Kinnikuman - The Dream Match (Japan)
Kirby no Block Ball (Japan) (SGB Enhanced)	df3bbcd7	524288	Kirby's Block Ball (USA, Europe) (SGB Enhanced)
Kirby no Kirakira Kids (Japan) (SGB Enhanced)	47f42f42	262144	Kirby's Star Stacker (USA, Europe) (SGB Enhanced)
Kirby no Pinball (Japan)	8b44fb7d	262144	Kirby's Pinball Land (USA, Europe)
Kirby's Block Ball (USA, Europe) (SGB Enhanced)	7ad90b4b	524288	Kirby's Block Ball (USA, Europe) (SGB Enhanced)
Kirby's Dream Land (USA, Europe)	40f25740	262144	Kirby's Dream Land (USA, Europe)
Kirby's Dream Land 2 (USA, Europe) (SGB Enhanced)	8dc07c35	524288	Kirby's Dream Land 2 (USA, Europe) (SGB Enhanced)
Kirby's Pinball Land (USA, Europe)	31cb6526	262144	Kirby's Pinball Land (USA, Europe)
Kirby's Star Stacker (USA, Europe) (SGB Enhanced)	91300898	262144	Kirby's Star Stacker (USA, Europe) (SGB Enhanced)
Kitchen Panic (Japan)	909937cb	131072	Kitchen Panic (Japan)
Kiteretsu Daihyakka - Bouken Ooedo Juraki (Japan)	d53548b0	262144	Kiteretsu Daihyakka - Bouken Ooedo Juraki (Japan)
Kizuchi da Quiz da Gen-san da! (Japan)	74a52399	262144	Kizuchi da Quiz da Gen-san da! (Japan)
Klax (Japan) (En) (Hudson Soft)	b4955889	32768	Klax (USA) (Mindscape)
Klax (USA) (Mindscape)	72660774	65536	Klax (USA) (Mindscape)
Klustar (Europe) (Proto)	279dd6cc	32768	Klustar (Europe) (Proto)
Knight Quest (Japan)	c6f24d2f	131072	Knight Quest (USA)
Knight Quest (USA)	df50f477	131072	Knight Quest (USA)
Koi wa Kakehiki (Japan)	f3e1e652	32768	Koi wa Kakehiki (Japan)
Konami GB Collection Vol.1 (Japan) (SGB Enhanced)	992cd78f	524288	Konami GB Collection Vol.1 (Japan) (SGB Enhanced)
Konami GB Collection Vol.2 (Japan) (SGB Enhanced)	c3b318cd	524288	Konami GB Collection Vol.2 (Japan) (SGB Enhanced)
Konami GB Collection Vol.3 (Japan) (SGB Enhanced)	1de9caf9	524288	Konami GB Collection Vol.3 (Japan) (SGB Enhanced)
Konami GB Collection Vol.4 (Japan) (SGB Enhanced)	3a43ea33	524288	Konami GB Collection Vol.4 (Japan) (SGB Enhanced)
Konami Golf (Europe)	0fdc9fb1	131072	Ultra Golf (USA)
Konamic Basket (Japan)	8e367457	131072	Double Dribble - 5 on 5 (USA)
Konamic Golf (Japan) (En)	c16d4db2	131072	Ultra Golf (USA)
Konamic Ice Hockey (Japan)	d14dee07	131072	Blades of Steel (USA)
Konamic Sports in Barcelona (Japan)	5721e7d6	131072	Track & Field (USA, Europe)
Konchuu Hakase (Japan) (Rev 1) (SGB Enhanced)	05753790	524288	Konchuu Hakase (Japan) (SGB Enhanced)
Konchuu Hakase (Japan) (SGB Enhanced)	f6b3e291	524288	Konchuu Hakase (Japan) (SGB Enhanced)
Koro Dice (Japan) (En)	39608c31	32768	Koro Dice (Japan) (En)
Koukiatsu Boy (Japan) (SGB Enhanced)	53ff8041	524288	Koukiatsu Boy (Japan) (SGB Enhanced)
Krusty World (Japan) (En)	01fbc9f6	131072	Krusty's Fun House (USA, Europe)
Krusty's Fun House (USA, Europe)	1cedb141	131072	Krusty's Fun House (USA, Europe)
Kuma no Puutarou - Takara Sagashi da Ooiri Game Battle! (Japan) (SGB Enhanced)	f01d0b87	262144	Kuma no Puutarou - Takara Sagashi da Ooiri Game Battle! (Japan) (SGB Enhanced)
Kung-Fu Master (USA, Europe)	3340e600	65536	Kung-Fu Master (USA, Europe)
Kung-Fu Master (USA, Europe) (Beta)	e0c33c1a	65536	Kung-Fu Master (USA, Europe)
Kuusou Kagaku Sekai Gulliver Boy - Kuusou Kagaku Puzzle Purittopon!! (Japan) (SGB Enhanced)	fb291e78	262144	Kuusou Kagaku Sekai Gulliver Boy - Kuusou Kagaku Puzzle Purittopon!! (Japan) (SGB Enhanced)
Kwirk - He's A-maze-ing! (USA, Europe)	21c98af2	32768	Kwirk - He's A-maze-ing! (USA, Europe)
Kyoro-chan Land (Japan)	e158d4db	32768	Castelian (USA)
Lamborghini American Challenge (USA, Europe)	675e1309	131072	Lamborghini American Challenge (USA, Europe)
Last Action Hero (USA, Europe)	10499af6	131072	Last Action Hero (USA, Europe)
Lawnmower Man, The (Europe)	134f91d7	131072	Lawnmower Man, The (Europe)
Lawnmower Man, The (USA) (Proto 1) (1993-10-11) (Not For Resale)	1cac0775	131072	Lawnmower Man, The (Europe)
Lawnmower Man, The (USA) (Proto 2) (1993-11-10)	545613e9	131072	Lawnmower Man, The (Europe)
Lazlos' Leap (USA)	31fb404b	65536	Lazlos' Leap (USA)
Legend - Ashita e no Tsubasa (Japan)	fc20ebf0	131072	Legend - Ashita e no Tsubasa (Japan)
Legend of Prince Valiant, The (Europe) (En,Fr,De)	179c494e	131072	Kingdom Crusade (USA)
Legend of Zelda, The - Link's Awakening (Canada) (Fr)	4407c759	524288	Legend of Zelda, The - Link's Awakening (USA, Europe)
Legend of Zelda, The - Link's Awakening (France)	bf2ab18b	524288	Legend of Zelda, The - Link's Awakening (USA, Europe)
Legend of Zelda, The - Link's Awakening (Germany)	760ab4e7	524288	Legend of Zelda, The - Link's Awakening (USA, Europe)
Legend of Zelda, The - Link's Awakening (USA, Europe)	8cf27c90	524288	Legend of Zelda, The - Link's Awakening (USA, Europe)
Legend of Zelda, The - Link's Awakening (USA, Europe) (Rev 1)	7d1b6cd6	524288	Legend of Zelda, The - Link's Awakening (USA, Europe)
Legend of Zelda, The - Link's Awakening (USA, Europe) (Rev 2)	34d08e7b	524288	Legend of Zelda, The - Link's Awakening (USA, Europe)
Legend of Zelda, The - Link's Awakening DX (France) (Proto) (1998-11-17)	bfa800c0	524288	Legend of Zelda, The - Link's Awakening DX (USA, Europe) (Proto) (1998-11-08)
Legend of Zelda, The - Link's Awakening DX (Germany) (Proto) (1998-11-16)	f7c59f5c	524288	Legend of Zelda, The - Link's Awakening DX (USA, Europe) (Proto) (1998-11-08)
Legend of Zelda, The - Link's Awakening DX (USA, Europe) (Proto) (1998-11-08)	d8ba6631	524288	Legend of Zelda, The - Link's Awakening DX (USA, Europe) (Proto) (1998-11-08)
Legend of the River King GB (Australia) (SGB Enhanced)	51627213	524288	Legend of the River King GB (USA) (SGB Enhanced)
Legend of the River King GB (USA) (SGB Enhanced)	a6e685dc	524288	Legend of the River King GB (USA) (SGB Enhanced)
Legend of the Sea King GB (USA) (Proto) (SGB Enhanced)	a45ef889	1048576	Umi no Nushi Tsuri 2 (Japan) (SGB Enhanced)
Lemmings (Europe)	23467a35	131072	Lemmings (USA)
Lemmings (Europe) (Beta) (1993-05-19)	e2a65174	131072	Lemmings (USA)
Lemmings (Europe) (Rev 1)	560d71eb	131072	Lemmings (USA)
Lemmings (Japan) (En)	7d5cc03a	131072	Lemmings (USA)
Lemmings (USA)	f2d1c19d	131072	Lemmings (USA)
Lemmings 2 - The Tribes (Europe)	9800bd49	524288	Lemmings 2 - The Tribes (Europe)
Lethal Weapon (USA, Europe)	1f8d207c	131072	Lethal Weapon (USA, Europe)
Lethal Weapon (USA, Europe) (Beta)	d585ab23	131072	Lethal Weapon (USA, Europe)
Lingo (Europe) (En,Fr,De,Nl)	0ef4637d	131072	Lingo (Europe) (En,Fr,De,Nl)
Lion King, The (Europe)	8fc3ca73	524288	Lion King, The (World) (Disney Classic Games)
Lion King, The (USA)	3430d261	524288	Lion King, The (World) (Disney Classic Games)
Lion King, The (USA, Europe) (Beta) (1994-03-07)	4267aac1	131072	Lion King, The (World) (Disney Classic Games)
Lion King, The (USA, Europe) (Beta) (1994-07-13)	ba4993be	262144	Lion King, The (World) (Disney Classic Games)
Lion King, The (USA, Europe) (Beta) (1994-10-07)	03bd0d82	524288	Lion King, The (World) (Disney Classic Games)
Lion King, The (USA, Europe) (Beta) (1994-10-12)	eeb5f705	524288	Lion King, The (World) (Disney Classic Games)
Lion King, The (World) (Disney Classic Games)	e435ed72	524288	Lion King, The (World) (Disney Classic Games)
Litti's Summer Sports (Germany)	e681395b	131072	Track Meet (USA, Europe)
Little Master - Raikuban no Densetsu (Japan)	31cd9670	131072	Little Master - Raikuban no Densetsu (Japan)
Little Master 2 - Raikou no Kishi (Japan)	187de7f8	262144	Little Master 2 - Raikou no Kishi (Japan)
Little Mermaid, The (Europe)	00def37a	131072	Little Mermaid, The (USA)
Little Mermaid, The (Spain) (Proto)	d19cf413	131072	Little Mermaid, The (USA)
Little Mermaid, The (USA)	d7c517e5	131072	Little Mermaid, The (USA)
Lock n' Chase (World)	dab91c7a	65536	Lock n' Chase (World)
Lolo no Daibouken (Japan)	d6185941	131072	Adventures of Lolo (Europe) (SGB Enhanced)
Looney Tunes (USA, Europe)	a662a8ef	131072	Looney Tunes (USA, Europe)
Looney Tunes - Bugs Bunny to Yukai na Nakama-tachi (Japan)	40e47da3	131072	Looney Tunes (USA, Europe)
Looney Tunes 2 - Tasmanian Devil in Island Chase (USA, Europe)	22d07cf6	262144	Looney Tunes 2 - Tasmanian Devil in Island Chase (USA, Europe)
Looney Tunes Series - Daffy Duck (Japan) (En) (SGB Enhanced)	798d9489	262144	Daffy Duck (USA, Europe) (SGB Enhanced)
Loopz (World)	531a3e16	32768	Loopz (World)
Loopz (World) (Beta)	15e28642	32768	Loopz (World)
Lost World, The - Jurassic Park (USA, Europe) (SGB Enhanced)	391f532a	524288	Lost World, The - Jurassic Park (USA, Europe) (SGB Enhanced)
Lucky Luke (Europe) (En,Fr,De,Es)	538e0591	262144	Lucky Luke (Europe) (En,Fr,De,Es)
Lucky Monkey (Japan)	a2234eb1	65536	Spanky's Quest (USA)
Lucle (Japan, Europe) (En)	a3d5c8d7	524288	Lucle (Japan, Europe) (En)
Lunar Chase (USA) (Proto 1)	cd555712	245760	X (Japan)
Lunar Chase (USA) (Proto 2)	67044675	262144	X (Japan)
Lunar Lander (Japan) (En)	030d2054	131072	Lunar Lander (Japan) (En)
MVP Baseball (Japan) (En)	38c126aa	262144	Roger Clemens' MVP Baseball (USA)
Mach Go Go Go (Japan) (SGB Enhanced)	016d230b	262144	Mach Go Go Go (Japan) (SGB Enhanced)
Madden 95 (USA, Europe) (SGB Enhanced)	d2585bbb	524288	Madden 95 (USA, Europe) (SGB Enhanced)
Madden 96 (USA, Europe) (SGB Enhanced)	fd9dc1ad	524288	Madden 96 (USA, Europe) (SGB Enhanced)
Madden 97 (USA) (SGB Enhanced)	88a837a2	524288	Madden 97 (USA) (SGB Enhanced)
Maerchen Club (Japan)	cdfd660a	131072	Maerchen Club (Japan)
Magic Knight Rayearth (Japan) (SGB Enhanced)	94838a81	262144	Magic Knight Rayearth (Japan) (SGB Enhanced)
Magic Knight Rayearth 2nd. - The Missing Colors (Japan) (SGB Enhanced)	00202dfa	262144	Magic Knight Rayearth 2nd. - The Missing Colors (Japan) (SGB Enhanced)
Magical Taruruuto-kun (Japan)	9c4f54f1	131072	Magical Taruruuto-kun (Japan)
Magical Taruruuto-kun 2 - Raibaa Zone Panic!! (Japan)	0aad5217	131072	Magical Taruruuto-kun 2 - Raibaa Zone Panic!! (Japan)
Magnetic Soccer (Europe)	9c318c64	131072	Magnetic Soccer (Europe)
Mahoujin GuruGuru - Yuusha to Kukuri no Daibouken (Japan) (SGB Enhanced)	2d439d0d	262144	Mahoujin GuruGuru - Yuusha to Kukuri no Daibouken (Japan) (SGB Enhanced)
Makai Toushi Sa-Ga (Japan)	131b09f2	131072	Final Fantasy Legend, The (USA)
Makai Toushi Sa-Ga (Japan) (Rev 1)	1953820f	131072	Final Fantasy Legend, The (USA)
Makai Toushi Sa-Ga (World) (Ja) (Rev 1) (Collection of SaGa)	0006612d	131072	Final Fantasy Legend, The (USA)
Makaimura Gaiden - The Demon Darkness (Japan)	cfa358de	262144	Makaimura Gaiden - The Demon Darkness (Japan)
Malibu Beach Volleyball (USA)	dfa5da12	65536	Malibu Beach Volleyball (USA)
Mani 4 in 1 - Bubble Bobble + Elevator Action + Chase H.Q. + Sagaia (China) (En)	5bfc3ef5	524288	Taito Variety Pack (Japan)
Mani 4 in 1 - Tetris + Alleyway + Yakuman + Tennis (China) (Ja)	0c38a775	262144	Mani 4 in 1 - Tetris + Alleyway + Yakuman + Tennis (China) (Ja)
Marble Madness (USA, Europe)	b9725e66	262144	Marble Madness (USA, Europe)
Mario & Yoshi (Europe)	4627d88b	65536	Yoshi (USA)
Mario no Picross (Japan) (Beta) (SGB Enhanced)	7b27bae3	262144	Mario's Picross (USA, Europe) (SGB Enhanced)
Mario no Picross (Japan) (SGB Enhanced)	17533700	262144	Mario's Picross (USA, Europe) (SGB Enhanced)
Mario's Picross (USA, Europe) (SGB Enhanced)	f2d652ad	262144	Mario's Picross (USA, Europe) (SGB Enhanced)
Marmalade Boy (Japan) (SGB Enhanced)	0f3ff7da	262144	Marmalade Boy (Japan) (SGB Enhanced)
Maru's Mission (USA)	6e4f1eb3	131072	Maru's Mission (USA)
Masakari Densetsu - Kintarou Action Hen (Japan)	7cb70d3d	262144	Masakari Densetsu - Kintarou Action Hen (Japan)
Masakari Densetsu - Kintarou RPG Hen (Japan) (SGB Enhanced)	d8bab8e0	524288	Masakari Densetsu - Kintarou RPG Hen (Japan) (SGB Enhanced)
Master Karateka (Japan) (En)	4c0fb33e	32768	Master Karateka (Japan) (En)
Matthias Sammer Soccer (Germany) (SGB Enhanced)	631e656f	262144	J.League Big Wave Soccer (Japan) (SGB Enhanced)
Maui Mallard in Cold Shadow (USA)	6f30a43a	262144	Maui Mallard in Cold Shadow (USA)
Maus, Die (Europe) (En,Fr,De,Es)	478f573c	262144	Maus, Die (Europe) (En,Fr,De,Es)
Max (Europe)	1b167f00	65536	Max (Europe)
McDonaldland (Europe)	81de6c13	131072	Spot - The Cool Adventure (USA)
Medarot - Kabuto Version (Japan) (Rev 1) (SGB Enhanced)	12a3982d	524288	Medarot - Kabuto Version (Japan) (SGB Enhanced)
Medarot - Kabuto Version (Japan) (SGB Enhanced)	1bab9900	524288	Medarot - Kabuto Version (Japan) (SGB Enhanced)
Medarot - Kuwagata Version (Japan) (Rev 1) (SGB Enhanced)	5e77e82e	524288	Medarot - Kuwagata Version (Japan) (SGB Enhanced)
Medarot - Kuwagata Version (Japan) (SGB Enhanced)	bc0588c4	524288	Medarot - Kuwagata Version (Japan) (SGB Enhanced)
Medarot - Parts Collection (Japan) (SGB Enhanced)	f4cab596	524288	Medarot - Parts Collection (Japan) (SGB Enhanced)
Medarot - Parts Collection 2 (Japan) (SGB Enhanced)	89f94482	524288	Medarot - Parts Collection 2 (Japan) (SGB Enhanced)
Mega Man - Dr. Wily's Revenge (Europe)	2ea4b976	262144	Mega Man - Dr. Wily's Revenge (USA)
Mega Man - Dr. Wily's Revenge (USA)	47e70e08	262144	Mega Man - Dr. Wily's Revenge (USA)
Mega Man II (Europe)	5e90cb48	262144	Mega Man II (USA)
Mega Man II (USA)	e496f686	262144	Mega Man II (USA)
Mega Man III (Europe)	03b0d4ec	262144	Mega Man III (USA)
Mega Man III (USA)	5175d761	262144	Mega Man III (USA)
Mega Man III (USA) (Sample)	82f4c095	262144	Mega Man III (USA)
Mega Man IV (Europe)	060b89e6	524288	Mega Man IV (USA)
Mega Man IV (USA)	abcea00d	524288	Mega Man IV (USA)
Mega Man V (Europe) (SGB Enhanced)	d12ac4fe	524288	Mega Man V (USA) (SGB Enhanced)
Mega Man V (USA) (SGB Enhanced)	72e6d21d	524288	Mega Man V (USA) (SGB Enhanced)
Megalit (Japan)	c764b1f2	131072	Megalit (USA, Europe)
Megalit (USA, Europe)	f315b842	65536	Megalit (USA, Europe)
Megami Tensei Gaiden - Last Bible (Japan)	fe9dd4c0	262144	Megami Tensei Gaiden - Last Bible (Japan)
Megami Tensei Gaiden - Last Bible II (Japan)	f8e519d9	262144	Megami Tensei Gaiden - Last Bible II (Japan)
Meitantei Conan - Chika Yuuenchi Satsujin Jiken (Japan) (SGB Enhanced)	3945bc0d	262144	Meitantei Conan - Chika Yuuenchi Satsujin Jiken (Japan) (SGB Enhanced)
Meitantei Conan - Giwaku no Gouka Ressha (Japan) (SGB Enhanced)	1dc5c31a	262144	Meitantei Conan - Giwaku no Gouka Ressha (Japan) (SGB Enhanced)
Mercenary Force (USA, Europe)	9bb5ba03	131072	Mercenary Force (USA, Europe)
Metal Masters (USA)	bf6866dc	131072	Metal Masters (World) (Limited Run Games)
Metal Masters (USA) (Beta)	3378064b	131072	Metal Masters (World) (Limited Run Games)
Metal Masters (World) (Limited Run Games)	7de862fa	131072	Metal Masters (World) (Limited Run Games)
Metroid II - Return of Samus (World)	dee05370	262144	Metroid II - Return of Samus (World)
Mick & Mack as the Global Gladiators (USA) (Proto) (1993-07-20)	1e8a59c2	131072	Mick & Mack as the Global Gladiators (USA) (Proto) (1994-01-18)
Mick & Mack as the Global Gladiators (USA) (Proto) (1993-09-27)	016ae810	131072	Mick & Mack as the Global Gladiators (USA) (Proto) (1994-01-18)
Mick & Mack as the Global Gladiators (USA) (Proto) (1993-10-04)	2646f927	131072	Mick & Mack as the Global Gladiators (USA) (Proto) (1994-01-18)
Mick & Mack as the Global Gladiators (USA) (Proto) (1994-01-18)	cf486f7b	131072	Mick & Mack as the Global Gladiators (USA) (Proto) (1994-01-18)
Mickey Mouse (Europe)	fc50dee7	131072	Bugs Bunny Crazy Castle 2, The (USA)
Mickey Mouse (Japan) (En)	4ca75d4d	65536	Bugs Bunny Crazy Castle, The (USA, Europe)
Mickey Mouse - Magic Wands! (USA, Europe) (SGB Enhanced)	f0482567	131072	Mickey Mouse - Magic Wands! (USA, Europe) (SGB Enhanced)
Mickey Mouse II (Japan) (En)	dfee8bcc	131072	Bugs Bunny Crazy Castle 2, The (USA)
Mickey Mouse IV - Mahou no Labyrinth (Japan) (En)	0d30b3a1	131072	Real Ghostbusters, The (USA)
Mickey Mouse V (Japan)	44cd01dd	131072	Mickey Mouse - Magic Wands! (USA, Europe) (SGB Enhanced)
Mickey Mouse V (Japan) (Rev 1)	464eaa5d	131072	Mickey Mouse - Magic Wands! (USA, Europe) (SGB Enhanced)
Mickey's Chase (Japan)	0ab490c8	131072	Mickey's Dangerous Chase (USA)
Mickey's Dangerous Chase (Europe)	e72db762	131072	Mickey's Dangerous Chase (USA)
Mickey's Dangerous Chase (USA)	7b822d8f	131072	Mickey's Dangerous Chase (USA)
Mickey's Ultimate Challenge (USA, Europe)	23e9d625	262144	Mickey's Ultimate Challenge (USA, Europe)
Mickey's Ultimate Challenge (USA, Europe) (Beta) (1993-11-12)	3fac2661	131072	Mickey's Ultimate Challenge (USA, Europe)
Micro Machines (USA, Europe)	2088f85f	262144	Micro Machines (USA, Europe)
Micro Machines 2 - Turbo Tournament (Europe)	24666c4d	524288	Micro Machines 2 - Turbo Tournament (Europe)
Midori no Makibaou (Japan) (SGB Enhanced)	1dd93d95	262144	Midori no Makibaou (Japan) (SGB Enhanced)
Mighty Morphin Power Rangers (USA, Europe) (Beta) (SGB Enhanced)	caab9ac9	262144	Mighty Morphin Power Rangers (USA, Europe) (SGB Enhanced)
Mighty Morphin Power Rangers (USA, Europe) (SGB Enhanced)	c60d032a	262144	Mighty Morphin Power Rangers (USA, Europe) (SGB Enhanced)
Mighty Morphin Power Rangers - The Movie (USA, Europe) (SGB Enhanced)	86a1c549	262144	Mighty Morphin Power Rangers - The Movie (USA, Europe) (SGB Enhanced)
Migrain (Japan) (En)	ced936f8	32768	Brain Bender (World) (Evercade)
Mikeneko Holmes no Kishidou (Japan)	73b80b16	131072	Mikeneko Holmes no Kishidou (Japan)
Milon no Meikyuu Kumikyoku (Japan)	f188c94c	131072	Milon's Secret Castle (USA, Europe)
Milon's Secret Castle (USA, Europe)	62b4cc8c	131072	Milon's Secret Castle (USA, Europe)
Mind Bender (USA) (Beta) (1991-03-04)	984ec5d6	32768	Brain Bender (World) (Evercade)
Miner 2049er Starring Bounty Bob (USA)	1a6bd577	65536	Miner 2049er Starring Bounty Bob (USA)
Minesweeper - Soukaitei (Japan) (En)	5532b3d1	32768	Minesweeper - Soukaitei (Japan) (En)
Mini 4 Boy (Japan) (SGB Enhanced)	0618e4b0	524288	Mini 4 Boy (Japan) (SGB Enhanced)
Mini 4 Boy II (Japan) (SGB Enhanced)	d6962241	524288	Mini 4 Boy II (Japan) (SGB Enhanced)
Mini Putt (Europe) (Proto)	80dca360	65536	Mini-Putt (Japan) (En)
Mini Putt (USA) (Proto)	ecc1eac1	65536	Mini-Putt (Japan) (En)
Mini Yonku GB Let's & Go!! (Japan) (SGB Enhanced)	fc0c180b	524288	Mini Yonku GB Let's & Go!! (Japan) (SGB Enhanced)
Mini Yonku GB Let's & Go!! - All-Star Battle Max (Japan) (SGB Enhanced)	97ebd21d	1048576	Mini Yonku GB Let's & Go!! - All-Star Battle Max (Japan) (SGB Enhanced)
Mini-Putt (Japan) (En)	33cd7550	65536	Mini-Putt (Japan) (En)
Miracle Adventure of Esparks - Ushinawareta Seiseki Perivron (Japan)	b3ad9b76	131072	Miracle Adventure of Esparks - Ushinawareta Seiseki Perivron (Japan)
Missile Command (USA, Europe)	3a6cd4d8	32768	Missile Command (USA, Europe)
Mogu Mogu Gombo - Harukanaru Chou Ryouri Densetsu (Japan) (SGB Enhanced)	85c984f2	262144	Mogu Mogu Gombo - Harukanaru Chou Ryouri Densetsu (Japan) (SGB Enhanced)
Mogura de Pon! (Japan)	e1e3629f	32768	Mogura de Pon! (Japan)
Moguranya (Japan) (SGB Enhanced)	82fca204	524288	Mole Mania (USA, Europe) (SGB Enhanced)
Mole Mania (USA, Europe) (SGB Enhanced)	2c36c74c	524288	Mole Mania (USA, Europe) (SGB Enhanced)
Momotarou Collection (Japan) (SGB Enhanced)	ad376905	1048576	Momotarou Collection (Japan) (SGB Enhanced)
Momotarou Collection 2 (Japan) (SGB Enhanced)	562c8f7f	1048576	Momotarou Collection 2 (Japan) (SGB Enhanced)
Momotarou Dengeki (Japan)	f09b34ab	262144	Momotarou Dengeki (Japan)
Momotarou Dengeki 2 (Japan) (SGB Enhanced)	3c1c5eb4	524288	Momotarou Dengeki 2 (Japan) (SGB Enhanced)
Momotarou Densetsu Gaiden (Japan)	ba5611ef	262144	Momotarou Densetsu Gaiden (Japan)
Momotarou Dentetsu jr. - Zenkoku Ramen Meguri no Maki (Japan) (SGB Enhanced)	218265b3	524288	Momotarou Dentetsu jr. - Zenkoku Ramen Meguri no Maki (Japan) (SGB Enhanced)
Monde Perdu, Le - Jurassic Park (France) (En) (SGB Enhanced)	fb22d72e	524288	Lost World, The - Jurassic Park (USA, Europe) (SGB Enhanced)
Money Idol Exchanger (Japan) (SGB Enhanced)	800226a9	262144	Money Idol Exchanger (Japan) (SGB Enhanced)
Monopoly (Europe) (En,Fr,De)	987b621e	262144	Monopoly (USA)
Monopoly (Japan)	d8ac08b5	262144	Monopoly (USA)
Monopoly (USA)	fd90f0d6	131072	Monopoly (USA)
Monster Maker (Japan)	725ee86c	131072	Monster Maker (Japan)
Monster Maker - Barcode Saga (Japan)	56ba6a71	131072	Monster Maker - Barcode Saga (Japan)
Monster Maker 2 - Uru no Hiken (Japan)	66e708fc	262144	Monster Maker 2 - Uru no Hiken (Japan)
Monster Max (Europe) (En,Fr,De,Es,It,Nl)	300b1d2d	262144	Monster Max (Europe) (En,Fr,De,Es,It,Nl)
Monster Max (Europe) (En,Fr,De,Es,It,Nl) (Beta) (1993-04-01)	e7723a39	131072	Monster Max (Europe) (En,Fr,De,Es,It,Nl)
Monster Race (Japan) (SGB Enhanced)	c191bd66	524288	Monster Race (Japan) (SGB Enhanced)
Monster Race Okawari (Japan) (SGB Enhanced)	bd3039e5	524288	Monster Race Okawari (Japan) (SGB Enhanced)
Monster Truck (Japan) (En)	abf9b517	65536	Monster Truck (Japan) (En)
Monster Truck Wars (USA, Europe)	186c109b	131072	Monster Truck Wars (USA, Europe)
Montezuma's Return! (Europe) (En,Fr,De,Es,It)	e7ac155b	262144	Montezuma's Return! (Europe) (En,Fr,De,Es,It)
Mortal Kombat & Mortal Kombat II (Japan) (En)	b1a8dfd0	1048576	Mortal Kombat & Mortal Kombat II (USA, Europe)
Mortal Kombat & Mortal Kombat II (USA, Europe)	55300d0a	1048576	Mortal Kombat & Mortal Kombat II (USA, Europe)
Mortal Kombat (USA, Europe)	90eb0929	262144	Mortal Kombat (USA, Europe)
Mortal Kombat (USA, Europe) (Beta)	f22346a4	262144	Mortal Kombat (USA, Europe)
Mortal Kombat - Shinken Kourin Densetsu (Japan) (En)	160fa9ef	262144	Mortal Kombat (USA, Europe)
Mortal Kombat 3 (Europe)	40c9d0f2	524288	Mortal Kombat 3 (USA, Europe)
Mortal Kombat 3 (USA, Europe)	bf9c65fb	524288	Mortal Kombat 3 (USA, Europe)
Mortal Kombat II (USA, Europe)	bfaeadd0	262144	Mortal Kombat II (USA, Europe)
Mortal Kombat II - Kyuukyoku Shinken (Japan) (En)	57ba5d56	262144	Mortal Kombat II (USA, Europe)
Motocross Maniacs (Europe)	e2697678	32768	Motocross Maniacs (USA)
Motocross Maniacs (Europe) (Rev 1)	f867ee3b	32768	Motocross Maniacs (USA)
Motocross Maniacs (Japan) (En)	da6053c3	32768	Motocross Maniacs (USA)
Motocross Maniacs (USA)	318dbde1	32768	Motocross Maniacs (USA)
Mouse Trap Hotel (USA)	6edf07e5	65536	Mouse Trap Hotel (USA)
Mr. Chin's Gourmet Paradise (USA)	d03e59aa	65536	Mr. Chin's Gourmet Paradise (USA)
Mr. Do! (Europe)	cf84ac77	65536	Mr. Do! (USA)
Mr. Do! (USA)	a1122fc0	65536	Mr. Do! (USA)
Mr. Go no Baken Tekichuu Jutsu (Japan)	eadaf1e7	131072	Mr. Go no Baken Tekichuu Jutsu (Japan)
Mr. Nutz (Europe)	03b64a35	262144	Mr. Nutz (Europe)
Ms. Pac-Man (Europe)	e19f67d7	65536	Ms. Pac-Man (USA)
Ms. Pac-Man (USA)	0e5bb1c4	65536	Ms. Pac-Man (USA)
Muhammad Ali Heavyweight Boxing (USA, Europe)	97bd3e8f	131072	Muhammad Ali Heavyweight Boxing (USA, Europe)
Mulan (Europe) (SGB Enhanced)	e285cf30	524288	Mulan (USA) (SGB Enhanced)
Mulan (USA) (SGB Enhanced)	bfcf71a1	524288	Mulan (USA) (SGB Enhanced)
Mysterium (Japan)	3420edea	131072	Mysterium (USA)
Mysterium (USA)	eb225e96	131072	Mysterium (USA)
Mysterium (USA) (v1.00AI) (Beta) (1991-01-23)	57b3e6c3	131072	Mysterium (USA)
Mysterium (USA) (v1.00AU) (Beta)	004c1af7	131072	Mysterium (USA)
Mystic Quest (Europe)	57d95c92	262144	Final Fantasy Adventure (USA)
Mystic Quest (France)	b6e134af	262144	Final Fantasy Adventure (USA)
Mystic Quest (Germany)	0351b9a6	262144	Final Fantasy Adventure (USA)
Mystic Quest (World) (Collection of Mana)	d4e57574	262144	Final Fantasy Adventure (USA)
Mystic Quest (World) (De) (Collection of Mana)	a9d7e152	262144	Final Fantasy Adventure (USA)
Mystic Quest (World) (Fr) (Collection of Mana)	c3373a18	262144	Final Fantasy Adventure (USA)
Mystical Ninja Starring Goemon (Europe) (SGB Enhanced)	a1813cd5	262144	Mystical Ninja Starring Goemon (USA) (SGB Enhanced)
Mystical Ninja Starring Goemon (USA) (SGB Enhanced)	fafb343c	262144	Mystical Ninja Starring Goemon (USA) (SGB Enhanced)
NBA All-Star Challenge (USA, Europe)	f25ba8bf	65536	NBA All-Star Challenge (USA, Europe)
NBA All-Star Challenge 2 (Japan) (En)	df9db013	131072	NBA All-Star Challenge 2 (USA, Europe)
NBA All-Star Challenge 2 (USA, Europe)	c27c0289	131072	NBA All-Star Challenge 2 (USA, Europe)
NBA Jam (USA, Europe)	0ca07cda	262144	NBA Jam (USA, Europe)
NBA Jam - Tournament Edition (Japan) (En)	32909f62	524288	NBA Jam - Tournament Edition (USA, Europe)
NBA Jam - Tournament Edition (USA, Europe)	27d74c50	524288	NBA Jam - Tournament Edition (USA, Europe)
NBA Live 96 (USA, Europe) (SGB Enhanced)	8885c7cd	524288	NBA Live 96 (USA, Europe) (SGB Enhanced)
NFL Football (USA)	4c3d1508	32768	NFL Football (USA)
NFL Quarterback Club '95 (Japan) (En)	eecb703c	262144	NFL Quarterback Club II (USA, Europe)
NFL Quarterback Club (USA, Europe)	c7838830	131072	NFL Quarterback Club (USA, Europe)
NFL Quarterback Club 96 (Japan) (En) (Proto)	011e75fb	262144	NFL Quarterback Club 96 (USA, Europe)
NFL Quarterback Club 96 (USA, Europe)	d583bc4e	262144	NFL Quarterback Club 96 (USA, Europe)
NFL Quarterback Club II (USA, Europe)	06f04370	262144	NFL Quarterback Club II (USA, Europe)
NHL 96 (USA, Europe) (SGB Enhanced)	15cd2b63	524288	NHL 96 (USA, Europe) (SGB Enhanced)
NHL Hockey 95 (USA, Europe) (SGB Enhanced)	bcabd2d2	524288	NHL Hockey 95 (USA, Europe) (SGB Enhanced)
Nada Asatarou & Kojima Takeo no Jissen Mahjong Kyoushitsu (Japan) (SGB Enhanced)	9d335162	131072	Nada Asatarou & Kojima Takeo no Jissen Mahjong Kyoushitsu (Japan) (SGB Enhanced)
Nada Asatarou no Powerful Mahjong - Tsugi no Itte 100 Dai (Japan)	b4dd8e6a	131072	Nada Asatarou no Powerful Mahjong - Tsugi no Itte 100 Dai (Japan)
Nail 'n Scale (USA, Europe)	44badbb7	131072	Nail 'n Scale (USA, Europe)
Nakajima Satoru - F-1 Hero GB - World Championship '91 (Japan)	e00ebc44	131072	Nakajima Satoru - F-1 Hero GB - World Championship '91 (Japan)
Nakajima Satoru Kanshuu - F-1 Hero GB '92 - The Graded Driver (Japan)	b6ef042e	262144	F1 Pole Position (USA, Europe)
Namco Classic (Japan)	ec3257b3	131072	Namco Classic (Japan)
Namco Gallery Vol.1 (Japan) (SGB Enhanced)	1902c6bd	524288	Namco Gallery Vol.1 (Japan) (SGB Enhanced)
Namco Gallery Vol.2 (Japan) (SGB Enhanced)	a69b9260	524288	Namco Gallery Vol.2 (Japan) (SGB Enhanced)
Namco Gallery Vol.3 (Japan) (SGB Enhanced)	7740341e	524288	Namco Gallery Vol.3 (Japan) (SGB Enhanced)
Nangoku Shounen Papuwa-kun - Ganmadan no Yabou (Japan)	798f324a	131072	Nangoku Shounen Papuwa-kun - Ganmadan no Yabou (Japan)
Nanonote (Japan)	3e30b63d	131072	Nanonote (Japan)
Nanonote (Japan) (Rev 1) (Beta)	38cb1e9f	131072	Nanonote (Japan)
Navy SEALs (USA, Europe)	296ceacb	131072	Navy SEALs (USA, Europe)
Navyblue 98 (Japan)	2cbe5381	262144	Navyblue 98 (Japan)
Nectaris GB (Japan) (SGB Enhanced)	20bfd7ef	524288	Nectaris GB (Japan) (SGB Enhanced)
Nekketsu Kouha Kunio-kun - Bangai Rantou Hen (Japan)	25b21acc	131072	Double Dragon II (USA, Europe)
Nekketsu Koukou Dodgeball-bu - Kyouteki! Dodge Soldier no Maki (Japan)	7eaf671a	131072	Nekketsu Koukou Dodgeball-bu - Kyouteki! Dodge Soldier no Maki (Japan)
Nekketsu Koukou Soccer-bu - World Cup Hen (Japan)	50c2ada1	131072	Nintendo World Cup (USA, Europe)
Nekketsu! Beach Volley Da yo Kunio-kun (Japan) (SGB Enhanced)	abfb84df	262144	Nekketsu! Beach Volley Da yo Kunio-kun (Japan) (SGB Enhanced)
Nekojara Monogatari (Japan)	3d6d309b	131072	Nekojara Monogatari (Japan)
Nemesis (Europe)	19930ea5	131072	Nemesis (USA)
Nemesis (Japan) (En)	b338dae7	131072	Nemesis (USA)
Nemesis (USA)	5110e971	131072	Nemesis (USA)
Nemesis (USA) (Rev 1) (Beta)	7d448fb5	131072	Nemesis (USA)
Nemesis II (Japan) (En)	ac5b062d	262144	Gradius - The Interstellar Assault (USA)
Nemesis II - The Return of the Hero (Europe)	c3e62a35	262144	Gradius - The Interstellar Assault (USA)
Nettou Garou Densetsu 2 - Aratanaru Tatakai (Japan) (SGB Enhanced)	aa98687f	524288	Nettou Garou Densetsu 2 - Aratanaru Tatakai (Japan) (SGB Enhanced)
Nettou Real Bout Garou Densetsu Special (Japan) (SGB Enhanced)	f4031d4c	524288	Nettou Real Bout Garou Densetsu Special (Japan) (SGB Enhanced)
Nettou Samurai Spirits (Japan) (Rev 1) (SGB Enhanced)	c94850cc	524288	Samurai Shodown (USA, Europe) (SGB Enhanced)
Nettou Samurai Spirits (Japan) (SGB Enhanced)	4a306276	524288	Samurai Shodown (USA, Europe) (SGB Enhanced)
Nettou Samurai Spirits - Zankurou Musouken (Japan) (SGB Enhanced)	995d0838	1048576	Nettou Samurai Spirits - Zankurou Musouken (Japan) (SGB Enhanced)
Nettou The King of Fighters '95 (Japan) (SGB Enhanced)	8712f17b	524288	King of Fighters '95, The (USA) (SGB Enhanced)
Nettou The King of Fighters '96 (Japan) (SGB Enhanced)	fecdae42	524288	King of Fighters, The - Heat of Battle (Europe) (SGB Enhanced)
Nettou Toushinden (Japan) (Rev 1) (SGB Enhanced)	d5a6b132	524288	Battle Arena Toshinden (USA) (SGB Enhanced)
Nettou Toushinden (Japan) (SGB Enhanced)	dde161a5	524288	Battle Arena Toshinden (USA) (SGB Enhanced)
Nettou World Heroes 2 Jet (Japan) (Rev 1) (SGB Enhanced)	7c5ffe52	524288	World Heroes 2 Jet (USA, Europe) (SGB Enhanced)
Nettou World Heroes 2 Jet (Japan) (SGB Enhanced)	0a12f53c	524288	World Heroes 2 Jet (USA, Europe) (SGB Enhanced)
New Chessmaster, The (Japan) (En,Ja)	5e1c3e8d	65536	New Chessmaster, The (USA, Europe)
New Chessmaster, The (USA, Europe)	c7ffc203	65536	New Chessmaster, The (USA, Europe)
Nichibutsu Mahjong - Yoshimoto Gekijou (Japan)	d983ff48	262144	Nichibutsu Mahjong - Yoshimoto Gekijou (Japan)
Nigel Mansell's World Championship (Europe)	e1b202db	131072	Nigel Mansell's World Championship Racing (USA)
Nigel Mansell's World Championship Racing (Europe)	0d0958a3	131072	Nigel Mansell's World Championship Racing (USA)
Nigel Mansell's World Championship Racing (USA)	03e84d7d	131072	Nigel Mansell's World Championship Racing (USA)
Nihon Daihyou Team - Eikou no Eleven (Japan) (SGB Enhanced)	e497842e	262144	Nihon Daihyou Team - Eikou no Eleven (Japan) (SGB Enhanced)
Nihon Daihyou Team France de Ganbare! - J.League Supporter Soccer (Japan) (SGB Enhanced)	91e6bf74	524288	Nihon Daihyou Team France de Ganbare! - J.League Supporter Soccer (Japan) (SGB Enhanced)
Nikkan Berutomo Club (Japan) (SGB Enhanced)	ad3f851d	524288	Nikkan Berutomo Club (Japan) (SGB Enhanced)
Ninja Boy (USA, Europe)	59d3e2ad	65536	Ninja Boy (USA, Europe)
Ninja Boy 2 (USA, Europe)	64c06d94	262144	Ninja Boy 2 (USA, Europe)
Ninja Gaiden Shadow (USA)	d3741a3a	131072	Ninja Gaiden Shadow (USA)
Ninja Ryuuken Den - Matenrou Kessen (Japan)	d2be3397	131072	Ninja Gaiden Shadow (USA)
Ninja Spirit (Europe) (Proto)	1d266dd2	131072	Saigo no Nindou (Japan) (En)
Ninja Spirit (USA) (Proto)	4573ce77	131072	Saigo no Nindou (Japan) (En)
Ninja Taro (USA)	c53ebfbd	131072	Ninja Taro (USA)
Ninja Taro (USA) (Beta 1)	61598b3d	131072	Ninja Taro (USA)
Ninja Taro (USA) (Beta 2)	f15b708a	131072	Ninja Taro (USA)
Ninku (Japan) (SGB Enhanced)	b50119eb	524288	Ninku (Japan) (SGB Enhanced)
Ninku Dai-2-dan - Ninku Sensou Hen (Japan) (SGB Enhanced)	7f818772	524288	Ninku Dai-2-dan - Ninku Sensou Hen (Japan) (SGB Enhanced)
Nintama Rantarou GB (Japan) (SGB Enhanced)	bd223184	262144	Nintama Rantarou GB (Japan) (SGB Enhanced)
Nintama Rantarou GB - Eawase Challenge Puzzle (Japan) (SGB Enhanced)	0e37e462	524288	Nintama Rantarou GB - Eawase Challenge Puzzle (Japan) (SGB Enhanced)
Nintendo World Cup (USA, Europe)	96c24e13	131072	Nintendo World Cup (USA, Europe)
Nobunaga no Yabou - Game Boy Ban (Japan)	8803186a	131072	Nobunaga's Ambition (USA)
Nobunaga's Ambition (USA)	5a843008	131072	Nobunaga's Ambition (USA)
Nontan to Issho - Kurukuru Puzzle (Japan)	6cd63b0b	131072	Nontan to Issho - Kurukuru Puzzle (Japan)
Noobow (Japan)	8bbcc8bb	262144	Noobow (Japan)
Oddworld Adventures (USA, Europe)	6510c0e2	524288	Oddworld Adventures (USA, Europe)
Oira Jajamaru! Sekai Daibouken (Japan)	2d08d27f	131072	Maru's Mission (USA)
Olympic Summer Games (USA, Europe) (SGB Enhanced)	be81bd61	524288	Olympic Summer Games (USA, Europe) (SGB Enhanced)
Oni II - Oni Densetsu (Japan)	2f895df5	262144	Oni II - Oni Densetsu (Japan)
Oni III - Kuro no Hakaishin (Japan)	6cd62fdb	262144	Oni III - Kuro no Hakaishin (Japan)
Oni IV - Kijin no Ketsuzoku (Japan)	beff4f57	262144	Oni IV - Kijin no Ketsuzoku (Japan)
Oni IV - Kijin no Ketsuzoku (Japan) (Rev 1) (Beta)	19eba26f	262144	Oni IV - Kijin no Ketsuzoku (Japan)
Oni V - Oni wo Tsugumono (Japan) (SGB Enhanced)	af030940	262144	Oni V - Oni wo Tsugumono (Japan) (SGB Enhanced)
Onigashima Pachinkoten (Japan)	f54ec8eb	131072	Onigashima Pachinkoten (Japan)
Operation C (USA)	2ebbc1ae	131072	Operation C (USA)
Operation C (World) (Contra Anniversary Collection)	a7a5d9c2	131072	Operation C (USA)
Osawagase! Penguin Boy (Japan)	54913227	65536	Amazing Penguin (World) (Limited Run Games)
Othello (Europe)	e6607e29	32768	Othello (Europe)
Othello (Japan) (En)	c17a002e	32768	Othello (Europe)
Othello World (Japan) (SGB Enhanced)	64d13a6d	65536	Othello World (Japan) (SGB Enhanced)
Otogibanashi Taisen (Japan) (SGB Enhanced)	98500521	262144	Otogibanashi Taisen (Japan) (SGB Enhanced)
Otto's Ottifanten - Baby Bruno's Alptraum (Europe) (En,Fr,De,Es)	0c228a78	262144	Otto's Ottifanten - Baby Bruno's Alptraum (Europe) (En,Fr,De,Es)
Otto's Ottifanten - Baby Bruno's Alptraum (Europe) (En,Fr,De,Es) (Beta)	f23e5f91	262144	Otto's Ottifanten - Baby Bruno's Alptraum (Europe) (En,Fr,De,Es)
Out of Gas (USA)	1b67e8b1	131072	Out of Gas (USA)
Out of Gas (USA) (Beta)	c3e365b4	131072	Out of Gas (USA)
Outburst (Japan)	8afcc4b0	262144	Raging Fighter (USA, Europe)
Outburst (Japan) (Demo)	9837ffac	262144	Raging Fighter (USA, Europe)
Oyatsu Quiz Mogu Mogu Q (Japan) (SGB Enhanced)	79e05789	262144	Oyatsu Quiz Mogu Mogu Q (Japan) (SGB Enhanced)
P-Man GB (Japan)	727d5509	131072	Prehistorik Man (USA, Europe)
PGA European Tour (USA, Europe) (SGB Enhanced)	7d7def64	524288	PGA European Tour (USA, Europe) (SGB Enhanced)
PGA Tour 96 (USA, Europe) (SGB Enhanced)	6ff72043	524288	PGA Tour 96 (USA, Europe) (SGB Enhanced)
Pac-Attack (USA) (SGB Enhanced)	94e0af9c	131072	Pac-Attack (USA) (SGB Enhanced)
Pac-In-Time (Europe) (Rev 1) (SGB Enhanced)	7ff79df9	262144	Pac-In-Time (USA) (SGB Enhanced)
Pac-In-Time (Europe) (SGB Enhanced)	8690b691	262144	Pac-In-Time (USA) (SGB Enhanced)
Pac-In-Time (Japan) (En) (SGB Enhanced)	1a5a38da	262144	Pac-In-Time (USA) (SGB Enhanced)
Pac-In-Time (USA) (SGB Enhanced)	50a15dc8	262144	Pac-In-Time (USA) (SGB Enhanced)
Pac-Man (Europe)	0509069c	65536	Pac-Man (USA)
Pac-Man (Japan) (En)	65998f48	65536	Pac-Man (USA)
Pac-Man (USA)	b681e243	65536	Pac-Man (USA)
Pac-Panic (Europe) (SGB Enhanced)	e4af8f75	131072	Pac-Attack (USA) (SGB Enhanced)
Pac-Panic (Japan) (En) (SGB Enhanced)	aaebd509	131072	Pac-Attack (USA) (SGB Enhanced)
Pachi-Slot Hisshou Guide GB (Japan) (SGB Enhanced)	6ee0f7b9	131072	Pachi-Slot Hisshou Guide GB (Japan) (SGB Enhanced)
Pachi-Slot Kids (Japan)	8c21a77d	131072	Pachi-Slot Kids (Japan)
Pachi-Slot Kids 2 (Japan)	deace430	131072	Pachi-Slot Kids 2 (Japan)
Pachi-Slot Kids 3 (Japan)	40fc1186	262144	Pachi-Slot Kids 3 (Japan)
Pachi-Slot World Cup '94 (Japan)	92c9141f	131072	Pachi-Slot World Cup '94 (Japan)
Pachinko CR Daiku no Gen-san GB (Japan) (SGB Enhanced)	69a5e681	262144	Pachinko CR Daiku no Gen-san GB (Japan) (SGB Enhanced)
Pachinko Data Card - Chou Ataru-kun (Japan) (SGB Enhanced)	955b25ba	1048576	Pachinko Data Card - Chou Ataru-kun (Japan) (SGB Enhanced)
Pachinko Kaguya Hime (Japan)	b6d9d6c4	131072	Pachinko Kaguya Hime (Japan)
Pachinko Monogatari Gaiden (Japan) (SGB Enhanced)	52adb7f9	524288	Pachinko Monogatari Gaiden (Japan) (SGB Enhanced)
Pachinko Saiyuuki (Japan)	8f931831	131072	Pachinko Saiyuuki (Japan)
Pachinko Time (Japan)	47658ade	65536	Pachinko Time (Japan)
Pachio-kun (Japan)	9a3e2dc2	131072	Pachio-kun (Japan)
Pachio-kun - Puzzle Castle (Japan)	3690c99c	131072	Pachio-kun - Puzzle Castle (Japan)
Pachio-kun 2 (Japan)	3e8d0ae9	131072	Pachio-kun 2 (Japan)
Pachio-kun 3 (Japan)	c6dd7d92	131072	Pachio-kun 3 (Japan)
Pachio-kun Game Gallery (Japan)	be4718e8	524288	Pachio-kun Game Gallery (Japan)
Pagemaster, The (Europe) (SGB Enhanced)	c9be96d3	262144	Pagemaster, The (USA) (SGB Enhanced)
Pagemaster, The (USA) (SGB Enhanced)	cdfa71e5	262144	Pagemaster, The (USA) (SGB Enhanced)
Painter Momopie (Japan)	fb79ef58	65536	Painter Momopie (Japan)
Palamedes (Europe)	526942e1	32768	Palamedes (Europe)
Palamedes (Japan) (En)	4b993d0d	32768	Palamedes (Europe)
Palamedes (USA) (Proto)	58176694	32768	Palamedes (Europe)
Panel Action Bingo (USA)	d000a116	65536	Panel Action Bingo (USA)
Panel no Ninja Kesamaru (Japan)	12caa1ca	65536	Panel no Ninja Kesamaru (Japan)
Pang (Europe)	ea9615b4	131072	Buster Bros. (USA)
Pang (Europe) (Beta)	54d2754a	131072	Buster Bros. (USA)
Paperboy (USA, Europe)	46de32ba	65536	Paperboy (USA, Europe)
Paperboy 2 (USA, Europe)	8ee404ca	262144	Paperboy 2 (USA, Europe)
Parasol Henbee (Japan)	ae97ec53	65536	Parasol Henbee (Japan)
Parasol Stars - Rainbow Islands II (Europe)	c35ad128	131072	Parasol Stars - Rainbow Islands II (Europe)
Parodius (Europe)	85748525	262144	Parodius (Europe)
Parodius Da! (Japan)	1791e952	262144	Parodius (Europe)
Peetan (Japan)	d0040f49	131072	Peetan (Japan)
Peke to Poko no Daruman Busters (Japan)	a66f5c02	65536	Peke to Poko no Daruman Busters (Japan)
Penguin Land (Japan)	a9e62e88	32768	Penguin Land (Japan)
Penguin Wars (USA)	eecff7f3	65536	Penguin Wars (USA)
Penguin-kun Wars VS. (Japan)	c169606d	65536	Penguin Wars (USA)
Penta Dragon (Japan)	1e2efaee	262144	Penta Dragon (Japan)
Phantasm (Japan)	e742561e	262144	Avenging Spirit (USA, Europe)
Phantom Air Mission (Europe)	8aced4a6	131072	Turn and Burn - The F-14 Dogfight Simulator (USA)
Philip & Marlowe in Bloomland (USA) (Proto)	32bae420	131072	Taiyou no Tenshi Marlowe - Ohanabatake wa Dai-panic (Japan)
Picross 2 (Japan) (SGB Enhanced)	f5aa5902	524288	Picross 2 (Japan) (SGB Enhanced)
Pierre le Chef is... Out to Lunch (Europe)	0145bb6c	131072	Pierre le Chef is... Out to Lunch (Europe)
Pinball - 66hiki no Wani Daikoushin! (Japan)	1b3a89c6	65536	Pinball - Revenge of the 'Gator (USA, Europe)
Pinball - Revenge of the 'Gator (USA, Europe)	79804305	65536	Pinball - Revenge of the 'Gator (USA, Europe)
Pinball - Revenge of the 'Gator (USA, Europe) (Beta)	048d3ab0	65536	Pinball - Revenge of the 'Gator (USA, Europe)
Pinball Deluxe (Europe)	02864c32	262144	Pinball Deluxe (Europe)
Pinball Dreams (USA, Europe)	6da713e3	131072	Pinball Dreams (USA, Europe)
Pinball Fantasies (USA, Europe)	f056a911	262144	Pinball Fantasies (USA, Europe)
Pinball Mania (Europe)	edc8d122	262144	Pinball Mania (Europe)
Pingu - Sekai de 1ban Genki na Penguin (Japan)	a8dd80c6	262144	Pingu - Sekai de 1ban Genki na Penguin (Japan)
Pinocchio (Europe)	085c4a02	262144	Pinocchio (USA)
Pinocchio (USA)	2d924e46	262144	Pinocchio (USA)
Pipe Dream (Japan) (En)	d8b4aea4	32768	Pipe Dream (USA)
Pipe Dream (USA)	f59cedea	32768	Pipe Dream (USA)
Pit-Fighter (USA, Europe)	0680bfc3	262144	Pit-Fighter (USA, Europe)
Pitman (Japan) (En)	a0b68136	32768	Catrap (USA)
Play Action Football (USA)	983caf46	131072	Play Action Football (USA)
Pocahontas (USA, Europe) (SGB Enhanced)	ce58c63d	524288	Pocahontas (USA, Europe) (SGB Enhanced)
Pocket Bass Fishing (Japan)	2c88f996	131072	Pocket Bass Fishing (Japan)
Pocket Battle (Japan)	17114316	131072	Pocket Battle (Japan)
Pocket Bomberman (Europe) (SGB Enhanced)	0fd1ae54	524288	Pocket Bomberman (Europe) (SGB Enhanced)
Pocket Bomberman (Japan) (SGB Enhanced)	212b47a5	524288	Pocket Bomberman (Europe) (SGB Enhanced)
Pocket Camera (Japan) (Rev 1) (SGB Enhanced)	73e8ef96	1048576	Game Boy Camera Gold (USA) (SGB Enhanced)
Pocket Densha (Japan) (SGB Enhanced)	845bb677	524288	Pocket Densha (Japan) (SGB Enhanced)
Pocket Family GB (Japan) (SGB Enhanced)	48993d4f	524288	Pocket Family GB (Japan) (SGB Enhanced)
Pocket Golf (Japan)	755152bb	131072	Pocket Golf (Japan)
Pocket Kanjirou (Japan) (SGB Enhanced)	e18aedaf	524288	Pocket Kanjirou (Japan) (SGB Enhanced)
Pocket Kyoro-chan (Japan) (SGB Enhanced)	c034ece1	262144	Pocket Kyoro-chan (Japan) (SGB Enhanced)
Pocket Love (Japan) (SGB Enhanced)	d570a9df	524288	Pocket Love (Japan) (SGB Enhanced)
Pocket Love 2 (Japan) (SGB Enhanced)	9f8440b5	1048576	Pocket Love 2 (Japan) (SGB Enhanced)
Pocket Mahjong (Japan)	90f026d4	131072	Pocket Mahjong (Japan)
Pocket Monsters - Aka (Japan) (Rev 1) (SGB Enhanced)	b77be1e0	524288	Pokemon - Red Version (USA, Europe) (SGB Enhanced)
Pocket Monsters - Aka (Japan) (SGB Enhanced)	13652705	524288	Pokemon - Red Version (USA, Europe) (SGB Enhanced)
Pocket Monsters - Ao (Japan) (SGB Enhanced)	e4468d14	524288	Pokemon - Blue Version (USA, Europe) (SGB Enhanced)
Pocket Monsters - Midori (Japan) (Rev 1) (SGB Enhanced)	37ae8dc4	524288	Pocket Monsters - Midori (Japan) (SGB Enhanced)
Pocket Monsters - Midori (Japan) (SGB Enhanced)	baeacd2b	524288	Pocket Monsters - Midori (Japan) (SGB Enhanced)
Pocket Monsters - Pikachu (Japan) (Rev 1) (SGB Enhanced)	a2545d33	1048576	Pokemon - Yellow Version - Special Pikachu Edition (USA, Europe) (CGB+SGB Enhanced)
Pocket Monsters - Pikachu (Japan) (Rev 2) (SGB Enhanced)	fd3da7ff	1048576	Pokemon - Yellow Version - Special Pikachu Edition (USA, Europe) (CGB+SGB Enhanced)
Pocket Monsters - Pikachu (Japan) (Rev 3) (SGB Enhanced)	e9e6483a	1048576	Pokemon - Yellow Version - Special Pikachu Edition (USA, Europe) (CGB+SGB Enhanced)
Pocket Monsters - Pikachu (Japan) (SGB Enhanced)	4ec85504	1048576	Pokemon - Yellow Version - Special Pikachu Edition (USA, Europe) (CGB+SGB Enhanced)
Pocket Puyo Puyo Tsuu (Japan) (Rev 1) (SGB Enhanced) (NP)	cae8a317	262144	Pocket Puyo Puyo Tsuu (Japan) (SGB Enhanced)
Pocket Puyo Puyo Tsuu (Japan) (SGB Enhanced)	43e47a81	262144	Pocket Puyo Puyo Tsuu (Japan) (SGB Enhanced)
Pocket Shougi (Japan) (SGB Enhanced)	2fa1bde6	262144	Pocket Shougi (Japan) (SGB Enhanced)
Pocket Sonar (Japan)	d68c9f79	524288	Pocket Sonar (Japan)
Pocket Stadium (Japan)	c7bd9228	65536	Pocket Stadium (Japan)
Pokemon - Blaue Edition (Germany) (SGB Enhanced)	9c336307	1048576	Pokemon - Blue Version (USA, Europe) (SGB Enhanced)
Pokemon - Blue Version (USA, Europe) (SGB Enhanced)	d6da8a1a	1048576	Pokemon - Blue Version (USA, Europe) (SGB Enhanced)
Pokemon - Edicion Amarilla - Edicion Especial Pikachu (Spain) (CGB+SGB Enhanced)	964b7a10	1048576	Pokemon - Yellow Version - Special Pikachu Edition (USA, Europe) (CGB+SGB Enhanced)
Pokemon - Edicion Azul (Spain) (SGB Enhanced)	d95416f9	1048576	Pokemon - Blue Version (USA, Europe) (SGB Enhanced)
Pokemon - Edicion Roja (Spain) (SGB Enhanced)	d8507d8a	1048576	Pokemon - Red Version (USA, Europe) (SGB Enhanced)
Pokemon - Gelbe Edition - Special Pikachu Edition (Germany) (CGB+SGB Enhanced)	7a01e45a	1048576	Pokemon - Yellow Version - Special Pikachu Edition (USA, Europe) (CGB+SGB Enhanced)
Pokemon - Red Version (USA, Europe) (SGB Enhanced)	9f7fdd53	1048576	Pokemon - Red Version (USA, Europe) (SGB Enhanced)
Pokemon - Rote Edition (Germany) (SGB Enhanced)	89197825	1048576	Pokemon - Red Version (USA, Europe) (SGB Enhanced)
Pokemon - Version Bleue (France) (SGB Enhanced)	50e2fc1d	1048576	Pokemon - Blue Version (USA, Europe) (SGB Enhanced)
Pokemon - Version Jaune - Edition Speciale Pikachu (France) (CGB+SGB Enhanced)	d03426e9	1048576	Pokemon - Yellow Version - Special Pikachu Edition (USA, Europe) (CGB+SGB Enhanced)
Pokemon - Version Rouge (France) (SGB Enhanced)	337fce11	1048576	Pokemon - Red Version (USA, Europe) (SGB Enhanced)
Pokemon - Versione Blu (Italy) (SGB Enhanced)	4d0984a9	1048576	Pokemon - Blue Version (USA, Europe) (SGB Enhanced)
Pokemon - Versione Gialla - Speciale Edizione Pikachu (Italy) (CGB+SGB Enhanced)	8b56fe33	1048576	Pokemon - Yellow Version - Special Pikachu Edition (USA, Europe) (CGB+SGB Enhanced)
Pokemon - Versione Rossa (Italy) (SGB Enhanced)	2945aceb	1048576	Pokemon - Red Version (USA, Europe) (SGB Enhanced)
Pokemon - Yellow Version - Special Pikachu Edition (USA, Europe) (1999-02-03) (Beta) (CGB+SGB Enhanced)	d0b1e29b	1048576	Pokemon - Yellow Version - Special Pikachu Edition (USA, Europe) (CGB+SGB Enhanced)
Pokemon - Yellow Version - Special Pikachu Edition (USA, Europe) (1999-02-03) (Beta) (CGB+SGB Enhanced) (Alt)	1116ae9f	1048576	Pokemon - Yellow Version - Special Pikachu Edition (USA, Europe) (CGB+SGB Enhanced)
Pokemon - Yellow Version - Special Pikachu Edition (USA, Europe) (1999-02-10) (Beta) (CGB+SGB Enhanced)	2e63bc59	1048576	Pokemon - Yellow Version - Special Pikachu Edition (USA, Europe) (CGB+SGB Enhanced)
Pokemon - Yellow Version - Special Pikachu Edition (USA, Europe) (1999-02-15) (Beta) (CGB+SGB Enhanced)	00787832	1048576	Pokemon - Yellow Version - Special Pikachu Edition (USA, Europe) (CGB+SGB Enhanced)
Pokemon - Yellow Version - Special Pikachu Edition (USA, Europe) (1999-02-16) (Beta) (CGB+SGB Enhanced)	42c5430a	1048576	Pokemon - Yellow Version - Special Pikachu Edition (USA, Europe) (CGB+SGB Enhanced)
Pokemon - Yellow Version - Special Pikachu Edition (USA, Europe) (1999-02-17) (Beta) (CGB+SGB Enhanced)	0dee0d87	1048576	Pokemon - Yellow Version - Special Pikachu Edition (USA, Europe) (CGB+SGB Enhanced)
Pokemon - Yellow Version - Special Pikachu Edition (USA, Europe) (1999-02-18) (Beta) (CGB+SGB Enhanced)	b539a028	1048576	Pokemon - Yellow Version - Special Pikachu Edition (USA, Europe) (CGB+SGB Enhanced)
Pokemon - Yellow Version - Special Pikachu Edition (USA, Europe) (1999-02-22) (Beta) (CGB+SGB Enhanced)	c83df319	1048576	Pokemon - Yellow Version - Special Pikachu Edition (USA, Europe) (CGB+SGB Enhanced)
Pokemon - Yellow Version - Special Pikachu Edition (USA, Europe) (1999-02-22) (Beta) (CGB+SGB Enhanced) (Alt)	dbd0b8dc	1048576	Pokemon - Yellow Version - Special Pikachu Edition (USA, Europe) (CGB+SGB Enhanced)
Pokemon - Yellow Version - Special Pikachu Edition (USA, Europe) (CGB+SGB Enhanced)	7d527d62	1048576	Pokemon - Yellow Version - Special Pikachu Edition (USA, Europe) (CGB+SGB Enhanced)
Pokonyan! - Yume no Daibouken (Japan) (SGB Enhanced)	61c34232	262144	Pokonyan! - Yume no Daibouken (Japan) (SGB Enhanced)
Ponta to Hinako no Chindouchuu - Yuujou Hen (Japan)	058b3dab	65536	Ponta to Hinako no Chindouchuu - Yuujou Hen (Japan)
Pop Up (Europe)	7f545b40	32768	Cool Ball (USA)
Pop'n TwinBee (Europe)	d07db274	131072	Pop'n TwinBee (Europe)
Popeye (Japan) (En)	2fb4da21	131072	Popeye (Japan) (En)
Popeye (USA) (Proto)	27e257c6	131072	Popeye (Japan) (En)
Popeye 2 (Europe)	c07ed722	131072	Popeye 2 (USA)
Popeye 2 (Japan)	4372ed68	131072	Popeye 2 (USA)
Popeye 2 (Japan) (Rev 1)	8cd93719	131072	Popeye 2 (USA)
Popeye 2 (USA)	729c2e40	131072	Popeye 2 (USA)
Populous (Europe)	453057ac	131072	Populous (Europe)
Populous (Europe) (Beta 1)	802c25a9	131072	Populous (Europe)
Populous (Europe) (Beta 2)	17b1601d	131072	Populous (Europe)
Populous (Europe) (Beta 3) (1992-11-26)	a4a9741c	131072	Populous (Europe)
Populous (Europe) (Beta 4) (1992-12-10)	1b8ba30c	131072	Populous (Europe)
Populous (Europe) (Beta 5) (1993-02-17)	3207b26e	131072	Populous (Europe)
Populous (Europe) (Beta 6)	ecf2dd6f	131072	Populous (Europe)
Populous Gaiden (Japan) (En)	f327167e	131072	Populous (Europe)
Populous Gaiden (Japan) (En) (Beta) (1993-02-15)	e93f4cbd	131072	Populous (Europe)
Power Mission (Japan) (En)	0e2a1414	131072	Power Mission (USA)
Power Mission (Japan) (En) (Rev 1)	e30ef8ab	131072	Power Mission (USA)
Power Mission (USA)	46cb2f33	131072	Power Mission (USA)
Power Paws (Europe) (Proto 1)	3979cf10	32768	Catrap (USA)
Power Paws (Europe) (Proto 2)	9321c082	32768	Catrap (USA)
Power Pro GB (Japan) (Rev 1) (SGB Enhanced)	71bea855	262144	Power Pro GB (Japan) (SGB Enhanced)
Power Pro GB (Japan) (SGB Enhanced)	2e123f5b	262144	Power Pro GB (Japan) (SGB Enhanced)
Power Racer (Europe)	cf8aeee8	65536	Power Racer (USA)
Power Racer (USA)	afc6a949	65536	Power Racer (USA)
Prehistorik Man (USA, Europe)	c5204156	131072	Prehistorik Man (USA, Europe)
Pri Pri - Primitive Princess! (Japan) (En)	55da3515	65536	Pri Pri - Primitive Princess! (World) (Evercade)
Pri Pri - Primitive Princess! (World) (Evercade)	a396be57	65536	Pri Pri - Primitive Princess! (World) (Evercade)
Primal Rage (USA, Europe)	c95d927b	262144	Primal Rage (USA, Europe)
Primal Rage (USA, Europe) (Beta)	f738d4d1	262144	Primal Rage (USA, Europe)
Prince of Persia (Europe) (En,Fr,De,Es,It)	b2cbf20f	131072	Prince of Persia (USA)
Prince of Persia (Europe) (En,Fr,De,Es,It) (Beta)	e0aaad99	131072	Prince of Persia (USA)
Prince of Persia (Japan)	1d16d689	131072	Prince of Persia (USA)
Prince of Persia (USA)	2bd995f1	131072	Prince of Persia (USA)
Prince of Persia (USA) (Beta)	c81ca14b	131072	Prince of Persia (USA)
Pro Mahjong Kiwame GB (Japan) (SGB Enhanced)	6f5b6748	131072	Pro Mahjong Kiwame GB (Japan) (SGB Enhanced)
Pro Soccer (Japan)	a6f3bee2	131072	Super Kick Off (Europe) (En,Fr,De,It,Nl)
Pro Wrestling (Japan)	f27c06da	131072	HAL Wrestling (USA)
Probotector (Europe)	c9acc4f4	131072	Operation C (USA)
Probotector (World) (Contra Anniversary Collection)	1c03c0ee	131072	Operation C (USA)
Probotector 2 (Europe) (Beta) (SGB Enhanced)	7d60c005	131072	Contra - The Alien Wars (USA) (SGB Enhanced)
Probotector 2 (Europe) (SGB Enhanced)	b5090e43	131072	Contra - The Alien Wars (USA) (SGB Enhanced)
Prophecy - The Viking Child (Europe) (En,Fr,De,Es,It)	590f5fb1	262144	Prophecy - The Viking Child (USA)
Prophecy - The Viking Child (USA)	80f62f9a	262144	Prophecy - The Viking Child (USA)
Punisher, The - The Ultimate Payback (USA)	5916713e	131072	Punisher, The - The Ultimate Payback (USA)
Purikura Pocket - Fukanzen Joshikousei Manual (Japan) (Rev 1) (NP)	57e9c17d	524288	Purikura Pocket - Fukanzen Joshikousei Manual (Japan) (SGB Enhanced)
Purikura Pocket - Fukanzen Joshikousei Manual (Japan) (SGB Enhanced)	acc589fc	524288	Purikura Pocket - Fukanzen Joshikousei Manual (Japan) (SGB Enhanced)
Purikura Pocket 2 - Kareshi Kaizou Daisakusen (Japan) (SGB Enhanced)	d145ea23	524288	Purikura Pocket 2 - Kareshi Kaizou Daisakusen (Japan) (SGB Enhanced)
Purikura Pocket 3 - Talent Debut Daisakusen (Japan) (Rev 1) (SGB Enhanced) (NP)	458dd05d	1048576	Purikura Pocket 3 - Talent Debut Daisakusen (Japan) (SGB Enhanced)
Purikura Pocket 3 - Talent Debut Daisakusen (Japan) (SGB Enhanced)	ceb62411	1048576	Purikura Pocket 3 - Talent Debut Daisakusen (Japan) (SGB Enhanced)
Puyo Puyo (Japan) (Rev 1) (SGB Enhanced)	20e48285	262144	Puyo Puyo (Japan) (SGB Enhanced)
Puyo Puyo (Japan) (SGB Enhanced)	9e372d13	262144	Puyo Puyo (Japan) (SGB Enhanced)
Puzzle Bobble GB (Japan)	10235e38	131072	Bust-A-Move 2 - Arcade Edition (USA, Europe)
Puzzle Boy (Japan)	2ae2d71c	32768	Kwirk - He's A-maze-ing! (USA, Europe)
Puzzle Boy II (Japan)	e5463a1d	65536	A-mazing Tater (USA)
Puzzle Nintama Rantarou GB (Japan) (SGB Enhanced)	952920ba	262144	Puzzle Nintama Rantarou GB (Japan) (SGB Enhanced)
Puzznic (Japan) (En)	916e638d	65536	Puzznic (Japan) (En)
Puzznic (USA) (Proto)	dace3e4a	131072	Puzznic (Japan) (En)
Pyramids of Ra (USA)	abef175b	65536	Pyramids of Ra (USA)
Q Billion (Japan) (En)	979ed154	32768	Q Billion (USA)
Q Billion (USA)	7202e973	32768	Q Billion (USA)
Q-bert for Game Boy (Japan)	e9ba4bad	65536	Q-bert for Game Boy (USA, Europe)
Q-bert for Game Boy (USA, Europe)	b0109545	65536	Q-bert for Game Boy (USA, Europe)
QIX (World)	9185e89e	65536	QIX (World)
Quarth (Japan)	40e5adc9	65536	Quarth (USA, Europe)
Quarth (USA, Europe)	bfb112ad	65536	Quarth (USA, Europe)
Quiz Nihon Mukashibanashi - Athena no Hatena (Japan)	471c237b	262144	Quiz Nihon Mukashibanashi - Athena no Hatena (Japan)
Quiz Sekai wa Show by Shoubai!! (Japan)	d8c33dcd	262144	Quiz Sekai wa Show by Shoubai!! (Japan)
R-Type (Japan) (En)	e4988910	131072	R-Type (USA, Europe)
R-Type (USA, Europe)	e0f23fc0	131072	R-Type (USA, Europe)
R-Type II (Europe)	2fe2a72d	131072	R-Type II (Europe)
R-Type II (Europe) (Beta)	e99fec8d	131072	R-Type II (Europe)
R-Type II (Japan) (En)	6002e291	131072	R-Type II (Europe)
R-Type II (USA) (Proto)	7254ea52	131072	R-Type II (Europe)
Race Days (Europe)	b9ab5319	262144	Race Days (USA)
Race Days (USA)	442420b3	262144	Race Days (USA)
Race Drivin' (USA, Europe)	6775ccd6	131072	Race Drivin' (USA, Europe)
Race Drivin' (USA, Europe) (Beta)	8c217639	131072	Race Drivin' (USA, Europe)
Racing Damashii (Japan)	796fbb66	65536	Racing Damashii (Japan)
Radar Mission (USA, Europe)	581da9c9	131072	Radar Mission (USA, Europe)
Raging Fighter (USA, Europe)	1ef3bedb	262144	Raging Fighter (USA, Europe)
Rampart (Japan)	96a4c720	131072	Rampart (USA, Europe)
Rampart (USA, Europe)	6d347812	131072	Rampart (USA, Europe)
Ranma 1-2 (Japan)	4e05537e	65536	Ranma 1-2 (Japan)
Ranma 1-2 - Kakugeki Mondou!! (Japan)	613e657a	262144	Ranma 1-2 - Kakugeki Mondou!! (Japan)
Ranma 1-2 - Netsuretsu Kakutou Hen (Japan)	d9d57151	262144	Ranma 1-2 - Netsuretsu Kakutou Hen (Japan)
Ray-Thunder (Japan)	a00a9468	131072	Ray-Thunder (Japan)
Real Ghostbusters, The (USA)	e1592b83	131072	Real Ghostbusters, The (USA)
Red Arremer - Makaimura Gaiden (Japan)	ae0122aa	131072	Gargoyle's Quest (USA, Europe)
Red October o Oe! (Japan) (En)	c2e7be35	131072	Hunt for Red October, The (USA, Europe)
Ren & Stimpy Show, The - Space Cadet Adventures (USA)	2085aad9	262144	Ren & Stimpy Show, The - Space Cadet Adventures (USA)
Ren & Stimpy Show, The - Veediots! (USA, Europe)	504cbd1d	262144	Ren & Stimpy Show, The - Veediots! (USA, Europe)
Renju Club - Gomoku Narabe (Japan) (SGB Enhanced)	52f5e960	32768	Renju Club - Gomoku Narabe (Japan) (SGB Enhanced)
Rentaiou (Japan)	2350922b	65536	Rentaiou (Japan)
Reservoir Rat (Europe) (En,Fr,De,Es,It)	2d33e175	262144	Reservoir Rat (Europe) (En,Fr,De,Es,It)
Riddick Bowe Boxing (Europe)	8de1ae9c	131072	Riddick Bowe Boxing (USA)
Riddick Bowe Boxing (USA)	fb5d24e0	131072	Riddick Bowe Boxing (USA)
Riddick Bowe Boxing (USA) (Beta)	a07512a6	131072	Riddick Bowe Boxing (USA)
Ring Rage (Japan) (En)	fd3d5ba7	131072	Ring Rage (USA)
Ring Rage (USA)	bce5dfb7	131072	Ring Rage (USA)
Road Rash (USA, Europe)	88edc83d	131072	Road Rash (USA, Europe)
Road Rash (USA, Europe) (Beta)	b1f7970a	131072	Road Rash (USA, Europe)
Roadster (Japan) (En)	04453e78	131072	Roadster (Japan) (En)
Robin Hood - Prince of Thieves (Europe)	55bba483	262144	Robin Hood - Prince of Thieves (USA)
Robin Hood - Prince of Thieves (France)	ef1a493a	262144	Robin Hood - Prince of Thieves (USA)
Robin Hood - Prince of Thieves (Germany)	0b2071a3	262144	Robin Hood - Prince of Thieves (USA)
Robin Hood - Prince of Thieves (Spain)	7846df7d	262144	Robin Hood - Prince of Thieves (USA)
Robin Hood - Prince of Thieves (USA)	e5c8c2b1	262144	Robin Hood - Prince of Thieves (USA)
RoboCop (Japan) (En)	06d6980b	131072	RoboCop (USA)
RoboCop (USA)	6088b426	131072	RoboCop (USA)
RoboCop (USA, Europe) (Rev 1)	62d56c31	65536	RoboCop (USA)
RoboCop 2 (Japan)	157ce6e5	131072	RoboCop 2 (USA, Europe)
RoboCop 2 (USA, Europe)	4365a789	131072	RoboCop 2 (USA, Europe)
RoboCop Versus The Terminator (Europe)	9e3b05c4	131072	RoboCop Versus The Terminator (USA)
RoboCop Versus The Terminator (USA)	f82d7223	131072	RoboCop Versus The Terminator (USA)
Robot Ponkots - Sun Version - Comic Bom Bom Special Version (Japan) (SGB Enhanced)	857b4019	1048576	Robot Ponkots - Sun Version - Comic Bom Bom Special Version (Japan) (SGB Enhanced)
Rock'n! Monster!! (Japan) (SGB Enhanced)	630299c1	524288	Rock'n! Monster!! (Japan) (SGB Enhanced)
Rockman World (Japan) (En)	3be6ac04	262144	Mega Man - Dr. Wily's Revenge (USA)
Rockman World (Japan) (En) (Beta)	d7356a4f	262144	Mega Man - Dr. Wily's Revenge (USA)
Rockman World 2 (Japan)	c34d265e	262144	Mega Man II (USA)
Rockman World 3 (Japan)	e904484f	262144	Mega Man III (USA)
Rockman World 4 (Japan)	16aec559	524288	Mega Man IV (USA)
Rockman World 5 (Japan) (SGB Enhanced)	eeabd3c6	524288	Mega Man V (USA) (SGB Enhanced)
Rod Land (World) (Retro-Bit)	a5f649f8	65536	Rod Land (World) (Retro-Bit)
Rodland (Europe)	6093f4ec	65536	Rod Land (World) (Retro-Bit)
Roger Clemens' MVP Baseball (USA)	9da8595b	262144	Roger Clemens' MVP Baseball (USA)
Roger Clemens' MVP Baseball (USA) (Rev 1)	fa955b39	262144	Roger Clemens' MVP Baseball (USA)
Rolan's Curse (USA)	1a602590	65536	Rolan's Curse (USA)
Rolan's Curse (USA) (Beta)	d9b226db	65536	Rolan's Curse (USA)
Rolan's Curse II (USA)	2754f360	131072	Rolan's Curse II (USA)
Rolan's Curse II (USA) (Beta)	be7887b5	131072	Rolan's Curse II (USA)
Rubble Saver (Japan) (En)	e8aea452	131072	Adventures of Star Saver, The (USA, Europe)
Rubble Saver II (Japan) (En)	92c95f2d	65536	Max (Europe)
Rugrats Movie, The (USA) (SGB Enhanced)	124a0d06	524288	Rugrats Movie, The (USA) (SGB Enhanced)
Rugrats Movie, The (World) (Retro Rewind Collection) (SGB Enhanced)	025f10df	524288	Rugrats Movie, The (USA) (SGB Enhanced)
SD Gundam - SD Sengokuden - Kunitori Monogatari (Japan)	016a0552	131072	SD Gundam - SD Sengokuden - Kunitori Monogatari (Japan)
SD Gundam Gaiden - Lacroan' Heroes (Japan)	c9dbba10	131072	SD Gundam Gaiden - Lacroan' Heroes (Japan)
SD Hiryuu no Ken Gaiden (Japan) (SGB Enhanced)	c4d09768	524288	SD Hiryuu no Ken Gaiden (Japan) (SGB Enhanced)
SD Hiryuu no Ken Gaiden 2 (Japan) (SGB Enhanced)	10034d19	1048576	SD Hiryuu no Ken Gaiden 2 (Japan) (SGB Enhanced)
SD Lupin Sansei - Kinko Yaburi Daisakusen (Japan)	f0b73db4	65536	SD Lupin Sansei - Kinko Yaburi Daisakusen (Japan)
SD Sengokuden 2 - Tenka Touitsu Hen (Japan)	5b7c6faa	262144	SD Sengokuden 2 - Tenka Touitsu Hen (Japan)
SD Sengokuden 3 - Chijou Saikyou Hen (Japan)	7c61426c	262144	SD Sengokuden 3 - Chijou Saikyou Hen (Japan)
Sa-Ga 2 - Hihou Densetsu (Japan)	18055bb9	262144	Final Fantasy Legend II (USA)
Sa-Ga 2 - Hihou Densetsu (Japan) (Rev 1)	f6cfcfb1	262144	Final Fantasy Legend II (USA)
Sa-Ga 2 - Hihou Densetsu (World) (Ja) (Rev 1) (Collection of SaGa)	2fe38e18	262144	Final Fantasy Legend II (USA)
Sa-Ga 3 - Jikuu no Hasha (Japan)	575d6d9d	262144	Final Fantasy Legend III (USA)
Sa-Ga 3 - Jikuu no Hasha (World) (Ja) (Collection of SaGa)	dc4f4e34	262144	Final Fantasy Legend III (USA)
Sagaia (Japan) (En)	e43da090	131072	Sagaia (World) (Darius Cozmic Revelation)
Sagaia (World) (Darius Cozmic Revelation)	1a4eb519	131072	Sagaia (World) (Darius Cozmic Revelation)
Saigo no Nindou (Japan) (En)	b864a3b6	131072	Saigo no Nindou (Japan) (En)
Sakigake!! Otoko Juku - Meioutou Kessen (Japan)	2f0f7f63	131072	Sakigake!! Otoko Juku - Meioutou Kessen (Japan)
Same Game (Japan) (SGB Enhanced)	70393c0f	262144	Same Game (Japan) (SGB Enhanced)
Samurai Shodown (USA, Europe) (Beta) (SGB Enhanced)	90d51289	524288	Samurai Shodown (USA, Europe) (SGB Enhanced)
Samurai Shodown (USA, Europe) (SGB Enhanced)	69292ee6	524288	Samurai Shodown (USA, Europe) (SGB Enhanced)
Sangokushi - Game Boy Ban (Japan)	83706e92	262144	Sangokushi - Game Boy Ban (Japan)
Sanrio Carnival (Japan)	48d8ab7a	65536	Sanrio Carnival (Japan)
Sanrio Carnival 2 (Japan)	758c7b2a	65536	Sanrio Carnival 2 (Japan)
Sanrio Uranai Party (Japan)	0d4c02a7	262144	Sanrio Uranai Party (Japan)
Sanrio Uranai Party (Japan) (Rev 1)	d0687d9f	262144	Sanrio Uranai Party (Japan)
Schiffe Versenken (Germany) (En,Fr,De,Es)	1cb8bfc2	131072	Sea Battle (Europe) (En,Fr,De,Es)
Scotland Yard (Japan)	4a0f5972	131072	Scotland Yard (Japan)
Sea Battle (Europe) (En,Fr,De,Es)	ba091b91	131072	Sea Battle (Europe) (En,Fr,De,Es)
Seaside Volley (Japan)	79afe59e	65536	Malibu Beach Volleyball (USA)
Seiken Densetsu - Final Fantasy Gaiden (Japan)	d771c1b6	262144	Final Fantasy Adventure (USA)
Seiken Densetsu - Final Fantasy Gaiden (Japan) (Seiken Densetsu Collection)	68985353	262144	Final Fantasy Adventure (USA)
Seisenshi - Saint Paradise - Saikyou no Senshitachi (Japan)	d6fe3c56	262144	Seisenshi - Saint Paradise - Saikyou no Senshitachi (Japan)
Selection - Erabareshi Mono (Japan)	799c5cdb	131072	Sword of Hope, The (USA)
Selection I & II - Erabareshi Mono & Ankoku no Fuuin (Japan) (SGB Enhanced)	a6027919	524288	Selection I & II - Erabareshi Mono & Ankoku no Fuuin (Japan) (SGB Enhanced)
Selection II - Ankoku no Fuuin (Japan)	d09073f6	262144	Sword of Hope II, The (USA)
Sengoku Ninja-kun (Japan)	6bae3a41	131072	Ninja Taro (USA)
Sensible Soccer - European Champions (Europe)	bd022658	131072	Sensible Soccer - European Champions (Europe)
Serpent (USA)	74d466d7	32768	Serpent (USA)
Shadow Warriors (Europe)	bcc18e24	131072	Ninja Gaiden Shadow (USA)
Shanghai (Japan) (Activision)	6aa684eb	32768	Shanghai (USA)
Shanghai (Japan) (HAL Laboratory)	7c29672b	32768	Shanghai (USA)
Shanghai (USA)	580fcb18	32768	Shanghai (USA)
Shanghai Pocket (Japan) (SGB Enhanced)	6b8eff2c	262144	Shanghai Pocket (Japan) (SGB Enhanced)
Shaq Fu (USA) (SGB Enhanced)	7ed43fe6	524288	Shaq Fu (USA) (SGB Enhanced)
Shikinjou (Japan)	f8ec3a41	65536	Shikinjou (Japan)
Shin Keiba Kizoku Pocket Jockey (Japan) (SGB Enhanced)	490f8c46	524288	Shin Keiba Kizoku Pocket Jockey (Japan) (SGB Enhanced)
Shin Nihon Pro Wrestling - Toukon Sanjuushi (Japan)	a8a43013	131072	Shin Nihon Pro Wrestling - Toukon Sanjuushi (Japan)
Shin Nihon Pro Wrestling - Toukon Sanjuushi (Japan) (Sample)	12d978bf	131072	Shin Nihon Pro Wrestling - Toukon Sanjuushi (Japan)
Shin SD Gundam Gaiden - Knight Gundam Monogatari (Japan) (SGB Enhanced)	e5a78b9b	262144	Shin SD Gundam Gaiden - Knight Gundam Monogatari (Japan) (SGB Enhanced)
Shinri Game 2, The - Oosaka Hen (Japan)	47095204	262144	Shinri Game 2, The - Oosaka Hen (Japan)
Shinri Game, The (Japan)	fb2fe362	262144	Shinri Game, The (Japan)
Shinseiki GPX - Cyber Formula (Japan)	72b42ea7	131072	Shinseiki GPX - Cyber Formula (Japan)
Shippo de Bun (Japan)	56410442	65536	Tail 'Gator (World) (Limited Run Games)
Shippuu! Iron Leaguer (Japan)	8e3c7e15	131072	Shippuu! Iron Leaguer (Japan)
Shisenshou - Match-Mania (Japan) (En)	0cdd8b04	32768	Shisenshou - Match-Mania (Japan) (En)
Shougi (Japan)	4fb44cb4	131072	Shougi (Japan)
Shougi Saikyou (Japan) (Rev 1) (SGB Enhanced)	a074bf7e	262144	Shougi Saikyou (Japan) (SGB Enhanced)
Shougi Saikyou (Japan) (SGB Enhanced)	2f0f7c6e	262144	Shougi Saikyou (Japan) (SGB Enhanced)
Shounen Ashibe - Yuuenchi Panic (Japan)	b3063db5	131072	Shounen Ashibe - Yuuenchi Panic (Japan)
Shuyaku Sentai Irem Fighter (Japan)	ecd61f03	262144	Shuyaku Sentai Irem Fighter (Japan)
Side Pocket (World)	9a1e30b4	65536	Side Pocket (World)
Simpsons, The - Bart & the Beanstalk (USA, Europe)	517a614c	131072	Simpsons, The - Bart & the Beanstalk (USA, Europe)
Simpsons, The - Bart no Jack to Mame no Ki (Japan) (En)	7aa4e0bb	131072	Simpsons, The - Bart & the Beanstalk (USA, Europe)
Simpsons, The - Bart vs. the Juggernauts (USA, Europe)	6819cf0d	131072	Simpsons, The - Bart vs. the Juggernauts (USA, Europe)
Simpsons, The - Itchy & Scratchy - Miniature Golf Madness (USA, Europe)	ddb147e5	131072	Simpsons, The - Itchy & Scratchy - Miniature Golf Madness (USA, Europe)
Simpsons, The - Itchy & Scratchy - Miniature Golf Madness (USA, Europe) (Beta)	948f64fe	131072	Simpsons, The - Itchy & Scratchy - Miniature Golf Madness (USA, Europe)
Skate or Die - Bad 'N Rad (Europe)	ac1fb27a	131072	Skate or Die - Bad 'N Rad (USA)
Skate or Die - Bad 'N Rad (USA)	4db7c817	131072	Skate or Die - Bad 'N Rad (USA)
Skate or Die - Tour de Thrash (USA)	02b77c09	131072	Skate or Die - Tour de Thrash (USA)
Small Soldiers (USA, Europe) (SGB Enhanced)	dbf106d1	524288	Small Soldiers (USA, Europe) (SGB Enhanced)
Smurfs Nightmare, The (Europe) (En,Fr,De,Es)	8ef938c4	262144	Smurfs Nightmare, The (Europe) (En,Fr,De,Es)
Smurfs Travel the World, The (Europe) (En,Fr,De,Es)	cb2c7198	131072	Smurfs Travel the World, The (Europe) (En,Fr,De,Es)
Smurfs, The (Europe) (En,Fr,De,Es)	cdff161f	131072	Smurfs, The (Europe) (En,Fr,De,Es)
Smurfs, The (USA, Europe) (En,Fr,De) (Rev 1) (SGB Enhanced)	8b5bcde7	131072	Smurfs, The (Europe) (En,Fr,De,Es)
Sneaky Snakes (USA, Europe)	7bf40d7d	131072	Sneaky Snakes (USA, Europe)
Snoopy - Magic Show (Japan) (En)	4892984d	65536	Snoopy's Magic Show (USA, Europe)
Snoopy no Hajimete no Otsukai (Japan) (SGB Enhanced)	8900a7c0	131072	Snoopy no Hajimete no Otsukai (Japan) (SGB Enhanced)
Snoopy's Magic Show (USA, Europe)	2b7a5034	65536	Snoopy's Magic Show (USA, Europe)
Snow Bros. Jr. (Japan)	e5a22f5a	131072	Snow Bros. Jr. (World) (En) (Limited Run Games)
Snow Bros. Jr. (World) (En) (Limited Run Games)	fa136a45	262144	Snow Bros. Jr. (World) (En) (Limited Run Games)
Snow Bros. Jr. (World) (Ja) (Limited Run Games)	2a524909	131072	Snow Bros. Jr. (World) (En) (Limited Run Games)
Snow Brothers (Europe)	9014b3d8	131072	Snow Bros. Jr. (World) (En) (Limited Run Games)
Snow Brothers (USA)	d45a1daa	131072	Snow Bros. Jr. (World) (En) (Limited Run Games)
Soccer (Europe, Australia) (En,Fr,De) (SGB Enhanced)	c36b199b	131072	Elite Soccer (USA) (SGB Enhanced)
Soccer (Japan) (En)	be51a876	131072	Football International (Europe)
Soccer Boy (Japan) (En)	23f64e82	65536	Soccer Mania (USA)
Soccer Boy (Japan) (En) (Beta)	a46f98d1	65536	Soccer Mania (USA)
Soccer Mania (USA)	6f87b543	65536	Soccer Mania (USA)
SolarStriker (World)	11817103	65536	SolarStriker (World)
Soldam (Japan)	7c5aec86	131072	Soldam (Japan)
Solitaire (Japan) (En)	1119484a	65536	Lazlos' Leap (USA)
Solitaire FunPak (USA, Europe)	35a5234a	131072	Solitaire FunPak (USA, Europe)
Solomon's Club (Europe)	701ccdb3	65536	Solomon's Club (USA)
Solomon's Club (Japan)	901bff2e	65536	Solomon's Club (USA)
Solomon's Club (USA)	cea9622a	65536	Solomon's Club (USA)
Soreyuke! Speedy Gonzales (Japan)	b2e6a1c5	262144	Speedy Gonzales (USA, Europe)
Soreyuke!! Kid (Japan)	2a4a2d2b	131072	Soreyuke!! Kid (Japan)
Soukoban (Japan)	d50d6d0a	32768	Boxxle (USA)
Soukoban 2 (Japan)	d9da6741	32768	Boxxle II (USA, Europe)
Space Date (Europe) (Proto)	1c74a7bb	131072	Out of Gas (USA)
Space Invaders (Europe) (Beta) (SGB Enhanced)	2d03dc38	131072	Space Invaders (USA) (SGB Enhanced)
Space Invaders (Europe) (SGB Enhanced)	891b8f04	524288	Space Invaders (USA) (SGB Enhanced)
Space Invaders (Japan) (En)	868b57b2	32768	Space Invaders (Japan) (En)
Space Invaders (USA) (SGB Enhanced)	7f0f5762	524288	Space Invaders (USA) (SGB Enhanced)
Spanky's Quest (Europe)	e9ef8136	65536	Spanky's Quest (USA)
Spanky's Quest (USA)	6ee7ca79	65536	Spanky's Quest (USA)
Spartan X (Japan)	ca7b4229	65536	Kung-Fu Master (USA, Europe)
Speedball 2 - Brutal Deluxe (Japan) (En) (Possible Proto)	d0e0116f	131072	Speedball 2 - Brutal Deluxe (USA, Europe)
Speedball 2 - Brutal Deluxe (USA, Europe)	fd06e22d	131072	Speedball 2 - Brutal Deluxe (USA, Europe)
Speedy Gonzales (USA, Europe)	27cde8d6	262144	Speedy Gonzales (USA, Europe)
Spider-Man - X-Men - Arcade's Revenge (USA, Europe)	1009c6c0	131072	Spider-Man - X-Men - Arcade's Revenge (USA, Europe)
Spider-Man - X-Men - Arcade's Revenge (World) (Marvel MaXimum Collection)	1496a089	131072	Spider-Man - X-Men - Arcade's Revenge (USA, Europe)
Spider-Man 2 (USA, Europe)	13dd233f	131072	Spider-Man 2 (USA, Europe)
Spider-Man 3 - Invasion of the Spider-Slayers (USA, Europe)	cbb2f22c	131072	Spider-Man 3 - Invasion of the Spider-Slayers (USA, Europe)
Spider-Man 3 - Invasion of the Spider-Slayers (USA, Europe) (Beta 1)	ddd8eab3	131072	Spider-Man 3 - Invasion of the Spider-Slayers (USA, Europe)
Spider-Man 3 - Invasion of the Spider-Slayers (USA, Europe) (Beta 2) (1993-04-11)	bf2d1f10	131072	Spider-Man 3 - Invasion of the Spider-Slayers (USA, Europe)
Spirit of F-1, The (Europe)	2b795480	131072	World Circuit Series (USA)
Spirou (Europe) (En,Fr,De,Es) (Beta) (SGB Enhanced)	35415a00	262144	Spirou (Europe) (En,Fr,De,Es) (SGB Enhanced)
Spirou (Europe) (En,Fr,De,Es) (SGB Enhanced)	735b29e2	262144	Spirou (Europe) (En,Fr,De,Es) (SGB Enhanced)
Splitz (Europe)	112487c9	65536	Splitz (Europe)
Splitz (Europe) (Beta 1) (1992-08-11)	42a3ad84	32768	Splitz (Europe)
Splitz (Europe) (Beta 2) (1992-09-02)	2982ef38	131072	Splitz (Europe)
Splitz (Europe) (Beta 3) (1992-10-28)	9fdf113c	98304	Splitz (Europe)
Splitz (Europe) (Beta 4) (1993-01-19)	6ca9f06e	65536	Splitz (Europe)
Splitz (Europe) (Beta 5) (1993-02-17)	798468c3	65536	Splitz (Europe)
Splitz (Europe) (Beta 6)	5e8f955e	131072	Splitz (Europe)
Splitz - Nigaoe 15 Game (Japan) (En)	b07a2745	65536	Splitz (Europe)
Sports Collection (Japan)	24dd09e0	524288	Sports Collection (Japan)
Sports Illustrated - Championship Football & Baseball (USA)	235171c4	524288	Sports Illustrated - Championship Football & Baseball (USA)
Sports Illustrated - Golf Classic (USA) (SGB Enhanced)	87b306b4	262144	Sports Illustrated - Golf Classic (USA) (SGB Enhanced)
Sports Illustrated for Kids - The Ultimate Triple Dare! (USA)	f0d76d49	262144	Sports Illustrated for Kids - The Ultimate Triple Dare! (USA)
Spot (Japan)	2ca58280	32768	Spot - The Video Game (USA)
Spot - Cool Adventure (Japan) (En)	552a53b9	131072	Spot - The Cool Adventure (USA)
Spot - The Cool Adventure (USA)	76f67428	131072	Spot - The Cool Adventure (USA)
Spot - The Video Game (Europe)	04e241e4	32768	Spot - The Video Game (USA)
Spot - The Video Game (USA)	fcd61b98	32768	Spot - The Video Game (USA)
Spud's Adventure (USA)	70e5ed99	65536	Spud's Adventure (USA)
Spy vs Spy - Operation Boobytrap (Europe)	36645203	131072	Spy vs Spy - Operation Boobytrap (USA)
Spy vs Spy - Operation Boobytrap (USA)	6d40e5a2	131072	Spy vs Spy - Operation Boobytrap (USA)
Square Deal - The Game of Two-Dimensional Poker (USA)	8b882745	65536	Square Deal - The Game of Two-Dimensional Poker (USA)
Star Sweep (Japan) (SGB Enhanced)	d6fd967c	262144	Star Sweep (Japan) (SGB Enhanced)
Star Trek - 25th Anniversary (USA, Europe)	605de43a	131072	Star Trek - 25th Anniversary (USA, Europe)
Star Trek - The Next Generation (Germany)	129616b3	131072	Star Trek - The Next Generation (USA, Europe)
Star Trek - The Next Generation (Spain)	4fded9c4	131072	Star Trek - The Next Generation (USA, Europe)
Star Trek - The Next Generation (USA, Europe)	3a5a56cb	131072	Star Trek - The Next Generation (USA, Europe)
Star Trek - The Next Generation (USA, Europe) (Beta)	7d259e57	131072	Star Trek - The Next Generation (USA, Europe)
Star Trek Generations - Beyond the Nexus (Europe) (SGB Enhanced)	d925d15d	131072	Star Trek Generations - Beyond the Nexus (USA) (SGB Enhanced)
Star Trek Generations - Beyond the Nexus (USA) (SGB Enhanced)	9f2d11c6	131072	Star Trek Generations - Beyond the Nexus (USA) (SGB Enhanced)
Star Wars (Europe)	7e3f6bbe	131072	Star Wars (World) (Limited Run Games)
Star Wars (USA)	b01da1ae	131072	Star Wars (World) (Limited Run Games)
Star Wars (USA, Europe) (Rev 1)	5d8deb5b	131072	Star Wars (World) (Limited Run Games)
Star Wars (World) (Limited Run Games)	08838397	131072	Star Wars (World) (Limited Run Games)
Star Wars - The Empire Strikes Back (USA)	a0fff8e7	131072	Star Wars - The Empire Strikes Back (World) (Limited Run Games)
Star Wars - The Empire Strikes Back (USA, Europe)	240c589d	131072	Star Wars - The Empire Strikes Back (World) (Limited Run Games)
Star Wars - The Empire Strikes Back (World) (Limited Run Games)	799e4ae8	131072	Star Wars - The Empire Strikes Back (World) (Limited Run Games)
StarHawk (Europe)	e032e502	131072	StarHawk (World) (Limited Run Games)
StarHawk (World) (Limited Run Games)	00da50e2	131072	StarHawk (World) (Limited Run Games)
Stargate (Japan) (En) (Possible Proto)	9e0667b9	131072	Stargate (USA, Europe)
Stargate (USA, Europe)	4789295c	131072	Stargate (USA, Europe)
Stop That Roach! (USA)	86107477	131072	Stop That Roach! (USA)
Street Fighter II (Japan) (SGB Enhanced)	c775f488	524288	Street Fighter II (USA, Europe) (SGB Enhanced)
Street Fighter II (USA, Europe) (Rev 1) (SGB Enhanced)	54a0aaa3	524288	Street Fighter II (USA, Europe) (SGB Enhanced)
Street Fighter II (USA, Europe) (SGB Enhanced)	0b29830a	524288	Street Fighter II (USA, Europe) (SGB Enhanced)
Street Racer (Japan) (En)	5bbacaa8	131072	Street Racer (USA, Europe)
Street Racer (USA, Europe)	fcfb4ce4	131072	Street Racer (USA, Europe)
Sumo Fighter (USA)	badc7cee	131072	Sumo Fighter (USA)
Sumou Fighter - Toukaidou Basho (Japan)	a6905fb2	131072	Sumo Fighter (USA)
Sunsoft Grand Prix (Europe)	8c5dee4d	65536	Sunsoft Grand Prix (Europe)
Super B-Daman - Fighting Phoenix (Japan) (SGB Enhanced)	239711ec	524288	Super B-Daman - Fighting Phoenix (Japan) (SGB Enhanced)
Super Battletank (Europe)	31a227ed	131072	Super Battletank (USA)
Super Battletank (USA)	da27e798	131072	Super Battletank (USA)
Super Bikkuriman - Densetsu no Sekiban (Japan)	c1e1a041	262144	Super Bikkuriman - Densetsu no Sekiban (Japan)
Super Black Bass (USA)	6b497842	524288	Super Black Bass (USA)
Super Black Bass Pocket (Japan) (SGB Enhanced)	8a7c1678	1048576	Super Black Bass (USA)
Super Black Bass Pocket 2 (Japan) (SGB Enhanced)	68a553b6	1048576	Super Black Bass Pocket 2 (Japan) (SGB Enhanced)
Super Bombliss (Japan) (SGB Enhanced)	b503ffad	131072	Tetris Blast (USA, Europe) (SGB Enhanced)
Super Breakout (USA)	1dc0f813	131072	Super Breakout (USA)
Super Chase H.Q. (USA, Europe)	630e0e00	131072	Super Chase H.Q. (USA, Europe)
Super Chinese Fighter GB (Japan) (SGB Enhanced)	b526a116	1048576	Super Chinese Fighter GB (Japan) (SGB Enhanced)
Super Chinese Land (Japan)	037d966a	65536	Ninja Boy (USA, Europe)
Super Chinese Land 1-2-3' (Japan) (SGB Enhanced)	7d1d8fdc	1048576	Super Chinese Land 1-2-3' (Japan) (SGB Enhanced)
Super Chinese Land 2 (Japan)	88508483	262144	Ninja Boy 2 (USA, Europe)
Super Chinese Land 3 (Japan) (SGB Enhanced)	e01caf0b	262144	Super Chinese Land 3 (Japan) (SGB Enhanced)
Super Donkey Kong GB (Japan) (SGB Enhanced)	695f4600	524288	Donkey Kong Land (USA, Europe) (SGB Enhanced)
Super Hunchback (Europe)	2359d61e	131072	Super Hunchback (USA)
Super Hunchback (Japan)	f20078c2	131072	Super Hunchback (USA)
Super Hunchback (USA)	1a45706e	131072	Super Hunchback (USA)
Super James Pond (Europe)	6dc1bb2c	131072	Super James Pond (Europe)
Super James Pond (USA) (Proto)	0c5b4014	131072	Super James Pond (Europe)
Super Kick Off (Europe) (En,Fr,De,It,Nl)	4b1dfe3d	131072	Super Kick Off (Europe) (En,Fr,De,It,Nl)
Super Mario Land (World)	90776841	65536	Super Mario Land (World)
Super Mario Land (World) (Rev 1)	2c27ec70	65536	Super Mario Land (World)
Super Mario Land 2 - 6 Golden Coins (USA, Europe)	d5ec24e4	524288	Super Mario Land 2 - 6 Golden Coins (USA, Europe)
Super Mario Land 2 - 6 Golden Coins (USA, Europe) (Rev 1)	e6f886e5	524288	Super Mario Land 2 - 6 Golden Coins (USA, Europe)
Super Mario Land 2 - 6 Golden Coins (USA, Europe) (Rev 2)	635a9112	524288	Super Mario Land 2 - 6 Golden Coins (USA, Europe)
Super Mario Land 2 - 6-tsu no Kinka (Japan)	a715daf5	524288	Super Mario Land 2 - 6 Golden Coins (USA, Europe)
Super Mario Land 2 - 6-tsu no Kinka (Japan) (Rev 1)	bf733e10	524288	Super Mario Land 2 - 6 Golden Coins (USA, Europe)
Super Mario Land 2 - 6-tsu no Kinka (Japan) (Rev 2)	29e0911a	524288	Super Mario Land 2 - 6 Golden Coins (USA, Europe)
Super Momotarou Dentetsu (Japan)	4ca6d91a	262144	Super Momotarou Dentetsu (Japan)
Super Momotarou Dentetsu II (Japan)	e8b4891f	262144	Super Momotarou Dentetsu II (Japan)
Super Off Road (USA, Europe)	3e2810be	131072	Super Off Road (USA, Europe)
Super Off Road (USA, Europe) (Beta)	419a2ae3	131072	Super Off Road (USA, Europe)
Super Pachinko Taisen (Japan) (SGB Enhanced)	cde0ff00	262144	Super Pachinko Taisen (Japan) (SGB Enhanced)
Super R.C. Pro-Am (USA, Europe)	7960f33f	131072	Super R.C. Pro-Am (USA, Europe)
Super Robot Taisen (Japan)	7dd9d7d6	131072	Super Robot Taisen (Japan)
Super Scrabble (USA)	3874b7a2	131072	Super Scrabble (USA)
Super Snakey (Japan) (SGB Enhanced)	984d0f7f	65536	Wild Snake (USA) (SGB Enhanced)
Super Star Wars - Return of the Jedi (USA, Europe) (SGB Enhanced)	6cb73dc7	524288	Super Star Wars - Return of the Jedi (USA, Europe) (SGB Enhanced)
Super Street Basketball (Japan) (En)	a269559f	131072	Super Street Basketball (Japan) (En)
Super Street Basketball 2 (Japan) (En) (SGB Enhanced)	8090c9cc	131072	Super Street Basketball 2 (Japan) (En) (SGB Enhanced)
Superman (USA, Europe) (SGB Enhanced)	358e0091	131072	Superman (USA, Europe) (SGB Enhanced)
Suzuki Aguri no F-1 Super Driving (Japan)	e82692d9	262144	Suzuki Aguri no F-1 Super Driving (Japan)
Suzuki Aguri no F-1 Super Driving (Japan) (Beta)	7fe42a7f	262144	Suzuki Aguri no F-1 Super Driving (Japan)
Swamp Thing (USA, Europe)	76ae62c8	131072	Swamp Thing (USA, Europe)
Sword of Hope II, The (USA)	5b7ff38c	262144	Sword of Hope II, The (USA)
Sword of Hope II, The (USA) (Beta)	5f717afa	262144	Sword of Hope II, The (USA)
Sword of Hope, The (Europe) (Proto)	c360f279	131072	Sword of Hope, The (USA)
Sword of Hope, The (Germany)	498e0e9f	131072	Sword of Hope, The (USA)
Sword of Hope, The (Spain)	28c311d7	131072	Sword of Hope, The (USA)
Sword of Hope, The (Sweden)	c7e48c7c	131072	Sword of Hope, The (USA)
Sword of Hope, The (USA)	7e923846	131072	Sword of Hope, The (USA)
Sword of Hope, The (USA) (Beta) (1990-12-28)	011f675a	131072	Sword of Hope, The (USA)
T2 - The Arcade Game (Japan) (En)	7ec795fa	131072	T2 - The Arcade Game (USA, Europe)
T2 - The Arcade Game (USA, Europe)	00f09c7f	131072	T2 - The Arcade Game (USA, Europe)
TV Champion (Japan) (SGB Enhanced)	18f64779	262144	TV Champion (Japan) (SGB Enhanced)
Taikyoku Renju (Japan) (En,Ja)	62a31de6	65536	Taikyoku Renju (Japan) (En,Ja)
Tail 'Gator (USA, Europe)	c5acce7c	65536	Tail 'Gator (World) (Limited Run Games)
Tail 'Gator (World) (Limited Run Games)	e35cd748	65536	Tail 'Gator (World) (Limited Run Games)
Taito Chase H.Q. (Japan)	c58bb4f5	131072	Chase H.Q. (USA, Europe)
Taito Variety Pack (Japan)	6dbaa5e8	524288	Taito Variety Pack (Japan)
Taiyou no Tenshi Marlowe - Ohanabatake wa Dai-panic (Japan)	1132c6bb	262144	Taiyou no Tenshi Marlowe - Ohanabatake wa Dai-panic (Japan)
Taiyou no Yuusha - Fighbird GB (Japan)	723eb882	131072	Taiyou no Yuusha - Fighbird GB (Japan)
Takahashi Meijin no Bouken-jima II (Japan)	f1071e08	131072	Adventure Island (USA, Europe)
Takahashi Meijin no Bouken-jima III (Japan)	f8fc0b41	262144	Adventure Island II - Aliens in Paradise (USA, Europe)
Takeda Nobuhiro no Ace Striker (Japan)	7ff546df	262144	Takeda Nobuhiro no Ace Striker (Japan)
TaleSpin (Europe)	d29ddc91	131072	TaleSpin (USA)
TaleSpin (Spain) (Proto)	50930d9c	131072	TaleSpin (USA)
TaleSpin (USA)	de383e73	131072	TaleSpin (USA)
Tamagotchi (France) (SGB Enhanced)	084c2401	524288	Tamagotchi (USA, Europe) (SGB Enhanced)
Tamagotchi (USA, Europe) (SGB Enhanced)	dbf1bd20	524288	Tamagotchi (USA, Europe) (SGB Enhanced)
Tarzan - Lord of the Jungle (USA, Europe)	c2f50fb3	131072	Tarzan - Lord of the Jungle (USA, Europe)
Tasmania Monogatari (Japan)	9ea867a7	32768	Tasmania Story (USA)
Tasmania Story (USA)	a33c4fff	32768	Tasmania Story (USA)
Taz-Mania (Europe)	0860b667	131072	Taz-Mania 2 (USA)
Taz-Mania (Europe) (Beta)	c3d85ef6	131072	Taz-Mania 2 (USA)
Taz-Mania 2 (USA)	4ccb65e0	131072	Taz-Mania 2 (USA)
Tecmo Bowl (USA)	e4f29760	262144	Tecmo Bowl (USA)
Tecmo Bowl GB (Japan) (En)	cfd74e34	262144	Tecmo Bowl (USA)
Teenage Mutant Hero Turtles - Fall of the Foot Clan (Europe)	ed8a73fb	131072	Teenage Mutant Ninja Turtles - Fall of the Foot Clan (USA)
Teenage Mutant Hero Turtles II - Back from the Sewers (Europe)	cf24506c	262144	Teenage Mutant Ninja Turtles II - Back from the Sewers (USA)
Teenage Mutant Hero Turtles III - Radical Rescue (Europe)	9f3245f3	131072	Teenage Mutant Ninja Turtles III - Radical Rescue (USA)
Teenage Mutant Hero Turtles III - Radical Rescue (Europe) (Rev 1)	5b7c9a54	131072	Teenage Mutant Ninja Turtles III - Radical Rescue (USA)
Teenage Mutant Ninja Turtles (Japan)	74078236	131072	Teenage Mutant Ninja Turtles - Fall of the Foot Clan (USA)
Teenage Mutant Ninja Turtles (Japan) (Cowabunga Collection, The)	b3f6eec2	131072	Teenage Mutant Ninja Turtles - Fall of the Foot Clan (USA)
Teenage Mutant Ninja Turtles - Fall of the Foot Clan (USA)	5a6984c3	131072	Teenage Mutant Ninja Turtles - Fall of the Foot Clan (USA)
Teenage Mutant Ninja Turtles - Fall of the Foot Clan (USA) (Cowabunga Collection, The)	3b11a875	131072	Teenage Mutant Ninja Turtles - Fall of the Foot Clan (USA)
Teenage Mutant Ninja Turtles 2 (Japan) (En)	84e6fb25	262144	Teenage Mutant Ninja Turtles II - Back from the Sewers (USA)
Teenage Mutant Ninja Turtles 2 (Japan) (En) (Beta) (1991-05-20)	64a667a3	262144	Teenage Mutant Ninja Turtles II - Back from the Sewers (USA)
Teenage Mutant Ninja Turtles 2 (Japan) (En) (Cowabunga Collection, The)	3e83abd3	262144	Teenage Mutant Ninja Turtles II - Back from the Sewers (USA)
Teenage Mutant Ninja Turtles 3 - Turtles Kikiippatsu (Japan)	55153bb5	131072	Teenage Mutant Ninja Turtles III - Radical Rescue (USA)
Teenage Mutant Ninja Turtles 3 - Turtles Kikiippatsu (Japan) (Cowabunga Collection, The)	cc91ab3b	131072	Teenage Mutant Ninja Turtles III - Radical Rescue (USA)
Teenage Mutant Ninja Turtles II - Back from the Sewers (USA)	44f51c73	262144	Teenage Mutant Ninja Turtles II - Back from the Sewers (USA)
Teenage Mutant Ninja Turtles II - Back from the Sewers (USA) (Beta)	ee25b752	262144	Teenage Mutant Ninja Turtles II - Back from the Sewers (USA)
Teenage Mutant Ninja Turtles II - Back from the Sewers (USA) (Cowabunga Collection, The)	78b901d5	262144	Teenage Mutant Ninja Turtles II - Back from the Sewers (USA)
Teenage Mutant Ninja Turtles III - Radical Rescue (USA)	58832bbc	131072	Teenage Mutant Ninja Turtles III - Radical Rescue (USA)
Teenage Mutant Ninja Turtles III - Radical Rescue (USA) (Cowabunga Collection, The)	3a4d4b09	131072	Teenage Mutant Ninja Turtles III - Radical Rescue (USA)
Teenage Mutant Ninja Turtles III - Radical Rescue (USA) (Rev 1) (Beta)	cc465da9	131072	Teenage Mutant Ninja Turtles III - Radical Rescue (USA)
Teke Teke! Asmik-kun World (Japan)	a817450d	65536	Boomer's Adventure in ASMIK World (USA)
Tekichuu Rush (Japan)	7b903a6f	65536	Tekichuu Rush (Japan)
Tekkyu Fight! - The Great Battle Gaiden (Japan)	b8da8eb5	131072	Tekkyu Fight! - The Great Battle Gaiden (Japan)
Tekkyu Fight! - The Great Battle Gaiden (Japan) (Beta) (1993-04-12)	ebbb6e14	131072	Tekkyu Fight! - The Great Battle Gaiden (Japan)
Tenchi o Kurau (Japan)	a9018354	262144	Tenchi o Kurau (Japan)
Tenjin Kaisen (Japan)	b71396a6	131072	Mercenary Force (USA, Europe)
Tennis (World)	5009215f	32768	Tennis (World)
Terminator 2 - Judgment Day (USA, Europe)	21848101	131072	Terminator 2 - Judgment Day (USA, Europe)
Tesserae (Europe) (En,Fr,De,Es,It)	679b6530	32768	Tesserae (USA)
Tesserae (USA)	c77e316f	32768	Tesserae (USA)
Tesserae (USA) (Beta)	c6f2d5fa	32768	Tesserae (USA)
Tetris (Japan) (En)	63f9407d	32768	Tetris (Japan) (En)
Tetris (World) (Rev 1)	46df91ad	32768	Tetris (Japan) (En)
Tetris 2 (USA)	aa4a1edb	131072	Tetris 2 (USA)
Tetris 2 (USA, Europe) (Rev 1) (SGB Enhanced)	25c3100a	131072	Tetris 2 (USA)
Tetris 2 (USA, Europe) (SGB Enhanced)	ea19a9d9	131072	Tetris 2 (USA)
Tetris Attack (USA, Europe) (Rev 1) (SGB Enhanced)	5ee45a4d	524288	Tetris Attack (USA, Europe) (SGB Enhanced)
Tetris Attack (USA, Europe) (SGB Enhanced)	b76c769b	524288	Tetris Attack (USA, Europe) (SGB Enhanced)
Tetris Blast (USA, Europe) (SGB Enhanced)	7be5a73f	131072	Tetris Blast (USA, Europe) (SGB Enhanced)
Tetris Flash (Japan) (SGB Enhanced)	9dfcb385	131072	Tetris 2 (USA)
Tetris Plus (Japan) (SGB Enhanced)	2ec9120a	262144	Tetris Plus (USA, Europe) (SGB Enhanced)
Tetris Plus (USA, Europe) (SGB Enhanced)	dafc3bff	262144	Tetris Plus (USA, Europe) (SGB Enhanced)
Tintin - Prisoners of the Sun (Europe) (En,Fr,De)	55fc585f	262144	Tintin - Prisoners of the Sun (Europe) (En,Fr,De)
Tintin in Tibet (Europe) (En,Es,It,Sv) (Beta) (SGB Enhanced)	68b7fcf2	262144	Tintin in Tibet (Europe) (En,Fr,De,Nl) (SGB Enhanced)
Tintin in Tibet (Europe) (En,Es,It,Sv) (SGB Enhanced)	7a7d820f	262144	Tintin in Tibet (Europe) (En,Fr,De,Nl) (SGB Enhanced)
Tintin in Tibet (Europe) (En,Fr,De,Nl) (SGB Enhanced)	5d2bd778	262144	Tintin in Tibet (Europe) (En,Fr,De,Nl) (SGB Enhanced)
Tiny Toon Adventures (Japan)	fb13462b	131072	Tiny Toon Adventures - Babs' Big Break (USA, Europe)
Tiny Toon Adventures (Japan) (Beta) (1991-07-16)	4e4a17b5	131072	Tiny Toon Adventures - Babs' Big Break (USA, Europe)
Tiny Toon Adventures - Babs' Big Break (USA, Europe)	9b5e6219	131072	Tiny Toon Adventures - Babs' Big Break (USA, Europe)
Tiny Toon Adventures - Babs' Big Break (USA, Europe) (Beta) (1991-09-06)	7bf96ca9	131072	Tiny Toon Adventures - Babs' Big Break (USA, Europe)
Tiny Toon Adventures - Wacky Sports (Europe)	d731bda2	131072	Tiny Toon Adventures - Wacky Sports (USA)
Tiny Toon Adventures - Wacky Sports (USA)	d3904be9	131072	Tiny Toon Adventures - Wacky Sports (USA)
Tiny Toon Adventures 2 - Buster Bunny no Kattobi Daibouken (Japan)	0fd47f8a	131072	Tiny Toon Adventures 2 - Montana's Movie Madness (USA, Europe)
Tiny Toon Adventures 2 - Montana's Movie Madness (USA, Europe)	c5c7868d	131072	Tiny Toon Adventures 2 - Montana's Movie Madness (USA, Europe)
Tiny Toon Adventures 3 - Dokidoki Sport Festival (Japan)	3fa10931	131072	Tiny Toon Adventures - Wacky Sports (USA)
Tip Off (Europe)	eaf523ec	131072	Tip Off (Europe)
Tip Off (Europe) (Beta 1)	842061f3	131072	Tip Off (Europe)
Tip Off (Europe) (Beta 2) (1992-11-10)	3040c308	131072	Tip Off (Europe)
Tip Off (Europe) (Beta 3)	2186e3f6	131072	Tip Off (Europe)
Tip Off (USA) (Proto) (1994-02-22)	46c7e8d8	131072	Tip Off (Europe)
Titus the Fox (USA, Europe)	814fa146	262144	Titus the Fox (USA, Europe)
Tokio Senki - Eiyuu Retsuden (Japan)	9db7dcc3	131072	Tokio Senki - Eiyuu Retsuden (Japan)
Tokoro's Mahjong Jr. (Japan) (SGB Enhanced)	56afca4c	262144	Tokoro's Mahjong Jr. (Japan) (SGB Enhanced)
Tokyo Disneyland - Fantasy Tour (Japan) (SGB Enhanced)	28b85584	524288	Tokyo Disneyland - Fantasy Tour (Japan) (SGB Enhanced)
Tokyo Disneyland - Mickey no Cinderella-jou Mystery Tour (Japan) (SGB Enhanced)	77d69349	524288	Tokyo Disneyland - Mickey no Cinderella-jou Mystery Tour (Japan) (SGB Enhanced)
Tom & Jerry (USA, Europe)	0636d89e	131072	Tom & Jerry (USA, Europe)
Tom and Jerry - Frantic Antics! (USA, Europe)	c2dbd1aa	131072	Tom and Jerry - Frantic Antics! (USA, Europe)
Tom and Jerry - Frantic Antics! (USA, Europe) (Beta)	4415cc6b	131072	Tom and Jerry - Frantic Antics! (USA, Europe)
Tom to Jerry (Japan) (En)	ca836e6d	131072	Tom & Jerry (USA, Europe)
Tom to Jerry Part 2 (Japan) (En)	dd19a9ec	131072	Tom and Jerry - Frantic Antics! (USA, Europe)
Top Gun - Guts & Glory (USA, Europe)	0506c12b	131072	Top Gun - Guts & Glory (USA, Europe)
Top Rank Tennis (USA)	3c4e29b4	262144	Top Rank Tennis (USA)
Top Ranking Tennis (Europe)	d577d8e0	262144	Top Rank Tennis (USA)
Torpedo Range (Japan) (En)	1fb35885	131072	Torpedo Range (USA)
Torpedo Range (USA)	ed9882a9	131072	Torpedo Range (USA)
Total Carnage (USA, Europe)	3700927f	131072	Total Carnage (USA, Europe)
Totsugeki Valations (Japan)	f2119a2d	65536	Spud's Adventure (USA)
Totsugeki! Ponkotsu Tank (Japan)	9b5b7bff	131072	Trax (USA, Europe)
Tottemo! Lucky Man - Lucky Cookie Minna Daisuki!! (Japan) (SGB Enhanced)	8f9e28ad	262144	Tottemo! Lucky Man - Lucky Cookie Minna Daisuki!! (Japan) (SGB Enhanced)
Toxic Crusaders (USA)	ea59c6e3	131072	Toxic Crusaders (USA)
Toy Story (Europe) (SGB Enhanced)	d8e5060f	524288	Toy Story (USA) (SGB Enhanced)
Toy Story (USA) (Rev 1) (SGB Enhanced)	6f36b6ed	524288	Toy Story (USA) (SGB Enhanced)
Toy Story (USA) (SGB Enhanced)	d34287cc	524288	Toy Story (USA) (SGB Enhanced)
Track & Field (USA, Europe)	c0ef39f0	131072	Track & Field (USA, Europe)
Track Meet (USA, Europe)	7b5dc3e4	131072	Track Meet (USA, Europe)
Track Meet (USA, Europe) (Beta)	4276978c	131072	Track Meet (USA, Europe)
Track Meet - Mezase! Barcelona (Japan) (En)	48d37cd2	131072	Track Meet (USA, Europe)
Trappers Tengoku - Spy vs Spy (Japan)	afefd085	131072	Spy vs Spy - Operation Boobytrap (USA)
Trax (USA, Europe)	4a38be7d	131072	Trax (USA, Europe)
Trip World (Europe)	85d910b9	262144	Trip World (World) (Limited Run Games)
Trip World (Japan) (En)	11568e64	262144	Trip World (World) (Limited Run Games)
Trip World (World) (Limited Run Games)	ec67f1e6	262144	Trip World (World) (Limited Run Games)
TripleA (USA) (Proto)	f5045816	131072	Vattle Giuce (Japan) (En)
Triumph (USA) (Proto)	746159b2	131072	Castle Quest (Europe)
True Lies (USA, Europe)	edec63e6	262144	True Lies (USA, Europe)
Trump Boy (Japan)	fd16ac45	32768	Trump Boy (Japan)
Trump Boy II (Japan)	39157849	65536	Trump Boy II (Japan)
Trump Collection GB (Japan)	8341be0f	131072	Trump Collection GB (Japan)
Tsumego Series 1 - Fujisawa Hideyuki Meiyo Kisei (Japan) (SGB Enhanced)	ceee6a61	131072	Tsumego Series 1 - Fujisawa Hideyuki Meiyo Kisei (Japan) (SGB Enhanced)
Tsumeshougi - Hyakuban Shoubu (Japan)	43e2a5c0	65536	Tsumeshougi - Hyakuban Shoubu (Japan)
Tsumeshougi - Kanki Godan (Japan) (Beta) (SGB Enhanced)	9995ee1a	131072	Tsumeshougi - Kanki Godan (Japan) (SGB Enhanced)
Tsumeshougi - Kanki Godan (Japan) (SGB Enhanced)	d5434c94	131072	Tsumeshougi - Kanki Godan (Japan) (SGB Enhanced)
Tsumeshougi - Mondai Teikyou Shougi Sekai (Japan)	6403af06	65536	Tsumeshougi - Mondai Teikyou Shougi Sekai (Japan)
Tsuri Sensei (Japan) (SGB Enhanced)	dc324100	524288	Tsuri Sensei (Japan) (SGB Enhanced)
Tumble Pop (Japan) (En)	881afd62	131072	Tumble Pop (USA, Europe)
Tumble Pop (USA, Europe)	8a3aab31	131072	Tumble Pop (USA, Europe)
Turn and Burn - The F-14 Dogfight Simulator (USA)	91394bd8	131072	Turn and Burn - The F-14 Dogfight Simulator (USA)
Turok - Battle of the Bionosaurs (Japan)	c88e751d	262144	Turok - Battle of the Bionosaurs (USA, Europe) (En,Fr,De,Es)
Turok - Battle of the Bionosaurs (USA, Europe) (En,Fr,De,Es)	518c2d2f	262144	Turok - Battle of the Bionosaurs (USA, Europe) (En,Fr,De,Es)
Turrican (USA, Europe)	2359bf0c	131072	Turrican (USA, Europe)
Twin (Japan)	2413acaa	131072	Twin (Japan)
TwinBee da!! (Japan)	017fd6f5	131072	Pop'n TwinBee (Europe)
TwinBee da!! (Japan) (Beta)	60065dc3	131072	Pop'n TwinBee (Europe)
Uchiiwai - Kyoudaijingi no Puzzle Game (Japan)	8059bc15	65536	Uchiiwai - Kyoudaijingi no Puzzle Game (Japan)
Uchuu Senkan Yamato (Japan)	5bf747f8	262144	Uchuu Senkan Yamato (Japan)
Uchuu no Kishi Tekkaman Blade (Japan)	22d8889e	131072	Uchuu no Kishi Tekkaman Blade (Japan)
Ultima - Runes of Virtue (USA)	c44a0f1e	131072	Ultima - Runes of Virtue (USA)
Ultima - Runes of Virtue II (USA)	c449fbbf	262144	Ultima - Runes of Virtue II (USA)
Ultima - Ushinawareta Runes (Japan)	d2f94181	131072	Ultima - Runes of Virtue (USA)
Ultima - Ushinawareta Runes 2 (Japan)	796fd6a5	262144	Ultima - Runes of Virtue II (USA)
Ultra Golf (USA)	12de9bac	131072	Ultra Golf (USA)
Ultra Golf (USA) (Beta) (1991-11-20)	d9ddb091	131072	Ultra Golf (USA)
Ultraman (Japan)	5944c3ed	131072	Ultraman (Japan)
Ultraman Ball (Japan) (SGB Enhanced)	468d1a2e	131072	Ultraman Ball (Japan) (SGB Enhanced)
Ultraman Chou Toushi Gekiden (Japan) (SGB Enhanced)	b904230d	262144	Ultraman Chou Toushi Gekiden (Japan) (SGB Enhanced)
Ultraman Club - Tekikaijuu o Hakken seyo! (Japan)	91eda860	65536	Ultraman Club - Tekikaijuu o Hakken seyo! (Japan)
Umi no Nushi Tsuri 2 (Japan) (SGB Enhanced)	19ff5b3e	524288	Umi no Nushi Tsuri 2 (Japan) (SGB Enhanced)
Undercover Cops Gaiden - Hakaishin Garumaa (Japan)	b7af37f5	262144	Undercover Cops Gaiden - Hakaishin Garumaa (Japan)
Universal Soldier (USA, Europe)	99ae9d06	262144	Universal Soldier (USA, Europe)
Uno - Small World (Japan)	a37c022d	262144	Uno - Small World (Japan)
Uno 2 - Small World (Japan) (SGB Enhanced)	a7ad65ef	131072	Uno 2 - Small World (Japan) (SGB Enhanced)
Uoozu (Japan)	f7e1c9c5	65536	Fish Dude (USA)
Urban Strike (USA, Europe) (SGB Enhanced)	89625945	524288	Urban Strike (USA, Europe) (SGB Enhanced)
Urusei Yatsura - Miss Tomobiki o Sagase! (Japan)	56800c6b	262144	Urusei Yatsura - Miss Tomobiki o Sagase! (Japan)
V-Rally - Championship Edition (Europe) (En,Fr,De)	d149652b	262144	V-Rally - Championship Edition (Europe) (En,Fr,De)
VS Battler (Japan) (En)	20ae389a	65536	Bionic Battler (USA)
Vattle Giuce (Japan) (En)	956b603c	131072	Vattle Giuce (Japan) (En)
Vegas Stakes (USA, Europe) (SGB Enhanced)	c8be05d8	524288	Vegas Stakes (USA, Europe) (SGB Enhanced)
Velious - Roland no Majuu (Japan)	0817aa32	65536	Rolan's Curse (USA)
Velious II - Fukushuu no Jashin (Japan)	b55eb427	131072	Rolan's Curse II (USA)
Versus Hero - Kakutou Ou e no Michi (Japan)	449cf2e4	131072	Versus Hero - Kakutou Ou e no Michi (Japan)
Virtual Wars (Japan)	220bbcb6	131072	Lawnmower Man, The (Europe)
Vitamina Oukoku Monogatari (Japan)	89a7aeca	262144	Great Greed (USA)
Volley Fire (Japan)	0d06ea32	32768	Volley Fire (Japan)
WCW - The Main Event (USA, Europe)	974e712b	131072	WCW - The Main Event (USA, Europe)
WWF King of the Ring (Japan) (En)	3ab55613	131072	WWF King of the Ring (USA, Europe)
WWF King of the Ring (USA, Europe)	7f0cd87c	131072	WWF King of the Ring (USA, Europe)
WWF Raw (USA, Europe)	1889552f	262144	WWF Raw (USA, Europe)
WWF Superstars (Japan)	f28e5aa1	131072	WWF Superstars (USA, Europe)
WWF Superstars (USA, Europe)	adbc4e0a	131072	WWF Superstars (USA, Europe)
WWF Superstars 2 (Japan) (En)	ca12d752	131072	WWF Superstars 2 (USA, Europe)
WWF Superstars 2 (USA, Europe)	8ece1c04	131072	WWF Superstars 2 (USA, Europe)
WWF War Zone (USA, Europe)	6015b7e1	262144	WWF War Zone (USA, Europe)
Wario Blast Featuring Bomberman! (USA, Europe) (SGB Enhanced)	927b57a1	262144	Wario Blast Featuring Bomberman! (USA, Europe) (SGB Enhanced)
Wario Land - Super Mario Land 3 (World)	40be3889	524288	Wario Land - Super Mario Land 3 (World)
Wario Land II (USA, Europe) (SGB Enhanced)	9c54358d	1048576	Wario Land II (USA, Europe) (SGB Enhanced)
Waterworld (Europe)	4786fd6e	262144	Waterworld (Europe)
Wave Race (USA, Europe)	a6595506	131072	Wave Race (USA, Europe)
Wayne's World (USA)	829ea425	262144	Wayne's World (USA)
We're Back! - A Dinosaur's Story (USA, Europe)	c811560b	131072	We're Back! - A Dinosaur's Story (USA, Europe)
Wedding Peach - Jamapii Panic (Japan) (SGB Enhanced)	9812a6c6	262144	Wedding Peach - Jamapii Panic (Japan) (SGB Enhanced)
Welcome Nakayoshi Park (Japan)	f6e2baae	262144	Welcome Nakayoshi Park (Japan)
Wheel of Fortune (USA)	8408fe48	131072	Wheel of Fortune (USA)
Who Framed Roger Rabbit (Europe)	dbeed84e	131072	Who Framed Roger Rabbit (USA)
Who Framed Roger Rabbit (Spain)	cd11c917	131072	Who Framed Roger Rabbit (USA)
Who Framed Roger Rabbit (USA)	b93138fa	131072	Who Framed Roger Rabbit (USA)
Wild Snake (USA) (SGB Enhanced)	72462125	65536	Wild Snake (USA) (SGB Enhanced)
Winner's Horse (Japan)	14e91757	131072	Winner's Horse (Japan)
Winter Gold (Europe)	3c4cd245	131072	Winter Olympic Games (USA)
Winter Olympic Games (USA)	1a98f0a4	131072	Winter Olympic Games (USA)
Winter Olympic Games (USA) (Rev 1) (Beta)	1510305e	131072	Winter Olympic Games (USA)
Wizardry Gaiden I - Joou no Junan (Japan)	4d640e73	262144	Wizardry Gaiden I - Joou no Junan (Japan)
Wizardry Gaiden II - Kodai Koutei no Noroi (Japan)	f6826d12	262144	Wizardry Gaiden II - Kodai Koutei no Noroi (Japan)
Wizardry Gaiden III - Yami no Seiten (Japan)	32c94538	524288	Wizardry Gaiden III - Yami no Seiten (Japan)
Wizards & Warriors X - The Fortress of Fear (USA, Europe)	104eb503	65536	Wizards & Warriors X - The Fortress of Fear (USA, Europe)
WordZap (USA)	e8e57b50	65536	WordZap (USA)
WordZap (USA) (Beta)	22039daa	65536	WordZap (USA)
Wordtris (Europe) (Proto)	46aee47a	131072	Wordtris (USA)
Wordtris (France) (Fr) (Proto)	4ab14495	131072	Wordtris (USA)
Wordtris (Germany) (De) (Proto)	7d69f655	131072	Wordtris (USA)
Wordtris (USA)	075a8231	131072	Wordtris (USA)
Wordtris (USA) (Beta)	c2d7d11b	131072	Wordtris (USA)
World Beach Volley - 1991 GB Cup (Japan) (En)	a2894581	131072	World Beach Volley - 1992 GB Cup (Europe)
World Beach Volley - 1992 GB Cup (Europe)	4023e085	131072	World Beach Volley - 1992 GB Cup (Europe)
World Beach Volley - 1992 GB Cup (Europe) (Beta)	d654cbcd	131072	World Beach Volley - 1992 GB Cup (Europe)
World Bowling (Japan) (En)	47feadf2	32768	World Bowling (USA)
World Bowling (USA)	896e76a2	32768	World Bowling (USA)
World Circuit Series (USA)	77c3aa0b	131072	World Circuit Series (USA)
World Cup 98 (USA, Europe) (SGB Enhanced)	6a3272b1	524288	World Cup 98 (USA, Europe) (SGB Enhanced)
World Cup Striker (Europe) (En,Fr,De) (Possible Proto)	40418964	131072	Elite Soccer (USA) (SGB Enhanced)
World Cup Striker (Japan) (En)	fdefa88d	131072	Elite Soccer (USA) (SGB Enhanced)
World Cup USA 94 (Europe) (En,Fr,De,Es,It,Nl,Pt,Sv)	60231f83	262144	World Cup USA 94 (Europe) (En,Fr,De,Es,It,Nl,Pt,Sv)
World Cup USA 94 (Japan) (En,Fr,De,Es,It,Nl,Pt,Sv)	9d27f9de	262144	World Cup USA 94 (Europe) (En,Fr,De,Es,It,Nl,Pt,Sv)
World Heroes 2 Jet (USA, Europe) (SGB Enhanced)	67303954	524288	World Heroes 2 Jet (USA, Europe) (SGB Enhanced)
World Ice Hockey (Japan) (En)	4e345023	131072	World Ice Hockey (Japan) (En)
World Ice Hockey (USA) (Proto)	d5cd1754	131072	World Ice Hockey (Japan) (En)
World Soccer GB (Japan) (SGB Enhanced)	57d21ef4	524288	International Superstar Soccer (USA, Europe) (SGB Enhanced)
Worms (Europe)	2ebc40c2	262144	Worms (Europe)
X (Japan)	75e1d268	262144	X (Japan)
Xenon 2 (USA, Europe)	de398678	131072	Xenon 2 (USA, Europe)
Xenon 2 - Megablast (Japan) (En)	2feb70d2	131072	Xenon 2 (USA, Europe)
Yakuman (Japan)	3134ea60	32768	Yakuman (Japan)
Yakuman (Japan) (Rev 1)	90cb60c1	32768	Yakuman (Japan)
Yannick Noah Tennis (France) (En)	402d4d47	65536	Jimmy Connors Tennis (USA, Europe)
Yogi Bear's Gold Rush (Europe)	6e7bb436	131072	Yogi Bear's Gold Rush (USA)
Yogi Bear's Gold Rush (USA)	a86bd81b	131072	Yogi Bear's Gold Rush (USA)
Yomihon Yumegoyomi - Tenjin Kaisen 2 (Japan)	211c4611	262144	Yomihon Yumegoyomi - Tenjin Kaisen 2 (Japan)
Yoshi (USA)	f2f4bcca	65536	Yoshi (USA)
Yoshi no Cookie (Japan)	a37255fe	131072	Yoshi's Cookie (USA, Europe)
Yoshi no Panepon (Japan) (SGB Enhanced)	3beb7239	524288	Tetris Attack (USA, Europe) (SGB Enhanced)
Yoshi no Tamago (Japan)	9b6fcc76	65536	Yoshi (USA)
Yoshi's Cookie (USA, Europe)	75336712	131072	Yoshi's Cookie (USA, Europe)
Yousei Monogatari - Rod Land (Japan)	2355be94	65536	Rod Land (World) (Retro-Bit)
Yu Yu Hakusho (Japan)	7103b4ac	262144	Yu Yu Hakusho (Japan)
Yu Yu Hakusho Dai-2-dan - Ankoku Bujutsukai Hen (Japan)	6a6d7350	262144	Yu Yu Hakusho Dai-2-dan - Ankoku Bujutsukai Hen (Japan)
Yu Yu Hakusho Dai-3-dan - Makai no Tobira Hen (Japan)	25c618f6	262144	Yu Yu Hakusho Dai-3-dan - Makai no Tobira Hen (Japan)
Yu Yu Hakusho Dai-4-dan - Makai Touitsu Hen (Japan) (SGB Enhanced)	3e7c6b2b	262144	Yu Yu Hakusho Dai-4-dan - Makai Touitsu Hen (Japan) (SGB Enhanced)
Yu-Gi-Oh! Duel Monsters (Japan) (SGB Enhanced)	8875ec54	1048576	Yu-Gi-Oh! Duel Monsters (Japan) (SGB Enhanced)
Yu-Gi-Oh! Duel Monsters (World) (De) (Early Days Collection) (SGB Enhanced)	0175e0be	2097152	Yu-Gi-Oh! Duel Monsters (Japan) (SGB Enhanced)
Yu-Gi-Oh! Duel Monsters (World) (De) (v1.1) (Early Days Collection) (SGB Enhanced)	75f446d7	2097152	Yu-Gi-Oh! Duel Monsters (Japan) (SGB Enhanced)
Yu-Gi-Oh! Duel Monsters (World) (Early Days Collection) (SGB Enhanced)	6f2c0376	2097152	Yu-Gi-Oh! Duel Monsters (Japan) (SGB Enhanced)
Yu-Gi-Oh! Duel Monsters (World) (Es) (Early Days Collection) (SGB Enhanced)	8d20a6d4	2097152	Yu-Gi-Oh! Duel Monsters (Japan) (SGB Enhanced)
Yu-Gi-Oh! Duel Monsters (World) (Es) (v1.1) (Early Days Collection) (SGB Enhanced)	37850654	2097152	Yu-Gi-Oh! Duel Monsters (Japan) (SGB Enhanced)
Yu-Gi-Oh! Duel Monsters (World) (Fr) (Early Days Collection) (SGB Enhanced)	72253daa	2097152	Yu-Gi-Oh! Duel Monsters (Japan) (SGB Enhanced)
Yu-Gi-Oh! Duel Monsters (World) (Fr) (v1.1) (Early Days Collection) (SGB Enhanced)	1ab75448	2097152	Yu-Gi-Oh! Duel Monsters (Japan) (SGB Enhanced)
Yu-Gi-Oh! Duel Monsters (World) (It) (Early Days Collection) (SGB Enhanced)	8a6faea1	2097152	Yu-Gi-Oh! Duel Monsters (Japan) (SGB Enhanced)
Yu-Gi-Oh! Duel Monsters (World) (It) (v1.1) (Early Days Collection) (SGB Enhanced)	3fd4ec42	2097152	Yu-Gi-Oh! Duel Monsters (Japan) (SGB Enhanced)
Yu-Gi-Oh! Duel Monsters (World) (Ja) (Early Days Collection) (SGB Enhanced)	65a35ae5	2097152	Yu-Gi-Oh! Duel Monsters (Japan) (SGB Enhanced)
Yu-Gi-Oh! Duel Monsters (World) (v1.1) (Early Days Collection) (SGB Enhanced)	1722e5b2	2097152	Yu-Gi-Oh! Duel Monsters (Japan) (SGB Enhanced)
ZAS (Europe) (Proto)	ae282077	131072	Chikyuu Kaihou Gun ZAS (World) (ModRetro Chromatic)
Zelda no Densetsu - Yume o Miru Shima (Japan)	39a6684e	524288	Legend of Zelda, The - Link's Awakening (USA, Europe)
Zelda no Densetsu - Yume o Miru Shima (Japan) (Rev 1)	ea20b82a	524288	Legend of Zelda, The - Link's Awakening (USA, Europe)
Zelda no Densetsu - Yume o Miru Shima (Japan) (Rev 1) (Demo) (Special Version)	bcc0199a	524288	Legend of Zelda, The - Link's Awakening (USA, Europe)
Zen - Intergalactic Ninja (Europe)	642c7ebe	131072	Zen - Intergalactic Ninja (USA)
Zen - Intergalactic Ninja (USA)	88190730	131072	Zen - Intergalactic Ninja (USA)
Zen-Nihon Pro Wrestling Jet (Japan) (SGB Enhanced)	119bcad5	262144	Zen-Nihon Pro Wrestling Jet (Japan) (SGB Enhanced)
Zerd no Densetsu (Japan)	492edb36	131072	Zerd no Densetsu (Japan)
Zerd no Densetsu 2 - Xerd!! Gishin no Ryouiki (Japan)	a197bdb7	524288	Zerd no Densetsu 2 - Xerd!! Gishin no Ryouiki (Japan)
Zettai Muteki Raijin-Oh (Japan)	7d03727d	65536	Zettai Muteki Raijin-Oh (Japan)
Zoids Densetsu (Japan)	c32dca06	65536	Zoids Densetsu (Japan)
Zool (Japan) (En) (Proto)	3be6dec8	131072	Zool - Ninja of the 'Nth' Dimension (USA)
Zool - Ninja of the 'Nth' Dimension (Europe)	ae13e227	131072	Zool - Ninja of the 'Nth' Dimension (USA)
Zool - Ninja of the 'Nth' Dimension (USA)	ef54b46e	131072	Zool - Ninja of the 'Nth' Dimension (USA)
Zoop (Japan) (En)	10e1a10c	65536	Zoop (USA, Europe)
Zoop (USA, Europe)	14f8b6bb	65536	Zoop (USA, Europe)
Zoop (USA, Europe) (Beta)	7b440074	65536	Zoop (USA, Europe)
seaQuest DSV (USA, Europe) (Beta)	229aee8e	262144	seaQuest DSV (USA, Europe) (SGB Enhanced)
seaQuest DSV (USA, Europe) (SGB Enhanced)	31a3bd99	262144	seaQuest DSV (USA, Europe) (SGB Enhanced)
