#key	synopsis
10-Pin Bowling (USA) (Proto)	Pour ceux dont la quille n&#39;est plus qu&#39;un vieux souvenir, il est temps de rempiler... le temps d&#39;une partie de bowling évidemment ! Le point fort de 10 Pin Bowling se situe au niveau convivialité. Il est, en effet, possible d&#39;affronter un deuxième joueur sur la même machine ! Côté action, c&#39;est du classique : déplacement latéral du joueur, réglage de la puissance de votre lancer et gestion de l&#39;effet appliqué à la boule. Certes, c&#39;est complet, mais rien de plus que la concurrence. Malheureusement, un seul mode de jeu en solo est disponible et il ne s&#39;agit que d&#39;un entraînement. De plus, il n&#39;y a aucune option telle que le choix de la boule ou la disposition initiale des quilles. Autant dire que vous vous lasserez vite de ce jeu. A noter, la présence d&#39;un rumble pack intégré à la cartouche.
3 Choume no Tama - Tama and Friends - 3 Choume Obake Panic!! (Japan)	Vous dirigez un petit chat qui traverse une ville. Essayez d'éviter les voitures et les chiens tout en retrouvant tous vos amis . Augmentez le nombre de coups que vous pouvez encaisser en jouant à quelques mini-jeux.
3-pun Yosou - Umaban Club (Japan)	3-Pun Yosou - Umaban Club est un jeu de gestion typiquement nippon qui propose au joueur de parier sur des courses équestres virtuelles. Techniquement assez spartiate, le soft fourmille de textes en japonais, son unique illustration se résumant à son écran titre.
4-in-1 Fun Pak (USA, Europe)	Cette compilation de jeux de société réunit de grands classiques: Backgammon, Dames, Reversi et Echecs. Techniquement assez austère, le soft se contente du minimum syndical en matière d'options. L'intelligence artificielle n'est pas non plus des plus dégourdies, et bien qu'elle réponde du tac au tac, fait parfois des erreurs de débutant assez grossières. 4 in 1 Funpak reste néanmoins une valeur sûre pour les amateurs du genre grâce à son mode Link.
4-in-1 Funpak - Volume II (USA, Europe)	Cette compilation de jeux de société réunit de grands classiques: Solitaire, Dominos, Crib et Yacht. Graphiquement, la réalisation est très limitée, mais le soft permet de s'amuser à deux avec une seule Game Boy ainsi qu'en mode Link.
A-mazing Tater (USA)	Amazing Tater est un jeu de réflexion dans lequel vous incarnez une pomme de terre que vous devez mener à la fin de chaque niveau. Pour ce faire, vous devrez manipuler des caisses pour vous frayer un chemin vers la sortie.
Aa Harimanada (Japan)	Aa Harimanada est un jeu de lutte de sumo basé sur le manga et l'animé créé par Kei Sadayasu. Comme dans ce sport réel le but est de sortir l'adversaire du ring. Cependant l'interprétation du sumo n'est pas tout à fait réaliste, cela ressemble plus à un traditionnel jeu de combat en 1-VS-1. Il existe un mode solo qui suit l'histoire du protagoniste Harimanada, un mode versus de un à deux joueurs où 15 personnages différents peuvent être incarnés.
Addams Family, The (USA)	The Addams Family est un jeu de plates-formes sur Gameboy. L'histoire se situe vers la fin du film La Famille Addams alors que la famille est expulsée de son manoir par un avocat zélé. Comme si cela ne suffisait pas, on apprend que Morticia, Pugsley, Mercredi et les autres ont disparu ! Vous incarnez donc Gomez, seul rescapé, qui partira à la recherche de sa famille et affrontera tous ses ennemis jusqu'au dernier : l'avocat !
Addams Family, The - Pugsley's Scavenger Hunt (USA, Europe)	The Addams Family : Pugsley's Scavenger Hunt est un jeu de plates-formes sur Gameboy. Inspiré de l'univers délirant de la Famille Addams, ce jeu vous met dans la peau de Pugsley, le fils de Gomez et de Morticia. Plusieurs membres de la famille ont été faits prisonniers dans le manoir et il ne tient qu'à vous de fouiller les lieux pour les libérer. Il est d'ailleurs possible d'explorer les pièces dans n'importe quel ordre !
Adventure Island (USA, Europe)	Adventure Island, appelé aussi Adventure Island Classic, est un jeu vidéo de plates-formes sorti sur Gameboy. Ce jeu a été développé par Hudson Soft. Portage du jeu d'arcade Wonder Boy de Sega dont Hudson Soft était responsable, il a été décidé pendant le développement de remplacer le principal personnage de la version originale par le porte-parole d'Hudson Soft : Takahashi Meijin. Dans la version occidentale du jeu, celui-ci sera rebaptisé Master Higgins. En dépit de son titre, Adventure Island est le second volet de la série (mais le premier à sortir sur Gameboy). Vous incarnez un petit homme des cavernes parti à la rescousse de son amie capturée par des aliens. Vous disposez d'un marteau pour frapper vos ennemis sur la tête.
Adventure Island II - Aliens in Paradise (USA, Europe)	Adventure Island II est un jeu de plate-forme à scrolling horizontal. Le joueur contrôle un personnage qui doit arriver au bout du niveau dans un temps limité. Le personnage peut sauter, attaquer et monter sur divers animaux préhistoriques. En amassant des fruits, le joueur peut gagner du temps pour pouvoir finir le niveau, ou bien casser des ?ufs qui réservent des bonnes et mauvaises surprises. Le jeu propose aussi un système d'inventaire disponible au début de chaque niveau, fait rare dans les jeux de plate-forme de l'époque. Ce système permet aux joueurs de stocker des objets gardés des niveaux précédents et de les réutiliser dans les niveaux suivants.
Adventures of Lolo (Europe) (SGB Enhanced)	Ceci est la région de Gentryland. C'est un parc d'attractions amusant pour tout le monde. Aujourd'hui, Lolo et Lala, accompagnés de leur enfant Lulu, sont venus au Gentryland. Mais aucune des attractions ne fonctionne. Il semble que le roi Egger, une incarnation du mal, ait occupé (capturé) Gentryland. Dans cette situation, Gentry-Parade ne sera pas joué, ce que tout le monde veut voir le plus. Lolo et Lala peuvent-ils vaincre le haineux roi Egger? Peut-on jouer à Gentry-Parade?
Adventures of Rocky and Bullwinkle and Friends, The (USA)	The Adventures of Rocky and Bullwinkle and Friends sur Gameboy est un jeu de plates-formes basé sur l'univers du dessin animé du même nom. Les vils Boris et Natasha on réussi à s'emparer d'objets précieux du Musée Frostbite Falls et nos deux héros doivent tout faire pour les rattraper. En plus des niveaux de plates-formes, plusieurs mini-jeux parsèment l'aventure tandis que d'autres personnages de la série font leur apparition.
Adventures of Star Saver, The (USA, Europe)	Lors d'un contrôle de routine en ville, l'officier de police Tony et sa soeur se trouvent aspirés par un OVNI et transportés vers un pays lointain. Séparé de sa soeur, Tony est laissé échoué au milieu de nulle part, mais heureusement pour lui les aliens ont laissé quelque chose pour lui.Un mech. Puissant et mortel, le mech semble avoir un esprit propre, et accepte de rejoindre Tony pour retrouver sa soeur.
Aerostar (USA, Europe)	Aerostar est un shoot'em up assez particulier puisque le joueur ne pilote pas un avion suréquipé mais un véhicule terrestre. On se déplace sur une route labyrinthique, essuyant les tirs ennemis et ripostant pour détruire ces derniers. Notons que le véhicule est capable d'exécuter des sauts. Assez joli, Aerostar fait partie des jeux méconnus sur Game Boy. Les version occidentales ont la chance d'arborer une jaquette dessinée par Lawrence Fletcher.
After Burst (Japan) (En)	On pourrait penser, en voyant le screenshot, qu'il s'agit d'un jeu de plate forme sans plus ni moins. C'est d'ailleurs ce que je me suis dit de prime abord. Mais, à ma grande surprise, il n'en est rien!!!! After Burst est un jeu de réflexion du genre puzzle. Vous êtes une sorte de guerrier de l'espace et vous devez détruire une sphère en un temps donné. Bien sur, des ennemis vous barre la route ainsi que des mines, et bien souvent des plateformes sur lesquelles vous devez sauter pour atteindre la sphère. Sachant que vous n'avez aucune défense et donc au moindre contact ou tir vous perdez, le jeu devient vite prenant et intéressant affin de trouver la solution rapidement. La musique reste cependant la même tout au long du jeu ce qui serait à mon sens le seul bémol de ce jeu très intéressant. A noter, une option versus qui prolonge la durée de vie du jeu déjà grande.
Akazukin Chacha (Japan) (SGB Enhanced)	Akazukin ChaCha est l'adaptation vidéoludique d'un anime japonais, lui-même inspiré d'un manga de Min Ayahana. Le jeu met en scène les personnages de la série, et en particulier la &quot;magical girl&quot; ChaCha, dans un jeu d'aventure pas très passionnant, mais proposant des graphismes plutôt mignons. Il est possible d'incarner 6 personnages différents. Le jeu propose un rendu différent lorsqu'il est lancé avec le Super Game Boy.
Aladdin (World) (Disney Classic Games) (SGB Enhanced)	Reprenant les différentes séquences du film d'animation de Disney, Aladdin sur Gameboy permet de retrouver tous les personnages de l'histoire. Ce jeu de plates-formes propose effectivement de suivre Aladdin des rues d'Agrabah aux couloirs du palais royal en passant bien sûr par la célèbre caverne aux merveilles. Le Génie est aussi de la partie et permet de gagner des bonus.
Alfred Chicken (USA)	Le joueur contrôle le poulet Alfred et doit sauver ses amis des griffes des Poulets Meka. Jeu bien connu des possesseurs d'Amiga, Alfred Chicken version Game Boy est une adaptation de la version NES. Graphiquement réussi. La jouabilité est de bonne facture, et le challenge suffisamment important pour contenter aussi bien les joueurs acharnés que les curieux.
Alien 3 (USA, Europe)	Les ALIENS sont rapides, crachent de l'acide et sont juste derrière vous! Le tracker de mouvement est votre seul avertissement. Pas le temps de réfléchir, pas le temps de retenir votre respiration. . . COURIR! On ne voit pas très loin dans ces conduites d'air. Difficile de respirer. &quot;Face-huggers&quot; peut être n'importe où. Vous avez la puissance de feu. . . Explosez les ALIENS avec vos mitrailleuse, lance-flammes et lance-grenades.
Alien Olympics (Europe)	Alien Olympics est une combinaison farfelue de jeux sur piste et de jeux rétro-arcade que vous jouez dans la peau d'un alien. Il y a 8 personnages uniques que vous pouvez choisir et défier . Chaque extraterrestre a des forces et des faiblesses. Par exemple, M. Mune (un alien semblable à une chenille) a de nombreuses jambes lui permettant d'être très bon dans les épreuves de tirs mais pas dans les épreuves de courses.
Alien vs Predator - The Last of His Clan (USA)	Alien vs Predator : The Last of His Clan est un jeu d'action sur Gameboy. En 2593 sur la planète Alpha Centauri 3, des Predators décident de déposer des oeufs d'alien dans le but d'organiser une chasse à l'alien. Malheureusement pour eux, ils se retrouvent en infériorité numérique et vous êtes le dernier survivant. Vous devez donc parcourir la planète infestée d'aliens et tuer leur reine afin de rétablir l'honneur de votre clan.
All-Star Baseball 99 (USA)	La Major League Baseball arrive sur Game Boy avec ALL STAR BASEBALL 99. Grâce à une licence MLBPLA, toutes les équipes et joueurs ont été inclus. Essayez de gagner un seul match en mode Exhibition ou essayez de gagner les World Series en menant une équipe au cours d'une saison . Dans l'un ou l'autre mode, vous pouvez manipuler vous-même toutes les fonctions de mise en service, ou passer la responsabilité à l'ordinateur. Préparez-vous à tester vos compétences avec ALL STAR BASEBALL 99.
Alleyway (World)	Alleyway est un jeu vidéo de casse-briques développé par Nintendo et Intelligent Systems sur Game Boy. C'est un clone de Breakout et un des premiers jeux développés pour la Game Boy. Le jeu a d'abord été lancé au Japon en 1989, puis quelques mois plus tard en Amérique du Nord. Il sort en Europe en 1990. Alleyway est téléchargeable pour la console virtuelle de la Nintendo 3DS européenne depuis le 7 juin 2011, figurant ainsi parmi les premiers jeux disponibles au lancement de l'eShop 3DS en Europe.
Altered Space - A 3-D Alien Adventure (USA)	Ils n'ont jamais parlé du risque d'être capturé par des extraterrestres à l'Astronaut School. . . Alors qu'est-ce qu'un astronaute est supposé faire? S' échapper, bien sûr, ce que Humprey l'astronaute veux faire. Il doit trouver son chemin à travers le vaisseau alien (plus de 250 niveaux, tous différents, tous dangereux) pour atteindre une sortie et retourner sur Terre.
Amazing Penguin (World) (Limited Run Games)	Incarnez un super pingouin dans Amazing Pinguin. A travers différents puzzles, vous serez amené à libérer la princesse kidnappée. Votre tâche sera plus compliquée que prévu puisque de nombreux ennemis tenteront de vous barrer la route.
Amazing Spider-Man, The (USA, Europe)	The Amazing Spider-Man sur Gameboy est un jeu d'action qui place le joueur dans la peau de Peter Parker, alias Spider-Man. Sa mission ici est de sauver Mary Jane kidnappée par l'un de ses ennemis. Le soft est un jeu d'action à défilement horizontal, où Spider-Man a la possibilité de grimper aux murs et de s'élancer dans les airs grâce à sa toile.
America Oudan Ultra Quiz (Japan)	America Oudan Ultra Quiz est une série de jeux vidéo exclusivement Japonnais, basé sur le jeu télévisé du même nom et diffusée sur Nippon Television.
America Oudan Ultra Quiz Part 2 (Japan)	Suite du premier épisode, cette deuxième mouture présente des graphismes un peu plus évolués, ainsi que des saynètes bien plus mignones (rappelant parfois le collège fou fou fou), mais signe la disparition de la création d'avatar. Détail important : cet opus offre la possibilité de choisir la dificulté des questions. Enfin, le mode versus permet à deux adversaires d'en découdre via le cable link, pour peu qu'ils possèdent chacun une console et une cartouche.
America Oudan Ultra Quiz Part 3 - Champion Taikai (Japan)	Nouvel épisode de la série des America Oudan Ultra Quiz, cette édition Champion Taikai, que l'on peut traduire par &quot;le tournoi des champions&quot;, se révèle un peu plus corsée que les précédentes. A signaler : la disparition du mode versus. Niveau réalisation, le jeu se raproche de l'émission télé, avec des candidats assis devant se lever et se diriger vers la bonnes zone pour répondre.
America Oudan Ultra Quiz Part 4 (Japan)	Dernier de la série sur Game Boy (elle continuera sur d'autres supports), cette version est de loin la plus aboutie, aussi bien techniquement qu'en termes de contenu. Cette fois, certains adversaire peuvent bousculer le personnage controlé par le joueur, et ainsi lui faire perdre un temps précieux avant qu'il n'atteigne la bonne zone de réponse.
Amida (Japan) (En)	Amida est un jeu de réflexion sur Gameboy dans lequel vous devrez amener une noix de coco vers la sortie. Frayez-vous un chemin au travers des différents labyrinthes proposés et évitez les pièges pour finir chaque niveau.
Animal Breeder (Japan) (SGB Enhanced)	Au milieu des annéez 1990, la fièvre Tamagotchi et son succès commercial attisent les convoitises. Animal Breeder propose ainsi au joueur de gérer la vie d'un petit animal, de la même manière que l'on s'occupe de la créature virtuelle de Bandai. Il vous faudra donc le nourir, l'amuser, l'éduquer... Bref, veiller à son bien-être.
Animal Breeder 2 (Japan) (SGB Enhanced)	Fier du succès de leur premier épisode, les développeurs d'Animal Breeder décident de donner vie à un second volet, et de pousser le concept encore plus loin. Cettes fois, le joueur peut s'occuper de plusieurs animaux, et même utiliser le câble link de la console pour échanger des données avec ses amis.
Animaniacs (USA) (SGB Enhanced)	Animaniacs est l'adaptation de la série d'animation des studios Warner. Minus et Cortex ont élaboré un nouveau plan pour conquérir le Monde, ils ont dérobé le script du prochain film de la compagnie. M. Plotz, le PDG de la Warner demande à Yakko, Wakko et Dot de retrouver les 24 parties du script. Un seul des trois frères et soeur peut être contrôlé à la fois, cependant les trois sont visibles à l'écran et peuvent se faire capturer par le vigile Ralph.
Another Bible (Japan) (SGB Enhanced)	Il était une fois une énorme guerre entre les humains et les démons. Après des batailles prolongées, les deux parties sont parvenues à un accord et ont instauré la paix. Mais maintenant, les choses commencent à changer. Le culte des démons est en train de devenir populaire et les démons ne souhaitent plus vivre en paix avec les humains. Seul vous, le héros du jeu (sans nom), aidé de l'héroïne (également sans nom) et d'autres amis, pouvez rétablir la paix sur la planète.
Arcade Classic No. 1 - Asteroids & Missile Command (USA, Europe) (SGB Enhanced)	Il s'agit d'une compilation sur GameBoy de deux jeux d'arcade classiques : Asteroids et Missile Command, deux shoot 'em up développés par Atari et sorti initialiement sur borne d'arcade en 1979 et 1980.
Arcade Classic No. 2 - Centipede & Millipede (USA, Europe) (SGB Enhanced)	Il s'agit d'une compilation de deux classiques de l'arcade : Centipede est un shoot 'em up fixe. Le joueur incarne un nain qui doit protéger son jardin des insectes. Le principe est d'accumuler le plus de points possible en détruisant les opposants. Millipede est la suite de Centipede et propose un gameplay plus varié et un plus grand nombre d'insectes différents.
Arcade Classic No. 3 - Galaga & Galaxian (USA) (SGB Enhanced)	Troisième compilation sur GameBoy de deux Shoot 'em up classique, celle-ci contient les jeux Galaga et Galaxian.
Arcade Classic No. 4 - Defender & Joust (USA, Europe) (SGB Enhanced)	La GameBoy nous offre pour la 4ème fois une compilation contenant deux shoot'em up classique des bonnes d'arcade, il s'git ici de Defender et de Joust.
Arcade Classics - Super Breakout & Battlezone (USA, Europe) (SGB Enhanced)	Encore une compilation de deux jeux classiques des bonnes d'arcade sur GameBoy, mais pour la première fois il ne s'agit pas de shoot 'em up. Nous avons ici Battlezone, une simulation de char d'assaut à la première personne, ainsi que Super Breakout, un jeu de casse-brique.
Aretha (Japan)	Un des nombreux jeux japonais non traduits pour Game Boy. Celui-ci est rpg - Premier de la trilogie Aretha. Vous incarnez une petite fille, parcourez des villes, des forêts, des champs, etc., et combattez avec d'innombrables hordes d'ennemis. Tour après tour, tour à tour :)
Aretha II (Japan)	Aretha II est la suite de la saga Aretha sur Game Boy. Cette opus suit le scénario du premier volet et met toujours en scène la jeune Ariel accompagnée de ses camarade de route Doll et Fang. Techniquement similaire a son prédécesseur, le titre propose tout de même quelques améliorations, notamment au niveau de l'animation.
Aretha III (Japan)	Un des nombreux jeux japonais non traduits pour Game Boy. Celui-ci est un RPG - le troisième de la trilogie Aretha. Vous jouez en fille (plus âgée et plus mignonne que celle d'Aretha et Aretha II), vous vous promenez dans les villes, les forêts, les champs, etc. et vous vous battez contre d'innombrables hordes d'ennemis - en tour par tour.
Asmik-kun World 2 (Japan)	Contrairement à son prédécesseur, Boomer's Adventure in ASMIK World (Teke ! Teke ! Asmik-kun World), ce jeu n'est jamais sorti en dehors du Japon. Comme son prédécesseur, le jeu est un excellent exemple du genre trap-em-up, qui comprend également des jeux comme Heiankyo Alien et Space Panic. Dans le jeu, Asmik-kun doit construire une &quot;route&quot; de l'entrée à la sortie dans chaque niveau. Un ennemi est venu enlever les enfants d'un certain monde et les &quot;routes&quot; doivent permettre aux enfants d'être secourus et raccompagnés sains et saufs chez eux.
Asterix & Obelix (Europe) (En,Es) (SGB Enhanced)	Astérix & Obélix sur Gameboy est un jeu d'action/plates-formes vous permettant d'incarner l'un de nos deux héros à travers cette adaptation des quatre tomes de la BD : Astérix aux Jeux Olympiques, Astérix en Helvétie, Astérix en Hispanie et Astérix et les Bretons. La jouabilité est classique mais reste très efficace. Le jeu offre une des plus grosses distributions de baffes jamais vue.
Asterix (Europe) (En,Fr,De,Es,It)	Obélix a disparu ! Les romains ont enlevé le porteur de menhirs pendant que celui faisait une sieste. Un conseil se tient au village, Astérix est désigné afin de retrouver son meilleur ami. S'ensuit alors un long périple à travers L'Empire romain, des pyramides d'Égypte en passant par la Gaule, le froid de l'Helvétie? la route va être longue. Le joueur incarne Astérix et progresse dans un jeu de plates-formes classique de niveaux en niveaux en battant plusieurs ennemis (Romains et animaux). L'objectif du jeu est de sauver Obélix qui a été enlevé par Jules César.
Asteroids (USA, Europe)	Asteroids est un jeu de tir en 2D sorti sur Gameboy qui nous met aux commandes d'un vaisseau à la forme triangulaire. Sa mission consiste à détruire les extraterrestres et les astéroïdes présents à l'écran sans se faire désintégrer, on peut également utiliser l'hyper espace pour échapper au danger mais avec le risque de voir son vaisseau réapparaître sur un astéroïde.
Astro Rabby (Japan) (En)	Il s'agit de l'histoire de Rabby, un robot lapin... Son créateur s'est fait voler les pièces permettant à Rabby de réaliser le rêve d'Icare : le vol (non, pas à l'étalage ! Le vol comme les oiseaux, les avions ou Superman...) Voyant la mine déconfite de son créateur, Rabby se dépêche de parcourir l'univers à la recherche des pièces manquantes... Vous incarnez donc le robot lapin et il vous faudra sauter, sauter, encore et toujours sauter par dessus des trous, des blocs, des bestioles et des machins afin d'atteindre les espèces de petites briques surmontées d'un point d'interrogation.
Atomic Punk (USA)	Atomic Punk est un jeu d'action/réflexion sur Gameboy. Ce titre est une version portable de Bomberman ; il comprend Bomber Boy, et l'ancien titre de la Nes orienté action/puzzle, Bomberman. Le principe est simple : posez des bombes sur le chemin de vos adversaires pour les faire sauter et gagner la partie.
Attack of the Killer Tomatoes (USA, Europe)	Attack of The Killer Tomatoes est un jeu vidéo de plate-formes, sorti en 1992 sur Game Boy. Le jeu reprend les évènements et les personnages de la série animée &quot;La Guerre des tomates&quot;, elle-même basée sur le film &quot;Le Retour des tomates tueuses&quot;.
Avenging Spirit (USA, Europe)	Dans le jeu d'action Avenging Spirit sur Gameboy, vous incarnez l'esprit d'un homme qui revient dans le monde des vivants. Vous avez été rappelé par le scientifique de père de votre petite amie, prise en otage par lesdits gangsters. Ils la relâcheront seulement s'il arrête ses recherches sur l'énergique spectrale. A vous de jouer. Le titre est un jeu d'aventure/action dans lequel vous pouvez prendre le contrôle de vos ennemis pour terminer les niveaux.
Ayakashi no Shiro (Japan)	Ayakashi no Shiro est un dungeon crawler au tour par tour. Les joueurs déplacent le protagoniste dans des donjons à la première personne où se déroulent des combats au hasard. Lorsque le combat commence, le joueur dispose de plusieurs options grâce à un système de menu pour combattre les ennemis.
Bakenou TV '94 (Japan) (SGB Enhanced)	Développé par le studio Graphic Research, responsable entre autres de Phantasy Zone sur MSX, Bakenou TV '94 est un jeu de course hippiques, un sport relativement populaire au pays du soleil levant. Le moteur graphique met assez bien les chevaux en valeur, notamment via les gros plan en plein écran. Un titre a réserver a une certaine catégorie de joueurs.
Bakenou V3 (Japan)	Développé et éditer pas les même équipes que Bakenou TV 94, Bakenou V3 rend une fois encore hommage aux courses hippiques. Mais qu'il s'agisse de l'un ou de l'autre jeu, les menus restent toujours aussi énigmatiques pour les non-initiés à la langue japonaise. Reste une ambiance sonore correcte, et une patte visuelle agréable pour le support.
Bakuchou Retrieve Master (Japan) (SGB Enhanced)	Bakuchou Retrieve Master est un jeu de rôle basé sur l'univers de la pêche. Sorti en toute fin de vie de la Game Boy, le soft propose de parcourir le monde pour taquiner le goujon. Il est possible d'améliorer son équipement et d'aller faire des courses à la supérette du coin pour acheter divers items. Les zones de pêche se divisent en carrés symbolisant différentes profondeurs.
Bakuchou Retsuden Shou - Hyper Fishing (Japan) (SGB Enhanced)	Éditer par Starfish, un nom a la auteur du titre, Bakuchou Retsuden Shou - Hyper Fishing est une simulation de pêche. Plusieurs compétitions s'offrent ou joueur, offrant une certaine variété de situations. La mise en scène se révèle plutôt soignée, avec par exemple des animations montrant le personnage lors de ses déplacements. Le gameplay est précis, et l'aire de pêche se voit divisée en carrés &quot;d'action&quot;.
Balloon Kid (USA, Europe)	Balloon Kid est un jeu d'action/plates-formes sur Gameboy. Vous incarnez Alice, une jeune fille dont le petit frère s'est envolé par hasard accroché à des ballons gonflés à l'hélium. Vous devez parcourir différents niveaux pour tenter de le sauver.
Banishing Racer (Japan)	Banishing Racer est un jeu de plateforme japonais, développé et édité par Jaleco Entertainment pour la Game Boy, sorti exclusivement au Japon le 26 juillet 1991. Banishing Racer a été aussi vendu autour de Hong Kong. Le jeu permet au joueur de prendre le contrôle d'une voiture animée contre de nombreux ennemis qui doivent être éliminés en leur sautant dessus, de la même manière que Super Mario Land. Le joueur possède trois vies avant de se voir proposé de continuer ou de recommencer le jeu. Un coup tue le joueur et le force à recommencer le niveau depuis le début. Le modèle de voiture utilisé dans le jeu ressemble fortement à une Subaru 360.
Barbie - Game Girl (USA, Europe)	La poupée Barbie doit se préparer pour son rendez-vous avec Ken. Mais ses habits préférés sont tous éparpillés dans différents niveaux. Aidez le mannequin dans ce jeu de plates-formes sur Gameboy et récupérez chaque vêtement dans les différents niveaux. Attention aux ennemis qui tenteront de vous barrer la route. Certains niveaux se déroulent sous l'eau et vous permettent de diriger Barbie Sirène.
Bart Simpson's Escape from Camp Deadly (USA, Europe)	Dans le jeu de plates-formes Bart Simpson's Escape from Camp Deadly sur Gameboy, Bart et Lisa sont envoyés dans un camp de vacances qui se révèlent être dirigé d'une main de fer par un membre de la famille Burns. Les 2 enfants doivent se plier aux exigences de leur chef mais choisiront dans les derniers niveaux de prendre la poudre d'escampette.
Baseball (World)	Le joueur peut choisir entre deux différentes équipes, USA et Japon.
Bases Loaded (USA)	Bases Loaded for Game Boy est un jeu vidéo de baseball sorti sur gameboy. Bien que ce dernier porte chez nous le nom de Bases Loaded il n'appartient pas réellement à cette série de jeu vidéo, il s'agit en réalité du jeu Baseball Kids.
Bass Fishing Tatsujin Techou (Japan)	Uniquement commercialisé au pays du soleil levant, ce jeu de pêche édité par Starfish est axé simulation. La carte permet ainsi d'afficher les endroits ou il est possible de taquiner la carpe. Si le gameplay se révèle efficace, la plupart des interactions s'effectuent via de fastidieux menus entièrement en japonais. Une production a réserver aux plus férus de ce sport tranquille.
Batman - Return of the Joker (USA, Europe)	Batman : Return of the Joker est un jeu d'action/plates-formes sur Gameboy. Le Joker s'est évadé de l'asile d'Arkham et c'est une nouvelle fois à Batman de l'arrêter. Arpentez les différents niveaux du jeu tout en ramassant des bonus pour améliorer vos armes et vos gadgets.
Batman - The Animated Series (USA, Europe)	Batman : The Animated Series est un jeu d'action sur Gameboy. Dans cette nouvelle aventure en 2D, votre rôle sera d'aider Batman à combattre ses plus puissants et dangereux ennemis. Vous devrez vous frotter, entre autres, au Joker, au Pingouin, à Mr Freeze et à Catwoman. Vous avez aussi la possibilité de jouer Robin dans certains niveaux.
Batman - The Video Game (World)	Batman sur Gameboy est un jeu d'action/plates-formes s'inspirant du film Batman sorti en 1989. Six niveaux sont disponibles (dont deux avec des phases de tir), parmi lesquels Gotham City, le Musée Flugelheim ou encore la Cathédrale. Battez-vous et utilisez les nombreux gadgets de Batman pour vous hisser jusqu'au Joker et lui faire mordre la poussière.
Batman Forever (USA, Europe)	Batman Forever sur Gameboy est l'adaptation du film sorti en 1995. Vos ennemis sont l'Homme Mystère et Double-Face que vous rencontrerez à plusieurs reprises dans le jeu. Vous devez évoluer dans des niveaux mêlant combat et plates-formes, en tirant parti de tous les gadgets que vous pouvez assigner à Batman avant chaque nouvelle mission.
Battle Arena Toshinden (USA) (SGB Enhanced)	Battle Arena Toshinden est un jeu de combat sur Gameboy. Les 8 karatékas disponibles ont tous des armes et des techniques qui leur sont propres. Un mode Tournoi est présent qui vous permet d'affronter chaque adversaire. Votre objectif ultime étant de devenir le combattant du siècle en affrontant Gaïa.
Battle Bull (USA)	Battle Bull sur Gameboy est un jeu d'action dans lequel vous prenez les commandes d'un bulldozer. A la manière d'un Pacman, le joueur évolue dans une sorte de labyrinthe infesté d'insectes féroces. A vous de vous en débarrasser en déplaçant les murs du labyrinthe pour les écraser. Au cours du jeu vous aurez accès à des améliorations telles qu'un turbo ou encore des missiles.
Battle Crusher (Japan) (SGB Enhanced)	Battle Crusher fait partie de la licence Comati Hero, qui regroupe Ultraman, Gundam et Kamen Rider. Tel un héris classique dans son mecha, chaque personnage mène ses combats à l'aide d'un robot géant. On déplore un gameplay beaucoup trop basique pour convaincre, les quelques coups spéciaux disponibles ne sortant pas aussi facilement qu'on le voudrait.
Battle Dodge Ball (Japan)	Battle Dodge Ball marque le retour des Compati Hero dans un jeu de ball au prisonnier dans lequel les héros nippons s'affrontent pour sauver le pays. L'essentiel du jeu est que vous pouvez choisir l'une des six équipes. Vous affrontez ensuite chacune des cinq autres équipes une fois par tour dans une courte partie de dodgeball, à deux contre deux. Contrairement au ballon chasseur normal, vous n'êtes pas assommé par un seul coup. Au contraire, dans Battle Dodge Ball, chaque personnage a une quantité spécifique de HP. Une fois qu'il a pris suffisamment de coups pour perdre tous ses HP, il n'est plus dans la partie.
Battle of Kingdom (Japan)	Battle of Kingdom est un jeu de stratégie Japonais. Le but est de diriger un royaume à travers diverses batailles en utilisant le format d'un jeu de société traditionnel. Pour passer au combat suivant, les joueurs doivent détruire au moins 92% des monstres sur le champ de bataille. Chaque niveau représente une bataille dans une campagne de haute fantaisie pour sauver le monde d'une force maléfique inconnue (qui réside dans un château de crâne). À mesure que les joueurs progressent vers la droite de l'écran en tuant des monstres des forces ennemies, la probabilité de gagner la bataille entière s'affiche en pourcentage. Les joueurs sont incapables d'attaquer automatiquement l'adversaire si le nombre de points du compteur de puissance d'attaque est épuisé. Attaquer manuellement ne déduit toutefois pas les points d'attaque des statistiques du joueur. Les monstres comme les limons peuvent s'affronter pour contrôler le terrain de jeu dans les niveaux inférieurs du jeu, les joueurs sont autorisés dans les niveaux supérieurs du jeu à convoquer la loyale armée d'archers, de chevaliers, de cavaliers et de magiciens du roi. Même le chef de chaque royaume est censé se battre. Toutes ces créatures doivent être achetées sous forme de carte avant de pouvoir rejoindre le champ de bataille. Les créatures du joueur peuvent se battre, fuir la bataille ou lancer un sortilège. Toutes les créatures ont des points de vie, des points d'attaque et des points spéciaux.
Battle of Olympus, The (Europe) (En,Fr,De,Es,It)	The Battle Of Olympus est un jeu d'aventure et d'action sur Gameboy. L'histoire se déroule dans la Grèce ancienne, vous incarnez Orphée qui doit sauver Eurydice du royaume d'Hadès, et vous aurez besoin du pouvoir de tous les Dieux pour la sauver. Gagnez des objets, progressez, et trouvez les 5 ambroisies pour rallonger votre ligne de vie.
Battle Pingpong (Japan) (En)	Battle Ping Pong est une simulation de ping pong sur Gameboy. En plus d'un mode versus classique, vous pourrez représenter l'un des huit pays disponibles dans un mode tournoi. La vue à la première personne ne laisse entrevoir du personnage que sa raquette mais permet une bonne vision du jeu.
Battle Space (Japan)	Battle Space est un jeu de tir spatial, premier jeu d'Akson Software. Le joueur joue le rôle d'un pilote de vaisseau spatial nommé Roger Ptak, fournissant des services d'escorte de transport. Le système babylonien a été attaqué par la race vandale. Le pilote reçoit une proposition pour rejoindre une armée défensive en échange d'un cuirassé intergalactique et d'une grosse somme d'argent. Le joueur contrôle le navire combattant vague après vague d'attaques ennemies. Le navire peut être déplacé à droite ou à gauche, tirer des missiles ou lancer une seule mine. Les ennemis attaquent et se déplacent de différentes manières, notamment en attaquant depuis le bas de l'écran. Ils ont une résistance au bouclier et une puissance de feu différentes Les Power-ups sont marqués comme des ailes de différentes couleurs, selon ce qu'ils ajoutent, y compris un navire supplémentaire, des boucliers et des mines supplémentaires ou une puissance de feu accrue.
Battle Unit Zeoth (USA, Europe)	Battle Unit Zeoth prend place dans un futur où l'humanité est envahie par une race de robots aliens appelés Grein. Les forces terriennes ont été triomphantes lors des batailles et les forces Grein ont fui le système solaire. Cependant, dans leur fuite, ils laissèrent derrière eux une base secrète souterraine remplie de machines Grein autoréplicantes. Quarante-deux ans après la victoire terrienne, la base Grein s'est ouverte et une nouvelle force d'assaut a décimé la ville de New Age. En réponse, les militaires terriens ont développé un robot spécialisé dans les combats contre les extra-terrestres : les Zeoth. La mission des Zeoth est de stopper les forces d'assaut, d'entrer dans la base secrète Grein et de détruire ses occupants mécaniques avant qu'une nouvelle force d'invasion n'arrive.
BattleCity (Japan) (En)	Battle City est un jeu d'action sur Gameboy. Votre principal objectif est de détruire tous les tanks ennemis avant que ceux-ci ne s'approchent de votre base. Une fois que vous avez triomphé de 20 tanks, vous passez au niveau suivant. De nombreux éléments du décor peuvent être utilisés à votre avantage. Un mode Construction est à débloquer une fois que vous avez terminé tous les niveaux.
Battleship (USA, Europe)	Battleship sur Gameboy est une sorte de touché coulé pour console portable. Choisissez une case sur le plateau de jeu, puis envoyez une torpille. A vous d'élaborer vos stratégies pour couler les porte-avions adverses !
Battletoads (USA, Europe)	Battletoads sur Gameboy vous met dans la peau de Zitz, crapaud aux pouvoirs qui sortent de l'ordinaire. Votre but : sauver vos deux frères enlevés par la Reine Noire. Débarrassez-vous de vos adversaires à travers diverses phases de jeu passant par la conduite de véhicules, le simple combat rapproché ou le jeu de plates-formes.
Battletoads in Ragnarok's World (USA)	Battletoads in Ragnarok's World est un jeu d'action sur GameBoy. La Reine Noire est de retour et, cette fois-ci, elle kidnappe votre meilleur ami ainsi que la plus belle fille de la galaxie. A vous de contrôler les trois Battletoads et de partir combattre la Reine tout en faisant attention à toutes les troupes ennemies qu'elle vous envoie.
Battletoads-Double Dragon (USA)	Battletoads Double Dragon est la réunion des héros des 2 séries sur Gameboy. Des extraterrestres viennent attaquer la Terre et les Battletoads, 3 crapauds humanoïdes habitués à combattre les aliens, apportent leur renfort aux 2 frères Lee. Vous pouvez choisir parmi ces 5 personnages au style particulier pour les éliminer. L'aventure peut aussi se tenter à 2.
Beavis and Butt-head (USA, Europe)	Beavis and Butt-Head est l'adaptation sur Gameboy de la série animée américaine diffusée sur MTV dans les années 90. Vous jouez avec les deux compères et enchaînez les bêtises au collège, à l'hôpital ou dans Highland, la ville fictive du dessin animé. La vulgarité, la violence et la stupidité sont toujours au rendez-vous, sans oublier le ricanement culte des deux protagonistes.
Beethoven (Europe) (SGB Enhanced)	Beethoven est un jeu de plates-formes basé sur le film du même nom. Vous incarnez Beethoven, un adorable gros chien. A ses côtés vous devez lui faire effectuer certaines tâches telles que des sauts d'obstacles, des extinctions d'incendies, et bien d'autres...
Beetlejuice (USA)	Le jeu commence avec le joueur qui prend le contrôle de Beetlejuice alors qu'il essaie de se débarrasser de tous les fantômes qu'il a invités dans la maison de Lydia Deetz (où il vit avec sa mère et son père). En utilisant la magie bio-exorciste, les joueurs doivent vaincre les morts-vivants à travers le cimetière et même à l'intérieur du Neitherworld. Les joueurs peuvent également chevaucher un chariot de mine et un serpent Pogosnake (qui fonctionne de manière similaire à Yoshi de Super Mario World). Le thème du jeu est assez sombre (exploration du royaume des fantômes).
Best of the Best - Championship Karate (USA)	Dans Best of the Best : Championship Karate sur Gameboy, devenez le meilleur combattant de kick boxing et non de karaté, comme l'annonce le titre. Après avoir choisi votre représentant parmi plusieurs personnages issus de pays différents et possédant des caractéristiques propres, vous devez l'entraîner afin d'être prêt pour les combats. Il faut bien faire attention à ne pas perdre un match, car à chaque défaite, les caractéristiques du boxeur chutent.
Bikkuri Nekketsu Shin Kiroku! - Dokodemo Kin Medal (Japan)	Bikkuri Nekketsu Shin Kiroku ! - Dokodemo Kin Medal fait partie des jeux de sports inspirés de la licence Kumio-Kun. L'athlétisme est ici mis à l'honneur, le jeu vous invitant à vous comporter de façon pas toujours fairplay, entre les coups de pieds rageurs et les haies lancées sur l'adversaire. Au total, cinq épreuves sont proposées, et la réalistion se révèle plutôt a la hauteur.
Bill & Ted's Excellent Game Boy Adventure - A Bogus Journey! (USA, Europe)	Bill & Ted's Excellent Adventure est un jeu d'aventure sur Gameboy. Joanna et Elisabeth, deux jolies jeunes filles de l'Angleterre du Moyen Age, ont été kidnappées par le méchant Grim Reaper. Avec Bill et Ted vous embarquez dans des aventures spatio-temporelles pour tenter de sauver les jeunes demoiselles.
Bill Elliott's NASCAR Fast Tracks (USA)	Bill Elliott's NASCAR Fast Tracks est une simulation de course de voiture NASCAR, édité par Konami e sorti en 1991 sur GameBoy.
Bionic Battler (USA)	Bionic Battler est un jeu de bataille basé sur le jeu démodé de &quot;cache-cache&quot;. Le personnage du joueur, qui fait partie de l'un des deux combats bioniques, doit explorer cinq Labyrinthes de la guerre pour détruire les Battlebots bioniques inflexibles dans leur volonté de détruire la vie humaine. Dans chaque labyrinthe, le joueur doit rechercher et détruire un certain nombre de Battlebots pour s'en sortir vivant. Mais soyez prudent - bien que les combinaisons de combat soient dotées des mêmes capacités que les robots de combat eux-mêmes, elles ne peuvent subir qu'une telle punition. Trop de coups signifieront la destruction du Combat et de la vie telle que nous la connaissons. Le joueur peut toutefois faire équipe avec un ami pour sauver l'humanité.
Bionic Commando (USA)	Bionic Commando est un jeu d'action/plates-formes sur Gameboy. Le soft commence avec une transmission radio, on y apprend que Super Joe a été capturé, et qu'il vous faut survoler en hélicoptère la zone de disparition située en territoire ennemi. Vous pouvez vous servir de votre bras bionique pour vous déplacer verticalement et vous balancer comme bon vous semble. Vous pouvez aussi vous balancer tout en tirant sur vos ennemis ou grimper au plafond pour éviter leurs tirs.
Bishoujo Senshi Sailor Moon (Japan)	Bishoujo Senshi Sailor Moon est un jeu d'action en side scrolling sur Game Boy, sorti exclusivement au Japon. Il s'agit d'une adaptation de la célèbre série animée du même nom, mettant en scène des lycéennes dotées de super pouvoirs et luttant pour la justice. Vous y contrôlez Sailor Moon elle-même, parcourant les rues et zones de combats. En plus des phases d'affrontement, le soft propose beaucoup d'exploration et dialogues ainsi que des mini-jeux.
Bishoujo Senshi Sailor Moon R (Japan)	Dans ce jeu, le joueur peut jouer en mode histoire ou arcade.En mode histoire, le joueur commence à jouer avec Usagi Tsukino / Sailor Moon, puis Chibiusa, le Senshi intérieur. Le gameplay alterne entre un chapitre de l'histoire où le joueur marche autour de la carte et parle à d'autres personnages, suivi d'un niveau de plateforme, et d'une salle de boss. En mode arcade, le joueur choisit un personnage, et les parties non-combat du jeu sont ignorés. Dans les deux modes, le jeu est terminé en cinq stages. Les salles de boss commencent parfois par une scène avec Tuxedo Mask où le joueur reçoit une vie supplémentaire en ramassant la rose. Le joueur peut ramasser des cœurs, qui rechargent une certaine quantité de santé, des tranches de gâteau, qui remplissent encore plus de santé, et une tiare, qui augmente les attaques du personnage.
Black Bass - Lure Fishing (USA)	Black Bass : Lure Fishing est la version Gameboy du jeu de pêche Super Black Bass sorti sur Super Nintendo. Prenez votre canne et partez à la conquête du poisson dans des tournois de pêches organisés sur plusieurs lacs. Chaque leurre et hameçon doit être utilisé pour un type de poisson précis, et vous devrez également tenir compte des conditions climatiques pour éviter de rentrer bredouille.
Blades of Steel (USA)	Blades of Steel sur Gameboy ne fait pas référence à un quelconque jeu de combat à l'arme blanche mais à un jeu de hockey sur glace. Affrontez-vous chaussé de vos patins aiguisés et lancez-vous dans des matches nerveux et violents qui peuvent parfois en arriver aux poings. Prenez la place du gardien de but lors de penaltys ou jouez à deux joueurs simultanément et remportez la victoire à coups de crosse.
Blaster Master Boy (World) (Evercade)	Le jeu d'action Blaster Master Boy sur Gameboy est la suite directe de Blaster Master. Le monde est de nouveau plongé dans l'angoisse quand de nouvelles sources radioactives émergent du sol. Le héros va donc partir dans les grottes souterraines armé de bombes spéciales afin de découvrir ce qui se cache derrière cette nouvelle menace.
Block Kuzushi GB (Japan) (SGB Enhanced)	Block Kuzushi GB est un jeu d'action, développé par OeRSTED et édité par Pow, sorti au Japon en 1995.
Blodia (Japan) (En)	Blodia est un jeu vidéo de type puzzle game sorti en 1990 sur Game Boy, PC-Engine et X68000. Le jeu est appelé Timeball sur PC-Engine en Amérique du Nord. La carte du jeu est composée de carrés ; chaque carré représentant un morceau de chemin sauf les carrés vides, où l'on peut faire glisser les carrés à proximité pour les déplacer. Le but est de créer une route qui sera empruntée par une petite boule, lui permettant de faire tout le circuit sans tomber dans le vide avant la fin du temps imparti.
Blues Brothers, The (USA, Europe)	The Blues Brothers est un jeu d'action/plates-formes sur Gameboy. Alors qu'ils sont poursuivis par la justice, vous pouvez prendre le contrôle des deux Blues Brothers : Jake ou Elwood à travers 5 niveaux (prison, rivière, grande ville...). Ramassez des bonus pour vous défaire de vos ennemis et retrouvez vos disques perdus.
Blues Brothers, The - Jukebox Adventure (Europe)	The Blues Brothers : Jukebox Adventure est un jeu d'action/plates-formes sur Gameboy. Alors qu'ils sont poursuivis par la justice, vous pouvez prendre le contrôle des deux Blues Brothers : Jake ou Elwood à travers 5 niveaux (prison, rivière, grande ville...). Ramassez des bonus pour vous défaire de vos ennemis et retrouvez vos disques perdus.
Bo Jackson - Two Games in One (USA)	Deux jeux en un - jouez soit au baseball, soit au football dans ce jeu mettant en vedette Bo Jackson. Au baseball, vous pouvez à tous les postes, comme au lancer, à la frappe ou sur le terrain. Le terrain est affiché en 3D en utilisant un moteur appelé &quot;3-D Sensation.&quot; Au football, le terrain est affiché en vue de dessus en 2D avec de minuscules joueurs qui courent - un contraste frappant avec le style graphique de la partie baseball du jeu. Le jeu de football vous permet de concevoir vos propres stratégies et de les regarder avec relecture instantanée.
Boggle Plus (USA)	Créez des mots à la maison ou sur la route avec Boggle Plus pour Game Boy. Basé sur le jeu classique Parker Brothers, qui vous met au défi de créer des mots avec des cubes de lettre générés au hasard, Boggle Plus comprend également des variantes de jeu supplémentaires. &quot;Big Boggle&quot; propose des lettres supplémentaires, tandis que &quot;Anagrammes&quot; vous fait déchiffrer des mots pêle-mêle. &quot;Catégories&quot; vous fait chercher des mots basés sur un thème spécifique, et «Utiliser tous» implique des mots formant avec chaque lettre affichée sur l'écran. Boggle Plus comprend un dictionnaire intégré avec 35.000 mots et prend en charge le jeu à deux par câble Game Link.
Bomb Jack (Europe)	Prenez le contrôle de Jack et collectez toutes les bombes pour passer au tour suivant. Ce n'est pas aussi facile qu'il n'y paraît, car de nombreux ennemis tels que des oiseaux, des tortues et des momies se mettent en travers de votre chemin. Les arrière-plans des niveaux sont constitués de lieux réels tels que Miami Beach, Sphynx, ... 99 niveaux sont disponibles, mais une fois que vous avez atteint 99, le jeu revient au premier niveau.
Bomberman Collection (Japan) (SGB Enhanced)	Bomberman Collection est une compilation, développée et éditée par Hudson, sortie au Japon en 1996.
Bomberman GB (USA, Europe) (SGB Enhanced)	Bomberman cherche dans les profondeurs de la terre dans l'espoir de trouver le trésor légendaire. Dans le mode Histoire, guidez-le à travers 48 niveaux d'action, collectant des power-up et vainquant des monstres le long du chemin. Le mode Battle est comme le classique Bomberman, où un à quatre joueurs se battent sur six cartes différentes.
Bomberman GB 3 (Japan) (SGB Enhanced)	La 11e planète de la nébuleuse Bomber, nommée Owen, fait face à un tremblement de terre soudain. Au plus profond de son sous-sol, le terrible Evil Bomber avait été emprisonné pendant des siècles. Il prend le pouvoir et vole les Capsules Bomber de Bomberman. Bomberman et ses amis font alors le voeu de reprendre les capsules et vaincre Evil Bomber... Ce jeu est sorti seulement au Japon. Il est le dernier jeu de la trilogie Bomberman GB et propose l'apparition de quelques nouveaux personnages comme Cutie Bomber.
Bonk's Adventure (USA)	Disponible sur Gameboy, B.C. Kid est un jeu de plates-formes vous mettant dans la peau d'un homme préhistorique se frayant un chemin à grands coups de boule. Kongo Zilla ou encore la &quot;tête de tracteur&quot; ne sont que quelques-uns des ennemis décalés que l'on peut rencontrer dans cette aventure qui a initialement fait les beaux jours du PC Engine.
Bonk's Revenge (USA) (SGB Enhanced)	Bonk's Revenge, ou PC Kids 2 est la suite de Bonk's Adventure. Dans cet épisode, l'homme des cavernes à la grosse tête est à la recherche de la moitié de la lune qui a été volée par le méchant King Drool. Les multiples niveaux contiennent plusieurs zones spécifiques et très variées, qui vont du niveau dans les nuages aux grottes en passant par un niveau aquatique.
Booby Boys (Japan)	Booby Boys sur Game Boy est un jeu d'aventure dans lequel vous incarnez un personnage capable de poser des pièges au sol. Ils sont indispensables pour bloquer les ennemis à l'intérieur de façon temporaire. En agissant ainsi, vous avez le champ libre pour glaner toutes les boites disséminées dans le level. Lorsque vous les avez toutes récupérées, la clef débloquant l'accès au stage suivant apparait. Il faut alors veiller à rejoindre la sortie sans se faire toucher ni par les monstres mobiles, ni par les serpents sortant à intervalles réguliers de leurs abris. Des power-ups sont disponibles pour vous permettre d'aller plus vite ou de créer plusieurs trous simultanément dans lesquels emprisonner les adversaires.
Boomer's Adventure in ASMIK World (USA)	Dans le jeu d'action Boomer's Adventure In Asmik World sur Gameboy vous incarnez Boomer un petit dragon qui doit gravir la Tour de Zoozoon pour combattre le Seigneur des Ténébres : Zoozoon. Le but du jeu est de trouver la clef de chaque niveau, pour cela vous devrez piéger les ennemis pour qu'ils creusent dans le sol afin de faire sortir la clef ou des bonus pouvant vous aider à avancer dans l'étage.
Boulder Dash (Europe)	Boulder Dash est un jeu d'arcade sur Gameboy. Le principe du soft consiste à ramasser un nombre défini de diamants pour ouvrir un passage vers le niveau suivant. Le personnage (surnommé Rockford) doit creuser la terre pour se frayer un chemin. Il devra faire attention à ne pas se faire écraser par un rocher ou un diamant mais également à ne pas se faire toucher par les ennemis.
Boxxle (USA)	Boxxle sur Gameboy est un jeu de réflexion dans lequel vous devez déplacer des blocs en des endroits bien précis, afin de trouver la sortie. Il vous faudra parfois prévoir de nombreux coups à l'avance afin de ne pas vous bloquer vous-même.
Boxxle II (USA, Europe)	Dans le jeu de réflexion Boxxle II, la petite amie de Willy a été enlevée par des extraterrestres, il doit rassembler suffisamment d'argent pour construire une fusée afin d'aller chercher sa dulcinée et le meilleur moyen qu'il a trouvé est de pousser des caisses. Le principe de jeu n'a pas changé vous devez pousser des caisses au bon endroit la difficulté étant que vous pouvez les pousser mais pas les tirer. A vous de trouver comment traverser les 120 niveaux que propose le jeu.
Brain Bender (World) (Evercade)	Testez vos prouesses en tant que maître des miroirs dans ce puzzle-game, Brain Bender! Utilisez des miroirs pour manipuler des faisceaux laser afin de détruire les sphères de gaz, d'éteindre les électrobrains et enfin détruire le satellite ennemi. Il y a 120 défis à résoudre pour venir à bout de ce jeu.
Brain Drain (USA) (SGB Enhanced)	Brain Drain est un jeu de réflexion sur Gameboy. Vou vous retrouvez face à un espace de jeu pouvant contenir jusqu'à 36 éléments. Le principe est simple, vous devez mémoriser l'agencement des symboles puis les remettre dans le bon ordre en un temps limité.
Bram Stoker's Dracula (USA, Europe)	Le joueur incarne Jonathan Harker qui, dans sa quête pour anéantir le vampire de Transylvanie, doit traverser neuf niveaux, en commençant par une taverne située près du château de Dracula, puis le château lui-même. De retour en Angleterre, il faudra chasser Dracula et ses sbires d'un couvent, d'une abbaye et de la maison de Mina, la fiancée de Jonathan, entre autres. nnnnL'une des tâches principales de chaque niveau consiste à trouver et à détruire plusieurs cercueils contenant de la terre de Transylvanie. Jonathan est gêné dans sa progression par des sbires ainsi que par des créatures sous le contrôle du vampire : chauves-souris, rats, serpents et bien d'autres encore. Le dernier cercueil de chaque lieu est généralement gardé par l'un des sbires les plus puissants de Dracula, parmi lesquels figurent ses trois épouses, le fou Renfield et l'amie de Mina, Lucy, désormais transformée en mort-vivante.nnnn
BreakThru! (USA)	Le puzzle-game BreakThru! sur Gameboy vous incite à cliquer sur les briques de couleur pour les faire disparaître et détruire le mur à l'écran. Dépêchez-vous de vous exécuter avant que le chrono n'arrive à son terme.
Bubble Bobble (USA, Europe)	Le jeu met en scène Bub et Bob, deux enfants transformés en dragons et dont les fiancées ont été enlevées par le Baron von Blubba. Bub, aidé de Bob en mode deux joueurs, doit parcourir les quelque 100 niveaux du jeu pour les délivrer. Chaque niveau se compose d'un écran fixe avec pour environnement un ensemble de plates-formes plus ou moins alambiquées. Des monstres évoluent dans ce décor et le but est de tous les éliminer sans se faire toucher. Les dragons ont le pouvoir de cracher des bulles qui emprisonnent les ennemis pendant quelques secondes ; ils n'ont ensuite plus qu'à faire éclater la bulle pour tuer le monstre et faire apparaître un objet qui vient gonfler le score. Il y a différents paramètres qui entrent progressivement en jeu, venant complexifier le challenge : au-delà d'une certaine limite de temps, les monstres accélèrent brutalement ; la durée de « capture » des bulles est variable et des courants d'air peuvent altérer leur trajectoire.
Bubble Bobble Part 2 (USA, Europe)	Si Rainbow Islands est la vraie suite de Bubble Bobble, ce Bubble Bobble : Part 2 sur Gameboy permet de poursuivre les aventures de Bub et Bob alors qu'ils sont encore sous leurs apparences de dinosaures. Au fil des nombreux niveaux de jeu, vous devrez enfermer vos ennemis dans des bulles et les faire éclater pour les détruire.
Bubble Ghost (USA, Europe)	Dans Bubble Ghost sur Gameboy, vous incarnez un fantôme dans un château. Vous devez souffler sur une bulle pour l'emmener à la sortie de chaque niveau. Il faut cependant faire attention aux nombreux obstacles, à commencer par les bougies que le fantôme peut éteindre en soufflant dessus. Le spectre souffler dans 8 directions : haut, bas, gauche, droite et les 4 diagonales et il dispose de 5 bulles avant de perdre la partie.
Bubsy II (USA)	Bubsy est de retour ! Après avoir vaincu les méchants Woolies dans le premier opus, Bubsy, le courageux lynx roux, doit se lancer dans une aventure encore plus périlleuse : explorer un mystérieux manoir hyperdimensionnel, au sein duquel se trouvent des portails menant à différents endroits, à différentes époques. À l'instar des jeux Sonic, Bubsy se déplace très rapidement et peut également sauter très haut. Bubsy élimine ses ennemis en sautant sur leur tête. Les niveaux sont vastes et accessibles dès le début du jeu (à l'exception du niveau ultime), en commençant soit par l'aile ouest, soit par l'aile est. Il existe cinq types de niveaux classiques : une pyramide égyptienne, un environnement de type spatial de science-fiction, un monde rempli d'instruments de musique et de notes, un niveau « vert » avec des arbres et des collines, et une série de niveaux à défilement horizontal où Bubsy doit piloter un avion.
Bugs Bunny Collection (Japan) (SGB Enhanced)	Bugs Bunny Collection est une compilation des jeux Bugs Bunny, développée par Kotobuki Systems et publiée par Kemco, sortie au Japan en 1997.
Bugs Bunny Crazy Castle 2, The (USA)	The Bugs Bunny Crazy Castle 2 est la suite du jeu d'action/réflexion sorti sur Gameboy dans lequel vous devez vous échapper d'un château. Pour cela vous devez trouver les clefs de chaque niveau afin de pouvoir continuer à avancer et bien sur de nombreux obstacles viendront gêner votre progression.
Bugs Bunny Crazy Castle, The (USA, Europe)	The Bugs Bunny Crazy Castle est un jeu d'action/réflexion sorti sur Gameboy dans lequel vous devez vous échapper d'un château et pour cela vous devez trouver les clefs de chaque niveau afin de pouvoir continuer à avancer, bien sur de nombreux obstacles viendront gêner votre progression.
Burai Fighter Deluxe (USA, Europe)	Dans Burai Fighter Deluxe, un jeu d'action sur Gameboy vous incarnez le Burai Fighter qui a pour mission d'empêcher une race d'alien maléfique super intelligent nommé Burai de conquérir l'univers avec leur armée de robot semi-organique. Vous aurez accès pour cela à diverses armes comme un laser, des missiles, un anneau ou la surpuissante bombe au cobalt qui élimine tout ce qui se trouve à l'écran.
BurgerTime Deluxe (World)	Dans BurgerTime, le joueur reçoit l'importante mission d'assembler des hamburgers en faisant descendre les éléments un par un vers les assiettes en bas de l'écran. Suivez les pérégrinations de notre cuistot toujours armé de son poivrier pour faire face à ces maudits cornichons, oeufs au plat et autres saucisses !
Burning Paper (Japan) (En)	Burning Paper est un jeu de puzzle, développé par Pixel et publié par LOZC G. Amusements, sorti au Japon en 1993.
Bust-A-Move 2 - Arcade Edition (USA, Europe)	Dans Bust A Move 2 sur Gameboy, vous devez faire disparaître toutes les billes en regroupant celles de même couleur, par groupe de 3 ou plus. Ce second opus intègre un mode dans lequel le joueur doit défier une intelligence artificielle de plus en plus coriace.
Bust-A-Move 3 DX (Europe)	Bust-A-Move 3 DX est le même jeu que Bust-A-Move '99. Outre les différences évidentes dues aux limitations techniques de la plateforme, par exemple les bulles doivent être différenciées par leurs nuances plutôt que par leur couleur, il propose également moins de modes de jeu. Seuls le mode arcade (une adaptation de la version arcade originale avec la campagne solo principale ou la possibilité de défier un adversaire IA) et le mode défi (terminer une série de 25 niveaux le plus rapidement possible) sont disponibles.
Buster Bros. (USA)	Le joueur dirige un personnage confiné dans un tableau de la taille de l'écran dans lequel des boules géantes rebondissent, menaçant le personnage. Celui-ci peut seulement se déplacer à gauche et à droite et lancer des grappins vers le haut à la perpendiculaire pour faire éclater les boules. Lorsqu'une grosse boule est touchée, elle se divise en deux autres boules de taille intermédiaire, qui elles-mêmes se divisent ensuite en deux petites boules, lesquelles peuvent être détruites pour de bon. Plus une boule est petite, plus son rebond est de faible d'amplitude et plus le timing pour passer dessous la boule est serrée. Le but du jeu est de détruire les boules avant la fin du temps imparti sans être touché.
Caesars Palace (USA)	Ce jeu vous permet de jouer au casino Caesars Palace. Vous vous promenez dans le casino et jouez au poker, à la roulette, au blackjack, à la roue de la fortune ou à 3 types de machines à sous. Vous pariez et gagnez des jetons, puis les échangez contre de l'argent quand vous voulez. L'interaction se fait via un curseur, le jeu se déroule à la première personne. Vous venez au casino en taxi - serez-vous en d'en repartir dans votre propre limousine ?
Capcom Quiz - Hatena no Daibouken (Japan)	Capcom Quiz - Hatena No Daibouken est, comme son nom l'indique, un jeu de quiz, genre dont les japonais raffolent. Adaptation de la version arcade éponyme (sortie en 1989), le joueur choisit son avatar avant de ce lancer dans une quête ultime faite de mini jeux rigolos et de multiple questions sur l'univers du célèbre éditeur japonais. A réserver aux japonophiles possédant des connaissances relativement pointues.
Captain America and the Avengers (USA)	Captain America and the Avengers sur Gameboy est la conversion du jeu d'action sorti en arcade. Incarnez les héros Marvel tels qu'Iron Man, Hawkeye et Vision. Vous pouvez choisir de jouer seul ou à deux simultanément, pour éliminer tout opposant qui osera se mettre en travers de votre super-chemin.
Captain Tsubasa J - Zenkoku Seiha e no Chousen (Japan) (SGB Enhanced)	Captain Tsubasa J: Zenkoku Seiha e no Chousen est un jeu de sport, développé et publié par Bandai, sorti au Japon en 1995.
Captain Tsubasa VS (Japan)	Captain Tsubasa VS est un jeu de sport, développé par Graphic Research et édité par Tecmo, sorti au Japon en 1992.
Card Game (Japan) (En)	Card Game est un jeu... de cartes, développé par Marionette et édité par Coconuts Japan, sorti au Japon en 1990.
Casino FunPak (USA, Europe)	Casino FunPak sur Gameboy vous permet de vous balader dans un casino virtuel et de participer aux jeux habituellement présents dans ce genre d'établissement. Vous pourrez donc jouer votre paye ou votre belle-mère à la roulette ou au poker, rester des heures durant devant une machine à sous, ou bien encore tenter une partie de black jack ou de craps.
Casper (USA)	Casper est l'adaptation sur Gameboy du film sorti en 1995, lui-même inspiré du dessin animé Casper, le gentil fantôme créé en 1945. Kat et son père arrivent dans une vieille maison hantée et font la connaissance de Casper et de ses trois oncles moins aimables. Casper, qui en a marre d'être seul, doit tenter de faire de Kat son ami. Pour cela, il doit parcourir l'immense maison et venir à bout de ses oncles.
Castelian (USA)	Julius est son nom. La démolition est son jeu. Huit tours colossales qui atteignent presque le ciel ! Vous et Julius - un Anurian hybride - êtes chargé de démolir ces tours exotiques. Comme Julius grimpe et saute à travers les faces de chaque tour, il est confronté à des adversaires puissants et très meurtriers. Hexalons errants, I-Balls scannants, Spheroids en orbite et chemins disparaissants vous menacent à chaque tour. Leur seul contact va vous coûter la vie ! Pourtant, peu importe de quelle manière, vous devez atteindre le sommet de la tour afin de faire exploser vos puissants D-bombes! Votre courage, votre compétence et votre détermination vous guideront vers le sommet du Castelian. Tirez vos Carbonobombs, attrapez l'ascenseur à grande vitesse, et réfugiez-vous dans les portes de l'inconnu. L'avenir de l'île dépend de vous et Julius. Regardez-le apprendre ses secrets et la démolition va devenir votre jeu!
Castle Quest (Europe)	Un jeu de stratégie de Hudson qui se joue comme un jeu de plateau mélangé avec des affrontements avec des cartes. Votre but est de faire tomber les rois. Vous bougez une de vos pièces par tour de jeu. Le joueur qui renverse un roi adverse gagne la manche. Mais être un bon joueur d'échecs ne sera pas suffisant pour gagner. Avec les attaques et les cartes Roulette à composer avec magiques, vous devez aussi avoir de la chance. En mode Quête, il y a 24 rois à vaincre, et le dernier n'est autre que le redoutable roi de la magie, Baron.
Castlevania - The Adventure (USA)	Castlevania : The Adventure est un jeu d'action/plates-formes sur Gameboy. Le comte Dracula a encore évolué, assoiffé de vengeance. Vous devez traverser quatre niveaux de donjons, chambres et cryptes pour le vaincre une nouvelle fois. Pour arriver à vos fins, votre seule arme à disposition est un grand fouet métallique.
Castlevania II - Belmont's Revenge (USA, Europe)	Une aventure que vous allez pouvoir croquer à belles dents... Quinze ans après avoir vaincu le Comte Dracula, le maître incontesté du Mal, Christopher Belmont doit affronter un vampire assoiffé de vengeance. Dracula est de retour. Pour accomplir ses actes repoussants, il a métamorphosé Soleiyu Belmont, votre fils, en un démon destructeur. En ce point de l'histoire, vous devez arracher Soleiyu des griffes du Comte, mais seulement au terme de maintes recherches à travers quatre châteaux hantés. Tous contiennent d'affreuses visions d'horreur, comme les serpents d'eau visqueux, les crapauds carnivores, les chevaliers maléfiques et de monstrueux démons... Heureusement, vous détenez des armes précieuses comme les Haches de Combat qui transpercent les armures, l'Eau Sainte qui brûle les bêtes et le Fouet Magique Légendaire. Attachez votre bouclier et pénétrez dans l'ombre. Mais êtes-vous prêt à affrontez les habitants des ténèbres?
Castlevania Legends (USA, Europe) (SGB Enhanced)	Le jeu d'action Castlevania Legends sur Gameboy vous emmène tout droit dans le château de Dracula. Spectres, gobelins, démons, loups-garous et chauves-souris... ces créatures sont tapies dans chaque coin sombre. Plus vous vous enfoncez dans les ténèbres, plus elles sont dangereuses et terrifiantes. Explorez les cavernes pour trouver des armes, vous en aurez besoin car le maître des lieux a soif de sang et il ne vous fera pas de cadeau.
Catrap (USA)	Cat Rap est un puzzle-game dans lequel le joueur dirige un chat anthropomorphe, et doit traverser des pièces successives en affrontant les obstacles et les ennemis sur son chemin. Une fois que le joueur a assommé tous les ennemis, ils passent au niveau suivant, la difficulté augmente au fur et à mesure de la progression.
Cave Noire (Japan)	Jeune aventurier fraichement arrivé dans le village de Karuzu, on vous apprend que, pour faire vos preuves, vous devrez vous frotter aux quatre donjons situés dans la région. C'est uniquement lorsque vous serez venu à bout de ces sous-sols humides qui ne semblent pas connaître de fin que vous serez définitivement accepté par la Guilde. Pour vous aider dans votre quête, le Maître de la Forêt, l'esprit sylvain, vous donnera quatre objets avant chacune de vos nouvelles aventures.
Centipede (USA, Europe) (Accolade)	Jouer un exterminateur chargé de détruire les envahisseurs. À l'aide de votre arme, vous devez détruire les vagues de Centipèdes (mille-pattes) qui descendent vers vous du haut de l'écran. Des champignons sont éparpillés sur l'écran, et le Centipède descend d'une ligne chaque fois qu'il rencontre un champignon. Vous devez également éviter et détruire les araignées, les puces et les scorpions, et faites attention aux champignons empoisonnés qui pourraient faire descendre le Centipede en spirale à votre niveau. Détruisez le Centipède pour avancer à la prochaine vague...
Chachamaru Boukenki 3 - Abyss no Tou (Japan)	Chachamaru Boukenki 3: Abyss no Tou est un jeu de rôle, édité par Human Entertainment, sorti au Japon en 1991.
Chachamaru Panic (Japan)	Chachamaru Panic est un jeu d'action assez particulier vous invitant à pousser des objets en dehors d'une patinoire avec votre personnage. Misant sur l'aspect &quot;glisse&quot;, certains niveaux sont parsemés d'ennemis qui, en percutant votre avatar, le fond sortir de la zone de jeu.
Chalvo 55 - Super Puzzle Action (Japan)	Chalvo 55 Super Puzzle Action est un puzzle-game sorti uniquement au Japon sur Game Boy. A bord d'un vaisseau spatial, vous incarnez un personnage en armure qui a le pouvoir de se transformer en balle rebondissante. Cette capacité est indispensable pour traverser les niveaux tout en verticalité et occire les rares mais dangereux ennemis. Il faut dénicher toutes les gemmes pour passer au stage suivant tout en évitant de se faire transpercer par les piques ou de tomber dans des pièges. Que ce soit en forme humanoïde comme en forme de balle, le héros est très fragile mais dispose de plusieurs vies.
Championship Pool (USA)	Voici une partie de 8-Ball classique à disputer contre vos amis – sans fioritures – avec des riffs de rock “n” roll qui vous mettront de l'ambiance. Vous pourrez profiter à tout moment de toutes les sensations fortes de l'un des jeux les plus populaires au monde, sans jamais avoir à attendre qu'une table se libère ! Championship Pool vous offre toute l'excitation du billard pur, avec des fonctionnalités uniques que vous ne trouverez peut-être dans aucun autre jeu de billard électronique. Et ce jeu de billard sur NES est officiellement approuvé par le Billiard Congress of America. Affrontez l'ordinateur ou défiez jusqu'à 7 adversaires humains grâce à l'option Party Pool. Choisissez entre les écrans avec zoom avant et zoom arrière, et sélectionnez la musique qui vous mettra dans l'ambiance ! Vous vous croyez incorrigible ? Essayez le mode Tournoi où seuls les meilleurs joueurs se qualifient pour le championnat du monde. Jouez au 8-ball, au 9-ball, au straight pool ou à plus de 15 jeux différents ! Craye-les et aligne-les... C'est à vous de jouer !
Chase H.Q. (USA, Europe)	Chase H.Q trouve indéniablement son inspiration dans Out Run, mais avec un concept différent : un jeu de gendarme et de voleur à la sauce course poursuite. Vous incarnez un membre du département des enquêtes spéciales de &quot;Chase Headquarters&quot; et êtes chargé de traquer des fugitifs en fuite avant de les mettre hors d'état de nuire. Vous avez à votre disposition une voiture (vue de derrière) et il y a un compte à rebours avant la fin duquel vous devez atteindre le fugitif. Cette tâche est souvent rendue plus difficile par la circulation sur la route et les choix d'emprunter deux routes, l'une d'elles est plus lente et le risque est de tomber derrière la voiture ennemie. Une fois la voiture ennemie rattrapée, le joueur bénéficie de temps de bonus supplémentaire bonus pendant lesquelles il doit entrer en collision avec la voiture un certain nombre de fois.
Chessmaster, The (USA, Europe)	Chessmaster est un simulateur d'échecs sur Gameboy vous permettant de vous adonner aux joies de la discipline sur votre console. Affrontez plus de 150 adversaires différents adaptés à tous les niveaux et à tous les styles de jeu. Bénéficiez de l'aide et des conseils des plus grands noms du domaine et profitez d'un mode Championnat pour devenir le maître virtuel des échecs.
Chibi Maruko-chan - Maruko Deluxe Theater (Japan) (SGB Enhanced)	A l'origine, Chibi Maruko-Chan est un manga de Momoko Sakura, racontant la vie assez singulière d'une écolière japonaise. Maruko Deluxe Theater est un jeu d'aventure dans lequel le joueur est amené à dialoguer avec les personnages de la série. Techniquement assez joli, le titre reprend de belle manière le chara disign de l'œuvre originale.
Chibi Maruko-chan - Okozukai Daisakusen! (Japan)	Premier épisode Game Boy des adaptations vidéoludiques de Chibi Maruko-Chan, ce portage se présente sous la forme d'un RPG dans lequel le joueur, sous les traits de la jeune Maruko-Chan, part à la rencontre des personnage les plus populaires de la série. Un jeu intéressant, surtout pour les fan du manga de Momoko Sakura, le coté aventure se révélant assez anecdotique.
Chibi Maruko-chan 2 - Deluxe Maruko World (Japan)	Deuxiéme épisode des avaentures de Chibi Maruko-Chan, l'alter ego en deux dimentions de sa créatrice, Momomko Sakura. Cette fois-ci, c'est un scénario inédit que les équipes de Takara proposent aux fans de la série. Entièrement en japonais, ce jeu d'aventure n'est pas destiné à tout le monde du fait de sa relative inaccessibilité.
Chibi Maruko-chan 3 - Mezase! Game Taishou no Maki (Japan)	Les adaptations de Chibi Maruko-Chan sur Game Boy se suivent et se ressemblent. Cette fois-ci, les joeurs ont encore droit à un jeu tourné vers le genre aventure, heureusement agrémenté de quelques mini-jeux qui viennent briser le monotomie des innombrables dialogues. Visuellement on retrouve le délire graphique du manga. A réserver aux fans.
Chibi Maruko-chan 4 - Kore ga Nihon Da yo! Ouji-sama (Japan)	Quatrième opus du manga de Momoko Sakura sur la console portable de Nintendo, cet épisode est, une fois encore, un jeu d'aventure assez bien réalisé, pour peu qu'on apprécie les qualités visuelles de l'oeuvre originale. Un titre toujours parsemé de mini-jeux assez compliqués, et assez bavard, qui propose un scénario inédit part rapport à l'oeuvre originale.
Chiki Chiki Machine Mou Race (Japan)	Chiki Chiki Machine Mou Race est un jeu de course sur Game Boy adapté des Fous du Volant d'Hanna et Barbera. Le soft a la particularité d'être totalement injouable à cause d'une lenteur jamais vue dans le jeu vidéo étant donné que les véhicules avancent à la vitesse d'une image par seconde à peu de choses près ! Nous sommes censés jeter des armes au visage des adversaires pour les ralentir comme dans un Mario Kart mais le déclenchement des animations paraissent aléatoires. Que du bonheur.
Chiki Chiki Tengoku (Japan)	Chiki Chiki Tengoku sur Game Boy est un Tetris-like. Il faut aligner les symboles tombant d'en haut par trois pour les faire disparaitre, empocher des points et créer des étoiles à la place. C'est ensuite la destruction de ces étoiles qui font apparaitre les fées. Ces dernières clôturent le stage en cours si elles peuvent toutes s'envoler et qu'il ne reste plus rien à l'écran. Stratégie et organisation sont donc de rigueur pour placer correctement tous les éléments.
Chikyuu Kaihou Gun ZAS (World) (ModRetro Chromatic)	Il faut le reconnaitre que le shoot'em up, genre chéri par d'innombrables retrogamers, n'est pas marqué par une profusions d'idées nouvelles sur notre chère portable. En règle générale, les softs de ce genre s'inspirent des recettes immémoriales inaugurées par quelques ancêtres impérissables, style Gradius ou R-Type. Quoi qu'il en soit, il existe deux méthodes pour réaliser un bon shoot: renouveller complétement le principe du jeu, ce qui n'est pas évident depuis que les plus grands ont fixé les normes, ou situer l'action dans un cadre radicalement différent des perpétuelles guerres futuristes. Si Solar Striker a réussi avec succès en utilisant un système archi classique, Zas, moins timide remet le couvercle avec plus d'ambition.
Choplifter II - Rescue & Survive (USA)	Débarrassez-vous d'une dangereuse mission de sauvetage dans un monde au bord de la guerre globale. Les otages doivent être sauvés d'un ennemi sournois et sinistre afin d'éviter le chaos total. Seule votre compétence peut nous sauver maintenant. Vous commandez l'hélicoptère d'attaque AH 90 Commanche, la machine de combat ultime. Votre arsenal comprend: les mitrailleuses, lance-flammes, les missiles et l'invisibilité. La technologie supérieure doit être utilisée judicieusement contre l'ennemi omniprésent. Les antagonistes attaquent avec tout ce qu'ils ont: balles, missiles, chars, tourelles souterraines et mines terrestres. Des héroïques héroïques sont nécessaires pour sauver les otages et vous-même. ChopLifter II comporte cinq étapes, chacune avec son propre terrain menaçant. Le jeu peut être joué par un ou deux joueurs.
Choplifter III (Europe)	Troisième du nom dans la série, Choplifter III sur Gameboy vous confie la lourde tâche de piloter votre hélicoptère à travers le feu ennemi, pour secourir un nombre déterminé de camarades en mauvaise posture sur le champ de bataille. Bien évidemment, il s'agit de ramener l'hélicoptère rempli de vos précieux passagers jusqu'à la base en un seul morceau.
Chou Mashin Eiyuu Den Wataru - Mazekko Monster (Japan) (SGB Enhanced)	Le but de Chou Majin Eiyuuden est de faire éclore une créature à partir d'un œuf et de l'élever. Plus de créatures peuvent également être obtenues. Chou Majin Eiyuuden: Wataru Mazekko Monster est basé sur une série animée appelée Chou Majin Eiyuuden Wataru.
Chou Mashin Eiyuu Den Wataru - Mazekko Monster 2 (Japan) (SGB Enhanced)	Suite du premier épisode, ce deuxième volet met une fois encore le jeune héros de la série, Wataru, sous le feu de projecteurs.
Chousoku Spinner (Japan) (SGB Enhanced)	Dans Chousoku Spinner, le but du jeu est d'avoir des &quot;batailles de yo-yo&quot;, d'acheter de nouveaux yo-yos et de mettre à jour les yo-yos actuels. Chousoku Spinner contient des éléments de type RPG tels que voyager à divers endroits, parler à d'autres personnages, gagner de l'argent pour acheter de nouveaux objets et une histoire. La façon dont les différends sont réglés dans Chousoku Spinner est d'avoir une bataille de yo-yo.
Chuck Rock (USA, Europe)	Chuck Rock sur Gameboy est un jeu de plates-formes. Le joueur dirige un homme préhistorique prénommé Chuck, à la recherche de sa femme faite prisonnière par Garry Gritter. Pour se défendre, le héros peut donner des coups de ventre ou jeter des pierres sur ses ennemis. Il peut également leur monter dessus pour atteindre des zones inaccessibles.
Cliffhanger (USA, Europe)	Cliffhanger est un jeu de plates-formes et d'action sorti en 1993, dans lequel le joueur doit combattre des ennemis et escalader des falaises. Le jeu est basé sur le film du même nom avec Sylvester Stallone, sorti en 1992.
Collection Pocket (Japan) (SGB Enhanced)	Cette cartouche regroupe dix mini jeux dont poker, black jack, course de voitures et chevaux. Mais on retrouve surtout deux shoots dans la compile. Le tout en jap ne m'a pas permis de décoder les noms des titres. Mis à part ca le nom flatteur de l'éditeur Naxat Soft m'a poussé à essayer ces softs horizontaux. Le premier avec ambiance « kawai » surprend agréablement. Avec ces environnements et son bestiaire variés on s'amuse assez vite. Le jeu à la difficulté bien roots (indispensable de maitriser l'esquive) bénéficie d'une réalisation graphique correcte mais profite surtout d'un très bon level design. Niveau en forme de labyrinthe, ennemis qui se décrochent du plafond quand on s'approche, possibilité de contourner les obstacles, etc.
College Slam (USA)	Le jeu reprend la licence officielle des équipes universitaires américaines de basket. Bien que les stades et même les chants des supporters soient réels, les matches sont à tendance arcade. En effet, plutôt que de prendre les vraies règles du basket, les parties se disputent en deux contre deux, avec du jeu spectaculaire et des dunks d'extraterrestres.
Contra - The Alien Wars (USA) (SGB Enhanced)	Contra : The Alien Wars est un jeu d'action sur Gameboy dans lequel vous incarnez Jimbo et Sully membres du plus grand commando de la terre qui va devoir affronter l'hideux et particulièrement malfaisant Red Falcon qui, assoiffé de vengeance est bien décidé à se venger de la terre qui l'a laissé pour mort il y a bien longtemps.
Cool Ball (USA)	Cool Ball est un jeu d'action dans lequel le joueur prend le contrôle d'une balle rebondissante. Le but de chaque niveau d'un écran (les thèmes d'arrière-plan progressent du big bang jusqu'au futur) est simple: rebondir entre les plateformes, collecter autant de points que possible.
Cool Hand (Europe)	Une collection de plusieurs jeux de cartes : solitaire, cribbage, et Blackjack.
Cool Spot (USA)	Fonce, tire et franchis les obstacles dans cette aventure hilarante et effrénée sans perdre ton sang-froid… ni tes lunettes de soleil ! Dans la peau de COOL SPOT, tu ne reculeras devant rien pour sauver tes potes SPOT lorsqu'ils se feront enlever par des forces pas cool ! Tire sur la vague, déchaîne-toi sur un train fou et fonce à toute allure dans des montagnes russes à couper le souffle pour mettre tes ennemis K.O. ! 11 niveaux hilarants et 6 rounds bonus où tu devras éclater des bulles ! Des obstacles qui te sautent au visage, des manœuvres délicates et une portée de tir Cool Shot à 360 degrés ! Des graphismes tellement chauds que tu auras besoin de tes propres lunettes de soleil !
Cool World (USA, Europe)	Cool World est un jeu vidéo d'action plate-forme, en sorti en 1993 sur GameBoy et basé sur le film d'animation du même nom.
Cosmo Tank (USA)	Cosmo Tank est un shoot 'em up multidirectionnel proposant des phases en vue de dessus et d'autres en vue à la première personne. Les planètes sont peu à peu envahies par d'étranges créatures insectoïdes. Une équipe de chercheurs intergalactique met au point le Tiger Alpha-1, un char d'assaut exceptionnel destiné à repousser la menace alien...
Crayon Shin-chan - Ora no Gokigen Collection (Japan) (SGB Enhanced)	Crayon Shin-Chan est à l'origine un manga de Yoshito Usui narrant les aventures de Shinosuke Nohara, un jeune garçon de cinq ans à qui il arrive des choses exeptionnelles. Cetteadaptation Game Boy est en fait une compilation de mini-jeux. Le jeune héros doit ainsi défier tous les personnages du manga dans divers diciplines, entre tirs au but et 1, 2, 3 soleil.
Crayon Shin-chan - Ora to Shiro wa Otomodachi Da yo (Japan)	On retrouve cette fois-ci le jeune Shinosuke dans un jeu de plates-forme assez classique. Le hérosa la possibilité d'utiliser divers items, ou bien de sauter sur les autres personnages pour s'en débarrasser. Techniquement assez mignon, le jeu reste assez difficile pour sa cible. Un grand nombre de mini-jeux viennent casser la monotonie d'un level disign trés peu inspiré.
Crayon Shin-chan 2 - Ora to Wanpaku Gokko Dazo (Japan)	Suite des aventures de Crayon Shin-Chan dans le genre plates-formes, la réalisation de cet opus se révèle toujours de bonne facture, le programme reprenant les mêmes graphismes que son prédécesseur, et proposant le même type de gameplay. Un titre dans lequel il faut donc éviter la confrontation avec les ennemis, trouver des items pour se protéger et venir à bout des mini-jeux qui parsèment chaque niveau.
Crayon Shin-chan 3 - Ora no Gokigen Athletic (Japan)	Troisiéme épisode des aventures de Shinosuke a sortir sur la Game Boy, la recette n'est cette fois-ci plus la même puisque le jeune garçon doit cette fois errer dans son quartier, et relever les défis imposés par les autres personnages du manga. Les mini-jeux, en nombre assez important, sont très bien réalisés et assez amusants. Une bonne surprise, surtout pour ceux qui aiment la série, et sont sensible à son humour.
Crayon Shin-chan 4 - Ora no Itazura Daihenshin (Japan) (SGB Enhanced)	La série suit les aventures d'un petit garçon de cinq ans du nom de Shinnosuke Nohara (surnommé Shin-chan) et de sa famille, ses voisins, ses amis et son entourage à Kasukabe, préfecture de Saitama, au Japon. La famille de Shinnosuke est au départ composée de quatre membres, Shinnosuke compris, Misae Nohara (la mère), Hiroshi Nohara (le père) et Shiro (le chien). Les membres de la famille atteignent le nombre de cinq à l'arrivée de la dernière, la petite sœur de Shinnosuke, Himawari Nohara. Également du côté familial, son grand-père Yoshiji, acariâtre et souvent autoritaire est l'opposé de son autre grand-père, Ginnosuké, surnommé « Ginny », qui est blagueur et également pervers. Shinnosuke traine la plupart du temps avec quatre de ses copains : Nene, Kazama, Masao et Bo. Il va à l'école maternelle où il fréquente notamment des institutrices telles que mademoiselle Yoshinaga et mademoiselle Matsuzaka ainsi que le principal de l'école, monsieur Takakura, que lui et ses copains surnomment « Le parrain » à cause de sa tenue vestimentaire et de son apparence de mafieux. Shin-chan est secrètement amoureux de son ancienne institutrice, Nanako Ōhara, et également fan de deux super-héros qu'il apprécie plus particulièrement, l'Action Kamen et Cuntom Robo.
Crystal Quest (USA)	Crystal Quest sur Gameboy est un jeu d'action dans lequel vous devrez collecter les cristaux à l'écran tout en évitant le plus possible les kyrielles d'ennemis qui émergent de portails sur le bord du tableau. Le but reste de récupérer suffisamment de cristaux pour ouvrir le portail du bas de l'écran et ainsi passer au niveau suivant.
Cult Jump (Japan)	Cult Jump est un titre assez particulier, mélange de jeu d'aventure et de quiz. Le joueur retrouve ici tous les personnages publiés à l'époque dans les pages du célèbre magazine Shonen Jump, ces derniers le questionnant sur sa culture manga (les questions portant plus particulièrement, bien sûr, sur les licences qu'ils représentent). Une production à l'intérêt proche du zéro absolu pour les personnes ne lisant pas le japonais. Un titre extrémemment fan service.
Cult Master - Ultraman ni Miserarete (Japan)	Cult Master - Ultraman Ni Miserarete est un jeu de quiz ayant pour thème l'univers du guerrier d'argent protecteur Ultraman. Le joueur doit ici répondre à une multitude de questions concernant la licence, mais aussi, plus largement, à des questions de culture générale. Notez qu'il est possible de choisir son degré de difficulté, les questions le plus ardues demandant par exemple à quel épisodes apparaît tel ou tel ennemi...
CutThroat Island (USA, Europe)	Dans ce jeu, vous incarnez une pirate nommée Morgan, à qui son père a confié un morceau de carte avant de mourir. Vous partez à la recherche d'autres morceaux de la carte afin de découvrir le trésor caché enfoui sur l'île de Cutthroat. Le gameplay consiste à faire défiler l'écran et à affronter au corps à corps des pirates et autres scélérats à l'épée, en utilisant diverses attaques. Au fur et à mesure de votre progression, vous débloquez de nouveaux combos. Ce jeu est inspiré du film du même nom.
Cyraid (USA)	An 3090, la Terre est une fédération unie et pacifique ... Jusqu'à ce qu'un scientifique fou connu sous le nom de ROGUE essaie de conquérir la Terre avec une armée de robots dangereux, depuis sa forteresse CYRAID, au-dessus de la capitale Trillilium. La Fédération a appelé ses meilleurs agents de la paix, WARRIOR et FIGHTER, pour détruire CYRAID. Les espions de ROGUE l'ont informé que WARRIOR et FIGHTER sont des frères. Pour les empêcher de détruire CYRAID, ROGUE kidnappera NATASIA, leur mère adorée. S'il peut les détourner de leur mission, il aura peut-être assez de temps pour conquérir la Fédération et gouverner la Terre!
Daedalian Opus (USA)	Daedalian Opus est un jeu de réflexion sur Gameboy. Alors que votre personnage tente de traverser 42 îles, vous devez résoudre des puzzles en imbriquant 12 blocs aux formes variées, afin de ne plus former qu'un seul et unique bloc pour ensuite repartir vers l'île suivante. A l'issue de votre périple, vous aurez accès au dernier puzzle comportant 13 blocs cette fois !
Daffy Duck (USA, Europe) (SGB Enhanced)	Daffy Duck est un jeu de plates-formes inspiré de Looney Tunes sur Gameboy. Daffy, jouant le rôle du super-héros Duck Dodgers, tente de déjouer les plans du martien Marvin qui veut détruire la Terre. Le seul moyen pour le canard d'y arriver est de parcourir l'univers afin de détruire les cinq machines de Marvin.
Dai-2-ji Super Robot Taisen G (Japan) (SGB Enhanced)	Dai 2 Ji Super Robot Wars G est un jeu de rôle tactique sur Gameboy. Des scientifiques ont découvert des technologies extraterrestres au coeur d'une météorite qui vient de s'écraser. Ils en déduisent que les aliens vont attaquer d'un moment à l'autre et vous devez protéger la Terre ! Vous contrôlez une armée de robots géants à positionner correctement sur tous les fronts, sur terre, sur mer ou dans les airs, afin de repousser les attaques toujours plus importantes des envahisseurs !
Daikaijuu Monogatari - The Miracle of the Zone (Japan) (SGB Enhanced)	Les joueurs les plus avertis connaissent sans doute les deux épisodes Super Famicom de cette série. Cette version Game Boy remplace les combats au tour par tour par des affrontements à base de cartes, manifestement inspirés de Magic et de Yu Gi Oh ! La cartouche a la particularité d'être équipée du système GB Kiss, pour les échanges de données.
Daiku no Gen-san - Robot Teikoku no Yabou (Japan)	Ce deuxième épisode exclusif Game Boy, uniquement commercialisé au Japon, propulse le charpentier le plus populaire du jeu vidéo dans l'espace! Là; notre fier-à-bras doit combattre une armée de robots pas toujours aimables. Le gameplay se révèle en tout point similaire à l'episode précédent, mais la réalisation a été revue à la hausse. Un titre un poil plus difficile que son prédécesseyr, qui profite de mélodies splendides.
Daisenryaku (Japan)	Daisenryaku est un jeu de stratégie sur GameBoy. Vous devez placer vos éléments du décor pour prévenir une attaque ennemie. La bataille se déroule ensuite en tour par tour.
Darkman (USA, Europe)	Darkman sur Gameboy est un jeu d'action/plates-formes tiré du film du même nom. Vous incarnez un super-héros nommé Darkman et pouvez sauter, donner des coups de poings et de pieds, ainsi que vous balancer à des cordes. Dans chaque niveau, notre ami doit battre le boss de fin pour accéder au niveau suivant.
Darkwing Duck (USA)	Vous incarnez un canard masqué Darkwing Duck qui doit sauver sa ville St Canard du crime. Pour arriver à vos fins, il vous faudra affronter sept méchants différents.
David Crane's The Rescue of Princess Blobette (World) (Limited Run Games)	A Boy and his Blob : Rescue of Princess Blobette est un jeu de plates-formes sur Gameboy. Vous incarnez un garçon, &quot;Boy&quot;, qui est accompagné par son talentueux assistant Blob. Votre but est de secourir la Princesse Blobette qui est retenue prisonnière dans un grand château. Votre assistant Blob est une créature très utile qui peut se transformer en divers objets.
Days of Thunder (USA, Europe)	Days of Thunder est un jeu de courses sur Gameboy inspiré du film du même nom (Jours de Tonnerre) avec Tom Cruise. Il s'agit donc d'un jeu de Nascar. Vous incarnez Cole Trickle et vous concourez contre vos adversaires sur 8 pistes différentes. Vous serez obligé de réaliser des stops aux stands pour le ravitaillement, mais ne perdez pas trop de temps face à vos adversaires.
Dead Heat Scramble (USA)	Dead Heat Scramble est un jeu de courses sur Gameboy. Avant de vous engager dans la course, sélectionnez parmi les trois véhicules proposés. Le jeu se déroule en différents niveaux, chaque course représentant un niveau. La piste est une sorte de tube comportant des obstacles mouvants. Maîtrisez le pilotage pour arriver en un seul morceau à la fin du circuit !
Dennis the Menace (USA)	Dennis The Menace, plus connu en France comme &quot;Denis La Malice&quot; est un jeu vidéo basé sur le film sorti en 1993 du même nom. On y incarne Denis Mitchell, un garçon de 5 ans très malicieux au cours d'une aventure dans laquelle il devra retrouver la collection de pièce de M. Wilson son voisin, et sauver ses amis Joey et Margaret des griffes d'un cambrioleur à travers 4 niveaux, le tout dans un laps de temps limité.
Desert Strike - Return to the Gulf (USA) (SGB Enhanced)	Desert Strike : Return to the Gulf sur Gameboy est le premier jeu de la série Strike. L'histoire prend place un an après la guerre du Golfe alors qu'un général tyrannique menace le Moyen-Orient et les Etats-Unis. Le président vous charge d'abattre le général Kilbaba et ses terroristes, avant qu'ils n'engagent un conflit nucléaire mondial. Vous pilotez un hélicoptère Apache et vos objectifs sont divers : porter secours, détruire des objectifs, détourner des missiles...
Dexterity (USA, Europe)	Dexterity, aussi connu sous le nom de &quot;Funny Field&quot; au Japon, est un jeu de réflexion de SNK sorti en 1990 pour Game Boy. Il s'agit d'un jeu constitué d'une suite de salle avec'un sol carré recouvert de sept rangées et de huit colonnes de carreaux (56 carreaux au total). Le but du jeu est de retourner tous les carreaux clairs en carreaux sombres en sautant de l'un a l'autre. Plusieurs ennemis et bonus croiseront votre route au fur et à mesure de votre progression durant les 30 niveaux que ce jeu a à vous offrir.
Diablo (USA) (Proto)	Diablo sur Gameboy est un hack'n slash malheureusement annulé dans lequel vous incarnez un personnage , votre but est d'explorer les souterrains d'un château en exterminant les monstres qui s'y trouvent afin d'accumuler de l'expérience et des objets pour devenir de plus en plus fort.
Dick Tracy (USA)	Dick Tracy sur Gameboy est un jeu d'action basé sur le film éponyme. Le joueur incarne Dick Tracy, un détective qui voit sa vie basculer le jour où son beau-père est assassiné par un gangster nommé Big Boy Caprice. Entre plates-formes et beat'em up, Dick Tracy plonge le joueur dans un univers sombre où chaque rencontre se termine en une véritable effusion de sang.
Dig Dug (USA)	Dig Dug est un classique de l'âge d'or des jeux d'arcade dévelooppé par Namco et sorti initialement sur borne d'arcade 10 ans avant son adaptation sur GameBoy en 1982. Le joueur y incarne le héros &quot;Dig Dug&quot; doté de la capacité de creuser des tunnels. Armé d'une pompe, l'objectif de Dig Dug est d'éliminer des monstres résidant dans le sous-sol, en les faisant gonfler jusqu'à ce qu'ils explosent. Il peut aussi leur faire tomber des rochers dessus pour les écraser. Plus vous ferez progresser Dig Dug dans son aventure et plus les ennemis seront rapides et nombreux.
Dino Breeder (Japan) (SGB Enhanced)	Dans Dino Breeder, le jeu commence lorsque le joueur peut choisir l'un des six œufs de dinosaures différents. Le joueur peut alors conserver les éclosions de dinosaures. Une fois que les joueurs ont choisi un dinosaure, il peut être nourri, entraîné ou se lancer dans une bataille. Il y a une histoire qui peut évoluer en répondant à certains critères. Les dinosaures ont un nombre défini de points de vie et s'ils sont ramenés à zéro, ils mourront, laissant aux joueurs la possibilité de recommencer tout le jeu ou de recommencer au dernier point de contrôle avec le dinosaure actuel.
Dirty Racing (Japan)	Dirty Racing est un jeu de course développé par Gremlin Interactive et publié par Jaleco Entertainment, sorti au Japon en 1993.
Dodge Boy (Japan)	Dodge Boy est une révolution dans le dodgeball. Il vous permettra de combattre comme vous le souhaitez avec une variété de paramètres de jeu et de placements de joueurs.
Donkey Kong (Japan, USA) (En) (SGB Enhanced)	Donkey Kong est le portage du sympathique jeu d'arcade des années 1980 : on est Mario , et on doit sauter en évitant les tonneaux et autres objets que lance Donkey Kong et grimper sur les échelles jusqu'à atteindre la princesse sur une plate-forme à côté de Donkey Kong
Donkey Kong Land (USA, Europe) (SGB Enhanced)	Donkey Kong s'allie à Diddy pour des aventures originales et des bouffonneries simiesques. Revoilà notre intrépide duo face à des cochons volants, des Zingers mortels et des Kremlings plus reptiliens que jamais! Confrontée à des dangers incroyables, la paire vociférante va se retrouver sur un mystérieux bateau pirate, traverser des périls enneigés, aborder un temple aquatique et faire le singe dans les cieux! Prenez une liane et partagez les frissons du Pays des Kong!
Donkey Kong Land 2 (USA, Europe) (SGB Enhanced)	Livrez bataille contre le terrible Kapitaine K. Rool et son armée de Kremlings! K. Rool a enlevé Donkey Kong et demande comme rançon toute votre réserve de bananes. Diddy et Dixie Kong se doivent donc de libérer leur meilleur ami. Heureusement les vaillants petits macaques seront aidés par des animaux tels que Rambi le rhino, Squitter l'araignée, Squawks le perroquet, Rattly le serpent à sonnettes ou encore Enguarde l'espadon. Chaque niveau est rempli de pièges, d'objets cachés et d'affreux Kremlings!
Donkey Kong Land III (USA, Europe) (SGB Enhanced)	De vaillants aventuriers ont débarqués sur le continent Donkey Kong et sont à la recherche du mythique Monde Perdu. Incarnez Dixie et Diddy Kong et découvrez 36 niveaux débordants d'action et d'aventure. Aidez-vous de vos animaux familiers: Squitter l'araignée, Squawks le perroquet, Ellie l'éléphant et Enguarde l'espadon pour découvrir le Monde Perdu avant les autres!
Doraemon - Taiketsu HimitsuDougu!! (Japan)	Les premières aventures du chat robot venu du futur se présentent sous la forme d'un jeu d'action rempli de défis à relever. La plupart du temps, il s'agira de simili-shoot'em up dans lesquels le joueur a l'obligation d'atteindre un certain nombre de points pour progresser. Si la réalisation se révèle assez quelconque, on apprécie tout de même de retrouver l'univers du manga d'Hiroshi Fujimoto.
Doraemon 2 - Animal Planet Densetsu (Japan)	Doraemon 2 : Animal Wakusei Densetsu est un jeu d'action, développé par Agenda et publié par Epoch, qui est sorti au Japon en 1992.
Doraemon Kart (Japan) (SGB Enhanced)	Doraemon Kart est jun jeu de Kart. Une bonne surprise, compte tenu que c'est un jeu GameBoy. Un jeu de Kart ce déroulant dans un univers de Doraemon bien connu de nos amis japonais ce jouant entre autre avec une de leur mascotte préfèrée.
Doraemon no Game Boy de Asobouyo Deluxe 10 (Japan) (SGB Enhanced)	Dans cette compilation de plusieurs mini jeux, vous devez défier les personnages de l'univers de Doraemon à travers des disciplines aussi exotiques que du skate board, un mahjong aux couleurs du chat robot, un ersatz de bingo et d'autres épreuves aux règles pas toujours compréhensible.
Doraemon no Study Boy 1 - Shou 1 Kokugo Kanji (Japan)	Après avoir amusé les enfants, Doraemon, le chat robot, se lance dans l'enseignement à grande échelle. Dans ce premier chapitre, les jeunes joueurs pourront travailler leur lecture des kanjis, les idéogrammes japonais, avec tout un tas d'exercices de reconnaissance sur plusieurs niveaux. Un titre à reserver aux japanophiles qui n'ont pas peur de travailler sur un écran monochrome.
Doraemon no Study Boy 2 - Shou 1 Sansuu Keisan (Japan)	Dans la continuité de la collection Study Boy, cette version Sansuu Kei-san propose aux jeune joueurs de travailler leur arithmétique de façon ludique. Pas sûr que la Game Boy soit vraiment le support adéquat pour ce genre d'exercices... Le soft s'en tire toutefois plutôt bien, avec même un mini jeu sous forme de shoot'enm up pour récompenser les plus courageux.
Doraemon no Study Boy 3 - Ku Ku Master (Japan)	Pour compléter la cartouche dédiée à l'arithmétique et à ses problèmes énoncés d'une manière parfois assez impropable, Ku Ku Master est la cartouche idéale pour les jeunes joueurs désireux de travailler ce point essentiel des mathématiques. On y trouve des tests, des exercices chronométrés... Bref, tout pour devenir un crack.
Doraemon no Study Boy 4 - Shou ni Kokugo Kanji (Japan)	Comme son nom l'indique, il s'agit ici du second chapitre consacré à l'étude des kanjis. Pas de grosses innovations par rapport au premier opus, si ce n'est que de nouveaux mini jeux font leur apparition. A signaler, la présence d'un mode spécial dédié à l'écriture, dans lequel le programme montre au joueur comment calligraphier les kanjis. Un titre a réserver aux connaisseurs.
Doraemon no Study Boy 5 - Shou 2 Sansuu Keisan (Japan)	A l'instar du second chapitre dédié aux kanjis, voici un nouveau vole centré sur l'arithmétique. Au menu, de quoi faire travailler les méninges des petites têtes brunes japonaise, avec des problèmes présentés par Doraemon, la découverte de diverses méthodes de travail, des mini jeux pour les plus persévérants, et même une calculatice. Inutile de dire que ce titre, assez particulier, ne plaira pas à tout le monde.
Doraemon no Study Boy 6 - Gakushuu Kanji Master 1006 (Japan)	Dernier épisode de la série ludo-éducative ayant pour héros Doraemon, cet opus Kanji Master propose au joueur de travailler les Gakunenbetsu kanji haitouhyou, autrement dit les plus de mille kanjis que les élèves du secondaire doivent avoir assimilé à la fin de leur sixième années d'études. Une fois encore, ce titre, bien fichu mais pas vraiment à la portée de tous, se destine à un public bien particulier.
Double Dragon (World) (Evercade)	Double Dragon sur Gameboy est un beat'em all se déroulant dans un New York chaotique, au coeur des années 90. Vous incarnez Billy et Jim Lee, deux frères enseignant les arts martiaux. L'histoire débute lorsque la petite amie de Billy est kidnappée par un gang urbain. Les deux frères décident alors d'aller directement en découdre avec la bande adverse. A noter que la version japonaise ne propose pas les même sprites que la versions occidentale
Double Dragon 3 - The Arcade Game (USA, Europe)	Double Dragon III : The Arcade Game sur Gameboy met une nouvelle fois en scène les frères Lee dans un beat'em all. Un grand ennemi les attend ce coup-ci en Egypte et la pierre de Rosette pourrait les aider à en venir à bout. Dans ce volet, un magasin permet d'acheter des vies supplémentaires et des bonus pour les aider à traverser chaque niveau.
Double Dragon II (USA, Europe)	Contrairement à ce que le titre laisse présager, l'édition Gameboy de Double Dragon II n'est pas l'adaptation du hit des salles d'arcade. Il s'agit d'un beat'em all adapté du jeu japonais Kunio-Kun. Il est toujours question de mandales et de high kick mais vous ne retrouverez pas les frères Lee dans cette cartouche.
Double Dribble - 5 on 5 (USA)	Double Dribble : 5 on 5 est un jeu de basket sur Gameboy. Jouable en solo ou à deux, le jeu vous permet de choisir votre équipe et la durée des matches ! Plutôt axé sur l'action immédiate, ce titre ne vous harcèle pas avec des personnalisations et des statistiques. Vous contrôlez un joueur à la fois, le reste de l'équipe étant contrôlé automatiquement par l'ordinateur, et devez marquer un maximum de paniers dans le temps imparti !
Double Yakuman (Japan)	L'éditeur VAP spécialisé dans les jeux de plateau, propose un épisode de sa fameuse série Yakuman, au grand bonheur des aficionados du mahjong. Si, techniquement, le titre est assez sommaire : tout se passe sur fond noir, et l'on discerne assez mal les tuiles, le jeu a le mérite d'aborder un genre assez rare sur Game Boy. Une production qui jouit d'une assez bonne réputation, et accepte jusqu'à deux joueurs.
Double Yakuman II (Japan)	Surfant sur le succès de son prédécesseur, Double Yakuman 2 est un titre similiaire proposant une nouveauté intéressante : la possibilité d'effectuer des parties contre trois joueurs, gérés par l'IA. Le jeux à deux via cable Link est toujours présent. Soulignons que, assez curieusement, les musique sont signées Kazunaka Yamane (Double Dragon)
Double Yakuman Jr. (Japan)	On arrête plus VAP et ses simulations de mahjong ! Cette fois, c'est vers les plus jeunes que l'éditeur se tourne avec une version estampillée &quot;Junior&quot; proposant des alternatives au titre original soumises à des régles simplifiées, parfaites pour les débutants. Le jeu à deux répond encore une fois présent, et la réalisation se révèle toujours aussi sommaire.
Downtown - Nekketsu Koushinkyoku - Dokodemo Daiundoukai (Japan)	Un autre jour à Nekketsu High, un autre tournoi de gangs ... mais cette fois c'est différent! Un riche directeur d'école a mis tous les gangs d'école au défi de participer à une course à obstacles spéciale composée de 4 défis différents que vous et votre équipe devez surmonter. Le premier en ligne est une course à travers les rues de la ville (et les toits), puis un parcours d'obstacles rempli de dangers dangereux, puis un défi de saut dans lequel vous devez casser une série de boules métalliques et enfin un tournoi de combat tous azimuts. Le jeu utilise le même moteur et les mêmes mécanismes de jeu de base que ceux des autres jeux Nekketsu High, le seul changement étant les objectifs que vous devez atteindre pour terminer chaque étape. Vu que les personnages sont membres d'un gang, combattre et battre vos adversaires peut être un moyen viable de gagner les défis, donc plusieurs armes et power-ups peuvent également être trouvés dans les cours.
Downtown Special - Kunio-kun no Jidaigeki Da yo Zenin Shuugou! (Japan)	Vous évoluez en pleine époque médiévale dans des graphismes plutôt réussis. Seul avec l'ordinateur ou à deux joueurs, combattez les ennemis à mains nues ou en leur lançant les éléments du décor. Mention spéciale au fait de pouvoir combattre en utilisant le corps d'un ennemi comme d'une vulgaire arme blanche. Un mode à deux joueurs est disponible et, même si vous jouez en solo, le jeu fournit de l'aide sous la forme d'un partenaire contrôlé par l'IA qui peut être changé à mesure que vous gagnez plus d'alliés dans le jeu (y compris d'anciens ennemis).
Dr. Franken (USA)	Dr. Franken est un jeu de plateformes au scrolling horizontal sur Game Boy. Vous incarnez la créature de Von Frankenbone qui recherche les morceaux de sa dulcinée Bitsy aux quatre coins de la gigantesque bâtisse. Pour ce faire, il doit éliminer ou éviter les créatures démoniaques qui hantent les lieux en leur lançant des éclairs tout en fouillant les moindres recoins. La créature de Frankenbone dispose d'un inventaire et d'une carte à objectifs pour l'aider dans sa quête
Dr. Franken 3 (USA, Europe) (Proto) (1993-06-10)	Dans ce prototype de jeu, vous contrôler Franky, mais cette fois-ci en combinaison spatiale. Au début, vous vous trouvez à l'intérieur de la fusée et devez vous déplacer en ouvrant des portes verrouillées grâce à des codes de sécurité affichés sur des panneaux d'accès. L'un de ces panneaux est cassé ; vous devez donc trouver un écran pour le réparer.
Dr. Franken II (USA, Europe) (En,Fr,De,Es,It,Nl,Sv)	Dr. Franken II est un jeu de plateformes saupoudré d'aventure sur Game Boy. Ce deuxième épisode met toujours la créature de Von Frankenbone à l'honneur. Non contente d'avoir réussi à fuir le château, voilà qu'elle se retrouve enfermée dans le manoir de son créateur défunt. Cherchez une sortie par tous les moyens en fouillant tous les recoins et en éliminant les créatures horrifiques qui hantent chaque pièce et couloir de la bâtisse.
Dr. Mario (World)	Dr. Mario sur Gameboy est un puzzle-game proche de Tetris dont le but est d'aligner des gélules de la même couleur afin de les faire disparaître. Avec le temps, les gélules descendent de plus en plus vite et votre adversaire enverra des pièges pour vous ralentir. Faites de même en enchaînant les combos et endiguez l'invasion de bactéries.
Dragon Ball Z - Gokuu Gekitouden (Japan) (SGB Enhanced)	Dragon Ball Z: Goku Gekitouden est un jeu vidéo sorti sur Game Boy, le 25 Août 1995, au Japon. Ce jeu est le deuxième RPG à être sorti sour ce format là. Il fait suite à Dragon Ball Z: Goku Hishouden. Le jeu se passe peu après la bataille de Freezer, la plupart des personnages sur Namek peuvent être combattus dans le mode histoire. Le jeu propose cinq personnages jouable ainsi que Son Gokû jouable en Super Saiyan. Le jeu propose de nouveaux mini jeux, tels qu'esquiver les projectiles de Dodoria.
Dragon Ball Z - Gokuu Hishouden (Japan) (SGB Enhanced)	Dragon Ball Z: Goku Hishouden est un RPG sorti le 25 Novembre 1994, au Japon. Il est le premier RPG à sortir sur cette console. Malgré son nom, le jeu commence avec le 23ème Tenkai Ichi Budokai via la finale avec Piccolo. Le jeu se termine avec le féroce combat qui oppose Son Gokû à Vegeta,. L'histoire est assez similaire à Dragon Ball Z Attack of the Saiyans sorti sur DS. Le jeu se déroule tour par tour et les interactions sont assez nombreuses pour vaincre son adversaire.
Dragon Slayer Gaiden - Nemuri no Oukan (Japan)	Un spin-off de la série à succès Dragon Slayer de Falcom, Dragon Slayer Gaiden vous incarne à nouveau comme le chevalier sans nom qui doit nettoyer des dizaines de donjons et sauver la terre des dragons omniprésents. Le gameplay diffère quelque peu de la version originale de Dragon Slayer dans la mesure où il existe désormais des zones extérieures, ainsi que des PNJ qui vous envoient dans des quêtes spécifiques. Le combat est toujours en temps réel, mais un nouveau bouton d'attaque rapproche le jeu d'autres rpgs d'action comme Zelda.
Dragon Slayer I (Japan) (En)	Dans Dragon Slayer, le joueur prend le contrôle d'un chevalier qui doit se frayer un chemin dans des donjons en forme de labyrinthe. Le combat est complètement orienté vers l'action : le joueur doit approcher le monstre et le frapper pour lui infliger des dégâts, tout en essayant d'éviter ses coups. Le joueur peut collecter des pierres pour augmenter la force du héros et des pièces pour augmenter sa santé. La défaite d'ennemis produit également des points d'expérience, qui déterminent les HP maximum du héros. Le chevalier est capable de lancer des sorts magiques, bien qu'ils soient principalement utilisés en dehors du combat, par exemple pour briser des murs ou se téléporter.
Dragon's Lair - The Legend (World) (Incube8 Games)	Dragon's Lair : The Legend est un jeu vidéo disponible, sur Game Boy, de genre action-aventure, développé par MotiveTime et édité par Elite Systems. La version Game Boy n'a presque rien à voir avec le jeu original, mis à part Dirk en tant que protagoniste, Mordroc en tant que méchant, et l'objectif qui reste de sauver la princesse Daphne. En fait, le jeu est un portage d'un jeu ZX Spectrum sorti 5 ans plus tôt : Roller Coaster, il en résulte donc un jeu de plate-forme où Dirk doit négocier une série de manèges forains à peine déguisés.
DragonHeart (USA, Europe)	DragonHeart est un jeu d'action sur Gameboy basé sur le film éponyme sorti en 1996. Dans un monde jadis rempli de dragons, les humains apeurés ont chassé ces derniers et il ne reste plus qu'un représentant de cette espèce fantastique. Vous incarnez Bowen, un ex-chasseur de dragons et chevalier à la retraite, et tentez de libérer le pays d'un prince tyrannique aux côtés de votre ami draconique.
Dropzone (Europe)	Dans Dropzone sur Gameboy, le joueur incarne un spationaute équipé d'un jetpack. Vous devez porter secours tout en évitant d'être vous-même victime des aliens qui usent de ruses pour vous éliminer. Votre ami n'est peut-être pas celui que vous croyez...
Druaga no Tou (Japan) (En)	Vous contrôlez un chevalier héroïque, qui est en fait le prince Gilgamesh, qui doit tenter de sauver la jeune fille du démon Druaga. Vous êtes armé d'une épée et d'un bouclier pour attaquer et défendre. Vous vous déplacez d'un étage à l'autre, qui sont construits comme des labyrinthes, à la recherche de la clé pour déverrouiller la sortie du niveau. Les objets peuvent être trouvés en tuant (tous) les ennemis.
DuckTales (USA)	DuckTales est un jeu de plates-formes sur Gameboy. Le soft vous propose de suivre les périples de La Bande à Picsou à la recherche de trésors cachés autour du globe et même sur la lune ! Trois niveaux de difficulté permet de corser la progression ponctuée par l'apparition de plusieurs personnages du dessin-animé.
DuckTales 2 (USA)	DuckTales 2 : La Bande à Picsou est un jeu de plates-formes sur Gameboy. Le soft est l'adaptation de la série d'animation éponyme de Disney. Ainsi, vous devez diriger Balthazar Picsou à travers 5 niveaux différents pour trouver des trésors légendaires aux quatre coins de la planète.
Dungeon Land (Japan)	Profitant d'un chara design signé Tamakichi Sakura (Sansara Naga, Tower Dream), Dungeon Land est un titre assez atypique. Il s'agit d'un jeu d'exploration dans lequel le joueur doit, via son avatar, trouver son chemin dans un donjon, à l'aveugle. Il faut ainsi avancer de case en case en essayant de se frayer un chemin vers la sortie, en évitant culs-de-sac et autres pièges. Au fil de la progression, on trouve divers items susceptibles de nous aider dans notre quête.
DX Bakenou Z (Japan)	Simulation propulsant le joueur dans l'univers hippique, DX Bakenou Z met l'accent sur la gestion et la stratégie. Le joueur doit ainsi tout gérer, de A à Z, de l'achat de son futur champion à son éducation, en passant par les entraînements ou encore les paris. Techniquement peu reluisant, ce titre s'adresse surtout aux amateurs du genre pratiquant le japonais, puisqu'il n'y a ici que du texte.
Earthworm Jim (USA)	Earthworm Jim sur Gameboy met en scène Jim, un ver de terre ayant hérité d'un costume aux pouvoirs extraordinaires. Dans ce classique parmi les jeux de plates-formes, le joueur dispose d'un pistolet laser comme moyen de défense. Jim a aussi une large palette de mouvements pour parvenir à franchir des niveaux variés.
Eddie's Puzzle Time (USA) (Proto)	Titre inédit de Gameboy en 1994, il était terminé à environ 99% avec la plupart des fonctionnalités. Les mots de passe n'ont pas été finalisés. Eddies Puzzle Time a été écrit en 1993/94 sous la société Hookstone (Zoop, Sentinel Returns). Une fois Alfred Chicken terminé, Peter Tattersall a fait les graphiques, David Bland a fait 90% de la conception des niveaux, mais les 3 membres de l'équipe ont créé des niveaux pour Eddie. Jason McGann a fait la programmation. Le jeu était en développement depuis environ 4 mois. L'équipe avait essayé de le présenter aux éditeurs à l'époque, mais cela était considéré comme un «risque» et jugé trop coûteux à promouvoir. Le jeu a fonctionné sur une cartouche 64k. Finalement, Sunsoft a demandé à l'équipe de faire une version d'Alfred Chicken en japonais, donc Eddie's a été mis de côté et oublié. Après la version japonaise d'Alfred Chicken, nous avons recommencé à regarder Eddie. Nous avons examiné les niveaux de génération aléatoires et les avons portés sur PC. Nous avons répété quelques approches et finalement Zoop, donc Eddie's est en fait un précurseur de Zoop.
Elevator Action (USA, Europe)	Vous êtes l'agent 17 (nom de code : &quot;Otto&quot;). Votre mission consiste à récupérer tous les documents top secrets d'un bâtiment de sécurité et à vous échapper dans la voiture de fuite, située au sous-sol du bâtiment. nnLes espions ennemis sont dispersés dans le bâtiment de 30 étages et n'ont qu'une seule mission : exécuter l'agent 17 à tout prix. L'agent 17 peut les tuer de plusieurs façons : en leur tirant dessus avec son arme, en leur donnant des coups de pied en sautant sur eux, en tirant sur une lampe au plafond alors qu'il est dans un ascenseur, en laissant tomber la lampe sur l'un d'eux et en les écrasant avec un ascenseur. nnChaque fois qu'une lumière a été jetée, les couloirs seront sombres pendant une courte période, rendant les espions ennemis plus difficiles à voir.
Elite Soccer (USA) (SGB Enhanced)	Elite Soccer permet au joueur de choisir parmi 24 équipes nationales, notamment les États-Unis, l'Angleterre, la France, le Brésil, entre autres, pour une chance de jouer dans le tournoi de la Coupe du monde et de remporter le trophée tant convoité. Les joueurs peuvent également choisir de jouer dans un tournoi de style Knockout où au lieu d'un type de tournoi comme en Coupe du monde, ils jouent à la place un jeu et passent au suivant comme un tournoi normal. Il existe également un mode à deux joueurs qui permet à des amis de s'affronter en tête-à-tête. Le gameplay principal est le même que les autres avec une vue aérienne avec une perspective à la troisième personne pour les tirs au but. Les règles et règlements sont à jour et peuvent être modifiés en fonction du style de choix des joueurs. Ils peuvent également choisir les conditions météorologiques, les compétences des gardiens ou même le choix de jouer à l'intérieur ou à l'extérieur. Les joueurs peuvent également modifier leurs joueurs, y compris leur apparence et leurs statistiques, selon leur goût.
Extra Bases (USA)	Extra Bases sur Game BOy est un jeu de baseball développé par Namco, sorti en 1991. Extra Bases dispose d'un mode solo et d'un mode deux joueurs. Dans les deux cas, vous choisirez de jouer en 5 ou 9 manches. Il y a 14 équipes différentes disponibles dans la &quot;Bandai League&quot; et elles sont toutes représentées par une simple lettre de l'alphabet. Extra Bases dispose également d'un système de sauvegarde par mot de passe et propose deux stades différents : Ville ou Parc.
F-1 Race (World)	F-1 Race est un jeu de courses sur Gameboy. Comme son nom l'indique, ce titre vous place au volant d'une Formule 1 pour participer à trois championnats qui correspondent à autant de niveaux de difficulté.
F-15 Strike Eagle (USA, Europe)	F-15 Strike Eagle sur Gameboy propose au joueur de piloter un chasseur F-15 dans des missions où le célèbre appareil est réellement intervenu. Vous évoluez donc au Moyen-Orient ainsi qu'en Asie, pour détruire des cibles sur terre et dans les airs.
F1 Pole Position (USA, Europe)	F1 Pole Position sur GameBoy est un jeu de Formule 1 comme son nom l'indique. Mais contrairement à ce que ce dernier pourrait laisser penser, il ne s'agit pas d'une adaptation du jeu SNES, mais d'un jeu de la série F-1 Hero qui a emprunté ce nom pour sa version européenne.
Faceball 2000 (USA)	Faceball 2000 sur Gameboy est un jeu de tir à la première personne dans lequel vous contrôlez un smiley qui doit tout bêtement en éliminer d'autres. Vous évoluez dans des environnements clos, dans une 3D réduite à sa plus simple expression. Le mode Single Player consiste à trouver la sortie tout au long des 70 niveaux. Le multijoueur est aussi possible, en connectant plusieurs Game Gear.
Family Jockey (Japan)	Transfuge de la Famicon, Family Jockey est une simulation de course hippique. Pour remporter la victoire, le joueur peut déplacer latéralement son cheval, le faire accélérer (en gérant la barre de fatigue), ou bien encore, évidemment, lui faire sauter des obstacles. L'ensemble est efficace, bien que l'on regrette les graphismes peu détaillés, et l'interaction assez limitée. Les musiques sont signées Norihiko Togashi (Mega Man Soccer, Bonkers Super Nintendo...)
Family Jockey 2 - Meiba no Kettou (Japan)	Suite directe de Family Jockey, cette cartouche reprend les bases de son aîné, et en améliore le contenu. L'accent a été mis sur le côté gestion, des paris sportifs à l'achat de son futur champion. Côté réalisation, les graphismes gagnent en finesse et en réalisme. Quant aux musiques, elles sont une fois de plus signées Norihiko Togashi. En revanche, rien à signaler en matière d'interaction, puisque les commandes restent identiques.
Famista 2 (Japan)	Deux ans après Famista, Namco remet le couvert avec un second volet. Les bases restent inchangées, si ce n'est que le contenu s'est enrichi. Pour autant, les développeurs se sont reposés sur leurs acquis, et aucune amélioration graphique n'est à noter. Le jeu à deux, très fun, continuera toutefois d'enthousiasmer les amateurs de baseball. Une bonne occasion de ressortir le cable Link.
Famista 3 (Japan)	Ce dernier volet, sans doute le plus réussi des trois, est compatible avec le Namcot Barcode Boy, un accessoire qui permet de scanner des codes-barres afin d'acquérir des sportifs dotés de performances améliorées. En dehors de cette option, la réalisation fait un petit bond en avant, avec des graphismes plus léchés. Il est également possible de choisir plusieurs stades. Les musiques sont signées Hiromi Shibano. Détail amusant : on note ici une petite apparition de Pac-Man...
Fastest Lap (USA)	Dans ce jeu, vous jouez le rôle d'un pilote de course de F1 qui veut atteindre le sommet. Vous devrez faire des tours de qualification avant de participer aux plus grandes courses de F1. Les courses se déroulent en vue de dessus, vous pourrez modifier le moteur et les pneus de votre voiture en fonction du circuit sur lequel vous vous trouvez et vous aurez le choix de représenter l'une des quatre équipes principales.
Felix the Cat (USA, Europe)	Félix le Chat sur Gameboy est un jeu de plates-formes vous permettant d'incarner le célèbre chat noir ! Le Professeur a kidnappé Kitty, la petite amie de notre héros, qu'il veut échanger contre le sac magique de Félix. Mais ce dernier ne compte pas se laisser faire et part libérer Kitty pour ne pas avoir à donner son sac magique au diabolique Professeur !
Ferrari Grand Prix Challenge (USA, Europe)	Ferrari Grand Prix Challenge est un jeu de courses sur Gameboy. Le joueur incarne un pilote de l'écurie Ferrari dont le but est de devenir champion de Formule 1. Pendant les seize étapes jusqu'à la victoire, il faudra se mesurer à vingt-cinq concurrents dirigés par l'ordinateur. Il faudra également penser à s'arrêter au stop pour faire le plein et changer les pneus.
Fidgetts, The (World) (En,Fr,De,Es,It,Nl,Sv) (Evercade)	The Fidgetts est un jeu de plates-formes à défilement latéral dans le même esprit que The Lost Vikings. Le joueur peut basculer entre deux Fidgetts pour franchir les obstacles. L'un des Fidgetts peut sauter plus haut pour atteindre des objets ou des endroits autrement inaccessibles. Les Fidgetts peuvent soulever et laisser tomber des objets pour les aider à franchir les obstacles. Dans chaque niveau, le joueur doit amener les deux Fidgetts à la sortie avant la fin du temps imparti. Il y a des pièges et des ennemis qui peuvent faire perdre des vies aux Fidgetts ou leur infliger des dégâts.
FIFA - Road to World Cup 98 (Europe) (SGB Enhanced)	Fifa est un jeu vidéo de football, cette version se situe durant les évènements de la coupe du monde de 1998.
FIFA International Soccer (USA, Europe) (En,Fr,De,Es) (SGB Enhanced)	Il s'agit du premier jeu Fifa sorti en 1993 sur GameBoy. Il n'y a qu'un mode possible : le coup d'envoi. On peut alors jouer contre un ordinateur ou contre un ami . Dans ce jeu, on ne peut que choisir des sélections nationales (sauf l'équipe bonus EA Allstars). Aucun nom réel de joueur n'est utilisé, il en est de même pour les stades (il n'y a qu'un stade jouable) et les arbitres. Il n'y a pas de commentateur dans ce jeu, il y a juste une animation sur un écran lorsque vous marquez un but.
FIFA Soccer 96 (USA, Europe) (En,Fr,De,Es) (SGB Enhanced)	FIFA Soccer 96 est un jeu de football sur Gameboy. Le jeu propose onze ligues officielles ainsi que cinquante-neuf équipes internationales. Il est possible de faire de simples matches amicaux, des tournois ou de participer à la Coupe du monde. Un éditeur d'équipes vous permet aussi de créer la sélection de vos rêves avec vos joueurs préférés.
FIFA Soccer 97 (USA, Europe) (SGB Enhanced)	FIFA Soccer 97 est un jeu vidéo de football sorti sur Game Boy en 1996, le jeu a été développé par XYZ Productions et édité par EA Sports.
Fighting Simulator 2 in 1 - Flying Warriors (USA, Europe)	Il s'agit d'un simulateur de combat proposant 7 différents sports de contact dont le kung-fu et la boxe. En plus de cela, vous y trouverez Flying Warriors, un jeu d'action en side-scolling ou vous suivrez les aventures du super-héros Rick contre son ennemi le Dark Dragon.
Final Fantasy Adventure (USA)	Mystic Quest est un spin-off de la saga Final Fantasy orienté action-RPG et développé sur Gameboy. Il est le premier de la série Seiken Densetsu et sera rebaptisé aux Etats-Unis Final Fantasy Adventure. Il raconte l'aventure d'un jeune héros, esclave de l'empire Glaive, qui va s'échapper pour tenter de retrouver la trace des chevaliers Gemme afin de protéger l'arbre mana.
Final Fantasy Legend II (USA)	Final Fantasy Legend II sur Gameboy est un jeu de rôle de la célèbre série de Squaresoft vous proposant de créer la totalité de votre équipe de quatre personnages en vous laissant choisir leurs races entre humains, monstres, mutants et robots. Partez ensuite à la course à l'expérience et aux pouvoirs !
Final Fantasy Legend III (USA)	Final Fantasy Legend III sur Gameboy est un jeu de rôle vous permettant de créer votre propre groupe de quatre personnages qui peuvent être soit humains, soit mutants. Vous devez parcourir le monde mais aussi le temps dans le but d'arrêter le diabolique Talon. Améliorez vos personnages et votre équipement en enchaînant les combats.
Final Fantasy Legend, The (USA)	The Final Fansasy Legend est un jeu de rôle sur Gameboy. Le titre vous permet de choisir entre 8 personnages différents (humain ou humaine, zombie, mutant ou mutante) et de partir à l'aventure. Au fil des combats votre personnage évolue et acquiert de nouvelles compétences. Vous pouvez choisir les membres de votre équipe au fur et à mesure que vous rencontrez des personnages.
Final Reverse (Japan) (En)	Ce shoot'em up est assez unique. Il n'est en effet pas question, ici, de traverser des niveaux en détruisant des vaisseaux ennemis, mais de se mesurer à un rival dans un lieu se résumant à une arène fermée. Au final, Final Reverse se résume à un mix entre Arkanoid et Snke dans la mesure ou les lignes de déplacement sont parfois imposées. Un titre jouable à deux, certes particulier, mais pas inintéressant.
Fire Fighter (Europe)	Dans Fire Fighter, vous jouez Eric le pompier et votre mission est de sauver les gens de certaines situations très bizarres. Armé de votre simple tuyau, ou de toute autre arme ramassée, vous entrez dans des bâtiments en flamme en surmontant tous les obstacles.
Fish Dude (USA)	Dans le jeu d'action Fish Dude sur Gameboy vous incarnez un petit poisson qui mange des poissons encore plus petits. Mais attention, la chaîne alimentaire est implacable, et d'autres poissons cherchent aussi à se nourrir et vous êtes une proie idéale. Nagez et évitez vos prédateurs et terminez chaque niveau.
Fist of the North Star (USA)	Fist of the North Star sur Gameboy est une adaptation du célèbre manga &quot;Hokuto no Ken&quot; plus connu chez nous sous le nom de &quot;Ken le survivant&quot;. Vous incarnez Kenshiro dans ce jeu d'action où vous affrontez une pléthore d'ennemis pour sauver Julia.
Flappy Special (Japan) (En)	Flappy special: Il met en scène Flappy, un personnage assez semblable à une taupe qui doit compléter chaque niveau en poussant une pierre bleue de sa place de départ à une destination signalée par une tuile bleue.
Flash, The (USA, Europe)	Disponible sur Gameboy, The Flash est un jeu d'action inspiré de la série télévisée des années 90 du même nom. Vous y incarnez le célèbre super-héros Flash, l'homme doué d'une rapidité fulgurante. A travers les 13 niveaux que comporte le soft, vous devrez vous défaire des ennemis vous barrant le passage afin d'affronter le Trickster, qui veut réduire la ville de Central City en cendres.
Fleet Commander VS. (Japan)	Exclusivement japonais, ce titre s'intéresse aux combats navals sous la forme d'un jeu de stratégie au tour par tour, dans lequel le joueur positionne ses navires (et avions) dans l'espoir de vaincre ceux de son rival. Plusieurs cartes sont disponibles, et le contenu se révèle plutôt copieux. Le cable Link autorise des parties à deux. Un titre à réserver aux joueurs zen comprenant le japonais...
Flintstones, The (USA, Europe)	Disponible sur Gameboy, le jeu de plates-formes The Flintstones est l'adaptation du film Les Pierrafeu sorti en 1994, lui-même issu de la série d'animation du même nom. Le design est donc fidèle au film et pas au dessin animé. A coups de massues ou de boules de bowling en pierre, éliminez les ennemis qui vous font obstacle dans le monde préhistorique de la famille Pierrafeu. Chaque niveau est limité dans le temps.
Flintstones, The - King Rock Treasure Island (USA, Europe)	Fred Flintstone découvre une carte au trésor et part à l'aventure pour trouver le butin. Il parcourt sept niveaux dangereux en montant sur un dinosaure ou en conduisant ça Flintmobile. Aidez Fred à traverser les endroits dangereux, à naviguer dans des eaux dangereuses et à se défendre contre de mauvais lapins, de terribles tatous et des poissons volants! Votre récompense sera le trésor caché ainsi q'une belle aventure!
Flipull (USA)	Utilisez vos réflexes et votre imagination pour résoudre ces énigmes avant la fin du chrono! Si vous êtes rapide, vous viendrez à bout des 50 niveau. Mais retournez le mauvais cube, et c'est fini...
Football International (Europe)	Soccer sur GameBoy est un jeu de Football laissant au joueur le choix parmi 24 équipes nationales pour concourrir dans le tournoi de la Coupe du Monde et gagner le trophée si convoité.
Foreman for Real (USA, Europe)	Foreman For Real est un jeu vidéo de boxe sorti en 1995 sur Game Boy. Le jeu a été développé par Software Creations et édité par Acclaim. Le gameplay est assez similaire au classique du genre &quot;Punch-out !&quot;
Fortified Zone (USA, Europe)	Masato et Mizuki font tous les deux partie d'un commando qui a pour mission de détruire une forteresse ennemie et de tuer tous les occupants. La discrétion est votre alliée car il est facile de vous faire repérer et capturer. Voilà ce qu'il vous attend dans le jeu d'action Fortified Zone sur Gameboy.
Frank Thomas Big Hurt Baseball (USA, Europe)	Frank Thomas: Big Hurt Baseball est un jeu vidéo de baseball sorti sur GameBoy en 1995.
Franky, Joe & Dirk - On the Tiles (Europe) (En,Fr,De,Es,It,Nl)	Franky, Joe & Dirk: On The Tiles est un jeu de réflexion sur GameBoy. Il reprend le principe du jeu de casse-tete &quot;Taquin&quot; dans lequel vous devez reconsituer une image divisée en plusieurs parties mélangés en faisant glisser ces meme parties grace a un espace vide.
Frogger (USA)	Frogger sur Gameboy est un jeu d'action dans lequel le but est de diriger des grenouilles pour les ramener chez elle tout en évitant les obstacles qui se dressent sur votre chemin. Traversez des rivières en allant de rondin en rondin, évitez les voitures sur les routes et autres dangers si vous ne voulez pas finir en purée.
From TV Animation Slam Dunk - Gakeppuchi no Kesshou League (Japan) (SGB Enhanced)	Il s'agit d'une adaptation en jeu d'un anime populaire basé sur le basket-ball. Le jeu se joue en sélectionnant des icônes pour passer, tirer et bloquer. Le jeu présente une animation fluide. Un jeu de simulation du type Tsubasa-kun. Le développement du jeu de basket est simplifié au maximum. Il est facile à comprendre. Même un joueur de basket amateur peut apprécier ce jeu. De plus, la façon dont il reproduit fidèlement les graphismes de la série originale est assez cool.
From TV Animation Slam Dunk 2 - Zenkoku e no Tip Off (Japan) (SGB Enhanced)	La suite du jeu d'action du manga populaire sur le basket-ball, &quot;Slam Dunk&quot;. Le jeu consiste en des déplacements sur un écran où l'on peut voir tout le terrain, et des matchs en un contre un sur l'écran. Les passes, les tirs et les rebonds peuvent être appréciés dans un style de mini-jeu. Jouer à des sports multijoueurs sur une console portable peut être assez frustrant, mais ce système innovant élimine le problème des joueurs trop collants et difficiles à jouer. Une fois que vous avez le bon timing, vous allez tirer.
Fushigi no Dungeon - Fuurai no Shiren GB - Tsukikage Mura no Kaibutsu (Japan) (SGB Enhanced)	Trés célèbre au japon, la série des Fuurai no shiren se pare d'une première itération sur Game Boy. Sorti en 1996, cet opus s'appuie sur le savoir faire de Chunsoft en la matière, à savoir un Dungeon Crawler à la japonaise. Les donjons sont générés aléatoirement et le joueur doit progresser (au tour par tour) en luttant contre des ennemis puissants. Très joli (mais aussi difficile), le jeu profite de musiques fantastiquees signées Koichi Sugiyama (Dragon Quest).
G Arms - Operation Gundam (Japan)	C'est le premier jeu d'action et de tir de la série SD Gundam. À chaque étape, il vous faudra employer la bonne stratégie afin de pouvoir passer à l'étape suivante…
Game & Watch Gallery (USA) (SGB Enhanced)	Sorti en 1997 sur Game Boy, c'est le premier opus sorti au Japon et en Amérique. C'est donc le plus connu. Il contient 4 jeux. Il est également appelé dans certains pays &quot;Game Boy Gallery 2&quot; Manhole : Mario, Toad, Donkey Kong Dr. marchent sur une plate-forme. Le joueur contrôle Yoshi, qui doit man?uvrer des leviers pour empêcher les personnages de tomber. Oil Panic : Mario doit remplir un réservoir avec de l'essence qui tombe du plafond, puis doit l'envoyer par la fenêtre à Yoshi. Octopus : Mario doit attraper le trésor en évitant les tentacules de la pieuvre. Fire : Le château de Peach est en feu, et Toad, Yoshi et Donkey Kong sont aux fenêtres et tentent de s'échapper. Mario doit, avec son échelle, les sauver.
Game Boy Camera Gold (USA) (SGB Enhanced)	Livrée avec quatre jeux ; * Ball est un jeu de jonglage, similaire aux anciens jeux Game and Watch * Space Fever II est une suite/hommage au jeu d'arcade Nintendo Space Fever de 1979 * DJ vous permet de créer votre propre musique * Run! Run! Run! est un jeu de sprint où vous devez courir jusqu'à l'arrivée pour la première place.
Game Boy Gallery - 5 Games in 1 (Europe) (SGB Enhanced)	Game&Watch Gallery comprend cinq jeux. Ball vous met dans la peau d'un jongleur qui doit se dépêtrer avec ses balles. Dans Vermin, vous incarnez un agriculteur qui doit protéger son potager de l'invasion par des taupes. Pour ce débarrasser de ces envahisseurs, notre brave paysan dispose de deux énormes marteaux. Le principe de Flagman est simple : un marin vous indique avec des drapeaux une certaine combinaison que vous devez reproduire. Dans Manhole, vous devez aider des passants à traverser un pont. Enfin, Cement Factory vous propulse dans une entreprise de ciment. Vous y incarnez un ouvrier qui doit charger des camions tout en évitant de chuter dans les ascenseurs de l'usine. Autant le dire, la réalisation et l'intérêt sont minimalistes. Seuls les véritables passionnés de Game&Watch se replongeront dans ces antiquités.
Game Boy Gallery 2 (Japan) (SGB Enhanced)	Les Game&Watch sont des jeux électroniques de poche avec écran à cristaux liquides, conçus par Nintendo dans les années 80. Il en existe à ce jour 59, classés en plusieurs types comme les Wide screen, Multi Screen, ou Silver. Les game&Watch ont constitué avec les jeux d'arcade une révélation pour Nintendo, qui passe de la production de carte aux jeux vidéos au début des années 80, pour connaître par la suite un succès grandissant. Ils ont également été à la base de la création de héros aujourd'hui mythiques dans le monde du jeu vidéo, comme Mario, Luigi ou encore Donkey Kong. Game boy Gallery 2 comprend quatre jeux. Dans Manhole, vous devez aider des personnes à traverser des ponts. Dans Fire, vous incarnez des pompiers qui doivent sauver des citoyens d'un immeuble en feu. Dans Octopus, vous êtes un scaphandrier qui doit rechercher un trésor au fond de la mer tout en évitant une pieuvre géante. Dans Oil panic, vous devez contenir des fuites d'huiles ayant lieu dans votre entreprise. Autant le dire, la réalisation et l'intérêt sont minimalistes. Seuls les véritables passionnés de Game&Watch se replongeront dans ces antiquités.
Game Boy Wars (Japan)	Le deuxième opus de la série Wars de Nintendo oppose deux camps, l'armée de l'étoile rouge contre l'armée de la lune blanche, dans des batailles au tour par tour sur 16 cartes, qui, contrairement au jeu précédent, sont organisées en grilles hexagonales. Sur chaque carte, l'objectif est de détruire toutes les forces ennemies ou de capturer la capitale ennemie. 24 types de troupes différents sont disponibles, qui peuvent recevoir divers ordres, allant de l'attaque d'unités ennemies au soutien des unités alliées en passant par le siège ou la capture de villes ou d'installations ennemies. Les batailles sont présentées sous forme de petites séquences animées.
Game Boy Wars Turbo (Japan) (SGB Enhanced)	Game Boys Wars Turbo est une version améliorée du jeu original Game Boy Wars. La principale nouveauté est l'amélioration de l'algorithme de décision du CPU durant ses tours de jeu, ceci améliorant la vitesse par rapport à l'original. La version Turbo comporte également 50 nouvelles cartes, ainsi que le support Super Game Boy. Une version alternative de Game Boy Wars Turbo a été réalisée en tant que cadeau promotionnel du magazine Famitsu incluant un ensemble de cartes réalisés par des lecteurs du magazine.
Game de Hakken!! Tamagotchi - Osutchi to Mesutchi (Japan) (SGB Enhanced)	Une version Game Boy de &quot;Tamagotchi Male and Female&quot; qui a également été publiée dans le jeu de porte-clés. La cartouche a une batterie intégrée et il est possible de sélectionner le même mode d'entraînement en temps réel que l'original.
Game of Harmony, The (USA)	Ce jeu d'action stratégique présente un gameplay original. Vous contrôlez un vaisseau spatial situé sur un globe terrestre que vous pouvez faire tourner et déplacer sur l'écran. Vous devez faire tomber des globes dans d'autres de la même couleur, pour débarrasser l'écran de tous les globes. L'écran n'ayant pas de frontières, les globes peuvent être poussés sur le côté de l'écran, ce qui augmente votre portée tactique. En faisant s'entrechoquer des globes de différentes couleurs, on obtient des capsules plus petites qui doivent être ramassées rapidement, ce qui vous donne de l'énergie, sinon elles se transformeront en globes et vous devrez vous en débarrasser également. De nombreux globes sont reliés à d'autres globes (ou au vaisseau) par une corde, et les plans de niveau comprennent des barrières comme obstacles (et points de ricochet), ce qui rend la physique newtonienne plus complexe.
Gamera - Daikaijuu Kuuchuu Kessen (Japan) (SGB Enhanced)	Gamera: Daikaijuu Kuuchuu Kessen est un jeu combat au tour par tour, dans la même veine que les jeux Pokémon . Son système de combat est similaire à celui d'un jeu RPG, mais les similitudes s'arrêtent là. La plupart des attaques reposent sur des combinaisons de boutons, mais heureusement, le jeu fournit une liste de combos pour les joueurs les plus inexpérimentés. Les ennemis de Gamera sont Gyaos, Guiron et Viras. La bataille finale du jeu oppose Gamera à un clone de lui-même.
Ganbare Goemon - Sarawareta Ebisumaru (Japan)	L'histoire est simple : Ebisumaru a été capturé par Yagyu Jubei et Goemon doit le sauver. Il ressemble à Ganbare Goemon! - Karakuri Douchuu mis à part que les niveaux sont nettement plus simples. Pendant le jeu, vous ferez des sous-quêtes pour les autres personnages. Mais le principe reste le même : survivre et frapper vos ennemis tout en continuant votre quête.
Ganso!! Yancha Maru (Japan)	Vous incarnez un jeune ninja qui, armé de son boomerang ninja, doit terminer de nombreux niveaux au scrolling horizontal en éliminant les ennemis et en récoltant un maximum de power-ups et autres objets bonus.
Gargoyle's Quest (USA, Europe)	Gargoyle's Quest est un jeu de rôle/action sur Gameboy. Vous incarnez Firebrand, une gargouille qui a des griffes qui lui permettent de s'accrocher aux murs et autres surfaces verticales. Vous devez combattre l'ennemi dans le but de libérer votre royaume.
Gauntlet II (USA, Europe)	Gauntlet II est un jeu d'action sur Gameboy. Vous choisissez votre personnage parmi quatre : un sorcier, un guerrier, un elfe et un Valkyrie. Partez ensuite à la recherche de trésors et d'objets magiques dans des couloirs infestés de créatures malfaisantes.
GB Genjin Land - Viva! Chikkun Oukoku (Japan)	C'est une entrée unique dans la série Bonk car elle se compose de plusieurs mini-jeux plutôt que d'être un jeu de plateforme à défilement latéral standard.
GB Pachi-Slot Hisshouhou! Jr. (Japan)	GB Pachi-Slot Hisshouhou! Jr. est un jeu de pachislot qui s'inspire de machines de pachislots réelles telles que Mr. Magic, Super Bunny Girl, Aladdin Gold, Super Heavy Metal A, and Super Planet. Le jeu offre deux modes : stratégie et combat. Si le premier permet de jouer librement aux machines, le second propose un mode histoire dans lequel il faut récupérer de l'argent en jouant aux diverses machines afin d'accéder à de nouvelles zones.
GBKiss Mini Games (Japan)	Sorti le 6 mars 1998 au Japon uniquement, le modem GB Kiss Link de Hudson Soft permettait aux joueurs d'accéder à du contenu téléchargeable depuis Internet et d'envoyer des messages entre amis via une série de jeux compatibles équipés de ports infrarouges intégrés, comme Nectaris GB, les versions japonaises de Robopon pour Game Boy Color, ainsi que le cartouche GB Kiss Minigames fourni avec le modem GB Kiss Link. Le modem était disponible par vente par correspondance.
Gear Works (USA, Europe)	Ce jeu de puzzle commence avec un écran comportant un certain nombre de rouages sur différentes parties de l'écran, et une grille de chevilles (qui devient moins complètes sur les niveaux plus tard). Votre tâche à chaque niveau est d'utiliser un certain nombre d'engrenages de l'une des 3 tailles différentes pour s'assurer que tous les rouages soient reliés entre eux. Tout cela dans un laps de temps limité.
Gegege no Kitarou - Youkai Souzoushu Arawaru! (Japan) (SGB Enhanced)	Gegege no Kitarou : Youkai Souzoushu Arawaru ! est un jeu de rôle sorti exclusivement au Japon en 1996. Adapté du manga Gegege no Kitarou. Vous incarnez un jeune garçon qui se révèle être un youkai, une sorte de revenant. Son objectif est de faire en sorte que les humains et les youkais s'entendent bien. L'exploration en vue de dessus constitue la majeure partie du jeu. Les autres phases de gameplay sont des combats au tour par tour durant lesquels il faut user de stratégie pour se défaire des ennemis.
Gekitou Power Modeller (Japan) (SGB Enhanced)	Vous incarnez un jeune garçon qui est amené à découvrir le monde et à se mesurer face à ses camarades avec leurs jouets. Le soft immerge alors le joueur dans ces rixes qui se déroulent comme de véritables jeux de combat en 2D. Il est donc possible d'incarner les jouets pour frapper l'adversaire en assénant des coups de pied, de poing et des attaques spéciales. Enfin, le héros peut glaner diverses informations auprès des PNJ qu'il croise ou acheter de nouveaux jouets ou des équipements pour ses derniers dans les magasins, l'exploration jouant un rôle majeur dans Power Quest - Gekitou Power Modeler.
Gem Gem (Japan)	Dans ce jeu, vous incarnez un héros qui doit se frayer un chemin dans des environnements labyrinthiques. Sur votre route, des créatures apparaissant aléatoirement tentent de vous barrer le passage. Il faut les vaincre en réussissant le jeu de pierre-feuille-ciseaux aléatoire qui fait office de phase de combat. Chacun de ces trois éléments peut être amélioré en trouvant des trésors sur les cadavres des monstres combattus.
Genjin Collection (Japan) (SGB Enhanced)	Voici la compil des trois épisodes de pc kid sortis sur gameboy réuni dans une seule et même cartouche. De quoi s'éclater pendant des dizaines d'heures avec de la plate forme 2d à l'ancienne sur votre gameboy préferée.
Genjin Cottsu (Japan) (SGB Enhanced)	Un étrange jeu de plateforme dans lequel vous incarnez Cottsu, un batteur d'hommes des cavernes. Votre mission est de trouver 6 pièces pour un ultra tambour spécial. Au cours des étapes, vous collectez des notes de musique et frappez les ennemis avec votre poing ou une batte. Un coup et vous perdez la batte ou, si vous n'avez pas de batte, vous perdez une vie. Parfois, la détection des coups peut être délicate avec les pics. Des notes de musique sont également cachées dans les crânes, mais attention, si vous frappez deux fois les mauvaises notes, vous perdrez la batte. Après 4 niveaux, vous devez jouer de la batterie... Si vous perdez toutes les notes au cours de cette opération, vous devrez recommencer le dernier niveau. Les séquences de batterie s'allongent après chaque étape.
Genki Bakuhatsu Gambaruger (Japan)	Un jeu basé sur l'anime populaire &quot;Genki Explosion Ganbaruga&quot; qui était également télédiffusé à l'époque. Le contenu du jeu est un mélange d'action à défilement latéral et de batailles de titans de style combat. Il y a 3 phases et celle finale du boss. Vous pouvez choisir parmi trois avions à utiliser : Gunbaruger, Revolger et Gekiryuger. Un combat deux joueurs par communication filaire est également possible.
George Foreman's KO Boxing (USA, Europe)	George Foreman's KO Boxing est un jeu vidéo de boxe sorti en 1992 sur Game Boy mettant en scène le champion George Foreman. Le jeu a été développé par Beam Software et édité par Acclaim Entertainment.
Gerry Anderson's Thunderbirds (Japan)	Thunderbirds est un jeu d'action sur Gameboy. Pour déjouer les plans de The Hood et pour qu'il ne puisse pas mettre la main sur les plans des engins IR, vous incarnez l'Agent X et devez faire vos preuves afin d'intégrer l'International Rescue. Vous vous embarquez alors dans une avalanche de missions plus dangereuses les unes que les autres et ainsi pilotez l'ensemble des vaisseaux de l'IR.
Getaway, The - High Speed II (USA)	Version portable du flipper William's, le jeu de base est un flipper avec des pistes de course telles que des voies et des rampes d'accès, qui permet de frapper divers bumpers et cibles pour obtenir un meilleur score. Il y a aussi un mini-jeu où le joueur peut frapper une rampe spéciale sur le plateau qui l'amène à un jeu de conduite, quelque chose comme OutRun, qui consiste à esquiver la circulation pour gagner des points. Le jeu se termine une fois que le joueur a atteint la cachette, en essayant d'éviter de poursuivre les flics en utilisant diverses méthodes, y compris des balles multiples pour essayer de les perturber.
Ghostbusters II (USA, Europe)	Ghostbusters II est un jeu d'action sur Gameboy. Vous revivez plus ou moins le scénario du film du même nom. Ainsi, vous devez capturer des fantômes, collecter leur bave, et chasser Vigo le fléau de Carpathia. Vous pouvez choisir votre personnage parmi les quatre chasseurs de fantômes de l'équipe.
GI King! - Sanbiki no Yosouya (Japan)	5 Le Japon n'a pas eu la chance d'avoir Guy Lux ou Omar Sharif pour parler de courses hippiques, mais qu'importe : avec cette cartouche, trois pronostiqueurs (fictifs) prodigueront leurs conseils, afin que le joueur parie le plus judicieusement possible sur tel ou tel canasson (ceci en fonction de paramètres rentrés au préalable par l'utilisateur). Petit bonus : en appuyant sur A, B et Start à l'écran-titre, ces messieurs laisseront place à de charmantes demoiselles !
Ginga - Card & Puzzle Collection (Japan) (En,Ja)	Ginga est une collection de douze mini-jeux. Ghost: Ce jeu se joue sur une grille 6x6. Cliquez sur une tuile la fait tourner, mais d'autres tuiles tournent avec elle / Pressure: Sur la même grille que Ghost, le joueur doit cliquer sur deux tuiles pour faire le tour / Course: Cette fois, les pierres sont positionnés sur une grille de 10x10. Faire correspondre deux pierres donne des points et tourne autour d'une partie des tuiles / Array: Dans ce jeu, le joueur a une grille de 8x8 et se voit présenter six tuiles. La plus basse de ces tuiles doit être placée dans l'une des grilles. Une combinaison de tuiles correcte les fait disparaître et chaque tuile disparue compte à rebours le score de 500. Le but est d'atteindre zéro avant que le plateau ne soit plein. variante du classique Problème du cavalier.
Go Go Ackman (Japan) (SGB Enhanced)	Ackman n'est pas ce qu'on pourrait appeler une bonne personne. Son travail consiste à assassiner et voler des âmes pour le Seigneur Démon. L'ange Tenshi a pris sur lui de mettre un terme aux voies infâmes d'Ackman et envoie une armée d'anges et des assassins embauchés pour éliminer Ackman pour de bon. C'est aussi bien, car Ackman s'ennuyait sans que personne ne tue.
Go! Go! Hitchhike (Japan) (SGB Enhanced)	Comme le titre l'indique, il s'agit d'un jeu de sugoroku sur le thème de l'auto-stop. Le but est de quitter Athènes, de passer par 14 villes en un an, et d'arriver enfin à Londres. Ce qui est différent du sugoroku habituel, c'est qu'en plus de la roulette pour déterminer le nombre, il y a aussi une roulette circulaire pour le succès/l'échec de l'auto-stop. Cela influe sur la force physique du personnage-joueur. Il existe également des statuts tels que la force physique, la faim et l'argent, et vous devrez donc dormir et manger correctement entre les voyages, vous faire soigner à l'hôpital si vous tombez malade, et si vous n'avez pas assez d'argent, vous devrez travailler quelque part, le temps de gagner l'argent nécessaire.
Go! Go! Tank (USA)	Go! Go! Tank est un jeu d'action stratégie sur Gameboy. Votre nation se fait envahir, et votre but est de dégager le terrain afin que vos propres forces puissent riposter. Vous devrez pour cela descendre tous les ennemis dans le passage, et déplacer les obstacles qui vous barrent la route.
Goal! (USA)	Goal! sur GameBoy est l'adaptation du célèbre jeu de foot sorti sur NES en 1988, ce portage sur GameBoy est sorti quant à lui en 1993.
God Medicine - Fantasy Sekai no Tanjou (Japan)	Une société de jeux vidéo devait sortir Phantom, leur nouveau RPG, mais la société est mystérieusement détruite. Noah, Ken et Miki sont trois fans de RPG qui sont déçus par cela. En errant, ils tombent sur une cabane avec un grand démon à l'intérieur, combattant trois guerriers. Les guerriers sont vaincus et le démon sort par un portail. Les guerriers donnent leur âme et leurs pouvoirs aux trois fans de RPG, qui doivent maintenant entrer dans Phantom pour sauver le monde du jeu. Cependant, ils doivent également protéger le monde réel du démon.
God Medicine - Fukkokuban (Japan) (SGB Enhanced)	L'histoire du jeu est essentiellement situé à l'intérieur d'un jeu video nommé Brave Youngters vs. The Ultimate Evil. Bien que l'intrigue peut contenir des moments humoristiques, le gameplay est également très cliché. Dans l'ensemble, allez au-delà du gameplay, vous serez récompensé avec une intrigue rafraîchissante.
Godzilla (USA, Europe)	Godzilla sur Gameboy est un jeu de plates-formes/action. Godzilla est triste et c'est compréhensible car il a perdu la trace de sa dulcinée préhistorique, Minira. Partez à sa recherche en traversant les 49 niveaux proposés par le titre. Grimpez aux lianes et frappez des rochers tout sourire !
Golf (World)	Nintendo GOLF vous permet de choisir vos clubs, de changer de position, de contrôler vos swings et même de sélectionner l'angle d'impact! Vous verrez le trou à la fois de près et de loin, jugerez les conditions changeantes du green et mesurerez la vitesse du vent. Mais attention! Quand le vent change, la trajectoire de votre balle change aussi.
Gradius - The Interstellar Assault (USA)	Gradius: The Interstellar Assault (ou Nemesis II: Return of the Hero ) est le deuxième jeu Gradius pour Game Boy. C'est peut-être le seul jeu Gradius qui n'a pas les têtes Moai. Une version en couleur du jeu se trouve sur Konami GB Collection Volume 3 pour le Japon et Volume 4 pour l'Europe.
Grander Musashi RV (Japan) (SGB Enhanced)	Grander Musashi RV est une adaptation vidéoludique du manga Super Fishing Grander Musashi, qui était également diffusé au Japon en anime. Le jeu est ainsi paru lors de la diffusion de la saison 2 de l'anime. Dans ce soft, deux modes de jeu s'offrent au joueur : tournoi et pêche libre. Dans le premier, le joueur participe à une compétition de pêche dans laquelle il faut pêcher le poisson le plus lourd qui soit. Des parties seront disputées chaque saison. Dans le second mode, le joueur sélectionne une saison et un endroit auquel pêcher. Il faut également poursuivre les règles imposées par son adversaire afin d'espérer gagner et repartir avec le poisson pêché. La particularité de ce jeu faisait qu'il était vendu avec un adaptateur moulinet, qui permettait au joueur de tourner le moulinet comme lors d'une véritable session de pêche.
Great Greed (USA)	Great Greed est un RPG sorti sur GameBoy en 1993. Ce jeu vous emmène dans un monde dévasté par la tourmente. Bio-Hazard Harry est dehors pour polluer une nouvelle planète. En tant que Sierra Sam, c'est à vous de l'arrêter et de sauver le Royaume de Greene. Affrontez des bataillons de monstres avec un système de combat interactif unique.
Gremlins 2 - The New Batch (World)	Gremlins 2: The New Batch est un jeu vidéo d'action/plates-formes développé et édité par Sunsoft en 1991 sur Game Boy. Il est inspiré du film Gremlins 2, la nouvelle génération. Vous aurez donc le plaisir d'incarner Gizmo le gentil mogwai dans ses aventures contre ses &quot;doubles maléfiques&quot;.
HAL Wrestling (USA)	Hal Wrestling est un jeu de catch assez sympathique. Il dispose de 8 catcheurs. 2 modes de jeux sont disponibles: Single Match (un contre un, assez ennuyeux) et le 4 Vs 4 Elimination Match (extrêmement sympathique). Vous avez la possibilité de descendre du ring pour narguer votre adversaire. Graphiquement, le jeu est plutôt beau, les personnages, bien réalisés, et les coups très nombreux ! (Marteau Pilon, Sacrifice, Coup de poing, pied et plein d'autres !) Bref, c'est un excellent jeu, mais assez difficile !
Hammerin' Harry (Europe)	Dans Hammerin' Harry : Ghost Building Company sur Gameboy, Harry ne doit plus seulement affronter des ouvriers, mais également une armée de fantômes, dans une grande variété d'environnements.
Harvest Moon GB (USA) (SGB Enhanced)	Harvest Moon GB est un jeu de rôle sur Gameboy, qui se déroule dans un univers rural où le but est de s'occuper en toute tranquillité de son petit carré de jardin et de faire du commerce. Votre vie de fermier vous donne l'occasion de cultiver la terre, de vous occuper du bétail et même de partager vos rêves de bonheur avec votre compagne. Et plus vous trouvez de lutins des moissons, plus vous êtes aidé dans vos diverses tâches quotidiennes.
Hatris (Japan, USA) (En)	Hatris est un puzzle-game sorti en 1991 sur Game Boy, le gameplay est similaire à celui d'un Tetris à la différence que dans celui-ci vous ne devrez pas effectuer des lignes de blocs mais des piles de chapeaux.
Hayaoshi Quiz - Ouza Ketteisen (Japan) (SGB Enhanced)	Un quiz dont le but est de gagner pendant 5 semaines en répondant rapidement à des questions sélectionnées parmi 8 genres. IL faut cinq semaines de victoire, mais si vous remplissez les conditions, un quiz match avec le dernier boss vous attend et c'est assez chaud.
Heavyweight Championship Boxing (USA)	Dans Heavyweight Championship Boxing, six adversaires se dressent entre vous et le titre des poids lourds. Le jeu se présente comme un jeu boxe à la première personne, à la manière de &quot;Punch-Out!&quot;. La ceinture de champion est tout à vous... si vous êtes encore sur vos pieds quand la cloche sonne.
Heiankyo Alien (USA)	Il y a 1000 ans, la ville de Kyo a été soudainement envahie par des extraterrestres. Un Kebiishi (chevalier du passé) a été chargé de défendre la ville. Le jeu commence dans un labyrinthe où se trouvent quelques extraterrestres. Tout en essayant de ne pas se faire manger, le kebiishi creuse des trous sur le chemin. Si un extraterrestre tombe dans un trou, il sera pris au piège pendant un moment. Pendant que l'extraterrestre est piégé dans le trou, vous pouvez remplir le trou pour l'enterrer. Une fois tous les aliens enterrrés, vous passerez au niveau suivant.
Heisei Tensai Bakabon (Japan)	Ce jeu est l'adaptation de Tensai Bakabon, un chef-d'œuvre de l'histoire de l'animation japonaise dessiné par Fujio Akatsuka, le dessinateur de comédie le plus populaire du Japon. &quot;Tensai Bakabon&quot; est publié pour la première fois en 1967. Bakabon Papa, le personnage principal de l'histoire, a une personnalité unique. Partout où lui et son fils, Bakabon, vont, ils soulèvent une tempête avec leurs idées étranges. Personne ne sait s'ils sont stupides ou intelligents. Comme dans la série, vous y retrouverez de nombreux personnages extraordinaires qui sauront vous divertir...
Heracles no Eikou - Ugokidashita Kamigami (Japan)	Heracles no Eikou : Ugokidashita Kamigami est un spin-off de la série Glory of Heracles pour la Gameboy et est une suite directe du premier jeu. Le titre a été développé par SAS Sakata et publié au Japon le 27 décembre 1992 par Data East. Une traduction anglaise pour les fans a été publiée par HTI en 2012 sous le titre &quot;The Glory of Heracles&quot; : Snap Story&quot;.
Hercules (USA, Europe) (SGB Enhanced)	Hercules est un jeu d'action sur Gameboy. Vous incarnez Hercules qui accomplit moult exploits. Réussissez les mini-jeux d'adresse et exterminez les méchants.
Hero Shuugou!! Pinball Party (Japan)	Hero Shuugou Pinball Party est un jeu japonais de flipper virtuel sur Game Boy mettant en scène les héros Jaleco successifs. &quot;Ninja Jajamaru-kun&quot; Jajamaru, &quot;Buta-san&quot; Buta-san, etc. apparaîtront. Jouable seul ou à deux, le titre propose deux modes de jeux principaux. Le premier, Normal Mode, permet de faire valser la bille dans une machine scindée en trois écrans. L'objectif est de percuter le plus d'éléments possible pour remporter un maximum de points. Dans le second mode appelé Extra Mode, il faut accomplir la même mission mais savoir composer avec des éléments mobiles. Dans Pinball Party, la vitesse de la bille est relativement élevée par rapport aux autres jeux du genre.
Hiden Inyou Kikouhou - Ca Da (Japan)	Vous incarnez un personnage qui change de couleur selon les billes qu'ils touchent. Ces états lui permettent d?utiliser les flèches de couleurs correspondantes pour sauter très haut et atteindre tous les petits ballons. En agissant ainsi, la porte menant au stage suivant se déverrouille. Bien qu'il existe des ennemis dans Ca Da, il n'est pas possible de mourir. Ils ne font que vous projeter en arrière. Cada contient plusieurs maps incluant 10 tableaux chacun et propose un système de mots de guise en guise de sauvegardes.
Higashio Osamu Kanshuu Pro Yakyuu Stadium '91 (Japan)	Higashio Osamu Kanshuu Pro Yakyuu Stadium '92 est un jeu de baseball sur Game Boy qui reprend les principes de base de son prédécesseur (l'édition de 1991), et qui est toujours sponsorisé par Osamu Higashio, ancien lanceur de la Nippon Professional Baseball League intronisé dans le Japanese Baseball Hall of Fame. Le gameplay use d'une perspective à la troisième personne, soit derrière le batteur, soit derrière le lanceur
Higashio Osamu Kanshuu Pro Yakyuu Stadium '92 (Japan)	Higashio Osamu Kanshuu Pro Yakyuu Stadium '92 reprend les principes de base de son prédécesseur (l'édition de 1991), et qui est toujours sponsorisé par Osamu Higashio, ancien lanceur de la Nippon Professional Baseball League intronisé dans le Japanese Baseball Hall of Fame. Le gameplay use d'une perspective à la troisième personne, soit derrière le batteur, soit derrière le lanceur
High Stakes Gambling (USA)	Risquez tout dans ce casino virtuel! Rendez-vous dans votre hôtel préféré, rencontrez des amis dans le hall d'entrée et vous êtes prêt à y aller! Placez vos paris! Blackjack, Machines à Sous, Roulette, Craps et Poker vous promettent la gloire et la fortune. Même les débutants peuvent maîtriser ces jeux de casino réalistes. Mettez votre argent en jeu et faites confiance à Dame Fortune. C'est un voyage tout-ou-rien à Vegas!
Hit the Ice - VHL - The Official Video Hockey League (USA, Europe)	Les pénalités n'existent pas dans ce jeu, et il n'y a pas de place pour les mauviettes. Même si le but est toujours de mettre le palet dans le but de l'équipe adverse, chaque équipe n'a que trois joueurs, et il est possible de faire un super tir qui est assez fort pour envoyer le gardien, dans le filet avec le palet.
Hitori de Dekirumon! - Cooking Densetsu (Japan)	Cooking Densetsu est un jeu de rôle basé sur la cuisine pour la GameBoy. C'est un jeu court et simple avec une prémisse amusante. Les combats se déroulent dans le style d'un jeu de questions-réponses, donc si vous ne parlez pas japonais, vous aurez un peu de mal dans ce domaine. Cependant, vous pouvez battre le jeu même si vous vous en sortez mal dans les batailles. La difficulté générale est très faible, d'autant plus que certaines de vos recettes (qui sont utilisées comme des sorts dans ce jeu) vous donneront des HP infinis, et que certains choix de combat vous donneront les bonnes réponses à des questions de quiz. Mai est en train de cuisiner avec ses amis Yajama et Ojama lorsqu'elle reçoit une lettre d'un démon lui annonçant qu'il a kidnappé son frère. Mai doit explorer huit mondes différents sur le thème de la nourriture et sauver huit personnages afin d'entrer dans le château du roi démon et de sauver son frère.
Home Alone (USA, Europe)	Home Alone sur Gameboy, adapté du film &quot;Maman J'ai Râté l'Avion !&quot;, vous met dans la peau de Kevin McCallister, dont les parents sont partis en vacances en l'oubliant. Kevin se retrouve donc seul chez lui. Vous devez tendre des pièges dans et autour de la maison afin d'éviter que des cambrioleurs ne s'y introduisent.
Home Alone 2 - Lost in New York (USA, Europe)	Home Alone 2 : Lost in New York sur Gameboy est un jeu de plates-formes issu du film Maman, J'ai Encore Râté l'Avion !. Aux commandes du petit mais néanmoins futé Kevin McCallister, votre objectif est d'échapper aux majordomes de l'hôtel dans lequel le garçon s'amuse illégalement. Les 2 compères et malandrins Harry et Marv sont également de la partie pour se venger de l'enfant. Le jeu se déroule en défilement horizontal et vous devrez sauter au-dessus des obstacles pour progresser dans l'hôtel.
Hon Shougi (Japan) (SGB Enhanced)	Il s'agit d'un logiciel de shogi complet qui vous permet d'enregistrer le journal de bord pendant la partie. L'enregistrement du jeu peut être rejoué à tout moment, et l'enregistrement du jeu peut être déplacé vers l'arrière ou vers l'avant d'un nombre quelconque de coups, même pendant le jeu.
Hong Kong (Japan)	Hong Kong est une variante de Shanghai dans laquelle les joueurs doivent supprimer des tuiles en fonction d'un motif. Le joueur peut sélectionner le motif de départ ou entrer un code à trois lettres qui offre plusieurs milliers de combinaisons possibles. Au lieu de retirer les tuiles par paires, comme c'est la norme à Shanghai, le joueur peut sélectionner n'importe quelle tuile sur le plateau tant qu'elle correspond à la tuile demandée par le jeu. Cependant, les points marqués sont fonction du nombre de tuiles entourant la tuile sélectionnée: Un maximum de 320 points est accordé pour les tuiles complètement entourées sur les six côtés. Toutes les tuiles qui ne sont pas sur au moins une autre tuile tomberont du plateau provoquant une fin de partie prématurée: les joueurs doivent trouver l'équilibre entre marquer le plus de points possible et s'assurer qu'aucune tuile ne tombera de la table à la suite d'un mouvement.
Honmei Boy (Japan)	Logiciel de prévision des courses de chevaux de type saisie de données. Il dispose d'un système qui permet de saisir les données dans un court laps de temps entre les courses. En outre, il est possible de faire trois types de prédictions : grand trou, normal et rigide &quot;Pop, Pop, Pop et entrée&quot;. C'est vraiment tout ce qu'il y a ? L'entrée est si simple qu'elle vous inquiète. Je suis sûr que c'est le plus grand avantage. La seule chose qui reste à faire est de s'en remettre à NICHIBUTSU. Pour ceux qui ne connaissent pas grand-chose aux courses de chevaux, il est agréable de pouvoir expérimenter la sensation de faire un pronostic.
Honoo no Toukyuuji - Dodge Danpei (Japan)	Honoo no Doukyuuji: Dodge Danpei est un jeu de ballon chasseur basé sur un manga sérialisé shounen sur une équipe de ballon chasseur du lycée. Il est sorti sur un certain nombre de consoles en 1992, chacune ayant ses propres variantes. Le jeu se joue de la même manière que d'autres jeux de ballon chasseur &quot;d'action&quot; tels que le Super Dodgeball de Technos, bien que le jeu présente différents modes basés sur les rythmes de l'histoire. Par exemple, le jeu commence par un duel en tête-à-tête dans lequel chaque combattant a cinq coups sûrs avant d'être éliminé.
Hook (USA)	Hook sur Gameboy est un jeu de plates-formes inspiré du film Hook : La Revanche du Capitaine Crochet. Le joueur incarne Peter Banning (Peter Pan adulte) et doit sauver ses enfants, kidnappés par le Capitaine Crochet. 11 niveaux durant, traversez villages, plaines et forêts et usez de vos pouvoirs spéciaux afin de rendre aux enfants leur liberté.
Hudson Hawk (USA)	Hudson Hawk est un jeu d'action sur Gameboy basé sur le film du même nom. Vous incarnez un voleur malicieux nommé Hudson Hawk. Vous avez pour mission de voler trois oeuvres d'art de Da Vinci. Mais attention ce ne sera pas si facile que cela, des gardes de sécurité et des chiens vous barrent la route !
Hugo (Europe) (SGB Enhanced)	Hugo sur Gameboy est un jeu de plates-formes. Basé sur le célèbre dessin animé, ce titre permet de s'adonner à des mini-jeux dans la peau de notre bien-aimé Hugo.
Hugo 2 (Germany)	Hugo 2 est un jeu de plateformes sur Game Boy adapté du dessin animé. le soft propose 5 mini-jeux : éviter des poissons sous l'eau, esquiver des boules de neige les pieds sur un snowboard, ne pas se faire toucher par des rochers et des racines dans la forêt, sauter de stalagmite en stalagmite pour glaner des trésors ainsi qu'un cinquième jeu bonus.
Humans, The (USA)	Dans Humans sur Gameboy, vous devez guider une tribu d'hommes préhistoriques dans leur évolution. A chaque niveau, vous devez accomplir des tâches en un temps limité avec un certain nombre de membres de la tribu. Des animations humoristiques entrecoupent les passages entre les niveaux. Vous dirigez les hommes un par un et pouvez leur demander de faire plusieurs actions différentes en fonction des objets à disposition.
Hunchback of Notre Dame, The - 5 Foolishly Fun Topsy Turvy Games (USA, Europe) (SGB Enhanced)	BIENVENUE À LA FÊTE DES IMBÉCILES ! Cette adaptation du Bossu de Notre Dame sur Game Boy vous propose de jouer à 5 mini-jeux mettant en vedette les personnages du film à succès, dont la difficulté est progressive.
Hunt for Red October, The (USA, Europe)	The Hunt for Red October est un jeu d'action sur Gameboy inspiré par le roman de Tom Clancy A la Poursuite d'Octobre Rouge. Vous incarnez le capitaine Marko Ramius. Vous avez rendez-vous avec l'US Navy et vous devez détruire le navire Red October soviétique. Malheureusement, les Russes sont au courant et font tout pour vous stopper.
Hyper Black Bass '95 (Japan) (En,Ja)	Hyper Black Bass '95 est un jeu de pêche de la série Black Bass, développé et édité par Black Label Game, puis sorti uniquement au Japon en 1995 sur Game Boy. Il reprend la plupart des éléments de Hyper Blass Back, sorti trois ans auparavant sur la même console de Nintendo. Le principe reste de pêcher de gros poissons dans différentes zones, ici, plutôt rocheuses, afin de remporter un tournoi. Les conditions de pêches varient selon le jour d'activité du jeu.
Hyper Lode Runner (World) (Rev 1)	Hyper Lode Runner est un jeu de action/réflexion sorti sur Gameboy. Le but consiste à récupérer un certain nombre de pièces d'or afin d'activer un SAS qui vous permettra de passer au niveau suivant. Ce n'est évidemment pas si facile car certaines des pièces sont cachées dans des niveaux inférieurs. Pour y accéder, le sol est constitué de pierres qui peuvent être détruites par le héros mais qui se reconstituent au bout d'un moment. Des monstres seront là pour vous empêcher de triompher.
In Your Face (USA)	In Your Face est l'un des premiers jeux de basket-ball à être disponible sur un système portable. Le jeu permet le mode un ou deux joueurs. Chaque mode se compose de deux modes de jeu différents : &quot;1 contre 1&quot; ou &quot;2 contre 2&quot;. Chacun des modes permet : La sélection des personnages : quatre personnages disponibles. La sélection des règles : Losers Out (si votre adversaire marque, vous obtenez le ballon) et Winners Out (si vous marquez, vous gardez le ballon). Temps ou score : Minutes (1, 3, 5 ou 10 minutes) ; Points (10, 15, 20 ou 25 points).
Incredible Crash Dummies, The (USA, Europe)	The Incredible Crash Dummies sur Gameboy vous propose d'incarner deux mannequins de crash-test dans des missions loufoques où le but est d'infliger à votre mannequin un maximum de coups et de dégâts. Les missions vont de la conduite de véhicules, au classique jeu de plates-formes.
Indiana Jones and the Last Crusade (USA, Europe)	Indiana Jones and the Last Crusade est un jeu d'action basé sur le film du même nom, développé par NMS Software et publié par Ubisoft, qui est sorti sur GameBoy en 1994.
Indien dans la Ville, Un (Europe) (SGB Enhanced)	Un indien dans la ville est l'adaptation vidéoludique sur Game Boy du film français éponyme d'Hervé Palud sorti en 1994. Dans ce jeu d'action/plateforme, vous incarnez Mimi-Siku le jeune indien qui doit se sortir vivant de niveaux en scrolling horizontal. Pour lutter contre les animaux qui se dressent sur son chemin, le petit homme peut compter sur sa fameuse sarbacane et ses sauts millimétrés.
Initial D Gaiden (Japan) (SGB Enhanced)	Initial D Gaiden ou Kashiramoji D Gaiden est un jeu de course sur Game Boy adapté du célèbre manga. Il est exclusivement sorti au Japon en 1998. Le soft permet de participer à des courses illégales et des défis mettant en scène les différents protagonistes de la série, en particulier Itsuki, le personnage secondaire du manga. Dans le développement de l'histoire avec un goût comique, le joueur se bat contre les personnages des les premières étapes de l'histoire originale. Plusieurs bolides aux caractéristiques propres sont disponibles.
International Superstar Soccer (USA, Europe) (SGB Enhanced)	International Superstar Soccer débarque sur GameBoy. Dans ce jeu, vous pouvez jouer l'une des 36 équipes nationales dans une Coupe internationale. Vous pouvez modifier les paramètres comme la durée du jeu de 3, 5, à 7 minutes et plusieurs paramètres de difficulté et activer ou désactiver les fautes.
Ippatsu Gyakuten! DX Bakenou (Japan)	Ippatsu Gyakuten! DX Bakenou est un des nombreux jeux de paris hippiques à être paru sur Game Boy exclusivement au Japon.
Iron Man X-O Manowar in Heavy Metal (USA, Europe) (SGB Enhanced)	Iron Man and X-O Manowar in Heavy Metal sur Gameboy vous propose d'incarner les deux héros de comics dans un jeu d'action inspiré de leurs univers respectifs. Comme le veut la tradition dans ce type de jeu, il vous faudra en découdre avec de nombreux boss de fin de niveau.
Ishida Yoshio Tsumego Paradise (Japan)	Ishida Yoshio Tsumego Paradise est un jeu vidéo de plateau inspiré du go, un jeu de stratégie originaire de Chine. Il contient une centaine de problèmes de go (tsumego) concoctés par Ishida Yoshio, l'un des meilleurs joueurs de shogi mondiaux. Le soft propose 100 problèmes de go à résoudre par le joueur. Chaque exercice résolu fait accéder au problème suivant, mais le joueur peut à tout moment accéder au niveau de son choix en appuyant sur Select et Start s'il se retrouve bloqué. Les problèmes vont d'une difficulté croissante, du grade 5 kyu à celui de 5 dan. Sûrement compliqué pour toute personne n'ayant aucune connaissance du jeu de go, Ishida Yoshio Tsumego Paradise reste malgré tout très utile pour tout joueur souhaitant améliorer sa logique et sa stratégie.
Ishido - The Way of Stones (USA)	Il s'agit d'une reproduction du jeu de plateau Solitaire et le but est de placer les différentes pièces dans le bon ordre pour marquer des points. Un grand nombre de plateaux différents sont disponibles et un mode construction permet de créer ses propres designs.
Itsudemo! Nyan to Wonderful (Japan) (SGB Enhanced)	Itsudemo! Nyan to Wonderful est la version Game Boy du jeu d'élevage d'animaux Nyan to Wonderful sorti sur PlayStation. Dans ce jeu le joueur dressera des chiens et des chats. On peut choisir parmi quatre types d'animaux de compagnie : chiens ou chats, mâles ou femelles. Il est possible d'en élever jusqu'à 4 en même temps. Il faudra les nourrir et jouer à des mini-jeux pour augmenter leurs statistiques. Si le joueur a un animal adulte mâle et et un autre femelle, il pourra les accoupler. Notons que si l'on a déjà élevé 4 animaux en même temps, il n'y aura plus de place et l'on ne pourra pas les accoupler. Les animaux de compagnie élevés peuvent également être engagés dans des batailles de communication et échangés. Si le joueur remplit certaines conditions comme le statut, il recevra une médaille après un certain laps de temps. Il y a 6 médailles pour chaque chien et chat. 5 minutes de vie réelle équivaut à 1 mois de jeu. Un bilan est établi au changement d'année, et si l'on remplit les conditions, on reçoit une médaille.
J.League Big Wave Soccer (Japan) (SGB Enhanced)	Il s'agit de la version Gameboy du célèbre jeu de football J.League avec de vrais noms. Vous pouvez même créer vos propres joueurs pour rejoindre l'équipe et jouer le match
J.League Fighting Soccer - The King of Ace Strikers (Japan)	J-League Fighting Soccer: The King of Ace Strikers est un jeu vidéo de simulation de football exclusif au Japon pour Game Boy et Family Computer. La version Game Boy (sortie près de 5 mois avant le début de la saison inaugurale de la J. League) était le premier titre officiellement autorisé par la J. League.
J.League Live 95 (Japan) (SGB Enhanced)	Proposant de nombreuses équipes fictives, le soft inclut également différents modes de jeux comme le match amical ou le championnat qui permet de vous hisser à la tête du classement. En jeu, différentes actions sont réalisables telles que la passe, le shoot ou le tacle. Tous les joueurs ont leur vrai nom. Le jeu propose trois modes différents, dont un match d'une saison avec 14 équipes, dont deux nouvelles équipes cette année.
J.League Winning Goal (Japan)	J.League Winning Goal est un jeu de football sur Game Boy. Dans ce soft particulièrement rapide, vous aurez le choix entre 12 équipes pour disputer des match amicaux ou des ligues. Le jeu se déroule en vue du dessus et vous contrôlez l'attaquant avec la possibilité de passer le ballon à vos coéquipiers ou tenter une frappe sèche ou lobée. En défense, c'est le joueur le plus près du ballon que vous contrôlez avec comme seule action possible le tacle pour reprendre possession du ballon.
Jack Nicklaus Golf (USA, Europe)	Le plus grand nom du golf vous propose la simulation de golf la plus réaliste et la plus riche en fonctionnalités sur Game Boy! Jouez sur deux des cours préférés de Jack Nicklaus ou créez un nombre illimité de vos propres cours. Un à quatre joueurs peuvent participer aux niveaux débutant et expert. Vous contrôlez tous les détails de l'action. La fonction de mot de passe vous permet même de faire une pause. Si vous êtes prêt à affronter les meilleurs, JACK NICKLAUS GOLF est votre jeu!
James Bond 007 (USA, Europe) (SGB Enhanced)	James Bond 007 est un jeu vidéo d'action-aventure développé par Saffire Corporation et édité par Nintendo sorti en 1998 sur Game Boy. Il s'agit du second jeu basé sur la licence 007 édité par Nintendo après GoldenEye 007, et basé sur un scénario original.
Jankenman (Japan)	Jankenman est un jeu d'action à défilement latéral est basé sur une série télévisée d'animation. Le jeu est terminé lorsque le boss est vaincu dans le délai imparti. Attention, si vous êtes touché par un ennemi, le temps diminue plus rapidement...
Janshirou (Japan)	Janshirou est un jeu vidéo générique basé sur un jeu de plateau qui couvre le jeu de stratégie intense qu'est le mahjong ! Votre objectif est d'utiliser les 13 tuiles de votre main, plus une que vous pouvez tirer ou que votre adversaire défausse, pour créer des mains variées. Le but final est d'obtenir le &quot;mahjong&quot; - l'utilisation de toutes ces tuiles dans diverses mains ou mélanges sans &quot;chevauchement&quot; des ensembles. Ceux-ci seront évidemment basés sur deux choses. La première est la valeur de la tuile - qu'elle soit &quot;un&quot;, &quot;deux&quot; ou autre. Avec les combinaisons Cercle et Bambou, c'est facile - il suffit de compter le nombre de chiffres qui s'y trouvent ! À l'écran titre, vous avez plusieurs jeux auxquels vous pouvez participer : Exhibition à un joueur : En gros, vous et l'IA dans un match sans importance. Exhibition à 2 joueurs : Match d'exhibition impliquant deux Game Boys connectés par le câble de liaison. ? : Pour une raison quelconque, cela ne fonctionne pas. Probablement une option basée sur le câble de liaison, étant donné les ressources limitées. Mode histoire : Il s'agit essentiellement d'une série de matchs de mahjong de plus en plus difficiles. Mahjong Simulator : Cela devrait être assez évident.
Janshirou II - Sekai Saikyou no Janshi (Japan)	Janshirou II : Sekai Saikyou no Janshi est un jeu de cartes publié par Sammy Studios, sorti au Japon en 1994. Un jeu de mahjong dans lequel le protagoniste se bat pour gagner le tournoi mondial de mahjong. Vous pouvez également jouer à trois mini-jeux différents, dont une course de chevaux. Vous pouvez également jouer contre d'autres joueurs en connectant un câble. Le système à quatre joueurs n'est peut-être pas parfait, mais la seule façon de vraiment jouer est le mode VS à deux joueurs.
Jantaku Boy (Japan)	Jantaku Boy est un jeu de mahjong classique à quatre joueurs sur Game Boy, sorti exclusivement au Japon en 1992 qui vous permet de décider de règles détaillées telles que la présence ou l'absence de l'inspecteur Gourmet et la présence ou l'absence de Furiten Reach. Vous pouvez profiter du mode normal ou de mini jeux.
Jeep Jamboree - Off-Road Adventure (USA)	Dans ce jeu, vous serez au paradis des 4x4 Jeep avec ces caractéristiques:nnJeu à 2 joueurs Game Boy Game Link: Pourquoi juste affronter 20 étrangers alors que vous pouvez profiter d'une course en tête-à-tête contre un ami impitoyable ?! Trois types de saisons de course: court, intermédiaire ou championnat. Des parcours qui ne cessent de se compliquer: essayez de rester sur la piste tout en vous frayant un chemin dans la boue, dans des conditions de route dangereuses et avec 20 concurrents qui aimeraient bien vous faire dévier de la piste.
Jelly Boy (Europe)	Jelly Boy est un jeu d'action/plates-formes pour Gameboy. Le joueur incarne Jelly Boy, un blob humanoïde gélatineux, à travers des environnements variés telle qu'une fabrique de jouets ou encore un monde de glace. Plusieurs bonus ramassés dans les niveaux permettent à Jelly Boy de se transformer en différents objets et il peut attaquer les ennemis en muant son ventre en coups de poing !
Jeopardy! (USA)	Maintenant, vous pouvez jouer au jeu TV préféré des Américains ou vous voulez, quand vous voulez! Ce jeu génial vous permettra d'affrontez un ami, un ordinateur ou tester votre mémoire seul pour le fun. C'est comme dans l'émission de télévision: Daily Doubles, Final Jeopardy !, même le thème musical vous fera vous sentir comme si vous y étiez vraiment !
Jeopardy! - Platinum Edition (USA) (SGB Enhanced)	Tout le monde adore JEOPARDY !, le jeu télé préféré des américains. GameTek a regroupé plus de 1500 nouvelles réponses et questions dans ce jeu, directement tiré des archives du show TV.
Jeopardy! - Sports Edition (USA)	Si vous êtes un fan de sport ou si vous aimez relever les défis, cette édition de Jeopardy est faite pour vous ! Montrez vos connaissances sur le baseball, le basket-ball, le football, le hockey, la boxe, le golf, les courses de chevaux, les Jeux olympiques et bien d'autres sports en répondant à plus de 1700 questions de toutes catégories.
Jeopardy! - Teen Tournament (USA) (SGB Enhanced)	Tout le monde aime JEOPARDY! Et maintenant, les adolescents peuvent jouer à cette nouvelle édition Teen Tournament du classique de GameTek. Plus de 1 500 nouvelles réponses et questions ont été regroupées dans ce jeu, dans des catégories que les enfants connaissent, des Animaux aux États-Unis en passant par les quizz télévisés et les Jeux et jouets. JEOPARDY! est une façon ludique de renforcer ce que les enfants apprennent à l'école, avec des catégories comme les synonymes, la géographie, la Terre et les cellules.
Jetsons, The - Robot Panic (USA, Europe)	George Jetson reçoit un appel téléphonique de M. Spacely lui demandant de l'aider pour sauver la ville des robots qui se sont déchaînés. George avec l'aide de sa famille devrons évacuer différents endroits de la ville. Il s'avère que les robots ont été mis en liberté par le rival et concurrent de M. Spacely, Cogswell de Cogswells Cogs.
Jikuu Senki Mu (Japan)	Il existait autrefois un continent appelé &quot;Continent Mu&quot; où le roi du pays de Prinas peut gouverner. A un moment donné, le roi Lars II a soudainement fait du Nehruisme, qui était jusqu'alors la religion d'Etat, une religion, au lieu de faire de l'Education Max la religion d'Etat. Peu de temps après que le peuple de Neil ait poursuivi le lieu sacré, la reine de Prinna a soudainement disparu. L'enfant du roi nouveau-né a également été enlevé par quelqu'un. Après la conversion, des monstres ont commencé à apparaître dans diverses parties du continent. Les gens ont dit que les Neil exilés manipulaient les démons. Cela fait 16 ans que ça dure. Les monstres qui ont continué à étendre leurs forces ont finalement envahi le château de la princesse. Le roi gravement blessé se rendra au village frontalier &quot;Elie&quot;.
Jimmy Connors Tennis (USA, Europe)	Figure emblématique du tennis français, Yannick Noah vous propose aujourd'hui de vous entraîner comme les plus grands professionnels de tennis.Grace à une simulation de tennis de haut niveau, devenez numéro 1, sur le court des plus prestigieux tournois !
Jinsei Game Densetsu (Japan)	C'est le premier Jinsei Game de la série. Après avoir nommé les deux personnages qui vont évoluer sur le plateau de jeu, votre tâche est de lancer une roue de chiffres. Le personnage avance selon le nombre de cases indiqués par le chiffre puis tombe alors soit sur une case bonus (gain d'argent ou d'objet), soit sur une case malus (vol d'argent, entraves). Ainsi, pour jouer à deux, il suffit de s'échanger la console à chaque changement de personnage.
Joe & Mac (USA)	Retournez à l'âge des cavernes grâce à Joe & Mac : Caveman Ninja sur Gameboy. Seul ou en coopération, vous incarnez Joe et Mac, deux hommes de Cro-Magnon qui vont devoir se battre pour retrouver les femmes capturées par des créatures préhistoriques. Et si les autres hommes des cavernes peuvent être facilement vaincus à coups d'os ou de massues, il faudra ruser pour ne pas se faire croquer par le grand tyrannosaure.
Jordan vs Bird - One on One (USA, Europe)	Jordan vs Bird : One on One est un jeu de basket-ball sur Gameboy. Deux des plus grandes légendes de la discipline se retrouvent dans ce face-à-face : Michael Jordan et Larry Bird. L'un spécialiste des dunks et l'autre des trois points. Le jeu vous demandera de vous affronter dans des matches simples ou dans des concours de lancer franc et de smashs. Il est possible d'y jouer à deux avec un ami.
Judge Dredd (USA, Europe)	Judge Dredd sur Gameboy est inspiré du comics book éponyme et notamment de son adaptation cinématographique. Dans ce jeu de plates-formes, vous devez avancer pour atteindre le boss final, tuez vos adversaires ou arrêtez-les.
Jungle Book, The (World) (Disney Classic Games)	Le Livre de la Jungle sur Gameboy est l'adaptation du film de Disney de 1967, lui-même inspiré du livre écrit par Rudyard Kipling. Vous incarnez Mowgli et devez ramasser des fruits, grimper aux arbres et combattre les ennemis de l'histoire comme Sher Khan. Le jeu permet de replonger dans l'univers d'un des classiques de Disney en retrouvant tous ses personnages et ses décors.
Jungle no Ouja Tar-chan (Japan) (SGB Enhanced)	Jungle No Ouja Tarchan est la version jeu vidéo du manga du même nom sérialisée dans &quot;Weekly Shonen Jump&quot;. Le personnage principal, Tar-chan, part en voyage pour obtenir un médicament super puissant. Ce jeu vidéo d'action est vue du dessus, sauf lorsque vous combattez vos ennemis alors l'écran passe en vue latérale.
Jungle Strike (USA)	Quelque temps après l'opération Desert Strike, Ibn Kilbaba, fils de Kilbaba père, menace d'anéantir l'Amérique. Après l'assassinat de son père, les proches de ce dernier ont fait fuir son fils avec l'argent et le programme d'armement nucléaire de son père. Kilbaba, plus impitoyable que son père, aspire à se venger de la mort de son père et décide de verser le sang de ceux qui l'ont tué, les Américains. Déjà armé, Kilbaba engage Carlos Ortega pour l'aider à mettre en place son programme d'armes nucléaires, au fin fond de l'Amérique du Sud. Carlos Ortega, le baron de la drogue le plus connu au monde, aspire lui aussi à la vengeance. Avec sa propre armée privée, équipée des armes les plus modernes, il est prêt à combattre l'Amérique à tout prix.
Jungle Wars (Japan)	Situé dans une jungle où les animaux et les humains coexistent, Jungle Boy, le fils de Jungle Dad, le gardien de la jungle, protège la paix dans la jungle avec ses amis. Le but de ce RPG est de sauver Jungle Dad, qui a été enlevé par la maléfique Goth Squad, et de rétablir la paix. Si Jungle Boy devient inapte (fained), ce sera Battle Lose même si d'autres membres survivent. Le système de jeu est similaire à la série &quot;Dragon Quest&quot; et à la série &quot;Momotaro Densetsu&quot;.
Jurassic Park (World) (Limited Run Games)	Jurassic Park est l'adaptation sur Gameboy du film réalisé par Steven Spielberg en 1993. Dans ce jeu d'action, vous incarnez le docteur Alan Grant, le paléontologue héros du film. Vous devez tout d'abord secourir Tim et Alex en les ramenant à leur grand-père Hammond puis il faudra retourner au milieu des dinosaures afin de rétablir le courant pour pouvoir appeler les secours sur l'île.
Jurassic Park Part 2 - The Chaos Continues (World) (En,Fr,De,It) (Limited Run Games)	Jurassic Park Part 2 : The Chaos Continues est la suite du jeu Jurassic Park sur Gameboy, à ne pas confondre avec Le Monde perdu qui est la suite du film. Ici, l'histoire reprend un an après la fin des aventures du premier épisode. John Hammond décide d'envoyer une équipe pour remettre le parc en état. Vous contrôlez Alan Grant, le héros du premier volet.
Kachiuma Yosou Keiba Kizoku (Japan)	Ce logiciel prédit le cheval gagnant de la course en saisissant des données sur les chevaux et les jockeys. Il a également une fonction pour mesurer le jockey le jour de la course et son propre biorythme.
Kachiuma Yosou Keiba Kizoku EX '94 (Japan)	&quot;Kachiuma Yosou Keiba Kizoku Ex '94&quot; ou &quot;Katsuba Yosou Keiba Kizoku EX '94&quot; fait suite à &quot;Kachiuma Yosou Keiba Kizoku&quot; sorti sur Game Boy quelque temps auparavant. Le principe reste le même : prédire des courses hippiques selon divers paramètres: jockeys, temps des courses précédentes, données sur les chevaux, etc. Dans ce deuxième volet, de nouveaux chevaux concourent. Toutes les données de vrais jockeys sont enregistrées. Le texte est plus grand que dans la version précédente et la notation kanji facilite la lecture à l'écran.
Kachiuma Yosou Keiba Kizoku EX '95 (Japan)	Katsuba Yosou Keiba Kizoku EX '95 est le troisième et dernier volet des Katsuba Yosou Keiba Kizoku à avoir paru sur Game Boy. Le joueur doit toujours prédire des résultats de courses hippiques, mais fait face à un nouveau roster. Ce jeu donne accès aux données de l'exercice 1995. Des données sur les nouveaux chevaux, jockeys et les nouvelles juments ont été ajoutées. Il faut entrer les données du cheval et du jockey et prédir le cheval gagnant pour chaque course. Bien sûr, il existe également une fonction de mesure du biorythme qui est une caractéristique de la série.
Kaeru no Tame ni Kane wa Naru (Japan)	Dans une terre très lointaine, deux princes, Richard et le Prince de Sablé (le protagoniste du jeu) partagent une rivalité amicale depuis leur enfance. Un jour, un messager venant du royaume voisin vient avertir les deux princes. Le roi Delarin a envahi le Royaume Mille-Feuille et a capturé la princesse Tiramisu. Dès ce moment, le prince Richard voyant l'opportunité de gagner la faveur de la princesse, s'en va précipitamment en bateau pour la secourir. Le Prince de Sablé le poursuit dans cette aventure. Lors de ce voyage, les deux princes sont transformés en grenouilles lors de leurs recherches.
Kaijuu Ou Gojira (Japan)	Dans ce jeu vous faites avancer Godzilla vers la droite en écrasant les forces militaires adverses jusqu'à atteindre des boss composés de divers monstres issus de l'univers de Godzilla.
Kaisen Game - Navyblue 90 (Japan)	Navy Blue 90 sur Game Boy est le second épisode d'une saga de jeux de bataille navale exclusivement éditée au Japon. Dans cet opus, vous disposez d'un plus large choix de bateaux à repartir librement sur une carte quadrillée. Vous essayez ensuite de détruire la totalité de la flotte adverse au tour par tour. Pour cela, vous disposez de missiles classiques et illimités mais également d'armes supplémentaires et inédites à ce volet (missiles plus larges, avions, radars). Le soft propose un mode deux joueurs et un système de sauvegarde par mots de passe.
Kamen Rider SD - Hashire! Mighty Riders (Japan)	Kamen Rider SD Hashire ! Mighty Riders sur Game Boy est un jeu de course sorti exclusivement au Japon en 1993 et basé sur le manga éponyme de Shōtarō Ishinomori.
Kandume Monsters (Japan) (SGB Enhanced)	Kandume Monsters est un jeu de simulation et d'élevage. Le joueur doit élever des monstres et les entraîner pour qu'ils deviennent les meilleurs combattants de la région. Vous pouvez équiper les monstres d'un joyau mystérieux appelé &quot;gem&quot; et utiliser diverses techniques.
Karakuri Kengou Den Musashi Lord (Japan)	Basé sur la série animée japonaise du même nom, Karakuri Kengōden: Musashi Lord est un jeu d'action relatant le voyage de Musashi, un &quot;robot gimmick&quot;, à travers le Japon médiéval dans l'espoir de devenir un ´maître des arts martiaux. Alors que Musashi parcourt les sept zones du jeu, il doit toujours être sur ses gardes. En effet, de nombreux ennemis se dressent sur sa route, sans parler des casse-têtes qu'il devra résoudre sous peine de voir sa progression bloquée.
Karamuchou no Daijiken (Japan) (SGB Enhanced)	C'est la ville de Karamoo, où vit le personnage de la publicité. Dans ce jeu à 100 niveaux de vue latérale, vous rencontrerez toutes sortes d'objets et de pièges étranges. Collectez les &quot;Portes&quot; le plus rapidement possible pour retourner au &quot;Pays des bonbons&quot;.
Kaseki Sousei Reborn (Japan) (SGB Enhanced)	Kaseki Sousei Reborn sur Game Boy est un jeu de rôle exclusivement sorti au Japon en 1998. Très ressemblant à Pokémon, le soft vous propose d'incarner un jeune homme qui part explorer le monde avec sa pelle, un animal et tout son courage. Le première lui permet de dénicher des trésors alors que le second le défend des créatures ennemies. Le monstre gagne de l'expérience et devient de plus en plus puissant au fil des combats. Dans Kaseki Sousei Reborn, il y a deux phases de jeu : celles dans les villages durant lesquelles il n'y a aucune menace et où vous pouvez effectuer vos emplettes et celles des donjons. Durant ces dernières, les ennemis sont visibles à l'écran et avancent d'une case à chacune de vos actions comme dans un Dungeon-RPG classique.
Kattobi Road (Japan)	Kattobi Road est un jeu de course exclusivement sorti au Japon en 1993. Le titre propose de nombreux types de véhicules comme les formules 1 ou les voitures de sport en passant par les camions. Le gameplay de Kattobi Road impose de jouer en transmission manuelle.
Keitai Keiba Eight Special (Japan)	Keitai Keiba Eight Special est un jeu de prédiction de courses de chevaux. Il a deux modes de jeu: le mode simple et le mode avancé. Vous pouvez également enregistrer les données saisies en mode simple et les utiliser en mode détaillé. Bien qu'il ait été porté à partir de la Super Nintendo, il a été bien reçu, contrairement à l'original, car il était plus facile de faire des prédictions avec une Game Boy où que ce soit (à l'hippodrome par exemple).
Ken Griffey Jr. Presents Major League Baseball (USA, Europe) (SGB Enhanced)	Major League Baseball est un jeu de baseball sorti sur GameBoy en 1994. Le jeu possède la licence Major League Baseball, mais pas la licence des joueurs de cette ligue, ce qui signifie que le jeu propose de vrais stades et de vraies équipes, mais pas de vrais joueurs (à part Ken Griffey Jr.).
Kenyuu Densetsu Yaiba (Japan)	Kenyuu Densetsu Yaiba sur Game Boy est un jeu inspiré du manga et anime éponyme écrit par Aoyama Gosho, le créateur de Détective Conan. C'est un jeu d'action-plateformes classique développé et édité par Banpresto en 1994. Yaiba est un jeune samouraï d'une dizaine d'année, élevé dans la jungle par son père, Kenjûrô, qui va vivre une vie citadine pleine de découvertes. Le jeu reprend les arcs Pyramide et Émeraude du manga (qui n'ont pas été adaptés en anime). Il se décline par ailleurs en chapitres dans ce jeu, que le joueur peut suivre comme bon lui semble à partir du deuxième jusqu'au sixième. Un boss l'attend à la fin de chacun de ces chapitres.
Kid Dracula (USA, Europe)	Kid Dracula sur Gameboy vous met dans la peau d'un vampire qui est pote avec la mort. Dans un jeu de plates-formes, vous traversez 8 niveaux dans lesquels vous pouvez apprendre des sorts comme la classique transformation en chauve-souris.
Kid Icarus - Of Myths and Monsters (USA, Europe)	Kid Icarus of Myths and Monsters sur Gameboy est un mélange de jeux de plates-formes et d'action. En tant que Pit, l'ange guerrier, vous devez en effet tirer à l'arc, récupérer des objets et explorer des donjons pour trouver les trois trésors sacrés. Et c'est seulement après tout cela que vous serez en mesure d'affronter Medusa, la déesse des Ténèbres qui menace votre royaume.
Kidou Keisatsu Patlabor - Nerawareta Machi 1990 (Japan)	Patlabor : The Mobile Police sur Game Boy est un soft mêlant action et RPG. Aux commandes d'un mécha de la police, vous devez faire régner l'ordre dans la cité. Au contact avec les armures ennemies, un mode combat au tour par tour s'enclenche. C'est après avoir sélectionné cing types d'attaque que le sort de l'affrontement se joue selon les caractéristiques de chacun des protagonistes. Le jeu incite à l'exploration pour dénicher tous les adversaires et trouver des points d'accès à des codes permettant de sauvegarder la progression.
Killer Instinct (USA, Europe) (SGB Enhanced)	Killer Instinct est un jeu de combat en sorti sur DS. Vous avez le choix parmi dix personnages. Ce jeu est célèbre pour ses combos dévastateurs donc entraînez-vous dans le mode Practice pour réussir à maîtriser les coups spéciaux de chacun et ensuite lancez-vous dans le mode Arcade ou défiez un ami qui possède lui aussi le jeu.
King of Fighters '95, The (USA) (SGB Enhanced)	The King of Fighters '95 est un jeu de combat 2D tournant sur Gameboy. Ici 26 personnages aux styles différents s'affrontent pour obtenir le titre de &quot;King of Fighters&quot;. Très vite les participants au tournoi vont s'apercevoir que l'enjeu de ce tournoi est très différent de ce qu'ils avaient imaginé.
King of Fighters, The - Heat of Battle (Europe) (SGB Enhanced)	The King of Fighters - Heat Of Battle est un jeu de combat, proposant d'incarner 27 combattants différents dans un tournoi d'arts martiaux afin d'obtenir le titre de &quot;King Of Fighters&quot;
Kingdom Crusade (USA)	Ta quête, courageux héros, est d'une extrême urgence. Le destin du royaume repose entre tes mains, tu dois vaincre ton ennemi en prenant le contrôle de son armée et de ses forteresses. Utilisez votre armée à bon escient, car, bien que vous ayez votre propre légion de sorciers, de géants, de paladins et de chevaliers, l'armée ennemie est équipée de la même façon et se battra pour sa propre croisade. Bonne chance et que le front mystique de Merlin vous guide sur votre chemin.
Kingyo Chuuihou! - Wapiko no Wakuwaku Stamp Rally! (Japan)	Dans ce jeu, une chasse aux tampons est organisée à l'école Inaka, et Wapiko, le personnage-joueur, souhaite être la première à tous les collecter. Le joueur contrôle Wapiko à travers l'école et a pour but de terminer un nombre défini de mini-jeux, jouables lors d'interactions avec des PNJ ou certaines salles. Compléter un mini-jeu permet d'obtenir un tampon échangeable contre des points. Un certain nombre de points atteint, il faudra que le joueur se dirige au gymnase pour se frotter au mini-jeu final.
Kingyo Chuuihou! 2 - Gyopi-chan o Sagase! (Japan)	Kingyo Chuuihou! 2 Gyopichan o Sagase! est le deuxième opus vidéoludique de la série manga Kingyo Chuuihou!, sorti un an après Wapiko no Wakuwaku Stamp Rally! Le but de ce jeu d'action est de retrouver Gyopi-chan qui a été kidnappé. Lorsque vous faites le tour du bâtiment de l'école, un mini-jeu démarre soudainement et vous pouvez faire avancer l'histoire en le complétant. Au fur et à mesure que vous progressez dans l'histoire, il y a des scènes où des mini-jeux commencent, et ainsi de suite. En plus du mode histoire, il existe également un mode où vous ne pouvez profiter que des mini-jeux, un mode de jeu où vous pouvez conter l'avenir, et un mode téléphone où vous pouvez enregistrer les anniversaires et les numéros de téléphone de vos amis.
Kinin Koumaroku Oni (Japan)	Vous plaçant dans la peau d'un jeune guerrier, le soft vous propose de vivre une aventure riche en exploration et en affrontements. Comme la majorité de titres du genre, vous devez explorer un mode ouvert parsemé de nombreux villages à sauver et de donjons à vider de leurs présences maléfiques. Les combats se déroulent au tour par tour et permettent d'engranger de l'argent pour s'offrir de meilleurs équipements dans les boutiques ainsi que des points d'expérience améliorant les statistiques du héros. L'action prend place dans le Japon médiéval avec le folklore japonais qui y est lié.
Kinnikuman - The Dream Match (Japan)	Kinnikuman : The Dream Match est un jeu de catch sur Game Boy adapté du manga éponyme et plus connu en France sous le nom de Muscleman. Le soft propose six personnages possédant tous une palette de coups propre à chacun. En combat, les coups de pied, de poing ainsi que les prises remplissent peu à peu la jauge de super qui permet de déclencher des attaques dévastatrices
Kirby's Block Ball (USA, Europe) (SGB Enhanced)	Kirby's Block Ball est un jeu de casse-briques sur Gameboy où Kirby fait office de grosse boule qui rebondit sans cesse. Diverses salles sont à débloquer et plusieurs bonus tombent du ciel comme tout casse-briques qui se respecte.
Kirby's Dream Land (USA, Europe)	Kirby's Dream Land est un jeu de plates-formes sur Gameboy qui est le premier opus de la désormais célèbre série des Kirby. Découvrez les pouvoirs du petit bonhomme rose qui peut absorber ses ennemis et également des objets qu'il peut recracher pour se débarrasser des ennemis et il peut également voler, nager, etc.
Kirby's Dream Land 2 (USA, Europe) (SGB Enhanced)	Kirby's Dream Land 2 est un jeu de plates-formes sur Gameboy de la célèbre série de notre petit bonhomme rose. Découvrez ses pouvoirs qui lui permettent d'absorber ses ennemis et également des objets qu'il peut recracher pour anéantir ses adversaires, il peut aussi voler, nager, etc. On a désormais la possibilité d'être accompagné d'animaux pour nous aider (le hibou, le hamster...).
Kirby's Pinball Land (USA, Europe)	Retrouvez l'univers de la petite boule rose dans un contexte assez inattendu : Kirby's Pinball Land sur Gameboy place Kirby dans un jeu de flipper où il fait office de bille. Le jeu contient trois tables de flipper de trois étages chacune et un boss pour chaque fin de niveau.
Kirby's Star Stacker (USA, Europe) (SGB Enhanced)	Kirby's Star Stacker sur Gameboy est un jeu de réflexion de type Tetris. Vous devez empiler des blocs aux formes différentes pour créer des lignes afin de les faire disparaître et ainsi de suite. Le jeu est composé de plusieurs modes : un Contre La Montre, un mode Défi et un mode Histoire.
Kitchen Panic (Japan)	Kitchen Panic est un jeu de plates-formes en 2D qui met en scène une pomme de terre. Une armée de boîtes de conserve et d'autres produits alimentaires s'est emparée de la cuisine, et Patate doit les arrêter ! Chaque niveau tentaculaire est conçu à la fois pour l'exploration et la vitesse, car dans chaque étape il y a dix marmites de sauce spéciale cachées, mais le jeu garde aussi en mémoire votre meilleur temps sur chaque étape. Potato a une capacité spéciale unique pour l'aider : il peut tourner en plein air comme un certain hérisson, et utiliser la force pour se lancer plus loin et plus vite qu'il ne peut courir. Une vrille vers l'avant le lancera vers l'avant, et une vrille vers l'arrière le lancera droit vers le haut. Cela facilite grandement l'exploration de chaque étape, permettant des sauts très longs ou très hauts. Il existe également un certain nombre de power-ups, dont Ice Potato et Rocket Potato. Le jeu est composé de plusieurs zones, chacune comportant six niveaux. À la fin de chaque zone, Patate doit affronter un boss ennemi sur le thème de la nourriture, comme une pile d'assiettes ou un cône de glace géant.
Kiteretsu Daihyakka - Bouken Ooedo Juraki (Japan)	Kiteretsu Daihyakka - Bouken Ooedo Juraki est un jeu d'action à défilement latéral est basé sur une série télévisée d'animation. Vous contrôlerez Korosuke à travers les huit mondes qu'il devra traverser pour sauver ses amis qui ont été kidnappés.
Kizuchi da Quiz da Gen-san da! (Japan)	Kizuchi da Quiz da Gen-san da!, comme le nom peut vous le suggérer, est un jeu de quiz, sorti uniquement au Japon en 1992 pour la Game Boy, s'inscrivant dans l'univers de Hammerin' Harry. Il s'agit d'un jeu de quiz simple, composé de question à 3 ou 4 choix de réponses. Le joueur doit avancer sur le plateau de sugoroku de case en case, automatiquement, et répondre aux 10 questions que chacune des cases proposent. Il faut prendre en compte la présence de points de vie, inhérents au gameplay, qui, lorsqu'ils passent de 100 à 0, obligent le joueur à faire face à un game over. Si l'on répond mauvais à l'une des questions du quiz en cours, dix points de vie sont ôtés, mais dix autres sont obtenus si l'on parvient à terminer le questionnaire d'une case, contre vingt si toutes les dix réponses sont exactes. À la fin du plateau, le joueur est attendu par le boss. Une fonction d'argent virtuelle est également de la partie ,et permet d'acheter des objets utilisables en cours de jeu.
Klax (USA) (Mindscape)	Klax sur Gameboy est un puzzle-game dans lequel il vous faut disposer des blocs de couleur arrivant sur un tapis, de manière précise afin de les éliminer. Ils disparaissent par groupe de 3 minimum, et ce verticalement, horizontalement, et en diagonale. Plus vous avancez dans le jeu, plus le nombre de blocs de couleur différents s'accroît.
Klustar (Europe) (Proto)	Klustar : un jeu de casse-tête, Travailler votre chemin en faisant tourner les pièces dans des combinaisons correctes est rassembler les pièces en mouvement,pour former un solide carré de blocs. Le jeu se termine lorsque le groupe de pièces devient si grand qu'il ne peut pas entrer dans l'écran.
Knight Quest (USA)	Vous prenez le contrôle d'un jeune homme nommé Will qui veut devenir chevalier. Après avoir accompli avec succès sa première quête pour le roi, il est autorisé à le servir en tant que chevalier et à prendre d'autres quêtes dans lesquelles il doit libérer la terre des monstres et des sorciers maléfiques. Knight Quest est un RPG solo avec des batailles au tour par tour. Vous pouvez explorer la terre, entrer dans les maisons, les auberges et les magasins pour vous reposer, acheter du matériel ou recevoir des informations sur votre quête actuelle. Les ennemis sont visibles et chaque fois que vous en approchez un, vous passez mode de combat. Il existe différents types d'attaques appelées &quot;Swallow&quot;, &quot;Sea Gull&quot;, &quot;Falcon&quot; et &quot;Eagle&quot;, qui infligent différentes quantités de dégâts à différents ennemis.
Koi wa Kakehiki (Japan)	Koi wa Kakehiki est un jeu de puzzle assez unique en son genre, dont le but est de faire se rejoindre deux personnages en déplaçant les tuiles d'une grille, tandis qu'un adversaire essaie d'en faire autant. Les règles sont simples, mais c'est un jeu plutôt sec qui utilise votre tête de manière inattendue.
Konami GB Collection Vol.1 (Japan) (SGB Enhanced)	Konami Gb Collection Vol.1 sur Gameboy est une compilation d'anciens jeux Konami sortis auparavant. Ce volume 1 contient quatre jeux : Gradius, Castlevania : The Adventure, Konami Racing et Contra/Probotector.
Konami GB Collection Vol.2 (Japan) (SGB Enhanced)	Cette cartouche est une compilation des jeux Konami suivants : Block Game, Frogger, Parodius, Track and Field.
Konami GB Collection Vol.3 (Japan) (SGB Enhanced)	Cette cartouche est une compilation des jeux Konami suivants: Bikers, Guttang Gottung, Mystical Ninja & Pop'n Twinbee.
Konami GB Collection Vol.4 (Japan) (SGB Enhanced)	Cette cartouche est une compilation des jeux Konami suivants : Antarctic Adventure, Castlevania II : Belmont's Revenge, Gradius II : Return of the Hero.
Konchuu Hakase (Japan) (SGB Enhanced)	Konchuu Hakase est un jeu de capture d'insectes (activité très populaire chez les enfants japonais) dans un style graphique rappelant les premiers jeux Pokémon. Il est nécessaire de changer les éléments collectés tels que pelles et filets en fonction des insectes. Il est également possible d'élever des insectes capturés.
Koro Dice (Japan) (En)	Korodice est un jeu de puzzle dans lequel nous contrôlons un pointeur qui déplace un dé sur un plateau carré. Notre mission est d'amener le dé dans la position correcte à sa case finale, en évitant de nous bloquer sur notre chemin avec les blocs fixes et en nous aidant avec des carrés qui feront tourner le dé dans une autre position.
Koukiatsu Boy (Japan) (SGB Enhanced)	Koukiatsu Boy est un jeu de bataille avec des cartes développé et édité par Konami. Le jeu dépeint le combat qui oppose l'armée de la haute pression atmosphérique menée par High Pressure Boy, le héros principal, à celle de la pression atmosphérique basse dirigée par le Low Pressure King. Les rois de la pression atmosphérique se partagent paisiblement le monde. Un jour, le Typhoon King, qui constatait les conséquences des actions humaines sur la Terre, mit en péril la balance de pression atmosphérique terrestre, de sorte à imposer une sanction. Dès lors, 90% de la surface de la planète fut recouverte de nuages. Au-delà de la présence humaine et de ses mauvaises actions, il y a aussi d'autres formes de vie qui pâtissent de cette sanction. C'est alors que High Pressure Boy, le petit-fils du roi de la haute pression atmosphérique, se prononça pour mettre fin au problème. Dans ce jeu de cartes, si la pression atmosphérique de l'adversaire est d'au moins 1000 hPa ou plus, l'armée de la haute pression atmosphérique gagne, mais si elle est de moins de 1000 hPa, c'est cette dernière qui perd. Il y a une série de cinq parties dont trois à remporter pour sortir vainqueur.
Krusty's Fun House (USA, Europe)	Krusty's Fun House sur Gameboy est un jeu de réflexion dans lequel vous incarnez le clown pathétique des Simpsons. La maison de Krusty a été envahie par des rats et il vous incombe la tâche de les faire partir en les dirigeant vers des pièges. Pour ce faire, manipulez judicieusement les éléments de l'environnement de manière à conduire les rongeurs dans la bonne direction.
Kuma no Puutarou - Takara Sagashi da Ooiri Game Battle! (Japan) (SGB Enhanced)	Un jeu adapté du manga et de l'anime du même nom. Le but est de trouver le trésor en terminant 8 types de mini-jeux. Le trésor et la &quot;punch line&quot; qui peuvent être obtenus changeront en fonction du résultat du mini-jeu.
Kung-Fu Master (USA, Europe)	Kung-Fu Master est un beat'em all sur Gameboy. Le méchant Mr X a capturé une jolie fille nommée Sylvia. Ainsi le valeureux Thomas, maître en kung-fu, se lance à sa recherche. Dans chaque niveau une flopée de soldats ainsi qu'un boss tenteront de barrer la route à notre héros.
Kuusou Kagaku Sekai Gulliver Boy - Kuusou Kagaku Puzzle Purittopon!! (Japan) (SGB Enhanced)	Dans ce jeu, il y a un mode histoire où le joueur doit réduire les points de vie de l'adversaire à 0 pour gagner, un mode puzzle où il faut effacer tous les blocs selon un certain ordre, et un mode time attack où il faut effacer un certain nombre de quotas selon un temps imparti.
Kwirk - He's A-maze-ing! (USA, Europe)	Kwirk est un titre de Game Boy qui a été sorti en 1990. Le jeu met en vedette Kwirk, une tomate vivante qui va dans les villes sous terre labyrinith, où se déroule le jeu. Au total, il y a trois jeux différents dans la cartouche, y compris &quot;Going Up?&quot;, &quot;Heading Out&quot;, et &quot;Vs. Mode&quot;. L'objectif du jeu est de passer d'un point du niveau à l'autre en déplaçant des blocs vers certains points.
Lamborghini American Challenge (USA, Europe)	En commençant avec une simple Lamborghini de base et 6 000 $, votre objectif est de vous hisser au sommet des 4 divisions de course en remportant des victoires sur 60 circuits à travers les États-Unis. Chaque division compte 20 pilotes rivaux, dont jusqu'à 3 s'affrontent à chaque course. Les courses mettent également en scène de nombreux pilotes locaux (qui peuvent vous ravir, à vous et aux autres pilotes du championnat, des places cruciales), des pilotes du dimanche roulant à vitesse normale, ainsi que des voitures de police. Avant chaque course, vous serez informé du niveau des pilotes locaux et de la probabilité d'une présence policière.
Last Action Hero (USA, Europe)	Last Action Hero sur Gameboy est inspiré du film du même nom mettat en scène Arnold Schwarzenegger. Vous êtes Jack Slater, un héros de films d'action, qui doit tout faire pour empêcher le cruel Benedict de s'emparer du ticket de cinéma magique, permettant de passer de l'écran à la réalité.
Lawnmower Man, The (Europe)	The Lawnmower Man est un jeu de plates-formes/action sur Gameboy adapté du film du même nom (Le Cobaye en français). Un scientifique du nom de Dr. Lawrence conduit des expériences pour améliorer artificiellement l'intelligence de ses sujets. Cependant Jobe Smith, l'un de ses cobayes deviendra violent et obtiendra des pouvoirs de télékinésie. Son but : se venger. Les phases de plates-formes du jeu peuvent amener d'autres phases de jeu en vue à la première personne dans un monde en 3D.
Lazlos' Leap (USA)	Lazlo's Leap est un puzzle-game sorti sur GameBoy en 1992. Chaque puzzle affiche un motif unique dans lequel vous devez sauter une bille avec une autre pour l'éliminer (à la façon d'un jeu de dames). Votre but est d'éliminer toutes les billes sur le plateau mais pour valider la réussite du niveau, la dernière bille doit se retrouver au centre du plateau.
Legend - Ashita e no Tsubasa (Japan)	Vous incarnez un jeune aventurier qui va peu à peu devenir le héros de Legendaria en libérant le royaume du joug démoniaque du roi Gilzeon. Pour cela, vous partez à la recherche de la langue légendaire « Manto » capable de renverser l'esprit maléfique. Accompagné de trois combattants magiques et physiques, ce héros parcourt le pays, visite des donjons et de grands espaces d'une façon totalement libre afin d'engranger de l'or, de l'équipement et de l'expérience pour mener sa quête à bien.
Legend of the River King GB (USA) (SGB Enhanced)	Legend of the River King sur Gameboy est un jeu de rôle dans lequel vous devez attraper un maximum de poissons différents. Plusieurs étapes sont nécessaires : l'achat de l'appât, la sélection du meilleur selon le type de poisson, bien choisir le lieu de pêche, etc. Votre tableau de chasse comprend également des insectes et même des plantes. Avis aux collectionneurs !
Legend of Zelda, The - Link's Awakening (USA, Europe)	Link rentre en bateau vers Hyrule, mais une tempête coule son embarcation. Il s'échoue sur l'île Cocolint, où il doit trouver le Poisson-rêve, le seul être qui puisse l'aider à partir de cette île. Il s'avère que l'île et ses habitants ne sont qu'une illusion produite par le Poisson-rêve, endormi et enfermé dans un œuf géant posé sur le mont Tamaranch. Link doit le réveiller pour mettre fin à ces cauchemars. Durant le jeu, Link se déplace dans une carte du monde affichée en vue de dessus, mais explore également plusieurs donjons labyrinthiques pour la plupart souterrains afin de trouver les objets lui permettant d'avancer dans sa quête, qui consiste à trouver les huit instruments de musique des sirènes, qui vont lui permettre de réveiller le Poisson-rêve. La princesse Zelda, Ganon et la Triforce ne figurent pas dans cet épisode.
Legend of Zelda, The - Link's Awakening DX (USA, Europe) (Proto) (1998-11-08)	Le nouveau défi de Link se déroule sur la mystérieuse île de Cocolint, un lieu où rêves et réalité se confondent. Naufragé, Link doit trouver un moyen de s'échapper de l'île pour regagner sa chère terre d'Hyrule. Mais la tâche sera ardue. Les habitants de l'île ignorent tout du monde extérieur. Une créature, un hibou parlant, semble toutefois connaître la solution au dilemme de Link. Avant cela, il devra affronter huit donjons remplis de monstres redoutables et de pièges sournois. Son objectif : retrouver les huit Instruments des Sirènes et réveiller le Poisson-Rêve, l'être tout-puissant qui gouverne l'île.
Lemmings (USA)	Votre tâche dans Lemmings sur Gameboy et Gameboy Color est de secourir les petites créatures aux cheveux verts sur 120 niveaux. Un pourcentage d'individus à maintenir en vie vous est indiqué pour chaque mission. A vous de vous adapter à la configuration du terrain de jeu en assignant des tâches telles que creuser, construire un escalier ou encore bloquer le passage dans l'optique de ramener à bon port vos infatigables Lemmings.
Lemmings 2 - The Tribes (Europe)	Lemmings 2 : The Tribes est le deuxième épisode de la série Lemmings sur Gameboy. Tout comme dans le précédent opus, il faut diriger les Lemmings d'un point à un autre. Cependant, cette fois-ci, douze tribus de Lemmings différentes sont jouables avec pour chacune des actions et décors différents. Un mode Entraînement permet de tester les 60 compétences disponibles. Encore une fois, le jeu propose en tout 120 niveaux, dix par tribu.
Lethal Weapon (USA, Europe)	Dans ce jeu, basé sur la série de films, vous pouvez choisir de jouer en tant que Martin Riggs ou Roger Murtaugh pour compléter quatre missions principales, avant d'en effectuer une cinquième bonus. Pour chaque mission, vous pouvez choisir le personnage le plus approprié, vous promener, sauter et nager, donner des coups de pied ou tirer sur les adversaires, vous devez arrêter les crimes dans votre bien-aimée L.A.
Lingo (Europe) (En,Fr,De,Nl)	Lingo est en fait le nom anglais donné au célèbre jeu Motus. Ce jeu gameboy en est donc son adaptation vidéoludique, et propose de jouer dans plusieurs langues dont le francais.
Lion King, The (World) (Disney Classic Games)	Le Roi Lion est l'adaptation sur Gameboy du film de Disney sorti en 1994. Vous parcourez la savane avec Simba, de son plus jeune âge jusqu'à son retour dans la tribu des lions à l'âge adulte. Tous les personnages et passages du film sont présents, de même que les musiques qui permettent aux nostalgiques de plonger pleinement dans l'univers d'un des classiques de Disney.
Little Master - Raikuban no Densetsu (Japan)	Vous incarnez un guerrier qui se nomme Rim Ryukeban et vous devez protéger le royaume de Reinak en accomplissant les différentes missions proposés par votre souverain. Durant les combats, vous pouvez déplacer vos unités sur une grille en prenant en compte leurs forces et leurs faiblesses. Vous pouvez également combiner des unités pour créer un puissant compagnon. L'animation des scènes de bataille est fluide.
Little Master 2 - Raikou no Kishi (Japan)	Little Master 2: Raikou no Kishi fait suite au jeu précédent Little Master: Raikuban no Densetsu. Ce jeu sur Game Boy est considéré comme le chef-d'œuvre de la série. Le système de base reste le même, mais le niveau maximum est passé de 8 à 16. Bien que les types d'unités aient augmenté, certains personnages ont été supprimés. Le nombre de cartes a, lui, plus que doublé. Par ailleurs, un système de sauvegarde automatique a été ajouté dans cet opus, et la mise à mort spéciale de l'ennemi devient encore plus menaçante. Le graphisme a été encore affinée.
Little Mermaid, The (USA)	les amis d'Ariel sont en danger! Ursula, la méchante sorcière de la mer, a jeté un sort sur toutes les créatures aquatiques. Pour sauver ses amis, Ariel plonge dans la mer. Mais l'eau est pleine de méduses, d'homards, d'anguilles et de poissons-lames, Ariel devra échapper au danger et vaincre ursula à temps pour sauver la mer.
Lock n' Chase (World)	Basé sur le principe mondialement connu de Pac-man, Lock'n Chase sur Gameboy vous propulsera dans la peau d'un malfrat venant de cambrioler une banque. Le maladroit ne va pas tarder à égarer une à une ses précieuses pièces jaunes. C'est donc à vous de les récupérer dans chaque plateau, mais attention au policier qui vous pourchassera où que vous alliez !
Looney Tunes (USA, Europe)	Looney Tunes est un jeu de plates-formes sorti sur Gameboy. Bugs Bunny, Titi, Gros Minet, Taz, Porky, Speedy Gonzales et Daffy Duck seront tour à tour vos compagnons de jeu, chacun devant se coltiner une mission bien précise. En effet les personnages se retrouvent dans une situation particulière et possèdent leurs propres attaques.
Looney Tunes 2 - Tasmanian Devil in Island Chase (USA, Europe)	Taz-Mania sur Gameboy est un jeu de plates-formes tiré de l'univers franchement coloré des Looney Tunes. Dans cet opus, Taz est à la recherche d'un oeuf géant, caché dans une vallée perdue. Selon la légende, cet oeuf serait assez gros pour nourrir une famille pendant une année... Composé de 12 niveaux, le jeu restitue entre autres la fameuse attaque tornade de Taz pour se défendre.
Loopz (World)	Loopz est un jeu vidéo de réflexion imaginé par Ian Upton, le principe de jeu se situe entre Tetris et Pipe Mania. Des pièces de formes diverses apparaissent les unes après les autres sur un tablier rectangulaire. Le but du jeu est de faire disparaître les pièces en les disposant de manière à former des boucles (loop en anglais), c'est-à-dire des circuits fermés.
Lost World, The - Jurassic Park (USA, Europe) (SGB Enhanced)	The Lost World : Jurassic Park sur Gameboy est un jeu de plates-formes inspiré du 2ème long-métrage de la série des Jurassic Park. Vous y incarnez Alan Grant, un scientifique des laboratoires InGen envoyé sur l'île d'Isla Sorna où les dinosaures sont toujours en liberté. A travers les 8 niveaux du soft, vous devrez ramasser des objets comme des oeufs de dinosaures, des disquettes ou des échantillons d'ADN tout en prenant garde aux bêtes préhistoriques et aux rivaux des labos BioSyn.
Lucky Luke (Europe) (En,Fr,De,Es)	Apprenez à tirer plus vite que votre ombre avec cette adaptation sur Gameboy de la bande dessinée Lucky Luke. En incarnant le célèbre cow-boy, vous parcourez les saloons et déserts du Far West en compagnie de votre cheval Jolly Jumper. Le héros n'a pas le temps de se reposer, entre les évadés de prison, les bandits, les indiens, et surtout les Daltons. Pour les arrêter, le cow-boy se sert bien entendu de son revolver mais aussi de bâtons de dynamite.
Lucle (Japan, Europe) (En)	Dans LUCLE, le joueur contrôle un vaisseau spatial qui est échoué sur une planète étrangère. Pour la quitter, il faut trouver un champ d'énergie par niveau. Le plus gros problème est la construction du vaisseau: deux cockpits ronds reliés par une tige rigide. Un des cockpits est toujours fixe tandis que l'autre peut être tourné autour de lui. En alternant entre les deux cockpits, le navire se déplace autour du niveau, mais bien sûr cela rend plus difficile la navigation dans des passages étroits. Il y a des power-ups utiles à collecter comme une boussole par exemple et des obstacles qu'il ne faut surtout pas toucher. Chaque niveau doit être résolu dans un laps de temps limité mais il n'y a pas de nombre restreint de vies.
Lunar Lander (Japan) (En)	Lunar Lander est un jeu d'exploration spatiale. Pilotez votre navette spatiale à travers l'espace en suivant les flèches de guidage affichées à l'écran. Si vous ne respectez pas à la lettre les indications, votre progression est ralentie et vous manquerez de carburant avant de quitter la gravitation terrestre. Vous devez également garder un œil sur votre compresseur, car il doit être constamment à un niveau élevé pour que les fusées accélère suffisamment. Trop alimenté, le compresseur épuisera rapidement votre réserve de carburant, il faudra donc veiller à bien jauger pour que le décollage soit réussi.
Madden 95 (USA, Europe) (SGB Enhanced)	Madden NFL 95 sur Gameboy vous offre la possibilité de jouer avec toutes les équipes de la NFL de 1994. Vous pouvez choisir entre le match simple, le championnat, les playoffs ou encore le Super Bowl. Le jeu permet aussi de choisir les conditions climatiques dans lesquelles vous voulez jouer. Enfin, chose bien plus intéressante encore dans ce genre de simulation, plus de cent blessures pourront être infligées !
Madden 96 (USA, Europe) (SGB Enhanced)	Madden NFL 96 sur Gameboy est en tout point similaire à sa version antérieure à l'exception évidente que vous aurez la possibilité de jouer avec les équipes présentes en NFL en 1995. Vous pouvez choisir d'effectuer un match simple, une saison complète ou de disputer le Super Bowl.
Madden 97 (USA) (SGB Enhanced)	Madden NFL 97 est un jeu de football américain sur Gameboy. Retrouvez plus de cent équipes officielles de la National Football League mais aussi des équipes de légende. Amenez votre favorite jusqu'au Super Bowl ou retracez sa saison complète NFL et ses Playoffs.
Maerchen Club (Japan)	Ce jeu de société est comme une combinaison de Shogi et de bataille de cartes. Vous déplacez vos propres pièces et battez les pièces du roi ennemi pour terminer la partie. Vous pouvez également jouer contre d'autres joueurs. &quot;Déplacez vos pièces comme aux échecs et combattez lorsque vous rencontrez un ennemi. Le jeu se joue comme un RPG de sélection de cartes. Il y a des ninjas, des dragons, des lapins, des soldats de plomb et des robots de plomb. Il n'y a aucun lien entre les différents types de pièces, et ils sont tous assemblés dans un désordre complet. Mais c'est ce qui le rend amusant. Il est difficile de se souvenir des personnalités des pièces.
Magic Knight Rayearth (Japan) (SGB Enhanced)	La Princesse Emeraude, garante de la paix au Royaume Cephiro a été kidnappée. Magic Knight Rayearth sur Gameboy vous propose d'incarner trois chevaliers qui devront battre le seigneur Zagato et toutes les créatures qui ont envahi le royaume pour sauver la princesse et rétablir la paix.
Magical Taruruuto-kun (Japan)	Magical Taruruuto-kun (ou Magical Taluluto) sur Game Boy est un jeu de plateforme adapté du manga éponyme créé par Tatsuya Egawa à la fin des années 80. Dans ce soft au scrolling horizontal, vous incarnez le héros qui doit traverser des niveaux en évitant les nombreux pièges et les précipices. Il est aidé dans sa quête par son petit acolyte ailé à qui il est possible de donner plusieurs directives afin de vous protéger mais également d'attaquer. Ce dernier propose même un mini-jeu de descente à ski.
Magical Taruruuto-kun 2 - Raibaa Zone Panic!! (Japan)	Magical Taruruuto-kun 2: Raibaa Zone Panic!! fait suite à Magical Taruruuto-kun, également sorti sur Game Boy. Cette fois, cet opus intègre des éléments de jeu de puzzle.
Magnetic Soccer (Europe)	Magnetic Soccer est un jeu GameBoy sorti exclusivement en Europe qui a été publié en 1992; il s'agit d'une simulation de Baby Foot. Les équipes sont composées de 8 joueurs : un gardien de but, deux défenseurs, trois milieus de terrain, et deux attaquants.
Mahoujin GuruGuru - Yuusha to Kukuri no Daibouken (Japan) (SGB Enhanced)	Bien qu'il soit référencé comme RPG, l'originalité de ce titre tient au fait que les combats se déroulent sous forme de mini-jeux. D'ailleurs, il existe un mode scénario et un mode où vous pouvez ne profiter que des mini-jeux sous forme de compilation. Fondamentalement, le scénario se déroule selon l'histoire originale. Le jeu est composé de 13 Tours à explorer et vous pouvez choisir de jouer soit Nike, soit Kukuri. Mahōjin Guru est a la base un Gag-manga et les graphismes et l'ambiance globale du jeu le rappellent bien. Cependant, le niveau de difficulté des mini-jeux eux-même n'est pas élevé; vous pouvez donc vous sentir un peu insatisfait qu'il se termine trop facilement si vous êtes fan de RPG.
Makaimura Gaiden - The Demon Darkness (Japan)	Jeune guerrier d'Etruria, Firebrand sentraîne chaque jour pour devenir une gargouille digne de ce nom. Un beau jour, alors qu'l combattait dans une autre dimension, Etruria fut prise d'assaut par une lumière noire qui détruisit la ville entière Firebrand eut le temps d'arriver jusqu'au roi avant que ce dernier ne pousse son dernier soupir. Dorénavant, notre héros devait partir résoudre le mystère autour de cette lumière maléfique. Cette version Game Boy est un portage quasi exact de la version NES. Quelques éléments y ont cependant été ajoutés comme deux niveaux supplémentaires et quelques autres détails plus mineurs.
Malibu Beach Volleyball (USA)	Avec Malibu Beach Volleyball, Activision vous propose de vous initier à ce sport encore peu populaire chez nous. Les règles officielles du beach volley sont respectées dans ce jeu vidéo à l'exception du fait que, lorsque l'équipe qui recevait le service remporte l'échange, elle ne marque pas de point mais gagne le droit de servir.
Mani 4 in 1 - Tetris + Alleyway + Yakuman + Tennis (China) (Ja)	Cette chose n'est pas si étrange : il s'agit d'un multicart sous licence, conçu spécialement pour le marché chinois, qui contient quatre jeux Tomy : Ganbaruga, Raijinou, Zoids et Miracle Adventure of Esparks. Il a en fait été commercialisé par le distributeur de Nintendo à Hong Kong, Mani (bien que son nom n'apparaisse pas sur le carton), avec au moins un autre contenant des jeux Taito. On peut supposer qu'il s'agissait d'une tentative officielle de concurrencer les multicartes pirates qui inondent le marché, mais étant donné que l'on n'en voit pratiquement jamais et que les pirates sont partout, le succès semble avoir été minime. Il est intéressant que Mani l'ait fabriqué en Chine, car tous les jeux Game Boy sous licence des autres régions étaient fabriqués par Nintendo au Japon.
Marble Madness (USA, Europe)	Une adaptation du jeu d'arcade. Marble Madness est un jeu de labyrinthe abstrait pour un ou deux joueurs selon la plateforme. Le but est de guider une petite bille de verre à travers un labyrinthe tridimensionnel et d'atteindre la ligne d'arrivée avant la fin du temps imparti. Les secondes restantes sur le chronomètre lorsque la ligne d'arrivée est franchie sont transférées au niveau suivant. En plus de devoir faire naviguer la bille sur des passerelles et des rampes dangereuses, de nombreux obstacles et des créatures hostiles tenteront de ralentir la progression de la bille ou de la faire tomber du bord d'une plate-forme, faisant perdre encore plus de précieuses secondes jusqu'à ce qu'une bille de remplacement apparaisse.
Mario's Picross (USA, Europe) (SGB Enhanced)	Mario's Picross sur Gameboy est, comme son nom l'indique, un jeu basé sur le picross dans l'univers du plombier à moustaches. Le but est de révéler un dessin caché en noircissant des cases que Mario vous aide à trouver grâce à des indices longeant l'écran. La difficulté est progressive et les dessins plus longs à révéler. Chaque erreur pénalise le joueur d'un peu de temps en moins sur le chrono.
Maru's Mission (USA)	Incarnez le ninja Maru dans ce jeu d'action qui vous fera voyager à travers le monde. Pendant que Maru sort avec sa petite amie Cori, un méchant samouraï nommé Muramasa apparaît soudainement et l'enlève. Au cours des aventures de Maru pour la retrouver et la sauver, il doit faire face à un certain nombre de monstres mythologiques tout en acquérant de nouvelles armes puissantes afin de les vaincre. Utilisant les indices laissés par ses ennemis, Maru suivra une piste qui le mènera à travers six niveaux différents - y compris les forêts infestées par les insectes de l'Amérique et les déserts brûlants de l'Egypte. Aidez notre héros dans sa mission alors qu'il se bat pour sauver Cori.
Masakari Densetsu - Kintarou Action Hen (Japan)	Voyagez avec Kintaro en mission pour retrouver son père perdu. Sumo avec des ours. Combattez le grand démon. Et mangez beaucoup de boulettes de riz tout en explorant un monde coloré d'amis mystérieux et d'ennemis redoutables. Le premier volet de la gamme de jeux Tonkinhouse mettant en vedette le héros légendaire Kintaro. Ce jeu d'action de type Mario et ponctué au cour de l'aventure de mini jeux.
Masakari Densetsu - Kintarou RPG Hen (Japan) (SGB Enhanced)	Une histoire comique dans laquelle Kintaro et Kuma jouent un rôle actif dans le sauvetage de l'idole Kaguya Hime qui a été kidnappée par un démon.
Master Karateka (Japan) (En)	Master Karateka: En tant que maître en karaté et seul survivant de votre village, vous devez affronter le méchant Akuma et vaincre son armée pour sauver votre bien-aimée Mariko et obtenir votre revanche.
Maui Mallard in Cold Shadow (USA)	Donald joue le rôle d'un détective appelé Maui Mallard, à la recherche d'une idole ancestrale dérobée. Lorsque Donald est en Maui Mallard, il a un pistolet et doit parcourir les niveaux en collectant le plus de trésors possible. Une fois qu'il se transforme en Ninja Maui, il possède un bâton qu'il utilise pour escalader des murs.
Maus, Die (Europe) (En,Fr,De,Es)	Die Maus est un jeu de réflexion développé par Bit Managers et édité par Infogrames, sorti en Europe en 1997 sur GameBoy.
Max (Europe)	Dans Max, le joueur prend le contrôle de Max et doit sauver la galaxie du méchant Draco. Il doit libérer sept planètes qui équivalent à sept niveaux de plate-forme à défilement latéral. Outre la possibilité de tirer et de sauter, il a aussi une corde d'escalade qui peut être tirée verticalement vers le haut, s'accrocher à l'architecture de niveau et tirer Max vers le haut. Après le troisième contact avec les nombreux ennemis ou leurs balles, Max meurt. Les power-ups consistent en deux améliorations pour le pistolet.
Medarot - Kabuto Version (Japan) (SGB Enhanced)	Le jeu suit Hikaru Agata au début de son adolescence. Un jour où Hikaru emmène son chien, Bonaparte, se promener dans le parc, le chien effraie un membre du gang Roborobo qui laisse tomber une médaille dans le processus. Hikaru récupère la médaille, mais quand il va la remettre au bureau local de Select, on lui dit qu'il peut la garder. Hikaru reçoit un Tinpet et un ensemble de pièces de son père, qui devient alors son premier Medabot. Au cours du jeu, Hikaru combat de nombreux membres du gang Roborobo causant des problèmes dans la ville, dont un utilisant un faux requin pour effrayer les amateurs de plage. En réponse, le gang Roborobo exécute des complots de plus en plus sournois et dramatiques contre Hikaru dans l'espoir de lui récupérer avec force la médaille.
Medarot - Kuwagata Version (Japan) (SGB Enhanced)	Le jeu suit Hikaru Agata au début de son adolescence. Un jour, alors qu'il promène son chien, Bonaparte, dans le parc, celui-ci effraie un membre du gang des Roborobos, qui laisse tomber une médaille. Hikaru ramasse la médaille, mais quand il va la rendre au bureau local de Select, on lui dit qu'il peut la garder. Hikaru reçoit de son père un Tinpet et un jeu de pièces détachées, qui devient alors son premier Medabot. Au cours du jeu, Hikaru combat de nombreux membres du gang des Roborobos qui sèment le trouble dans la ville, dont un qui utilise un faux requin pour effrayer les baigneurs. En réponse, le gang des Roborobos met en place des complots de plus en plus sournois et dramatiques contre Hikaru dans l'espoir de lui reprendre la Médaille par la force.
Medarot - Parts Collection (Japan) (SGB Enhanced)	Le personnage principal est dans un décor qui semble être un rêve. C'est une série de jeux complémentaires qui se concentrent principalement sur les robots et l'obtention de Medaparts et de médailles pour Medabots. Chaque jeu contient toutes les parties et médailles qui sont apparues dans des versions séparées de leurs titres associés et peuvent être échangées entre les jeux principaux, aidant ainsi à compléter les collections.
Medarot - Parts Collection 2 (Japan) (SGB Enhanced)	A l'instar de son prédécesseur, Medarot : Parts Collection 2 regroupe tout le contenu issu des deux versions du premier Medabots Game Boy (Kuwagata Version et Kabuto Version). Même si ce dernier propose une intrigue différente basé sur un personnage principal inédit, vous avez toujours la possibilité d'augmenter votre collection de Medabots et de les transférés sur l'une des deux versions de bases.
Mega Man - Dr. Wily's Revenge (USA)	Toujours entouré de ses robots de combats, le Dr Wily menace de nouveau la tranquillité de la planète. Pour contrer ses plans, Mega Man doit enfiler son armures et botter l'arrière train metallique de tous les ennemis. Si Mega Man : Dr. Wily's Revenge est le premier volet de la série à être sorti sur Gameboy, le gameplay reste centré autour de l'action plate-forme et sur l'acquisition de nouveaux pouvoirs en battant les robots.
Mega Man II (USA)	Le Dr Wily est de retour dans Mega Man II sur Game Boy et dispose de deux androïdes supplémentaires pour faire face à notre héros. Retrouvez le petit robot bleu du Dr Light dans un jeu d'action trépidant composé de huit mondes à traverser dans l'ordre que l'on veut, chaque monde recelant une nouvelle arme pouvant faciliter la suite du jeu. Un système de mot de passe est également ajouté, afin de pouvoir relancer sa partie là où nous l'avons quittée.
Mega Man III (USA)	Entouré de ses robots, le Dr Wily a construit une plate-forme pétrolière au milieu de l'océan. Dans ce jeu d'action plate-forme, Mega Man doit se rendre là-bas pour arrêter ses agissements. Malheureusement, le chemin jusqu'à son ennemi n'est pas sans danger et il faudra au préalable battre les 8 nouvelles créations de Wily. Mega Man III sur Gameboy introduit également un nouveau chasseur de Mega Man du nom de Punk.
Mega Man IV (USA)	Le Dr. Wily profite de la foire annuelle des robots pour mettre à l'oeuvre son nouveau plan de domination du monde. Mega Man n'a pas le choix et doit repartir au combat. Mega Man IV est le quatrième volet de la série d'action plate-forme à sortir sur Gameboy. Cet épisode introduit quelques nouveautés dont le magasin pour améliorer son équipement.
Mega Man V (USA) (SGB Enhanced)	Mega Man V est le dernier volet de la série &quot;Mega Man World&quot; (&quot;Rockman World&quot; en japonais) à être sorti sur Gameboy. Pour autant, nous pouvons retrouver toutes les composantes action plate-forme des débuts. Mega Man part cette fois dans l'espace pour affronter quelques nouveaux robots au nom de planètes - les Stardroids - et le Dr Wily. Il sera aidé par le Dr Light et Tango le chien robot. Cet épisode est également le seul de la série a etre au format Super Game Boy et a avoir sa propre histoire. Les précédents opus etant des adaptations des épisode de la serie NES.
Megalit (USA, Europe)	Le but de Megalit est de résoudre une série d'énigmes de plus en plus difficiles à travers six tours. Chaque tour est divisé en cinq étapes. Contrôler le héros qui a été transformé en une pierre ronde, vous devez repositionner un monticule empilé de blocs de sorte que chaque pièce individuelle peut librement toucher le sol. Les blocs ne peuvent tomber que d'un niveau à la fois, sinon ils se briseront à l'impact et le joueur perdra automatiquement le niveau. Megalit propose deux niveaux de difficulté: Easy et Quest. Quest Mode réorganise les casse-tête dans un modèle plus difficile et ajoute une limite de temps dans laquelle le joueur doit les résoudre. La cartouche de jeu utilise une fonction de mot de passe, permettant au joueur de revenir à un niveau précédemment débloqué.
Megami Tensei Gaiden - Last Bible (Japan)	Megami Tensei Gaiden : Last Bible est un jeu de rôle développé par Multimedia Intelligence Transfer et publié par Sega, qui est sorti au Japon en 1994. Il s'agit du dernier titre de la série populaire de RPG &quot;Megami Tensei&quot;. En plus du mode histoire normal, il existe également un mode où vous pouvez jouer contre les démons de vos amis. Une version minuscule de Megami Tensei. La carte est petite, et l'histoire est un peu forcée, probablement en raison de la capacité limitée du Game Boy.
Megami Tensei Gaiden - Last Bible II (Japan)	Dans le jeu de rôle Megami Tensei Gaiden : Last Bible II sur Gameboy, une ancienne prophétie raconte qu'un bébé naîtra et rétablira une présence divine dans le royaume de Magoku, terre des démons. Le roi fait donc appel à une armée pour trouver l'enfant et le tuer. Vous rejoignez cette armée. Sur votre route, vous pourrez enrôler des démons puis les invoquer plus tard pendant les combats. Le cycle lunaire influera beaucoup sur vos conversations et sur l'attitudes des démons.
Meitantei Conan - Chika Yuuenchi Satsujin Jiken (Japan) (SGB Enhanced)	Meitantei Conan : Chika Yuuenchi Satsujin Jiken est un jeu d'aventure sur Game Boy adapté du manga de Gōshō Aoyama (nommé chez nous Détective Conan). Vous incarnez Conan Edogawa, autrefois le lycéen détective Shinichi Kudo devenu un petit garçon après avoir pris un médicament censé mettre fin à ses jours que des hommes en noirs lui ont fait prendre de force. Avec l'aide de Ran Mouri, la fille du détective Kogoro Mouri, vous devez résoudre une séries d'enquêtes.
Meitantei Conan - Giwaku no Gouka Ressha (Japan) (SGB Enhanced)	Meitantei Conan: Giwaku no Gouka Ressha est la suite de Meitantei Conan: Chika Yuuenchi Satsujin Jiken, également sorti sur Game Boy. Ce jeu reprend bien des éléments de son prédécesseur. Après l'incident au parc d'attractions, Kogoro Mouri (ainsi que Ran et Conan) est invité à participer au lancement du tout récent train de luxe Japanesque. Alors qu'ils se réjouissent tous du voyage, Kogoro découvre un meurtre à bord du train. Il y a trois scénarios au total (selon la destination choisie) et des fins qui divergent en fonction des choix établis.
Mercenary Force (USA, Europe)	Mercenary Force est un jeu d'action et de tir à la troisième personne sur Gameboy. Au coeur du Japon médiéval vous devez constituer une équipe de mercenaires assoiffés de pognon et de sang. Votre équipe comporte alors quatre membres au maximum, avec chacun leurs caractéristiques et leurs attaques.
Metal Masters (World) (Limited Run Games)	Metal Masters sur GameBoy est un jeu de combat de robot. Le joueur contrôle un robot, le robot de départ est un modèle très basique, auquel le joueur peut ajouter des &quot;améliorations&quot; avec des crédits gagnés pendant le jeu. Il y a quatre zones sur lesquelles chaque robot est classé, le corps, le bras gauche, le bras droit et les jambes. Il existe plusieurs combinaisons différentes de différentes parties qui peuvent être ajoutées au robot du joueur pour un statut de combat optimal. Lors d'un combat, chaque zone mentionnée ci-dessus est représentée par son propre compteur de santé. L'objectif du joueur est d'épuiser les compteurs de santé de chaque zone.
Metroid II - Return of Samus (World)	Metroid II : Return of Samus est un jeu d'action en 2D sur Gameboy. Dans ce second épisode de la série des Metroid, vous incarnez la célèbre Samus Aran dans sa quête de la planète porteuse des parasites Metroid, la planète SR388. Le jeu se présente sous la forme d'un jeu d'action classique, en vue de profil. Dans des niveaux labyrinthes, vous devez tirer sur toutes les bestioles croisées.
Mick & Mack as the Global Gladiators (USA) (Proto) (1994-01-18)	Mick & Mack as the Global Gladiators est un jeu de plateformes de Virgin Games. Le jeu met en scène les héros Mick et Mack, qui sont aspirés dans une bande dessinée par Ronald McDonald. Le jeu a un thème environnemental, les protagonistes combattant des ennemis et des machines qui représentent la pollution. Les armes de Mick et Mack ressemblent beaucoup aux pistolets à eau &quot;Super Soaker&quot;. Ce portage du jeu pour la Mega Drive/Genesis n'a jamais été achevé pour des raisons non divulguées.
Mickey Mouse - Magic Wands! (USA, Europe) (SGB Enhanced)	Mickey Mouse : Magic Wands! sur Gameboy est un jeu d'action/réflexion et de puzzles. Alors que la joyeuse troupe de Mickey se promène en forêt, subjugués par la beauté des lieux, ils se perdent ! Ils découvrent alors un château hanté et les amis de la petite souris disparaissent dans un trou noir ! Mickey doit sauver ses amis et décide de pénétrer dans le château où il devra éviter les pièges et collecter les pièces d'un puzzle grâce à sa baguette magique.
Mickey's Dangerous Chase (USA)	Mickey's Dangerous Chase est un jeu vidéo de plates-formes édité en 1991 par Capcom sur Game Boy. Pat Hibulaire a volé le cadeau d'anniversaire de Minnie. Mickey part donc à sa poursuite. Le joueur dirige Mickey ou Minnie dans 5 niveaux remplis d'adversaires. Le joueur devra utiliser des blocs pour s'en débarrasser en sautant dessus. Chaque niveau est composé de 3 rounds. Une fois un round terminé, Dingo explique comment réussir le niveau suivant.
Mickey's Ultimate Challenge (USA, Europe)	Mickey s'est endormi en lisant un livre de conte de fées. Il se réveille dans le Royaume de Beanwick, victime d'incessants tremblements de terre. Dans sa grande gentillesse qui lui est propre, la souris offre ses services pour percer le mystère. Mickey's Ultimate Challenge sur Gameboy se présente comme un jeu à énigmes où Mickey rencontre des personnages du royaume qui ont tous un petit problème à régler. Un fois le service rendu, ceux-ci vous guideront dans votre quête.
Micro Machines (USA, Europe)	MicroMachines sur Gameboy vous propose de diriger les petits véhicules de la marque, dans des courses fun et variées au beau milieu d'une baignoire, d'un bureau, ou d'une table à manger. Les courses incluant jusqu'à 4 concurrents. Si l'un d'eux tombe du circuit où se fait trop distancer, il perd un point.
Micro Machines 2 - Turbo Tournament (Europe)	MicroMachines 2 : Turbo Tournament est un jeu de courses sur Gameboy qui vous met aux volants des fameux bolides miniatures. Le but est d'arriver premier en prenant soin de distancer les autres joueurs pour leur faire perdre des points.
Midori no Makibaou (Japan) (SGB Enhanced)	Midori no Makibao sur Game Boy est un jeu adapté du manga japonais éponyme écrit et illustré par Tsunomaru à partir de 1994. Vous incarnez un mulet qui souhaite à tout prix gagner des courses hippiques. Le soft peut donc être considéré comme une jeu de course durant lequel il faut gérer l'endurance de votre monture pour ne pas terminer le tour les batteries à plat. Midori no Makibao est très scénarisé et comporte d'importants éléments de gestion entre les épreuves.
Mighty Morphin Power Rangers (USA, Europe) (SGB Enhanced)	Mighty Morphin Power Rangers sur Gameboy est un jeu de combat tiré de la série télévisée éponyme. Le joueur incarne l'un des combattants à culotte bariolée lors de combats contre les monstres de Rita. Au terme de l'affrontement, le monstre grandit. Une seconde phase débute alors où le joueur incarne Megazord.
Mighty Morphin Power Rangers - The Movie (USA, Europe) (SGB Enhanced)	Ivan Ooze, enterré depuis des milliers d'années, détruit les Zords et les pouvoirs des Power Rangers. Après avoir choisi parmi les six Power Rangers, vous allez rechercher le Grand Pouvoir et de nouveaux Zords afin de l'arrêter. Les combattants sous forme humaine peuvent vêtir leur uniforme de Power Rangers pour utiliser leurs armes contre les ennemis.
Mikeneko Holmes no Kishidou (Japan)	Mikeneko Holmes no Kishidou est un jeu d'aventure textuelle sur Gameboy adapté du septième roman de Jirō Akagawa, qui reprend l'univers de fameuse série de romans policiers de Sir Arthur Conan Doyle. Vous incarnez Mikeneko Holmes, un chat détective qui doit enquêter sur une affaire de meurtre qui se déroule dans un somptueux palais situé en Allemagne.
Milon's Secret Castle (USA, Europe)	Milon's Secret Castle est un jeu de plates-formes en 2D sur GB. Vous incarnez Milon, un jeune habitant du royaume d'Hudson, qui doit, à l'aide d'un simple pistolet à bulles magique, secourir la reine Eliza des griffes d'un terrible mage. De plus, il vous faut retrouver un instrument magique qui permet aux habitants de parler entre eux. Le titre propose plusieurs énigmes et puzzles à résoudre, ainsi que des phases d'exploration.
Miner 2049er Starring Bounty Bob (USA)	Le joueur contrôle Bounty Bob, un personnage qui explore les profondeurs d'une mine souterraine dans un futur radioactif. Il peut gratter le sol en marchant et doit esquiver ou écraser les monstres irradiés qui le côtoient. Les niveaux sont formés de poutres, d'échelles, de plates-formes coulissantes et de téléporteurs. Le joueur doit gratter chaque bout de sol pour atteindre le niveau suivant. Le jeu en compte dix ou onze selon la version.
Minesweeper - Soukaitei (Japan) (En)	Minesweeper est un jeu de puzzle solo. L'objectif du jeu est de vider un plateau rectangulaire contenant des &quot;mines&quot; cachées sans faire exploser aucune d'entre elles, avec l'aide d'indices sur le nombre de mines voisines dans chaque champ.
Mini 4 Boy II (Japan) (SGB Enhanced)	Mini-4 Boy II: Final Evolution est un jeu de stratégie publié par J-Wing, qui est sorti au Japon en 1997.
Mini Yonku GB Let's & Go!! (Japan) (SGB Enhanced)	Un jeu de stratégie basé sur le manga/anime Bakusou Kyodai Let's & Go!! Le but est de remporter chaque coupe saisonnière et obtenir le grand chelem en devenant vainqueur des nombreux autres tournois du jeu.
Mini Yonku GB Let's & Go!! - All-Star Battle Max (Japan) (SGB Enhanced)	Ce jeu fait suite à Mini Yonku GB Let's & Go!! et retient le même système : durabilité des éléments de véhicule, renforcement, échange de pièces via communication filaire, et l'existence de pièces cachées seulement disponibles par le biais d'échanges. Comme le nom l'indique, Goky, Retsuya et Marina, qui sont les personnages principaux de MAX, suite de WGP, apparaissent à la fin du jeu.
Mini-Putt (Japan) (En)	Mini Putt est un jeu de golf miniature qui propose 4 parcours, Deluxe, Classic, Traditional et Challenge. Jusqu'à 4 joueurs peuvent jouer une partie ou s'entraîner sur n'importe quel trou de n'importe quel parcours. Chaque parcours offre son propre niveau de difficulté. Deluxe et Challenge présentent des collines et des tracés de parcours difficiles. Le Challenge étant le parcours le plus difficile. Le Classic offre des ponts animés et d'autres obstacles. Le traditionnel est votre parcours de golf miniature standard qui nécessite des coups de talus bien placés.
Miracle Adventure of Esparks - Ushinawareta Seiseki Perivron (Japan)	Miracle Adventure Of Esparks est un jeu d'action, développé par Sun L et publié par Tomy Corporation, qui est sorti au Japon en 1992.
Missile Command (USA, Europe)	Dans Missile Command sur Game Boy vous devez défendre la côte contre de mystérieux envahisseurs. Les ennemis arrivent du ciel et vous disposez d'une batterie de trois canons contenant chacun dix missiles pour les repousser. Une fois qu'un canon est vide ou détruit, il devient inutilisable et il faut alors bien gérer son stock pour éviter de mourir. Le jeu contient de nombreux niveaux à la difficulté exponentielle durant lesquels il faut protéger six villes des ennemis.
Mogu Mogu Gombo - Harukanaru Chou Ryouri Densetsu (Japan) (SGB Enhanced)	Mogumogu Gombo: Harukanaru Chou Ryouri Densetsu est un jeu de rôle basé sur un programme de cuisine pour enfants baptisé Mogumogu GOMBO, diffusé à la télévision japonaise de 1993 à 2003. Le jeu en lui-même a peu à voir avec l'émission dont il s'inspire, si ce n'est la présence de personnages inspirés des présentateurs et le rapport à la cuisine. Le scénario est celui-ci d'un personnage allant secourir sa mère enlevée par des pirates. Il y a plusieurs personnages à contrôler qui combattent individuellement. On peut changer de personnage à tout moment pendant le combat. Les personnages inspirés des animateurs de l'émission originelle combattent au corps à corps tandis que les fées, que l'on rencontre plus tard dans le jeu, utilisent la magie. La nourriture et les ingrédients sont très importants dans ce jeu : pour utiliser leur magie, les fées ont besoin de nourriture, et celle-ci s'obtient en préparant des repas à l'aide d'ingrédients obtenus par le biais de combats remportés. Aussi, de l'argent nécessaire s'obtient en vendant des denrées alimentaires.
Mogura de Pon! (Japan)	Mogura de Pon ! est un party game très défoulant puisqu'il invite à frapper toutes les bestioles qui sortent de leur trou à l'aide d'un maillet. Il faut agir rapidement dans les huit directions possibles, plus le point central, afin d'engranger un maximum de points. Mogura de Pon inclut deux modes solos, un mode deux joueurs, plusieurs environnements ainsi qu'un choix entre trois modes de difficulté modifiant la vitesse d'apparition et le nombre de cibles à frapper.
Mole Mania (USA, Europe) (SGB Enhanced)	Dans le jeu, Muddy doit déplacer une boule noire vers une porte à la fin de l'écran pour passer à l'écran suivant. Il peut pousser, tirer et jeter la balle noire. Muddy peut également creuser dans un sol mou pour trouver des chemins souterrains autour des obstacles. Choisir l'endroit où creuser est un élément crucial des différents casse-tête du jeu, car la création de trous dans les mauvaises zones pourrait entraver les efforts du joueur pour avancer. Laisser tomber la balle dans un trou lui permettrait de revenir à son point de départ. Compte tenu de la nature de la capacité de Muddy à déplacer la balle, creuser des trous dans les mauvais endroits pourrait rendre la porte complètement absolue, obligeant Muddy à quitter l'écran et revenir à l'essai. En chemin, il existe de nombreux obstacles, tels que le déplacement d'ennemis, de tuyaux , de barils , de poids et de boss.
Momotarou Collection (Japan) (SGB Enhanced)	Momotarou Collection est une compilation de deux jeux de la franchise Momotarou : Super Momotarou Dentetsu II & Momotarou Dengeki. Momotarou Dengeki ou vous incarnez Momotaro, un héros du folklore japonais qui doit progresser dans un monde infesté de créatures pour le libérer du Mal qui l'étreint. Présentant un scrolling horizontal, le soft invite à dénicher tous les bonus en chemin pour trouver différents costumes au héros : oiseau, chat ; ou tout nu ! Comme dans la légende, Momotaro possède des pêches qu'il peut lancer sur les adversaires afin de les vaincre. En mourant, ces derniers se transforment eux-mêmes en fruit constituant ainsi un bloc autorisant l'accès à des zones inaccessibles sans eux. Super Momotarou Dentetsu II est un jeu de plateau, qui reprend les personnages des RPG Momotarou Densetsu. Le but est de voyager de cases en cases autour d'un plateau de jeu après avoir jeté un dé et de devenir riche. Pour cela il faudra investir dans des commerces le long du voyage qui se déroulera en train, en bateau ou en avion. Certaines cases déclenchent des événements.
Momotarou Collection 2 (Japan) (SGB Enhanced)	Momotarou Collection 2 est une compilation de deux jeux de la franchise Momotarou : Momotarou Densetsu Gaiden & Momotarou Dengeki 2. Momotarou Densetsu Gaiden est un jeu de rôle sorti sur Game Boy. Il conte des histoires issues du folklore japonais. Vous avez ici la possibilité de contrôler au choix, l'un des trois personnages de l'histoire entre : Yashahime, la fille du roi des enfers, Binbougami, le tristement célèbre voleur et Urashima, le pécheur légendaire qui est devenu ami avec le clan des dragons après avoir sauvé une tortue. Le choix de l'un de ses personnages vous lance dans une aventure qui lui est propre. Au programme : de l'exploration de villages, grottes et donjons, de la récolte d'informations auprès des PNJ, ainsi que des combats au tour par tour faisant progresser les statistiques de votre personnage. Momotarou Dengeki: Momotaro Thunderbolt 2 sur Game Boy est la suite du jeu d'action/plateforme au scrolling horizontal invitant à contrôle un héros du folklore japonais. Dans cet opus, l'avatar peut encore une fois se métamorphoser en animal pour gagner en agilité et en capacités. Le lancer de pêche, toujours d'actualité, permet de vaincre les ennemis et de remporter beaucoup d'argent s'il est bien utiliser. Ce second volet améliore le rendu visuel et le confort de jeu par une caméra plus souple et mieux pensée.
Momotarou Dengeki (Japan)	Le personnage populaire d'Hudson, Momotaro, apparaît dans ce jeu d'action. Le but du jeu est de vaincre les ennemis et de reprendre les six régions occupées par les démons. Ce jeu est basé sur la version PC Engine et il est facile à jouer. Lors de la transformation de Momotaro, vous n'avez pas à devenir aveugle comme dans la version PC Engine, c'est donc un jeu qui demande un peu plus de nerf.
Momotarou Dengeki 2 (Japan) (SGB Enhanced)	Il s'agit du deuxième volet du jeu d'action mettant en scène le personnage de Momotaro. Utilisez vos capacités spéciales pour vous transformer en chien, en singe ou en faisan afin de vaincre le roi des enfers. Les phases de jeu, bien que généralement longues, sont divisées en petites sections qui vous éviteront de vous ennuyer. Vous ne pourrez pas vous empêcher de continuer à jouer…
Momotarou Densetsu Gaiden (Japan)	Momotaou Densetsu Gaiden conte des histoires issues du folklore japonais. Vous avez ici la possibilité de contrôler au choix, l'un des trois personnages de l'histoire entre : Yashahime, la fille du roi des enfers, Binbougami, le tristement célèbre voleur et Urashima, le pécheur légendaire qui est devenu ami avec le clan des dragons après avoir sauvé une tortue. Le choix de l'un de ses personnages vous lance dans une aventure qui lui est propre. Au programme : de l'exploration de villages, grottes et donjons, de la récolte d'informations auprès des PNJ, ainsi que des combats au tour par tour faisant progresser les statistiques de votre personnage.
Momotarou Dentetsu jr. - Zenkoku Ramen Meguri no Maki (Japan) (SGB Enhanced)	Momotaro Dentetsu sur Game Boy est un jeu de plateau, qui reprend les personnages de la série Momotarou Densetsu, série de jeux vidéo de type jeu de société très populaire au Japon ; dans laquelle les joueurs voyagent en train, en bateau et en avion, et tentent d'acquérir des richesses par le biais de transactions commerciales. La mécanique du jeu est souvent comparée aux jeux de société sugoroku et Monopoly.
Money Idol Exchanger (Japan) (SGB Enhanced)	A la manière d'un Tetris, vous devez assembler des éléments sur des écrans fixes pour les détruire et obtenir un maximum de points. Ici, les éléments sont des pièces qu'il faut assembler selon leur valeur. Assembler 5 pièces de 1 forme une pièce de 5 elle-même assemblable avec ses congénères et ainsi de suite. La valeur des points gagnés correspond à celle des pièces. Agissez vite puisque le temps vous est compté : l'écran se retrouvant rapidement submergé de pièces.
Monopoly (USA)	Monopoly sur Gameboy est l'adaptation du célèbre jeu de société créé par Charles Darrow.
Monster Maker (Japan)	Monster Maker est le premier opus sur Game Boy d'une saga de JRPG basé sur la franchise de cartes du même nom. Après avoir choisi le personnage que vous allez incarnez, vous devez, avec le reste de votre équipe, sauver le monde d'une armée de monstres qui veulent la conquérir. Pour cela, vous devez déverrouiller chaque zone de la carte du monde et combattre des monstres lors de combats classiques au tour par tour.
Monster Maker - Barcode Saga (Japan)	Monster Maker: Barcode Saga était l'un des rares jeux compatibles avec l'accessoire Game Boy Barcode Boy. La numérisation des cartes de jeu et d'autres codes à barres permettrait au joueur de disposer de différentes fonctionnalités dans le jeu. Lisez le code-barres fourni avec les bonbons, faites apparaître un personnage, devenez un guerrier de la lumière et combattez l'armée des ténèbres. Formez une équipe avec des personnages et déplacez-les sur le terrain pour combattre.
Monster Maker 2 - Uru no Hiken (Japan)	Monster Maker 2: Uru no Hiken est un RPG sous licence du jeu de cartes de 1988 éponyme. Ainsi, les monstres, les PNJ et même les destinations sur la carte du monde sont représentés avec une esthétique de carte à jouer. Le gameplay lui-même est similaire à de nombreux autres RPG, y compris Dragon Quest. Des météores tombant du ciel transforment la terre en donjons et y font apparaître des monstres. Un méchant nommé Zeo semble commander les créatures et les disperser à travers le monde. Les joueurs contrôlent une princesse qui, avec son animal de compagnie et sa garde royale, partent à l'aventure pour sauver la terre. Le jeu est très similaire au premier Monster Maker mais avec un plus grand accent sur l'histoire et les personnages. Les joueurs doivent d'abord acheter de l'équipement pour leur personnage. Le joueur joue à partir d'une perspective plongeante où il &quot;retourne&quot; des cartes face cachée représentant les sections inexplorées de cette zone. Parfois, des monstres seront affichés sur la carte et les rencontrer ouvrira un menu de combat RPG à la première personne. En les battant, vous gagnerez de l'or et des points d'expérience. Il y a une limite de 3 cartes monstres à l'écran à tout moment, mais les rencontres peuvent inclure plus de monstres qui prendront la place d'un monstre vaincu.
Monster Max (Europe) (En,Fr,De,Es,It,Nl)	Dans le jeu d'action Monster Max sur Gameboy, ce n'est pas la joie ! Un vil être humain appelé Krond a conquis Monster Planet et par la même occasion banni la musique. Vous incarnez Max, un monstre qui a l'âme d'un rockeur ! Vous l'avez compris, à vous de défaire l'odieux Krond : let's rock !
Monster Race (Japan) (SGB Enhanced)	Dans ce soft issu de la mode Pokémon, vous incarnez un jeune homme qui va tout apprendre de la course de petits monstres afin de devenir le meilleur pas à pas. Chaque bestiole a ses caractéristiques propres et c'est à vous en tant que dresseur qu'il revient la tâche de les rendre plus performantes pour devenir le meilleur entraineur de tous les temps.
Monster Race Okawari (Japan) (SGB Enhanced)	Dans ce soft ressemblant beaucoup à Pokémon, vous incarnez un jeune homme qui va tout apprendre de la course de petits monstres afin de devenir le meilleur pas à pas. Chaque bestiole a ses caractéristiques propres, et c'est à vous, en tant que dresseur, qu'il revient la tâche de les rendre plus performantes pour devenir le meilleur entraineur de tous les temps. Explorez le monde, collectionnez les créatures et améliorez-les pour remporter la victoire.
Monster Truck (Japan) (En)	Monster Truck sur Game Boy est un jeu de course atypique puisqu'il vous permet de conduire de gros véhicules capables de franchir les obstacles les plus imposants. Ainsi, le but du jeu est de terminer les tracés à la première position en ajustant votre vitesse et la position de votre machine pour perdre le moins de temps possible sur les troncs d'arbre, pierres géantes et autres objets vous ralentissant. Durant une course, il est également possible de jouer des coudes avec les concurrents en les percutant pour leur faire perdre de la vitesse. Attention simplement à ne pas trop endommager votre monster truck en abusant de cette technique. Enfin, le soft intègre un système d'achat de nouvelles pièces pour améliorer les performances du bolide. Le titre est exclusivement sorti au Japon.
Monster Truck Wars (USA, Europe)	Monster Truck Wars est un jeu de course de haut en bas avec un choix de véhicules étant des Monster trucks . Le joueur peut choisir parmi six trucks uniques chacun avec leurs propres traits uniques et la course sur plusieurs voies sinueuses différentes - à condition que le joueur se qualifie pour la course! Les joueurs peuvent accumuler de l'argent pour acheter des améliorations et réparer leur truck . Il y a aussi des power-ups qui sont obtenus en écrasant les voitures qui sont dispersés tout au long des cours et comporte trois niveaux de difficulté.
Montezuma's Return! (Europe) (En,Fr,De,Es,It)	Montezuma's Return sur Gameboy vous met dans la peau d'un chasseur de trésors. Vous partez à la découverte des mystères aztèques, mais de nombreux pièges et monstres vous attendent. Il s'agit avant tout d'un jeu action/plates-formes, évitez les rencontres mortelles.
Mortal Kombat & Mortal Kombat II (USA, Europe)	Battez vos adversaires pour défier le guerrier Shokan nommé Goro, champion du tournoi depuis plus de 500 ans. Adaptation du célébrissime jeu d'arcade, Mortal Kombat sur Gameboy vous permet d'incarner 8 prétendants à la victoire finale, dont les protégés du seigneur Raiden, seuls remparts contre la menace qui pèse sur le Royaume de la Terre. La cartouche contient également la suite, Mortal Kombat II.
Mortal Kombat (USA, Europe)	Battez vos adversaires pour défier le guerrier Shokan nommé Goro, champion du tournoi depuis plus de 500 ans. Adaptation du célébrissime jeu d'arcade, Mortal Kombat sur Gameboy vous permet d'incarner 8 prétendants à la victoire finale, dont les protégés du seigneur Raiden, seuls remparts contre la menace qui pèse sur le Royaume de la Terre.
Mortal Kombat 3 (USA, Europe)	Shao Kahn est sorti vainqueur du précédent Mortal Kombat. Le Royaume de la Terre n'est plus. Vous devrez dans Mortal Kombat 3, affronter à nouveau les poulains de Shang Tsung, ainsi qu'une redoutable adversaire, la Reine Sindel. De nouveaux mouvements et la possibilité de courir ont été ajoutés à cet opus qui clôt la trilogie sur Gameboy.
Mortal Kombat II (USA, Europe)	Mortal Kombat II, est un jeu de combat sur Gameboy. Combos, fatalités et autres coups spéciaux, tels sont les ingrédients qui fondent le succès d'un jeu réputé pour la violence de ses affrontements. Le joueur incarne l'un des 12 personnages et doit vaincre un par un l'ensemble de ses concurrents directs pour gagner le tournoi et mettre un terme au règne du maléfique Shao Kahn.
Motocross Maniacs (USA)	Motocross Maniacs est un jeu vidéo mêlant course de moto-cross et plates-formes, développé et édité par Konami, sorti en 1989 sur Game Boy. Inspiré d'Excitebike, il propose des circuits composés de tremplins et loopings. Il est jouable à un ou deux joueurs.
Mouse Trap Hotel (USA)	Le but de ce jeu est d'emmener Maxie la souris alors qu'il tente de rendre visite à sa petite amie. Malheureusement, elle est située dans un penthouse tandis que Maxie habite dans le sous-sol. En trouvant la sortie dans chaque niveau, il se rapproche de sa petite amie. Se faire frapper par des souricières et des ennemis fait perdre son énergie à Maxie, se faire toucher trop souvent entraîne une perte de vie pour le joueur. La queue de Maxie est pratique quand il s'agit de détruire des ennemis. Chaque étage a ses propres obstacles; qui vont des ressorts du matelas dans la chambre à la danse des jambes à la salle de bal.
Mr. Chin's Gourmet Paradise (USA)	Dans ce jeu d'action, M. Chin est à la poursuite de ses friandises préférées. Il a fait tout le chemin depuis la Chine pour manger autant de succulentes pêches qu'il peut avant que quelqu'un d'autre découvre comment manger cette friandise unique. Comme M. Chin, vous devez poursuivre les mystérieux Momos et les zapper en pêches avec votre rayon de demoe. Alors dépêchez-vous et courez, sautez, zappez et mangez autant de pêches que vous le pouvez avant que vous ne finissiez comme leur diner.
Mr. Do! (USA)	Le joueur contrôle un clown, nommé &quot;Mr. Do!&quot;. Mr. Do est dans son jardin, et veut y récupérer les cerises qui s'y trouvent. Des monstres s'y baladent, et ne laisseront pas Mr. Do faire tranquillement sa collecte. Si un monstre touche Mr. Do, il meurt, et le joueur perd une vie. À chaque niveau un chemin est creusé au travers du jardin, allant de bas en haut de l'écran, en passant par le centre. Les monstres ne peuvent emprunter que des chemins déjà creusé. Mr. Do est capable de creuser de nouveaux chemins, au prix d'une vitesse de déplacement moins rapide.
Mr. Go no Baken Tekichuu Jutsu (Japan)	Mr. Go no Baken Tekichuu Jutsu est l'un des quelques jeux de stratégies sur Game Boy inspirés des courses et paris hippiques. Utilisé pour les prédictions de courses de chevaux, pas pour les jeux. Logiciel de données qui vous permet d'entrer les cotes de la course que vous souhaitez prédire et le nombre de courses que vous souhaitez courir, puis de prédire le caractère de la course et ce qu'il faut acheter.
Mr. Nutz (Europe)	Mr. Nutz est le nom d'un petit écureuil parcourant le monde sur Gameboy pour empêcher un yéti maléfique de congeler la planète. En contrôlant l'animal, vous serrez amené à courir et sauter à travers la forêt, au fond d'un volcan et dans bien d'autres endroits. Mr Nutz peut d'ailleurs éliminer ses adversaires en sautant sur eux et se servir de sa queue pour se protéger. Quelques petits puzzles doivent être résolus pour progresser dans l'aventure.
Ms. Pac-Man (USA)	Ms. Pac-Man sur Gameboy est un jeu d'arcade dans lequel vous dirigez une petite boule jaune dans un labyrinthe infesté de fantômes à votre poursuite. A vous de leur échapper tout en ramassant les pac-gommes sur votre chemin. Attrapez des bonus afin de pourchasser les fantômes à votre tour et les dévorer pendant un court laps de temps. Mais attention à leur course aléatoire !
Muhammad Ali Heavyweight Boxing (USA, Europe)	Muhammad Ali Heavyweight Boxing est un jeu vidéo de boxe sorti en 1992 sur GameBoy mettant en scène la star des rings Muhammad Ali.
Mulan (USA) (SGB Enhanced)	Mulan est un jeu d'action sur Gameboy. Le jeu s'inspire du film d'animation du même nom et en suit la ligne scénaristique. Si le principal objectif du jeu reste de terminer les niveaux, vous pouvez lancer des objets à la tête de vos ennemis. De plus, quelques puzzles ponctuent l'aventure.
Mysterium (USA)	Vous êtes venu chez le célèbre alchimiste Hermetrix et vous avez été accepté comme apprenti. La tâche d'un alchimiste est de convertir par magie les métaux et les minéraux en or et autres objets. Hermetrix vous a envoyé dans le Mysterium, un labyrinthe tridimensionnel de couloirs, pour vous tester. Vous devez combiner les métaux et les minéraux dans des bassins de mercure, d'eau, de feu et d'acide pour créer tout ce dont vous avez besoin. Lorsque vous maîtrisez l'alchimie, vous pouvez réussir le test final. Vous devez sauver une civilisation de géants ainsi Cadmia, l'alchimiste qui a essayé avant vous.
Mystical Ninja Starring Goemon (USA) (SGB Enhanced)	Mystical Ninja Starring Goemon présente trois personnages - Goemon, Sasuke et Ebisumaru - qui peuvent marcher, sauter, attaquer et lancer des armes tout au long des cinq étapes du jeu. Goemon a des capacités équilibrées; Ebisumaru peut lancer plus loin mais se fatigue rapidement, alors que Sasuke peut sauter haut mais ne peut pas lancer aussi bien que les autres. Les joueurs contrôlent un personnage à la fois pour passer à travers chaque étape et vaincre les ennemis, qui attaquent avec des armes à courte portée et des projectiles. Si le personnage d'un joueur est touché par un ennemi, ses points de vie sont réduits; si tous sont épuisés, le personnage perd une vie et le niveau recommence depuis le début. Les points de vie peuvent être reconstitués via des c?urs dispersés dans le jeu. Au maximum de leurs points de vie, les personnages sont capables d'attaques spéciales à longue portée. À la fin de chaque étape se trouve un ennemi principal avec une meilleure santé et des attaques plus fortes que les autres ennemis.
Nada Asatarou & Kojima Takeo no Jissen Mahjong Kyoushitsu (Japan) (SGB Enhanced)	Nada Asatarou & Kojima Takeo no Jissen Mahjong Kyoushitsu est nommé d'après Asataro Nada et Takeo Kojima de la Japan Professional Mahjong League. Suivant le principe de Nada Asatarou no Powerful Mahjong: Tsugi no Itte 100-dai, le jeu propose de répondre à des problèmes de mahjong afin de se voir décerner un grade (dan). À nouveau, un mode deux joueurs est disponible.
Nada Asatarou no Powerful Mahjong - Tsugi no Itte 100 Dai (Japan)	Nada Asatarou no Powerful Mahjong: Tsugi no Itte 100-dai est un jeu sur Game Boy, développé par Affect et édité par Yojigen, et sorti uniquement au Japon. Le jeu propose de répondre à des problèmes de mahjong en trouvant le meilleur mouvement à effectuer selon une phase de jeu donnée. En tout, 20 questions sont posées pendant une partie parmi 127 incluses dans la base de données. En plus de jouer contre des humains, vous pouvez sélectionner le mode &quot;prochain coup 100 questions&quot; pour résoudre 100 questions créées par Asataro Nada, président de la Japan Professional Mahjong League. Le joueur a le choix de jouer ou non avec un temps imparti, et selon ses résultats, un grade de joueur de mahjong lui est attribué. En dehors de cela, un mode deux joueurs permet d'affronter un(e) ami(e) au traditionnel mahjong.
Nail 'n Scale (USA, Europe)	Dans Nail 'n' Scale, le joueur contrôle Spike, un grimpeur expérimenté. Le joueur se fraye un chemin à travers des niveaux difficiles. Dans chaque niveau, le joueur utilise des pics d'escalade pour traverser le niveau jusqu'à la porte à la fin de chaque niveau. Les pointes d'escalade sont également utilisées pour casser les briques qui bloquent le chemin. Il y a 51 niveaux, avec un boss tous les dix niveaux. Chaque boss a sa propre faiblesse qui doit être exposée par les joueurs avant qu'il puisse être vaincu. Alors que le premier boss n'est pas très intimidant, chaque boss devient plus effrayant à mesure que le jeu progresse. Les monstres terrifiants peuvent être vaincus en tirant le clou dans une direction horizontale ou verticale. Les joueurs peuvent être tués par leurs propres pics explosifs, acquis à travers les niveaux après le premier boss. Il existe plusieurs sorties sur certains niveaux, mais toutes sauf une ne fonctionnent pas. Seule la &quot;vraie&quot; sortie permet d'accéder au niveau suivant. Le dernier boss du jeu vidéo est le dragon maléfique nommé Lore, qui vit dans son repaire. Les joueurs peuvent continuer d'où ils sont morts après un &quot;game over&quot;; à condition qu'ils n'arrêtent pas la console.
Nakajima Satoru - F-1 Hero GB - World Championship '91 (Japan)	Nakajima Satoru Kanshū F-1 Hero GB est l'un des différents jeux de formule 1 approuvés par Satoru Nakajima et publiés par Varie. Il est vaguement basé sur la saison de Formule 1 de 1991. Le gameplay est très similaire à celui de Game Boy's F-1 Race et de Nakajima Satoru F-1 Hero, mais le degré de difficulté est plus élevé. Comme la carte de la piste n'est pas affichée à l'écran, cela signifie que le joueur doit complètement mémoriser chaque tour afin de ne pas sortir de la piste ou entrer en collision avec les panneaux publicitaires.
Namco Classic (Japan)	Namco Classic est en réalité un jeu de golf. Ce dernier est très précis puisqu'il propose de nombreux paramètres comme 19 choix de club, l'angle de tir, sa puissance et le choix de l'endroit précis où la balle sera frappée. Il propose en outre un mode de jeu pour affronter les meilleurs joueurs mondiaux. Comme dans la réalité, seul manque à l'appel un témoin indiquant par avance la distance qu'effectuera la balle après un tir ce qui peut causer quelques désagréments !
Namco Gallery Vol.2 (Japan) (SGB Enhanced)	Cette cartouche est une compilation des quatres jeux suivants : Galaxian, Dig Dug, The Tower of Druaga, et Famista 4 (baseball). Tous ces jeux sont compatibles avec le Super Game Boy.
Namco Gallery Vol.3 (Japan) (SGB Enhanced)	Cette cartouche est une compilation de quatre jeux, tous compatibles avec le Super Game Boy : Sky Kid, Babel no Tou (Tower of Babel), Family Tennis et Jantaku Boy (mahjong).
Nangoku Shounen Papuwa-kun - Ganmadan no Yabou (Japan)	Il s'agit d'un solide petit jeu d'action et d'énigmes basé sur une ancienne série de mangas/animes comiques. Le but de ce jeu est de détruire tous les blocs d'un niveau en un coup de poing (après avoir chargé la force du coup de poing avec le bouton A). Les blocs se régénéreront après quelques secondes si vous n'avez pas réussi à les retirer tous en même temps. En poussant et en tirant les barils dans la bonne position - tout en évitant les ennemis - vous pouvez forcer l'onde de choc du coup de poing de Papuwa à se séparer dans différentes directions. En ne détruisant pas tous les blocs avec le premier coup de poing, vous avez en fait la possibilité de collecter certains objets, ce qui peut être utile pour les combats de boss. Celles-ci ont lieu toutes les 5 étapes. Les séquences de texte qui se produisent souvent entre les étapes sont assez amusantes et pourraient être considérées comme l'une des meilleures parties de ce jeu.
Nanonote (Japan)	Nanonote est un logiciel pour la Gameboy développé et édité par Konami en 1992, seulement pour le marché japonais. Il propose un cahier de notes électronique à destination des enfants scolarisés inspiré de la tendance de l'époque. L'utilisateur peut y enregistrer les notes obtenues à ses examens, y réaliser des calculs, y créer son agenda, y inscrire des mémos, y noter ses informations personnelles, ou encore jouer à la diseuse de bonne aventure. À noter que l'utilisateur peut créer un mot de passe personnel à quatre caractères.
Navy SEALs (USA, Europe)	Navy Seals se base sur le film éponyme sorti en 1990, le jeu est adapté sur Game Boy l'année suivante par Ocean. La maniabilité de Navy Seals est assez particulière : vous ne pouvez tirer qu'à droite ou à gauche, en vous baissant ou pas, mais rien de plus. Impossible de tirer en l'air ou en diagonale, ce qui complexifie grandement certaines passages. Impossible également de tirer en sautant. En revanche, votre personnage peut monter de plate-forme en plate-forme en appuyant sur haut et en sautant, ce que la plupart des jeux du genre ne permettent pas, et rappelle au passage un certain Prince of Persia.
Navyblue 98 (Japan)	Navy Blue 98 sur Game Boy est le troisième et dernier épisode d'une saga de jeux de bataille navale exclusivement éditée au Japon. Dans cet opus, vous disposez d'un large choix de bateaux à repartir librement sur une carte quadrillée. Vous essayez ensuite de détruire la totalité de la flotte adverse au tour par tour. Pour cela, vous disposez de missiles classiques et illimités mais également d'armes supplémentaires et inédites à ce volet (missiles plus larges, avions de chasse, radars). Cet opus plus scénarisé que les épisodes précédents propose un mode deux joueurs et un système de sauvegarde par mots de passe.
NBA All-Star Challenge (USA, Europe)	Ce jeu de basket n'offre aucun match, mais seulement du 2 contre 2 ou des tirs au panier. le système de jeu est simple, pour les paniers il suffit d'attendre que le viseur passe au-dessus du panier, et tirer à ce moment-là. Le jeu ce réduit à ça. Ce qui lui fait un gros manque de contenu.
NBA All-Star Challenge 2 (USA, Europe)	Incarnez l'une des 27 All-Stars de la NBA dans la suite fracassante de NBA All Star Challenge sur Game Boy. C'est un tout nouveau jeu avec Clyde Drexler, Dominique Wilkins, Chris Mullin, Hakeem Olajuwon, Dikembe Mutombo et bien d'autres! Six modes de jeux vous attendent :nn- Slam Dunk Competitionnn- 3 Point Shootoutnn- One-On-Onenn- Free Throw Contestnn- Accuracy Showdownnn- NBA All-Star TournamentnnVous pourrez également affronter vos amis en un contre un avec le Game Boy Link !
NBA Jam (USA, Europe)	NBA Jam sur Gameboy est le premier jeu de basket à proposer de jouer avec des joueurs professionnels mais avec les règles de la rue. Les matches se disputent donc en deux contre deux et les fautes sont presque absentes. En revanche, les actions sont volontairement irréalistes, afin de pouvoir admirer ses stars de NBA préférées réaliser des dunks de plusieurs mètres de hauteur, tout en faisant des figures spectaculaires.
NBA Jam - Tournament Edition (USA, Europe)	NBA Jam : Tournament Edition sur Gameboy reprend le principe de NBA Jam sorti quelques mois plus tôt en ajoutant un mode tournoi. Les matches se disputent toujours en deux contre deux, avec des règles atténuées au profit de l'action. L'intérêt du mode tournoi réside dans les bonus à débloquer, à savoir deux nouveaux joueurs pour pratiquement toutes les équipes ainsi qu'un mode de difficulté supérieur.
NBA Live 96 (USA, Europe) (SGB Enhanced)	Cette version portable de ses cousins sur consoles de salon diffère dans les graphismes et le gameplay. Bien qu'il comporte la licence complète de la NBA, y compris les noms des équipes et les logos, il ne comporte pas de noms de joueurs réels, mais plutôt des chiffres authentiques à la place. Il n'y a également que deux couleurs par défaut pour les équipes (noir et blanc). Il dispose d'un mode Exhibition, Saison et éliminatoires, mais dans les séries éliminatoires le joueur est automatiquement affecté à une équipe sans pouvoir la choisir. Le jeu propose également trois modes de difficulté et la possibilité de changer des options de jeu telles que les limites de temps de jeu et l'utilisation de règles personnalisées.
Nectaris GB (Japan) (SGB Enhanced)	Un jeu de guerre stratégique qui se déroule sur une grille hexagonale.
Nekketsu Koukou Dodgeball-bu - Kyouteki! Dodge Soldier no Maki (Japan)	Une version Game Boy du jeu du même nom sorti sur la NES. L'antagoniste, Todo, revient pour défier Kuniokun. L'histoire est celle d'un affrontement entre six équipes de combattants de baseball dirigées par Todo. En plus des modes solo et compétitif, les joueurs peuvent profiter du mode &quot;Mecha Butsuri&quot;, dans lequel les joueurs se frappent avec des balles jusqu'à ce qu'ils n'aient plus d'énergie.
Nekketsu! Beach Volley Da yo Kunio-kun (Japan) (SGB Enhanced)	Le gang Nekketsu s'aventure sur les plages pour participer au grand tournoi de beach volley. Comme pour les autres jeux de la franchise, les mécaniques du jeu diffèrent des jeux de volleyball habituels : des éléments de beat'em up de la franchise Kunio-kun y ont été intégrés. Vous avez le choix parmi huit binômes et vous pouvez choisir les armes que vous souhaitez (bombes), des produits de dopage, et paramétrer d'autres facteurs. Le jeu inclut un mode un joueur dans lequel deux binômes s'affrontent ainsi qu'un mode VS deux joueurs pour la fonction câble Link.
Nekojara Monogatari (Japan)	Ce jeu est un RPG de type donjon rampant. Dans ce jeu, vous contrôlez un garçon qui s'est réveillé un jour pour se retrouver transformé en chat. Il apprend que l'héritage royal du Pays des Chats a été volé. Il part à contrecœur à l'aventure pour le récupérer, car c'est le seul moyen de revenir en arrière.
Nemesis (USA)	Vous dirigez un vaisseau suréquipé, dernier rempart de sa planète. L'engin est armé de missiles sol-air, d'un canon double laser, et protégé par un champ de force qui vous permet également de vous téléporter. Traversez les niveaux jusqu'à atteindre le coeur du bastion ennemi pour un affrontement épique.
Nettou Garou Densetsu 2 - Aratanaru Tatakai (Japan) (SGB Enhanced)	Nettou Garou Densetsu 2 : Aratanaru Tatakai sur Game Boy est la version japonaise du célèbre Fatal Fury 2. Il s'agit d'un jeu de combat particulièrement dynamique proposant 8 personnages différents. Le soft comprend un mode Story ainsi qu'un mode deux joueurs.
Nettou Real Bout Garou Densetsu Special (Japan) (SGB Enhanced)	Real Bout Fatal Fury Special ou Nettou Real Bout Garou Densetsu Special est un jeu de combat de la famille des Fatal Fury exclusivement sorti au Japon sur Game Boy. Proposant pas moins de douze combattants au style de combat distinct, cet opus s'impose par son gameplay ultra nerveux pour le support. Les affrontements se déroulent sur deux plans horizontaux différents. Il est possible de régler la difficulté de l'IA de Facile à Difficile en passant par Normal pour le mode solo. Real Bout Fatal Fury Special inclut également un mode compétitif à deux joueurs.
Nettou Samurai Spirits - Zankurou Musouken (Japan) (SGB Enhanced)	Ce jeu de combat se déroule au Japon, lors du Moyen Age. Zankuro Minazuki, surnommé le démon, terrorise les régions provinciales en attaquant et pillant tous les villages isolés. 12 samuraïs, experts dans le maniement de l'arme blanche réunissent leurs forces dans un seul but, neutraliser le démon.
New Chessmaster, The (USA, Europe)	Dites adieu aux pièces perdues et aux adversaires lents. THE NEW CHESSMASTER vous permet de jouer dans l'un des 16 niveaux de difficulté différents, du nouveau venu au grand maître. Un mode Teaching vous permet d'examiner plus facilement tous les mouvements possibles, vous permettant de jouer puis d'inverser n'importe quel scénario. Vous pouvez faire une pause à tout moment et revenir plus tard sans avoir à réinstaller le plateau de jeu. Jouez contre l'ordinateur ou un adversaire humain dans le jeu d'échecs le plus complet qui soit. Que vous soyez à la recherche d'un compagnon d'échecs, d'un adversaire bien adapté ou d'un instructeur, THE NEW CHESSMASTER est la solution parfaite.
NFL Football (USA)	NFL Football est un vidéo de Football américain sorti en 1990 sur Gameboy et developpé par Konami.
NFL Quarterback Club (USA, Europe)	NFL Quarterback Club n'est pas un jeu de football standard. Au lieu de participer à des parties réelles, le joueur choisit parmi 13 différents QuarterBack de la NFL: Jeff Simet, Steve Young, Mark Rypien, Boomer Esiason, Bernie Kosar, John Elway, Warren Moon, Jim Everett, Randall Cunningham, Jim Harbaugh, Troy. Aikman ou Jim Kelly et participe à quatre séries d'exercices qui teste leur vitesse, leur agilité, la précision de lancer contre un autre QuarterBack. Le QB qui réussit le mieux remportera le concours et passera à un autre concurrent et répétera le processus.
NFL Quarterback Club 96 (USA, Europe)	NFL Quarterback Club 96 est un jeu vidéo de football américain sorti en 1995 sur Game Boy. Le jeu a été développé par Iguana Entertainment, Inc. puis édité par Acclaim Entertainment, Inc..
NFL Quarterback Club II (USA, Europe)	Prenez le controle des meilleurs QuarterBack de la NFL! L'entrainement est terminé, NFL Quarterback Club II vous propose une vraie expérience de Football, pour les vrais joueurs.
NHL Hockey 95 (USA, Europe) (SGB Enhanced)	NHL 95 est un jeu vidéo de hockey sur glace sorti en 1995 sur Game Boy. Le jeu a été développé par Electronic Arts puis édité par EA Sports.C'est Alexei Kovalev qui apparaît sur la couverture du jeu NHL 95.
Nichibutsu Mahjong - Yoshimoto Gekijou (Japan)	Un jeu de mahjong qui fait intervenir 8 comiques de Yoshimoto Shinkigeki, qui est une sorte de comédie burlesque, un théâtre de lumière absurde centré sur le burlesque, tel qu'il est toujours décrit comme du « théâtre manzai »: Un genre de théatre issu de la région du Kansai et d'Osaka. Il existe deux modes solo : Libre ou Tournoi. Les règles peuvent être précisées.
Nigel Mansell's World Championship Racing (USA)	Nigel Mansell's World Championship sur Gameboy reprend l'intégralité de la saison 1992 de Formule 1, année où Nigel Mansell fut sacré champion du monde. Au volant de la voiture du Britannique, vous disputez le championnat aux côtés des onze autres pilotes, qui ont tous les noms réels de la saison 92 comme Alesi ou Schumacher. A chaque grand prix, on peut régler les ailerons et la transmission de vitesse de la voiture et même choisir ses pneus.
Nihon Daihyou Team - Eikou no Eleven (Japan) (SGB Enhanced)	Nippon Daihyou Team: Eikou no Eleven est un jeu de football sur Game Boy qui se concentre sur l'équipe nationale japonaise et sa participation à la coupe du Monde 1998 en France. Il inclut les véritables noms des 32 joueurs représentant l'équipe nationale japonaise. Les trois principaux modes de jeu incluent : - Japanese National Team, où le joueur contrôle l'équipe nippone pour remporter la coupe en affrontant diverses équipes nationales adverses ; - World Challenge Mode, dans lequel le joueur peut choisir parmi les équipes nationales d'Asie qualifiées pour tenter de gagner la coupe ; - Free Competition, qui permet un match silple entre deux équipes nationales qualifiées, ce mode permet des affrontements deux joueurs ou contre l'ordinateur. En outre, Nippon Daihyou Team: Eikou no Eleven offre plusieurs paramètres réglables et un système de sauvegarde par mot de passe.
Nihon Daihyou Team France de Ganbare! - J.League Supporter Soccer (Japan) (SGB Enhanced)	Nihon Daihyou Team France de Ganbare! J. League Supporter Soccer est un jeu de football sur Game Boy de la série de jeux J. League, série qui a su à l'époque sauter sur la tendance de la coupe du monde 1998. Il s'agit d'un soft de football assez classique qui permet de disputer des matches simples ou la coupe du monde 1998 en France. Bien entendu, des paramètres sont réglables à souhait.
Nikkan Berutomo Club (Japan) (SGB Enhanced)	Nous avons ici affaire à un logiciel inspiré des bipeurs (ou pagers). Le principe était de recevoir des messages mais pas d'en envoyer, ce qui a été le point faible du pageur. Le soft tentait d'introduire ce système de communication sur Game Boy, uniquement au Japon, où le principe était de discuter avec un personnage féminin par le biais de la messagerie. Plus symbolique que divertissant, Nikkan Berutomo Club est une sorte d'hommage à une époque où un certain type de communication faisait fureur parmi son public.
Ninja Boy (USA, Europe)	Partout, à tout moment, vivez les aventures pleines de mystère de Ninja Boy !! Collectez des objets pour améliorer votre pouvoir! Coups de poings, coups de pied et shurikens seront vos armes. Les objets augmentent continuellement votre puissance. Battez les ennemis avec diverses compétences de kung-fu. Des monstres puissants et des combattants robustes apparaitront l'un après l'autre. Les attaques amusantes des ennemis vous mettront au défi, pourrez-vous vaincre le boss ultime, DRAGON SHOGUN?
Ninja Boy 2 (USA, Europe)	Ninja Boy 2 est un jeu de roles et d'action qui fait suite au jeu Ninja Boy. Dans le jeu précédent, le monde a été sauvé et une conférence intergalactique a été appelée. Les envahisseurs étrangers sont venus et ont enlevé tous les dignitaires; se proclamant les dirigeants de toute la galaxie dans le processus. Plusieurs leaders extraterrestres sont devenus des lieutenants afin de rendre la revendication légitime. Les guerriers ninjas Jack et Ryu doivent aider les habitants de Futureland à vaincre les suzerains extraterrestres en créant un vaisseau spatial à partir de zéro. Malgré leurs bonnes intentions, Ryu et Jack doivent atterrir sur toutes les planètes afin de réparer leur vaisseau spatial.
Ninja Gaiden Shadow (USA)	Shadow Warriors (ou Ninja Gaiden : Shadow aux US) est un jeu d'action sur Gameboy dans lequel vous devrez manier le sabre pour frayer votre chemin à travers 5 niveaux jusqu'à atteindre le boss final. Celui-ci est un dictateur menaçant la liberté du pays.
Ninja Taro (USA)	Haute aventure en Extrême-Orient : C'est l'ère de la guerre féodale au Japon. Un shogun lutte pour unir les provinces, mais il a besoin d'aide. On dit que son vilain rival est mort, mais une légion impitoyable et anarchiste continue d'affliger la campagne. S'il est mort, alors qui pourrait diriger les forces du mal qui empêchent le Japon d'atteindre la paix et l'ordre?nnCe chaos doit être arrêté! Depuis les rangs de la secte Phantom, Ninja Taro vient à l'aide du Shogun. Avec la ruse d'un voleur, l'habileté d'un maître, et une épée légendaire, il doit s'aventurer pour dompter les serviteurs du mal, et démêler cette énigme pour unir l'empire !
Ninku (Japan) (SGB Enhanced)	Ninku sur Game Boy est un soft de combat adapté du manga éponyme de Kōji Kiriyama. La particularité de ce titre est qu'il s'agit d'un jeu de combat fortement scénarisé avec de nombreux dialogues et des scènes présentant les enjeux des duels retraçant le scénario du manga. Les personnages de la série sont tous jouables au fur et à mesure de la progression à commencer par le jeune héros de douze ans Fuusuke. Les affrontements se déroulent sur un même plan horizontal et il est possible d'asséner des combos de coups de pied et de poings ainsi que des attaques sautées et spéciales.
Ninku Dai-2-dan - Ninku Sensou Hen (Japan) (SGB Enhanced)	Ninku Dai 2-dan: Ninku Sensou-hen fait suite à Ninku sur Game Boy. Contrairement à son prédécesseur, il ne s'agit pas d'un jeu de combat mais d'un jeu de plateau (ou, plus spécifiquement, d'un sugoroku). Le jeu propose quatre modes histoire différents dans lesquels ont lieu des affrontements. Il faut lancer un dé pour réaliser des actions telles que ramasser des objets, s'entraîner ou combattre.
Nintama Rantarou GB (Japan) (SGB Enhanced)	Vous incarnez le jeune héros de la série du nom Rantarō qui est un étudiant de l'école formant les ninjas. A la manière d'un jeu de rôle classique, il est amené ici à explorer le monde, visiter des donjons et des villages ainsi qu'à discuter avec de nombreux personnages pour récolter diverses informations. Les affrontements aléatoires sur la carte du monde se déroulent en temps réel et permettent d'empocher de l'argent et des points d'expérience faisant progresser l'avatar.
Nintendo World Cup (USA, Europe)	Nintendo World Cup est un jeu de foot pour Gameboy. Faites des parties en équipes et marquez à n'importe quel prix. Tous les coups sont permis ! Vous pouvez jouer ) plusieurs sur différents types de terrain : herbe, glace et pierre.
Nobunaga's Ambition (USA)	Au XVIe siècle, la période Sengoku du Japon a divisé la nation en de nombreux États féodaux, chacun dirigé par un daimyo. Nombreux étaient ceux qui rêvaient de conquérir le pays, de devenir Shogun et de régner sur tout le pays. L'un de ces daimyos était l'ambitieux Nobunaga Oda, un souverain sans pitié et un stratège renommé. Les joueurs prennent le rôle de Nobunaga Oda ou de l'un des nombreux autres daimyos pour tenter de conquérir le Japon. Nobunaga's Ambition est un jeu de stratégie au tour par tour qui peut être joué dans différents modes. Les joueurs commencent par sélectionner un scénario de 17 régions ou un scénario plus large de 50 régions. Ensuite, le joueur doit choisir un daimyo, dont les attributs sont évalués dans plusieurs catégories : âge, santé, ambition, chance, charme et QI. Au fur et à mesure de la progression du jeu, ces valeurs changent en fonction des événements du jeu.
Nontan to Issho - Kurukuru Puzzle (Japan)	Nontan to Issho - Kurukuru Puzzle sur Game Boy est un puzzle game ressemblant très fortement à Tetris. Après avoir sélectionné la difficulté et le type de musique, ce titre vous convie à tenter de marquer le plus de points possible en alignant deux symboles identiques côte à côte. Pour cela, il est possible de retourner les images de sorte à voir leur envers mais il n'est pas permis de les faire pivoter comme dans Tetris. En alignant deux images de chat, la majorité des pièces disparaissent et cela permet de récolter un maximum de points.
Noobow (Japan)	Noobow sur Game Boy est un jeu dans lequel vous incarnez une grosse créature humanoïde ayant beaucoup de mal à se déplacer. Il s'agit d'une mascotte japonaise en chocolat. Le but du jeu est de ramasser des objets et de les utiliser là où ils sont nécessaires afin d'empêcher le soleil et la pluie de se combattre. Après avoir utilisé les objets aux bons endroits, ils disparaissent pour confirmer que les joueurs ont fait le bon choix. Il y a 7 niveaux dans le jeu et Noobow refusera toujours de mettre sa vie en danger. Terminer chaque niveau se fait en atteignant l'objectif et en aidant les personnages qui y attendent. Le but de chaque niveau est de trouver une façon d'atteindre la sortie. Pour cela, il faut s'aider des éléments du décor qui ont tous une utilité précise (franchir un obstacle, faire fuir un chien de garde, etc.). Le soft ne contient ni système de sauvegarde, ni mode deux joueurs ou encore aucun système de points ni de récompense.
Oddworld Adventures (USA, Europe)	Oddworld Avdentures est un jeu d'action-réflexion sur Gameboy. Vous incarnez Abe, un Mudokon, et devez sauver d'une mort certaine les Paramites et les Scrabs, respectivement des sortes d'araignées mutantes et des croisements entre un crabe et un scorpion. En effet, les Glukons, les méchants du jeu, veulent en faire des beignets ! Mais les bestioles susnommées ne sont pas coopératives, et il vous faudra résoudre plusieurs énigmes afin de les sauver toutes.
Olympic Summer Games (USA, Europe) (SGB Enhanced)	Olympic Summer Games est le jeu vidéo officiel des Jeux Olympiques d'Atlanta 1996 sur Game Boy.
Oni II - Oni Densetsu (Japan)	Oni II - Innin Densetsu sur Game Boy est le second opus d'une longue saga de jeux de rôle éditée par Banpresto. Vous plaçant dans la peau d'un jeune samouraï devant former son équipe de guerriers, le soft vous propose de vivre une aventure riche en exploration et en affrontements. Quelques années après la bataille entre le dieu démon légendaire, Makai Doji, et le démon maléfique au grand pouvoir magique. Le garçon de la ville de Kyo était également destiné à se battre. Tous les mystères sont révélés par &quot;Oni Shinobu Maroku&quot;. Comme la majorité de titres du genre, vous devez explorer un mode ouvert parsemé de nombreux villages à sauver et de donjons à vider de leurs présences maléfiques. Les combats se déroulent au tour par tour et permettent d'engranger de l'argent pour s'offrir de meilleurs équipements dans les boutiques ainsi que des points d'expérience améliorant les statistiques du héros.
Oni III - Kuro no Hakaishin (Japan)	Il fut un temps où les batailles féroces du passé étaient considérées comme légendaires. Mais aujourd'hui, en l'an 300, un sceau est sur le point d'être brisé. Il y a un petit entrepôt dans un village. On dit que la porte ne doit jamais être ouverte. Tokoyamaru, élevé par son grand-père qui tenait un magasin d'antiquités, ouvre la porte. A-t-il provoqué cette situation ou est-ce le destin ? La source du mal, le Dieu noir de la destruction est là. Seul le légendaire démon &quot;Mafuu Doji&quot;, qui a autrefois sauvé les gens des griffes du mal lorsque le monde était sur le point de sombrer dans l'obscurité, peut le vaincre. Maintenant que le monde est à nouveau en crise, le légendaire &quot;Mafuu Doji&quot; reviendra-t-il un jour à la vie ? Et quel sera le destin de Tokohamaru ?
Oni IV - Kijin no Ketsuzoku (Japan)	Oni IV - Kishin no Ketsuzoku est le quatrième et avant-dernier opus d'une grande saga de jeux de rôle éditée par Banpresto sur Game Boy. Vous plaçant dans la peau d'un jeune samouraï devant faire ses preuves, le titre propose de vivre une aventure riche en exploration et en affrontements. Comme la majorité de titres du genre, vous explorez un mode ouvert parsemé de nombreux villages à visiter et de donjons à vider de leurs présences maléfiques. Les combats se déroulent au tour par tour et permettent d'engranger de l'argent pour s'offrir de meilleurs équipements dans les magasins ainsi que des points d'expérience améliorant les statistiques du héros. Les personnages apparus dans « ONI II » sont également présents.
Oni V - Oni wo Tsugumono (Japan) (SGB Enhanced)	Oni V - Innin wo Tsugumono sur Game Boy est le cinquième et dernier opus d'une grande saga de jeux de rôle éditée par Banpresto. Vous plaçant dans la peau d'un jeune guerrier , qui peut se transformer en un démon à trois niveaux, devant enquêter sur les raisons ayant pousser des créatures démoniaques à attaquer le village, le soft propose de vivre une aventure riche en exploration et en combats. Tous les personnages principaux des autres opus sont presents. Comme la majorité de titres du genre, vous découvrez un mode ouvert parsemé de nombreux villages à sauver et de donjons à vider de leurs présences maléfiques. Les combats se déroulent au tour par tour et permettent d'engranger de l'argent pour s'offrir de meilleurs équipements dans les boutiques ainsi que des points d'expérience améliorant les statistiques du héros. Les rixes s'effectuent seul ou en groupe face à des hordes d'ennemis nécessitant de la stratégie de la part du joueur.
Onigashima Pachinkoten (Japan)	Dans ce jeu, Momotaro extermine des ogres. En se confrontant à la table de pachinko, il peut sauver ses amis.
Operation C (USA)	Probotector (aussi appelé Contra ou Gryzor suivant les supports) est un jeu d'action sur Gameboy. Traversez les différents niveaux en éliminant ennemis et boss tout en évitant de mourir plusieurs fois de suite, sinon l'épuisement de crédits vous fera reprendre tout depuis le début.
Othello (Europe)	Othello est l'adaptation du jeu de plateau du même nom. Chaque joueur essaie de remplir le plateau de jeu avec autant de disques de sa couleur que possible. À chaque tour, le joueur place un disque sur le plateau en sélectionnant un endroit où les disques de l'adversaire seront piégés entre deux de ses disques. Les disques piégés deviennent de la couleur du joueur. Le jeu se termine lorsque le tableau est rempli ou que le temps est écoulé, et le joueur avec le plus grand nombre de ses disques de sa couleur sur le tableau gagne. Deux joueurs peuvent jouer l'un contre l'autre, ou un joueur contre l'ordinateur.
Othello World (Japan) (SGB Enhanced)	Othello World est un jeu de réflexion basé sur un jeu de société du même nom dont le principe est de poser ses pions sur un tablier unicolore (othellier) sur des cases où se trouve les pions du joueur adverse jusqu'à ce que toutes les cases soient remplit ou qu'aucun des joueurs ne puissent jouer au tour suivant. Le premier qui obtient le plus grand nombre de pion sur le plateau de jeu est considéré comme le gagnant. Dans cette version, vous pouvez jouer contre un second joueur et choisir la durée de vos tours. Le jeu est divisé en plusieurs mondes, mettant en vedette des adversaires CPU de difficulté croissante avec des origines telles que les contes de fées, Alice au pays des merveilles et les œuvres de Shakespeare (rappelant l'étymologie du jeu). Chaque monde a cinq adversaires, et en battre trois débloquera le monde suivant. Le jeu a des mots de passe pour continuer, qui sont donnés entre les mondes. L'adversaire final est une figure divine nommée Tamenori, du nom du champion japonais Othello Hideshi Tamenori.
Otogibanashi Taisen (Japan) (SGB Enhanced)	Otogi Banashi Taisen est un jeu de rôle sur Game Boy dont l'intrigue est celle d'un personnage transporté dans un monde fantastique après avoir lu un livre. Il devra faire en sorte d'y ramener la paix puisque des esprits maléfiques ont décidé d'en réécrire l'histoire. Les personnages sont des personnages familiers tels que « Momotaro » et « Urashima ».
Otto's Ottifanten - Baby Bruno's Alptraum (Europe) (En,Fr,De,Es)	Ottos Ottifanten: Le Cauchemar de Baby Bruno est un jeu d'action avec des éléments de puzzle-game basé sur la franchise &quot;Ottifants&quot;. Le jeu se déroule dans l'un des cauchemars de Baby Bruno. Un magicien maléfique a kidnappé l'ours en peluche bien aimé de Bruno, Honk. Bruno doit maintenant traverser 128 niveaux (divisés en mondes de forêt, de château et de prison) pour récupérer Honk.
Out of Gas (USA)	Vous naviguez dans l'espace quand soudainement vous êtes à court d'essence. Le gameplay n'est pas très loin des jeux astéroïds, où vous êtes le pilote d'un navire et devez compléter niveau après niveau. Pour chaque niveau, votre objectif est d'obtenir du gaz en tirant sur les signes G éparpillés autour des niveaux. Dans certains niveaux, vous devez tirer sur les signes dans un ordre spécial. Les niveaux doivent être complétés à temps, et vous devez également faire attention aux tirs ennemis.
Oyatsu Quiz Mogu Mogu Q (Japan) (SGB Enhanced)	Oyatsu Quiz Mogumogu Q est un jeu dans lequel vous contrôlez une fille nommée Candy-chan, qui doit répondre à une multitude de quiz portés sur les confiseries dans le but de remporter un bonbon délicieux qu'elle compte partager le lendemain avec son ami qui l'a conviée à un pique-nique. Utilisez 6 types d'objets, pour faire un chemin et avoir 3 choix, pour faire avancer le jeu à votre avantage.
Pac-Attack (USA) (SGB Enhanced)	Pac-Attack est un jeu à la Tetris sur Gameboy reprenant le personnage Pac-Man. Des blocs de différentes formes descendent, composés de morceaux de ligne unicolores, de fantômes et du fameux Pac-Man. Le but étant de faire des lignes avec les morceaux, tout en dévorant avec Pac-Man les fantômes qui font obstacle. Un mode Versus permet d'affronter l'ordinateur ou un autre joueur.
Pac-In-Time (USA) (SGB Enhanced)	Pac-in-Time est jeu de plates-formes reprenant les personnages de l'univers de Pac-Man sur Gameboy. Le Sorcier Fantôme renvoie Pac-Man dans son enfance. Pac-Boy devra alors parcourir différents niveaux pour revenir à l'époque normale. En sautant à travers des anneaux de quatre couleurs différentes, il obtient des capacités spéciales : le vert le fait sauter plus loin, le jaune lui permet de tirer des boules de feu, le rouge lui donne un marteau et le bleu lui permet de nager sous l'eau.
Pac-Man (USA)	Pac-Man sur Gameboy est l'adaptation d'un des plus grands succès arcades de toute l'histoire du jeu vidéo. Vous contrôlez Pac-Man, petite boule jaune croque-tout, dans des labyrinthes peuplés de fantômes colorés. Le but du jeu consiste à manger tous les petits points jaunes. Le moindre contact avec un des ectoplasmes est fatal.
Pachi-Slot Hisshou Guide GB (Japan) (SGB Enhanced)	Pachi-Slot Hisshou contient un mode scénario et un mode guide qui permet d'apprendre des stratégies pour chaque modèle de machine du jeu, ainsi que d'un mode bataille qui offre la possibilité de jouer au pachislot sans avoir affaire au scénario.
Pachi-Slot Kids (Japan)	Pachi-Slot Kids est l'un des nombreux jeux de pachinko sur Game Boy développés par Coconuts Japan. Dans celui-ci, le joueur contrôle George, un jeune garçon qui rêve de jouer au pachinko mais qui n'a pas encore l'âge d'entrer dans un casino à pachinkos. Un jour, il trébuche sur un vieux pachinko poussiéreux qu'il décide de ramener chez luI. Après l'avoir nettoyé, un étrange vieil homme en sort et se présente au jeune garçon. Il s'agit en réalité d'une sorte de génie du pachinko bien intentionné qui propose à George d'exaucer son voeu le plus cher. Cependant, un homme qui avait tout vu de la scène, s'introduit chez le jeune garçon pour s'emparer de sa trouvaille. George devra faire tout son possible pour pouvoir un jour récupérer son bien, et ce, à grand renfort de parties de ces machines à sous japonaises.
Pachi-Slot Kids 2 (Japan)	Pachi-Slot Kids 2 est le second volet de la série Pachi-Slot Kids. Dorénavant, nous suivons l'histoire de Maiko, un jeune garçon né d'une mère américaine et d'un père japonais, dont la mère est récemment décédée. Alors qu'elle avait toujours confié à Maiko que son père était mort peu après la naissance de leur enfant, elle laissa à son décès une photo d'elle sur laquelle une note adressée à Maiko lui indique que son père vit toujours, quelque part au Japon, et jouit d'une chance inouïe au pachinko. Maiko, maintenant seul, décide de quitter son pays pour le Japon, dans l'espoir de retrouver son père. Pour cela, il devra s'essayer au pachinko.
Pachi-Slot Kids 3 (Japan)	Chaque année, à Bitao City, un tournoi de pachislot destiné aux enfants d'école élémentaire a lieu. Mais tous les ans, un mystérieux incident semble se produire au bout des six jours de tournoi. Une fille prénommée Chocolat participe à la compétition, mais il semblerait qu'elle soit la prochaine victime de l'incident annuel. Vous contrôlerez le garçon qui, en participant à des parties de pachislot, saura résoudre ce mystère. Vous pouvez profiter de trois modes: un mode scénario, un mode pour jouer uniquement au pachislot et un mode battle avec un ordinateur. Huit types de machines pachislot sont présents.
Pachi-Slot World Cup '94 (Japan)	Pachi-Slot World Cup '94 est un jeu sur Game Boy qui vous met dans la peau d'un personnage qui participe à un tournoi pour devenir le meilleur joueur de pachislot au monde. Le but est d'obtenir 1 000 tickets pour terminer le jeu. Il y a aussi un mode de capture où chaque jockey peut jouer jusqu'à ce qu'il soit satisfait.
Pachinko CR Daiku no Gen-san GB (Japan) (SGB Enhanced)	Un jeu de pachinko standard similaire à Pachio-kun. Le joueur participe à un tournoi de pachinko composé de 8 participants, dans lequel trois victoires lui suffiront à en venir à bout. Ce logiciel de pachinko vous permet de profiter de la populaire machine à pachinko &quot;Carpenter's Gen-san&quot;. Le jeu peut être joué en deux modes : le mode libre, où vous pouvez jouer librement, et le mode tournoi, où vous pouvez tenter de gagner un tournoi.
Pachinko Data Card - Chou Ataru-kun (Japan) (SGB Enhanced)	Pachinko Data Card: Chou Ataru-kun est un logiciel Game Boy développé et édité par Boss Communications qui permet d'enregistrer des tableaux et des scores obtenus sur de véritables machines pachinko. Outre cette fonction bloc-notes, le software dispose d'un petit bonus &quot;diseuse de bonne aventure&quot;.
Pachinko Kaguya Hime (Japan)	Pachinko Kaguya-hime est un jeu de pachinko qui développe son intrigue sur le conte folklorique japonais de la princesse Kaguya. C'est l'histoire de 12 enfants étoiles qui sont piégés et secourus par une fronde afin de rompre leurs fiançailles avec Baka-dono. Vous pouvez également utiliser des objets pour jouer à votre avantage.
Pachinko Monogatari Gaiden (Japan) (SGB Enhanced)	Pachinko Monogatari Gaiden est une exclusivité japonaise sur Game Boy qui mêle jeu de gestion et pachinko. À Osaka, ville marchande s'il en est, un homme ambitieux du nom de Daijiro Tanaka dirige Big Magnum, un casino de pachinko dans le quartier de Kumasaka. Cependant, son business est mis en danger depuis l'arrivée d'un concurrent imposant dans les parages : Pachinko Gon et son Genjiro Gonda. Sur l'appui de pratiques douteuses, ses desseins sont ceux de mettre en faillite le Big Magnum, afin d'avoir le monopole. C'est sur vos épaules que repose la prospérité du Big Magnum ! En plus du mode principal dans lequel vous devez battre votre concurrent sur des records de vente tout en prenant soin de mettre au goût du jour votre devanture, il y en a un autre où vous pourrez jouer librement au pachinko et au pachislot
Pachinko Saiyuuki (Japan)	Il s'agit d'un jeu dans lequel vous devrez progresser à travers quatre chapitres, qui à la fin disposent chacun d'un mot de passe pour reprendre votre progression, vous proposant de prendre part à des parties de machines à sous japonaises. L'histoire est basée sur d'anciens contes chinois.
Pachinko Time (Japan)	Pachinko Time vous fait plonger dans la folie japonaise du pachinko, où vous devez lancer de nombreuses billes sur un tableau, fortement inspiré du flipper, dans le but d'atteindre des réceptacles qui font engranger des points. Le jeu dispose de 100 tables différentes auxquelles jouer, chacun vous demandant d'atteindre un certain score avant d'arriver à court de billes. Chaque zone de la carte du monde du jeu inclut un nombre différent de tables ; en compléter trois permettra d'accéder à de nouvelles zones pleines de nouvelles tables.
Pachio-kun (Japan)	Pachio-kun est le second volet d'une longue série de jeux sur Game Boy, précédé de Pachinko Time. Il s'agit d'un jeu vidéo de pachinko seulement paru au Japon. L'histoire veut que Pachio, le personnage principal, soit parti à la rescousse de Ginko, la fille du grand roi Pachinko, préalablement capturée par le roi d'Animeland. Pour cela, vous devrez vous essayer au pachinko.
Pachio-kun - Puzzle Castle (Japan)	Le célèbre Pachio-kun apparaît dans un jeu de puzzle d'action. Alignez les blocs en forme du visage du personnage horizontalement et verticalement pour les faire disparaître. Vous pouvez également jouer contre deux autres joueurs.
Pachio-kun 2 (Japan)	Il s'agit de la deuxième version Game Boy du jeu de pachinko mettant en scène Pachio-kun. Le but du jeu est d'arrêter huit machines sur la planète des morts et de sauver Ginko-san d'une maladie incurable.
Pachio-kun 3 (Japan)	Pachio-kun 3 est le quatrième épisode de la série Pachio-kun sur Game Boy. Pachio doit maintenant tout faire pour se marier avec Ginko et devenir le gendre du grand roi Pachinko. Pour ce faire, rien de plus simple : jouer aux machines à sous ! Cette fois, l'objectif est de rechercher trois « fleurs » cachées tout en arrêtant et en détruisant les tables de pachinko bloquant votre chemin.
Pachio-kun Game Gallery (Japan)	Pachio-kun Game Gallery est une compilation Game Boy des jeux suivants : Pachio-kun, Pachio-kun 2, Pachio-kun 3, et Pachio-kun Puzzle Castle. Il y a au total 24 plates-formes de pachinko différentes.
Pagemaster, The (USA) (SGB Enhanced)	The Pagemaster est un jeu de plates-formes inspiré du film Richard au pays des livres magiques avec Macaulay Culkin. Il faut guider son personnage à travers plusieurs niveaux répartis selon des thèmes de livres. Ainsi, le joueur se baladera aussi bien dans un univers d'épouvante, que de fantaisie. Il est possible d'utiliser la magie et d'écraser ses ennemis en leur sautant dessus grâce à des chaussures enchantées.
Painter Momopie (Japan)	Dans Painter Momopie, le joueur a la tâche importante de nettoyer tous les sols du château. Le château est divisé en plusieurs pièces qui doivent être terminées l'une après l'autre dans un délai déterminé. Ces pièces ont des designs différents, avec des espaces ouverts, des couloirs étroits ou des culs-de-sacs, et elles sont toutes sales. Pour nettoyer les carreaux de sol, il suffit de marcher dessus, et quand ils sont tous propres, le niveau est terminé. Cependant, il y a aussi des fantômes qui se promènent dans les pièces qui tuent le joueur lorsqu'on les touche. Le protagoniste a accès à des sorts magiques qui offrent certains avantages. Chaque sort coûte un certain nombre de points de magie.
Palamedes (Europe)	Le but de Palamedes est de vider l'écran, qui ligne par ligne, se remplit de dés. Le joueur controle un petit personnage en bas de l'écran, qui peut seulement bouger de gauche à droite, et qui tient un dé qu'il peut tourner avec le bouton B et le jeter sur les dés qui tombent du haut de l'écran avec le bouton A. Si le dé jeté par le joueur touche un dé avec le meme nombre, ces deux dés disparaissent.
Panel Action Bingo (USA)	Panel Actionn Bingo est un jeu de stratégie sur GameBoy reprenant le principe du &quot;Bingo Loto&quot;. Le joueur controle un oiseau qui affronte un chat, sur une seule et meme carte de bingo et devra posséder une ligne, une colonne ou une diagonale pour faire un BINGO et remporter la partie. L'oiseau et le chat pouvant pas posséder la meme case, il faudra anticiper pour réclamer les bonnes cases rapidement.
Panel no Ninja Kesamaru (Japan)	Panel no Ninja Kesamaru sur Game Boy est un puzzle-game à écrans fixes sorti exclusivement au Japon en 1992. Il propose d'incarner un petit ninja qui doit trouver le chemin de la sortie de chaque stage. Pour cela, il peut retourner les dalles sur lesquels il marche afin de se frayer un chemin et trouver des bonus, la clef ainsi que la porte de sortie. L'intérêt est de trouver le parcours optimal et d'éviter les pièges et les précipices.
Paperboy (USA, Europe)	Paperboy sur Gameboy est l'adaptation du succès arcade du même nom. Vous incarnez un jeune livreur de journaux à vélo et devez effectuer votre tâche le plus rapidement possible. Prenez garde tout de même aux divers obstacles, à savoir les automobilistes, chiens, skaters et autres trous dans la chaussée.
Paperboy 2 (USA, Europe)	Reprenant le concept du premier épisode, Paperboy 2 vous emmène livrer les journaux sur Gameboy. Vous avez le choix entre Paperboy et Papergirl pour enjamber votre vélo et distribuer les journaux à travers la ville. Attention cependant à les donner aux bonnes personnes et à éviter les obstacles comme les chiens ou les voitures. Il est d'ailleurs possible d'inverser les rôles et de poser des pièges sur la chaussée pour empêcher l'autre joueur de faire son travail.
Parasol Henbee (Japan)	Lorsque vous subissez des dégâts sous l'assaut de vos ennemis, vous perdez de l'énergie : votre vitesse de déplacement et votre capacité de saut diminuent. Dans cet état, il sera très difficile de poursuivre le jeu. Heureusement, le personnage principal &quot;Henbe&quot; pourra manger des &quot;objets&quot; tels que des boulettes de riz et des pommes par exemple afin de maintenir sa force. Utilisez votre parapluie pour éviter les obstacles au fur et à mesure que vous progressez dans le jeu.
Parasol Stars - Rainbow Islands II (Europe)	Parasol Stars: The Story of Rainbow Island II est un jeu d'action/aventure sorti sur GameBoy en 1991. Il s'agit du troisième épisode de la série Bubble Bobble. À la différence de Bubble Bobble et Rainbow Islands, le jeu n'est pas sorti en salle d'arcade. Dans cette nouvelle aventure, Bub et Bob, qui ont gardé leur forme humaine du précédent épisode, doivent défaire le terrible « Chaostikahn » et se débarrasser des ennemis dans 70 niveaux, aidés de leur parapluie magique multi - fonction.
Parodius (Europe)	Parodiant Gradius et tous les jeux du genre, Parodius est un shoot'em up sur Gameboy. Vous avez le choix entre quatre créatures et objets volants et devez parcourir les niveaux avec une vue de profil, en tirant sur tout ce qui bouge. L'aspect parodique permet de remplacer les univers futuristes et tragiques par des ennemis fantaisistes et des mondes pleins de couleurs.
Peetan (Japan)	Peetan est un puzzle-game qui vous permet d'incarner une poule. Cette volaille a comme noble tâche de secourir ses poussins des crocs d'un loup. Pour cela, vous devez pondre des œufs sur des plateformes qui éjectent les petites bêtes jaunes par mouvement de balancier. Il faut agir vite avant qu'elles ne se fassent dévorer. Il est possible d'étourdir le prédateur en pondant directement sur lui. Le soft ponctue les différents tableaux par des bonus stages dans lesquels il faut récolter des œufs tombant de différents tuyaux.
Peke to Poko no Daruman Busters (Japan)	Ce jeu propose de déplacer des blocs de la gauche vers la droite et inversement pour les détruire et faire tomber la créature au centre de l'écran. Seuls les blocs à l'apparence similaire disparaissent lorsqu'ils sont en contact. Plus le joueur réussit de niveaux, plus la difficulté augmente. Il est possible de paramétrer le type de musique, la vitesse à laquelle se déroule le jeu et le niveau de difficulté initial dans les options.
Penguin Land (Japan)	Penguin Land sur Gameboy est un jeu de plates formes dans lequel vous commandez un pingouin. L'objectif est de transporter son oeuf vers le bas de l'écran en évitant soigneusement d'entrer en contact rapproché avec les ours polaires ou de se prendre un rocher en pleine tête.
Penguin Wars (USA)	king of the zoo: Le joueur contrôle l'un des cinq (pingouin, ours, panda, koala et castor..). Dans chaque partie les animaux participants se trouvent sur les côtés opposés d'une table carrée avec cinq balles de chaque côté. Le but du jeu est de faire rouler ces boules sur la table. Dès que tous les dix balles sont sur le côté d'un joueur, ce joueur perd la partie. Chaque jeu a également une limite de temps de 60 secondes; Si cela est atteint, le joueur ayant le moins de balles de son côté gagne.
Penta Dragon (Japan)	Penta Dragon est un soft d'action sur Game Boy. Ce dernier vous place dans la peau d'un guerrier draconique devant éliminer de nombreuses vagues d'ennemis à la manière d'un shoot'em up. Dans ce titre à la vue du dessus, il est nécessaire de récolter de nombreuses potions pour se soigner ou encore de ramasser les différents bonus de puissance. Ces derniers permettent de varier et d'augmenter la puissance de feu de sorte à faire face à toutes les créatures, les plus inoffensives comme les boss les plus terribles.
PGA European Tour (USA, Europe) (SGB Enhanced)	Cinq parcours, répartis dans toute l'Europe, sont disponibles et pas moins de soixante golfeurs professionnels peuvent être sélectionnés. La jouabilité repose toujours sur un système de &quot;trois clics&quot; où le timing est essentiel pour ne pas finir dans le bunker.
PGA Tour 96 (USA, Europe) (SGB Enhanced)	PGA Tour 96 pour Game Boy est le deuxième et dernier opus de la série de jeux de golf EA Sports sur la console portable de Nintendo, après PGA European Tour. Par rapport aux autres versions, il offre une sélection différente de modes de jeu, de golfeurs et de parcours sous licence, et possède également son propre style de présentation graphique. Le jeu comprend cinq parcours sous licence : Avenel, Woodlands, Scottsdale, Summerlin et Sawgrass. Les modes de jeu disponibles sont l'entraînement, le tournoi et le défi Skins. Jusqu'à deux joueurs peuvent jouer, avec n'importe quelle combinaison de joueurs humains et IA. Deux joueurs humains peuvent jouer à tour de rôle sur une Game Boy et il est également possible de regarder les joueurs IA jouer seuls.
Picross 2 (Japan) (SGB Enhanced)	Picross 2 est la suite du jeu de puzzle Game Boy, Mario's Picross seulement sortie au Japon . Votre but est de révéler l'image cachée à l'intérieur de chaque grille en écaillant les bons carrés. Des indices le long des bords de la grille vous aident à déterminer quels carrés doivent être ébréchés et qui doivent être laissés seuls. Les puzzles sont beaucoup plus avancés que ceux de Mario's Picross - les puzzles faciles sont dans une grille 15x15, tandis que les puzzles standard Picross sont quatre grilles 15x15 connectés ensemble, résolu une section à la fois.
Pierre le Chef is... Out to Lunch (Europe)	Vous incarnez un chef renommé. Le pauvre bougre n'a malheureusement pas de chance puisqu'il va lui falloir pourchasser les fruits et légumes dont il a besoin pour ses plats. Et tout ça durant 6 niveaux.
Pinball - Revenge of the 'Gator (USA, Europe)	Il s'agit d'un jeu de flipper.. avec des alligators ! Ce jeu de pinball vous permet d'emmener votre table de flipper avec vous sur votre Game Boy. Marquez autant de points que possible, mais ne laissez pas votre balle se faire manger par les alligators !
Pinball Deluxe (Europe)	Pinball Deluxe est en fait une compilation de deux autres jeux de flipper sortis sur GameBoy, Pinball Fantasies et Pinball Dreams. Le jeu propose donc les 7 tables de flipper présentes dans ces deux derniers titres.
Pinball Dreams (USA, Europe)	Le flipper est de nouveau à la mode et pour certains, c'est la seule forme originale et authentique de divertissement d'arcade. Il y a trois tables géniales, chacune avec son propre thème graphique, sa musique entraînante et ses effets sonores vivants. Avec une jouabilité rapide comme l'éclair et un défilement complet des tables. Que vous obteniez un score énorme aux tables INGITION, STEEL WHEEL ou GRAVEYARD, l'expérience est la même... à couper le souffle.
Pinball Fantasies (USA, Europe)	Pinball Fantasies est un jeu de flipper sur Gameboy composé de 4 flippers différents : Party Land, Speed Devils, Billion Dollar Gameshow et Stones'n Bones. Relevez les défis et surtout ne perdez pas la bille des yeux !
Pinball Mania (Europe)	Dans ce ce jeu, quatre tableaux sont présentés : Kick Off s'articule autour du football, Jail Break se déroule dans une prison, Tarantula reflète le nom et le logo de Spidersoft puisqu'il met en scène une araignée rampante, et Jackpot s'articule autour du jeu.
Pingu - Sekai de 1ban Genki na Penguin (Japan)	Le jeu se compose de quatre épisodes présentant la vie quotidienne de Pingu . Il y a aussi des mini-jeux qui peuvent être trouvés dans divers igloos.
Pinocchio (USA)	Pinocchio est l'adaptation sur Gameboy du film de Disney de 1940. Vous dirigez la petite marionnette et revivez l'histoire du film, en parcourant les différents niveaux avec l'aide de Jiminy Cricket. Attention cependant à ne pas mentir ou faire des bêtises, sous peine de se voir changé en âne ou de voir votre nez s'allonger.
Pipe Dream (USA)	Pipe Dream est un puzzle game célèbre dans lequel vous devez créer un tuyau de canalisation pour permettre à un courant d'eau de rejoindre un point A à un point B. Le concept simpliste mais très efficace fait de ce jeu un classique du genre.
Pit-Fighter (USA, Europe)	Pit-Fighter est un jeu de combat à la troisième personne qui propose des graphismes numérisés de vrais combattants ainsi que des effets de zoom. Les joueurs sélectionnent l'un des trois combattants (Buzz, Ty ou Kato) pour affronter quiconque osera les défier. À la fin de chaque match, les joueurs reçoivent individuellement un bonus Knockout, un bonus Brutality et un Fight Purse. Chaque troisième match est un &quot;match de rancune&quot; où les joueurs testent les compétences les uns des autres. Le vainqueur est le dernier homme debout de ce match à trois rounds.
Play Action Football (USA)	Play Action Football sur GameBoy est un jeu de football américain vous permettant de choisir entre 8 teams composées de vrais joueurs de la saison 1989 de football. Votre objectif sera de gagner des matchs et ainsi espérer remporter le Power Bowl.
Pocahontas (USA, Europe) (SGB Enhanced)	Pocahontas sur Gameboy est un jeu de plates-formes basé sur le film de Walt Disney. Le joueur incarne Pocahontas, accompagnée de son ami Meeko, qui doit tout faire pour sauver les animaux en danger. Bénéficiant du pouvoir de &quot;l'esprit des animaux&quot;, l'indienne devra empêcher la guerre entre son peuple et les hommes de John Smith en parcourant plusieurs niveaux qui suivent la trame du film.
Pocket Bass Fishing (Japan)	Profitez d'une pêche sans restriction à un rythme tranquille. Il s'agit d'un jeu où le gagnant remporte tout dans des conditions déterminées. Vos adversaires sont les mêmes 12 joueurs que vous connaissez et aimez. Affrontez d'autres personnages dans un tournoi pour le plus grand nombre de 5 bars capturés en 8 heures. Essayez d'être le gagnant.
Pocket Battle (Japan)	Pocket Battle est un jeu de stratégie et de jeu de rôle, de simulation comique, qui met en scène de petits bonshommes dans un monde fantastique. Vous utilisez des guerriers et des moines pour étendre votre territoire. Conception des personnages par Gen Sato. Le jeu met en place un système de groupe similaire à celui de Dragon Quest. Il dispose d'un mode campagne un joueur proposant dix chapitres, d'un mode jeu libre, ainsi que d'une fonctionnalité deux joueurs via un câble de communication.
Pocket Densha (Japan) (SGB Enhanced)	Le simulateur de train parfait pour le voyage en train et hors train, même pour les plus petits ! Vous êtes un conducteur de train, le rêve de tous les enfants et adultes, et vous ne vous contentez pas de courir sur les rails, vous devez respecter le temps, la vitesse et bien d'autres choses encore. Utilisez vos compétences pour faire rouler le train aussi vite que vous le souhaitez.
Pocket Family GB (Japan) (SGB Enhanced)	Vous êtes propriétaire et vous devez vous occuper d'une famille d'idiots qui a emménagé dans votre maison. Prenez soin d'eux et ils grandiront pour devenir la meilleure famille que vous ayez jamais connue. Il y a plus de 200 personnages à choisir - guidez votre famille et transformez-la en de grands personnages !
Pocket Golf (Japan)	Pocket Golf est un jeu de golf pour Game Boy (Pocket) qui utilise uniquement la perspective de haut en bas pour les frappes et les putts de longue distance. Le jeu prend en charge le mode solo qui vous permet de tester vos compétences contre un joueur AI dans un match à 1 contre 1 ou un tournoi, et le mode 2 joueurs via le câble de liaison qui vous permet de vous affronter en mode match play ou stroke play. Alors que le terrain de golf occupe la majeure partie de l'écran, le côté droit montre votre personnage et la puissance que vous utilisez pour frapper la balle, ainsi qu'une vue d'ensemble du trou en cours, ou la direction du vent, le club sélectionné, et un type de terrain sur lequel votre balle se trouve actuellement.
Pocket Kanjirou (Japan) (SGB Enhanced)	Pocket Kanjirou permet au joueur d'étudier les kanjis, et ainsi d'apprendre leur lecture, leur écriture ainsi que leur ordre et leur construction. Il dispose également d'un mode examen dans lequel des questions sur certains kanjis présélectionnnés sont posées au joueur.
Pocket Kyoro-chan (Japan) (SGB Enhanced)	Un jeu d'aventure dans lequel vous contrôlez Kyoro-chan, qui est bien connu des publicités télévisées. Résolvez divers mystères et devenez amis avec les personnages. Vous pouvez également jouer à des mini-jeux contre d'autres joueurs.
Pocket Love (Japan) (SGB Enhanced)	Pocket Love sur Game Boy est un jeu de simulation qui vous plonge dans la peau d'un étudiant de deuxième année d'école. Tout commence dès le premier jour d'école, soit le 14 avril, et finit à Noël, lorsque vous aurez déclaré votre flamme à l'une des héroïnes du jeu, soit le 25 décembre. Au début de chaque semaine, vous devez choisir deux activités/matières sur lesquelles travailler et vous améliorer pour chaque jour d'entre elles. L'activité sélectionnée augmentera les statistiques qui leur correspondent (par exemple, étudier permet de faire augmenter son savoir tandis que faire le ménage de son espace personnel améliore votre niveau d'hygiène).
Pocket Love 2 (Japan) (SGB Enhanced)	Pocket Love 2 est un jeu de simulation de vie sentimentale qui fait suite au premier opus, également sorti sur la portable de Nintendo. Cette suite se déroule deux mois après les événements de son prédécesseur et réhausse la difficulté. Il est alors plus compliqué d'obtenir une fin heureuse. En outre, Pocket Story 2 garde les personnages du premier volet tout en prenant soin d'ajouter de nouvelles héroïnes pour de nouveaux amours.
Pocket Mahjong (Japan)	Pocket Mahjong est la version ultime du jeu de mahjong virtuel qui vous donne le frisson d'un vrai jeu ! Les enfants comme les adultes peuvent profiter du plaisir du mahjong à tout moment et en tout lieu.
Pocket Monsters - Midori (Japan) (SGB Enhanced)	Pokémon Vert (Poketto Monsuta Midori, lit. Pocket Monsters Vert) et Pokémon Rouge (Poketto Monsuta Aka, lit. Pocket Monsters Rouge) sont les jeux Pokémon originellement publiés au Japon, le 27 février 1996. Elles ont pour mascotte l'ultime évolution des deux premiers Pokémon de départ, Florizarre et Dracaufeu (Venusaur et Charizard). Elles se sont vendues rapidement, en partie grâce à Nintendo, qui avait eu l'idée de produire deux versions du jeu au lieu d'un seul titre, ce qui incita certains consommateurs à acheter les deux. Tels quels, ces deux jeux ne franchiront jamais les frontières du Japon : ils seront entièrement remaniés au moment de leur parution en Occident pour devenir Pokémon Rouge et Bleu.
Pocket Puyo Puyo Tsuu (Japan) (SGB Enhanced)	Il s'agit de la version Game Boy du célèbre &quot;Puyo Puyo Dori&quot;. En plus de trois modes différents, dont Toton Puyo Puyo, vous pouvez également jouer à un jeu à quatre joueurs avec deux ordinateurs et deux humains. Vous pouvez également jouer contre deux ordinateurs et deux humains. Le but est de faire en sorte que quatre puyos de la même couleur se touchent pour les faire disparaître. Si vous avez d'autres puyos de la même couleur qui y sont connectés, ils disparaitront également. Il est possible de jouer à deux et de gêner son adversaire en réalisant de multiples combinaisons. Un mode histoire vous propose de diriger Arle qui devra se battre contre de nombreux ennemis.
Pocket Shougi (Japan) (SGB Enhanced)	Dans Pocket Shogi, vous avez la possibilité de jouer contre 12 adversaires différents dans des parties de shogi. Vous pouvez choisir 12 personnages de différents niveaux de difficulté comme adversaires. Le jeu peut également être joué avec des handicaps tels que &quot;flying car&quot; ou &quot;square&quot;. À chaque fin de partie, vous pouvez visionner seulement une fois le déroulé de la partie jouée.
Pocket Stadium (Japan)	Pocket Stadium est un jeu de simulation de baseball sur Game Boy qui mise son action sur les rôles de batteur et de lanceur. Il y a différents paramètres d'action et deux modes de jeu disponibles dont un mode exhibition et un mode championnat. Une fonctionnalité deux joueurs est également de la partie.
Pokemon - Blue Version (USA, Europe) (SGB Enhanced)	Vous débutez votre aventure à Bourg Palette où vous incarnez un jeune garçon. Après une dangereuse altercation avec des Pokémon sauvages, le Professeur Chen vous apprend à capturer des Pokémon et vous enseigne les rudiments pour devenir dresseur. Lors de votre voyage à travers la région de Kanto, vous devez capturer des Pokémon pour enregistrer leurs informations dans votre Pokédex, et il vous faudra devenir un dresseur pour les compétitions qui se tiennent dans les différentes arènes de la région. Une fois votre réputation de dresseur de Pokémon faite, ce sera le moment d'affronter le conseil des 4, un groupe de dresseurs d'élite qui mettront vos talents à l'épreuve.
Pokemon - Red Version (USA, Europe) (SGB Enhanced)	Vous débutez votre aventure à Bourg Palette où vous incarnez un jeune garçon. Après une dangereuse altercation avec des Pokémon sauvages, le Professeur Chen vous apprend à capturer des Pokémon et vous enseigne les rudiments pour devenir dresseur. Lors de votre voyage à travers la région de Kanto, vous devez capturer des Pokémon pour enregistrer leurs informations dans votre Pokédex, et il vous faudra devenir un dresseur pour les compétitions qui se tiennent dans les différentes arènes de la région. Une fois votre réputation de dresseur de Pokémon faite, ce sera le moment d'affronter le conseil des 4, un groupe de dresseurs d'élite qui mettront vos talents à l'épreuve.
Pokemon - Yellow Version - Special Pikachu Edition (USA, Europe) (CGB+SGB Enhanced)	Tout comme Pokémon Vert, Rouge et Bleu, l'action de Pokémon Jaune se déroule dans la région fictive de Kanto, qui est toujours habitée par les mêmes 151 espèces de Pokémon (abréviation de « pocket monsters », « monstres de poche » en anglais). Le but du jeu reste considérablement le même, seules quelques légères différences subsistent. Par exemple, le protagoniste silencieux ne choisi pas son Pokémon parmi les trois de départ comme dans les jeux originaux. À la place, le professeur Chen (Oak) lui offre un Pikachu sauvage capturé avant, tandis que le rival prend un Évoli (Eevee), à l'origine pour le protagoniste.
Pokonyan! - Yume no Daibouken (Japan) (SGB Enhanced)	Un jeu de plateforme et d'aventure à défilement latéral dans lequel vous contrôlez Poconyan, un étrange animal ressemblant à un raton laveur qui doit esquiver les obstacles et tuer des ennemis pour terminer tous les niveaux du jeu.
Ponta to Hinako no Chindouchuu - Yuujou Hen (Japan)	Doté d'un scrolling horizontal, le soft nous permet d'incarner un raton-laveur accompagné d'un petit oiseau. Tous deux doivent parcourir des univers psychédéliques sans queue ni tête pour tenter de vaincre la force maléfique qui les habite. Pour se défendre, l'animal dispose d'un éventail qu'il brandit contre ses ennemis. Lorsqu'il se fait toucher, l'oiseau tente de le secourir afin de retourner à la charge. Les niveaux se terminent par le traditionnel affrontement contre un boss. Ponta to Hinako no Chindouchuu : Yuutou Hen dispose d'un système de mots de passe pour sauvegarder la progression.
Pop'n TwinBee (Europe)	Pop'n Twinbee est un nouvel épisode de la saga Twinbee apparu pour la première fois en 1986 sous le nom Stinger. Vous contrôlez les deux vaiseaux Twinbee et Winbee avec un ami, et devez aider une petite fille dont le père est un scientifique qui a perdu la tête et tente de conquérir le monde. Pour améliorer ses armes, il faut tirer sur les cloches qui apparaissent et les collecter lorsque la couleur correspond au missile désiré.
Popeye (Japan) (En)	Popeye est un puzzle-game exclusivement sorti au Japon en 1990. Vous incarnez le célèbre mangeur d'épinards dans différents tableaux. Le but est de retrouver Olive puis le petit Mimosa dans des labyrinthes. Il faut faire preuve de prudence pour ne pas croiser le chemin de Brutus qui cherche à vous coincer ou de Gontran qui jonche le sol d'hamburgers bloquant le passage. Des boîtes d'épinards sont heureusement disponibles dans chacun des stages pour vous aider à vous rebeller contre cette brute et ainsi rejoindre votre bien-aimée.
Popeye 2 (USA)	Popeye 2 sur Game Boy est un jeu de plate forme au gameplay classique, dans lequel le joueur incarne le célèbre personnage Popeye. Olive, la femme de Popeye, a trouvé une carte au trésor, nos deux tourteaux s'en vont alors braver les mers, jusqu'à l'arrivée de Brutus : l'éternel grand méchant, qui kidnappe Olive et vole la carte au trésor.
Populous (Europe)	Populous vous propose de vous mettre dans la peau du Créateur. Commandez une civilisation et venez à bout des populations sous la joute de dieux adverses. En tant que Dieu, vous pouvez modeler les reliefs à votre aise, jeter des sorts, commander vos troupes et fabriquer des héros pour influencer les masses, et ce, dans plus de 500 mondes.
Power Mission (USA)	Power Mission est un jeu de stratégie navale au tour par tour. Les deux joueurs choisissent l'une des cinq flottes qui consistent en des combinaisons de huit unités différentes. Différents types d'unités ont des attributs différents comme la force d'attaque ou la portée.
Power Pro GB (Japan) (SGB Enhanced)	Power Pro GB est un jeu de Baseball, où sont mit en scène les sympathiques &quot;Pawapuro&quot;, ces petits joueurs de baseball rondouillards et qu'on retrouver dans tous les épisodes. Le gameplay est classique mais redoutablement précis. En attaque, il faut se placer et avoir un timing de démon pour arriver à placer un bon coup de batte. Un rectangle est affiché devant le batteur délimitant la zone dans laquelle le lanceur peut placer la balle sans qu'elle soit en faute, et un petit carré, tel un viseur, montre l'endroit ou on va frapper. En haut de l'écran, une vue &quot;miroir&quot; montre notre batteur de face et, derrière lui, le receveur de l'équipe adverse: il faut observer ou ce dernier place son gant pour avoir une idée d'où le lanceur va lancer. En défense, il faudra courir, plonger et vite relancer la balle pour espérer éliminer les adversaires qui auront réussi à frapper la balle. Les modes de jeux proposé sont les mêmes que les autres série mais un nouveau mode fait son arrivé le mode &quot;success&quot;, le principe est de créer un &quot;Pawapuro&quot; et le guider pendant ses premières années de joueur de baseball.
Power Racer (USA)	Power Racer est un jeu de course reprenant beaucoup d'éléments de Pac-Man. Vous controlez une petite voiture qui devra collecter des sortes de pastille tout en évitant de percuter la voiture adverse qui roulera dans le sens inverse, le tout en vue de dessus.
Prehistorik Man (USA, Europe)	Redevenez un homme des cavernes grâce à Prehistorik Man sur Gameboy. Toute la nourriture du village a été volée durant la nuit. En tant que héros du village, Sam doit aller chercher des os pour pouvoir les échanger contre de la nourriture. Vous êtes accompagné par le chef et un guide qui vous donneront des conseils, ainsi que par le forgeron et l'inventeur du village qui vous fourniront des objets. En plus de sa massue, Sam peut pousser éliminer les dinosaures en criant.
Pri Pri - Primitive Princess! (World) (Evercade)	Pri Pri: Primitive Princess! est un puzzle game à écran fixe dans lequel vous devez casser et recréer des blocs à l'aide d'un marteau (tout en prenant garde au nombre limité de création), grimper et descendre d'échelles, et amasser les cristaux de chaque stage pour fabriquer une échelle qui vous conduira au niveau suivant. Tous les monstres qui gênent votre objectif peuvent être enterrés en creusant un trou et en les laissant tomber à l'intérieur.
Primal Rage (USA, Europe)	Primal Rage sur Gameboy est un jeu de combat se situant dans un monde post-apocalyptique. Une météorite a frappé la Terre de plein fouet et un grand chaos en résulte. Sept dieux des temps anciens se réveillent et souhaitent prendre le contrôle de la planète. Combattez avec des personnages aussi originaux que des singes géants ou des dinosaures pour sauver le monde.
Prince of Persia (USA)	Prince of Persia sur Gameboy est un jeu de plates-formes se déroulant dans le Moyen-Orient. Le joueur contrôle le Prince de Perse qui peut marcher, courir, se baisser, sauter, s'accrocher et combattre à l'épée. Le but est de terminer tous les niveaux pour libérer la princesse dans le temps imparti, c'est-à-dire une heure. Chaque niveau consiste en un donjon de plus en plus grand et parsemé d'embûches (précipices, dalles se dérobant sous les pieds, pics sortant du sol).
Pro Mahjong Kiwame GB (Japan) (SGB Enhanced)	Il propose différents modes de jeu dont &quot;Normal&quot; qui permet d'affronter librement un adversaire parmi neuf joueurs réels de Mah-jong japonais selon les paramètres de son choix, &quot;Challenge&quot; incluant trois tournois aux formats différents, ainsi que &quot;Theisen&quot; pour un duel contre un autre joueur humain.
Prophecy - The Viking Child (USA)	Un side-scroller cartoonesque dans lequel vous incarnez, comme le titre l'indique, un enfant viking, dans sa quête pour libérer ses amis et sa famille, retenus par le dieu maléfique Loki dans les grandes salles du Valhalla. Combattez à travers 16 niveaux aux scénarios variés, incluant des châteaux médiévaux et des montagnes. Les niveaux sont parsemés de boutiques dans lesquelles vous pouvez acheter des potions et d'autres objets magiques pour vous aider à avancer. Avant d'affronter le Seigneur des Ténèbres Loki, vous devez vaincre les 8 Apprentis des Ténèbres. Dans l'ensemble, il s'agit d'un excellent hybride plateforme/puzzle qui devrait plaire à tous les fans du genre, notamment en raison de la longueur des niveaux que vous devrez traverser.
Punisher, The - The Ultimate Payback (USA)	The Punisher : Ultimate Payback sur Gameboy est l'adaptation du comics Marvel. Ce jeu de tir sur rails vous permet d'incarner Frank Castle pour nettoyer les rues de la ville. Dirigez son viseur pour tirer sur les ennemis et esquivez les balles en vous déplaçant à droite ou à gauche. Plusieurs bonus peuvent être ramassés pour améliorer l'arsenal ou la santé.
Purikura Pocket - Fukanzen Joshikousei Manual (Japan) (SGB Enhanced)	Purikura Pocket - Fukanzen Joshikousei Manual sur Game Boy est un jeu de rôle contemporain dans lequel vous incarnez une jeune fille. Possédant un game design similaire à Pokemon, Purikura Pocket permet de gérer l'état physique de son avatar qu'il faut façonner selon son bon désir en début de partie. Aussi, la jeune femme est amenée à rencontrer d'autres personnages à qui elle doit répondre de façon libre entre trois alternatives ce qui influe sur le déroulement du scénario. De nombreux évènements aléatoires apparaissent à la manière des combats dans les RPG classiques. La différence ici est qu'il s'agit d'actions de la vie de tous les jours : sonnerie de téléphone, personnages qui nous interpellent, etc. Il s'agit du premier épisode d'une trilogie exclusivement sortie sur Game Boy
Purikura Pocket 2 - Kareshi Kaizou Daisakusen (Japan) (SGB Enhanced)	Purikura Pocket 2 - Kareshi Kaizou Daisakusen est un jeu de rôle d'aventure faisant suite à Purikura Pocket - Fukanzen Joshikousei Manual. Dans ce second volet, la personnalisation de l'héroïne est moins prononcée et il n'est plus possible de se mouvoir librement comme dans les RPG classiques. En revanche, le titre approfondit le côté gestion puisqu'il est demandé ici d'aider la jeune fille à étudier, orienter ses efforts dans tel ou tel domaine et faire en sorte que sa santé mentale et que son état physique soient au meilleur niveau. Sorti la même l'année que le premier épisode, Purikura Pocket 2 n'est distribué qu'au Japon.
Purikura Pocket 3 - Talent Debut Daisakusen (Japan) (SGB Enhanced)	Un jeu de simulation où l'objectif est d'élever une fille en troisième année de lycée pour qu'elle devienne un talent. Incorporez un bon équilibre entre les leçons d'école, d'amusement et de formation au talent.
Puyo Puyo (Japan) (SGB Enhanced)	Puyo Puyo est un puzzle-game sorti au Japon. Très largement inspiré de Tetris, le jeu ne met pas en scène des simples barres, mais des petits êtres vivants nommés des Puyos. Le but est simple, faire des combinaisons d'un minimum de 4 Puyos de mêmes couleurs pour les faire disparaître. Au fur et à mesure de votre progression, la vitesse accélère et de nouvelles couleurs de Puyos apparaissent. Votre but est de réaliser le score le plus élevé sans laisser s'accumuler les Puyos qui vous feront perdre la partie s'ils remplissent totalement l'écran. On note la présence d'un mode deux joueurs qui vient pimenter un peu plus le jeu.
Puzzle Nintama Rantarou GB (Japan) (SGB Enhanced)	Jeu de puzzle similaire à Doctor Mario et Tetris dans lequel vous devez associer les pièces de même couleur qui tombent du haut pour les faire disparaître et les envoyer au joueur contrôlé par l'ordinateur.
Puzznic (Japan) (En)	Puzznic est un puzzle-game sorti sur Gameboy. Le jeu vous propose différents tableaux à résoudre en poussant des blocs de part et d'autre afin de débloquer un chemin.
Pyramids of Ra (USA)	Pyramids of Ra est un Puzzle-Game dans lequel vous contrôlez un archéologue aventureux que vous guiderez à travers un labyrinthe de tombes. Chaque niveau est composé de tuiles qui doivent toutes être brisées pour passer au niveau suivant. Afin de casser les tuiles, vous devez d'abord atterrir sur la tuile, puis sauter en l'amenant à s'effondrer. La partie difficile de ce jeu est que vous devez d'abord casser toutes les tuiles et ensuite revenir à la tuile de départ avant d'avancer.
Q Billion (USA)	Q Bilion est un jeu de réflexion sur Gameboy. Des blocs avec des chiffres sont présents sur le plateau, les chiffres indiquent leur hauteur, votre objectif est de tous les amener à 1 en faisant tomber les blocs avec un chiffre supérieur.
Q-bert for Game Boy (USA, Europe)	Q*bert est un jeu de réflexion sur Gameboy. Aidez Q*bert à sauver ses amis au moyen de puzzles 3D plus difficiles les uns que les autres. Le soft propose 4 mondes divisés chacun en 6 niveaux, avec 3 modes de jeu : classique, aventure et un contre un.
QIX (World)	Dans le puzzle-game Qix sur Gameboy, vous devez guider un marqueur pour grignoter petit à petit l'écran. Lorsque le marqueur s'aventure au centre de l'écran, il laisse un trait derrière lui. Chaque zone fermée que vous aurez dessinée sera alors validée. Votre but est de valider un certain pourcentage de l'écran. Mais attention, des ennemis rôdent ! Faites donc attention à ce qu'ils ne touchent ni votre marqueur ni votre ligne pour ne pas perdre de vie.
Quarth (USA, Europe)	Quarth est un jeu hybride entre le puzzle game facon Tetris et le shoot'em up facon Space Invaders. Vous controlez un vaisseau et devrez tirer sur des blocs descendants du haut de l'écran pour les faconner en forme de carré ou de rectangle pour les faire disparaitre et marquer des points.
Quiz Nihon Mukashibanashi - Athena no Hatena (Japan)	Quiz Nihon Mukashi Banashi: Athena no Hatena est un jeu de quiz sur Game Boy proposant de répondre à différents quiz de thématiques diverses et variées, à travers plusieurs chapitres. Chaque chapitre est basé sur une histoire du folklore japonais dont le boss, qui pose la dernière question, est issu. Une fonction de mot de passe permet au joueur de reprendre à tout moment un tronçon du jeu.
Quiz Sekai wa Show by Shoubai!! (Japan)	Quiz Sekai wa Show by Shoubai!! est un jeu de quiz sur Game Boy inspiré d'un jeu télévisé japonais. Le joueur contrôle un candidat de l'émission qui doit affronter ses comparses dans des duels de questions. Il y a des questions à deux et quatre propositions de réponse, mais aussi des questions basées sur des illustrations.
R-Type (USA, Europe)	R-Type sur Gameboy est un shoot'em up retraçant les guerres intersidérales entre les terriens et l'empire Bydo. Vous contrôlez un vaisseau spatial, le R 9 et débutez armé d'un simple canon apte pour détruire les ennemis les plus fragiles. Par la suite, vous installez différents canons sur votre vaisseau, chacun étant recommandé pour un type de structure particulière.
R-Type II (Europe)	R-Type II sur Gameboy est un shoot'em up avec une vue de profil où vous pilotez un vaisseau en environnement hostile. Repoussez l'envahisseur en vous servant de votre arsenal améliorable couplé aux modules de force dont vous disposez pour une puissance de feu accrue. Affrontez vos ennemis et des boss gigantesques dans des décors spatiaux.
Race Days (USA)	Race Days est un jeu de course sur GameBoy proposant deux jeux en un. Dirty Racing, qui propose des courses facons Grand Prix avec une vue similaire a Micro Machines, et 4 Wheel Drive, qui propose de faire la course à bord de 4x4 avec une vue à la première personne derrière le volant.
Race Drivin' (USA, Europe)	Race Drivin' est la suite du simulateur de conduite d'arcade Hard Drivin'. Le jeu est similaire au premier. Le joueur doit effectuer des tours de piste avant l'expiration d'un chronomètre. Il y a plusieurs points de contrôle autour de la piste qui augmentent le temps du joueur lorsqu'il passe. Race Drivin' comporte trois circuits, dont l'un est celui de Hard Drivin'. Il y a aussi un nouveau circuit de super-cascade et un circuit d'autocross. Le joueur a également le choix entre trois types de voitures.
Racing Damashii (Japan)	Jouable seul ou à deux, que ce soit en mode Championship ou dans le mode Practice, votre objectif est d'atteindre la première place. Dans Racing Damashii, la caméra est objective et permet de bien se placer sur la ligne horizontale invisible en bas de l'écran. Le jeu est essentiellement orienté vers l'action, mais le joueur doit surveiller les dégâts de la moto (diminue avec les accidents) et l'état des pneus (diminue lorsqu'il quitte la route). Si l'une des deux barres s'épuise, la course est terminée, mais les réparations sont effectuées lors des arrêts aux stands. Les deux modes de jeu pour un joueur sont des courses d'entraînement et un championnat dans lequel des points sont attribués pour les bonnes positions finales. Ceux-ci peuvent être réinvestis dans des mises à niveau de motos. La perspective est en 3D avec la caméra fixée derrière le véhicule du joueur. Il faut doser la vitesse de l'engin à l'entrée des virages pour ne pas glisser et tomber dans la pelouse. Les 6 circuits sont relativement longs puisqu'il faut en moyenne quatre minutes pour les terminer.
Radar Mission (USA, Europe)	Radar Mission est un jeu vidéo 2 en 1. Vous avez le choix entre un jeu de bataille navale que vous pouvez configurer (taille de la grille, lucky shot, etc...) et un jeu de combat de sous-marin dans lequel vous prenez directement les commandes du sous-marin pour aller torpiller les bateaux adverses qui se trouvent dans votre champs de vision. Les musiques sont de bonnes factures pour la Game Boy et la difficulté est assez bien dosé pour chaque jeu. A noter qu'avec le câble Game Link il est possible de jouer contre un autre adversaire joueur.
Raging Fighter (USA, Europe)	Raging Fighter est un jeu de combat en 2D sur Gameboy. Le choix du combattant se fait parmi sept personnages, disposant chacun de coups spéciaux particuliers et s'affrontant au cours de quatre tournois différents.
Rampart (USA, Europe)	Rampart est l'adaptation sur Gameboy du jeu de stratégie sorti sur borne d'arcade en 1990. Après avoir choisi un emplacement pour votre château parmi les quatre possibilités, vous placez des canons pour vous défendre contre les bateaux qui vous bombardent. Après chaque bataille, vous disposez de quelques secondes pour reconstruire vos remparts avant une nouvelle attaque. Pour cela, des blocs de plusieurs formes apparaissent, façon Tetris, et vous devez les combiner sans laisser de vide.
Ranma 1-2 (Japan)	Un jeu de puzzle dans lequel vous incarnez Ranma. Le jeu se présente sous la forme d'un labyrinthe dans lequel le joueur devra changer de forme pour pousser ou détruire certains blocs et ainsi atteindre la sortie.
Ranma 1-2 - Kakugeki Mondou!! (Japan)	Le joueur incarne Ranma dans la ville du manga. Le joueur devra changer de forme entre Ranma garçon ou fille en fonction des situations se présentant à lui. Il faudra aussi discuter avec les habitants pour les aider.
Ranma 1-2 - Netsuretsu Kakutou Hen (Japan)	Dans ce jeu de rôle vous incarnez Ranma qui peut se métamorphoser en femme lorsqu'il est mouillé. Le soft invite à l'exploration des environnements (bâtiments) et ouverts (villages, extérieur). Il faut parler à de nombreux personnages pour glaner des informations. En outre, le combat joue un rôle important dans Ranma 1/2. Dans cet opus, les combats se déroulent en temps réel puisque le personnage peut effectuer des coups classiques (coups de poing, pied) ainsi que des projections et des attaques plus élaborées (coups de pied sautés).
Ray-Thunder (Japan)	En l'an 209X, l'ordinateur principal du centre de contrôle de la Central Intelligence Agency devient soudainement fou, et la ville de Tokyo prend l'apparence d'une jungle de béton terrifiante où des robots de sécurité frénétiques attaquent les gens. Le gouvernement dépêche une équipe de combat spéciale pour rétablir la fonctionnalité du centre de contrôle. Ray-Thunder sur Game Boy est un soft de tir qui vous plonge dans les labyrinthes en trois dimensions. Après avoir sélectionné votre robot parmi trois machines, vous êtes immergé dans plusieurs dédales dont vous ne pouvez sortir qu'en trouvant et éliminant les adversaires. Grâce à la carte, il est possible de se repérer et de localiser les cibles. En marge de cet objectif, il est nécessaire de fouiller les moindre recoins de chaque zone pour dénicher du fuel nécessaire à vos déplacement et des recharges de santé. Exclusivement sorti au Japon, Ray-Thunder inclut un mode deux joueurs.
Real Ghostbusters, The (USA)	The Real Ghostbusters est un jeu d'action sur Gameboy basé sur l'univers de S.O.S. Fantômes. Le joueur y incarne un chasseur de fantômes, qui devra éliminer puis aspirer des ectoplasmes sur 10 niveaux différents. Il faut en premier lieu affaiblir les fantômes, avant de les aspirer dans le réceptacle situé dans le dos du personnage.
Ren & Stimpy Show, The - Space Cadet Adventures (USA)	The Ren And Stimpy Show- Space Cadet Adventures: préparez-vous à partir à l'aventure avec le commandant Ren Hoek et son fidèle compagnon Cadet Stimpy. explorez de vastes mondes extraterrestres avec nos héros alors qu'ils errent dans des régions inexplorées de l'espace pour lutter contre le mal intergalactique. Y a-t-il une vie intelligente dans l'univers?
Ren & Stimpy Show, The - Veediots! (USA, Europe)	A l'aide ! On est coincés dans notre propre émission de télé ! nnStimpy et moi, on n'en peut plus, mec ! Nous avons décidé de sortir de ce tube de deux bits et d'entrer dans le monde réel, mais nous avons besoin de votre aide ! Voici comment ça se passe.... Tout d'abord, dans The Boy Who Cried Rat, Stimpy tente d'être un attrapeur de souris... et la souris, bien sûr, c'est moi déguisé ! J'espère qu'Eediot ne me mangera pas par erreur... Puis, dans The Army, je suis derrière les lignes ennemies, et jusqu'aux oreilles face à toutes sortes de méchants. Bon sang ! Qui a écrit cet épisode ? nnDans Stimpy's Invention, mon ami félin prépare quelque chose dans son laboratoire fou. Hmm.... ça ressemble à un chapeau.... Enfin, à Marooned, le cadet Stimpy s'est perdu lui-même dans les coins les plus reculés de la galaxie ! Dégoûtant ! Oh, oui, tout le monde est piégé ici aussi : Mister Horse, Space Cabbages, Muddy Mudskipper, et même Powdered Toast Man, mec ! Prenez les commandes et sortez-nous de là !
Renju Club - Gomoku Narabe (Japan) (SGB Enhanced)	Renju Club: Gomoku Narabe est un jeu de plateau basé sur le jeu de Renju, la variante professionnelle du jeu japonais de gomoku. Le renju se joue avec des pierres noires et blanches sur un goban sur lequel est tracée une grille de 15 lignes horizontales par 15 lignes verticales qui déterminent 225 intersections. Le renju élimine la situation du &quot;jeu parfait&quot; du gomoku en ajoutant des conditions spéciales pour le premier joueur (noir). Le but du jeu est d'aligner cinq pierres que l'on soit du côté blanc ou noir, ou bien, lorsque l'on est du côté blanc, contraindre le joueur aux pierres noires à effectuer un mouvement interdit au renju.
Rentaiou (Japan)	Rentaiou est un des quelques jeux de simulation de courses hippiques exclusivement sortis au Japon sur la Game Boy de Nintendo. Il prédit le résultat d'une course sur la base de 10 éléments de données d'entrée tels que la longueur du parcours et les conditions de la piste. Les données de base sont préparées à l'avance, ce qui facilite leur saisie.
Reservoir Rat (Europe) (En,Fr,De,Es,It)	M. Raz était un horrible tueur à gages. Heureusement, il a trouvé sa petite amie Loretta Mozzarella et a mis fin à la tuerie. Tournant une nouvelle page de sa vie, lui et Loretta sont partis à la campagne et ont créé une ferme à la place. Cependant, lorsque la mafia de Marlon Mozzarella a découvert que sa fille avait disparu, il s'est mis en colère et a ordonné à ses hommes de main d'aller la chercher. Ainsi, si M. Raz veut revoir sa petite amie, il n'a pas d'autre choix que de reprendre son arme et de se rendre en ville.
Riddick Bowe Boxing (USA)	Riddick Bowe Boxing sur GameBoy est un jeu de boxe comme son nom l'indique. Le joueur peut faire un match rapide ou une carrière dans laquelle il pourra choisir parmi 4 boxeurs qu'il aura la possibilité de personnaliser par la suite. Vous commencerez à la 25ème position, a vous d'améliorer votre boxeur et de monter au classement jusqu'a prendre le trone de Riddick Bowe lui même.
Ring Rage (USA)	Ring Rage est un jeu de catch sur GameBoy dépourvu de license officielle. Il permet de choisir parmi 5 catcheurs imaginaires, chacun avec leur propre style, et d'entrer en compétition dans le championnat de la TWF (Taito Wrestling Federation).
Road Rash (USA, Europe)	Road Rash est un jeu de course de moto agressif dans lequel le joueur joue le rôle d'un motard qui participe à une série de courses illégales à travers les États-Unis. En partant en queue de peloton, l'objectif est toujours de finir premier sur un parcours linéaire, en dépassant les autres motards. Pour y parvenir, il faut bien conduire et faire tomber les adversaires à l'aide de gourdins, de pieds-de-biche ou à mains nues. Les autres coureurs se défendent de la même manière et il y a aussi des dangers. Toutes les courses se déroulent sur route ouverte. Il y aussi les flics, des taches d'huile et des vaches errantes sur votre parcours. En gagnant des courses, vous pouvez être promu dans une division supérieure et gagner de l'argent avec lequel vous pouvez acheter une meilleure moto. Chaque fois que vous êtes éjecté de votre moto ou que vous percutez quelque chose, vous devez courir pour retrouver votre moto et perdez du temps, sans compter que votre moto subit des dommages.
Roadster (Japan) (En)	Roadster permet au joueur de conduire une voiture de sport sur différents terrains (urbain, campagne, montagne, rallye, gymkhana). En mode entraînement, les joueurs peuvent s'entraîner en solo sur l'une des seize pistes disponibles. Le mode principal disponible est le mode course, dans ce mode, le joueur sélectionne le nombre de courses qu'il veut concourir (5, 10, 15 ou 20), il affronte ensuite 5 concurrents afin de terminer à la meilleure place et remporter le plus de points possible.
Robin Hood - Prince of Thieves (USA)	Robin Hood : Prince Of Thieves est un jeu d'aventure qui vous propose de revivre le film avec Kevin Costner, sorti en 1991. La trame scénaristique reprend quasiment exactement celle du film, ce qui en fait le point fort principal de la cartouche.
RoboCop (USA)	RoboCop est un jeu d'action sur Gameboy. Vous êtes à Néo-Détroit, en 2015. Les quartiers sont à feu et à sang et l'OCP prend le contrôle de la ville. Au coeur d'une sombre machination entre pouvoir, corruption et trafic de drogue, vous incarnez RoboCop, le seul espoir.
RoboCop 2 (USA, Europe)	RoboCop 2 sur Gameboy est un jeu d'action inspiré du film. Contrairement au premier opus, il n'y a pas de limite de temps et vous êtes capable de sauter. Les missions sont à objectifs divers comme la destruction d'armes nucléaires ou la destruction de tous les ennemis se trouvant sur votre chemin.
RoboCop Versus The Terminator (USA)	Robocop vs Terminator sur Game Boy est un jeu d'action combinant les univers des deux long métrages éponymes. L'histoire débute lorsque les soldats de John Connor découvrent que Skynet est issu de la technologie cybernétique utilisée pour fabriquer Robocop. Incarnez ce dernier, entrez dans la résistance et venez en aide à Connor pour sauver l'humanité des machines.
Rock'n! Monster!! (Japan) (SGB Enhanced)	Rock'n! Monster!! est un puzzle-game et plus précisément un Tetris-like sorti exclusivement au Japon sur Game Boy. Jouable seul ou à deux, le soft propose d'aligner des blocs de couleur par quatre pour les faire disparaître et engranger des points. Tous ont la même forme contrairement à Tetris. Certains blocs comportent deux couleurs ce qui complexifie le gameplay et permet davantage de marches de manœuvre.
Rod Land (World) (Retro-Bit)	Rodland est un jeu d'action sur GameBoy. Le soft comprend 40 écrans où il faut déblayer tous les méchants ennemis. Pour chaque adversaire tué, vous recevez un bonus qui vous sert à tuer d'autres ennemis avec des coups spéciaux.
Roger Clemens' MVP Baseball (USA)	Roger Clemens' MVP Baseball est un jeu de base-ball sur GameBoy. Retrouvez plus de vingt-cinq équipes du championnat et jouez un match simple ou la saison complète des playoffs. Chaque joueur dispose de ses propres statistiques et un mode deux joueurs permet d'affronter un ami.
Rolan's Curse (USA)	Rolan's Curse sur Gameboy est un jeu de rôle dans lequel vous incarnez un héros prêt à défendre le royaume de Rolan, pris sous le joug du tyran Barius. Autrefois roi, il fut emprisonné dans un château au fond de la forêt mais des années plus tard, il réapparut plus maléfique que jamais, avec des hordes de créatures à ses ordres. C'est donc à vous de parcourir le monde et de sauver ses habitants de la malédiction de Barius.
Rolan's Curse II (USA)	Il s'agit de la suite du jeu de roles Rolan's Curse. Le roi Barius essaie encore une fois de conquérir le monde. Ray et trois autres aventuriers partent en voyage pour mettre un terme à ses plans de conquête.
Sagaia (World) (Darius Cozmic Revelation)	Darius II est un shoot'em up sur Gameboy. Vous incarnez au choix Proco Jr. ou Tiat Young, pilotes de vaisseaux spatiaux. Vous combattez pour la sécurité de votre planète, Darius.
Saigo no Nindou (Japan) (En)	Saigo no Nindou sur Game Boy est un beat'em all vous permettant d'incarner un ninja. Dans ce jeu au scrolling horizontal, vous traversez les niveaux en découpant tous les ennemis se mettant en travers de votre route. Pour cela, vous disposez d'un katana et de plusieurs armes de jet (shurikens, bombes, grappin). Il est également possible de dédoubler l'avatar ou d'augmenter la portée de ses coups grâce à différents bonus récupérables au gré des niveaux. Ces derniers se terminent par un traditionnel boss.
Sakigake!! Otoko Juku - Meioutou Kessen (Japan)	Momotaro et les autres membres d'Otokojuku se rendent sur l'île de Meiou pour vaincre Todo Hyouei, un méchant maléfique et organisateur de Tento Gorinbukai. Pour vaincre Hyoue, ils doivent gagner le Grand Tournoi. En plus du &quot;Tento Five Rings Mode&quot; standard, il existe également un &quot;Tento Five Rings Grand Battle Tournament&quot; dans lequel les joueurs combattent seuls.
Same Game (Japan) (SGB Enhanced)	Dans Same Game, le joueur doit vider tout le terrain de jeu de toutes les cellules colorées en sélectionnant au moins deux cellules adjacentes. Selon le réglage de difficulté, le terrain de jeu et le nombre de couleurs diffèrent (de 5x5 avec 3 couleurs à 20x15 avec 4 couleurs). Une fois qu'un ensemble est sélectionné, il est supprimé et les cellules restantes sont « consolidées » (les cellules au-dessus tombent, les cellules se déplacent vers la gauche s'il y a un espace horizontal). Cela signifie également que l'ensemble possible est détruit lorsque les cellules se déplacent. Dès que le joueur supprime toutes les cellules, le jeu se termine. S'il ne reste qu'une seule cellule, la partie est perdue.
Samurai Shodown (USA, Europe) (SGB Enhanced)	Samurai Shodown sur Game Boy est un jeu de combat se déroulant au XVIIIème siècle au Japon. Le titre intègre des modifications par rapport aux classiques du genre telles que l'utilisation d'armes blanches, un système de zoom ainsi qu'une jauge POW se remplissant au fil du combat et débloquant des attaques puissantes.
Sangokushi - Game Boy Ban (Japan)	Il s'agit d'une simulation de la période des Royaumes combattants, qui est devenue un incontournable du PC et de la Famicom. Cette fois, en plus des batailles hexagonales traditionnelles, une bataille entre seigneurs de guerre a été ajoutée dans laquelle le vainqueur remporte tout. Par rapport à la version normale de Sanguozhi, le nombre de pays a été réduit et les batailles ont été simplifiées. En d'autres termes, c'est une version allégée de Sanguozhi faite pour Game Boy. Cependant, le degré de réalisation n'est pas faible. Nous avons expérimenté beaucoup de choses que nous ne pouvions pas faire dans la version normale
Sanrio Carnival (Japan)	Sanrio Carnival sur Game Boy. Il s'agit d'un Tetris-like dans lequel il faut aligner les symboles identiques afin d'accéder au stage suivant. On espère que la musique d'ambiance vous rentrera bien dans le crâne : c'est fait pour !
Sanrio Carnival 2 (Japan)	Sanrio Carnival 2 sur Game Boy est un puzzle game adapté de la licence Hello Kitty. Jouable seul ou à deux, le titre contient plusieurs mini-jeux dont un casse-briques très particulier. Ce dernier permet d'incarner un personnage qui frappe horizontalement des blocs venant du haut de l'écran. L'objectif est alors de les empiler par trois au minimum pour les détruire et empocher un maximum de points. Sanrio Carnival 2 invite également à des parties de taquin.
Sanrio Uranai Party (Japan)	Dans ce jeu, le joueur peut soit choisir de connaître son destin (en matière d'argent, d'amour, de santé ou autre) ou bien de tester sa compatibilité avec une autre personne, que ce soit en amitié ou en amour. Le joueur doit entrer sa date de naissance, son genre et son groupe sanguin avant de se faire dicter l'avenir. Lorsque les données sont saisies, les personnages de Sanrio Hello Kitty et Bad Badtatamaru effectuent respectivement la compatibilité et la divination. Les données à saisir sont très petites, vous pouvez donc facilement prédire votre avenir.
Scotland Yard (Japan)	Scotland Yard est une version du jeu de société populaire du même nom. Mr. X, un incontournable de la liste des &quot;Most Wanted&quot; en Angleterre, est en fuite à Londres. S'il parvient à échapper à la capture, il gagne. Tout ce que les détectives voient, c'est quel billet de voyage de M. X. Les détectives doivent planifier des itinéraires pour couper ses lignes de fuite alors qu'ils n'ont qu'un nombre limité de billets. En bonus, vous pouvez jouer à la version améliorée, qui ajoute des éléments RPG (argent, armes, combats, santé et conversation) et des missions. Scotland Yard est un jeu qui met l'accent sur les déductions logiques et la planification stratégique. Vous pouvez jouer en solo contre l'ordinateur ou avec des amis.
SD Gundam - SD Sengokuden - Kunitori Monogatari (Japan)	SD Gundam - SD Sengokuden: Kunitori Monogatari sur Game Boy est un jeu mêlant l'action à la tactique sorti uniquement au Japon. Adapté de l'anime Gundam Mobile Suit, ce premier épisode de la saga SD Sengokuden propose de conquérir des territoires délimités du Japon féodal face à une armée de samouraïs. Au fur et à mesure de la progression de vos troupes sur les cases constituant le territoire, vous êtes confronté en temps réel aux membres de l'équipe adverse. En combat, il faut effectuer des sauts d'esquive et frapper sans relâche au katana ou à la hallebarde pour tenter de remporter la victoire. Le soft propose un mode deux joueurs.
SD Gundam Gaiden - Lacroan' Heroes (Japan)	Le Jeu a l'originalité de transposer la célèbre licence aux codes du RPG classique, à savoir l'exploration de territoires médiévo-fantastiques, la nécessité de discuter avec de nombreux personnages non joueurs pour glaner des informations et effectuer des achats, ou encore le fait de combattre pour développer son personnage. SD Gundam Gaiden: Lacroan' Heroes ne propose de vivre l'aventure qu'à un seul joueur uniquement. 7 petits scénarios composent la grande histoire.
SD Hiryuu no Ken Gaiden (Japan) (SGB Enhanced)	SD Hiryu no Ken Gaiden est un jeu de combat publié par Culture Brain, et sorti exclusivement au Japon en 1995 Cette version Game Boy de &quot;SD Hiryu no Ken&quot; recrée fidèlement des techniques telles que la &quot;Super défense&quot;, qui consiste à saisir l'attaque de votre adversaire et à la transformer en contre-attaque. Vous pouvez également jouer contre d'autres joueurs via le cable link. 15 personnages sont disponibles dans ce titre ! Il a le même système que Hiryu no Ken, et les mouvements sont assez rapides. Il n'existe que quelques techniques, mais elles sont faciles à utiliser.
SD Hiryuu no Ken Gaiden 2 (Japan) (SGB Enhanced)	SD Hiryu no Ken Gaiden 2 est un jeu de combat sorti uniquement au Japon sur Game Boy. Second volet de la licence emblématique du studio Culture Brain, SD Hiryu no Ken Gaiden 2 améliore la recette du premier opus. Ainsi, il propose davantage de personnages pour un total de 18. Aussi, les animations sont un peu plus variées et la difficulté monte d'un cran. SD Hiryu no Ken Gaiden 2 propose enfin un mode deux joueurs.
SD Lupin Sansei - Kinko Yaburi Daisakusen (Japan)	Dans ce jeu, vous incarnez un voleur devant localiser et ouvrir le coffre-fort de chaque niveau. Pour cela, il dispose d'aptitudes spéciales. En évoluant case par case, il doit modifier la topographie et interagir avec les éléments du décor pour contourner et tendre des pièges aux forces de police qui tentent de le capturer. Le jeu contient cinq mondes différents eux-mêmes constitués de nombreux niveaux à la difficulté croissante.
SD Sengokuden 2 - Tenka Touitsu Hen (Japan)	Cet opus permet désormais de contrôler davantage de troupes sur le territoire, toujours dans le but de le conquérir en décimant l'armée adverse. Les décors regorgent de détails supplémentaires comme des arbres semblant être affichés en 3D. Aussi, les arènes des combats en temps réel sont légèrement plus vastes et possèdent des recoins permettant de se cacher. Malgré ces ajouts, l'intelligence artificielle n'est pas à la hauteur ce qui rend le titre très simple d'accès. Enfin, le mode deux joueurs répond encore une fois présent.
SD Sengokuden 3 - Chijou Saikyou Hen (Japan)	SD Gundam - SD Sengokuden 3: Chijou Saikyouhen sur Game Boy est le troisième et dernier épisode de la saga de jeux d'action/stratégie produite par Bandaï et inspirée de l'anime Gundam Mobile Suit. Ce volet reprend le principe de base qui est de conquérir un territoire donné en positionnant ses troupes au tour par tour. Lorsque la confrontation survient, les combats se déroulent en temps réel. Il faut alors vaincre le robot-samouraï ennemi à l'aide de projectiles en quantité limitée et grâce au sabre. Cet épisode reprend les ajouts du second opus sans véritablement faire progresser la saga. Cependant, il faut noter les progrès de l'intelligence artificielle qui ne se comporte plus de manière aberrante comme dans SD Sengokuden 2.
Sea Battle (Europe) (En,Fr,De,Es)	Bataille Navale est un jeu de touché coulé pour Game Boy. Choisissez une case sur le plateau de jeu, puis envoyez une torpille. A vous d'élaborer vos stratégies pour couler les porte-avions adverses !
seaQuest DSV (USA, Europe) (SGB Enhanced)	SeaQuest DSV est l'adaptation sur Gameboy de la série des années 90, connue en France sous le nom SeaQuest : Police des mers. En 2018, alors que les ressources sur Terre sont épuisées, des colonies humaines vivent dans des cités bâties dans les fonds océaniques. Aux commandes des sous-marins de la SeaQuest, vous êtes chargé de les protéger. La vue varie en fonction des missions et des vaisseaux. Avec le Dolphin, vous aurez une vue de dessus tandis que le Speeder progresse horizontalement.
Seisenshi - Saint Paradise - Saikyou no Senshitachi (Japan)	Sorti uniquement au japon sous le nom de Seitôshi Saint Paradise, cette adaptation portable est un RPG Old-school : Combat tour par tour, combat aléatoire à outrance et level up nécéssaire. Durant les combat, vous pouvez contrôler jusqu'à 4 chevaliers, et on retrouve les atttaques spéciales de chacun : Météores de Pégase, Chaînes nébulaires... Niveau scénario, le jeu retrace lui aussi la saga du sanctuaire.
Selection I & II - Erabareshi Mono & Ankoku no Fuuin (Japan) (SGB Enhanced)	Il s'agit d'une compilation des deux parties d'un jeu de rôle, publié par Kemco, également connu sous le nom de &quot;The Sword of Hope&quot; partie 1 et partie 2. Sélection I Erabareshi Mono : Une sorcellerie maléfique recouvre la terre. Un dragon monstrueux, ayant possédé le roi, règne maintenant derrière une armée de créatures hideuses. Vous êtes l'élu, le prince du destin, qui doit sauver le vrai monarque et restaurer son royaume. Sélection II Ankoku no Fuuin : Incarnez le jeune prince Theo de Riccar et lancez-vous dans une quête pour découvrir la vérité derrière un mystère qui menace le royaume. Vous trouverez de nombreux endroits et objets au cours de l'aventure, ainsi que des amis qui attendent de vous donner un coup de main en cours de route.
Sensible Soccer - European Champions (Europe)	Sensible Soccer : European Champions est un jeu de football, développé par Sensible Software et publié par Sony ImageSoft, sorti sur Game Boy en 1993.
Serpent (USA)	Dans un avenir lointain, le sport le plus populaire est le Serpent. Dans ce jeu à deux, les deux joueurs contrôlent leur véhicule, en forme de serpent. Pour gagner, les joueurs doivent se couper l'un l'autre en les entourant de leur queue. Le jeu emprunte des éléments au jeu classique Snake mais le convertit en un jeu multijoueur. Lorsque les joueurs forment des zones fermées avec leur queue, ils génèrent des power-ups tels que des fusées qui peuvent être tirées sur l'adversaire.
Shanghai (USA)	Shanghai sur Gameboy est un jeu de patience utilisant les tuiles du mahjong, jeu de plateau d'origine chinoise. Le joueur dispose de 144 tuiles spéciales regroupées par ordre hiérarchique (Honneurs suprêmes, Honneurs supérieurs, Honneurs simples, Cercles, Bambous, Caractères). L'objectif est de faire un maximum de points grâce à des combinaisons spécifiques.
Shanghai Pocket (Japan) (SGB Enhanced)	Shanghai Pocket est un jeu de réflexion sur Gameboy. Le jeu vous propose une variante du jeu de Mah Jong. Jeu asiatique dans lequel des dominos sont empilés et le but est d'enlever les dominos par paire jusqu'à ce qu'il n'en reste plus. Vous devez donc regrouper les dominos deux par deux à condition qu'ils portent un graphisme identique. Jeu subtil où il convient de ne pas supprimer les dominos dans n'importe quel ordre afin de ne pas se retrouver dans une impasse.
Shaq Fu (USA) (SGB Enhanced)	Shaq Fu est un jeu de combat ayant Shaquille O'Neal, l'un des plus grands basketteurs de tous les temps, comme personnage principal. Alors que Shaq se déplace pour un match de charité, il est aspiré dans une autre dimension où un vieil homme lui demande de sauver son petit-fils. Il devra alors affronter onze créatures pour y parvenir.
Shikinjou (Japan)	Shi-Kin-Joh (&quot;Cité Interdite&quot;) est un jeu de puzzle similaire à Sokoban dans lequel le joueur doit atteindre un but en poussant des tuiles surdimensionnées de mahjong qui bloquent le chemin. Lorsque deux tuiles correspondantes sont poussées l'une à côté de l'autre, elles disparaissent. D'autres types de tuiles verrouilleront les tuiles mobiles qui entrent en contact avec elles.
Shin Keiba Kizoku Pocket Jockey (Japan) (SGB Enhanced)	Logiciel de prédiction des courses de chevaux qui vous permet de prédire le cheval gagnant en entrant les données de la course. Dans le mode d'entraînement des chevaux de course, vous pouvez même jouer contre vos amis en utilisant un câble link !
Shin Nihon Pro Wrestling - Toukon Sanjuushi (Japan)	Shin Nippon Pro Wrestling : Toukon Sanjushi sur Game Boy est un jeu de catch exclusivement sorti au Japon. Proposant trois combattants au gameplay similaire, le jeu propose des matchs stratégiques durant lesquels il faut mettre à terre l'adversaire et le bloquer durant au moins trois secondes. Tous les coups sont permis : coups de poing, de pied, attaques au sol, etc. L'objectif est de faire vaciller le concurrent en vidant sa jauge d'endurance afin de remporter la victoire. Shin Nippon Pro Wrestling : Toukon Sanjushi est dépourvu de mode deux joueurs. Le fighting spirit portatif de la New Japan Pro Wrestling entre vos mains!
Shin SD Gundam Gaiden - Knight Gundam Monogatari (Japan) (SGB Enhanced)	Shin SD Gundam Gaiden: Knight Gundam Monogatari sur Game Boy est un jeu de rôle basé sur l'univers de la série Mobile Suit Gundam et notamment Super Deformed Gundam. Exclusivement édité au Japon en 1994, le soft ressemble à s'y méprendre à The Legend of Zelda : A Link to the Past notamment au niveau des graphismes, de la progression et du gameplay. Ainsi, vous incarnez un Gundam qui doit accomplir une quête en explorant un vaste monde infesté de monstres. Votre personnage peut s'équiper différemment selon les circonstances et progresser en niveau pour devenir de plus en plus puissant. Pour progresser, il est vital de conquérir le territoire et de discuter avec les différents personnages non-joueurs afin de récolter des données importantes.
Shinri Game 2, The - Oosaka Hen (Japan)	The Shinri Game 2 propose toujours de vous dresser un profil psychologique après une série de questions, de vous dire si vous êtes du genre stressé ou pas, et le jeu essaiera encore une fois d'évaluer vos chances de &quot;conclure&quot;. Le contenu (histoire) du jeu psychologique n'est pas entièrement lié à Osaka. Il existe également un mode appelé &quot;Vérification du degré d'Osaka&quot; qui vous permet de mesurer le caractère unique des habitants d'Osaka. L'habillage du soft est complètement psychédélique, avec des dégradés de couleur et des formes géométriques. Du coup le bonus de cette version est le fameux &quot;Magical Trip&quot;, il s'agit en fait de plusieurs &quot;megademo&quot;. Classées par thème, les démo font apparaitre de nouveaux effets visuels, effets plasma et autres déformations de formes géométriques.
Shinri Game, The (Japan)	The Shinri Game est un soft de voyance/psychanalyste. Vous devez réponde à une série de questions réparties dans plusieurs catégories, chacune est illustrées et certaines vous mettent dans des situations de la vie quotidienne et vous demande de prendre des décisions, d'autres vous demande de faire des choix permettant de définir vos attitudes. Ensuite un psy ressemblant à une caricature de Freud dresse votre profil psychologique. Vous pouvez également faire une série de question en duo, chacun son tour, et c'est alors qu'un profil de compatibilité amoureux sera établi. Enfin, en bonus, vous trouverez un &quot;omikuji&quot;, des prédictions écrites sur des papiers que vous tirez au hasard dans une boite en bois dans les temples japonais.
Shinseiki GPX - Cyber Formula (Japan)	Ce jeu hybride est l'adaptation de Future GPX Cyber Formula, une série télévisée de 37 épisodes diffusée en 1991 au japon. Il reprend les personnages de l'œuvre originale, chacun ayant ses caractéristiques, et se présente plus comme un RPG que comme un jeu de course. Les déplacements se font au tour par tour, et chaque portion de circuit donne lieu à un petit combat entre les participants.
Shippuu! Iron Leaguer (Japan)	Un animé de robot a été transformé en un jeu d'action. Les scènes de confrontation de boss sont comme des combats dans des sports comme le baseball et le football. Il est difficile de passer à autre chose lorsque le personnage principal, Magnum Ace, est mort. Pendant que vous découvrez comment utiliser Magnum Ace, les cartes ne sont pas trop dures, donc l'action n'est pas trop dure sur la Game Boy.
Shisenshou - Match-Mania (Japan) (En)	Shisenshou: Match-Mania sur Game Boy est un jeu de shisenshou, une variante du mahjong solitaire. Ici, les tuiles de mahjong sont les unes collées sur un plateau. Le but est de retirer toutes les tuiles, mais seulement deux identiques peuvent être ôtées. Cependant, l'élimination d'une paire de tuiles réside dans le chemin qui sépare une tuile d'une autre : en effet, un chemin peut comporter jusqu'à trois segments horizontaux ou verticaux et ne doit pas passer par-dessus d'autres tuiles. Cette version inclut un mode normal avec 50 puzzles à résoudre ainsi qu'un mode défi dans lequel le joueur joue contre la montre.
Shougi (Japan)	Comme son nom le laisse supposer, il s'agit d'un jeu vidéo de shogi, jeu de stratégie japonais apparenté aux échecs occidentaux. Le jeu offre un mode &quot;shogy mystère&quot; dans lequel le joueur ne peut pas voir les pièces de son adversaire, ainsi qu'un autre proposant au joueur de répondre à des problèmes de shogi variés.
Shougi Saikyou (Japan) (SGB Enhanced)	Il y a deux modes de jeu disponibles : un mode jeu libre, et un mode histoire. Le mode jeu libre laisse au joueur le choix le niveau de difficulté de l'adversaire, et offre une rediffusion de la partie en fin de jeu. Dans le mode histoire, le joueur participe à des parties simples de shogi, mais à la fin de chacune, des questions lui sont posées. Il ne s'agit pas là de questions à réponse unique, mais plutôt d'une sorte de &quot;test psychologique&quot; à la fin duquel une note est attribuée au joueur. Le joueur a également la possibilité de paramétrer la difficulté générale du jeu.
Shounen Ashibe - Yuuenchi Panic (Japan)	Shounen Ashibe: Yuuenchi Panic est un jeu de rôle sur Game Boy inspiré du manga et de l'anime Shounen Ashibe. Dans ce jeu, vous devez accomplir quatre petits scénarios différents pour terminer le jeu. Vous contrôlez Ashibe, le personnage principal, alors qu'il part à l'aventure dans un parc d'attractions avec Goma et ses deux amis, qui changent de place au fur et à mesure.
Shuyaku Sentai Irem Fighter (Japan)	Shuyaku Sentai Irem Fighter est un jeu de stratégie sorti exclusivement au Japon sur Game Boy. Il inclut des personnages de quatre franchises de la société Irem : R-Type, Mr. Heli, Ninja Spirit et Hammerin' Harry. Les scènes de bataille contre les ennemis sont des batailles de cartes.
Side Pocket (World)	Side Pocket sur Gameboy est une simulation de billard/snooker. Vous parcourez les États-Unis à travers des défis et tournois. Le jeu offre la possibilité d'affronter un ami en branchant deux consoles ensemble, et ce en jeu traditionnel, ou bien en défi &quot;9-Ball Game&quot;, qui consiste à être le premier à empocher neuf billes.
Simpsons, The - Bart & the Beanstalk (USA, Europe)	The Simpsons : Bart and the Beanstalk est un jeu d'action sur Gameboy. Reprenant l'histoire de Jack et le Haricot Magique, Bart, après avoir planté et escaladé le haricot, fait la rencontre d'un monstre un peu spécial.
Simpsons, The - Bart vs. the Juggernauts (USA, Europe)	Bart vs. The Juggernauts est un jeu vidéo sorti en 1992 sur Game Boy. Développé par Imagineering et édité par Acclaim, ce jeu est basé sur la série télévisée Les Simpson. Ce jeu est une parodie de l'émission American gladiators.
Simpsons, The - Itchy & Scratchy - Miniature Golf Madness (USA, Europe)	Itchy and Scratchy in Miniature Golf Madness est un jeu vidéo de minigolf sorti en 1993 sur Game Boy. Développé par Beam Software et édité par Acclaim, ce jeu est basé sur la série &quot;Les Simpson&quot; avec les personnages d'Itchy et Scratchy. C'est le dernier jeu à être sorti sur Game Boy. Le joueur prend le contrôle de Scratchy et joue à différents parcours de minigolf tout-en évitant les attaques d'Itchy.
Skate or Die - Bad 'N Rad (USA)	Le scénario de Skate or Die : Bad 'N Rad sur Gameboy est assez tordu puisque vous devez participer à des compétitions de skateboard pour remporter de l'argent et libérer votre amie kidnappée par un vilain. Plusieurs figures doivent être réalisées dans les 7 niveaux de jeu pour empocher le pactole.
Skate or Die - Tour de Thrash (USA)	Skate or Die : Tour de Trash sur Gameboy vous offre votre ticket pour un tour du monde en compagnie des pros de la planche à roulettes. Faites vos preuves parmi vos pairs en réalisant des figures incroyables sous le soleil de Californie, à Bagdad, sur l'île de Pâques, ou encore à Hanoi.
Small Soldiers (USA, Europe) (SGB Enhanced)	Small Soldiers est un jeu d'action sur Game Boy basé sur le film éponyme. Vous incarnez Archer, le gorgonite et devez empêcher l'invasion des commandos à travers 14 niveaux.
Smurfs Nightmare, The (Europe) (En,Fr,De,Es)	Le Cauchemar des Schtroumpfs est un jeu de plates-formes sorti sur Gameboy. Une nuit de pleine lune, Gargamel, l'ennemi de toujours des Schtroumpfs, a jeté un sort terrible sur le village de nos amis. Tous les Schtroumpfs se retrouvent alors prisonniers de leurs pires cauchemars. Seul le Schtroumpf costaud est épargné et doit s'introduire dans les cauchemars pour sauver ses camarades.
Smurfs Travel the World, The (Europe) (En,Fr,De,Es)	Les Schtroumpfs : Autour du Monde est un jeu de plates-formes sur Gameboy. Alors qu'un Schtroumpf et la Schtroumpfette se rendent chez le Grand Schtroumpf pour observer un cristal qui fait voyager, vous vous retrouvez coincé dans un lieu inconnu. Il faudra retrouver votre chemin en parcourant les niveaux répartis aux quatre coins du monde.
Smurfs, The (Europe) (En,Fr,De,Es)	Dans Les Schtroumpfs sur Gameboy, vous incarnez un habitant du village, désigné pour aller porter secours à trois de ses amis, capturés par le diabolique Gargamel. Tracez votre route à travers les forêts, montagnes, marais et autres grottes dans ce jeu de plates-formes au visuel fidèle à la BD.
Sneaky Snakes (USA, Europe)	Sneaky Snakes est un jeu de plates-formes/aventure sur GameBoy. Attila et Genghis, deux serpents doivent sauver Sonia Snake des griffes de Nasty Nibbler. Traversez les seize niveaux, seul ou à deux via le câble Link, et essayez de manger le nombre de Nibbleys nécessaire pour finir le niveau et en sortir.
Snoopy no Hajimete no Otsukai (Japan) (SGB Enhanced)	Un puzzle d'action où vous guidez le personnage populaire Snoopy. Vous devez guider Snoopy jusqu'au magasin en lui donnant des instructions, puis le conduire au but après lui avoir donné une mission.
Snoopy's Magic Show (USA, Europe)	Snoopy's Magic Show est un Puzzle-Game sur Gameboy qui vous fait incarner Snoopy, le célèbre chien. Dans cette mouture, Snoopy doit retrouver woodstock, l'oiseau qui l'accompagne habituellement. Seulement voilà, c'est sans compter sur les pièges présents qui mettront vos neurones à vif.
Snow Bros. Jr. (World) (En) (Limited Run Games)	Snow Bros Jr. est un jeu de plates-formes sur Game Boy se présentant comme une succession de tableaux à écran fixe. Le but est d'éliminer tous les ennemis de chaque niveau grâce aux Snow Brothers qui disposent de pouvoirs magiques liés au froid et à la neige. Nick et Tom tenteront de retrouver le vil King Scorch, responsable du kidnapping de leurs princesses.
Soccer Mania (USA)	Soccer Mania est un jeu de football avec des graphismes de type cartoon. Le jeu met en scène six équipes (Japon, États-Unis, Brésil, Angleterre, Allemagne et France) et le joueur choisit l'une d'entre elles. L'objectif est de remporter un championnat en battant les cinq autres équipes, suivi d'un match final contre l'équipe des étoiles. Seule une partie du terrain de jeu est affichée à la fois et le reste du terrain de jeu défile - les buts sont positionnés verticalement.
SolarStriker (World)	Vous contrôler le plus puissant vaisseau de l'espace : le Solar Striker. A vous d'exterminer vos ennemis dans les 6 stages de ce jeu de tir à défilement vertical sur Gameboy.
Soldam (Japan)	Soldam est un puzzle game sorti au Japon en 1993 sur Game Boy. Le titre est un mélange de Tetris et du jeu de société Othello. Ainsi, votre tâche est de placer des ensembles de fruits noir ou blanc de sorte à créer des lignes ou des diagonales d'une même couleur pour les éliminer et empocher les points. Lorsque la structure tombe du haut de l'écran, il est possible de la faire pivoter afin de parfaire sa stratégie. Si une étape dure trop longtemps, un ennemi apparaîtra occasionnellement pour lancer des bombes qui changent la couleur des fruits et entravent la progression. Une étape est effacée lorsque tous les fruits ont été effacés du plateau. Le soft contient deux modes solos qui permettent de modifier l'aspect des blocs ainsi qu'un mode versus.
Solitaire FunPak (USA, Europe)	Solitaire Funpak est un jeu sur GameBoy proposant 12 formes de jeux de Solitaire.
Solomon's Club (USA)	Solomon's Club est un jeu d'action et de réflexion sur Gameboy. Vous devez collecter des clés pour sortir des niveaux, seulement pour cela vous devrez faire chauffer vos méninges et jouer avec les différents blocs afin qu'ils vous servent de plates-formes ou qu'ils confinent les ennemis dans des coins.
Soreyuke!! Kid (Japan)	Un jeu d'action-puzzle dans lequel nous contrôlons le clown Kid dans sa mission de collecter les 8 clés de chaque étape tout en évitant les ennemis, pour finalement ouvrir la porte de sortie et terminer le niveau.
Space Invaders (Japan) (En)	Space Invaders est l'adaptation sur Gameboy du légendaire jeu de shoot sorti sur borne d'arcade à la fin des années 70. La version Gameboy reste très fidèle à l'originale en n'apportant que très peu d'améliorations graphiques, comme par exemple des illustrations remplaçant le fond noir traditionnel.
Space Invaders (USA) (SGB Enhanced)	Space Invaders est l'adaptation sur Gameboy du légendaire jeu de shoot sorti sur borne d'arcade à la fin des années 70. La version Gameboy reste très fidèle à l'originale en n'apportant que très peu d'améliorations graphiques, comme par exemple des illustrations remplaçant le fond noir traditionnel.
Spanky's Quest (USA)	Spanky's Quest met en scène un petit singe sur Gameboy. Alors qu'il s'en va pique-niquer, Spanky se fait enfermer dans la tour qu'une sorcière est en train de construire. Il doit alors monter tous les étages pour tenter de s'en échapper. Chacun possède une porte verrouillée par plusieurs clés détenues par des ennemis. Pour les éliminer, Spanky leur lance des balles en transformant des bulles qu'il fait rebondir sur sa tête. Plus elles font de rebonds, plus les balles sont grandes.
Speedball 2 - Brutal Deluxe (USA, Europe)	D'une prise en main très simple, le jeu nécessite réflexes et sang-froid. En effet, plus le joueur progresse et plus les adversaires sont rapides et puissants. Il s'agit alors de savoir éviter les défenseurs, adresser de bonnes passes, attaquer le porteur du ballon au bon moment, et empocher des bonus partout où ils sont disponibles.
Speedy Gonzales (USA, Europe)	Speedy Gonzales est un jeu vidéo sorti sur Game Boy en 1993, de genre action et plates-formes, développé et édité par Sunsoft, dans lequel vous incarnez le célèbre personnage des Looney Tunes Speedy Gonzales, la souris mexicaine.
Spider-Man - X-Men - Arcade's Revenge (USA, Europe)	Spider-Man and the X-Men : Arcade's Revenge est un jeu d'action/plate-formes sorti sur Game Boy en 1994. On a plaisir à prendre en main les différents super-héros. Ceux-ci offrent d'ailleurs des pouvoirs bien diversifiés. Malheureusement, l'absence de points de sauvegarde et le nombre limité de vies entachent le tout.
Spider-Man 2 (USA, Europe)	Dans Spider-Man 2 sur Gameboy, Peter Parker se réveille un jour pour apprendre que Spider-Man est accusé de vol. Il doit alors trouver qui l'accuse et surtout de quoi, puisqu'il n'a absolument rien fait de mal ! Ce jeu d'action plates-formes reprend les bases du premier volet et vous envoie combattre le crime à coups de toiles d'araignée.
Spider-Man 3 - Invasion of the Spider-Slayers (USA, Europe)	Spider-Man 3: Invasion of the Spider-Slayers, est un jeu vidéo de type action-plates-formes développé par Bits Studios et édité par LJN en 1993 sur Game Boy. Le jeu faite suite à Spider-Man 2. Comme son titre l'indique, il est proposé au joueur de vivre une aventure avec l'homme araignée connu sous le nom de Spider-Man.
Spirou (Europe) (En,Fr,De,Es) (SGB Enhanced)	Spirou sur Gameboy est un jeu de plates-formes inspiré de l'univers gravitant autour du personnage de bandes dessinées de la maison Dupuis. Bien que l'aventure débute à New York, le jeu ne reprend pas l'histoire de l'album intitulé Spirou à New York. Ici, Spirou doit arrêter les plans de Cyanure, qui tente de réduire les humains en esclavage. Aidé de son écureuil Spip, Spirou court, saute et grimpe dans les niveaux à la recherche du Comte de Champignac, enlevé par Cyanure.
Splitz (Europe)	Splitz est un remake du jeu PC &quot;Split Personalities&quot; de 1986. Le gameplay est essentiellement le même que celui de ce jeu et ressemble à un jeu de puzzle coulissant, mais a un ensemble différent d'images. Contrairement aux puzzles coulissants traditionnels, toutes les pièces ne sont pas sur le plateau dès le début mais sont lancées par le joueur dans le coin supérieur gauche du plateau. Les pièces peuvent alors être poussées horizontalement ou verticalement dans le but de recréer une image qui peut être affichée à tout moment en appuyant sur un bouton. Le jeu est chronométré et si un puzzle n'est pas terminé assez vite, une des trois vies sera perdue.
Sports Collection (Japan)	Sports Collection contient cinq activités que sont le beach volley, la course automobile, la boxe, le football ainsi que le ballon prisonnier.
Sports Illustrated - Championship Football & Baseball (USA)	Sports Illustrated vous présente deux événements sportifs populaires dans un seul et même dossier. Découvrez l'action incessante du football professionnel en affrontant une puissante équipe adverse ou en menant un club de base-ball au championnat dans le style de la ligue majeure. C'est à vous de faire tous les bons choix et de mener votre équipe au sommet de la compétition.
Sports Illustrated - Golf Classic (USA) (SGB Enhanced)	Prenez vos clubs et dirigez-vous vers le parcours Golf Classic! Ce jeu comprend l'autocaddy, le facteur de vent, le choix du club et un contrôle total sur tous les aspects de votre coup: direction, rotation, puissance, etc. Deux parcours différents de 18 trous vous sont proposés, avec différentes difficultés et obstacles.
Sports Illustrated for Kids - The Ultimate Triple Dare! (USA)	Maîtrisez les rues, les pentes, les 3 sports les plus chauds ! Regardez ça ! Avez-vous ce qu'il faut pour déchiqueter la neige ? Savez-vous manier le halfpipe ? Pouvez-vous soulever du gravier sur un BMX ? Vous savez que vous le pouvez - prouvez-le ! Choisissez votre adversaire et votre sport : le snowboard en slalom ou le halfpipe, le skateboard dans la rue ou dans le tuyau, ou la course de VTT sur un sentier ou en montagne. Si vous avez vraiment chaud, essayez le Triple Dare Triathlon avec une bonne dose de ces trois sports !
Spot - The Cool Adventure (USA)	Cool Spot sur Gameboy est un jeu de plates-formes coloré où règne la &quot;cool attitude&quot;. Vous incarnez la mascotte de la marque de boisson 7up. L'objectif est de collecter un maximum de bouchons à travers le niveau pour passer au prochain.
Spot - The Video Game (USA)	Un jeu de puzzle librement inspiré de la boisson gazeuse 7Up. Le jeu peut accueillir jusqu'à 4 joueurs, humains ou ordinateurs, chacun occupant des cases d'une couleur particulière. Partant de coins opposés, les joueurs jouent à tour de rôle, soit en « reproduisant » l'une de leurs cases pour en former une autre dans une case adjacente, soit en effectuant un saut, perdant ainsi la case qu'ils occupaient mais en prenant une autre située deux cases plus loin.nnnnnnLorsqu'une pièce atterrit à côté d'une autre de couleur différente, elle change de couleur pour prendre celle de son adversaire. Le gagnant de chaque manche est soit le dernier joueur à avoir encore des pièces, soit le joueur qui a le plus de pièces restantes lorsque le niveau est complet.
Spud's Adventure (USA)	Spud's Adventure sur Game Boy est un jeu d'action/aventure dans lequel vous incarnez Spud, une petite pomme de terre devant braver bien des dangers pour secourir la princesse du royaume. Grâce à sa capacité de lancer des projectiles, il peut éliminer ses adversaires et progresser étage par étage. Sur sa route, il résout certaines énigmes basées sur le déplacement de blocs dans un ordre bien précis. Spud peut devenir plus fort en récoltant des cartes à joueur pouvant le rendre invincible ou plus imposant. Le soft contient un mode versus permettant des joutes entre amis.
Spy vs Spy - Operation Boobytrap (USA)	Spy Vs Spy - Operation Boobytrap: Vous partez en mission secrète pour voler les plans d'une arme ultime. Mais d'abord, vous devez piéger votre ennemi avec divers pièges que vous possédez. Essayez la dynamite, les marteaux, les noix de coco, les sables mouvants etc...
Square Deal - The Game of Two-Dimensional Poker (USA)	Square Deal (Cadillac II au Japon) est un jeu de poker, développé et édité Hect, sorti au Japon en 1990.
Star Sweep (Japan) (SGB Enhanced)	Dans ce jeu ressemblant vaguement à Tetris, les joueurs amassent des points en éliminant des blocs étoilés. Un bloc étoilé est un rectangle coloré marqué d'une étoile à l'une de ses extrémités, et ces blocs disparaissent lorsque les étoiles de deux blocs de même couleur se touchent. En jeu, les blocs étoilés et obstacles s'élèvent du bas de l'écran tandis que le joueur change d'orientation un curseur qui détermine d'où les blocs étoilés additionnels viendront en jeu. Le jeu propose un mode solo et un mode compétitif ainsi qu'un mode histoire avec des boss et un scénario pour le moins étrange : en apparence, le jeu semble être en réalité un sport dans lequel des enfants malmènent une créature connue sous le nom de cochon étoilé avec des bâtons afin de lui faire vomir des blocs étoilés...
Star Trek - 25th Anniversary (USA, Europe)	L'intrigue de ce Star Trek s'articule autour d'une &quot;Machine du Jugement dernier&quot; géante qui détruit des navires, des planètes et d'autres objets de valeur dans l'espace fédératif. La Fédération a construit une arme pour vaincre la machine apocalyptique, mais les Klingons pensent qu'elle sera utilisée contre eux. Donc, ils volent l'arme et la divisent en 12 morceaux répartis sur 3 planètes.
Star Trek - The Next Generation (USA, Europe)	Star Trek : The Next Generation est l'adaptation sur Gameboy de la deuxième série Star Trek, sous-titrée La nouvelle génération et diffusée entre les année 80 et 90. Vous êtes aux commandes de l'USS Enterprise, dirigé par le capitaine français Jean-Luc Picard. Vous devez répondre aux appels de détresse de plusieurs personnes sur les différentes planètes de l'univers Star Trek. Une fois arrivé à destination, vous formez une équipe de quatre pour secourir les personnes qui vous ont appelés.
Star Trek Generations - Beyond the Nexus (USA) (SGB Enhanced)	Le jeu a vaguement suivi l'intrigue du film Star Trek Generations.Les joueurs dirigent leur vaisseau du point de vue de la première personne , se déplaçant entre les marqueurs ou utilisant des phasers et des torpilles à photons plus tard pour attaquer les vaisseaux ennemis. Les niveaux sur pied sont joués d'un point de vue top-down et impliquent soit un combat de phaser, soit un cheminement en labyrinthe. Les niveaux restants consistent en de simples puzzles tels que l'appariement de symboles.
Star Wars (World) (Limited Run Games)	Ce jeu sur Gameboy est en grande partie basé sur le film &quot;Un Nouvel Espoir&quot; de la Saga Star Wars, sorti en 1977. Il combine de nombreux styles de jeu, mais principalement un jeu de plates-formes à défilement horizontal. Le jeu débute sur Tatooine, où vous incarnez Luke Skywalker. Vous aurez par la suite la possibilité de contrôler la princesse Leia et Han Solo.
Star Wars - The Empire Strikes Back (World) (Limited Run Games)	Star Wars : The Empire Strikes Back est un jeu d'action/plates-formes sur Gameboy basé sur le film L'Empire Contre-Attaque de la saga La Guerre des Etoiles. Incarnez Luke Skywalker et revivez les moments-clés du célèbre film de George Lucas : retrouvez votre chemin sur la planète Hoth, affrontez les créatures de Dagobah, montez à bord du Faucon Millénium et affrontez le terrible Dark Vador.
Stargate (USA, Europe)	Stargate sur Gameboy, est un jeu d'action / plates-formes basé sur le film du même nom réalisé par Roland Emmerich. Le joueur incarne le colonel O'Neil et sa première mission est de retrouver son équipe, ainsi que le Docteur Jackson, alors qu'ils ont traversé la porte des étoiles pour arriver sur la lointaine planète désertique d'Abydos. Il faudra ensuite mener l'assaut contre Râ et ses troupes pour espérer rentrer sur Terre en un seul morceau.
StarHawk (World) (Limited Run Games)	L'histoire de StarHawk parle d'une race extraterrestre maléfique qui veut tout conquérir. Le joueur contrôle un vaisseau spatial dont la quête primordiale est de les tuer tous. C'est un shoot à défilement horizontal dans lequel le vaisseau spatial se déplace de gauche à droite en faisant face à des formations ennemies. Chaque coup ou contact avec l'environnement signifie la mort instantanée, mais tant qu'il reste des vies, le vaisseau revient tout de suite. Les power-ups améliorent le système d'arme ou donnent une vie supplémentaire. Il y a cinq niveaux avec un boss chacun et deux niveaux de difficulté.
Stop That Roach! (USA)	Stop that Roach ! est un jeu de stratégie au tour par tour dans lequel le joueur doit éliminer un certain nombre de cafards à chaque niveau. Le joueur dispose de cinq tours dans lesquels il peut se déplacer d'une certaine quantité de tuiles, placer des pièges, piétiner pour effrayer les cafards, marcher dessus, les frapper avec un balai ou les asperger avec un insecticide. Vient ensuite le tour des cafards, leurs actions étant définies par des règles précises. Si les insectes peuvent s'échapper ou atteindre le morceau de nourriture que vous êtes censé protéger, vous perdez la balle. La victoire est obtenue si tous les cafards sont détruits ou capturés.
Street Fighter II (USA, Europe) (SGB Enhanced)	Avant les graphismes flashy, les animations 3D et les combos turbo à 30 coups, il y avait le simple coup de poing dragon et la boule de feu. Dans cette version très simplifiée du jeu d'arcade original Street Fighter II, vous pouvez choisir parmi un groupe restreint de guerriers, dont Ryu, Ken, Guile, Blanka, M. Bison, Chun Li, Zangief, Balrog et Sagat, chacun doté d'un style de combat unique et de coups spéciaux. Jouez en mode arcade solo et affrontez tous les personnages du jeu jusqu'au boss final, Bison, ou jouez contre un ami en mode deux joueurs.
Street Racer (USA, Europe)	Street Racer est un jeu de courses sur Gameboy dans lequel tous les coups sont permis. Huit personnages sont proposés, avec des caractéristiques différentes pour leur véhicule. Certains seront plus rapides alors que d'autres seront plus résistants aux attaques adverses. En plus des courses où l'important est de gagner, quelle que soit la manière, d'autres modes sont disponibles en solo ou à plusieurs : Rumble (bagarre) et Soccer (football).
Sumo Fighter (USA)	Malgré ce que le titre peut indiquer, Sumo Fighter n'est pas un jeu de combat mais un jeu de plates-formes à défilement latéral. Le joueur incarne un lutteur de sumo qui doit traverser cinq niveaux (chacun avec trois stages plus un boss) pour sauver sa petite amie kidnappée.
Sunsoft Grand Prix (Europe)	Pilotez sur le plus difficile des circuits de course contre les pilotes les plus coriaces au monde. Garder le cap, c'est négocier des virages en épingle à cheveux et des courbes à couper le souffle tandis que vous tentez d'établir le record du monde de vitesse dans un trafic intense.
Super B-Daman - Fighting Phoenix (Japan) (SGB Enhanced)	Super B-Daman : Fighting Phoenix est une compilation de mini-jeux permettant de s'adonner à de nombreuses variantes du bowling avec le personnage de Bomberman. Par exemple, certaines épreuves imposent de lancer des boules sur des bombes de sorte à toutes les faire exploser d'un seul coup. D'autres défis consistent à lancer un maximum de boules dans les trous en évitant les pièges qui tombent sur le protagoniste.
Super Battletank (USA)	Super Battletank : War in the Gulf est une simulation de tank à la 1ère personne. Les joueurs sont assis dans le cockpit d'un tank M1 Abrams. Les commandes permettent au joueur d'accélérer, de décélérer, de tourner à gauche et à droite, de déplacer le canon du char à gauche et à droite, de tirer avec l'arme et de vérifier la carte. Le but du joueur est de se rendre à l'emplacement des cibles ennemies, de les aligner avec le canon du Abrams et de tirer sur elles jusqu'à leur destruction. Chaque mission couvre une grande zone et le joueur devra consulter la carte en temps réel pour se rendre aux endroits ciblés. Le char M1 Abrams dispose également de 2 armes spéciales : Le laser qui est plus puissant que le canon ordinaire, et l'écran de fumée qui permet au joueur de s'échapper.
Super Bikkuriman - Densetsu no Sekiban (Japan)	Phoenix et Tiki se battaient et recherchaient la lithographie afin de vaincre l'avancée des forces Akuma, qui prévoyaient de s'approprier le monde. Cependant, un nouvel ennemi tentait de s'emparer du lithographe, obligeant Phoenix et Tiki à faire face à cette nouvelle menace. Au cours de la bataille, Phoenix et Tiki sont envoyés dans les temps anciens de Tenchikyuu et la lithographie de cette époque est brisée. Si elle n'est pas réparée, l'avenir changera et le monde tombera en ruine. Le mode versus &quot;Charakobatti&quot; permet à 2 joueurs de s'affronter dans la peau des personnages de BikkuriMan en utilisant un mini-jeu de rotation de disque, similaire à Beyblade.
Super Black Bass (USA)	Super Black Bass est un jeu de pêche dans lequel les joueurs peuvent participer à quatre tournois différents : Skywater Lake (amateur local), Clear Lake (amateur), Murphy Lake (Pro) et Bluestone Lake (Super Bass), dont le but est de capturer une certaine limite de poids de poissons avant un certain temps.
Super Black Bass Pocket 2 (Japan) (SGB Enhanced)	Super Black Bass Pocket 2, suite du premier opus, sur Game Boy, est un jeu de pêche. Le soft propose de gravir les échelons jusqu'à atteindre la première place de la compétition de pêche durant laquelle il faudra pêcher plus de poissons en termes de poids que les concurrents. A bord de votre embarcation, vous sélectionnez d'abord le lieu où lancer votre ligne. Après avoir sélectionné soigneusement le matériel (canne, appât, etc.), il faut attirer le poisson avec un doigté dont vous seul avez le secret. A vos cannes, prêts, pêchez. Les jeux Super Black Bass Pocket sont sorti exclusivement au Japon.
Super Breakout (USA)	Super Breakout présente un gameplay similaire à l'original, mais avec plusieurs nouvelles variantes de jeu. Votre objectif est de gagner le plus de points possible en détruisant les briques en haut du tableau. Pour ce faire, vous devez utiliser la palette en bas de l'écran pour maintenir une balle rebondissante dans le champ de jeu. Il existe quatre variantes de jeu différentes.
Super Chase H.Q. (USA, Europe)	Super Chase H.Q. est une suite améliorée de Chase H.Q. Comme d'habitude, vous devez conduire vers le véhicule d'un criminel, qui est connu pour être impliqué dans certains crimes, tout en évitant de dépasser des voitures pour gagner des points. Votre voiture est également équipée de trois turbos, qui peuvent être utiles si vous êtes loin derrière le véhicule. Mais cette fois, les voitures ne sont pas les seules choses dont vous devez vous soucier. Vous rencontrerez également des motos qui tirent ou lancent des bombes incendiaires sur vous, ainsi que des voitures qui vont dans la mauvaise direction. (Si vous vous écrasez sur l'un d'eux, vous serez envoyé dans les airs.) Sans parler des autres obstacles tels que les barricades.
Super Chinese Fighter GB (Japan) (SGB Enhanced)	Super Chinese Fighter GB est un jeu vidéo de combat en 2D pour le Game Boy sorti par Culture Brain en 1996. Il fait partie de la série Super Chinese. Comme Super Chinese Fighter pour la SNES, Fighter GB permet aux joueurs de participer à des combats de jeux de combat en utilisant les personnages des jeux Super Chinese, notamment Jack et Ryu. Le jeu compte 12 combattants différents. Les joueurs peuvent utiliser des &quot;super techniques&quot; pour leurs attaques spéciales et les bloquer en utilisant leur &quot;super défense&quot;. Ce jeu possède un haut niveau d'animation et de mouvements de combat pour un jeu Game Boy et il est possible de réaliser des combos qui font plus de 10 coups de dégâts.
Super Chinese Land 1-2-3' (Japan) (SGB Enhanced)	Les trois titres Super Chinese sur une seule cassette. Le premier jeu est un jeu d'action de combat. 2 et 3 sont des RPG d'action.
Super Chinese Land 3 (Japan) (SGB Enhanced)	Super Chinese Land 3 est un jeu de rôle/action sorti exclusivement au Japon. Alors que le premier opus était un beat'em all pure souche, ce volet poursuit les intentions du second épisode en intégrant des caractéristiques de jeu de rôle puisque les ninjas Jack et Ryu doivent explorer un nouvel environnement doté de sa carte, de ses villages, donjons et autres personnages non-joueurs à interroger. Le héros doit empocher de l'argent pour faire évoluer son équipement et gagner des points d'expérience afin de s'endurcir. Jouable seul ou à deux, Super Chinese Land 3 propose néanmoins des combats en temps réel à la manière de n'importe quel beat'em all.
Super Hunchback (USA)	Super Hunchback est un jeu de plates-formes sorti sur gameboy en 1992. Le joueur incarne Quasimodo et progresse dans un jeu de plates-formes, découpé en neuf niveaux, chacun d'entre eux étant composé de cinq sections. Chaque section doit être terminée dans un temps limité, et aucune sauvegarde n'est possible au long du jeu. Pour terminer une section, le joueur doit trouver et faire sonner une cloche géante. Contrairement à de nombreux jeux de plates-formes de l'époque, le personnage ne possède pas de points de vie. Les différents pièges qu'ils rencontrent ont pour effet de lui ôter une vie ou simplement de l'assommer quelques secondes, pendant lesquelles il ne peut plus bouger.
Super James Pond (Europe)	Les plans dangereusement louches pour la domination du monde du Dr. Maybe continuent. Dans un effort visqueux pour saboter la plus grande usine de jouets du monde, il a planté des bombes-pingouins dans les usines de jouets du pôle Nord. James Pond est à la rescousse en tant que RoboCod dans une autre grande aventure océanique ! Avec une aire de jeu massive - plus de 2.500 écrans de gameplay rempli d'action ; 8 niveaux énormes, chacun avec beaucoup de sections.
Super Kick Off (Europe) (En,Fr,De,It,Nl)	Super Kick Off est un jeu de foot. Ce jeu vidéo inclus 40 équipes (16 nationales et 24 clubs). Il inclus un éditeur qui permet de créer vos propres joueurs et équipes. Il comprend les modes de jeu suivants : le Championnat, le Match simple, l'Entrainement, la Coupe et les modes internationaux (Amical, Coupe et Championnat). L'entrainement permet de pratique les tirs, les passes, les tirs au but ou encore le dribble.
Super Mario Land (World)	Il était une fois un monde paisible appelé Sarasaland. Dans ce monde existait 4 royaumes nommés Birabuto, Muda, Easton et Chai. Un jour, le ciel de Sarasaland fût soudainement recouvert par un énorme nuage noir. D'une fissure dans ce nuage, le monstre spatial inconnu Tatanga a émergé pour tenter de conquérir Sarasaland. Tatanga hypnotisa les gens de tous les royaumes afin qu'il puisse les contrôler à sa guise. De cette manière il conquit Sarasaland. Maintenant, il veut épouser la princesse Daisy de Sarasaland et en faire sa reine. Mario a eu vent de ces événements et il commença un périple dans le royaume de Chai où la princesse Daisy est maintenue captive, afin de rétablir la paix à Sarasaland. Mario peut-il vaincre Tatanga, libérer les gens de son hypnose interstellaire et sauver la princesse Daisy ? Tout dépend de vous et des compétences de Mario. Fonce Mario !
Super Mario Land 2 - 6 Golden Coins (USA, Europe)	Super Mario Land 2 est un jeu de plates-formes sur Gameboy. Mario possède son propre château et pays. Mais le double maléfique Wario est venu squatter son pays. Ainsi Mario doit rassembler les 6 pièces d'or pour pouvoir récupérer son pays.
Super Momotarou Dentetsu (Japan)	Il s'agit d'une version Game Boy d'un jeu qui était très populaire sur le moteur NES et PC. Le cadre du jeu se situe dans tout le Japon. À l'aide d'un dé, vous voyagez en train à travers le pays et avez pour objectif de devenir une personne riche. En étant le premier à atteindre votre destination, vous pouvez gagner beaucoup d'argent et acheter des biens immobiliers pour accroître votre richesse.
Super Momotarou Dentetsu II (Japan)	Il s'agit d'un jeu de société mettant en scène le célèbre Momotaro. Le système de changement de position qui était populaire dans le jeu précédent a également été reporté dans ce jeu. Il y a aussi de nouvelles cartes qui apparaissent pour la première fois. Ce qui est amusant dans ce jeu, c'est sa mauvaise foi. Il y a de très mauvais personnages IA, des PNJ (personnages non joueurs) qui apparaissent de nulle part et, bien sûr, les cartes sont très mauvaises. Quand vous y jouerez pour de vrai, vous aurez envie de frapper le gars à côté de vous. Un portage qui se compare favorablement à la version Super Nintendo.
Super Off Road (USA, Europe)	Super Off Road est un jeu de course, adapté du jeu d'arcade sorti en 1989. Participez a des courses de Monster Truck sur des circuits accidentés, grace auxquelles vous pourrez gagner de l'argent, ce qui vous permettra d'améliorer votre véhicule au fur et à mesure pour poursuivre la compétition et améliorer vos performances à chaque course.
Super Pachinko Taisen (Japan) (SGB Enhanced)	Un jeu de pachinko porté depuis la Super Nintendo Entertainment System. Ultraman, Kamen Rider et d'autres héros se battent sous la table de pachinko. Il n'y a pas de stratégie difficile ni de travail. Cela peut sembler monotone, mais c'est la saveur du jeu. C'est un jeu au goût très étrange. Il semble être adapté au Game Boy. On dirait que c'est bon pour tuer le temps.
Super R.C. Pro-Am (USA, Europe)	Super R.C. Pro-Am est un jeu de course de voitures télécommandées. 4 concurrents s'affrontent sur la piste en évitant les flaques d'huiles et cones de chantier sur la route. Le but du jeu est de rassembler les icônes de lettres trouvées sur les pistes qui épellent &quot;NINTENDO&quot;. Collecter des lettres vous permet de passer à des voitures plus rapides et éventuellement gagner le championnat.
Super Robot Taisen (Japan)	Super Robot Taisen est un jeu d'action saupoudré de stratégie sur Gameboy. Vous contrôlez une armée de robots organiques qui vivent sur la planète des super-robots. Les habitants de cet astre sont attaqués et empoisonnés par un monstre galactique de Gil Gil Gan qui prend leur contrôle. L'interface du jeu représente une carte du monde sur laquelle vous déplacez vos robots et donnez les ordres de combat qui se jouent au tour par tour, chaque robot a ses caractéristiques.
Super Scrabble (USA)	Il s'agit simplement de l'adaptation sur Game Boy du célèbre jeu de plateau du même nom, le jeu propose 5 niveaux de difficultés.
Super Star Wars - Return of the Jedi (USA, Europe) (SGB Enhanced)	Super Star Wars : Return of the Jedi est un jeu d'action/plates-formes sur Gameboy basé sur le film le Retour du Jedi de la saga La Guerre des Etoiles. Incarnez Luke Skywalker, Han Solo, Princesse Leia ou encore Chewbacca et revivez les moments-clés du célèbre film de George Lucas : affrontez Jabba, contrôlez des motos ultra-rapides dans les forêts d'Endor, prêtez main forte aux Ewoks et affrontez Dark Vador.
Super Street Basketball (Japan) (En)	Super Street Basketball est un jeu de basketball exclusivement sorti au Japon sur Game Boy en 1992. Le soft ne propose que des affrontements à deux contre deux durant lesquels il faut habilement effectuer des passes entre les joueurs de sorte à déjouer la défense adversaire et marquer des paniers par le biais d'un mini-jeu d'adresse. Ce dernier consiste à appuyer sur la touche au bon moment, lorsque le curseur atteint le sommet d'une jauge de puissance. Les options permettent de paramétrer la difficulté de l'IA ainsi que le nombre de points nécessaires à l'obtention de la victoire.
Super Street Basketball 2 (Japan) (En) (SGB Enhanced)	Un jeu de basket-ball basé sur le populaire jeu de basket-ball de rue. Lorsque vous tirez, l'écran se transforme en une puissante vue agrandie. Les contrôles ont été améliorés par rapport au jeu précédent !
Superman (USA, Europe) (SGB Enhanced)	Le sinistre Lex Luthor est à nouveau là! Avec son arme puissante, le LEXOSKEL-5000, il ne recule devant rien pour détruire l'Homme d'Acier et prendre le contrôle de Metropolis. Mais maintenant, vous en tant que Superman devez venir à la rescousse dans une bataille contre le mal enjambant la terre, l'air et la mer. Affrontez les mystérieux Shadow Walkers, affrontez l'extra-terrestre menaçant The Preserver, échappez au feu de l'artillerie lourde et battez le LEXOSKEL-5000 avant que le plan de Lex Luthor ne condamne Metropolis pour toujours!
Suzuki Aguri no F-1 Super Driving (Japan)	Le jeu reprend la saison 1992 du championnat du monde de Formule 1 et les seize Grands Prix qu'elle compte. On y retrouve en plus d'Aguri Suzuki quinze des pilotes ayant concouru cette année-là, ce qui quantitativement représente un record pour une simulation de Formule 1 sur une console 16 bits. Si les pilotes sont officiels, les écuries ne sont en revanche pas nommées (bien que reconnaissables à leurs couleurs), et pas nécessairement affectées aux pilotes conformément à la saison 1992. Coureurs : Aguri Suzuki (Japon, dirigé par le joueur), Jean Alesi (France), Nigel Mansell (Royaume-Uni), Gerhard Berger (Autriche), Mika Hakkinen (Finlande), Martin Brundle (Royaume-Uni), Erik Comas (France), Bertrand Gachot (Belgique), Johnny Herbert (Royaume-Uni), Michele Alboreto (Italie), Thierry Boutsen (Belgique), Ivan Capelli (Italie), Stefano Modena (Italie), Mauricio Gugelmin (Brésil), Jyrki Jarvilehto (Finlande) and Riccardo Patrese (Italie).
Swamp Thing (USA, Europe)	Dans les bayous de Louisiane, le laboratoire du Dr Alec Holland est attaqué par son rival le Dr Anton Arcane. Celui-ci veut voler la formule d'une solution sur laquelle Dr Holland travaille. À la suite de l'explosion du laboratoire et d'un contact avec la solution, le Dr Holland est transformé en Swamp Thing (la Créature du marais). Swamp Thing doit retrouver les échantillons restant de la solution et combattre le Dr Arcane et ses sbires.
Sword of Hope II, The (USA)	Lorsque l'antique démon Zakdos fut finalement emprisonné, la guerre contre le mal prit fin. Hélas, Zakdos est de nouveau libre, et, pire encore, l'épée de l'espoir a été dérobée ! Dans ce jeu d'aventure classique, incarnez le jeune prince Theo et partez à la recherche de l'épée disparue. Explorez les terres et enrôlez des alliés pour former votre troupe de guerriers et magiciens. Vous pouvez commander trois personnages différents. Le sort du royaume est entre vos mains !
Sword of Hope, The (USA)	The Sword Of Hope est un RPG à la première personne. Le joueur assume le rôle du prince Théo dont le père, le roi Hennessy, est devenu corrompu et maniaque du pouvoir. Il a asservi le royaume et exilé les grands sages qui ont maintenu l'équilibre et la prospérité du royaume. La mère de Théo, la reine Rémy, a été tuée par Hennessy mais Théo s'est enfuit du château sans mal avec l'aide d'un vieux sage. Maintenant que Théo a atteint l'adolescence et est devenu un guerrier habile, il est temps pour Théo d'affronter son destin et de retourner au château où il a été élevé et de battre son père.
T2 - The Arcade Game (USA, Europe)	T2 : The Arcade Game sur Gameboy est la conversion d'un jeu de tir sorti sur borne d'arcade. L'intrigue est celle du film Terminator 2 et deux joueurs peuvent jouer ensemble pour défaire les nombreux ennemis. Faites équipe et affrontez le redoutable T-1000 !
Taikyoku Renju (Japan) (En,Ja)	Il y a trois niveaux de difficulté, un mode Match A et B, et un mode avec une partie de go à résoudre selon l'intitulé indiqué. Le joueur a le choix entre quatre genres de musique jouée pendant les parties et une option de désactivation de celle-ci.
Tail 'Gator (World) (Limited Run Games)	Tail Gator sur Gameboy est un jeu de plates-formes dans lequel vous incarnez un crocodile se déplaçant dans des environnements remplis de monstres. Vous pourrez seulement sauter et asséner des coups de queue à vos ennemis, toutefois si vous récupérez assez de symboles &quot;P&quot; vous pourrez frapper à distance. De nombreux coffres sont disséminés, à vous de les ouvrir pour faire augmenter votre score de jeu !
Taito Variety Pack (Japan)	Cette cartouche est une compilation de ces quatres jeux : Bubble Bobble, Chase H.Q., Elevator Action et Sagaia.
Taiyou no Tenshi Marlowe - Ohanabatake wa Dai-panic (Japan)	C'est un jeu très étrange. C'est essentiellement un jeu de puzzle difficile à catégoriser. Bien qu'il ne soit sorti qu'au Japon, le jeu est entièrement jouable pour les non-japonais. La seule chose qui vous manquerait est la brève histoire, L'idée est assez simple. Vous êtes un ange (probablement Marlowe), et vous devez faire grandir des fleurs. Pour cela, il y a un soleil se déplaçant tout autour du bord de l'écran. En appuyant sur le bouton A cela permet de tirer un rayon allant du bord de l'écran à l'endroit où vous êtes. Mais des méchants essaieront de vous contrarier en labourant le sol, parce que, pour une raison quelconque vous ne pouvez pas marcher sur la terre labourée. Triste, mais vrai. Et cela n'aide pas puisque l'espace est déjà limité pour se déplacer et si vous touchez les méchants fermiers, ça vous tue. mais il y a un patch de traduction de fan pour tous ceux qui sont curieux de connaître le jeu. Le jeu se compose de huit zones que vous pouvez battre dans n'importe quel ordre pour débloquer les zones finales. Chaque zone a un total de cinq étapes qui doivent être battues avant que vous puissiez nettoyer la zone et passer à la suivante. Chaque zone présente un thème unique avec des graphismes mignons d'ennemis qui sont également étonnamment bien animés pour un jeu GB.
Taiyou no Yuusha - Fighbird GB (Japan)	Le système solaire est menacé par des extraterrestres dirigés par Dryas, avec l'aide d'un savant fou humain nommé Dr Jango. La Force de Police Spatiale (FPS) est chargée de rechercher l'Energie Maléfique qui constitue Dryas et de détruire les mechabeasts qu'il déploie pour attaquer la race humaine que ce soit sur Terre ou dans l'espace. Le joueur au début du jeu a le choix entre deux personnages, Kenta, un membre spécial du FPS et petit-fils du Dr Hiroshi Amano, le scientifique qui développe les mécanismes du FPS ; ou le personnage principal, Yuutarou Katori, l'identité humaine du gardien spatial connu comme Fighbird.
Takeda Nobuhiro no Ace Striker (Japan)	Goal! sur GameBoy est l'adaptation du célèbre jeu de foot sorti sur NES en 1988, ce portage sur GameBoy est sorti quant à lui en 1993.
TaleSpin (USA)	La version Game Boy de ce jeu est un side-scroller, similaire à la version NES, dans lequel les joueurs jouent Baloo, et peut parfois jouer des niveaux bonus en tant que Kit. Cette version a six niveaux, qui ont tous un Boss à la fin.
Tamagotchi (USA, Europe) (SGB Enhanced)	Tamagotchi est un jeu basé sur le populaire animal virtuel du même nom. On y sélectionne un ?uf dans le laboratoire, puis on le fait éclore dans sa chambre. De là, vous êtes entièrement responsable de son entretien. Qu'il s'agisse de se nourrir, de prendre des médicaments, de jouer avec, de nettoyer son caca et de le réprimander ou de le féliciter au besoin - vous devez faire tout cela.
Tarzan - Lord of the Jungle (USA, Europe)	Disponible sur Gameboy, Tarzan est un jeu de plates-formes retraçant les événements tirés du film d'animation du même nom, sorti en 1999. Vous jouez bien évidemment le rôle de Tarzan, futur roi de la jungle, dans des niveaux où l'objectif sera de récolter des objets tels que des pièces, des parties de plan et des lettres correspondant au nom de notre héros.
Tasmania Story (USA)	Il s'agit d'un jeu de plateforme à écran unique, vous guidez un homme avec un chapeau d'une plateforme à l'autre. Puisqu'il ne peut pas sauter tout seul, vous devez utiliser les trampolines à gauche et à droite pour lui faire atteindre la plate-forme de droite, où il peut ramasser cactus, fleurs et autres plantes. Lorsque toutes les plantes sont cueillies, l'étape suivante commence. Ce qui rend le jeu difficile, ce sont les &quot;diables de Tasmanie&quot; qui chassent votre homme. En tombant sur un diable d'en haut, ou en posant une bombe pour qu'un ennemi rentre dedans, vous pouvez les assommer temporairement.
Taz-Mania 2 (USA)	Taz-Mania 2 sur Gameboy est un jeu de plates-formes mettant en scène le diable de Tasmanie de Looney Tunes. Ce dernier doit sauver sa famille capturée par un gardien de zoo. Grâce à son attaque toubillante, Taz pourra battre les boss qui lui barrent la route.
Tecmo Bowl (USA)	Tecmo Bowl est une simulation de football américain sur Gameboy. Le titre propose deux modes de jeu : le mode Action dans lequel vous jouez des matches en temps réel sur le terrain, et le mode Coach dans lequel vous êtes à la tête d'une équipe et devez gérer la stratégie. Le jeu propose 12 équipes différentes avec de vrais joueurs pour des parties seul ou à deux.
Teenage Mutant Ninja Turtles - Fall of the Foot Clan (USA)	Disponible sur Gameboy, Teenage Mutant Ninja Turtles : Fall of the Foot Clan retrace les aventures des mondialement connues Tortues Ninja. A travers 5 niveaux dans lesquels vous devrez résister aux assauts du Clan Foot, vous pourrez choisir la tortue de votre choix pour sauver April O'Neil enlevée par Shredder et Krang.
Teenage Mutant Ninja Turtles II - Back from the Sewers (USA)	Teenage Mutant Hero Turtles II: Back from the Sewers est un jeu vidéo de type beat them all développé et édité par Konami sur Game Boy en 1991. Le jeu s'inspire des séries d'animation télévisée Les Tortues ninja. Cette fois-ci, c'est Splinter qui s'est fait capturer par Krang. Leonardo, Michelangelo, Raphael et Donatello se mettent à la recherche de leur maitre jusqu'à arriver à Krang et Shredder.
Teenage Mutant Ninja Turtles III - Radical Rescue (USA)	Teenage Mutant Hero Turtles III: Radical Rescue est un jeu vidéo de plates-formes développé et édité par Konami sur Game Boy en 1993. Le jeu s'inspire des séries d'animation télévisée Les Tortues ninja. La jeune et jolie journaliste April O'Neil a encore été kidnappée. Seulement Shredder et Krang ont aussi kidnappé les tortues quand elles étaient en train de dormir dans les égouts. Toutes sauf une, Michelangelo était parti chercher des pizzas. C'est donc lui seul qui se met à la recherche de ses frères et de son amie.
Tekichuu Rush (Japan)	Tekichuu Rush est un jeu de course de chevaux publié par Nippon Clary Business, qui est sorti au Japon en 1993. Il s'agit d'un logiciel de prédiction des courses de chevaux qui vous permet de prédire le cheval gagnant à l'aide d'opérations simples. Tout ce que vous avez à faire est d'entrer le nombre de coureurs et les cotes, et l'ordinateur prédit le gagnant pour vous.
Tekkyu Fight! - The Great Battle Gaiden (Japan)	Combat de Tekkyu ! The Great Battle Gaiden est un jeu d'action, développé par Sun L et édité par Banpresto. Il est sorti au Japon en 1993. Dans ce jeu, vous aurez le choix entre quatre héros dont notamment Gundam et Ultraman. À tout moment du jeu, vous pourrez changer de personnage pour continuer votre progression. Chaque héro dispose d'une combinaison d'armes qui lui est propre et vous permettra de surmonter les situations les plus inattendues…
Tenchi o Kurau (Japan)	Un RPG basé sur l'œuvre originale de Hiroshi Motomiya, rendu populaire dans la version NES. C'est un portage de Tenchi wo Kurau. L'objectif est de vaincre les seigneurs de guerre ennemis dans 15 provinces chinoises et d'unifier toute la Chine. La version NES a essayé d'en faire une simulation, mais celle-ci s'est transformée en une sorte de RPG propre. Le système n'est plus unique, mais il est bien équilibré, et l'histoire est facile à apprécier. Il est également bon de savoir qu'il n'y a pas de détails comme se retrouver coincé dans une ville et ne pas pouvoir bouger.
Tennis (World)	Tennis sur Gameboy permet de jouer au tennis en simple ou en double contre des adversaires de cinq niveaux différents. Exercez-vous aux reprises de volée et aux smashes pour pouvoir espérer gagner le dernier tournoi. Pour l'anecdote, un célèbre personnage de Nintendo fait son apparition sur la chaise de l'arbitre. Un indice : il porte la moustache...
Terminator 2 - Judgment Day (USA, Europe)	Terminator 2 : Judgment Day sur Gameboy reprend l'intrigue du film culte. Vous incarnez donc le T-800, en charge de protéger John Connor, menacé de mort par le T-1000. Eliminez tout opposant par les poings ou par les armes dans les différentes niveaux de jeu (combat, course poursuite, énigme).
Tesserae (USA)	Tesserae est une combinaison en 2D du Rubik's Cube et des niveaux les plus avancés de Q-Bert. Les symboles simples mais colorés permettent de jouer pendant des heures, un peu comme on peut jouer au Démineur ou à Tétris pendant de longues heures. Le jeu consiste à renverser des tesselles, ou tuiles, de carrés sur des carrés adjacents. Le résultat peut soit créer une tuile complexe, soit s'annuler, ce qui entraîne la suppression d'une tuile. L'objectif est de vider entièrement le plateau. Les niveaux supérieurs proposent des tuiles plus complexes et des grilles plus grandes.
Tetris (Japan) (En)	Tetris sur Gameboy est le célèbre puzzle-game dans lequel vous devez empiler des briques afin de constituer des lignes qui s'effaceront au fur et à mesure de votre progression. La difficulté augmente au fil de votre avancée.
Tetris 2 (USA)	Tetris 2 est un puzzle-game sur Gameboy. Il s'agit de la suite du mondialement célèbre Tetris. Ici, le but n'est pas de faire des lignes pour qu'elles disparaissent, il faut aussi gérer la couleur. Ainsi, chaque pièce qui tombe est composée de différentes couleurs. Trois pièces de même couleur qui se touchent disparaissent.
Tetris Attack (USA, Europe) (SGB Enhanced)	Tetris Attack est un puzzle-game sur Gameboy. L'univers du jeu sort tout droit du monde joyeux de Yoshi. Une bonne dose d'astuce et de sang-froid sera de mise pour progresser dans les différents niveaux. Le système est simple, des blocs tombent du ciel et il faut les empiler correctement pour les faire disparaître. Bien sûr plus le jeu avance et plus la vitesse augmente...
Tetris Blast (USA, Europe) (SGB Enhanced)	Dans Tetris Blast sur Gameboy, le principe du célèbre puzzle-game Tetris est respecté puisqu'il faut toujours faire des lignes avec les pièces qui tombent pour les faire disparaître. Cependant, des bombes sont présentes dans certaines. Lorsqu'elles explosent, une bonne partie du terrain de jeu explose avec.
Tetris Plus (USA, Europe) (SGB Enhanced)	Tetris Plus est un puzzle-game sur Gameboy. Le soft propose quatre modes de jeu différents : Classique, Duel, Puzzle et Edition. Maîtrisez ainsi 80 puzzles époustouflants et découvrez 20 étapes bonus. Enfin, créez votre propre puzzle dans le mode Edition.
Tintin - Prisoners of the Sun (Europe) (En,Fr,De)	Les aventures de Tintin et le temple du Soleil est l'adaptation sur Gameboy de la bande dessinée du même nom signée Hergé. Entre vignettes de bande dessinée et action dirigée par le joueur, toute l'histoire du Temple du Soleil est parcourue. Le joueur peut éviter les dangers grâce à plusieurs actions : sauter, courir ou interagir avec des objets.
Tintin in Tibet (Europe) (En,Fr,De,Nl) (SGB Enhanced)	Tintin au Tibet sur Gameboy vous met dans la peau du plus célèbre reporter dans une histoire identique à celle de la BD. Alors qu'il est en vacances, Tintin apprend que son ami Tchang vient lui rendre visite mais l'avion avec lequel il doit partir s'écrase. En allant à sa recherche, Tintin se trouve embarqué dans une grande aventure. Ce jeu de plates-formes ne dispose d'aucun bouton d'attaque et se base uniquement sur vos capacités de saut et d'esquive.
Tiny Toon Adventures - Babs' Big Break (USA, Europe)	Tiny Toon Adventures : Babs' Big Break est un jeu d'action/plates-formes sur Gameboy. Le soft vous propose d'incarner Buster Bunny, Plucky Duck ou Hamton J. Pig. Vous devez empêcher Montana Max de saboter la carrière de Babs Bunny.
Tiny Toon Adventures - Wacky Sports (USA)	Tiny Toon Adventures : Wacky Sports est un jeu de sport dans l'univers des Looney Tunes, développé et édité par Konami, qui est sorti en 1994 sur Game Boy.
Tiny Toon Adventures 2 - Montana's Movie Madness (USA, Europe)	Tiny Toon Adventures 2 : Montana's Movie Madness est un jeu d'action/plates-formes sur Gameboy. Une toute nouvelle salle de cinéma vient d'ouvrir dans Acme Acres. Mais, malheureusement, elle est détenue par le méchant gosse Montana Max et il a décidé de lancer des films dans lesquels lui seul est le héros. Vous avez donc la tâche de saboter ses plans durant les différents niveaux.
Tip Off (Europe)	Après le succès de Kick Off et de sa suite, Anco s'est essayé au basketball. Ce jeu de basket-ball a comme les jeux Kick Off une vue d'en haut et l'action est assez lente, une marque de fabrique pour de nombreux jeux de football (Kick Off en particulier). Les équipes du jeu sont britanniques, mais vous pouvez les modifier à l'aide des options.
Titus the Fox (USA, Europe)	Titus The Fox est un jeu de plates-formes sur Gameboy color. Vous incarnez Titus le renard qui part à la recherche de son amie Foxy qui s'est faite kidnapper par le diabolique et infâme sultan Rabys. Vous allez devoir vous rendre à Marrakech où la belle est prisonnière et lutter contre les sbires du Sultan démoniaque. Vous serez aidé de temps en temps par votre cousin Zorro. Le soft est jouable à deux via une connexion multiconsole.
Tokio Senki - Eiyuu Retsuden (Japan)	Les quatre rois célestes de l'ombre (non non, il n'y a pas d'erreur de traduction) surgirent soudain d'entre les démons pour semer la terreur sur les terres paisibles de Tokio (non, non, et non, je vous jure qu'il n'y a pas d'erreur de frappe, enfin !). Un nuage sombre plana sur Tokio, rempli de terreur et de confusion, et le divisa en 16 royaumes différents, créant ainsi des guerres de territoire parmi les habitants. Chacun des monarques des administrations parvinrent à trouver un terrain d'entente pour ramener paix et prospérité dans ce petit monde... Comme vous l'aurez sans doute deviné, Tokio, c'est un peu le Tokyo de ce jeu de stratégie. Le jeu propose cinq scénarios avec pour chacun sa propre histoire et un niveau de difficulté variable. Néanmoins, le contenu reste basiquement le même : il faut emmener sa petite milice improvisée jusqu'à la victoire.
Tokoro's Mahjong Jr. (Japan) (SGB Enhanced)	Un jeu de mahjong basique avec quatre participants. Il y a au total six personnages différents dessinés par le talent populaire George Tokoro.
Tokyo Disneyland - Fantasy Tour (Japan) (SGB Enhanced)	Dans Tokyo Disneyland: Fantasy Tour, le joueur a le choix d'incarner Mickey, Minnie ou Dingo. Tout en montant dans des attractions telles que le Big Thunder Mountain, le joueur doit répondre correctement à des questions, cheminer dans un niveau ou toute autre sorte de mini-jeu dans le but de progresser en jeu. Vous pouvez jouer à 15 types de mini-jeux au total.
Tokyo Disneyland - Mickey no Cinderella-jou Mystery Tour (Japan) (SGB Enhanced)	Dans ce jeu d'action, Mickey explore le château de Cendrillon, où vivent les méchants, pour sauver son chien Pluto qui a été kidnappé. Le but du jeu est d'utiliser correctement différents types de ballons.
Tom & Jerry (USA, Europe)	Tom et Jerry est un jeu de plates-formes sur Gameboy. Vous y incarnez Jerry qui tente encore une fois d'éviter de se faire croquer par Tom. Vous allez devoir éviter tous les pièges tendus par ce dernier si vous voulez rester en vie. Ce soft est exclusivement solo.
Tom and Jerry - Frantic Antics! (USA, Europe)	Tom and Jerry : Frantic Antics est un jeu d'aventure et d'action dans lequel vous contrôlez Tom le chat mais aussi la souris Jerry. Tous deux sont unis pour récupérer leur ami : Robyn. Traversez huit niveaux et soyez prêt à affronter vos ennemis et récupérez le fromage et le poisson pour gagner des forces.
Top Gun - Guts & Glory (USA, Europe)	Top Gun : Guts And Glory est une simulation de pilotage d'avions de chasse basée sur l'univers du film. Vous aurez le choix entre différents modèles d'avion dont le fameux F-14 Tomcat. Le soft compte 10 niveaux et 3 modes de jeu, Carrière, Air Combat et Bombing Run.
Top Rank Tennis (USA)	Top Rank Tennis est un jeu de tennis. Les joueurs peuvent choisir de jouer en simple ou en double. Il n'y a que deux modes de jeu : Officiel ou entraînement. Les règles normales du tennis s'appliquent. Notamment pour un titre Game Boy, le score du jeu est prononcé à haute voix ainsi que d'autres mots tels que &quot;jouer&quot; et &quot;faute&quot;. Les classements des joueurs sont sauvegardés et le titre est jouable jusqu'à quatre joueurs avec l'adaptateur.
Torpedo Range (USA)	Torpedo Range est un jeu de tir 2D pour Game Boy. Le joueur contrôle un sous-marin. Le jeu a plusieurs modes de jeu - carte (le joueur va à la mission suivante dans une perspective descendante), tireur (le joueur chasse les avions, les navires et autres sous-marins), et tireur FPS (le joueur tire des torpilles à ses ennemis, et détruit toute résistance). Le sous-marin a des munitions limitées et des boucliers.
Total Carnage (USA, Europe)	A l'aube de l'an 2000, la guerre laissa le pays de Kookistan en ruines, et un dictateur nommé Général Akhboob n'hésita pas longtemps avant de s'emparer du pouvoir. Le joueur est aux commandes de la Doomsday Squad composée de Captain Carnage et de Major Mayhem. Plusieurs armes viendront consolider l'arsenal de ces deux héros au cours des 20 niveaux de jeu.
Tottemo! Lucky Man - Lucky Cookie Minna Daisuki!! (Japan) (SGB Enhanced)	Tottemo! Lucky Man: Lucky Cookie Minna Daisuki!! s'inspire du manga comique Tottemo! publié dans le Weekly Shonen Jump. Le but du jeu est d'affronter trois adversaires dans une partie et de vaincre le plus d'extraterrestres. Le joueur obtient des trophées en battant des aliens ou bien en terrassant des boss sur le plateau. Après avoir combattu dans quatre niveaux différents, le joueur avec le plus de trophées remporte le jeu.
Toxic Crusaders (USA)	Basés sur la série de dessins animés de Troma du même nom, les Croisés Toxiques protègent la ville de Tromaville contre les complots de l'étranger Dr. Killemoff et de ses Radiation Rangers. Jusqu'à ce que Killemoff capture tous les Toxic Crusaders sauf un. Comme Toxie, vous devez &quot;éponger&quot; les forces de Killemoff par 6 niveaux et sauver ses camarades avant qu'il ne soit trop tard. Le jeu est orienté action. Les seules capacités de Toxie sont de sauter et de se frayer un chemin à travers les ennemis. Il commence par une arme à balai, qui peut être facilement perdue.
Toy Story (USA) (SGB Enhanced)	Toy Story sur Gameboy est un jeu de plates-formes basé sur le film d'animation du même nom. Il place le joueur dans la peau de Woody qui doit sauter et utiliser sa ficelle pour traverser les différents niveaux qui sont directement tirés du long métrage. Entre chaque niveau, l'histoire est racontée à travers du texte et des photos du film.
Track & Field (USA, Europe)	Track & Field sur Gameboy est un jeu qui rassemble des disciplines olympiques dans un style très arcade. Retrouvez le lancer de javelot, le saut en longueur, le 100 mètres sprint, le 100 mètres haies, le lancer de marteau et le saut en hauteur. Complétez avec succès chacune des sessions pour vous voir remettre une médaille puis recommencer les épreuves avec un niveau de difficulté plus élevé.
Track Meet (USA, Europe)	Track Meet propose sept événements différents dans l'esprit des Jeux Olympiques d'été de 1992 à Barcelone en Espagne. Il y a cinq adversaires à concurrencer dans des événements comme le saut en longueur, le 100 mètres, et l'haltérophilie. Chaque concurrents à sa propre force et faiblesse qui aide ou nuit à ses performances sur certains événements. Une fois que le joueur a plus de points que ses adversaires, il devient le grand champion des Jeux Olympiques d'été.
Trax (USA, Europe)	Trax sur Gameboy est un jeu d'action dans lequel vous conduisez un tank et tirez sur tout ce qui bouge. Vous pilotez le tank en vue du dessus et vous devez vous débarrasser de tout ce qui bloque votre chemin. Heureusement, vous avez le choix entre différentes armes que vous pourrez ramasser.
Trip World (World) (Limited Run Games)	Trip World est un jeu où vous incarnez un lapin appellé Yakopoo. Son grand-père, Shabubu, protège la fleur Maita sur le Mont Dubious. Malheureusement, des horribles créatures arrivent et s'emparent de la fleur Maita. C'est alors que débute la quête de Yakopoo.
True Lies (USA, Europe)	Les joueurs contrôlent l'agent secret Harry Tasker, qui cherche à sauver le monde libre du méchant Aziz, chef du groupe terroriste islamique Crimson Jihad. Tous les niveaux sont basés sur des scènes d'action du film et comprennent l'infiltration du château, la poursuite d'Aziz dans le centre commercial et dans le parc et la confrontation finale dans l'immeuble de bureaux. Dans chaque niveau, Harry doit accomplir une tâche précise : connecter un modem à un ordinateur pour télécharger des données, trouver Aziz ou désarmer un engin nucléaire. Des hordes de terroristes se dressent sur son chemin et doivent être éliminés à l'aide de diverses armes. Harry commence un niveau avec un pistolet standard qui a des munitions illimitées mais qui doit être rechargé après 15 tirs. Il doit se procurer des armes plus puissantes comme une mitrailleuse, un fusil à pompe, des grenades et des mines.
Trump Boy (Japan)	Trump Boy est un jeu sur Game Boy qui propose de jouer à trois jeux de cartes différents : le daifugo (qui s'apparente au président), le speed/vitesse, et le jeu de paires. Il y a un total de cinq adversaires différents aux niveaux de difficulté plus ou moins élevés (exception faite du daifugo dans lequel il n'y a aucune différence). Vous pouvez également jouer contre vos amis à l'aide d'un câble de communication.
Trump Boy II (Japan)	La suite de Trump Boy sur Game Boy arrive à peine un semestre après son aîné. Il inclut de nouveau le jeu de daifugo ainsi que deux nouveaux jeux de cartes : &quot;Millionaire&quot;, &quot;Page One&quot; et &quot;7 Arrangements&quot;. Le soft dispose d'un support de jeu multijoueur allant jusqu'à quatre joueurs et était par ailleurs un des jeux qui promouvait directement l'adaptateur disposé à cet effet.
Trump Collection GB (Japan)	Trump Collection GB est un jeu qui propose différents jeux de cartes tels que le poker, le speed/vitesse, le daifugo (variante du président), le jeu de paires, et le jeu de cartes domino.
Tsumego Series 1 - Fujisawa Hideyuki Meiyo Kisei (Japan) (SGB Enhanced)	Tsumego Series 1: Fujisawa Hideyuki Meiyo Kisei est un jeu de plateau inspiré du go, jeu de stratégie originaire de Chine. Il doit son nom à Hideyuki Fujisawa, maître Kisei. Les tsumego sont des problèmes de jeu de go, que l'on peut apparenter aux problèmes de jeu d'échecs. Ils permettent de tester les capacités des joueurs au go et d'éventuellement les entraîner. Le jeu offre un mode test et un mode question. Dans le mode test, 20 questions sont regroupées ensemble, classées selon différentes catégories : débutant, élémentaire, intermédiaire, avancé et superlatif. Le grade de chaque catégorie est accordé au joueur selon ses résultats de réponse. Dans le mode question, le joueur répond aux problèmes un à un. Hideyuki Fujisawa apparaît pendant le jeu pour encourager et féliciter le joueur.
Tsumeshougi - Hyakuban Shoubu (Japan)	C'est un jeu inspiré du shogi, un jeu de stratégie traditionnel japonais, parent des échecs occidentaux. Il vous propose de vous confronter à des problèmes de shogi (tsumeshogi) qu'il vous faudra résoudre. Un mode &quot;Problèmes&quot; vous le permet, tandis qu'un autre appelé &quot;Recherche&quot; vous offre la possibilité d'étudier librement les tsumeshogi du mode précédent. Le jeu dispose également d'un système de mot de passe pour reprendre à partir d'un certain problème.
Tsumeshougi - Kanki Godan (Japan) (SGB Enhanced)	Un jeu vidéo de shōgi, un jeu de stratégie traditionnel japonais se rapprochant des échecs. Le jeu propose de résoudre des problèmes de shōgi (également appelés tsumeshōgi), plus ou moins similaires à ceux d'échecs, dans lesquels le joueur doit mater au plus vite le roi de son adversaire. Le jeu tire son nom de Hiromitsu Kamiyoshi, qui était au rang de 5 dan à l'époque. Il contient un total de 103 questions de Tsume Shogi. Dans le « mode test » composé des 6 questions, vous pouvez juger de votre propre force à tout moment.
Tsumeshougi - Mondai Teikyou Shougi Sekai (Japan)	Il s'agit d'un jeu vidéo de shōgi, un jeu de stratégie traditionnel japonais se rapprochant des échecs. Il propose de résoudre une multitude de problèmes de shōgi en respectant un certain nombre de parachutages (retour de pièce en jeu) autorisés. Contient plus de 200 questions fournies par le magazine mensuel Shogi &quot;Shogi World&quot;. Il y a deux modes, un mode &quot;entraînement&quot; où tu peux déplacer librement les pièces et y réfléchir, et un mode &quot;test&quot; où tu peux tester ton niveau.
Tsuri Sensei (Japan) (SGB Enhanced)	Tsuri Sensei est un jeu de simulation de pêche à la ligne. Le but est de gagner le tournoi de pêche iron man. La carte du lieu du tournoi change chaque fois que vous jouez. La personne qui attrape le poisson le plus rare remporte le championnat.
Tumble Pop (USA, Europe)	Tumblepop sur Gameboy est un jeu de plates-formes dans lequel vous incarnez un chasseur de fantômes armé d'un aspirateur. Celui-ci voyage sur une carte bien différente de la Terre, à travers des niveaux dans lesquels il doit aspirer des ennemis pour ensuite s'en servir comme projectiles. Après quelques niveaux apparaissent des boss, tous aussi loufoques les uns que les autres.
Turn and Burn - The F-14 Dogfight Simulator (USA)	Dans Turn and Burn : The F-14 Dogfight Simulator, le joueur pilote un avion de combat F-14 et doit résoudre diverses missions, par exemple la destruction d'une base ennemie ou la destruction de tous les avions ennemis dans la zone. Cependant, malgré le nom, il s'agit plus d'un jeu d'action que d'une simulation. Ainsi, le joueur vole à travers la zone et utilise les systèmes d'armes - canons, missiles et ECM (contre-mesure électronique pour dévier les missiles ennemis) - pour tuer les forces adverses. Le jeu se joue à la première personne et le cockpit offre certaines informations comme un radar et le carburant, qui doit être rechargé lorsqu'il est épuisé. Le tout est géré en vol.
Turok - Battle of the Bionosaurs (USA, Europe) (En,Fr,De,Es)	Disponible sur Gameboy, Turok : Battle Of The Bionosaurs est un jeu d'action dans lequel vous incarnez le célèbre chasseur de dinosaures. A travers de nombreux niveaux exotiques, vous devrez vous défaire de bêtes préhistoriques, de robots cyborgs et de mercenaires sans merci à l'aide de vos armes dévastatrices qui réagissent différemment selon vos ennemis.
Turrican (USA, Europe)	Le démon à trois têtes Morgul a influencé les rêves des gens pour créer des cauchemars, mais plus récemment, ces cauchemars sont devenus réels. Seul Turrican peut les sauver dans ce shoot-em up rapide à défilement latéral. Il comporte 5 mondes et 13 niveaux de jeu endiablés. Le concept du jeu est simple : il suffit de sauter, de tirer et d'explorer. Cependant, ce jeu met l'accent sur la recherche et l'utilisation des 10 armes différentes que Turrican peut collecter.
Twin (Japan)	Au sein d'un seul monde, deux royaumes. Le monde de la lumière, jadis gouverné par les quatre esprits élémentaires; le monde de l'obscurité quant à lui dirigé par le Seigneur Démon Destark. Grâce à sa force maléfique, Destark envahit le monde de lumière. Les esprits créèrent alors un joyau de la lumière sainte et parvinrent à l'emprisonner. Mais de centaines d'années plus tard, le monde de lumière est de nouveau couvert d'une brume malsaine. Il faut retrouver les joyaux des esprits. Vous avez la possibilité de choisir le statut de votre personnage : guerrier ou sorcier et à partir d'un certain point, vous aurez la possibilité de vous offrir un compagnon de route.Twin est un RPG qui dispose d'une vue latérale dans les donjons. Système de sauvegarde par mot de passe aussi long que déconcertant, puisqu'il vous faudra un peu de courage et de patience pour entrer 60 caractères à faire défiler un par un... Difficulté très élevée. Ce qui peut s'avérer décourageant, c'est le cruel manque d'équilibre du jeu. Twin a le mérite de témoigner d'une histoire plus riche qu'elle n'a l'air par une morale de fin qui fait l'effet d'une claque à la hauteur de la difficulté rencontrée...
Uchiiwai - Kyoudaijingi no Puzzle Game (Japan)	Uchiiwai: Kyoudaijingi no Puzzle Game est une édition spéciale du jeu Splitz, disposant d'éléments graphiques modifiés, qui était limitée à 6 000 exemplaires lors d'un concours au Japon datant de décembre 1994 et qui était organisé par la boutique Famicom Shop Wanpaku Kozo. Splitz est un remake du jeu Split Personalities sorti en 1986 sur ordinateur. C'est un jeu de puzzle défilant, mais avec un panel d'images différentes. À la différence d'autres jeux de puzzles à défilements, toutes les pièces ne sont pas placées dès le début de partie, mais sont à faire sortir une à une par le joueur. Les pièces peuvent être poussées afin de reproduire l'image initiale. Les parties sont soumises à des contraintes de temps et il y a une limite de temps. Toutes les fonctionnalités du jeu original sont réutilisées. Cela inclut des portes qui s'ouvrent et se ferment et qui peuvent être utilisées afin d'éliminer certaines pièces de puzzle de l'écran. Il y a également des pièces de jeu qui font office de bonus, et qu'il faut pousser contre d'autres pour obtenir leur effet.
Uchuu no Kishi Tekkaman Blade (Japan)	Uchuu no Kishi: Tekkaman Blade (généralement traduit par &quot;Space Knight: Tekkaman Blade&quot;) est un jeu de tir basé sur le dessin animé d'animation du même nom (lui-même basé sur un dessin animé des années 70). Dans ce jeu, un robot armé d'une épée se bat pour libérer la Terre de la domination d'extraterrestres ressemblant à des insectes, les Radam, qui utilise les Tekkamen (captifs humains transformés) comme fantassins.
Uchuu Senkan Yamato (Japan)	Une simulation basée sur un anime populaire. Les joueurs dirigent les forces armées de la Terre dans leur combat contre l'armée des Gamilas pour la planète Iskandar. Il y a des écrans 3D dans les scènes de combat. Il s'agit d'une adaptation en jeu d'un anime populaire. Fondamentalement, il s'agit d'un jeu de simulation, mais il y a beaucoup de contenu, probablement pour accélérer le fait qu'il y a beaucoup de fans de l'original.
Ultima - Runes of Virtue (USA)	Ultima: Runes of Virtue est un jeu d'action et d'aventure où il faut résoudre des puzzles à travers des donjons. Le personnage principal est un des quatre compagnons de l'avatar, à savoir Shamino, Dupre, Iolo ou Mariah.
Ultima - Runes of Virtue II (USA)	Entrez dans le monde d'Ultima ! Sauvez les nobles de Britannia en incarnant Shamino le Ranger, la Mage Mariah, le Barde lolo ou Dupre le Chevalier. Embarquez à bord de navires pirates, visitez des donjons, des îles et des châteaux, et résolvez des énigmes dans cette aventure trépidante !
Ultra Golf (USA)	Ultra Golf est un jeu de golf avec deux parcours qui peuvent être joués soit en mode entraînement, soit en mode tournoi. Le joueur choisit d'abord la direction et le club, puis le système classique des &quot;deux clics&quot; entre en jeu : un symbole se déplace sur un cercle et sa position après avoir appuyé sur le bouton influence la dérive et la force du tir. Il est important de tenir compte de la direction du vent.
Ultraman (Japan)	Basé sur la populaire émission de télévision de 1967, Ultraman suit directement l'histoire de son matériau d'origine. Dans le rôle d'Ultraman, le joueur doit vaincre un grand nombre des mêmes monstres qui sont apparus dans la série originale. Prenant l'apparence d'un jeu de combat à 1 contre 1, Ultraman peut donner des coups de pied, de poing et de grappin à ses adversaires, ainsi qu'utiliser divers coups spéciaux qui nécessitent un temps de charge. Cependant, pour vaincre ses adversaires, Ultraman doit épuiser sa barre de vie qui se recharge en permanence, et c'est à ce moment-là qu'il lance sa plus puissante attaque spéciale : le rayon de Specium. Au fur et à mesure que le jeu progresse, différents ennemis peuvent même trouver des moyens d'éviter cette attaque redoutable, et Ultraman doit s'adapter au style de combat de chaque ennemi... Chaque niveau a une limite de temps de trois minutes seulement, et il y a trois vies sans possibilité de sauvegarder le jeu.
Ultraman Ball (Japan) (SGB Enhanced)	Ultraman Ball met en scène le personnage tokusatsu de Tsuburaya Productions, Ultraman, et ses compagnons. Ultraman est réimaginé comme un héros capable de se transformer en mode boule, et utilise ce nouveau pouvoir pour sauver ses amis. Dans sa forme bipède standard, Ultraman est capable de s'accrocher aux murs et de les escalader en sautant à plusieurs reprises. En mode boule, Ultraman peut renverser les ennemis et prendre de la vitesse sur les pentes pour l'aider à atteindre de nouvelles zones. Il peut également rebondir, ce qui augmente également sa hauteur verticale. En combinant ces pouvoirs, le joueur peut progresser dans chaque étape.
Ultraman Chou Toushi Gekiden (Japan) (SGB Enhanced)	Un manga publié en série dans Monthly Comic Bonbon a été transformé en un jeu d'action. Vous pouvez jouer à trois jeux en fonction de l'histoire : action, tir et combats de boss, tout en suivant l'histoire, vous ne vous ennuierez donc pas, et le bip sonore lorsque votre vie s'épuise dans le combat de boss est bon pour votre sens de l'urgence.
Ultraman Club - Tekikaijuu o Hakken seyo! (Japan)	Le but du jeu est de vaincre le boss de la base adverse en se divisant entre le camp des Ultramans et celui des Kaiju. C'est un jeu de simulation dans lequel les joueurs déplacent alternativement des unités sur une carte divisée en conseillers. Chaque camp compte 14 personnages avec leurs propres caractéristiques.
Undercover Cops Gaiden - Hakaishin Garumaa (Japan)	Undercover Cops : Gaiden : Hakaishin Garumaa est basé sur le jeu d'arcade Undercover Cops d'Irem. Mais alors que ce titre était un beat-em-up, Hakaishin Garumaa se déroule sous la forme d'un jeu de plateau RPG au tour par tour. Comme dans les derniers titres de Mario Party, les joueurs commencent par choisir l'un des trois flics en civil. Le joueur commence à l'emplacement de départ du plateau et doit utiliser une de ses &quot;tuiles de valeur numérotées&quot;. Si le numéro choisi est supérieur à 1, le joueur doit s'affronter sur une machine à sous pour tenter de gagner une valeur égale à celle inscrite sur la tuile. Ensuite, le joueur peut déplacer la valeur numérique, qu'il a gagnée, de cases sur le plateau. Certaines cases activeront des événements qui incluent la discussion avec des personnages, l'achat d'objets et l'engagement dans une bataille.
Universal Soldier (USA, Europe)	Universal Soldier est un jeu d'action sur Gameboy tiré du film du même nom. Le joueur incarne Jean Claude Van Damme dans une lutte contre sa propre unité et son gouvernement corrompu. Progressez entre les différents niveaux et accompagnez JCVD dans sa quête pour la vérité.
Uno - Small World (Japan)	Uno - Small World est un jeu de cartes et de réflexion. Le joueur doit se débarrasser de toutes ses cartes. Celles-ci sont soit numérotées de 0 à 9, ou bien spéciales. Les cartes spéciales peuvent faire passer le tour à la personne suivante, changer de sens, obliger l'autre à piocher deux cartes, un joker permettant de choisir entre les quatre couleurs ou bien un joker mais obligeant aussi le suivant à piocher cette fois-ci quatre cartes. Quand il ne reste au joueur qu'une seule carte, il a pour obligation de dire &quot;Uno!&quot;. Autrement, il sera obligé de tirer deux cartes.
Uno 2 - Small World (Japan) (SGB Enhanced)	Uno 2 - Small World est un jeu de cartes et de réflexion suivant le même principe que son prédécesseur. Le joueur doit se débarrasser de toutes ses cartes. Celles-ci sont soit numérotées de 0 à 9, ou bien spéciales. Les cartes spéciales peuvent faire passer le tour à la personne suivante, changer de sens, obliger l'autre à piocher deux cartes, un joker permettant de choisir entre les quatre couleurs ou bien un joker mais obligeant aussi le suivant à piocher cette fois-ci quatre cartes. Quand il ne reste au joueur qu'une seule carte, il a pour obligation de dire &quot;Uno!&quot;. Autrement, il sera obligé de tirer deux cartes. Le mini-jeu &quot;Tug of War&quot; a été ajouté tout en gardant les éléments tels que les négociations et l'adoption des règles locales. La personne qui gagne deux fois peut jouer, et s'il gagne, il recevra un objet.
Urban Strike (USA, Europe) (SGB Enhanced)	Urban Strike sur Gameboy est un jeu d'action dans lequel le joueur pilote un hélicoptère de combat. Un homme du nom de H.R. Malone a lancé sa propre secte et compte des millions d'adeptes. Il utilise son influence et son argent pour construire une arme capable de détruire le gouvernement en place. Le joueur devra contrôler différents types d'hélicoptères pour contrecarrer les plans de Malone. Certains niveaux disposent aussi de phases de jeu à pied.
Urusei Yatsura - Miss Tomobiki o Sagase! (Japan)	Urusei Yatsura : Miss Tomobiki ou Sagase ! est un jeu de rôle développé par Kid et publié par Yanoman, sorti au Japon en 1992. Un jeu de rôle basé sur la bande dessinée populaire du même nom. Moroboshi Ataru part à l'aventure dans un donjon en 3D à la recherche d'une lycéenne, Mlle Tomobiki. Tous les personnages familiers apparaissent dans ce jeu. Le jeu combine une quête d'une fille et un dungeon crawler en 3D de manière peu convaincante, mais il s'inscrit dans le moule. Il semble avoir suffisamment de gameplay pour convaincre les fans. Cependant, si l'histoire principale est adéquate, les branches et les feuilles sont faibles. L'histoire a tendance à suivre un schéma, c'est donc le genre de jeu qui demande de la patience pour continuer.
V-Rally - Championship Edition (Europe) (En,Fr,De)	V-Rally est un jeu de courses sur Gameboy. Faites votre choix entre 4 bolides : Peugeot 306 Maxi, Subaru Impreza, Ford Escort V-Rally, et Mitsubishi Lancer. Lancez-vous en mode Arcade ou Championnat dans les principaux endroits où se déroule le vrai Championnat du Monde des rallyes : Corse, Nouvelle Zélande, Italie, Les Alpes, Indonésie, Argentine, Grèce, Angleterre, Suède...
Vattle Giuce (Japan) (En)	Vattle Giuce est un jeu de tir à défilement vertical où vous aurez le choix entre trois vaisseaux au départ, chacun tirant différemment après upgrade. Le jeu est composé de cinq niveaux avec autant de boss et de mid-boss. En contrôlant le vaisseau vous pourrez vous rapprochez du sol pour détruire d'autres ennemis, libérant des bonus contrairement aux autres.
Vegas Stakes (USA, Europe) (SGB Enhanced)	Vegas Stakes : Le jeu voit le joueur aller à Las Vegas pour jouer avec 1000 $. En utilisant ces 1000 $, le joueur doit essayer de gagner 10 millions de dollars dans différents casinos. Placez vos paris! Blackjack, Slots, Roulette, Craps et Seven Card Stud poker promettent la gloire et la fortune. Jouer pour l'objectif des 10 millions de dollars!
Versus Hero - Kakutou Ou e no Michi (Japan)	Versus Hero: Kakutou Ou e no Michi est le premier jeu de combat dans lequel Gundam apparaît tel un combattant et envoie des coups de poing et de pied. Bien sûr, d'autres personnages que Gundam apparaissent, dont des héros tels qu'Ultraman et Kamen Rider. Le but est de sélectionner l'un des six personnages du jeu et de devenir avec le champion ultime en vainquant ses autres adversaires. Les attaques incluent des coups de poing et de pied, ainsi que des &quot;mouvements spéciaux&quot;, et chacun dispose de sa propre technique. Le soft propose également un mode de combat deux joueurs.
Volley Fire (Japan)	Volley Fire est un jeu de tir au gameplay simple : deux vaisseaux spatiaux (jusqu'à quatre dans les niveaux supérieurs) sont placés sur le côté inférieur et supérieur de l'écran et peuvent se déplacer à gauche ou à droite. Tout en essayant de tire sur l'autre, des obstacles peuvent empêcher les tirs et peuvent se déplacer horizontalement ou verticalement.
Wario Blast Featuring Bomberman! (USA, Europe) (SGB Enhanced)	Wario Blast est un jeu d'action sur GameBoy. Vous incarnez Wario et le but du jeu est de faire sauter votre adversaire avec des bombes. Et pour cela, vous disposez de trois différents types de bonus : le premier donne à vos bombes un souffle plus long, le second vous permet de poser plusieurs bombes à la fois, et le dernier vous rend invulnérable (même si vous ne pouvez pas poser de bombes).
Wario Land - Super Mario Land 3 (World)	Wario, le rival cupide de Mario dans Super Mario Land 2, est plus déterminé que jamais à obtenir un château après avoir été expulsé de celui de Mario. Il a entendu dire que les pirates de l'île de la Cuisine possèdent une statue en or de la princesse Toadstool qui vaut une rançon de roi ! Wario se dit qu'en s'emparant de la statue de la princesse, ainsi que de tous les autres butins que les pirates ont amassés, il aura bien assez d'argent pour s'offrir un château encore plus grand et plus beau que celui de Mario !
Wario Land II (USA, Europe) (SGB Enhanced)	Wario Land II est un jeu de plates-formes sur Gameboy. L'ennemi de Wario, Captain Syrup, accompagné de plusieurs de ses soldats, se sont introduits dans le château de Wario pendant son sommeil pour y voler son argent. Incarnez Wario et explorez la multitude de niveaux disponibles dans le jeu afin de mettre un terme aux agissements de Captain Syrup.
Waterworld (Europe)	Le soleil. Depuis des millions d'années, la source de la vie. Mais pour une planète,cette source meurt. La température a grimpé, les vastes mares de glace aux pôles ont fondu, et les océans se sont levés. Des siècles plus tard, peu de gens sont restés sur cette planète, autrefois appelée Terre. Un marin solitaire navigue sur l'étendue d'eau, en troquant pour survivre. Pour survivre, c'est tout ce que ces gens font, dans ce lieu qu'ils ne connaissent que sous le nom de Waterworld.
Wave Race (USA, Europe)	Wave Race sur Game Boy est un jeu de course aquatique. Vous contrôlez un jet-ski autour de parcours balisés par des bouées en mode circuit. En mode slalom, vous devez man?uvrer à travers plusieurs séries de portes flottant sur l'eau. Le jeu se déroule d'un point de vue aérien. Il y a quatre coureurs dans chaque course. Ils peuvent être contrôlés soit par des joueurs humains, soit par l'IA.
Wayne's World (USA)	Wayne's World sur Gameboy est un jeu de plates-formes qui propose au joueur d'incarner Wayne dans une aventure qui ne suit pas la trame du film. En effet, Garth, son ami de toujours, a été aspiré dans un jeu vidéo et kidnappé par l'infâme Zantar. Wayne se lance alors à sa poursuite avec sa fidèle guitare électrique qui envoie des ondes mortelles à ses ennemis.
WCW - The Main Event (USA, Europe)	WCW : The Main Event est un jeu vidéo de catch professionnel sorti en 1994 par FCI pour la console de jeu vidéo portable Nintendo Game Boy. C'est seulement le deuxième jeu vidéo basé sur le championnat du monde de catch.
We're Back! - A Dinosaur's Story (USA, Europe)	We're Back - A Dinosaur's Story! est un jeu de plateforme basé sur le film de 1993 du même nom. Le joueur prend l'intelligent Tyrannosaurus, Rex, à travers différentes étapes pleines d'obstacles et d'ennemis pour se déplacer. Rex ne mord pas les gens, mais il peut lancer des pierres sur les ennemis jusqu'à ce qu'ils disparaissent.
Wedding Peach - Jamapii Panic (Japan) (SGB Enhanced)	Avec votre queue, touchez le plus de cases possibles en l'étirant et en formant une boucle pour dévoiler des objets et des coeurs. Évitez les ennemis et faites-les disparaître en les bloquant sur votre queue. L'objectif est de faire apparaître un coeur sur chaque case du niveau.
Welcome Nakayoshi Park (Japan)	Dans le jeu, le joueur gambade dans le parc Nakayoshi et joue à différents mini-jeux. Après qu'il les a tous finis, le joueur a accès au château au centre du parc. Le jeu fait apparaître plusieurs personnages du magazine Nakayoshi, à côté de ceux de la série télévisée Sailor Moon.
Wheel of Fortune (USA)	Wheel of Fortune est basé sur le populaire jeu télévisé produit par Merv Griffin. Le but est le même que celui du jeu télévisé, qui est de deviner les lettres manquantes pour résoudre un puzzle qui couvre les mêmes sujets que ceux trouvés dans l'émission, tels que lieu, personne, objet, phrase, phrase, etc. Comme dans le jeu télévisé, les joueurs font tourner la roue, choisissent des consonnes, achètent des voyelles et, espérons-le, résolvent l'expression mystère. La roue peut être &quot; tournée &quot; à différentes forces en glissant une barre sur un sélecteur, et les chances de gagner un tour gratuit, de perdre un tour et de faire faillite demeurent.
Who Framed Roger Rabbit (USA)	Qui a piégé Roger Rabbit est basé sur le film du même nom. Roger Rabbit vit à Toontown, où des personnages de dessins animés comme lui et des personnes réelles cohabitent. Roger a été accusé à tort d'avoir assassiné l'amant présumé de sa femme et doit désormais prouver son innocence avec l'aide du détective privé Eddie Valiant. Il s'agit d'un jeu d'action comportant des éléments de résolution d'énigmes. Roger Rabbit peut se déplacer librement dans Toontown (et certains de ses bâtiments) et le gameplay principal consiste à parler à des personnes qui donnent à Roger des indices sur la direction à prendre. Il doit également collecter et utiliser divers objets pour progresser. Cependant, lorsqu'il se promène en ville, il est attaqué par des ennemis qui réduisent sa barre de vie s'ils le touchent ; il y a également quelques combats contre des boss. Quelques objets (rares) peuvent être utilisés pour éliminer les ennemis.
Wild Snake (USA) (SGB Enhanced)	Wildsnake: Des serpents de couleurs et de longueurs différentes tombent du haut de l'écran et glissent vers le bas. Le but est d'éliminer les serpents de la même couleur. Le jeu comprend 4 arrière-plans, 7 niveaux différents et un mode 2 joueurs.
Winner's Horse (Japan)	Il s'agit d'un logiciel de course de chevaux qui contient deux modes différents. Il existe un mode où vous pouvez prédire le cheval gagnant en entrant diverses données provenant de courses réelles, et un mode carrière où vous entraînez votre cheval, l'envoyez aux courses et gagnez des prix. Le but ultime du mode carrière est de gagner un milliard de yens pour entrer dans l'Arima Kinen.
Winter Olympic Games (USA)	Winter Olympic Games, la version officielle sous licence des Jeux Olympiques d'hiver de Lillehammer 1994. Dix événements avec des parcours réels utilisés à Lillehammer. Affrontez de 1 à 4 joueurs ou battez les records des Jeux Olympiques. Seize pays à représenter, dont le Canada, les États-Unis, la France et le Japon. Huit langues dont l'anglais, le français, l'espagnol, l'allemand et le norvégien.
Wizardry Gaiden I - Joou no Junan (Japan)	Le pouvoir du Bâton de Gnilda, l'artefact qui protège la ville de Llylgamyn, s'estompe. La sœur de la reine Airasu, Sokusu, a disparu il y a un an, en même temps que le mage maléfique Thaïlande Rossum. La reine a fait appel aux aventuriers pour vaincre Thailand Rossum et retrouver sa sœur. Votre groupe d'aventuriers a répondu à cet appel. Wizardry Gaiden est un jeu d'histoire secondaire de Wizardry pour Gameboy. Il s'agit d'un titre original, exclusivement japonais, et non d'un portage d'une quelconque version informatique. Son développeur, ASCII, est également celui qui a créé les remakes de Wizardry 1 à 6 pour Famicom et Super Famicom, et en tant que tel, Wizardry Gaiden conserve une grande partie de l'apparence et de la convivialité des autres titres de la série sur console. Le système de jeu ressemble le plus à celui de Wizardry V (sorti l'année suivante sur Super Famicom), avec l'ajout d'armes à longue portée, de sorts améliorés et de cartographie automatique.
Wizardry Gaiden II - Kodai Koutei no Noroi (Japan)	Wizardry Gaiden II est le deuxième volet de la série Wizardry Gaiden, une exclusivité japonaise. Le scénario a été écrit par l'auteur japonais Benny Matsuyama, et n'est basé sur aucun jeu Wizardry développé par Sir-tech. Développé par ASCII, la même société qui a créé les versions pour console des autres jeux Wizardry, Wizardry Gaiden II présente de nombreuses similitudes de style avec les autres entrées de la série pour console. Le jeu se déroule dans la ville d'Al-Mar, une oasis située dans le désert oriental. Les travailleurs de la ville travaillent sans relâche pour découvrir le mystère des ruines voisines, mais en vain. Des effondrements quasi quotidiens ont tué ou bloqué de nombreuses personnes, et les mystères du labyrinthe ne semblent que s'approfondir. Ce n'est que lorsqu'un avertissement gravé sur une plaque de métal est découvert que les habitants d'Al-Mar réalisent le grand mal qu'ils ont réveillé : leur ville a été construite sur la tombe de l'ancien empereur-sorcier Harugisu. Beaucoup de ceux qui avaient perdu la vie en explorant la grotte sont revenus d'entre les morts, et la ville est restée dans l'obscurité. Même le Chamberlin Udin n'a pas été épargné, sa propre fille semblant avoir été vaincue par les ténèbres qui ont enveloppé la ville. Ses propres soldats ont refusé d'entrer dans le labyrinthe et la situation est devenue critique.
Wizardry Gaiden III - Yami no Seiten (Japan)	Le troisième épisode Game Boy du populaire 3DRPG. Cette fois, il y a plus de races, de professions et de magie, et vous pouvez jouer contre d'autres joueurs via un câble de communication. Grâce à une série de portes et de pièges cachés, le niveau de difficulté a été encore augmenté, mais les maniaques vont certainement adorer. Grâce à la fonction de cartographie, il est parfait pour les appareils portables.
Wizards & Warriors X - The Fortress of Fear (USA, Europe)	Ce jeu est la suite de Ironsword : Wizards & Warriors II sorti sur NES. Le jeu met en scène le chevalier Kuros, &quot;l'un des guerriers les plus courageux à avoir jamais manié l'IronSword&quot; ainsi que la seule personne à avoir vaincu le méchant sorcier Malkil. Après la défaite de Malkil dans Ironsword, il s'est retiré pendant plus de 17 ans, sans que personne n'ait eu de nouvelles de lui pendant cette période. Puis, la princesse Elaine disparaît sans laisser de trace, ce qui laisse croire à Kuros que Malkil l'a capturée et emprisonnée dans la redoutable forteresse de la peur, située dans les bois du Zanifer. Kuros s'aventure alors dans la forteresse de la peur pour empêcher Malkil de poursuivre ses plans diaboliques. Cependant, beaucoup de gens sont allés à l'intérieur de la Forteresse de la Peur, mais aucun d'entre eux n'a survécu.
Wordtris (USA)	Wordtris est un mélange de Scrabble et de Tetris, des lettres tombent du haut de l'écran, à vous de les déplacer pour former des mots d'au moins 3 lettres horizontalement ou verticalement.
WordZap (USA)	Word Zap est un jeu de Puzzle, développé par Realtime Associates et publié par Jaleco Entertainment, sorti en 1992 le but est de former des mots avec les lettres qui vous sont proposées.
World Beach Volley - 1992 GB Cup (Europe)	World Beach Volley est, comme son nom l'indique, une simulation de beach volley, sortie en 1992 sur Gameboy. Le jeu propose de vivre des matchs de volley classiques, à la différence que c'est ici les pieds dans le sable et à l'ombre des palmiers que vous vous adonnerez à votre sport préféré.
World Bowling (USA)	World Bowling est un jeu de bowling dans lequel le joueur doit vaincre des joueurs de bowling de six pays différents (Angleterre, Chine, Japon, Canada, France, USA). Pour gagner la partie, tous les joueurs doivent être battus d'affilée avec une exigence croissante de points (200 à 250) - si le score est manqué une fois, c'est le retour à la case départ.
World Circuit Series (USA)	World Circuit Series est la première version portable du classique de Konami. Il propose trois classes de voitures (qui représentent des niveaux de difficulté), trois modes de jeu (entrainement, course individuelle et championnat) et 25 pistes différentes dans le monde entier, dont certaines ne sont jouables que sur le championnat correspondant, de la Formule 3 japonaise au Grand Prix du monde de F1. Sur chaque catégorie, les pistes deviennent plus longues (forçant les arrêts au stand), les voitures plus rapides et les virages passent de simples virages à faible angle qui ne nécessitent qu'une légère trajectoire à des virages coudés qui nécessitent une certaine habileté pour tourner sans perdre de vitesse.
World Cup 98 (USA, Europe) (SGB Enhanced)	Le jeu officiel de la Coupe du Monde de Football 1998 qui s'est tenu en France du 10 juin au 12 juillet, et le premier jeu sous licence de Coupe du Monde distribué et développé par Electronic Arts, équipé d'un moteur FIFA 98 amélioré, avec les 10 stades reproduits avec précision et les 32 équipes (plus 8 équipes qui ne se sont pas qualifiées mais qui sont encore trop importantes pour être exclues) avec de vrais noms et des tenues proches de la réalité.
World Cup USA 94 (Europe) (En,Fr,De,Es,It,Nl,Pt,Sv)	World Cup USA 94 est un jeu de football vu de dessus qui recrée le tournoi du même nom. Outre les 24 équipes qui se sont qualifiées pour la Coupe du Monde, d'autres grandes nations du football comme l'Angleterre, la France et le Danemark peuvent s'y inscrire. Le tacle est difficile et les passes sont faciles, ce qui donne un style de jeu fluide de bout en bout. La présentation des menus est en grande partie basée sur des icônes, avec la mascotte officielle en évidence.
World Heroes 2 Jet (USA, Europe) (SGB Enhanced)	Autant la version Neogeo ne casse (comparativement à d'autres titres) pas des briques, autant celle-ci s'avère furieusement bien adaptée compte tenu des capacités de la petite console. Tous les personnages sont dispos, tous les coups ainsi que tous les décors, et si l'ensemble a été édulcoré (avec des persos Super Deform comme on dit) ça n'en demeure pas moins un jeu de baston à essayer sur la Game Boy, qui n'en possède que peu dignes de ce nom.
World Ice Hockey (Japan) (En)	World Ice Hockey est un jeu de hockey en vue plongeante. Le joueur peut choisir parmi huit équipes nationales (URSS, Canada, Finlande, Allemagne, République tchèque, Suède, États-Unis et Japon) et jouer dans un match d'exhibition ou en tournoi ; cette dernière option est constituée d'une série de parties que le joueur doit remporter. Au-delà des différentes options tactiques qui peuvent être paramétrées avant et pendant les matches, le gameplay n'a personne à surprendre : en possession du palet, le joueur peut soit le passer soit tirer. Dans le cas contraire, une tentative de récupération du palet est une option viable. Un mode deux joueurs est également disponible.
Worms (Europe)	Worms est un jeu de stratégie au tour par tour. Il met en scène jusqu'à 4 équipes de 4 vers, dont le but est de détruire les autres sur un terrain généré aléatoirement. Chaque ver dispose de 100 points de vie et meurt lorsque ses points de vie tombent à 0. À sa mort, un ver explose, causant des dégâts à tous ceux qui se trouvent à proximité.
WWF King of the Ring (USA, Europe)	WWF King of the Ring est un jeu de catch sous licence officielle de la World Wrestling Federation. Chaque catcheur possède ses propres caractéristiques en terme de force, vitesse et endurance. Tous les catcheurs partagent les meme coups, aucune attaque &quot;signature&quot; n'est disponible. 9 catcheurs sont disponibles : Hulk Hogan, Randy Savage, Lex Luger, Yokozuna, Razor Ramon, Bret Hart, Shawn Michaels et Mr. Perfect.
WWF Raw (USA, Europe)	WWF Raw est un jeu de catch professionnel mettant en vedette 10 superstars de la World Wrestling Federation. Les catcheurs que vous pouvez choisir sont Bret &quot;Hit Man&quot; Hart, Bam Bam Bigelow, 1-2-3 Kid, Diesel, Doink, Lex Luger, Luna Vachon, Owen Hart, Razor Ramon, Shawn Michaels, Undertaker, et Yokozuna.
WWF Superstars (USA, Europe)	Un jeu avec des personnages aux traits gros et simplifiés très reconnaissables, il y a des coups spéciaux et une musique à thème pour chaque lutteur, pour les fans uniquement.
WWF Superstars 2 (USA, Europe)	Deuxième volet de cette série, c'est selon moi le meilleur jeu de lutte sur game boy. Musique d'introduction, musique, mouvement spéciaux,etc. Malheureusement le 3D manque crucialement à ce jeu. De plus l'impossibilité de sauvgardé n'ajoute rien au plaisir de jouer. (Attention: Pour fans et nostalgiques seulement!)
WWF War Zone (USA, Europe)	Cette version de WWF War Zone diffère de son homologue sur console. En raison des limitations matérielles, le jeu propose des graphismes en 2D, contrairement à la 3D des versions console. Les modes de jeu incluent les matchs en simple, en équipe, en cage et le WWF Challenge (mode tournoi). Contrairement à la version console, il n'y a pas de mode de création de catcheur. Les mécanismes de jeu ont été simplifiés dans cette version, car tous les lutteurs partagent les mêmes mouvements, à l'exception de leurs coups de grâce. Les lutteurs Bret Hart, The Headbangers et tous les personnages secrets sont également absents de cette version.
X (Japan)	À l'ère de l'espace XXXX, la surpopulation sur la Terre oblige les humains à chercher une nouvelle maison dans l'espace. On découvre que la planète Tetamus II a un environnement semblable à la terre. L'avenir semblait prometteur pour la race humaine, jusqu'à ce qu'un message d'urgence de Tetamus II rapporte qu'un cargo chargé de cristaux avait été abattu par une armée de vaisseaux extraterrestres. Les extraterrestres ont l'intention d'utiliser la planète comme base pour conquérir le reste de l'univers.
Xenon 2 (USA, Europe)	Xenon 2: Megablast est un jeu de tir spatial à défilement vertical dans lequel vous devez passer plusieurs niveaux remplis de vagues d'ennemis, qui se terminent tous par un boss. Chaque groupe d'ennemis que vous détruisez vous rapporte une récompense en argent et, de temps en temps, vous entrez dans le Colin's Bargain Basement, où vous pouvez utiliser cet argent pour acheter des améliorations pour votre vaisseau, telles que de meilleures armes, des améliorations de vitesse et de santé, etc. Certaines améliorations peuvent également être récupérées au cours des niveaux. La première partie du jeu a un aspect organique, tandis que la seconde partie met en scène des ennemis mécaniques. Comme le jeu comporte des sections en forme de labyrinthe avec des impasses, votre vaisseau spatial recule lorsque vous appuyez sur la touche « bas ».
Yakuman (Japan)	Yakuman est un jeu de Mahjong. C'est l'un des quatre jeux Game Boy originaux disponibles pour le lancement japonais de ce système le 21 avril 1989. Sorti aux côtés d'Alleyway, Super Mario Land et Baseball, il porte la distinction d'être le seul des quatre titres de lancement japonais de Game Boy jamais publié hors du Japon.
Yogi Bear's Gold Rush (USA)	Yogi Bear doit sauver le parc national Jellystone d'un fantôme diabolique nommé Jake, qui a volé les fonds nécessaires au fonctionnement du parc . Il y a six niveaux différents dans le jeu qui vont d'une grande ville à l'Ouest sauvage.
Yomihon Yumegoyomi - Tenjin Kaisen 2 (Japan)	Le jeu fait suite au jeu de tir Tenjin Kaisen, et se déroule deux siècles après celui-ci. En 1833, de nombreuses catastrophes naturelles se sont succédé dans tout le Japon ; on appelle cela la Grande Famine de Tempo. Cependant, ces phénomènes cachent des manifestations d'esprits maléfiques. Une petite escouade de personnages habités par des Tenjin, d'anciens guerriers maintenant fantomatiques désireux d'achever le règne des mauvais esprits, s'en va mettre un terme aux malheurs du monde physique. Le jeu présente son histoire d'une façon originale : l'écran est divisé en quatre parties avec des images et des textes, racontant l'histoire. Les combats se font à l'aide de différents types de cartes avec lesquelles des combinaisons sont réalisables et permettent l'altération d'état de l'adversaire ou la diminution de ses points de vie.
Yoshi (USA)	Vous devez aider Mario à faire face à l'invasion aéroportée! Lorsque les bestioles tombent, attrapez-les sur des plateaux. Commutez et mélangez pour sauver la journée! Empiler deux d'un genre et ils disparaissent tous les deux. Ou, capturer toute la grappe entre les coquilles d'?ufs. Lorsque les coquilles d'?ufs correspondent, éclos Yoshi et jusqu'à va votre score! L'action se réchauffe au fur et à mesure que les personnages tombent de plus en plus vite. Si vos piles deviennent trop hautes, le jeu est terminé. Choisissez votre niveau de difficulté et jouez pour un score élevé ou défiez un ami dans un hatch-off en tête-à-tête! Si vous aimez le Dr Mario, mais que vous êtes prêt pour un tout nouveau type de défi, vous allez adorer ce jeu de puzzle d'action rapide-shuffle!
Yoshi's Cookie (USA, Europe)	Dans Yoshi's Cookie sur Gameboy, Yoshi et Mario travaillent dans une usine à gâteaux. A chaque niveau, vous avez un nombre égal de rangées et de colonnes de cookies qu'il faut déplacer afin d'aligner les gâteaux. Plus vous progressez, plus le nombre de colonnes et de rangées augmente et plus le jeu est rapide. Dans le mode deux joueurs, vous avez le choix entre Mario, Yoshi, la Princesse et Bowser qui ont tous des caractéristiques différentes.
Yu Yu Hakusho (Japan)	Yuu Yuu Hakusho est un jeux de combat 1 vs 1. le 1er jeu de la serie Yuu Yuu Hakusho sur Game Boy qui en comptera 4.
Yu Yu Hakusho Dai-2-dan - Ankoku Bujutsukai Hen (Japan)	Yuu Yuu Hakusho Dai 2 Tama: Ankoku Bujutsuka Hen est le deuxieme opus de la serie sur Game Boy qui en comptera quatre. Il s 'agit d'untournoi de combats 1 vs 1 presenté sous la forme d'un tournoi.
Yu Yu Hakusho Dai-3-dan - Makai no Tobira Hen (Japan)	Basé sur la série éponyme, le héros tout comme dans l'anime sera mené à affronter des adversaires dans son lycée. Il s'agit d'un Beat Them All a la difference des trois autres opus de la serie sur Game Boy qui sont tous des jeux de combats 1 vs 1.
Yu Yu Hakusho Dai-4-dan - Makai Touitsu Hen (Japan) (SGB Enhanced)	Quatrieme et dernier opus de la serie Yu Yu Hakusho sur Game Boy. Il s'agit d'un jeu de combat 1 vs 1.
Yu-Gi-Oh! Duel Monsters (Japan) (SGB Enhanced)	Premier episode de la serie Yu-Gi-Oh! sur une console portable Nintendo. L' objectif est de passer les cinq duels de monster battles pour finalement vaincre Dark Yugi.
Zen - Intergalactic Ninja (USA)	La plus grande catastrophe environnementale de l'histoire de l'humanité est sur le point de vous frapper. Mais vous ne reculez pas, parce que vous êtes Zen, un guerrier Ninja au sang froid qui est venu sur Terre pour affronter Lord Contaminous et ses ignobles acolytes.
Zerd no Densetsu (Japan)	Une aventure RPG se déroulant sur la planète Ur, qui compte 10 continents de tailles différentes. La mission du joueur est de parcourir le monde, d'explorer sa propre destinée et d'accomplir ses tâches. La vision du monde est aussi profonde qu'un roman fantastique de Kaoru Kurimoto, et c'est une bonne chose. Les événements sont nombreux et le cadre est conçu pour maintenir l'intérêt du joueur.
Zerd no Densetsu 2 - Xerd!! Gishin no Ryouiki (Japan)	Le monde était en ébullition à cause d'une avalanche de démons. Le prince de Keeg a entrepris un voyage pour en trouver la cause. Il semble que son frère, Gudolf, soit impliqué dans cette cause. Le système de jeu est un RPG orthodoxe. Sur le chemin du grand rêve, vous rencontrerez des amis. Le protagoniste se marie au cours du jeu, et son fils rejoint ses amis.
Zettai Muteki Raijin-Oh (Japan)	L'Empire du Mal (Jaaku) vient envahir la Terre depuis le monde de la 5e Dimension vers la 3e dimension avec l'intention de la conquérir et de la piller. De leur forteresse, ils lancent un missile qui inondera le monde avec des Akudamas, des œufs démoniaques qui éclosent en monstres maléfiques appelés Evil Beasts ressemblant à des choses perturbantes pour les humains. Le légendaire &quot;Gardien de Lumière&quot; Eldran apparaît, une entité ayant juré de protéger l'univers, et la Terre en particulier. Aux commandes de son robot héroïque Raijin-Oh, Eldran tente de contrecarrer l'Empire du Mal en empêchant un missile de frapper la Terre. Au lieu de cela, le missile s'est explosé contre Eldran, jetant Raijin-Oh sur Terre. Le robot s'écrase dans la ville japonaise de Hinobori, à l'école primaire Hinobori School. Eldran doit partir pour continuer à protéger la Terre, il laisse donc le devoir de vaincre les Evil Beasts à des élèves de 5e et de 3e année, la Earth Defense Class, dans l'école où il s'est écrasé. La salle de classe est transformée en centre de commandement et le sous-sol en base secrète abritant les armements &quot;Sword King&quot;, &quot;Phoenix&quot; et &quot;Beast King&quot; se combinant au robot géant Raijin-O. A partir de ce jour, la Earth Defense Class combattra le monde de la 5e dimension. Jin, Asuka et Kouji sont choisis pour diriger Raijin-oh, mais chaque jour, ils vivent de nombreuses aventures au sein de l'école.
Zoids Densetsu (Japan)	Zoids Densetsu est un jeu de tir à défilement horizontal qui se déroule dans l'univers de Zoids pendant Century Zero. Le joueur doit choisir un camp : Helic Republic ou Zenebas Empire, puis se lancer dans la bataille à l'intérieur d'un robot. Le gameplay est un &quot;shoot'em up&quot; typique : votre robot vole de gauche à droite en tirant sur les ennemis et en affrontant des boss à la fin des étapes. Lorsque votre robot est vaincu, vous en montez un autre avec des apparences et des armes différentes.
Zool - Ninja of the 'Nth' Dimension (USA)	Vous incarnez Zool dans ce jeu d'action/plates-formes sur Gameboy, un ninja de la &quot;Nième Dimension&quot; qui a la capacité de se déplacer très rapidement et de grimper aux parois. Le jeu vous offre la possibilité (originale pour l'époque), de choisir votre musique (Rock ou Funk) ainsi que la vitesse du jeu, qui est une composante essentielle.
Zoop (USA, Europe)	Zoop est un jeu de réflexion dans lequel le joueur doit éliminer des formes colorées qui s'approchent de son alter ego, une autre forme colorée, avant qu'elles n'atteignent le sommet, un peu comme dans Tetris.nnnnnnPour éliminer les autres formes, vous devez pointer votre pièce vers elles et « tirer ». Si la forme est de la même couleur que votre pièce, elle est éliminée, ainsi que toutes les formes de la même couleur derrière elle, jusqu'à ce que votre pièce touche une pièce d'une couleur différente. Si la forme est d'une couleur différente, ou si elle est touchée lors de la collecte d'une ligne de formes similaires, votre pièce échange ses couleurs avec la forme.
