#key	synopsis
10-Pin Bowling (USA) (Proto)	Für diejenigen, deren Bowling nur eine alte Erinnerung ist, ist es Zeit, neue Energie zu tanken ... natürlich Zeit für eine Partie Bowling! Die Stärke von 10 Pin Bowling liegt in der Benutzerfreundlichkeit. Es ist tatsächlich möglich, am selben Automaten gegen einen zweiten Spieler anzutreten! Was die Aktion betrifft, ist es klassisch: seitliche Bewegung des Spielers, Anpassung der Wurfkraft und Steuerung der auf den Ball ausgeübten Wirkung. Sicher, es ist umfassend, aber nichts weiter als die Konkurrenz. Leider ist nur ein Einzelspieler-Spielmodus verfügbar und es ist nur eine Übung. Darüber hinaus gibt es keine Optionen wie die Ballauswahl oder das anfängliche Pin-Layout. Es genügt zu sagen, dass Sie dieses Spiel schnell satt haben werden. Beachten Sie das im Modul ein Rumble-Pack integriert ist.
3 Choume no Tama - Tama and Friends - 3 Choume Obake Panic!! (Japan)	Du spiels als kleine Katze die durch die Stadt rennt. Versuche den Autos und bösen Hunden auszuweichen während du all deine Tierfreunde suchst. Spiele ein paar Mini Spiele um deine Lebenspunkte zu erhöhen.
3-pun Yosou - Umaban Club (Japan)	Das Spiel ermöglicht es den Spielern, Wetten auf Pferderennen zu platzieren.
4-in-1 Fun Pak (USA, Europe)	4-in-1 Fun Pak verbinden vier Brettspiele die du gegen die CPU oder ein anderen Spieler spielen kannst. Das Packet beinhaltet folgende Spiele: Schach, Dame, Reversi, und Backgammon. Jedes Spiel bietet verschiedene Schwierigkeitsstufen (1 ist die einfachste, 6 ist am schwierigsten), mit einfacher Schwarz-Weiß-Grafik und einem herausfordernden CPU-Gegner. Mehrspieler ist entweder über den Game Link Kable oder an dem selben Game Boy verfügbar.
4-in-1 Funpak - Volume II (USA, Europe)	Jetzt kannst du vier der beliebtesten Brettspiele aller Zeiten auf deinem GAME BOY haben ... alles zusammen in einem unterhaltsamen Paket! Sargon Chess... Dame... Backgammon... Reversi... zur jederzeit an jedem Ort. Das 4-in-1-Fun-Pak von Interplay ist der perfekte Gegner zu Hause oder unterwegs. Alle vier Spiele können alleine, von Angesicht zu Angesicht oder über den GAME LINK von GAME BOY gespielt werden. Wenn du also nach einer harten Konkurrenz suchst, schalte einfach dein GAME BOY ein und gib dein Bestes.
A-mazing Tater (USA)	Dieses Puzzle-Spiel ist der Nachfolger von Kwirk. Der Spieler muss eine kleine Kartoffel zum Ausgang jedes Levels führen, was durch eine Reihe von Hindernissen erschwert wird. Kisten müssen aus dem Weg geräumt oder in Löcher geschoben werden, um sie begehbar zu machen. Die Schwierigkeit wird durch die Tatsache erhöht, dass es Kisten und Löcher in verschiedenen Formen und Größen gibt und viele Ebenen verschiedene Arten von Drehtüren enthalten.
Aa Harimanada (Japan)	Aa Harimanada ist ein Sumo-Wrestling-Spiel, das auf dem Manga und Anime von Kei Sadayasu basiert. Wie im echten Sport ist es das Ziel, den Gegner aus dem Ring zu werfen. Es ist jedoch keine besonders realistische Interpretation des Sumos, sondern ähnelt einem traditionellen 1-gegen-1-Kampfspiel. Man kann Zupacken, den Gegner werfen und Spezialangriffe ausführen, und der Spieler kann auch durch Knockout gewinnen, indem er die Ausdauer des Gegners verringert. Es gibt einen Einzelspielermodus, der der Geschichte des Protagonisten Harimanada folgt, sowie einen Versus-Modus für einen oder zwei Spieler, in dem 15 Charaktere verwendet werden können.
Addams Family, The (USA)	„The Addams Family“ ist ein Side-Scrolling-Plattformer, der auf dem gleichnamigen Film basiert. Der Spieler übernimmt die Rolle von Gomez, der nach seinen vermissten Familienmitgliedern sucht. Um sie zu finden, muss er sechs verschiedene Teile des Herrenhauses erkunden, z. Der Wald oder der Friedhof sind grundlegende Plattformebenen: Der Spieler bewegt sich von links nach rechts, während er viel springt und Feinden ausweicht. Im Gegensatz zu den anderen Versionen des Spiels stehen ihm Waffen zur Verfügung, z.B. ein Wurfmesser. Weitere Unterschiede sind ein einzigartiges Leveldesign und ein anderes Gesundheitssystem: Gomez verfügt über fünf Herzen, die praktisch wie eine Lebensanzeige funktionieren, da jeder Treffer nur einen Teil eines Herzens wegnimmt.
Addams Family, The - Pugsley's Scavenger Hunt (USA, Europe)	The Addams Family: Pugsley's Scavenger Hunt ist ein Side-Scrolling-Plattformspiel, das auf der zweiten Zeichentrickserie The Addams Family (1992) basiert. Die gesamte Addams-Familie wird in der Villa von verschiedenen Monstern gefangen gehalten und Pugsley muss sie retten. Sie sind in verschiedenen Teilen des Herrenhauses versteckt, z. Der Wald, der in beliebiger Reihenfolge betreten werden kann. Das Gameplay folgt den üblichen Plattformstandards: Pugsley bewegt sich von links nach rechts, springt dabei viel und weicht Feinden aus. Diese Version des Spiels basiert stark auf der SNES-Version von The Addams Family – sie bietet die gleiche Handlung mit einer anderen Hauptfigur und fast identischem Leveldesign. Ein weiterer Unterschied zur SNES-Version dieses Spiels besteht darin, dass Pugsley nur zwei Treffer einstecken kann, bevor er stirbt – es gibt jedoch ein zusätzliches Power-Up, das ihn schneller macht und ihm einen zusätzlichen Treffer verleiht.
Adventure Island (USA, Europe)	„Adventure Island II“ begleitet Master Higgins auf seiner Mission, seine entführte Freundin aus den Fängen außerirdischer Eindringlinge zu befreien. Das klassische Jump-'n'-Run-Gameplay bleibt erhalten: Higgins muss Hindernissen ausweichen, Gegner besiegen und stets Nahrung sammeln, da seine Hungeranzeige kontinuierlich sinkt. Ein Treffer bedeutet sein Ende – es sei denn, er verfügt über Power-ups wie Waffen oder ein Skateboard. Eine große Neuerung sind Dinosaurier als Reittiere, die ihm besondere Fähigkeiten verleihen, darunter Fliegen oder das Spucken von Feuerbällen. Vor jedem Level kann der Spieler seine gesammelten Power-ups strategisch auswählen. Higgins reist durch acht abwechslungsreiche Welten mit alternativen Routen und muss sich am Ende jedes Gebiets einem Bossgegner stellen.
Adventure Island II - Aliens in Paradise (USA, Europe)	Jeannie Jungle wurde von Außerirdischen entführt! Sie ist irgendwo auf einer von acht Inseln gestrandet und du, als der etwas heldenhafte Meister Higgins, must sie finden. Aber sei vorsichtig - Jede Insel wird von einer enorme Kreatur bewacht und sie ist sehr hungrig! Erkunde 8 Level Sammle Gegenstände wie: Äxte, Skateboards und Bumerange Bitte die lokalen Dinosaurier um Hilfe Rette deine Freundin vor den bedrohlichen Außerirdischen Glücklicherweise hast du ein wenig Hilfe. Es gibt fünf Arten freundlicher Dinosaurier, die darauf warten dich zu unterstützen. Die in Eiern feststecken die du aufbrechen must! Versteckte Eier sind überall auf den Inseln verstreut. Wenn du sie findest und aufbrichst, erhälts du möglicherweise einen Bonus oder sogar einen geheimen Weg zur nächsten Insel! Iss einfach nicht die Aubergine... Steig also auf einen deiner Dinosaurierfreunde und reite zur Jeannies Rettung!
Adventures of Rocky and Bullwinkle and Friends, The (USA)	Moose on the Loose oder Squirrely Heroes! Eine völlig neue Episode in Bullwinkles Leben, als er herausfindet, dass er der verlorene Earl of Moosechester ist! Er und sein Kumpel Rocket J. Squirrel müssen von Frostbite Falls, Minnesota, zum Abombinable Manor in England gelangen, damit er sein Erbe abholen kann. Das Problem ist, dass diese beiden No-Goodniks, Boris Badenov und Natasha Fatale, auf das gleiche Vermögen aus sind. Als Bullwinkle stellst du dir Geweihe aller möglichen heimtückischen Feinde in den Weg, während du den bombastischen Angriffen von Boris und Natasha ausweichst. Oder Sie treten als Rocky, das fliegende Eichhörnchen, gegen Schurken an, die mit Blödsinngas bewaffnet sind. Bist du Elch genug für diese Herausforderung? Bleiben Sie dran! Führe als tobender Elch kraftvolle Kopfstöße aus! Bombardiere die Bösewichte in klassischer Eichhörnchen-Manier! Wechseln Sie sofort von Bullwinkle zu Rocky – was auch immer die Situation erfordert!
Adventures of Star Saver, The (USA, Europe)	Als Kontrolleure der Routine in der Stadt, der Polizeibeamte Tony und sein Sohn streben nach einem OVNI und transportieren ihn zu einem Land. Abgesehen von seinem Tod wurde Tony in die Umgebung des Nichts verwiesen, aber er wurde später von den Außerirdischen befreit, als er sich für ihn entschied. Ein Mech. Kraftvoll und sterblich schien der Mech einen Eigengeist zu haben und akzeptierte Tonys Antwort, um ihn wiederzusehen.
Aerostar (USA, Europe)	Der Spieler steuert ein Flugzeug, aber anstatt den gesamten Bildschirm zu überqueren, kann er nur auf einer vorgegebenen Straße bleiben oder diese überfliegen. Es kann jedoch zu Lasten der Deaktivierung Ihrer Waffen aufsteigen, bevor Sie auf eine andere Straße oder die Straße zurückkehren, auf der es zuvor war. Wie in den meisten Top-Down-Shootern gibt es Power-Up-Pods, die eine Reihe von Raketen, Lasern und Guardian-Pods enthalten. Am Ende jedes Levels gibt es extrem harte Bosse.
After Burst (Japan) (En)	In After Burst übernimmt der Spieler die Rolle eines Kampfroboters, der in jedem Ein-Bildschirm-Level eine Kugel zerstören muss. Bevor dies jedoch geschehen kann, müssen eine Reihe von Hindernissen überwunden werden, z.B. wandernde Roboter, Plattform-Herausforderungen oder kleine Rätsel. Dem Roboter steht neben Laufen und Springen auch eine Waffe zur Verfügung. Der Winkel kann geändert werden und durch längeres Drücken des Feuerknopfes kann die Flugweite des Schusses eingestellt werden. Jedes Level hat ein Zeitlimit und manchmal muss ein Boss besiegt werden. Zusätzlich gibt es einen Duell-Modus, ebenfalls in den von der Seite gezeigten Levels, in dem zwei Gegner versuchen, sich gegenseitig zu töten.
Aladdin (World) (Disney Classic Games) (SGB Enhanced)	Aladdin kämpft sich mit Krummsäbel und Äpfeln durch Agrabah, entkommt dem Verlies des Sultans, übersteht die Höhle der Wunder und stellt sich schließlich dem bösen Jafar, um Prinzessin Jasmine zu retten. Neun abwechslungsreiche Level führen über Dächer, durch Wüstengefahren und auf fliegende Teppiche. Sammle Edelsteine für Extraleben, entdecke Genie- und Abu-Symbole für Bonusrunden und wehre Palastwachen sowie Wüstentiere ab. Die Musik aus dem Film begleitet dieses magische Abenteuer.
Alfred Chicken (USA)	Alfred das Huhn muss seine Freundin Floella aus den Flügeln des bösen Meka Chickens befreien. Auf seiner Reise muss er sich durch skurrile Levels kämpfen und diese Entweder durch Erklimmen der selbigen, oder durch das Besiegen eines Bosses bewältigen.
Alien 3 (USA, Europe)	Die ALIENS sind schnell, spucken Säure und sind direkt hinter dir! Der Motion Tracker ist Ihre einzige Warnung. Keine Zeit zum Nachdenken, keine Zeit zum Durchatmen ... RUN! Ich kann in diesen Luftkanälen nicht weit voraussehen. Schwer zu atmen. Face-Huggers können überall sein. Sie haben die Feuerkraft ... Sprengen Sie die ALIENS mit Ihrem Maschinengewehr, Flammenwerfer und Granatwerfer. Sie wissen, was Sie zu tun haben ... retten Sie die gefangenen Gefangenen und beenden Sie diesen Albtraum! Sag dir einfach immer wieder: &quot;Das passiert nicht wirklich. Es ist nur ein Spiel !!!&quot;
Alien Olympics (Europe)	Alien Olympics ist eine verrückte Mischung aus Leichtathletik- und Retro-Arcade-Spielen, in denen du als Außerirdischer antrittst. Es gibt 8 einzigartige Alien-Charaktere, aus denen du wählen und gegen die du antreten kannst. Jeder Außerirdische hat unterschiedliche Stärken und Schwächen. Mr. Mune (ein raupenähnlicher Außerirdischer) hat zum Beispiel viele Beine, wodurch er bei Wurfdisziplinen sehr gut abschneidet, bei Laufwettbewerben jedoch Schwierigkeiten hat. Du kannst entweder gemeinsam mit einem Freund an der Tastatur spielen oder gegen den Computer antreten. Es gibt insgesamt 15 verschiedene Disziplinen, und du hast die Wahl, entweder nur einige ausgewählte zu bestreiten oder die gesamte Serie durchzuspielen. Außerdem hast du die Möglichkeit, zunächst zu üben, um ein Gefühl für das Spiel zu bekommen.
Alien vs Predator - The Last of His Clan (USA)	Im Jahr 2593, auf dem Planeten Alpha Centauri 3, suchen Predatoren nach einem Jagdrevier. Die Außerirdischen schlüpfen bald und vernichten die menschliche Bevölkerung. Wenn die Predatoren jedoch zur Jagd einziehen, stellen sie fest, dass sie zahlenmäßig weit unterlegen sind und das gleiche Schicksal erleiden. Nur einer von ihnen überlebt. Er vermutet, dass es unter den geschlüpften Außerirdischen eine Königin gab, die zusätzliche Eier legte, was die große Anzahl von Außerirdischen erklären würde. Der letzte Überlebende macht sich auf den Weg, um die Königin zu zerstören und die Ehre seines Clans zurückzugewinnen. Der Predator muss auf seinem Weg zur Königin mehrere Side-Scrolling-Levels durchqueren und dabei Aliens in all ihren Formen zerstören - aus Eiern geschlüpfte Facehugger, Chestburster und ausgewachsene Krieger.
All-Star Baseball 99 (USA)	Alle 30 Major League Baseball-Teams sind im ersten All-Star Baseball-Titel von Acclaim vertreten. Zu den Spielmodi gehören Training, Saison, Playoff, World Series sowie ein All-Star-Match, Home Run Derby und MLB-Trivia. Es werden 100 verschiedene Schlagstile sowie Bewegungen wie Gleitfänge, Basiskollisionen, kniende Würfe und kaputte Baseballschläger vorgestellt. Sie können Spieler aus der ganzen Liga freigeben, anmelden und tauschen und so Ihr eigenes Team aus dem gesamten 700-Spielertabelle zusammenstellen, zu dem auch Spieler der kleinen Liga gehören, die entdeckt werden können. Wenn es keinen Spieler gibt, der Ihren Anforderungen entspricht, können Sie den Modus &quot;Spieler erstellen&quot; für weitere Vielseitigkeit verwenden. Es gibt den Action- und Simulationsmodi sowie 3 Schwierigkeitsstufen. John Sterling und Michael Kaye liefern den Kommentar.
Alleyway (World)	Alleyway ist eine grundlegende Breakout-Variante. Als Mario muss der Spieler ein &quot;Podship&quot; kontrollieren und den Ball in Richtung der Blöcke ablenken. Wenn ein Block getroffen, wird er entweder geschwächt oder zerstört. Sobald alle Blöcke zerstört sind, ist das Level abgeschlossen. Das Spiel verwendet eine kleine Anzahl sich wiederholender Tische zusammen mit Drehungen wie horizontaler Drehung, periodischem vertikalem Abfall der gesamten Masse von Blöcken usw.
Altered Space - A 3-D Alien Adventure (USA)	Sie haben nie in der Astronautenschule darüber gesprochen von Außerirdischen gefangen genommen zu werden ... Also, was soll ein Astronaut tun? Flucht natürlich, genau das macht sich Humprey, der Astronaut, als Aufgabe. Er muss seinen Weg durch das außerirdische Schiff (über 250 Räume, alle unterschiedlich, alle gefährlich) machen, um eine Rettungskapsel zu erreichen und zur Erde zurückzukehren. Außerirdische, Droiden und knifflige Fallen warten auf ihn. Er zählt auf DEINE Hilfe!
Amazing Penguin (World) (Limited Run Games)	Amazin Penguin ist ein einfaches Actionspiel mit einem Pinguin als Protagonisten. Jeder der 40 Level besteht aus einer Reihe von Linien, die das Spielfeld in Quadrate unterteilen. Auf diesen Linien befinden sich Schalter (dargestellt durch ein Minus) und Punkte, die aktiviert bzw. getreten werden müssen. Wenn alle Linien um ein Quadrat gelöscht sind, wird es ausgefüllt und alle Feinde, die zufällig auf einer der Linien stehen, werden getötet (aber kurz danach wiederbelebt). Das Ziel des Levels ist es, alle Felder auszufüllen. Ein Leben geht verloren, wenn man einen Feind berührt oder die Zeit davonläuft.
Amazing Spider-Man, The (USA, Europe)	Mary Jane wurde entführt! Einer von Spider-Mans Feinden hat seine wahre Identität enthüllt. Bedauerlich für Spidey ist, dass es ein Mysterum ist, wer genau Mary Jane entführt hat. Deshalb musst du Spider-Man durch 5 Level leiten um herauszufinden, wo sie versteckt gehalten wird.
America Oudan Ultra Quiz (Japan)	Dies ist eine Spieladaption der bekannten TV-Show Ultra Quiz Across America. Es gibt zwei Arten von Quizzen: ein Kreis- und X-Quiz und ein Drei-Wahl-Quiz. Das Format ist das gleiche wie im Fernsehen, und selbst wenn Sie disqualifiziert werden, gibt es eine Wiederaufnahmerunde für die Verlierer. Wenn Sie auch dabei verlieren, steht Ihnen ein miserables Strafspiel bevor.
America Oudan Ultra Quiz Part 2 (Japan)	Das dritte Werk der Reihe nach dem Vorgängerwerk und der NES-Version. Die Anzahl der Probleme beträgt 1200, was ein großes Volumen darstellt, und die Aktion ist im Vergleich zur vorherigen Arbeit verbessert. Es stehen verschiedene Minispiele wie „Bike Stunt“, „15 Puzzle“, „Flipper“, „Angeln“ und „American Football“ zur Verfügung.
America Oudan Ultra Quiz Part 3 - Champion Taikai (Japan)	Die neue Folge der America Oudan Ultra Quiz-Reihe, diese Champion Taikai-Ausgabe, die als „Turnier der Champions“ übersetzt werden kann, erweist sich als etwas härter als die vorherigen. Hinweis: Das Verschwinden des Versus-Modus. In Bezug auf die Produktion ähnelt das Spiel der TV-Show, wobei die sitzenden Kandidaten aufstehen und sich in den richtigen Bereich bewegen müssen, um zu antworten.
America Oudan Ultra Quiz Part 4 (Japan)	Diese Version ist die letzte in der Reihe auf dem Game Boy (sie wird auf anderen Trägern fortgesetzt) ​​und ist sowohl technisch als auch inhaltlich die mit Abstand ausgereifteste. Dieses Mal können einige Gegner den vom Spieler kontrollierten Charakter schubsen und ihn so dazu bringen, wertvolle Zeit zu verlieren, bevor er die richtige Reaktionszone erreicht.
Amida (Japan) (En)	Amida ist ein japanisches Leiter-Kletter-Puzzle-Videospiel. Das Spiel erfordert, dass der Spieler den Hauptcharakter sicher über mehrere voreingestellte Brücken navigieren. Jede Brücke besteht aus einer Reihe von Hindernissen, in die der Charakter blind navigiert. Der Spieler kann eine animierte Plattform verwenden, um die Hauptfigur auf ihrem Weg durch den Abschnitt umzuleiten.
Animal Breeder (Japan) (SGB Enhanced)	Mitte der 1990er Jahre erweckte das Tamagotchi-Fieber und sein kommerzieller Erfolg Begehrlichkeiten. Animal Breeder ermöglicht es dem Spieler daher, das Leben eines kleinen Tieres zu verwalten, genauso wie man sich um Bandais virtuelle Kreatur kümmert. Deshalb müssen Sie ihn füttern, unterhalten, erziehen... Kurz gesagt, für sein Wohlergehen sorgen.
Animal Breeder 2 (Japan) (SGB Enhanced)	Stolz auf den Erfolg ihrer ersten Folge beschlossen die Entwickler von Animal Breeder, einen zweiten Teil zum Leben zu erwecken und das Konzept noch weiter voranzutreiben. Diesmal kann sich der Spieler um mehrere Tiere kümmern und sogar über das Verbindungskabel der Konsole Daten mit Freunden austauschen.
Animaniacs (USA) (SGB Enhanced)	Animaniacs ist ein Side-Scrolling Action/Puzzlespiel, das auf der gleichnamigen Zeichentrickserie basiert. Die Warner-Kinder Yakko, Wakko und Dot sind wieder aus dem Wasserturm entkommen und suchen nach Film-Erinnerungsstücken aus dem Warner Bros. Studio. Es gibt 4 Level, und in jeden Level müssen die Warner-Kinder zusammenarbeiten, um Hindernisse und Feinde zu überwinden. Yakko kann Kisten schieben oder ziehen, Wakko kann mit seinem Hammer Dinge zerschlagen und Dot kann Küsse blasen, um einfach gesinnte Feinde zu bezaubern.
Another Bible (Japan) (SGB Enhanced)	Es war einmal ein riesiger Krieg zwischen den Menschen und den Dämonen. Nach längeren Kämpfen einigten sich beide Seiten und stellten Frieden her. Aber jetzt beginnen sich die Dinge zu ändern. Ein Dämonenkult wird immer beliebter und Dämonen möchten nicht länger in Frieden mit den Menschen leben. Nur du, der Held des Spiels(namenlos), unterstützt von der Heldin(auch namenlos) und anderen Freunden, kannst Frieden auf den Planeten zurückbringen. Die Heldin hat eine besondere Fähigkeit: Sie kann mit den Dämonen sprechen, denen du in zufälligen Schlachten begegnest, und sie überreden, sich deiner Gruppe anzuschließen. Du kannst diese Dämonen verstauen, sammeln und in Schlachten beschwören. Dämonen sind in verschiedene Rassen und Arten unterteilt. Andernfalls verwendet das Spiel einen rundenbasierten Standardkampf mit physischen Angriffen und Zaubersprüchen. Das Spiel ist Teil des Megaten-Universums, aber im Gegensatz zu den meisten anderen Megaten-Spielen (mit Ausnahme der Last Bible-Serie) spielt es in einer mittelalterlichen Welt.
Arcade Classic No. 1 - Asteroids & Missile Command (USA, Europe) (SGB Enhanced)	Asteroids Navigiere mit einem rasenden Raumschiff durch taumelnde Trümmer! Schieße eine glänzende Rakete durch absteigende Felsen und zerfallende Trümmer! Asteroids ist der ultimative himmlische Hindernisparcours für nervende Raumfahrt! Missile Command Vernichte bedrohliche Sprengköpfe und rette die Zivilisation! Verteidige die berühmten Städte vor Atomsprengköpfen, die vom Himmel regnen! Missile Command ist der höchste Test für punktgenaue Präzision, genaues Zielen und schnelle Reaktion! - Zwei klassische Arcade-Superhits auf einer Game Boy-Kassette! - Programmiert, um die Super Game Boy-Funktionen voll auszunutzen! - Unglaubliche Unterhaltung für Weltraumfans jeden Alters!
Arcade Classic No. 2 - Centipede & Millipede (USA, Europe) (SGB Enhanced)	Centipede Der Wald wimmelt von quälenden Flöhen, tödlichen Skorpionen und den gefürchteten Tausendfüßlern. Vernichte dieses Insektenbataillon oder sie fressen dich zum Mittagessen! Millipede Der Garten ist voller Insekten! Ein giftiger Pilzgarten wurde von einer Armee gruseliger Krabbler besetzt! Beseitige bedrohliche Tausendfüßer, springende Spinnen und böse Ohrwürmer, bevor sie sich zu einer Insektenepidemie vermehren! - Zwei klassische Insekten-Zapping-Spiele auf einer Game Boy Kassette! - Je weiter diese von Fehlern befallenen Spiele voranschreiten, desto schneller wird der Wahnsin! - Wählen Sie eine Startpunktzahl und verdienen Sie Bonusleben in zehn Herausforderungsstufen! - Programmiert, um die Super Game Boy-Funktionen voll auszunutzen!
Arcade Classic No. 3 - Galaga & Galaxian (USA) (SGB Enhanced)	Galaga Die Militärfront von Galaga hat einen totalen Angriff gestartet! Begleitet von einer Eskorte böser Zakkos- und Goei-Wachen versuchen die Boss-Galagas, Sie in ihrem Traktorstrahl einzuschließen. Besiege die unerbittlichen Aliens in ihrem eigenen grausamen Spiel, indem du das Geheimnis des Dual Fighter aufdeckst. Bauen Sie Ihre Schiffsreserven auch in den herausfordernden Etappen aus! Galaxian Steuere das Galakship und erobere die Alien Forces! Du bist ein einsamer galaxianischer Krieger, der für eine Mission ausgewählt wurde, um die bösen Aliens abzuwehren. Ihre einzige Verteidigung ist Ihr vertrauenswürdiges Galakship. Aber es ist nur mit einer einzigen Laserkanone bewaffnet! Es wird schwierig sein, die Horde bunter Alien-Angreifer zurück zu schlagen. Sie werden aus allen Richtungen kommen, aber nehmen Sie die Herausforderung an! Zwei legendäre, rekordverdächtige Arcade-Hits auf EINER Game Boy-Kassette! - Jedes Spiel ist voller Aufregung der ursprünglichen Arcade-Spiele! - Klassische Arcade-Titel sprechen Spieler jeden Alters an! - Programmiert, um die Super Game Boy-Funktionen voll auszunutzen!
Arcade Classic No. 4 - Defender & Joust (USA, Europe) (SGB Enhanced)	Defender: Weltraumschieß-Action in einem Hochgeschwindigkeitsschiff! Bewegen Sie sich von Planet zu Planet in einem tödlichen Versuch, die feindliche Bedrohung zu beseitigen! Nutzen Sie ein unglaubliches Waffenarsenal und retten Sie die Menschheit! Joust Ein federleichtes Toben auf einem futuristischen Vogel! Machen Sie sich bereit, auf einen futuristischen fliegenden Strauß zu klettern und wilden Flügelschlagspaß zu erleben! Ramme rivalisierende Turnierspieler mit aller Kraft, um sie von ihren Pferden zu stoßen!
Arcade Classics - Super Breakout & Battlezone (USA, Europe) (SGB Enhanced)	SUPER BREAKOUT In SUPER BREAKOUT wird das süchtig machende Originalspiel durch neue Schwierigkeitsgrade und schnellere Aktionen erweitert. Spielen Sie klassisches, wandbrechendes BreakOut, fordern Sie die nach unten scrollende Intensität von Progressive heraus, durchbrechen Sie die Barrieren mit der doppelten Intensität im Doppel oder versuchen Sie Cavity für Chaos mit mehreren Bällen! BATTLEZONE Blicken Sie in BATTLEZONE durch das Cockpit Ihres Kampfpanzers in der ersten virtuellen Landschaft der Welt. Verwende Sicht und Radar, um Flotten feindlicher Panzer, Raketen und fliegender Untertassen zu jagen und zu zerstören. Plane eine sorgfältige Strategie und bleib in Bewegung - die jagen dich auch!
Aretha (Japan)	In einem fernen Land tobte Krieg, als ein böser Herrscher seine Truppen sandte, um in die Burg eines mächtigen Königs einzudringen. Seine Schergen stürmten das Schloss und brannten es nieder. Der König konnte seinem Schicksal nicht entkommen, und der Bösewicht glaubte, niemand sei von seinem Zorn verschont geblieben ... Gegenwart. Du spielst Ariel, ein kleines Mädchen, das mit seiner alten weisen Großmutter in einem kleinen Haus in der Nähe einer Bergkette nördlich des Waldes lebt. Sie ist gerade zehn geworden, und die Großmutter schickt sie auf eine scheinbar einfache Suche: durch den Wald nach Nineveh, der nahe gelegenen Stadt, zu gehen und dort eine bestimmte Person zu treffen. Was als einfache Aufgabe beginnt, entwickelt sich jedoch bald zur Suche nach magischen Kräften von Aretha, zum ultimativen Kampf gegen das Böse und zur Entdeckung von Ariels wahrer Identität. Das Spiel ist ein Rollenspiel im Konsolenstil, in dem Ariel und ihre Gruppe auf der Weltkarte durch Wälder, Bergpfade und Höhlen reisen, gelegentlich Städte besuchen und Monster in rundenbasierten Kämpfen aus der Perspektive der ersten Person mit einer Vielzahl von physischen und speziellen Angriffen bekämpfen.
Aretha II (Japan)	Aretha II ist die Fortsetzung der Aretha-Saga für den Game Boy. Dieses Werk folgt dem Drehbuch des ersten Teils und präsentiert weiterhin die junge Ariel in Begleitung ihrer Reisegefährten Doll und Fang. Technisch ähnelt der Titel seinem Vorgänger, weist aber dennoch einige Verbesserungen auf, insbesondere was die Animation angeht.
Aretha III (Japan)	Eines von vielen nicht übersetzten japanischen Spielen für den Game Boy. Dieses RPG ist der dritte teil aus der Aretha-Trilogie. Sie spielen als ein Mädchen (älter und niedlicher als das von Aretha und Aretha II), wandern durch Städte, Wälder, Felder usw. und kämpfen gegen unzählige Horden von Feinden - Runde für Runde.
Asmik-kun World 2 (Japan)	Im Gegensatz zu seinem Vorgänger, Boomer's Adventure in ASMIK World (Teke! Teke! Asmik-kun World), wurde dieses Spiel nie außerhalb Japans veröffentlicht. Wie sein Vorgänger ist das Spiel ein hervorragendes Beispiel für das Trap-Em-Up-Genre, zu dem auch Spiele wie Heiankyo Alien und Space Panic gehören. Im Spiel muss Asmik-kun in jedem Level eine „Straße“ vom Eingang bis zum Ausgang bauen. Ein Feind ist gekommen, um die Kinder auf einer bestimmten Welt zu entführen, und die „Straßen“ sind dazu gedacht, die Kinder zu retten und sicher nach Hause zu bringen.
Asterix & Obelix (Europe) (En,Es) (SGB Enhanced)	Cäsar hat eine Palisade um das Dorf der unbeugsamen Gallier errichten lassen, um sie darin gefangen zu halten. Wählt Obelix oder Asterix und reist quer durch das römische Reich. Dabei werdet ihr an einem Stierkampf, einem Rugbymatch und sogar an den olympischen Spielen teilnehmen. Bringt ein Andenken aus jedem besuchten Land mit, um Cäsar zu beweisen, daß unsere Helden die stärkeren sind.
Asterix (Europe) (En,Fr,De,Es,It)	Obelix ist verschwunden! Die Römer haben den Hinkelsteinträger entführt, während er ein Schläfchen machte. Asterix wird vom Rat des Dorfes beauftragt, seinen besten Freund zu finden. Es folgt eine lange Reise durch das Römische Reich, von den Pyramiden in Ägypten über Gallien bis hin zum kalten Helvetien. Der Spieler schlüpft in die Rolle von Asterix und arbeitet sich in einem klassischen Jump'n'Run-Spiel von Level zu Level vor, indem er mehrere Gegner (Römer und Tiere) besiegt. Das Ziel des Spiels ist es, Obelix zu retten, der von Julius Cäsar entführt wurde.
Asteroids (USA, Europe)	Asteroids ist ein 2D-Shooter für den Gameboy, in dem wir ein dreieckiges Raumschiff steuern. Du kannst auch den Hyperraum nutzen, um der Gefahr zu entgehen, aber dann besteht die Gefahr, dass dein Schiff auf einem Asteroiden wieder auftaucht.
Astro Rabby (Japan) (En)	Astro Rabby ist ein Top-Down-Plattformspiel, bei dem der Spieler die Kontrolle über ein Kaninchen übernimmt, das mit erzwungenem Scrollen durch mehrere Level reisen muss. Leider stehen nur begrenzt nutzbare Plattformen zur Verfügung, in den Weltraumebenen noch weniger, die durch kontrollierte Sprünge getroffen werden müssen. Die Plattformen sind in drei Höhen erhältlich, die durch ihre Größe angegeben werden – je größer, desto höher. Die Landung auf einer Plattform erzeugt viel Kraft und führt entweder dazu, dass der Block bricht, und wenn er mit einem Fragezeichen versehen ist, gibt es ein Power-Up (Verlängerung oder Punkte). Die Level wiederholen sich, bis der Spieler ein Herz findet, das in den Fragezeichenblöcken versteckt ist – doch wenn er auf einer rissigen Plattform landet, gibt es nach. Natürlich gibt es auch Feinde, denen man ausweichen oder die man mit der Waffe erschießen muss. Diese hinterlassen Power-Ups, die zusätzliche Munition geben oder die Sprunghöhe bzw. Geschwindigkeit verbessern.
Atomic Punk (USA)	In Dynablaster kämpfst du dich im Einzelspielermodus durch klassisches Bomberman-Gameplay oder wagst dich in Spiel A an neue Varianten, bei denen du über eine Weltkarte verschiedene Gebiete in beliebiger Reihenfolge ansteuerst. Für schnelle Abschlüsse und zerstörte Blöcke bekommst du Gold, mit dem du im Shop Power-Ups kaufen kannst – etwa zusätzliche Leben oder längere Explosionen. Vor jedem neuen Gebiet wählst du gezielt aus, welche dieser Panels du mitnimmst. Im Mehrspielermodus trittst du im klassischen Bomberman-Stil gegen andere Spieler an: Entweder im Panel-Modus mit schwachen Startwerten und sammelbaren Upgrades oder im Powerful-Modus, wo du sofort mit voller Sprengkraft loslegst. Taktik, Timing und Nerven entscheiden über Sieg oder stylisches Scheitern in einem Bombenteppich.
Attack of the Killer Tomatoes (USA, Europe)	Basierend auf der gleichnamigen Zeichentrickserie schickt „Attack of the Killer Tomatoes“ den jungen Chad Finletter auf die Reise, an bösen Mutantentomaten vorbeizukommen und den verrückten Dr. Putrid T. Gangreen davon abzuhalten, seine Doomsday Tomato loszulassen. Da alle Bürger von San Zucchini Angst vor dem mit Reißzähnen versehenen Gemüse aus der Kanalisation haben, wird Chad auf sich allein gestellt sein, um die Geißel der Tomaten zu bekämpfen. Der Arzt nimmt ihn jedoch nicht auf die leichte Schulter und hat sein spezielles Tomatentrupp, Zoltan, Beefstake, Mummato, Fang, Ketchuck und Tomacho, geschickt, um ihn aufzuhalten. Bei dem Spiel handelt es sich um ein Side-Scrolling-Plattform-Sprungspiel, bei dem die Hauptmethode, die Killertomaten aufzuhalten, darin besteht, auf sie zu springen. Dabei spritzen sie entweder heraus, laufen weg oder verwandeln sich in kleinere Tomatenstückchen. Es gibt Energie-Power-Ups, um Chads Gesundheit wieder aufzufüllen.
Avenging Spirit (USA, Europe)	In dem Actionspiel Avenging Spirit für den Gameboy spielst du den Geist eines Mannes, der in die Welt der Lebenden zurückkehrt. Sie wurden von dem Wissenschaftler des Vaters Ihrer Freundin zurückgerufen, die von den besagten Gangstern als Geisel genommen wurde. Sie lassen sie nur frei, wenn er seine Forschungen an dem energischen Spektralwesen einstellt. Jetzt sind Sie an der Reihe. Der Titel ist ein Action-Adventure-Spiel, in dem Sie die Kontrolle über Ihre Feinde übernehmen können, um die Levels abzuschließen.
Ayakashi no Shiro (Japan)	Ayakashi no Shiro ist ein runden basierter Dungeon-Crawler. Die Spieler bewegen den Protagonisten durch Dungeons aus der ersten Person, in denen zufällig auftretende Schlachten stattfinden. Zu Beginn des Kampfes erhält der Spieler über ein Menüsystem mehrere Optionen, um die Feinde zu bekämpfen.
Bakenou TV '94 (Japan) (SGB Enhanced)	Bakenou TV '94 ist ein von Graphic Research entwickeltes und von Asmik Ace Entertainment, Inc. veröffentlichtes Pferderennspiel, das 1994 in Japan veröffentlicht wurde. Dabei handelt es sich um eine Pferderennsoftware, die Rennen auf der Grundlage von Daten wie der Leistung der Fahrer vorhersagt die Wahrscheinlichkeiten des Sieges. Das System ist fast das gleiche wie das vorherige, die aufgezeichneten Daten wurden jedoch auf die neuesten geändert. Das Dateneingabeformat ist sehr detailliert. Der Spieler muss entscheiden, welchen Zeitschriften und Zeitungen er vertrauen möchte. Mit anderen Worten: Das eigene Wertgefühl des Spielers spiegelt sich in der Auswahl des Siegerpferdes wider. Wenn du verlierst, bist du selbst schuld. In gewisser Weise handelt es sich um eine Software, mit der Sie den Dateneingabeprozess genießen können.
Bakenou V3 (Japan)	Bakenou V3 wurde von denselben Teams wie Bakenou TV 94 entwickelt und herausgegeben und ist erneut eine Hommage an den Pferderennsport. Aber egal, ob es sich um das eine oder andere Spiel handelt, die Menüs bleiben für diejenigen, die mit der japanischen Sprache nicht vertraut sind, so rätselhaft wie eh und je. Es gibt immer noch eine ordentliche Klangatmosphäre und eine schöne visuelle Unterstützung.
Bakuchou Retrieve Master (Japan) (SGB Enhanced)	Bakuchou Retrieve Master ist ein Rollenspiel, das auf der Welt des Angelns basiert. Die App wurde ganz am Ende des Lebens des Game Boy veröffentlicht und ermöglicht es Ihnen, die Welt zu bereisen, um den Kerl zu ärgern. Es ist möglich, Ihre Ausrüstung zu verbessern und im örtlichen Supermarkt einzukaufen, um verschiedene Artikel zu kaufen. Die Angelzonen sind in Quadrate unterteilt, die unterschiedliche Tiefen symbolisieren.
Bakuchou Retsuden Shou - Hyper Fishing (Japan) (SGB Enhanced)	Herausgegeben von Starfish, einem Namen hinter dem Titel, ist Bakuchou Retsuden Shou – Hyper Fishing eine Angelsimulation. Für jeden Spieler werden mehrere Wettbewerbe angeboten, die eine gewisse Vielfalt an Situationen bieten. Die Inszenierung fällt recht ordentlich aus, beispielsweise zeigen Animationen den Charakter während seiner Bewegungen. Das Gameplay ist präzise und das Angelgebiet ist in „Action“-Quadrate unterteilt.
Balloon Kid (USA, Europe)	Schwinge dich in die Lüfte und reise durch ein Land voller Gefahren. Du hältst dich aber nur mit Hilfe von Ballons in der Luft! Alice muss ihren vom Wind davongetragenen Bruder retten, indem sie durch acht abenteuerliche Stages schwebt. Navigiere geschickt an Gegnern und Hindernissen vorbei und sammle Ballons, um Boni zu erhalten oder lasse deine Ballons los, um dich Gegnern am Boden zu stellen. Oder versuche dich im Balloon Trip-Modus an immer schwieriger werdenden Leveln und steige in der Rangliste auf. Nimmst du die stürmische Herausforderung an?
Banishing Racer (Japan)	Banishing Racer ist ein japanisches Plattform-Videospiel, das von Jaleco Entertainment exklusiv in Japan für den Game Boy entwickelt und veröffentlicht wurde. Es wurde am 26. Juli 1991 in Japan veröffentlicht. Banishing Racer wurde auch in Hongkong verkauft. Das Spiel ermöglicht es dem Spieler, die Kontrolle über ein animiertes Auto gegen zahlreiche Feinde zu übernehmen, auf die gesprungen werden muss, um sie zu besiegen, ähnlich wie bei Super Mario Land. Der Spieler hat drei Leben, bevor er fortfahren oder neu beginnen darf. Ein Treffer tötet den Spieler und erzwingt einen Neustart vom Beginn des Levels an. Das im Spiel verwendete Automodell sieht einem Subaru 360 sehr ähnlich.
Barbie - Game Girl (USA, Europe)	Barbie tem um grande dia amanhã, então ela precisa ter uma boa noite de sono. Ela tem sonhos estranhos sobre todas as suas atividades planejadas. Ela deve atravessar cinco níveis compostos por um total de treze estágios para sobreviver à noite. Barbie viaja por vários locais no shopping, na praia e na loja de refrigerantes tentando passar do lado esquerdo de cada nível para o direito. Cada nível é preenchido com animais e objetos vivos do tipo que você encontraria naquele local. Ela pode pular com o botão A e jogar cristais com o botão B. Quanto mais você segurar o botão, mais longe cada cristal é lançado. Ela tem três tipos de cristais, cada um com um efeito diferente. Uma faz com que as criaturas a ajudem, outra as derrota e a outra tem efeitos variados.
Bart Simpson's Escape from Camp Deadly (USA, Europe)	Bart und Lisa Simpson wurden in das schlimmste Sommerlager aller Zeiten geschickt: Camp Deadly. Das Camp wird von Ironfist Burns geleitet, der anscheinend Mitglied der Großfamilie des schändlichen Monty Burns ist. Bart muss die Camper in die Freiheit führen, indem er sich durch mehrere Side-Scrolling-Levels bewegt. Bart wird seinen Weg durch einen Wald und eine Lagerhalle und darüber hinaus machen, bevor er die Freiheit erreicht. Glücklicherweise gehören zu seinen Waffen Spucknäpfe und Bumerangs.
Baseball (World)	Baseball ist ein Spiel, bei dem der Spieler wie in einem echten Baseballspiel werfen, schlagen, fangen und laufen kann. Der Spieler kann zwischen den Modi USA und Japan, zwei verschiedenen Teams und einer Reihe einzigartiger Spieler wählen. Im 1-Spieler Modus spielt der Spieler gegen den Computer und im 2-Spieler Modus ist sein Freund sein Gegner.
Bases Loaded (USA)	Diese tragbare Version von Bases Loaded basiert lose auf dem Titel des ursprünglichen NES. In dieser verkleinerten Version werden die Major-League-Teams durch zwei Teams ersetzt, die die East- und West-Coast-Divisionen repräsentieren. Mit zwei Game-Boy-Geräten und einem Video-Link-Kabel können Spieler gegeneinander antreten – allerdings benötigt jeder Spieler auch seine eigene Spielekassette. Einzelspieler können ein schnelles Pickup-Spiel genießen, indem sie ein inoffizielles Spiel mit 1 bis 9 Innings auswählen. Ein offizielles Spiel ermöglicht es einem siegreichen Team, in aufeinanderfolgenden Spielen gegen immer anspruchsvollere Teams weiterzumachen, eine Funktion, die den traditionellen „Saisonmodus“ der meisten Baseballtitel ersetzt. Sie müssen dies jedoch in einer einzigen Sitzung tun, da keine Batteriesparoption enthalten ist.
Bass Fishing Tatsujin Techou (Japan)	Dieses von Starfish veröffentlichte Angelspiel wird nur im Land der aufgehenden Sonne vermarktet und ist auf Simulationen ausgerichtet. Auf der Karte können Sie die Orte anzeigen, an denen Karpfen geangelt werden können. Wenn sich das Gameplay als effektiv erweist, erfolgen die meisten Interaktionen über langwierige Menüs, die vollständig auf Japanisch sind. Eine Produktion, die nur den Liebhabern dieses friedlichen Sports vorbehalten ist.
Batman - Return of the Joker (USA, Europe)	In der zwielichtigen Unterwelt wimmelt es von Kriminellen. Noch schlimmer: Der JOKER ist wieder an der Spitze! Recht und Ordnung bedeuten nichts... bis jetzt! Denn BATMAN ist da – und die Action ist heißer denn je! Ohrzerreißende Soundeffekte. Pulsbeschleunigende Musik. Grafiken, die so heiß wie 16-Bit sind. Und dieses Mal schlägt BATMAN schnell und hart zu. Fliegen, springen und rutschen, um anzugreifen! Und mitten ins Herz treffend, der JOKER. Dem CAPED CRUSADER steht ein völlig neues Arsenal zur Verfügung: Batarang, Armbrust, Sonic Neutralizer. Er hat sogar ein Jetpack mit Supertreibstoff. Und noch stärkere Waffen auf Knopfdruck. BATMAN muss seine ganze Kraft einsetzen. Denn diese Welt ist ein sehr dunkler Ort und man weiß nie, wo sich der JOKER versteckt!
Batman - The Animated Series (USA, Europe)	VOM TV-BILDSCHIRM ZUM GAME BOY®-BILDSCHIRM KOMMT EIN HEROISCHES ABENTEUER ZUR VERBINDUNGSBEKÄMPFUNG. Jeder schaltet Batman – Die Zeichentrickserie ein. Jetzt wird diese erfolgreiche TV-Serie zum ersten Mal zu einem intensiven Videospiel-Abenteuer. Der Dunkle Ritter und sein Partner Robin kämpfen in fünf Originalepisoden mit spannender Kriminalitätsbekämpfung gegen die berüchtigtsten Unholde von Gotham City. Batmans strategischer Einsatz des Enterhakens ist entscheidend, um den Ansturm böser Feinde zu überleben. Und Robin verlässt sich auf seine Fähigkeit, von der Decke zu hängen, um dem sicheren Untergang zu entgehen. Unsere beiden Helden besitzen Fäuste von erstaunlicher Stärke und müssen versuchen, im Chaos verstreute Waffen-Power-Ups zu finden. Folge 1 – „Der Witz geht auf deine Kosten“. Dieser finstere Bösewicht hat eine Geschenkbox platziert, die eine sehr unlustige Überraschung für die Menschen in Gotham City enthielt. Zerstöre die Roboter-Clowns des Jokers und lösche ihm das ewige Lächeln aus dem Gesicht.
Batman - The Video Game (World)	Ein Batman Spiel, dass auf dem Tim Burton Film von 1989 basiert. Es enthält drei Action Stages und eine Shooting Stage, in der Batman mit dem Batwing unterwegs ist. Die Stages sind verschiedene bekannte Plätze aus dem Film, wie die Axis Chemicals Fabrik, das Flugelheim Museum und die Kathedrale von Gotham.
Batman Forever (USA, Europe)	Batman Forever ist das offiziell lizenzierte Spiel, das auf dem Film von 1995 basiert. Die Bösewichte sind dieses Mal der Riddler und Two-Face. Dieses Spiel ist eine Mischung aus Side-Scrolling-Plattformer und Eins-gegen-Eins-Kämpfer. Der Spieler bahnt sich seinen Weg durch Levels, die einige Elemente des Plattformspringens beinhalten, sich aber wie in einem Kampfspiel einem Gegner nach dem anderen stellen. Das Arsenal des Spielers umfasst viele raffinierte Fledermaus-Gadgets (eines muss vor Beginn des Levels ausgewählt werden) und eine Sammlung von Kampfbewegungen, die durch spezielle Tastenkombinationen ausgelöst werden. Im Gegensatz zur Konsolen-/DOS-Version gibt es keine Rätsel zu lösen.
Battle Arena Toshinden (USA) (SGB Enhanced)	Battle Arena Toshinden ist ein Kampfspiel für den Gameboy. Die 8 verfügbaren Karatekas haben alle ihre eigenen Waffen und Techniken. Es gibt einen Turniermodus, in dem du gegen jeden Gegner antreten kannst. Dein ultimatives Ziel ist es, der Kämpfer des Jahrhunderts zu werden, indem du gegen Gaia kämpfst.
Battle Bull (USA)	Battle Bull ist ein Actionspiel, in dem der Spieler in die Rolle eines Baggerfahrers schlüpft, der an einer Meisterschaft mit 48 Leveln teilnimmt. Das Ziel ist einfach: Durch die Level fahren und eine bestimmte Anzahl anderer (respawnender) Fahrer töten. Der übliche Weg, dies zu erreichen, besteht darin, Steine hineinzuschieben. Allerdings kann auf diese Weise nur eine bestimmte Steinart verwendet werden; die anderen sind dauerhaft. Die anderen Fahrzeuge verfügen zusätzlich zur tödlichen Berührung über die gleiche Fähigkeit. Nach jeder Runde erhält der Spieler Geld, das im Upgrade-Shop reinvestiert werden kann. Zu den verfügbaren Gegenständen gehören bessere Motoren, bessere Schaufeln, Extraleben, die Fähigkeit zu springen und Waffen. Letztere sind offensichtlich eine alternative Möglichkeit, die Tötungsquote zu erreichen.
Battle Crusher (Japan) (SGB Enhanced)	Ein Cross-Over Fighting Game, bekannt als Teil der Compati Hero Serie. Battle Crusher beinhaltet zwölf unterschiedliche spielbare Charaktere, darunter einige aus dem Gundam und Ultraman Franchise. Man kann mit verschiedenen Movesets der Charaktere gegen den Computer oder einen Freund antreten.
Battle Dodge Ball (Japan)	Battle Dodge Ball markiert die Rückkehr der Compati Heroes in einem Völkerballspiel, in dem japanische Helden um die Rettung des Landes kämpfen. Der Kern des Spiels besteht darin, dass Sie eines von sechs Teams auswählen können. Anschließend treten Sie einmal pro Runde in einem kurzen Zwei-gegen-Zwei-Völkerballspiel gegen jedes der anderen fünf Teams an. Im Gegensatz zum normalen Völkerball werden Sie nicht durch einen einzigen Treffer bewusstlos gemacht. Im Gegensatz dazu verfügt in Battle Dodge Ball jeder Charakter über eine bestimmte Menge an HP. Sobald er genug Treffer einsteckt, um alle HP zu verlieren, ist er nicht mehr im Spiel.
Battle of Kingdom (Japan)	„Battle of Kingdom“ führt die Spieler durch eine Reihe von Schlachten, um die Welt vor einer bösen Macht zu retten, die in einer Schädelburg lauert. Ziel ist es, mindestens 92% der Monster auf dem Schlachtfeld zu besiegen, um weiterzukommen. Angriffe können automatisch oder manuell ausgeführt werden, wobei manuelles Angreifen keine Angriffspunkte verbraucht. In den unteren Ebenen kämpfen einfache Monster wie Schleime, während in höheren Ebenen die Armee des Königs mit Bogenschützen, Rittern, Reitern und Magiern antritt. Der Anführer des Königreichs kann ebenfalls in den Kampf ziehen. Kreaturen müssen zuvor in Kartenform erworben werden und verfügen über Treffer-, Angriffs- und Spezialpunkte, die strategisch eingesetzt werden müssen.
Battle of Olympus, The (Europe) (En,Fr,De,Es,It)	Dieses Spiel ähnelt Zelda II: The Adventure of Link im antiken Griechenland. Sie spielen als Orpheus, dessen Freundin Helene vom dämonischen Herrscher der Unterwelt namens Hades entführt wurde. So beginnt die Reise. Genau wie in Zelda II gibt es eine Top-Down-Karte von Griechenland mit Städten und anderen Orten, die es zu erkunden gilt. Jeder von ihnen hat seitwärts scrollende Abschnitte, in denen Orpheus sich seinen Weg durch die Diener des Hades kämpft. Es gibt verschiedene Gegenstände, die man besorgen muss, um zum nächsten Ort zu gelangen, darunter Schwerter, Schilde und Kristalle. Es sind drei Fragmente der Liebe versteckt; Orpheus muss sie finden, bevor er den Tartarus betreten und gegen den Hades kämpfen kann, um seine geliebte Helene zu retten. Die Monster des Spiels basieren ebenfalls auf der griechischen Mythologie und es ist ziemlich unterhaltsam, sich Zyklopen, Minotauren und Pegasussen zu stellen.
Battle Pingpong (Japan) (En)	In Battle Ping Pong kann der Spieler in einem Tischtennisspiel gegen zehn KI-Gegner kämpfen. Diese Gegner repräsentieren zehn Länder, die humorvoll dargestellt werden, z.B. Der US-Athlet trägt einen Cowboyhut. Das Ziel eines Einzelspielerspiels ist es, alle zu besiegen. Was das Gameplay betrifft, muss der Spieler den Ball nur mit dem richtigen Timing schlagen und kann ein paar grundlegende Bewegungen ausführen. Das Spiel wird in der Ich-Perspektive gespielt: Nur der Tischtennisschläger ist sichtbar.
Battle Space (Japan)	Battle Space ist ein Weltraum-Shooter, das erste Spiel von Akson Software. Der Spieler übernimmt die Rolle eines Raumschiffpiloten namens Roger Ptak, der Transportbegleitungsdienste anbietet. Das babylonische System wurde von Vandalen angegriffen. Der Pilot erhält den Vorschlag, sich einer Verteidigungsarmee anzuschließen und dafür ein intergalaktisches Schlachtschiff und eine große Geldsumme zu erhalten. Der Spieler steuert das Schiff, das eine Welle nach der anderen feindlicher Angriffe abwehrt. Das Schiff kann nach rechts oder links bewegt werden, die Raketen abfeuern oder eine einzelne Mine abfeuern. Die Feinde greifen auf unterschiedliche Weise an und bewegen sich, auch vom unteren Bildschirmrand aus. Sie haben unterschiedliche Schildresistenz und Feuerkraft. Die Power-Ups sind als Flügel mit unterschiedlichen Farben gekennzeichnet, je nachdem, was sie hinzufügen, darunter zusätzliches Schiff, zusätzliche Schilde und Minen oder erhöhte Feuerkraft.
Battle Unit Zeoth (USA, Europe)	Battle Unit Zeoth wird in Zukunft von einer Alien-Roboterrasse namens Grein erwartet. Die Streitkräfte des Landes wurden von den Batailles heimgesucht, und die Streitkräfte von Grein befanden sich im Sonnensystem. Abgesehen davon, in ihrer Wohnung, befanden sich die Laissèrents unter einer geheimnisvollen Unterkonstruktion, die von Grein-Autorisierungsmaschinen ersetzt wurde. Unter Quarantäne gestellt und nach dem Sieg über die Erde wurde die Basis Greins verlassen und eine neue Gewalt stürzte sich auf die New-Age-Stadt. Als Reaktion darauf haben die Militärs einen Spezialroboter für den Kampf gegen Außerirdische entwickelt: Zeoth. Die Mission von Zeoth besteht darin, die angreifenden Streitkräfte zu stoppen, in die geheime Basis Grein einzudringen und seine Insassen mechanisch zu zerstören, bevor eine neue Invasionskraft eintrifft.
BattleCity (Japan) (En)	Battle City ist eine verfeinerte Version von Namcos altem Arcade-Spiel Tank Battalion. Zerstöre verschiedene feindliche Panzer und versuche, sie von deiner Basis fernzuhalten. Wenn Sie 20 feindliche Panzer zerstört haben, gelangen Sie mit einem anderen Layout zum nächsten Level. In jedem Level gibt es einige Hindernisse, die Sie zu Ihrem Vorteil nutzen können. Zu den Hindernissen gehören rote Steine, die Sie aus dem Weg schießen können, silberne Steine, die stark gepanzert sind, Wasser und Eis. Sie beginnen das Spiel mit einem einfachen Panzer, den Sie nach und nach zu einem besseren Panzer aufrüsten können. Das NES-Spiel verfügt über einen Konstruktionsmodus, sodass Sie Ihre eigenen Level erstellen können, wenn Sie alle 35 Originallevel durchgespielt haben.
Battleship (USA, Europe)	Dies ist eine Shareware-Version des klassischen Brettspiels Battleship von Milton Bradley. Zwei Spieler haben ein Gitter aus Kisten. Mit der Maus entscheiden Sie, wohin Ihre Schiffe fahren sollen, und konkurrieren darum, die Schiffe Ihrer Gegner zu finden und zu versenken. Es gibt ein Gewinnaufzeichnungsmenü, das anzeigt, wie oft Sie gewonnen, verloren oder unentschieden gespielt haben. Zu den Optionen gehört, ob das Spiel ein 10 x 10- oder 15 x 15-Brett hat und ob Sie zwischen einem Einzelschuss oder Salvenschießen wählen können, und ob Sie Streubomben, Marschflugkörper und intelligente Bomben verwenden können und ob Sie Schiffsressourcen oder Flottenressourcen verwenden können. Es gibt die Schwierigkeitsstufen „Anfänger“, „Mittelstufe“ und „Experte“, und Sie können entscheiden, wer zuerst geht, wobei die Option auch zufällig ausgewählt werden kann.
Battletoads (USA, Europe)	Nach ihrer Niederlage durch die Galactic Corporation im Kampf um Canis Major zieht sich die böse Dark Queen mitsamt ihren abtrünnigen Truppen zu den entlegensten Gebieten der Galaxis zurück. Währenddessen an Bord der Vulture eskortieren Professor T. Bird und das Trio der Battletoads – bestehend aus Rash, Zitz und Pimple – Prinzessin Angelica zu ihrem Heimatplaneten, wo ihr Vater ihre sichere Ankunft erwartet. Unterwegs beschließt Pimple, der Größte der Battletoads, die Prinzessin auf eine Spritztour auf dem Toadster zu einer nahegelegenen Freizeitstation mitzunehmen. Bevor sie dort ankommen, werden sie allerdings hinterrücks von der Dark Queen überrascht und nach Ragnarok's World, ihrem Heimatplaneten entführt. Professor T. Bird schickt die beiden verbleibenden Battletoads nach Ragnarok, um Pimple und Angelica zu retten. Auf ihrer Reise führt die Beiden von der Planetenoberfläche durch unterirdische Höhlen und gefährliche Steppen bis hin zum Tower of Shadows.
Battletoads in Ragnarok's World (USA)	In Battletoads in Ragnarok´s World bist du eine Battletoad und du bist sauer! Die böse Königin hat deine zwei besten Kumpel und zudem noch die schönste Frau des Universums entführt. Schnalle deinen Blaster um, power deine Kröte hoch und mach dich auf den Weg zum dunklen Planeten.
Battletoads-Double Dragon (USA)	In Battletoads Double Dragon für den GameBoy ist die Erde unter Beschuss von Colossus, einem Schlachtschiff so groß wie eine Stadt. Mit mächtigen Laserkanonen, hat es die meisten Erdstreitkräfte zerstört, während dessen säubern feindliche Truppen den Rest des Planeten. Den ganzen Rest... außer fünf Kriegern. Rette die Welt und versohl ein paar Ärsche! Battletoads Double Dragon für den GameBoy!
Beavis and Butt-head (USA, Europe)	Beavis und Butt-head brauchen dich! Helfen Sie den Jungs, aus Buzzcuts Haft zu fliehen! Steuern Sie Ihre Lieblingsidioten durch Abwasserkanäle, Parks, Burger World, die Karateschule und jede Menge Nasenbohr- und Headbanging-Action! Du wirst Todds Bande ausweichen! Töte Kakerlaken! Liefere Burger! Und meistere den gefürchteten Nad-Kick! Features: - Mehr als 10 abenteuerreiche Gebiete voll schwachsinnigem Chaos – entkommen Sie der Haft, fliehen Sie vor Banden, entkommen Sie tollwütigen Hunden und zerstören Sie eine Karate-Schule. - Abwechslungsreiche Spielansichten: Side-Scrolling- und Overhead-Perspektiven sowie herausfordernde Minispiele. - Verschiedene Umgebungen, darunter das Schulgelände, das Stadtgefängnis, Burger World, die Karateschule und mehr.
Beethoven (Europe) (SGB Enhanced)	Beethoven ist ein Plattformspiel, das auf dem gleichnamigen Film basiert. Du spielst Beethoven, einen entzückenden großen Hund. An seiner Seite müssen Sie ihn bestimmte Aufgaben wie Springreiten, Feuerlöschen und viele andere erledigen lassen ...
Beetlejuice (USA)	Das Spiel beginnt damit, dass der Spieler die Kontrolle über Beetlejuice übernimmt, während er versucht, alle Geister loszuwerden, die er in das Haus von Lydia Deetz (wo er mit seiner Mutter und seinem Vater lebt) eingeladen hat. Mithilfe von Bio-Exorzismus-Magie müssen die Spieler die Untoten auf dem Friedhof und sogar im Inneren der Neitherworld besiegen. Die Spieler können auch auf einem Minenwagen und einer Pogosnake-Schlange reiten (die ähnlich wie Yoshi aus Super Mario World funktioniert). Das Thema des Spiels ist recht düster (Erforschung des Geisterreichs).
Best of the Best - Championship Karate (USA)	Die alte Kunst des Karate, Sie sind von ihrer mystischen Magie und Kraft besessen. Schon als kleines Kind hast du davon geträumt, die Arenen zu betreten und deine Fähigkeiten mit den Besten der Besten zu messen. Ihr Traum ist Wirklichkeit geworden, denn Sie haben den 16. Platz in der Weltrangliste erreicht und sind nun bereit, an den Internationalen Weltmeisterschaften teilzunehmen. Das Training hört hier nicht auf, beherrschen Sie weiterhin Ihre Bewegungen, konzentrieren Sie sich auf einen Stil oder kreieren Sie Ihren eigenen. Wählen Sie zwischen 55 möglichen Bewegungen und programmieren Sie Ihre Favoriten in Ihren Stil. Studieren Sie Ihre Gegner sorgfältig, denn sie beobachten Sie. Ihr Körper und Ihr Geist müssen mit Ihrer Konzentration und Ihrem Geist zusammenarbeiten. Stellen Sie sich die Überlegenheit Ihrer Geschwindigkeit und Kraft vor, denn diejenigen, denen der Mut fehlt, werden den Kampf verlieren. Du wirst viele harte Kämpfer treffen, die genauso besessen davon sind, der Beste zu sein wie du, und sie können es kaum erwarten, zu sehen, was für ein Holz du drauf bist!
Bikkuri Nekketsu Shin Kiroku! - Dokodemo Kin Medal (Japan)	Toudou Mamorus Plan, die anderen Schulen im Sportwettkampf zu vernichten, scheiterte. Während sein Team anständig spielte, unterschätzte er die Stärke von Nekketsu High. Toudou nimmt die Niederlage nicht auf die leichte Schulter und kehrt in seinem Streben nach völliger Vorherrschaft ans Zeichenbrett zurück. Mit seinem Reichtum und Einfluss will Kounosuke Todou alles richtig machen und kündigt ein weiteres Ereignis an! Schlag zurück, Kunio-Kun!
Bill & Ted's Excellent Game Boy Adventure - A Bogus Journey! (USA, Europe)	Eine Welt ohne unsere besten Landsleute Bill und Ted? Auf keinen Fall! Ja klar – wenn der Sensenmann und die bösen Roboter Bill und Ted ihren Willen durchsetzen! DeNomolos will die Zukunft völlig verändern, und die einzige Möglichkeit, diesen abscheulichsten Kerl aufzuhalten, besteht darin, durch die „Kreisläufe der Zeit“ zu reisen und die gestohlenen Zeitfragmente einzusammeln! 10 Abenteuer – 50 Quests. Aber achten Sie auf! Historische Typen wie Billy the Kid tummeln sich mit mörderischem Unkraut, während der Henker mit Ihnen eine Axt zu mahlen hat. Napoleon hat ein „aufbrausendes“ Temperament und sogar Granny S. Preston Esquire versucht, Sie zu erwischen. Höchster Schwindel! Die Zeit wird knapp... also seid großartig zueinander und feiert Jungs! Ein böser Plan, um Ihre Zukunft völlig zu zerstören? Schwindel! Sammle gestohlene historische Fragmente, wie zum Beispiel den Sheriff-Stern von Billy the Kid. Wenn dir die Zeit davonläuft, schickt dich der abscheulichste Sensenmann in das Land Down Under.
Bill Elliott's NASCAR Fast Tracks (USA)	Betrachten Sie die Perspektive aus dem Inneren des Autos oder von außen hinter dem Auto und lassen Sie zwischen drei verschiedenen Fahrzeugtypen wählen (Ford, Chevrolet oder Oldsmobile). Sie können auch um die Meisterschaft kandidieren, die aus acht Rennen besteht, indem Sie zweimal dieselben vier Strecken absolvieren, darunter Daytona, Atlanta, Watkins Glen und Sears Point, und gegen fünfzehn verschiedene Gegner antreten, darunter Bill Elliott.
Bionic Battler (USA)	Bionic Battler ist ein Kampfspiel, das auf dem Spiel „Cache-Cache“ basiert. Die Person, die du spielst, ist Teil eines der beiden bionischen Kampfflugzeuge und erforscht die Labyrinthe des Kampfes, um die unflexiblen bionischen Battlebots zu zerstören, während sie ihr menschliches Leben aufgibt. In jedem Labyrinth muss der Spieler nach einer bestimmten Anzahl von Battlebots suchen und sie aufspüren, um überhaupt am Leben zu sein. Seien Sie aber vorsichtiger – da die Kombinationen von Kampfrobotern die Fähigkeiten von Kampfrobotern anderer Spieler schwächen, kann es sein, dass sie nicht bestraft werden. Der Sturz von Staatsstreichen bedeutet die Zerstörung des Kampfes und das Leben, das uns die Eroberer erzählen. Sein ganzes Leben lang war er mit einem Freund ausgestattet, um seine Menschlichkeit zu retten.
Bionic Commando (USA)	Du spielst einen Soldaten mit einem bionischen Arm, der sich ausdehnt und zusammenzieht. Mit deinem Arm kannst du dich an festen Objekten festhalten, um sich herumzuschwingen und Ebenen zu erklimmen – Springen ist nicht erlaubt! Der Arm greift auch Gegner und zieht sie zu sich. Deine Mission ist es, die feindliche Festung zu infiltrieren, deinen vermissten Kameraden „Super Joe“ zu finden und den bösen Anführer „Generalissimo Kilt“ der Invasionstruppe auszuschalten, die das Volk seit 2 Jahren angreift. Nach den meisten Levels erhält das Bionic Commando Items. Oft werden diese Gegenstände benötigt, um andere Level erfolgreich abzuschließen. Darüber hinaus erfordert jede Ebene einen andersfarbigen Kommunikator, um den Nachrichtenverkehr zu verstehen
Bishoujo Senshi Sailor Moon (Japan)	Bishoujo Senshi Sailor Moon ist ein Side-Scrolling-Actionspiel für den Game Boy, das exklusiv in Japan veröffentlicht wird. Es handelt sich um eine Adaption der berühmten gleichnamigen Zeichentrickserie, in der Highschool-Mädchen mit Superkräften für Gerechtigkeit kämpfen. Du steuerst Sailor Moon selbst und streifst durch die Straßen und Kampfgebiete. Neben den Konfrontationsphasen bietet die Software jede Menge Erkundungs- und Dialogmöglichkeiten sowie Minispiele.
Bishoujo Senshi Sailor Moon R (Japan)	In diesem Spiel kann der Spieler im Story- oder Arcade-Modus spielen. Im Story-Modus beginnt der Spieler mit Usagi Tsukino/Sailor Moon und dann Chibiusa, dem Senshi darin, zu spielen. Das Gameplay wechselt zwischen einem Story-Kapitel, in dem der Spieler auf der Karte herumläuft und mit anderen Charakteren spricht, gefolgt von einem Plattform-Level und einem Boss-Raum. Im Arcade-Modus wählt der Spieler einen Charakter aus und die nicht kampfbezogenen Teile des Spiels werden übersprungen. In beiden Modi wird das Spiel in fünf Abschnitten abgeschlossen. Bossräume beginnen manchmal mit einer Szene mit Tuxedo Mask, in der der Spieler durch das Aufheben der Rose ein Extraleben erhält. Der Spieler kann Herzen einsammeln, die eine bestimmte Menge an Gesundheit auffüllen, Kuchenstücke, die noch mehr Gesundheit auffüllen, und eine Tiara, die die Angriffe des Charakters erhöht.
Black Bass - Lure Fishing (USA)	Überall angeln. JEDERZEIT! Das BLACK BASS LURE FISHING für Game Boy vereint 3D-Action und Angeln mit echten Rollen in einem! Klappen Sie Ihre elektronische Angelbox auf, wählen Sie aus 8 verschiedenen Ködern, suchen Sie sich Ihren Lieblings-Angelplatz aus und werfen Sie Ihre Angel aus. Halten Sie dann den Atem an, während Sie in die Unterwasserwelt eintauchen, um das Geschehen aus der Fischperspektive zu betrachten. Jetzt haben Sie die Chance, die Bewegungen all Ihrer Lieblingsköder zu üben, wie den hüpfenden Frosch und den wackelnden Wurm. Sie werden nicht lange warten, bis ein Schwarzbarsch Ihren Köder entdeckt und in die Schlacht EXPLODIERT! WENN SIE ANGELN LIEBEN, DANN IST DIES EIN SPIEL, DAS SIE EINFACH FANGEN MÜSSEN!
Blades of Steel (USA)	Blades Of Steel basiert auf dem Arcade-Spiel und ist ein Eishockey-Arcade-Actionspiel (das Gameplay erfordert keine Gedanken über Statistiken oder die Möglichkeit, Teams anzupassen.) Zwei Spieler können gegeneinander oder ein Spieler gegen den Computer spielen . Im Einspielermodus gibt es Einzelspiel- und Turniermodusoptionen. Von Zeit zu Zeit kann es zu einem Kampf kommen, bei dem die beiden Spieler aus nächster Nähe zu sehen sind. Der Spieler hat während der Miniaturkampfspielsequenz die Kontrolle, wobei der Verlierer Zeit auf der Strafbank verbringen muss. Der Schiedsrichter wird Kämpfe, die zu lange dauern, abbrechen und ein paar Strafen verhängen, wie z. B. Vereisung. Außerdem werden mehrere kurze Clips mit digitalisierten Stimmen gezeigt.
Blaster Master Boy (USA)	Sie dachten, die Welt wäre nach den Ereignissen des ursprünglichen Blaster-Meisters frei von radioaktiven Bedrohungen aus dem Untergrund, doch aus unbekannten Gründen spriessen auf der ganzen Welt mehrere radioaktive Brennpunkte aus dem Boden. Einmal mehr müssen Sie sich in Ihre Rüstung stecken und zu den unterirdischen Höhlen reisen, um die Wahrheit hinter der neuen Bedrohung zu entdecken. Blaster Master Jr. ist eine &quot;etwas&quot; direkte Fortsetzung von Blaster Master. Ihre Mission ist es, Ihren Charakter durch eine Reihe von unterirdischen Dungeons von oben nach unten zu steuern und die Feinde zu besiegen, denen Sie dort begegnen. Sie haben nicht mehr Ihren zuverlässigen Panzer zum Mitnehmen in Side-Scrolling-Bereichen oder Ihre Granaten, aber um Ihnen in den Dungeons zu helfen, haben Sie jetzt die Möglichkeit, Spezialbomben zu tragen, mit denen Sie Feinde töten und Wege frei machen können Dungeons à la Bomber King.
Block Kuzushi GB (Japan) (SGB Enhanced)	Das Spielen von Block Kuzushi GB ist dem Spielen von Arkanoid oder Breakout oder den zahlreichen Abzockern dieser Spiele nicht ganz unähnlich. Wie Sie sehen, findet das Spiel statt, indem Sie das Paddel unten steuern. Damit soll die umherfliegende weiße Kugel abgelenkt werden. Auf diese Weise verhinderst du, dass es den Bildschirm verlässt – was zu einem Verlust an Leben führen würde – und zwingst es außerdem dazu, die Blöcke am oberen Bildschirmrand zu treffen. Indem Sie Blöcke zerstören, schließen Sie Level ab und sammeln Punkte. Einige spezielle Blöcke haben bestimmte Funktionen, beispielsweise die mit Buchstaben versehenen Blöcke, die Power-Ups abwerfen.
Blodia (Japan) (En)	Blodia ist ein Puzzlespiel mit Ähnlichkeiten zu Schiebepuzzles. Jedes Level besteht aus einer Reihe von Kacheln und auf jedem befindet sich ein Teil eines Rohrs (gerade oder eckig) – mit Ausnahme eines, das nur ein Schwarzes Loch ist. Auf einem Plättchen beginnt ein roter Ball zu rollen und alle Plättchen, durch die er rollt, werden leer. Das Ziel jedes Levels ist es, den Ball durch alle Rohrteile rollen zu lassen, ohne auf das Loch oder eine leere Kachel zu treffen. Um dies zu gewährleisten, kann der Spieler die Teile bewegen und dabei das Loch als Puffer nutzen. Wenn der Spieler beispielsweise auf ein Plättchen klickt, das ein paar Plättchen vom Loch entfernt ist, werden alle Plättchen zwischen dem angeklickten Plättchen und dem Loch um eins in Richtung des Lochs verschoben. Dann befindet sich das Loch an der Stelle, auf die der Spieler geklickt hat. Zu Beginn eines Rätsels ist es ebenfalls tödlich, über die Grenzen des Levels hinauszurollen, aber nachdem eine bestimmte Anzahl an Spielsteinen abgeräumt wurde, kommt der Ball auf der gegenüberliegenden Seite des Spielfelds heraus. Das Spiel bietet alle Level der TurboGrafx-16-Version sowie zusätzliche.
Blues Brothers, The (USA, Europe)	Wie im Film geht es auch in The Blues Brothers um Jake und Elwood. Die beiden Brüder sind wieder in Schwierigkeiten, und so müssen sie in den fünf Levels, aus denen das Spiel besteht, den Fängen des Gesetzes entkommen. So müssen sie ein Einkaufszentrum durchqueren, aus dem Gefängnis fliehen, den Fluss überqueren und die große Stadt erreichen, um frei zu sein.
Blues Brothers, The - Jukebox Adventure (Europe)	Jukebox Adventure ist die Fortsetzung von The Blues Brothers. Auch hier muss der Spieler seinen Lieblings-Blues-Bruder auswählen und ihn durch verschiedene Side-Scrolling-Plattform-Levels führen. Er muss Aufzeichnungen sammeln und sie als Verteidigung nutzen, indem er sie auf Feinde wirft. Es gibt auch Power-Ups, die gesammelt werden können, bis die Jukebox gefunden ist, um zum nächsten Level zu gelangen.
Bo Jackson - Two Games in One (USA)	Zwei Spiele in einem – spielen Sie in diesem Spiel mit Bo Jackson entweder Baseball oder Football. Beim Baseball ist das auf allen Positionen möglich, etwa beim Pitchen, Schlagen oder Fielding. Das Gelände wird mithilfe einer Engine namens „3-D Sensation“ in 3D angezeigt. Beim Fußball wird das Spielfeld in einer 2D-Draufsicht mit herumlaufenden winzigen Spielern angezeigt – ein starker Kontrast zum grafischen Stil des Baseball-Teils des Spiels. Beim Fußballspiel können Sie Ihre eigenen Strategien entwerfen und diese mit sofortiger Wiederholung ansehen.
Boggle Plus (USA)	Boggle Plus ist eine Adaption des Wortkonstruktionsspiels, bei dem Spieler innerhalb eines Zeitlimits Wörter aus benachbarten Buchstaben in einem zufällig zugewiesenen Raster bilden müssen. Das Spiel umfasst die Varianten Boggle (4x4-Raster) und Big Boggle (5x5-Raster) sowie drei weitere Spiele, die auf demselben Konzept basieren. Bei Anagram müssen die Spieler eine kurze Buchstabenfolge entschlüsseln, um ein bedeutungsvolles Wort zu bilden. In Kategorien wird ein 6x6-Raster mit vorgegebenen Buchstaben gefüllt und die Spieler müssen eine Reihe von Wörtern finden, die zu einer Kategorie wie „Musikinstrumente“, „Sport“ oder „Schönheitsprodukte“ passen. Use All findet auf einem 5x5-Raster statt, wobei die größte Herausforderung darin besteht, dass Buchstaben, die zur Bildung eines Wortes verwendet werden, aus dem Raster entfernt werden. Ziel ist es, das gesamte Raster zu räumen. Die Buchstaben können bei Bedarf neu verschlüsselt werden.
Bomb Jack (Europe)	In Bomb Jack kontrolliert der Spieler Jack, der alle Bomben einsammeln muss, um die aktuelle Runde abzuschließen und mit der nächsten fortzufahren. Das klingt einfach, oder? Falsch! Jacks Aufgabe erschweren zahlreiche Feinde wie Vögel, Mumien, Schildkröten und Kugeln. In jeder Runde erscheint beim Sammeln einer Anzahl von Bomben eine Bonusmünze. Durch das Sammeln dieser Münze erhöht sich die Punktzahl des Spielers um das 2- bis 4-fache. Meistens erscheint der &quot;Kraftball&quot;, und wenn Sie diesen sammeln, können Sie Feinde besiegen und haben mehr Zeit, um alle Bomben zu sammeln. Es gibt auch die &quot;E&quot; -Münze, die Jack ein zusätzliches Leben gibt, aber diese Münze erscheint selten. Je weiter Sie durch das Spiel kommen, desto schwieriger wird es, da Feinde schneller reisen, um Sie zu erreichen.
Bomberman Collection (Japan) (SGB Enhanced)	Bomberman Collection ist eine Zusammenstellung von drei Bomberman-Spielen, die für GameBoy unter den folgenden Namen in Europa veröffentlicht wurden: Dynablaster, Wario Blast: featuring Bomberman! und Bomberman GB.
Bomberman GB (USA, Europe) (SGB Enhanced)	Bomberman durchsucht die Tiefen der Erde in der Hoffnung, den legendären Schatz zu finden. Führe ihn im Story-Modus durch 48 Level voller Rätsel-Action, sammle Power-Up-Gegenstände und besiege unterwegs Monster. Der Kampfmodus ist der alte Favorit, bei dem ein bis vier Spieler auf sechs verschiedenen Karten gegeneinander antreten.
Bomberman GB 3 (Japan) (SGB Enhanced)	Der 11. Planet des Bombernebels namens Owen ist einem plötzlichen Erdbeben ausgesetzt. Tief in seinem Keller war der schreckliche böse Bomber jahrhundertelang eingesperrt. Er übernimmt die Macht und stiehlt Bomberman Bomberkapseln. Bomberman und seine Freunde wollen dann die Kapseln zurückerobern und den bösen Bomber besiegen ... Dieses Spiel wurde nur in Japan veröffentlicht. Es ist das letzte Spiel der Bomberman GB-Trilogie und beinhaltet das Erscheinen einiger neuer Charaktere wie Cutie Bomber.
Bonk's Adventure (USA)	Lassen Sie sich in diesem knallharten und knallharten Abenteuer vergnügen. Setzen Sie als Bonk der Höhlenmensch Ihren Kopf gegen Kongo Zilla, Tractorhead und die verrücktesten prähistorischen Feinde ein, die es je gab. Achten Sie darauf, Ihr Fleisch und Gemüse zu essen, während Sie sich auf den Weg machen, um gegen den bösen König Drool selbst zu kämpfen. Es ist ein echter Headbanger!
Bonk's Revenge (USA) (SGB Enhanced)	Bonk's Revenge oder PC Kids 2 ist die Fortsetzung von Bonk's Adventure. In dieser Episode ist der großköpfige Höhlenmensch auf der Suche nach der Hälfte des Mondes, der vom bösen König Drool gestohlen wurde. Die mehreren Ebenen umfassen mehrere spezifische und sehr unterschiedliche Bereiche, die von der Ebene in den Wolken bis zu den Höhlen über eine Wasserebene reichen.
Booby Boys (Japan)	Booby Boys auf Game Boy ist ein Abenteuerspiel, in dem Sie als Charakter spielen, der in der Lage ist, Fallen auf den Boden zu stellen. Sie sind wichtig, um Feinde im Inneren vorübergehend zu blockieren. Auf diese Weise haben Sie freie Hand, um alle im Level verstreuten Kisten aufzusammeln. Wenn Sie alle gesammelt haben, erscheint der Schlüssel, der den Zugang zur nächsten Stufe freischaltet. Sie müssen dann darauf achten, den Ausgang zu erreichen, ohne von den mobilen Monstern oder den Schlangen berührt zu werden, die in regelmäßigen Abständen aus ihren Verstecken auftauchen. Es stehen Power-Ups zur Verfügung, mit denen Sie sich schneller bewegen oder gleichzeitig mehrere Löcher schaffen können, in denen Sie Gegner einsperren können.
Boomer's Adventure in ASMIK World (USA)	Boomer muss den 8-stöckigen Turm von Zoozoon durchqueren, um den dunklen Lord Zoozoon selbst zu besiegen. Indem er gräbt, Feinde einschließt und nützliche Gegenstände wie Schlüssel und Rollschuhe findet, kann er die Kontrolle über ASMIK World aus den Fängen des bösen Zoozoons zurückgewinnen.
Boulder Dash (Europe)	Du bist Rockford und musst auf der Suche nach Diamanten durch von Monstern befallene Höhlen graben. In jedem Level musst du eine bestimmte Anzahl dieser Diamanten sammeln, um ein Portal für die nächste Stufe zu öffnen. Gegner können durch herabfallende Felsbrocken zerdrückt werden, die freigesetzt werden, wenn der Boden unter ihnen entfernt oder auf leeren Boden geschoben wird. Seien Sie jedoch vorsichtig, da diese Sie auch zerdrücken können. In späteren Levels wird der Schwierigkeitsgrad durch viele Puzzle-Elemente und kürzere Zeitlimits erhöht. Es sind 16 Levels zu absolvieren und fünf verschiedene Schwierigkeitsgrade verfügbar, die sich auf die Anzahl der zu sammelnden Juwelen und das Zeitlimit auswirken.
Boxxle (USA)	Features: - Puzzlespiel mit Suchtfaktor 100! - Teste Deine Konzentrationsfähigkeit - Knifflige Level und herausforderndes Gameplay - Bearbeitungsfunktion zum Erstellen eigener Räume Boxxle für GameBoy - Mach Dich bereit für ein Puzzlespiel mit Suchtfaktor 100! Das Grundprinzip klingt erst einmal simpel: Bewege die Kisten in einem Lagehaus an die richtige Stelle. Doch Boxxle für GameBoy erfordert mehr Konzentration als Du denkst. Das Spiel basiert auf dem Bewegen von Kisten in einem Lagerhaus. Arbeite Dich Schritt für Schritt durch die kniffligen Räume und gelange in den Bann des Puzzlespiels der Extraklasse. Boxxle für GameBoy gibt Dir außerdem die Möglichkeit mit der Bearbeitungsfunktion Deine ganz eigenen Räume zu erstellen.
Boxxle II (USA, Europe)	Eine herausfordernde Fortsetzung des ursprünglichen BOXXLE-Spiels BOXXLE II ist ein herausforderndes, kniffliges Puzzlespiel, bei dem es darum geht, Gegenstände in einem Lagerhaus zu bewegen. Es ist Zeit vergangen, seit Willy Wanda in der ursprünglichen BOXXLE-Geschichte kennengelernt hat. Willy arbeitet hart im Lagerhaus, als ein Außerirdischer Wanda entführt! Wie kann er sie retten? Er muss sein eigenes Raumschiff bauen! Jedes Mal, wenn Sie Willy helfen, Kisten an die richtigen Stellen zu bringen und eine Ebene aufzuräumen, kann er Teile für seine Rakete kaufen. Aber manuelle Arbeit wird den Tag nicht retten. Du brauchst auch Gehirnschmalz, um BOXXLE II zu besiegen! Es gibt über 120 verschiedene labyrinthartige Bildschirme, auf denen Sie sich konzentrieren können. BOXXLE II wird Ihren Geist noch einmal „boxxeln“. - Vergrößern oder verkleinern Sie jeden Bildschirm für ein besseres Aussehen. - Drei Auswahlmöglichkeiten an Themenmusik. - Erstellen Sie Ihre eigenen Rätsel mit drei Bearbeitungsbildschirmen. - Mit dem speziellen Sofortantwortmodus können Sie Ihre Fehler nachvollziehen. - Speichern mit Passwortspeicherfunktionen. - Über 120 verschiedene labyrinthartige Bildschirme
Brain Bender (USA)	Ein ungewöhnliches Puzzlespiel, bei dem es darum geht, Spiegel zu manipulieren, um Ziele zu erreichen. Sie durchqueren 120 Level und versuchen dabei, bestimmte Hindernisse wie Gaskugeln, Satelliten und computergesteuerte „Elektrogehirne“ zu beseitigen, indem Sie die Spiegel so ausrichten, dass sie Laserstrahlen reflektieren. Um den Fortschritt fortzusetzen, wird ein Passwortsystem verwendet.
Brain Drain (USA) (SGB Enhanced)	Brain Drain ist ein Denkspiel, bei dem der Spieler ein Muster nachbilden muss, das aus verschiedenen Symbolen wie Äpfeln oder Herzen besteht und in der Ecke des Bildschirms angezeigt wird. Das Hauptspielfeld besteht aus denselben Symbolen, die jedoch zufällig ausgetauscht werden. Der Spieler steuert einen Rahmen, der vier der Symbole umgibt. Auf Knopfdruck drehen sich die Symbole im Uhrzeigersinn um den Rahmen. Natürlich müssen die Level innerhalb einer bestimmten Zeit gelöst werden.
Bram Stoker's Dracula (USA, Europe)	Bram Stokers Dracula ist der Titel einer Reihe von Spielen, die auf dem gleichnamigen Film von 1992 basieren. Das Gameplay jedes Spiels variiert stark von Plattform zu Plattform, aber alle behalten eine ähnliche, auf dem Film basierende Handlung bei. Bei den 16-Bit-Konsolenversionen handelt es sich um seitlich scrollende Hack-and-Slash-Spiele. Der Spieler steuert einen jungen Anwalt namens Jonathan Harker. Harker muss sich aus Draculas Gefangenschaft befreien, ihm nach London folgen und seine Schreckensherrschaft beenden.
BreakThru! (USA)	Gerade als Sie dachten, Sie hätten TETRIS hinter sich, kommt der Durchbruch! Machen Sie sich bereit für ein rasantes Rätsel, das Sie zum schnellen Denken zwingt. Der Spaß beginnt mit einer Uhr und einer massiven Wand aus farbigen Steinen. Eliminiere die Steine, indem du auf zwei oder mehr benachbarte Steine derselben Farbe klickst. Reißen Sie eine Wand nach der anderen ein, während Sie gegen die Uhr antreten, um Ihre Punktzahl zu erhöhen. Achtung! Lästige Spinnen, lästige Getränkedosen und lästige Felsbrocken können das Leben schwer machen. Schlagen Sie sie mit Raketen und Bomben außer Gefecht, bevor die Uhr Sie erledigt. - Rasantes Arcade-Spiel - 3 Zeiteinstellungen fordern Sie heraus, den Block zu überwinden - Mehrere Level für noch größere Herausforderungen - Verbünden Sie sich mit Freunden für fantastische Zwei-Spieler-Action
Bubble Bobble (USA, Europe)	Bubble Bobble erzählt von Bub und Bob, die in einer monsterverseuchten Höhle zu Dinosauriern verwandelt werden. Um wieder Menschen zu werden, müssen sie das Ende der Höhle erreichen. In jedem Bildschirm-Level gilt es, alle Gegner zu besiegen. Bub und Bob springen, sammeln Früchte für Punkte und blasen Seifenblasen: Sie dienen als Plattformen oder fangen Feinde ein, die beim Platzen der Blase zu Obst werden. Power-ups wie Blitze und Wasser erleichtern den Kampf. Wer zu lange braucht, bekommt es mit dem unaufhaltsamen Baron Von Blubba zu tun.
Bubble Bobble Part 2 (USA, Europe)	Blasenblasendes Dino-Myte! Als blasenblasender Dinosaurier forderst du eine Welt voller Feinde heraus! Lassen Sie spezielle Blasen platzen, um Fluten, Feuer und Blitze auf die Feinde auszulösen, die Ihnen im Weg stehen. Erkunden Sie in diesem aufregenden Action- und Entdeckungsspiel Dutzende Level, um magische Tassen, Kristalle, Türen und mehr zu finden.
Bubble Ghost (USA, Europe)	Bubble Ghost muss eine Blase aus dem Schloss seines Schöpfers pusten. Ihre Aufgabe besteht darin, ihn so zu führen, dass die Blase durch die Lücken in jedem Raum gelenkt wird. Die Richtung der Blase wird davon beeinflusst, welcher Teil des Geistes sie trifft. Kerzen, Fächer und andere Hindernisse erschweren dem kleinen Bubble Ghost die Aufgabe. Bubble Ghost ist unbesiegbar, aber die Blase neigt dazu, zu platzen, wenn sie mit hoher Geschwindigkeit auf irgendetwas trifft. Sie haben fünf Blasen, bevor das Spiel vorbei ist.
Bubsy II (USA)	Bubsy II ist ein Plattenspiel-Video aus dem Jahr 1994 auf dem GameBoy. Das war Bubsys Spiel, sozusagen auf Mega Drive und Super Nintendo ein Pluspunkt. Das Spiel mit Bubsy und einer Lynx-Mehlschwitze könnte sich schnell von Sonics Manövern verdrängen lassen.
Bugs Bunny Collection (Japan) (SGB Enhanced)	Bugs Bunny Collection ist ein Sonstiges Spiel, das von Kotobuki Systems entwickelt und von Kemco veröffentlicht wurde und 1997 in Japan veröffentlicht wurde.
Bugs Bunny Crazy Castle 2, The (USA)	Honey Bunny wurde von einer bösen Hexe entführt, die sie in einem riesigen Schloss untergebracht hat. In seinem zweiten Game Boy-Abenteuer müssen Käfer einen Weg durch das Schloss finden, um Honey zu retten. Dieses Mal muss Bugs in jedem der 28 Level 8 Schlüssel sammeln, um voranzukommen. Unterwegs werden Foghorn Leghorn, Wile E. Coyote, Yosemite Sam und andere versuchen, Ihren Fortschritt zu behindern.
Bugs Bunny Crazy Castle, The (USA, Europe)	Dieses Spiel ist das erste in der Crazy Castle-Serie von Bugs Bunny-Spielen für den Game Boy. Das Ziel dieses Spiels ist es, Bugs durch die 80 Level eines Schlosses zu bewegen und alle Karotten einzusammeln. Das Vorankommen von Bugs wird durch die üblichen Warner Bros. Charaktere wie Daffy Duck, Yosemite Sam und Sylvester behindert. Bugs selbst hat keine Angriffsmöglichkeiten, aber du kannst verschiedene Objekte wie Ambosse und Boxhandschuhe finden, um deine Feinde zu behindern.
Burai Fighter Deluxe (USA, Europe)	Nimm den Kampfgegen die mächtigen Burai auf! Seit Tausenden von Jahren verfolgt das Geschlecht der Burai nur ein Ziel: Die totale Beherrschung des Universums! Jetzt haben sie nahezu unverwundbare Robomutanten - halb Roboter, halb Mensch - entwickelt, die sie täglich zu Hunderten produzieren können. Bald wird eine riesige Armee dieser schrecklichen Kreaturen das Weltall beherrschen - wenn Du sie nicht stoppen kannst! Schnall Deinen Protonen-Rucksack um, halte Deine Laserpistole im Anschlag, und bereite Dich auf die größte Schlacht der Galaxie gegen die tödliche Armee der Robomutanten vor, Deine Mission ist es, die fünf wichtigsten Laboratorien der Burai zu vernichten. Auf diesem Weg mußt Du an den supermutierten Oberwächtern jeder Basis vorbei - gigantischen Monstern wie einer Riesenkrabbe, einem Schlundwurm, einem Giftschädel, und zuallerletzt dem übermannsgroßen Schleimdrachen! Nur Du kannst die Welt retten - wähle Deine Waffen weise aus, und Du wirst die Burai besiegen. Die Spielkassette beinhaltet einen Paßwortmodus und verschiedene Schwierigkeitsstufen. Kannst Du das Universum vor der schrecklichen Herrschaft der Burai schützen? Wir hoffen auf Dich!
BurgerTime Deluxe (World)	BurgerTime Deluxe ist eine neue Version des klassischen Arcade-Spiels von 1982. Wie im Original steuert der Spieler einen Koch, der über Leitern und Plattformen Zutateten erreichen muss, damit sie herunterfallen und so fertige Hamburger auf Tellern am unteren Bildschirmrand entstehen. Der Koch muss es vermeiden, die umherziehenden Feinde, menschgewordene Gewürze und Spiegeleier zu berühren, die die Hauptfigur töten. Die Feinde können mit Power-Ups zerstört oder von den herunterfallenden Burgerstücken zerquetscht werden.
Burning Paper (Japan) (En)	Du bist der nette Kerl mit dem B auf seinem Anzug. Sie befinden sich auf der Spitze eines Bauwerks, auf das verschiedene Kreaturen klettern. Auf dem Bildschirm sehen Sie ein Fadenkreuz. Durch Drücken der A-Taste wird ein Strahl in die Richtung abgefeuert, in die der Zielpunkt gerichtet ist. Bewegen Sie es mit dem Richtungspad. Wenn Sie die B-Taste drücken, springt Ihr Charakter, und wenn Sie Start drücken, gelangen Sie zu Ihrem Gegenstandsinventar. Ihr Ziel ist es, mit Ihrem Strahl Teile der Wand zu zerschneiden, sodass diese auf die darunter liegenden Feinde fallen. Sie müssen darauf achten, kein zu großes Stück abzuschneiden; Andernfalls werden Sie später im Level feststellen, dass Sie keine nutzbaren Wandstücke mehr haben. Es kann sehr einfach sein, es zu tun, ohne es zu merken. Wenn ein Feind die Spitze des Gebäudes erreicht, verlieren Sie einen Zug, wenn Sie ihn berühren.
Bust-A-Move 2 - Arcade Edition (USA, Europe)	Das blitzschnelle, ultra-intensive, absolut fesselnde Arcade-Puzzlespiel, das Dich garantiert nicht wieder losläßt! Wenn die Bälle herabfallen, brauchst Du ein scharfes Auge und gute Reflexe, um 3 oder mehr passende zusammenzufügen und platzen zu lassen... und zwar schnell! Denn hier heißt es: Erwischen oder erwischt werden.
Bust-A-Move 3 DX (Europe)	Eines Tages belegte Dunk, der magische Meister des Unfugs die Welt der Blasen mit einem geheimnisvollen Zauber. Ein gleisender Lichtstrahl, und mit einem Schlag fanden sich acht fremde Spielfiguren aus anderen Spielwelten in der Welt der Blasen wieder. Deine Aufgabe in Bust-A-Move 3 für den GameBoy ist es nun, sie wieder nach Hause zu bringen.
Buster Bros. (USA)	Pang ist ein Plattformspiel, das aus insgesamt 50 Levels besteht. Es kann von einem oder zwei Spielern auf demselben Bildschirm gespielt werden, wobei der zweite Spieler jederzeit während des Spiels einsteigen kann. Ziel ist es, die Ballons zu zerstören, die über das Spielfeld hüpfen. Dazu kann man Haken abschießen, die sich nach oben bewegen und jeden Ballon zum Platzen bringen, den sie berühren. Je nach Größe teilen sich die Ballons in zwei kleinere auf oder verschwinden, wenn sie bereits ihre Mindestgröße erreicht haben. Neben Ballons gibt es in manchen Levels auch Barrieren, die mit den Haken zerstört werden müssen, da sie den Zugang zu Ballons häufig versperren. Einige Barrieren lassen sich jedoch grundsätzlich nicht zerstören. Die Spielfigur kann Leitern erklimmen, aber nicht springen. Außerdem können verschiedene Power-ups eingesammelt werden, zum Beispiel: die Fähigkeit, zwei Schüsse gleichzeitig abzufeuern, ein Haken, der sich an der Decke befestigt und wartet, bis etwas dagegen stößt, sowie eine Schnellfeuerwaffe, die allerdings keine Barrieren zerstören kann. Neben zusätzlichen Waffen gibt es auch andere Gegenstände wie eine Uhr (die die Zeit für kurze Zeit anhält), Dynamit (das alle Bälle auf ihre Mindestgröße schrumpfen lässt und so mehr Punkte ermöglicht), ein Extra-Leben und weitere.
Caesars Palace (USA)	Mit diesem Spiel können Sie im Caesars Palace Casino spielen. Sie schlendern durch das Casino und spielen Videopoker, Roulette, Blackjack, das Big Six-Geldrad oder drei Arten von Spielautomaten. Sie setzen und gewinnen Chips und tauschen diese dann gegen Geld ein, wann immer Sie möchten. Die Interaktion erfolgt über einen Cursor, alles wird aus der Ich-Perspektive betrachtet. Sie kommen mit dem Taxi zum Casino – können Sie es auch in Ihrer eigenen Limousine verlassen?
Capcom Quiz - Hatena no Daibouken (Japan)	Capcom Quiz – Hatena No Daibouken ist, wie der Name schon sagt, ein Quizspiel, ein Genre, das die Japaner lieben. In Anlehnung an die gleichnamige Arcade-Version (veröffentlicht 1989) wählt der Spieler seinen Avatar, bevor er sich auf eine ultimative Suche begibt, die aus lustigen Minispielen und mehreren Fragen über die Welt des berühmten japanischen Verlags besteht. Reserviert für Japanophile mit relativ fortgeschrittenen Kenntnissen.
Captain America and the Avengers (USA)	Captain America and the Avengers ist ein Side-Scrolling-Beat 'em Up für ein bis vier Spieler (gleichzeitig), in dem vier von Marvel Comics lizenzierte Helden (Captain America, Iron Man, Hawkeye und Vision) gegen den bösen Red Skull antreten, der durch die Zusammenstellung eines Teams aus Superschurken versucht, die Welt zu erobern. Das Spiel besteht aus fünf Phasen, die sich in erster Linie auf das Side-Scrolling-Brawler-Gameplay konzentrieren. Einige Level enthalten jedoch auch Side-Scrolling-Schießphasen, in denen die Helden Bedrohungen in der Luft (Phase 2), unter dem Meer (Phase 3) und im Weltraum (Phase 5) bekämpfen. Zu den Bossschurken im Spiel gehören Living Laser und Klaw, Whirlwind, Sensenmann, Zauberer, Mandarin, Juggernaut, Ultron, Controller, Crossbones und der Red Skull. Zusätzlich zu den vier spielbaren Avengers taucht Quicksilver kurz auf, um Energienachschub abzugeben, und die Wespe kann in den Schießbereichen für Schutz und Feuerkraft sorgen.
Captain Tsubasa J - Zenkoku Seiha e no Chousen (Japan) (SGB Enhanced)	„Captain Tsubasa J“, das in den Comics beliebt ist, wurde in ein Fußballspiel umgewandelt. Das Spiel findet auf einem 2D-Spielfeld statt und der Bildschirm verwandelt sich während der Schießszenen in einen leistungsstarken Bildschirm. Das Spiel sieht auf dem Super Game sehr gut aus Junge. Es ist cool, wenn Tsubasa und seine Freunde in einem großen Rahmen auf dem Bildschirm erscheinen, aber das Spiel nimmt die Hälfte der Bildschirmfläche ein und ist etwas schwach. Die Grafik ist nicht gut, also wenn Sie fragen, ob es ein guter Charakter ist Spiel, anscheinend nicht...
Captain Tsubasa VS (Japan)	Captain Tsubasa VS ist ein Sportspiel, das von Graphic Research entwickelt und von Tecmo veröffentlicht wurde und 1992 in Japan veröffentlicht wurde.
Card Game (Japan) (En)	Eine Sammlung von Kartenspielen für den Game Boy, darunter Poker, Blackjack, USA (ähnlich Crazy 8's oder Uno) und ein Wahrsagespiel.
Casino FunPak (USA, Europe)	Bei Casino FunPak laufen Sie durch ein Casino, nehmen an einer Vielzahl von Spielen teil und nehmen an Turnieren teil, um so viel Geld wie möglich zu verdienen. Sie können Roulette, Videopoker, Spielautomaten, Blackjack und Craps spielen. Der Turniermodus enthält eine große Tour durch die fünf Spiele.
Casper (USA)	Das auf dem Casper-Film basierende Spiel versetzt Sie in die Rolle des freundlichen Geistes, der versucht, einen Freund und eine zweite Chance im Leben zu finden, anstatt alle zu verscheuchen. Im Mittelpunkt der Handlung steht der „verwöhnte, gierige Erbe von Whipstaff Manor“ – Carrigan Crittenden. Sie ist hinter dem Schatz her, von dem sie glaubt, dass er in den Wänden versteckt ist. Casper wird die Hilfe von Dr. James Harvey, dem Therapeuten der Toten, brauchen, wenn er bei seinen Abenteuern Erfolg haben will. Casper muss sich auch mit seinen Onkeln auseinandersetzen – Stretch, Stinkie und Fatso, die es einfach lieben, „Fleshies“ zu erschrecken und Caspers Bemühungen zu vereiteln. Das Gameplay ist 3D – und hauptsächlich das Lösen von Rätseln, wobei Casper in der Lage ist, verschiedene Formen anzunehmen und Objekte zu manipulieren.
Castelian (USA)	Julius ist sein Name. Abriss ist sein Spiel. Acht kolossale Türme, die fast bis zum Himmel reichen! Sie und Julius – ein hybrider Anurianer – haben die Aufgabe, diese exotischen Türme abzureißen. Während Julius über die Fassaden der einzelnen Türme klettert und springt, sieht er sich mit mächtigen und sehr tödlichen Gegnern konfrontiert. Wandernde Hexalons, scannende I-Bälle, umlaufende Sphäroide und verschwindende Pfade bedrohen Sie auf Schritt und Tritt. Ihr einziger Kontakt wird Sie das Leben kosten! Doch egal in welche Richtung, Sie müssen die Spitze des Turms erreichen, um Ihre mächtigen D-Bomben zur Explosion zu bringen! Ihr Mut, Ihr Können und Ihre Entschlossenheit werden Sie zum Gipfel des Castelian führen. Feuern Sie Ihre Carbonobombs ab, nehmen Sie den Hochgeschwindigkeitsaufzug und flüchten Sie in die Türen des Unbekannten. Die Zukunft der Insel hängt von Ihnen und Julius ab. Beobachten Sie, wie er seine Geheimnisse erfährt, und der Abriss wird zu Ihrem Spiel!
Castle Quest (Europe)	Ein Strategiespiel von Hudson, das wie ein Brettspiel mit Kartenspielen funktioniert. Ihr Ziel ist es, Könige zu stürzen. Pro Spielzug bewegst du einen deiner Spielsteine. Der Spieler, der einen gegnerischen König stürzt, gewinnt die Runde. Aber ein guter Schachspieler zu sein reicht nicht aus, um zu gewinnen. Bei Angriffen und Roulettekarten zum Umgang mit Magie muss man auch Glück haben. Im Quest-Modus gilt es, 24 Könige zu besiegen, und der letzte ist kein anderer als der furchterregende König der Magie, Baron.
Castlevania - The Adventure (USA)	Nachdem ihm seine Flügel in Castlevania und Simon's Quest gestutzt wurden, stand der dem Tod trotzende Graf erneut auf. Mit einem Verlangen nach Rache, noch mehr als nach Blut, wird er auf deinen Game Boy kommen, mit Zähnen die vom Licht des silbernen Vollmondes glitzern.
Castlevania II - Belmont's Revenge (USA, Europe)	Der Fluch der Familie Belmont hat im zweiten Castlevania-Abenteuer für den Game Boy erneut zugeschlagen. 15 Jahre nach dem ersten monochromen Abenteuer ist Christophers Sohn verschwunden und 4 mysteriöse Burgen sind aus dem Nebel gestiegen. Er muss zu jedem Schloss reisen und die Dämonen besiegen, die er dort findet, um seinen Sohn zu retten. Vielleicht ist Dracula nicht so tot, wie wir dachten.
Castlevania Legends (USA, Europe) (SGB Enhanced)	Machen Sie eine Reise bis zum Anfang, als Dracula zum ersten Mal aufstand, um die guten Menschen Siebenbürgens zu terrorisieren. Niemand wagte es, ihn herauszufordern, und die Menschen im Land lebten in Angst und Schrecken – bis ein junges Mädchen aufstand und beschloss, die Sache selbst in die Hand zu nehmen. Dieses junge Mädchen war Sonia Belmont, die erste in der Linie des legendären Belmont-Clans. Während sich Castlevania Legends ähnlich wie die früheren Castlevania-Titel spielt (die Protagonistin ist nur mit einer Peitsche bewaffnet und muss sich durch fünf Level plus ein verstecktes Level kämpfen), gibt es auch einige einzigartige Features. Während es unmöglich ist, sich frei durch die Level zu bewegen, kann der Spieler oft entscheiden, in die eine oder andere Richtung zu gehen und dabei einige Bereiche zu überspringen oder wertvolle Gegenstände zu finden, die durch das Sammeln aller Gegenstände das beste Ende freischalten. Sonia verfügt außerdem über eine besondere Fähigkeit, den sogenannten Brennmodus: Einmal in einem Level (und einmal pro Leben) kann sie ihre Geschwindigkeit und Angriffskraft steigern und für kurze Zeit unbesiegbar werden.
Catrap (USA)	Cat Rap ist ein Puzzlespiel, in dem der Spieler eine anthropomorphe Katze steuert und aufeinanderfolgende Räume durchqueren muss, während er auf seinem Weg mit Hindernissen und Feinden konfrontiert wird. Sobald der Spieler alle Feinde ausgeschaltet hat, geht es zum nächsten Level, wobei der Schwierigkeitsgrad mit zunehmendem Fortschritt zunimmt.
Cave Noire (Japan)	Als junger Abenteurer, der kürzlich im Dorf Karuzu angekommen ist, wird Ihnen gesagt, dass Sie, um sich zu beweisen, die vier Dungeons in der Region bewältigen müssen. Erst wenn du diese scheinbar endlosen feuchten Keller überwunden hast, wirst du endgültig von der Gilde aufgenommen. Um Ihnen bei Ihrer Suche zu helfen, gibt Ihnen der Meister des Waldes, der Waldgeist, vor jedem Ihrer neuen Abenteuer vier Gegenstände.
Centipede (USA, Europe) (Accolade)	Dies ist ein Remake oder eine „Modernisierung“ des klassischen Arcade-Shooters Centipede, der ursprünglich 1980 von Atari in Arcade-Spielhallen veröffentlicht wurde. Dieses Remake behält einen Teil des Shooter-Stil-Gameplays des Originalspiels bei, mischt aber mehr Erkundungen im Konsolenstil mit ein. Das Gameplay verläuft durch fünf „Welten“: Weedom, Frostonia, Infernium, Enigma und Evile. Die Spieler schießen auf die klassischen Tausendfüßler, Spinnen, Flöhe und Skorpione los, während sie gegen neue Feinde wie Mücken, Kakerlaken und Killerpilze kämpfen. Ein „klassischer“ Modus ist ebenfalls enthalten, der es Spielern ermöglicht, das klassische Spiel in einer neuen isometrischen „3D“-Perspektive zu spielen.
Chachamaru Boukenki 3 - Abyss no Tou (Japan)	Chachamaru Boukenki 3: Abyss no Tou ist ein von Human Entertainment veröffentlichtes Rollenspiel, das 1991 in Japan veröffentlicht wurde.
Chachamaru Panic (Japan)	Chachamaru Panic ist ein ziemlich einzigartiges Actionspiel, bei dem Sie mit Ihrem Charakter Gegenstände aus einer Eisbahn schieben müssen. Der Schwerpunkt liegt auf dem „Gleiten“-Aspekt. In bestimmten Levels wimmelt es von Feinden, die Ihren Avatar durch einen Schlag aus dem Spielbereich flüchten lassen.
Chalvo 55 - Super Puzzle Action (Japan)	Chalvo 55 Super Puzzle Action ist ein Puzzlespiel, das nur in Japan auf dem Game Boy veröffentlicht wurde. An Bord eines Raumschiffs schlüpfen Sie in die Rolle eines gepanzerten Charakters, der sich in einen springenden Ball verwandeln kann. Diese Fähigkeit ist unerlässlich, um die Level vertikal zu durchqueren und die seltenen, aber gefährlichen Feinde zu töten. Sie müssen alle Edelsteine ​​finden, um zum nächsten Level zu gelangen, ohne dabei von Stacheln durchbohrt zu werden oder in Fallen zu tappen. Ob in humanoider Form oder in Kugelform, der Held ist sehr zerbrechlich, hat aber mehrere Leben.
Championship Pool (USA)	Championship Pool ist ein Billard-Videospiel, das 1993 für den Game Boy veröffentlicht wurde. Das Spiel wurde von Bitmasters entwickelt und von Mindscape veröffentlicht.
Chase H.Q. (USA, Europe)	Wage dich in Chase HQ hinaus auf die Straße! Deine Aufgabe in diesem innovativen und vor allem schnellen Rennspiel ist es, Ganoven aufzuspüren und sie von der Straße zu fegen! Du schlüpfst in die Rolle eines der beiden Polizisten der New Yorker Spezialeinheit CHASE H.Q. Nach einer halsbrecherischen Verfolgungsjagd zu Beginn jeden Levels bringst du am Ende dein Einsatzfahrzeug an seine Grenzen. Hast du das fliehende Zielfahrzeug eingeholt, schalte Sirene und Blaulicht ein und versuche, den Bösewicht durch wiederholtes Rammen aufzuhalten! Schalte mit Bedacht, wenn du dein Einsatzfahrzeug durch die stark befahrenen und kurvenreichen Straßen manövrierst! Aber vermeide dabei die Kollision mit anderen Autos oder anderen Hindernissen, sonst verlierst du an Geschwindigkeit! Auch ein Turbo steht dir zur Verfügung, mit dem du kurzzeitig beschleunigen und die Wucht deiner Rammattacken steigern kannst!
Chessmaster, The (USA, Europe)	Die Iteration der Chessmaster-Reihe auf der PlayStation 2 enthält die meisten Funktionen des entsprechenden PC-Spiels – in diesem Fall Chessmaster 9000. Sie können Trainingsspiele (mit allen verfügbaren Hinweisen und Analysetools) und bewertete Spiele spielen (Ihre Bewertung ändert sich nach jedem Spiel), Rätsel (Schachrätsel, nicht die Art „Bild aufbauen“), lernen Sie Schach, indem Sie die Hunderte von Tutorials durchstöbern, die in der Pandolfini-Schachschule verfügbar sind, oder schauen Sie sich berühmte Partien an. Allerdings gibt es in der PS2-Version einige neue Funktionen; Am nützlichsten ist der Online-Modus. Das andere ist die „lebende Welt“ der Chessmaster Championships, in der sich auch die Bewertung der KI ändert, wenn sie gegeneinander antreten. Der letzte ist spektakulärer – ein Fantasy-Spielmodus – Orks gegen Menschen – mit animierten Schachspielen und einer 3D-Umgebung. Sie können Schach im Wald, in einer Burg und in der Wüste spielen.
Chibi Maruko-chan - Maruko Deluxe Theater (Japan) (SGB Enhanced)	Ursprünglich ist Chibi Maruko-Chan ein Manga von Momoko Sakura, der das eher einzigartige Leben einer japanischen Schülerin erzählt. Maruko Deluxe Theater ist ein Abenteuerspiel, bei dem der Spieler mit den Charakteren aus der Serie interagieren muss. Technisch recht hübsch, greift der Titel das Charakterdesign des Originalwerks auf schöne Weise auf.
Chibi Maruko-chan - Okozukai Daisakusen! (Japan)	Diese Portierung ist die erste Game Boy-Episode der Videospieladaptionen von Chibi Maruko-Chan und wird in Form eines Rollenspiels präsentiert, in dem sich der Spieler in der Gestalt des jungen Maruko-Chan auf die Suche nach den beliebtesten Charakteren der Serie macht . Ein interessantes Spiel, insbesondere für Fans des Mangas von Momoko Sakura, dessen Abenteuerseite sich als recht anekdotisch erweist.
Chibi Maruko-chan 2 - Deluxe Maruko World (Japan)	Chibi Maruko-Chan 2: Deluxe Maruko World ist ein von Kid entwickeltes und von Takara veröffentlichtes Abenteuerspiel, das 1991 in Japan veröffentlicht wurde. Maruko-chan ist der Protagonist dieses Abenteuerspiels für die Kleinen. Die Geschichte besteht aus drei Episoden, in denen Maruko-chan und ihre Freunde Vorfälle durch Minispiele und Wettbewerbe lösen. Obwohl es sich um ein Abenteuer handelt, schreitet die Geschichte fast mit Gewalt voran, sodass es eher wie ein Manga als wie ein Spiel wirkt.
Chibi Maruko-chan 3 - Mezase! Game Taishou no Maki (Japan)	Die Adaptionen von Chibi Maruko-Chan auf dem Game Boy folgen aufeinander und ähneln sich. Diesmal wird den Spielern immer noch ein auf das Adventure-Genre ausgerichtetes Spiel geboten, das glücklicherweise um einige Minispiele erweitert wurde, die die Monotomie unzähliger Dialoge aufbrechen. Optisch finden wir den grafischen Delirium des Mangas wieder. Für Fans reserviert.
Chibi Maruko-chan 4 - Kore ga Nihon Da yo! Ouji-sama (Japan)	Aus einem beliebten Anime wurde ein Rollenspiel. Diesmal kommt der Prinz zu Hanawa-kuns Haus. Hanawa-kun bittet Maru-chan, ein Souvenir für den Prinzen zu finden. Dies ist ein Abwechslungsspiel voller einfacher Minispiele. Alle Spiele sind einfach und leicht zu spielen und daher auch für Kinder geeignet. Dieses Mal wird ein Abenteuerspiel verwendet, um die Geschichte zu entwickeln. Es ist auch einfach, aber die Charakteraufstellung ist originalgetreu. Es kann ein gutes Spiel für Fans sein.
Chiki Chiki Machine Mou Race (Japan)	Chiki Chiki Machine Mou Race ist ein Rennspiel für den Game Boy, adaptiert von Hanna und Barberas Flying Crazy. Die Besonderheit der Software ist, dass sie aufgrund einer in Videospielen noch nie dagewesenen Langsamkeit völlig unspielbar ist, da sich die Fahrzeuge mit einer Geschwindigkeit von fast einem Bild pro Sekunde bewegen! Wie in Mario Kart sollen wir den Gegnern Waffen ins Gesicht werfen, um sie zu verlangsamen, aber das Auslösen der Animationen scheint zufällig zu sein. Nur Freude.
Chiki Chiki Tengoku (Japan)	Chiki Chiki Tengoku ist ein Puzzlespiel rund um den Game Boy. Die App schlägt vor, die von oben fallenden Symbole zu dritt auszurichten, um sie verschwinden zu lassen, Punkte einzustecken und stattdessen Sterne zu erzeugen. Es ist dann die Zerstörung dieser Sterne, die die Feen erscheinen lässt. Diese letzten schließen die aktuelle Stufe ab, wenn sie alle wegfliegen können und nichts mehr auf dem Bildschirm bleibt. Daher sind Strategie und Organisation erforderlich, um alle Elemente richtig zu platzieren.
Chikyuu Kaihou Gun ZAS (World) (ModRetro Chromatic)	Es muss anerkannt werden, dass das Shoot'em-Up, ein von unzähligen Retrogamern geschätztes Genre, nicht durch eine Fülle neuer Ideen auf unserem lieben Laptop gekennzeichnet ist. In der Regel ist Software dieser Art von uralten Rezepten inspiriert, die von einigen unvergänglichen Vorfahren eingeführt wurden, im Gradius- oder R-Type-Stil. Auf jeden Fall gibt es zwei Methoden, um ein gutes Shooting zu erreichen: das Spielprinzip komplett zu erneuern, was nicht einfach ist, da die Größten die Maßstäbe setzen, oder die Action in einen völlig anderen Rahmen zu versetzen. anders als die ewigen futuristischen Kriege . Wenn Solar Striker mit einem schelmischen klassischen System erfolgreich war, setzt Zas, weniger schüchtern, den Deckel mit mehr Ehrgeiz wieder auf.
Choplifter II - Rescue & Survive (USA)	Begeben Sie sich auf eine gefährliche Rettungsmission in einer Welt am Rande eines globalen Krieges. Die Geiseln müssen aus den Händen eines heimtückischen und finsteren Feindes befreit werden, um ein völliges Chaos zu verhindern. Nur Ihre Fähigkeiten können uns jetzt noch retten. Sie steuern den AH-90 Comanche-Kampfhubschrauber – die ultimative Kriegsmaschine. Ihr Arsenal umfasst: Maschinengewehre, Flammenwerfer, Raketen und Tarnung. Überlegene Technologie muss mit Bedacht gegen einen allgegenwärtigen Feind eingesetzt werden. Die Gegner greifen mit allem an, was sie haben: Kugeln, Raketen, Panzer, unterirdische Geschütztürme und Landminen. Um die Geiseln und sich selbst zu retten, sind heldenhafte Taten erforderlich. Choplifter II umfasst fünf Level, jede mit ihrem eigenen bedrohlichen Terrain. Das Spiel kann alleine oder zu zweit gespielt werden.
Choplifter III (Europe)	In diesem dritten Teil der Choplifter-Reihe ist es erneut Ihre Aufgabe, Ihren Hubschrauber durch feindliches Gebiet zu fliegen, um Geiseln zu retten. Der Hubschrauber erleidet nicht nur Schaden durch feindliches Feuer, sondern auch durch den Kontakt mit Gebäuden, Bäumen, Mauern usw., was die Navigation in einigen Levels erschwert. Feinde können entweder mit der Standardwaffe des Hubschraubers oder mit stärkeren Waffen, die im Laufe der Level aufgesammelt werden können, vernichtet werden. Die Hauptaufgabe jedes Levels besteht jedoch darin, eine bestimmte Anzahl von Geiseln aufzunehmen und sie zu Ihrer Heimatbasis zu bringen.
Chou Mashin Eiyuu Den Wataru - Mazekko Monster (Japan) (SGB Enhanced)	Das Ziel von Chou Majin Eiyuuden ist es, eine Kreatur aus einem Ei auszubrüten und aufzuziehen. Es können auch weitere Kreaturen erhalten werden. Chou Majin Eiyuuden: Wataru Mazekko Monster basiert auf einer Anime-Serie namens Chou Majin Eiyuuden Wataru.
Chou Mashin Eiyuu Den Wataru - Mazekko Monster 2 (Japan) (SGB Enhanced)	Das Ziel von Chou Majin Eiyuuden 2 besteht darin, eine Kreatur aus einem Ei auszubrüten und auf ähnliche Weise wie im ersten Teil aufzuziehen. Chou Majin Eiyuuden: Wataru Mazekko Monster 2 basiert auf der Anime-Serie Chou Majin Eiyuuden Wataru.
Chousoku Spinner (Japan) (SGB Enhanced)	Bei Chousoku Spinner besteht das Ziel des Spiels darin, „Jojo-Kämpfe“ auszufechten, neue Jojos zu kaufen und bestehende zu verbessern. Chousoku Spinner enthält RPG-ähnliche Elemente, wie zum Beispiel Reisen zu verschiedenen Orten, Gespräche mit anderen Charakteren, Geld verdienen, um neue Gegenstände zu kaufen, und eine Geschichte. Der Weg, Streitigkeiten in Chousoku Spinner beizulegen, ist ein Jojo-Kampf. Der Gewinner ist der Charakter, der es am längsten schafft, sein Jo-Jo am Laufen zu halten. Zuerst müssen Sie die Balance auswählen. Je weiter sie in der Mitte liegt, desto besser wird die Balance sein. Nachdem Sie das Gleichgewicht ausgewählt haben, müssen Sie die Leistung auswählen.
Chuck Rock (USA, Europe)	Chuck Rock ist ein typischer durchschnittlicher Höhlenmensch. Seine Sonntagnachmittage verbringt er gerne damit, Fußball zu schauen und Bier zu trinken. Leider wird sein friedliches Leben eines Tages unterbrochen, als seine Frau Ophelia Rock vom Dorfschrägling Gary Gritter entführt wird. Chuck ist also ziemlich verärgert über diese ganze Situation und du musst ihm helfen, die Dinge in Ordnung zu bringen. Das Spiel ist ein Side-Scrolling-Plattformer. Chuck bekämpft eine Vielzahl von Dinosauriern, indem er seinen Belly-Buster-Angriff und einen Sprungtritt einsetzt. Gelegentlich muss er Steine aufheben und werfen, um Feinde zu besiegen und in größere Höhen springen zu können.
Cliffhanger (USA, Europe)	Cliffhanger ist ein plattenförmiges und actiongeladenes Spiel aus dem Jahr 1993, in dem der Spieler gegen Feinde kämpft und die Fälschung hinaufsteigt. Das Spiel basiert auf dem gleichnamigen Film mit Sylvester Stallone aus dem Jahr 1992.
Collection Pocket (Japan) (SGB Enhanced)	Diese Kassette vereint zehn Minispiele, darunter Poker, Blackjack, Auto- und Pferderennen. In der Zusammenstellung finden wir aber hauptsächlich zwei Aufnahmen. Alles auf Japanisch erlaubte mir nicht, die Namen der Titel zu entschlüsseln. Abgesehen davon hat mich der schmeichelhafte Name des Herausgebers Naxat Soft dazu bewogen, diese horizontale Software auszuprobieren. Das erste mit einer „Kawai“-Atmosphäre überrascht angenehm. Mit diesen Umgebungen und ihrem abwechslungsreichen Bestiarium haben wir recht schnell Spaß. Das Spiel mit einem sehr einfachen Schwierigkeitsgrad (unerlässlich, um das Ausweichen zu meistern) profitiert von der korrekten Grafik, aber vor allem von einem sehr guten Leveldesign. Labyrinthförmiges Level, Feinde, die bei Annäherung von der Decke fallen, Fähigkeit, Hindernisse zu umgehen usw.
College Slam (USA)	Als Teil der NBA-Jam-Reihe von Basketballspielen können Sie bei College Slam aus über 40 echten College-Teams wählen und an direkten Spielen, Turnierspielen und Spielen über die gesamte Saison hinweg teilnehmen. Das Gameplay ist eine schnelle 2-gegen-2-Action im Arcade-Stil mit wilden Dunks, Power-Ups und anderen verrückten Moves, die das Backboard zertrümmern. Das Spiel enthält auch Kampflieder aller verfügbaren Teams.
Contra - The Alien Wars (USA) (SGB Enhanced)	Willkommen im Jahr 2636: Der berüchtigte Red Falcon schlägt zurück und bringt die Contra-Streitkräfte mit einem beispiellosen Angriff der Außerirdischen an ihre Grenzen. Kämpfe dich in rasantem Tempo durch glühende Schlachten – in Seiten- und Draufsicht, eingebettet in ein intensives 3D-Erlebnis. Besiege Solar Slimedogs, klettere über Mauern, schwinge dich an Seilen und Trägern entlang und vernichte Red Falcons Verbündete. Fünf spektakuläre Level erwarten dich, von Neo City bis zu den Mucho Grande Badlands. Gewaltige Explosionen, bildschirmfüllende Bosse und übermächtige Waffen machen klar: Das Contra-Erbe lebt – und es ist gefährlicher denn je.
Cool Ball (USA)	Pop-Up ist ein einfaches Actionspiel, bei dem der Spieler die Kontrolle über einen springenden Ball übernimmt. Das Ziel jedes One-Screen-Levels (die Hintergrundthemen reichen vom Urknall bis in die Zukunft) ist einfach: zwischen Plattformen hin- und herspringen, so viele Punkte wie möglich sammeln und vor allem den Exit-Schlüssel, der den Weg in die Zukunft freigibt nächste Ebene. Natürlich gibt es verschiedene Gefahren zu überwinden, meist in Form von speziellen Plattformen wie klebrigen oder abgewinkelten Plattformen. Außerdem gibt es weitere Werkzeuge zu sammeln, mit denen man sich an anderen Orten das Leben erleichtern kann: Wassertropfen zum Löschen von Bränden, ein Hammer zum Einreißen von Mauern und Schlüssel zum Öffnen von Durchgängen.
Cool Hand (Europe)	Cool Hand wird alle Arten von Kartenspielern ansprechen. Es gibt drei verschiedene Spielarten – Solitaire, Cribbage und Blackjack, die jeweils vier Spielstile bieten. Cool Hand beinhaltet ein einzigartiges „Learn & Play“, das Sie jederzeit um Hilfe bitten können.
Cool Spot (USA)	Das Spiel ist ein 1-Spieler-Plattformer, in dem der Spieler Cool Spot steuert, der springen und angreifen kann, indem er Soda-Blasen abfeuert, die in alle Richtungen und beim Springen geschossen werden können. Cool Spot kann sich auch an verschiedenen Dingen festhalten und auf sie klettern, indem er vor ihnen hochspringt. In jedem Level muss der Spieler andere Cool Spots, die genau gleich aussehen, aus Käfigen am Ende des Levels retten, was nicht unbedingt der Punkt ganz rechts auf der Levelkarte ist. Dazu muss der Spieler eine bestimmte Anzahl von &quot;Spots&quot; sammeln, die sich im Laufe des Spiels verändern (meist erhöhen). &quot;Spots&quot; wurden in großen Mengen über das Level verteilt.
Cool World (USA, Europe)	Ein lizenziertes Spiel basierend auf dem Live-Action-/Animationsfilm „Cool World“. Sie spielen Frank Harris und Ihre Aufgabe ist es, Holli would daran zu hindern, die reale Welt zu betreten. Sie schaffen die Level, indem Sie Kritzeleien schießen und Münzen sammeln. Das Gameplay besteht aus 4 Welten mit jeweils 4 Leveln. Wie der Film basiert auch das Spiel auf Cartoon-Grafiken.
Cosmo Tank (USA)	CosmoTank ist ein Weltraumpanzer-Kampfspiel. Du bist der Kommandant des Panzers „Tiger a-1“ und deine Mission ist es, an Land und im Weltraum gegen das Meisterinsekt und seine Schergen zu kämpfen. Das Spiel bietet sowohl Top-Down-Levels als auch First-Person-Levels, in denen Sie sich frei in alle Richtungen bewegen können. Die Schauplätze umfassen sowohl offene Außenumgebungen als auch Höhlen und Räume. Verbessere deine Kanone und Panzerung im Laufe der Zeit langsam, um mehr Feuerkraft und die Fähigkeit zu erhalten, mehr Treffer auszuhalten.
Crayon Shin-chan - Ora no Gokigen Collection (Japan) (SGB Enhanced)	Crayon Shin-Chan ist ursprünglich ein Manga von Yoshito Usui, der die Abenteuer von Shinosuke Nohara erzählt, einem fünfjährigen Jungen, dem außergewöhnliche Dinge passieren. Diese Game-Boy-Adaption ist eigentlich eine Zusammenstellung von Minispielen. Der junge Held muss daher alle Charaktere im Manga in verschiedenen Disziplinen herausfordern.
Crayon Shin-chan - Ora to Shiro wa Otomodachi Da yo (Japan)	Dieses Mal finden wir den jungen Shinosuke in einem ziemlich klassischen Plattformspiel. Dem Helden wurde die Möglichkeit gegeben, verschiedene Gegenstände zu benutzen oder auf die anderen Charaktere zu springen, um sie loszuwerden. Technisch ganz nett, für seinen Zweck ist das Spiel dennoch schwierig. Eine große Anzahl von Minispielen durchbricht die Monotonie eines sehr uninspirierten Leveldesigns.
Crayon Shin-chan 2 - Ora to Wanpaku Gokko Dazo (Japan)	Nach den Abenteuern von Crayon Shin-Chan in den Genre-Plattformen erweist sich die Umsetzung dieses Albums immer als gut, das Programm verfügt über die gleichen Grafiken wie sein Vorgänger und bietet die gleiche Art von Gameplay. Ein Titel, bei dem es darum geht, die Konfrontation mit den Feinden zu vermeiden, Gegenstände zu finden, um sich zu schützen, und Minispiele zu meistern, die in jedem Level zu finden sind.
Crayon Shin-chan 3 - Ora no Gokigen Athletic (Japan)	Dritte Folge von Shinosukes Abenteuern auf dem Game Boy. Das Rezept ist dieses Mal nicht dasselbe, da der Junge dieses Mal in seiner Nachbarschaft umherstreifen und sich den Herausforderungen stellen muss, die andere Charaktere im Manga stellen. Die Minispiele sind in ihrer großen Anzahl sehr gut gemacht und machen sehr viel Spaß. Eine schöne Überraschung, vor allem für diejenigen, die die Serie lieben und ein Gespür für seinen Humor haben.
Crayon Shin-chan 4 - Ora no Itazura Daihenshin (Japan) (SGB Enhanced)	Die Serie folgt den Abenteuern eines fünfjährigen Jungen namens Shinnosuke Nohara (Spitzname Shin-chan) und seiner Familie, Nachbarn, Freunden und Verwandten in Kasukabe, Präfektur Saitama, Japan. Shinnosukes Familie bestand ursprünglich aus vier Mitgliedern, darunter Shinnosuke, Misae Nohara (die Mutter), Hiroshi Nohara (der Vater) und Shiro (der Hund). Die Familie ist fünf Jahre alt, als die Letzte eintrifft, Shinnosukes kleine Schwester Himawari Nohara. Auch in der Familie ist sein wütender und oft autoritärer Großvater Yoshiji das Gegenteil seines anderen Großvaters Ginnosuké mit dem Spitznamen „Ginny“, der scherzt und auch pervers ist. Shinnosuke verbringt die meiste Zeit mit vier seiner Freunde: Nene, Kazama, Masao und Bo. Er geht in den Kindergarten, wo er Lehrer wie Mademoiselle Yoshinaga und Mademoiselle Matsuzaka sowie den Schulleiter, Herrn Takakura, besucht, den er und seine Freunde aufgrund seiner Kleidung und seines mafiösen Aussehens „Der Pate“ nennen.
Crystal Quest (USA)	Crystal Quest auf dem Gameboy ist ein Actionspiel, bei dem Sie die Kristalle auf dem Bildschirm sammeln müssen, während Sie versuchen, den Schwarm von Feinden zu vermeiden, die aus Portalen am Rand des Spielfelds auftauchen. Das Ziel besteht darin, genügend Kristalle zu sammeln, um das Portal am unteren Bildschirmrand zu öffnen und somit zum nächsten Level zu gelangen.
Cult Jump (Japan)	Cult Jump ist ein ganz besonderer Titel, eine Mischung aus Abenteuerspiel und Quiz. Der Spieler findet hier alle Charaktere, die seinerzeit auf den Seiten der berühmten Zeitschrift Shonen Jump veröffentlicht wurden, wobei diese ihn zu seiner Manga-Kultur befragt (die Fragen natürlich insbesondere zu den Lizenzen, die sie repräsentieren).
Cult Master - Ultraman ni Miserarete (Japan)	Cult Master – Ultraman Ni Miserarete ist ein Quizspiel über das Universum des silbernen Kriegerbeschützers Ultraman. Der Spieler muss hier eine Vielzahl von Fragen zur Lizenz, aber auch allgemeiner Fragen zur Kultur beantworten. Beachten Sie, dass es möglich ist, den Schwierigkeitsgrad zu wählen. Bei den schwierigsten Fragen geht es zum Beispiel darum, in welcher Episode dieser oder jener Feind erscheint ...
CutThroat Island (USA, Europe)	In diesem Spiel schlüpfen Sie in die Rolle einer Piratendame namens Morgan, die vor seinem Tod von ihrem Vater ein Stück einer Karte geschenkt bekam. Im Spiel machen Sie sich auf die Suche nach weiteren Teilen der Karte, um den verborgenen Schatz auf Cutthroat Island zu finden. Das Gameplay beinhaltet, dass Sie über den Bildschirm scrollen und mit verschiedenen Angriffen einzeln gegen Piraten und andere Schurken kämpfen. Je weiter du voranschreitest, desto mehr Kombos schaltest du frei. Dieses Spiel basiert auf dem gleichnamigen Film.
Cyraid (USA)	Übernehmen Sie die Kontrolle über den Krieger oder Kämpfer (kein Unterschied zwischen den Charakteren), während Sie ihre Mutter Natasia vor einem bösen Wissenschaftler retten, der versucht, die Erde von seiner Festung Cyraid aus zu erobern. Verfolge ihren Entführer über vier Level mit mehreren Räumen, zerschmettere Blöcke und trete gegen Leitern, um zu Energiekapseln zu gelangen, die einen Ausgang zum nächsten Raum offenbaren. Feinde in jedem Level nehmen Leben, wenn sie dich berühren. Es gibt Extraleben und Upgrade-Pods, die gesammelt werden können, um die Geschwindigkeit zu erhöhen, dichte Blöcke zu zerstören, zu springen und sogar Raketen abzufeuern. Alle paar Minuten stapft ein großes Felsmonster über die Szene und lässt zuvor zerstörte Blöcke wieder auftauchen. Passen Sie also auf, dass Sie nicht denselben Platz einnehmen. Die Etappen bieten auch alternative Pfade und Bosskämpfe. Mit Passwörtern können Sie zu Beginn jeder Phase fortfahren.
Daedalian Opus (USA)	In diesem Spiel spielst du als Daedaleanopus. Deine Aufgabe ist es, Rätsel zu lösen. Diese Rätsel bestehen darin, geformte Teile in einen Raum zu legen und den Bereich mit allen Teilen vollständig auszufüllen - ähnlich wie bei Tetris, nur dass du versuchst, den gesamten Platz auf dem Spielbrett auszufüllen. Für jedes Rätsel gibt es eine Zeitvorgabe, und nach jedem Rätsel erhältst du ein Passwort, mit dem du dein Spiel später fortsetzen kannst.
Daffy Duck (USA, Europe) (SGB Enhanced)	Daffy Duck ist ein von Looney Tunes inspiriertes Plattformspiel für den Gameboy. Daffy, der die Rolle des Superhelden Duck Dodgers spielt, versucht, die Pläne des Marsmenschen Marvin zu vereiteln, der die Erde zerstören will. Die einzige Möglichkeit für die Ente, dorthin zu gelangen, besteht darin, durch das Universum zu reisen, um alle fünf Maschinen von Marvin zu zerstören.
Dai-2-ji Super Robot Taisen G (Japan) (SGB Enhanced)	Dai 2 Ji Super Robot Wars G ist ein taktisches Rollenspiel für den Gameboy. Wissenschaftler haben außerirdische Technologien im Herzen eines gerade abgestürzten Meteoriten entdeckt. Sie schließen daraus, dass die Außerirdischen jeden Moment angreifen werden und Sie die Erde beschützen müssen! Sie steuern eine Armee riesiger Roboter, die an allen Fronten, an Land, auf See oder in der Luft, richtig positioniert werden, um die immer stärker werdenden Angriffe der Eindringlinge abzuwehren!
Daikaijuu Monogatari - The Miracle of the Zone (Japan) (SGB Enhanced)	Die erfahrensten Spieler kennen wahrscheinlich die beiden Super Famicom-Episoden dieser Serie. Diese Game Boy-Version ersetzt rundenbasierte Schlachten durch kartenbasierte Schlachten, offensichtlich inspiriert von Magic und Yu Gi Oh! Die Besonderheit der Patrone besteht darin, dass sie für den Datenaustausch mit dem GB Kiss-System ausgestattet ist.
Daiku no Gen-san - Robot Teikoku no Yabou (Japan)	Aus der Serie „Hammerin' Harry“. Das zweite Game Boy-Spiel führt Helden an die letzte Grenze – den Weltraum. Das grundlegende Gameplay ist weitgehend das gleiche wie beim Vorgänger, obwohl es etwas schwieriger ist. An einigen Stellen werden Sie von einigen Roboterhelfern begleitet, die an bestimmten Stellen in jedem Abschnitt auftauchen, um Sie über Mauern zu springen oder zusätzliche Feuerkraft bereitzustellen. Es gibt auch einen besonders coolen Endkampf, bei dem die Rollen vertauscht sind – anstatt ein einzelner Charakter gegen eine riesige Maschine zu sein, steuern Sie eine riesige Maschine gegen einen einzigen Charakter, einen schlauen Ninja, der immer wieder auftaucht und wieder verschwindet. Dieses wurde nur in Japan veröffentlicht.
Daisenryaku (Japan)	Daisenryaku ist ein traditionelles rundenbasiertes Militärstrategiespiel. Das Spiel verwendet „falsche Sechsecke“; Die Sechsecke sind tatsächlich quadratisch. In jedem Szenario gibt es zwei Rivalen, „schwarz“ und „weiß“ – und vier Seiten sind im Spiel: USA, UdSSR, BRD und Japan, jeweils mit spezifischen Einheiten, die auf realistischer Kriegsführung basieren, zum Beispiel Mig-23, Su-24 , T-80. Bradley, F-15, F-16... Wie in anderen Daisenryaku-Spielen muss jede Seite Einheiten wie Infanterie, verschiedene Panzertypen, Hubschrauber usw. produzieren. Verschiedene Einheiten haben unterschiedliche Stärken und Schwächen. Der Ausgang eines Kampfes wird durch die Angriffsstärke bestimmt, die je nach Einheitentyp unterschiedlich ist. Das Spiel verfügt über 6 Karten und kann sowohl gegen die Konsole als auch gegen einen anderen menschlichen Spieler gespielt werden.
Darkman (USA, Europe)	Basierend auf dem Film von Sam Raimi. Sie spielen Peyton Westlake, der von den Toten zurückgekehrt ist, als der vielgesichtige „Darkman“ und auf der Suche nach Rache am Gangster Robert G.Durant. Erleben Sie alle Höhepunkte des Films – die atemberaubende Helikopter-Kampfsequenz – die Schießerei im Wolkenkratzer – und würfeln Sie mit dem Tod, während Sie sich von einem Helikopter aus in den dichten Verkehr auf der Autobahn schwingen.
Darkwing Duck (USA)	Darkwing Duck ist ein 2D-Plattformspiel für Dritte mit diesem Disney-Superhelden, einem Freund von Lauchpad McQuack (dem Duck Tales-Charakter, der als Pilot für Dagobert Duck arbeitete). Als anständiger Superheld besteht seine Aufgabe darin, die Stadt vor seinen Feinden zu retten. Die Grafiken sind cartoonartig, wie bei anderen von Capcom entwickelten Disney-Lizenzen, aber düsterer. Das Gameplay ähnelt Mega Man und Duck Tales, im gleichen Jump-and-Run-Stil. Die Steuerung ist einfach zu handhaben.
David Crane's The Rescue of Princess Blobette (World) (Limited Run Games)	A Boy and his Blob: Rescue of Princess Blobette ist ein Plattformspiel für Gameboy. Sie spielen einen Jungen, „Boy“, der von seinem talentierten Assistenten Blob begleitet wird. Ihr Ziel ist es, Prinzessin Blobette zu retten, die in einem großen Schloss gefangen gehalten wird. Ihr Blob-Helfer ist eine sehr nützliche Kreatur, die sich in verschiedene Objekte verwandeln kann.
Days of Thunder (USA, Europe)	Der Film von Tom Cruise machte NASCAR-Rennen der breiten Masse zugänglich, und Mindscape tat dasselbe für Spielespieler mit dieser Lizenz. Wenn Sie die Fahrernamen gedanklich ändern, kann man sich das eher als eine Nachbildung eines echten NASCAR-Rennens vorstellen, als als eine direkte Nachbildung des Films. Sie spielen Cruises Cole Trickle-Charakter (sein Name unterscheidet sich, wie viele andere auch, leicht von dem eines echten NASCAR-Rennfahrers des Tages) gegen Ihre Rivalen auf 8 Strecken, die echten Vorbildern nachempfunden sind. Die Rennen finden alle auf Ovalen statt, wobei die genauen Längen, Kurvenarten und Steigungen variieren. Das bedeutet, dass die ideale Ideallinie auf einer Strecke Sie auf einer anderen in die Enge treiben kann. Das Qualifying findet parallel zu den Rennen statt. Von Zeit zu Zeit müssen Sie in den Boxenstoppbereich fahren. Dabei steuern Sie die fünf Mitglieder der Boxencrew. Wenn Sie an der Box Zeit verlieren, verlieren Sie im Rennen Positionen. Die anderen Rennfahrer kommen jedoch nie an die Box. Die NES-Version bietet nur die 3rd-Person-Perspektive.
Dead Heat Scramble (USA)	Dead Heat Scramble ist ein relativ einfaches Rennspiel. Der Spieler wählt zwischen drei Autos (Dünenbuggy, Sandbahn oder Geländewagen) und fährt gegen die Zeit, während er Hindernissen wie anderen Autos oder Blockaden ausweicht. Die zehn Kurse, die in linearer Reihenfolge freigeschaltet werden müssen, finden in einer Röhre statt und werden im Querschnitt von oben dargestellt. Die Autos können sich in der Kurve nach links und rechts bewegen. Ansonsten gibt es unterwegs auch ein paar Power-Ups zu sammeln, die Vorteile wie einen Nitro-Boost mit sich bringen.
Dennis the Menace (USA)	Dennis The Menace und seine Fortsetzung in Frankreich mit „Denis La Malice“ sind ein Spiel, das auf dem gleichnamigen Film aus dem Jahr 1993 basiert. Auf dem inkarnierten Denis Mitchell, einem 5-jährigen Garçon aus böser Absicht, während eines Abenteuers in seiner Heimatstadt, musste er die Sammlung von M. Wilsons Sohn zurückholen und seine Freunde Joey und Margaret in den Griff bekommen, als sie unterwegs waren 4 Stufen, alles in einer begrenzten Zeit.
Desert Strike - Return to the Gulf (USA) (SGB Enhanced)	Das erste Spiel der Strike-Reihe. Ein Jahr nach dem Golfkrieg übernimmt ein selbsternannter General namens Kilbaba (Muababa in der GBA-Version) ein Arabisches Emirat und droht, den Dritten Weltkrieg gegen seinen Feind im Westen, die USA, zu beginnen. Die ganze Welt hält den Atem an, als der Präsident Sie wählt um Kilbaba und seine Terroristenarmee zu zerstören, bevor er einen Atomangriff auf die Welt startet! Sie müssen einen speziell entwickelten AH-64A Apache auf einer Reihe von Missionen fliegen, von der Rettung von MIAs über die Zerstörung von Kraftwerken bis hin zur Sprengung von SCUD-Raketen! Schalten Sie seine Verteidigung aus, während Sie versuchen, Kilbabas Pläne herauszufinden. Nehmen Sie es mit dem Verrückten auf und beseitigen Sie diese Bedrohung für immer ... in der Wüste!
Dexterity (USA, Europe)	Dexterity, auch unter dem Namen „Funny Field“ in Japan bekannt, ist ein Spiel von SNK aus dem Jahr 1990 für den Game Boy. Es besteht aus einem Spiel, das aus einer Suite von Räumen besteht, mit einem Sol Carré, das im September zurückgewonnen wurde, und aus drei Stockwerken (insgesamt 56 Carreaux). Le but du jeu est du kehrst zu all den Clairs Clairs und Carreaux zurück und sautant von einem anderen. Pluspunkte und Bonus-Kreuzfahrten auf Ihrer Pelzroute und ein Fortschrittsmaß von 30 Stufen, das Ihnen das Spiel bietet.
Diablo (USA) (Proto)	Diablo auf dem Gameboy ist ein leider abgebrochenes Hack'n Slash, in dem Sie einen Charakter spielen. Ihr Ziel ist es, die unterirdischen Gänge einer Burg zu erkunden, indem Sie die dortigen Monster ausrotten, um Erfahrung und Gegenstände zu sammeln, um immer stärker zu werden.
Dick Tracy (USA)	Sie spielen den kantigen Detektiv Dick Tracy, der versucht, fünf verschiedene Verbrechen mit unterschiedlichem Schwierigkeitsgrad aufzuklären. Bei diesem Spiel handelt es sich hauptsächlich um ein Plattformspiel mit einigen Fahrten über den Kopf, um auf der Suche nach Hinweisen zu den verschiedenen Gebäuden zu gelangen. Es gibt fünf verschiedene Waffen im Spiel: Handfeuerwaffe, Maschinenpistole, Superschlag, Tränengas und Tracys einfache Fäuste. Es gibt auch medizinische Kits, die gefunden werden können. Feinde können bewaffnet oder unbewaffnet sein. Wenn Tracy einen unbewaffneten Schläger erschießt, verliert er seine Gesundheit. Das Hauptziel des Spiels besteht darin, fünf Hinweise zu sammeln; genug, um den Täter festnehmen zu können. Hinweise sind in der ganzen Stadt in verschiedenen Gebäuden verstreut, in denen es normalerweise voll von Tracy-hassenden Schlägern ist. Sie beginnen damit, sich die Fahndungsfotos bekannter Krimineller anzusehen, gehen zu ihrem letzten Aufenthaltsort und verhören sie.
Dig Dug (USA)	Dig Dug wurde als Arcade Spiel 1982 von Namco veröffentlicht. Das beliebte Spiel mit einfachen Konzept wurde auf viele Konsolen und Heimcomputer (z. B. C64) portiert. Dig Dugs Spielziel ist es, höhlenbewohnende Monster zu vernichten. Es gibt zwei Gegner: Pooka und Fygar Der Spieler steuert einen tunnelgrabenden Bergmann, der sein Leben lässt, wenn er von einem Monster erwischt, von Fygars Feuer verbrannt oder von einem herabfallenden Stein erschlagen wird. Man muss viermal mit dem Feuerknopf pumpen, um ein Monster platzen zu lassen. Halb aufgeblasene Monster erholen sich nach einigen Sekunden wieder, sind bis dahin aber gelähmt. Das Spiel läuft in einer Schleife. Der jeweils letzte Feind versucht an der Erdoberfläche links aus dem Bild zu laufen. Der Level wird durch Blumen in der rechten oberen Ecke repräsentiert. In jedem Folgelevel steigen Anzahl und Geschwindigkeit der Gegner
Dino Breeder (Japan) (SGB Enhanced)	Dino Breeder beginnt damit, dass der Spieler eines von sechs Dinosaurier-Eiern auswählen kann. Der Spieler darf dann den aus dem Ei schlüpfenden Dinosaurier behalten und ihm einen Namen geben. Der Dinosaurier kann gefüttert, trainiert oder in die Schlacht gezogen werden. Es gibt eine Geschichte, die durch die Erfüllung bestimmter Kriterien vorangetrieben werden kann. Dinosaurier haben eine festgelegte Anzahl an Trefferpunkten und wenn sie auf Null reduziert werden, sterben sie, sodass die Spieler die Möglichkeit haben, das gesamte Spiel von vorne zu beginnen oder am letzten Kontrollpunkt mit dem aktuellen Dinosaurier neu zu beginnen.
Dirty Racing (Japan)	Dirty Racing is a Racing game, developed by Gremlin Interactive and published by Jaleco Entertainment, which was released in Japan in 1993.
Dodge Boy (Japan)	Dodge Boy ist eine Revolution im Völkerball. Es ermöglicht Ihnen, mit einer Vielzahl von Spieleinstellungen und Spielerplatzierungen nach Ihren Wünschen zu kämpfen.
Donkey Kong (Japan, USA) (En) (SGB Enhanced)	Donkey Kong hat Pauline entführt und nun liegt es an Mario, verschiedenen Gefahren zu trotzen, Donkey Kong zu verfolgen und Pauline aus ihrer Notlage zu retten! Zu Beginn erwarten dich die bekannten Level aus der Spielhalle, doch danach beginnt die eigentliche Herausforderung! Folge Donkey Kong in die Stadt, auf ein Schiff, in die Wüste, ein felsiges Tal und noch weiter... Kannst du Donkey Kong schnappen und Pauline befreien?
Donkey Kong Land (USA, Europe) (SGB Enhanced)	Cranky Kong ärgert Donkey und Diddy Kong, indem er behauptet, dass Donkey Kong Country nur wegen der tollen Grafik und der modernen Musik zum Erfolg wurde. Um ihm zu beweisen, dass sie auch auf einem 8-Bit-System, wie dem Game Boy, ein erfolgreiches Abenteuer bestreiten können, lassen sich die Kongs ihre Bananen ein weiteres Mal vom böswilligen King K. Rool stehlen und brechen danach in ein neues Abenteuer auf.
Donkey Kong Land 2 (USA, Europe) (SGB Enhanced)	Donkey Kong wurde vom böswilligen King K. Rool entführt. Dieser fordert den Bananenvorrat der Kongs als Lösegeld. Dies wollen Diddy und Dixie Kong nicht hinnehmen und brechen auf, um Donkey Kong aus den Fängen von K. Rool zu befreien.
Donkey Kong Land III (USA, Europe) (SGB Enhanced)	Die Insel Donkey Kong Country wird seit dem Entdecken der legendenumwobenen Verlorenen Welt von zahlreichen Abenteurern besucht. Donkey und Diddy Kong gehören zu den Ersten, die die Verlorene Welt besuchen wollen. Dixie Kong passt derweil auf den kleinen Kiddy Kong auf. Da Dixie die Abenteuerlust überkommt, bricht sie zusammen mit Kiddy auf, um eine neue Herausforderung zu bestreiten und die Verlorene Welt selbst zu entdecken.
Doraemon - Taiketsu HimitsuDougu!! (Japan)	Die ersten Abenteuer der Roboterkatze aus der Zukunft kommen in Form eines Actionspiels voller Herausforderungen. Meistens handelt es sich um simulierte Shoot'em Ups, bei denen der Spieler verpflichtet ist, eine bestimmte Anzahl an Punkten zu erreichen, um weiterzukommen. Auch wenn die Umsetzung recht willkürlich ausfällt, schätzen wir es dennoch, das Universum des Mangas von Hiroshi Fujimoto zu finden.
Doraemon 2 - Animal Planet Densetsu (Japan)	Doraemon 2: Animal Wakusei Densetsu ist ein Actionspiel, das von Agenda entwickelt und von Epoch veröffentlicht wurde und 1992 in Japan veröffentlicht wurde.
Doraemon Kart (Japan) (SGB Enhanced)	Doraemon Kart ist ein Kart-Spiel. Eine schöne Überraschung, wenn man bedenkt, dass es sich um ein GameBoy-Spiel handelt. Ein Kart-Spiel, das in einem Doraemon-Universum spielt, das unseren japanischen Freunden gut bekannt ist und in dem sie unter anderem mit einem ihrer Lieblingsmaskottchen spielen.
Doraemon no Game Boy de Asobouyo Deluxe 10 (Japan) (SGB Enhanced)	In dieser Zusammenstellung mehrerer Minispiele müssen Sie die Charaktere des Doraemon-Universums in so exotischen Disziplinen wie Skateboarden, Mahjong in den Farben der Roboterkatze, einem Bingo-Ersatz und anderen Tests mit nicht immer verständlichen Regeln herausfordern.
Doraemon no Study Boy 1 - Shou 1 Kokugo Kanji (Japan)	Nachdem sie die Kinder unterhalten hat, macht sich Doraemon, die Roboterkatze, daran, im großen Stil zu unterrichten. In diesem ersten Kapitel können junge Spieler mit einer ganzen Reihe von Erkennungsübungen auf mehreren Ebenen an ihrer Lektüre von Kanji, japanischen Ideogrammen, arbeiten. Ein Titel, der Japanophilen vorbehalten ist, die keine Angst davor haben, auf einem monochromen Bildschirm zu arbeiten.
Doraemon no Study Boy 2 - Shou 1 Sansuu Keisan (Japan)	Als Fortsetzung der Study Boy-Sammlung bietet diese Sansuu Kei-san-Version jungen Spielern die Möglichkeit, auf spielerische Weise an ihrer Arithmetik zu arbeiten. Ich bin mir nicht sicher, ob der Game Boy wirklich die richtige Unterstützung für diese Art von Übung ist ... Die Software schlägt sich jedoch ganz gut und es gibt sogar ein Minispiel in Form von Shoot'enm, um die Mutigsten zu belohnen.
Doraemon no Study Boy 3 - Ku Ku Master (Japan)	Ku Ku Master ist das ideale Modul für junge Spieler, die an diesem wesentlichen Punkt der Mathematik arbeiten möchten, um das Modul zu vervollständigen, das sich mit der Arithmetik und ihren Problemen befasst, die manchmal etwas unpassend formuliert sind. Es gibt Tests, zeitgesteuerte Übungen ... Kurz gesagt, alles, um ein Crack zu werden.
Doraemon no Study Boy 4 - Shou ni Kokugo Kanji (Japan)	Wie der Name schon sagt, ist dies das zweite Kapitel, das dem Studium der Kanji gewidmet ist. Keine großen Neuerungen im Vergleich zum ersten Werk, außer dass neue Minispiele erscheinen. Beachten Sie das Vorhandensein eines speziellen Schreibmodus, in dem das Programm dem Spieler zeigt, wie man Kanji kalligraphiert. Ein Titel, der Kennern vorbehalten ist.
Doraemon no Study Boy 5 - Shou 2 Sansuu Keisan (Japan)	Wie das zweite Kapitel, das den Kanji gewidmet ist, gibt es auch hier ein neues Kapitel, das sich auf die Arithmetik konzentriert. Auf der Speisekarte steht etwas, das die Gehirne kleiner japanischer Braunköpfe auf Trab bringt, mit Problemen von Doraemon, der Entdeckung verschiedener Arbeitsmethoden, Minispielen für die Hartnäckigsten und sogar einem Taschenrechner. Es versteht sich von selbst, dass dieser eher ungewöhnliche Titel nicht jedem gefallen wird.
Doraemon no Study Boy 6 - Gakushuu Kanji Master 1006 (Japan)	In der letzten Folge der Edutainment-Reihe mit Doraemon als Held bietet dieses Werk des Kanji-Meisters dem Spieler die Möglichkeit, am Gakunenbetsu-Kanji Haitouhyou zu arbeiten, mit anderen Worten an den mehr als tausend Kanji, die Schüler der Sekundarstufe bis zum Ende ihres Studiums beherrschen müssen sechstes Schuljahr. 'Studium. Auch dieser Titel ist gut gestaltet, aber nicht wirklich für jedermann zugänglich, und richtet sich an ein ganz bestimmtes Publikum.
Double Dragon (USA, Europe)	Double Dragon spielt im postapokalyptischen New York und erzählt die Geschichte von Billy und Jimmy Lee, Zwillingsbrüdern, die im Kampfstil von Sou-Setsu-Ken ausgebildet wurden. Gemeinsam leiten sie eine kleine Kampfsportschule, in der sie ihren Schülern Selbstverteidigung beibringen. Eines Tages wird Billys Freundin Marian von den „Black Warriors“, einer wilden Straßenbande unter der Führung eines Mannes namens Willy, auf der Straße entführt. Die Black Warriors verlangen von den Lee-Brüdern die Offenlegung ihrer Kampfkunstgeheimnisse im Austausch für Marians Freiheit.
Double Dragon 3 - The Arcade Game (USA, Europe)	Billy und Jimmy Lee sind zurück in der größten Arcade-Herausforderung von Double Dragon aller Zeiten: der Suche nach den Rosetta Stones! Besiege den skrupellosen japanischen Ninja mit brandneuen Kampfsportmanövern wie dem Spinning Cyclone, Flying Knee Drop und mehr! Vernichte die heimtückischen Feinde der dunklen Wälder Chinas mit deinen tödlichen Nunchakus! Vernichte Roms gnadenlose Bogenschützen mit deinem Kriegerschwert! Aber Vorsicht! In Ägypten fordern übernatürliche Wächter die mutigsten Seelen im Kampfsport-Arcade-Abenteuer ihres Lebens heraus!
Double Dragon II (USA, Europe)	Die hübsche Marian wurde im ersten Double Dragon-Spiel von Billy und Jimmy Lee aus den Fängen der Black Warriors-Bande gerettet, doch nun hat die Bande sie als Vergeltung für ihre frühe Niederlage getötet. Die Drachen müssen sich nun auf eine Mission begeben, um ihren Tod zu rächen und die Schwarzen Krieger zum zweiten und letzten Mal zu besiegen. Die ursprüngliche Arcade-Version von „Double Dragon II“ war im Wesentlichen eine verbesserte Version des ersten Spiels. „Double Dragon II“ bietet nicht nur erneuerte Audio- und Grafikeffekte sowie neue Fallen, Bewegungen und feindliche Charaktere, sondern verzichtet auch auf die herkömmlichen Schlag- und Trittknöpfe und setzt stattdessen auf ein richtungsorientiertes Angriffssystem, das dem ursprünglichen Technos-Beat-Em-System ähnelt. bis Renegade.
Double Dribble - 5 on 5 (USA)	Es ist Zeit für eine kleine Hartholz-Hysterie. Ihr Trainer führt das Team in einer Schweigeminute vor dem Spiel an. Das einzige Geräusch, das aus der Umkleidekabine zu hören ist, ist das systematische Tropfen eines undichten Duschkopfs. Dann schaut der Trainer mit Intensität in seinen Augen auf und knurrt: „Zeit, die Bretter zum Absturz zu bringen!“ Die Schreie von 40.000 Zuschauern hallen durch die überfüllte Arena, während Sie aus dem Tunnel in das blendende Kameralicht der nationalen Medien stürmen. Willkommen zum einzigen Profi-Fünf-gegen-Fünf-Spiel, bei dem es jemals ums Hartholz ging! Um der Beste zu werden, müssen Sie mehr Talent in Ihren kleinen Fingern haben als die Konkurrenz, wenn Sie versuchen, gegen acht verschiedene Teams zuzuschlagen, zu passen, zu stehlen, frei zu werfen, zu springen und die Bahn zu bezwingen. Jeder mit Spielern unterschiedlicher Stärke und Schwäche. Die Kameras zoomen sogar heran, wenn Sie für die Rim Rockin' Slams in die Luft fliegen! Aber Sie werden kein schlecht gelaunter Beilmann, sonst zwingen die Schiedsrichter Sie dazu, den Ball mehr umzudrehen als ein Flapjack-Koch in einem Pancake Emporium. Ziehen Sie die High-Tech-Hi-Tops an, Sie jammen jetzt mit den großen Jungs!
Double Yakuman (Japan)	Der auf Brettspiele spezialisierte VAP-Redakteur bietet zur Freude von Mahjong-Fans eine Episode seiner berühmten Serie Yakuman an. Auch wenn der Titel technisch gesehen ziemlich einfach ist: Alles spielt sich auf einem schwarzen Hintergrund ab und wir können die Kacheln nur schlecht erkennen, so hat das Spiel den Vorzug, ein Genre anzugehen, das auf dem Game Boy recht selten vorkommt. Eine Produktion, die einen recht guten Ruf genießt und bis zu zwei Spieler akzeptiert.
Double Yakuman II (Japan)	Aufbauend auf dem Erfolg seines Vorgängers ist Double Yakuman 2 ein ähnlicher Titel, der eine interessante Neuheit bietet: die Möglichkeit, Spiele gegen drei Spieler zu spielen, die von der KI gesteuert werden. Das Zwei-Spieler-Spiel über Kabellink ist weiterhin vorhanden. Beachten Sie, dass die Musik seltsamerweise von Kazunaka Yamane (Double Dragon) signiert ist.
Double Yakuman Jr. (Japan)	Wir stoppen VAP und seine Mahjong-Simulationen nicht länger! Dieses Mal richtet sich der Herausgeber an die Jüngsten und greift auf eine Version mit dem Prädikat „Junior“ zurück, die nach vereinfachten Regeln Alternativen zum Originaltitel bietet und sich perfekt für Anfänger eignet. Das Spiel zu zweit reagiert noch einmal und die Umsetzung ist noch immer ebenso lückenhaft.
Downtown - Nekketsu Koushinkyoku - Dokodemo Daiundoukai (Japan)	Der Studentenrat der Reihou-Akademie schlug ein freundschaftliches sportliches Treffen vor, um sich für das Fehlverhalten des Studentenratspräsidenten Yamada zu entschuldigen. Allerdings hat Toudou Mamoru, der neue Präsident des Studentenrats, der mit der Organisation des Sporttreffens betraut wurde, nicht die Absicht, sich zu entschuldigen. Stattdessen plant er, die anderen Schulen zu vernichten, und stellt die Double Dragons wieder ein, obwohl sie wegen der Entführung von Mami ausgewiesen wurden. Niemand scheut sich, mitzumachen. Die Nekketsu High School unter der Leitung von Kunio, die Hanazono High School unter der Leitung von Riki und die Interschool Union unter der Leitung von Gouda geben alle ihre Teilnahme am Wettbewerb bekannt. So kann Toudou seine Handlung mit den vier Teams beginnen.
Downtown Special - Kunio-kun no Jidaigeki Da yo Zenin Shuugou! (Japan)	Sie entwickeln sich mitten im Mittelalter mit recht gelungener Grafik. Kämpfe allein am Computer oder mit zwei Spielern gegen Feinde mit bloßen Händen oder indem du Szenerienelemente auf sie wirfst. Besonders hervorzuheben ist die Fähigkeit, mit dem Körper eines Feindes wie mit einer gewöhnlichen Klingenwaffe zu kämpfen. Es ist ein Zwei-Spieler-Modus verfügbar und selbst wenn Sie alleine spielen, bietet das Spiel Hilfe in Form eines KI-gesteuerten Partners, der gewechselt werden kann, wenn Sie mehr Verbündete im Spiel gewinnen (einschließlich alter Feinde).
Dr. Franken (USA)	Dr. Franken ist ein Side-Scrolling-Plattformspiel für den Game Boy. Du spielst die Kreatur von Von Frankenbone, die in den vier Ecken des riesigen Gebäudes nach den Teilen seiner Liebsten Bitsy sucht. Dazu muss er die dämonischen Kreaturen, die den Ort heimsuchen, eliminieren oder ihnen ausweichen, indem er Blitze auf sie wirft und dabei jeden Winkel und jede Ritze durchsucht. Die Kreatur von Frankenbone verfügt über ein Inventar und eine Zielkarte, die ihm bei seiner Suche helfen.
Dr. Franken II (USA, Europe) (En,Fr,De,Es,It,Nl,Sv)	Dr. Franken II ist ein bahnbrechendes Abenteuerspiel auf dem Game Boy. Diese zweite Folge traf die Kreatur von Frankenbone zu Ehren. Ich war nicht damit zufrieden, das Schloss zu verlassen, und schon wurde es in das Herrenhaus seines verstorbenen Schöpfers zurückversetzt. Suchen Sie nach einem Ausfall für uns alle, beschmutzen Sie alle Münzen und eliminieren Sie die schrecklichen Kreaturen, die jedes Stück und jedes Loch in der Nähe haben.
Dr. Mario (World)	Was geschieht, wenn ein Klempner zum Halbgott in Weiß aufsteigt, macht diese perfekte Kombination aus dem Superhit Tetis mit der niedlichen Mario-Welt deutlich. In diesem simplen, aber absolut suchtgefährlichen Game lehrt Dr. Mario mit geschickter Medikamentenkombination die fiesen Bazillen das Fürchten. Gerade in der anstehenden Grippezeit ein Spiel, das in keiner Tasche fehlen darf. Hilf Dr. Mario beim Kampf gegen bösartige Viren, indem du diese mit bunten Vitaminen bombardierst.
Dragon Ball Z - Gokuu Gekitouden (Japan) (SGB Enhanced)	Basierend auf der Anime-Animeserie Dragon Ball Z beginnt das Spiel damit, dass Kuririn, Gohan und Bulma von Freezers Handlangern in Namek angegriffen werden, und folgt der Geschichte bis zum Kampf zwischen Freezer und Goku. Das Gameplay ist dem von Dragon Ball Z: Gokū Hishōden sehr ähnlich, allerdings mit einigen bemerkenswerten Unterschieden, da den Spielern jetzt nur eine begrenzte Zeit zur Verfügung steht, um eine Abfolge von Aktionen für jede Runde auszuwählen. Als nächstes findet der Kampf auf einer kleinen Karte statt, wobei sich die Köpfe der beiden Charaktere im Quadrat bewegen. Eine grafische Darstellung dessen, was die Charaktere tun, wird oben durch animeähnliche Zeichnungen veranschaulicht. Die nächsten Charaktere müssen Energie aufladen, zielen und angreifen. Nach jedem erlittenen Aufprall wird auf dem Bildschirm ein Trefferschadenswert angezeigt.
Dragon Ball Z - Gokuu Hishouden (Japan) (SGB Enhanced)	Dragon Ball Z: Goku Hishoden ist ein Rollenspiel-Videospiel, das am 25. November 1994 in Japan für den Game Boy veröffentlicht wurde. Es ist der erste Teil der Goku-RPG-Serie und das erste Dragon Ball-Spiel für den Game Boy. Trotz des Titels beginnt Goku Hishoden am Ende von Dragon Ball mit Gokus Kampf mit Piccolo im 23. World Martial Arts Tournament und endet mit dem Kampf gegen Vegeta in der Saiyajin-Saga von Dragon Ball Z (ähnlich dem Videospiel Dragon Ball Z aus dem Jahr 2009). : Angriff der Saiyajins). Das Spiel ist auch mit dem Super Game Boy kompatibel. Seine Fortsetzung ist Dragon Ball Z: Goku Gekitoden.
Dragon Slayer Gaiden - Nemuri no Oukan (Japan)	Dragon Slayer Gaiden ist ein Spin-off der erfolgreichen Dragon Slayer-Reihe von Falcom und versetzt Sie erneut in die Rolle des namenlosen Ritters, der Dutzende von Dungeons räumen und das Land vor den allgegenwärtigen Drachen retten muss. Das Gameplay unterscheidet sich etwas vom ursprünglichen Dragon Slayer, da es jetzt Außenbereiche sowie NPCs gibt, die Sie auf bestimmte Quests schicken. Der Kampf findet immer noch in Echtzeit statt, aber eine neue Angriffstaste bringt das Spiel näher an andere Action-RPGs wie Zelda.
Dragon Slayer I (Japan) (En)	Dragon Slayer gilt gemeinhin als einer der Urväter des Action-RPG-Genres. Das Spielprinzip ähnelt dem von Roguelikes: Der Spieler übernimmt die Kontrolle über einen Ritter, der sich durch große, labyrinthartige Verliese kämpfen muss. Im Gegensatz zu Roguelikes ist der Kampf in diesem Spiel völlig handlungsorientiert: Der Spieler muss sich dem Monster nähern und mit ihm &quot;zusammenstoßen&quot;, um ihm Schaden zuzufügen, und gleichzeitig versuchen, seinen Schlägen auszuweichen. Der Kampf findet auf demselben Bildschirm statt wie die Erkundung; manchmal verfolgen die Monster den Ritter auch, wenn er versucht zu entkommen. Im Gegensatz zu Roguelikes ist keiner der Orte oder Gegenstände im Spiel zufällig gewählt.
Dragon's Lair - The Legend (World) (Incube8 Games)	Die Game Boy-Version von Dragon's Lair ist eigentlich eine Portierung von Roller Coaster, deren Protagonist durch Dirk the Daring ersetzt wurde. Dirk muss alle in der Spielwelt verstreuten „Lebenssteine“ einsammeln (durch Gehen oder Springen), um schließlich Prinzessin Daphne zu retten. Die Spielwelt ist in mehrere frei navigierbare Bildschirme unterteilt, die etwas breiter als der Bildschirm des Game Boy sind. Während Dirk sich bewegt, scrollt der Bildschirm und wenn die Grenze erreicht ist, wechselt er zu einem neuen Bildschirm. Um sich fortzubewegen, kann Dirk über Autoscooter, fliegende Zauberhüte und andere bewegliche Plattformen springen. Dirk beginnt mit 10 Leben, die durch Stürze von hohen Plattformen, das Berühren von Stacheln oder die Landung auf Wasser oder Feuer verloren gehen können. Das Hauptthema erinnert ein wenig an die NES-Version. Das Spiel ist in zwei verschiedenen Geschwindigkeiten spielbar und kann auch zu zweit abwechselnd gespielt werden.
DragonHeart (USA, Europe)	DragonHeart ist ein Actionspiel auf dem Gameboy, das auf dem gleichnamigen Film aus dem Jahr 1996 basiert. In einer Welt, die an Drachen erinnert, haben die Menschen diese letzten Jahre verfolgt und sind nicht mehr dazu da, was ein Vertreter dieser besonderen Fantasie ist. Sie verkörpern Bowen, einen ehemaligen Drachenjäger und Ritter der Rekrutierung, und versuchen, den tyrannischen Prinzen an den Küsten Ihrer drakonischen Freunde zu befreien.
Dropzone (Europe)	In Dropzone auf dem Gameboy spielt der Spieler einen Astronauten, der mit einem Jetpack ausgestattet ist. Sie müssen helfen und gleichzeitig vermeiden, selbst Opfer der Außerirdischen zu werden, die Tricks anwenden, um Sie zu eliminieren. Dein Freund ist vielleicht nicht der, von dem du denkst...
Druaga no Tou (Japan) (En)	Der Spieler schlüpft in die Rolle von Prinz Gilgamesch (Gil), einem tapferen Ritter, der die Priesterin Ki retten muss, die von dem Dämon Druaga gefangen gehalten wird. Du bist mit einem Schwert und einem Schild bewaffnet, mit denen du angreifen und dich verteidigen kannst. Sie bewegen sich von Stockwerk zu Stockwerk, die wie ein Labyrinth aufgebaut sind, auf der Suche nach dem Schlüssel, der Ihnen den Weg aus dem Level ermöglicht. Der Turm von Druaga besteht aus etwa 60 Stockwerken, die letzte Konfrontation findet auf dem Gipfel statt. Gegenstände können durch das Erfüllen verschiedener Aufgaben auf jeder Etage gefunden werden, einige davon werden für das Beenden des Spiels unerlässlich sein.
DuckTales (USA)	Im Keller von Onkel Dagoberts Villa entdecken Tick, Trick und Track ein altes Stück Papier. Als sie es Onkel Dagobert zeigen, erkennt er es als Teil einer legendären Schatzkarte, von seinem Vater Fergus McDuck. Mit den verbleibenden Teilen der Karte, die auf der ganzen Welt versteckt sind, liegt es an Onkel Dagobert diese zu finden und den Schatz von Fergus McDuck zu bergen.
DuckTales 2 (USA)	Im Keller von Onkel Dagoberts Villa entdecken Huey, Dewey und Louie ein altes Stück Papier. Als sie es Onkel Dagobert zeigen, erkennt er darin einen Teil der legendären Schatzkarte seines Urgroßonkels Fergus McDuck! Da die verbleibenden Teile der Karte auf der ganzen Welt versteckt sind, liegt es an Onkel Dagobert, sie zu finden und Fergus McDucks geheimen Schatz zu entdecken! Duck Tales 2 ist die Fortsetzung des NES- und Game Boy-Spiels Duck Tales. Basierend auf dem gleichnamigen Disney-Cartoon steuern die Spieler Onkel Dagobert, der auf der ganzen Welt nach gewaltigen Reichtümern sucht und dabei versucht, versteckte Teile der Karte zu entdecken.
Dungeon Land (Japan)	Dungeon Land ist ein eher untypischer Titel, der sich ein von Tamakichi Sakura (Sansara Naga, Tower Dream) signiertes Design-Chara zunutze macht. Es handelt sich um ein Erkundungsspiel, bei dem der Spieler mithilfe seines Avatars blind seinen Weg in ein Verlies finden muss. Es ist daher notwendig, von Box zu Box vorzudringen und dabei zu versuchen, sich den Weg zum Ausgang freizukämpfen, indem man Sackgassen und andere Fallen umgeht. Während wir vorankommen, finden wir verschiedene Gegenstände, die uns bei unserer Suche helfen könnten.
DX Bakenou Z (Japan)	Eine Simulation, die den Spieler in die Welt des Pferdesports entführt. DX Bakenou Z legt Wert auf Management und Strategie. Der Spieler muss also alles von A bis Z verwalten, vom Kauf seines zukünftigen Champions über seine Ausbildung bis hin zum Training oder sogar Wetten. Technisch nicht sehr glänzend, ist dieser Titel vor allem für Fans des Genres gedacht, die Japanisch beherrschen, da es hier nur Text gibt.
Earthworm Jim (USA)	Eine Krähe jagt einen Wurm namens Jim, während Psy-Crow im Weltraum ein abtrünniges Schiff jagt. Der Schiffskapitän hat einen Ultra-High-Tech-unzerstörbaren Super-Weltraum-Cyber-Anzug gestohlen und Königin Slug-for-a-Butt hat Psy-Crow befohlen, ihn zu besorgen, da er sie dadurch schöner machen kann als Princess-What's -Ihr Name. Psy-Crow vernichtet den Kapitän und der Anzug fällt auf den Planeten Erde. Zurück auf der Erde fragt sich Jim, ob er endlich in Sicherheit ist, als ein unzerstörbarer Ultra-High-Tech-Super-Weltraum-Cyber-Anzug auf ihm landet. Zum Glück ruht Jim im Halsring des Anzugs. Dann beginnen die Weltraumteilchen mit Jim zu interagieren, was zu einer Entwicklung mit Lichtgeschwindigkeit führt. Jim merkt schnell, dass er die Kontrolle über den Anzug hat. Jim hört die Pläne der Königin für den Anzug und beschließt, diese Prinzessin zu treffen ...
Eddie's Puzzle Time (USA) (Proto)	„Eddie's Puzzle Time“ ist ein unveröffentlichtes Puzzlespiel das von Jason McGann zur veröffentlicht wurde. Das Spiel ist im Retro Stil gehalten und recht leicht zu verstehen. Es gibt drei Startpunkte mit jeweils eigenen Leveln. Ziel ist es gleich nummerierte Blöcke ineinander zu werfen bevor die Zeit abläuft. Einige Level sind anspruchsvoll, aber mit ein paar Tricks sind sie alle lösbar. Laut Jason war das Spiel zu 99% fertiggestellt.Speichermöglichkeiten aber noch nicht. Jason McGann ist für die Entwicklung von Titeln wie Alfred Chicken sowie für die Programmierung von GTA: Vice City Stories und GTA: Liberty City Stories von RockStar Leeds verantwortlich. Derzeit hat er zusammen mit Jeff Tawney &quot;The Great Unwashed&quot; gegründet.
Elevator Action (USA, Europe)	Der Spieler übernimmt die Rolle eines Spions, der ein 30-stöckiges Gebäude mit Aufzügen infiltriert. Der Spieler wird von feindlichen Agenten verfolgt, die hinter verschlossenen Türen auftauchen. Diese Agenten müssen mit Gewalt oder Ausweichen behandelt werden. Zum erfolgreichen Abschluss eines Levels müssen alle geheimen Dokumente gesammelt und das Gebäude von oben nach unten durchquert werden. In den unteren Etagen des Gebäudes können die Aufzugssysteme so komplex sein, dass Fähigkeiten zum Lösen von Rätseln erforderlich sind. Die Bedienelemente bestehen aus einem 4-Wege-Joystick und zwei Tasten, eine zum Schießen und eine zum Springen und Treten.
Elite Soccer (USA) (SGB Enhanced)	Bei Elite Soccer stehen 24 24 Nationalmannschaften zur Auswahl, darunter die USA, England, Frankreich und Brasilien. Tritt bei der Weltmeisterschaft an, überstehe die Gruppenphase und kämpfe um den Pokal. Alternativ wartet ein klassisches K.-o.-Turnier, bei dem jede Partie über das Weiterkommen entscheidet. Im Zweispielermodus können Freunde direkt gegeneinander antreten. Gespielt wird überwiegend aus der Vogelperspektive, während Strafstöße in die Third-Person-Ansicht wechseln. Die aktuellen Regeln lassen sich an den eigenen Spielstil anpassen. Wähle Wetter, Torhüterstärke sowie Indoor- oder Outdoor-Stadion und bearbeite deine Spieler individuell – von ihrem Aussehen bis zu ihren Werten.
Extra Bases (USA)	„Nun, es sieht so aus, als hätten die Jungs aus ihrer Heimatstadt ihr letztes Aus in diesem siebten Spiel einer unglaublichen Serie erreicht. Die Auszählung ist voll, also werden die Läufer gehen. Hier ist die Zusammenfassung und das Spielfeld. Oh, Wade hat das alles geschafft!!...es geht...geht...Cole rennt zurück zur Warnspur...Es ist weg!!! Home Run!!!&quot; Jetzt können Sie mit Extra Bases die ganze Spannung eines Kopf-an-Kopf-Wimpelrennens erleben. Pitch, Bat, Field und Run der Bases wie bei einem professionellen Baseballspiel. Sie können auch alle Trainerentscheidungen steuern, z. B. das Einsetzen Ihres Ace-Relief-Pitchers oder die Forderung nach einem Selbstmord-Squeeze-Spiel. Extra Bases ist das Nächstbeste, um das Spiel tatsächlich zu spielen. Also treten Sie an die Front und spielen Sie Ball!!
F-1 Race (World)	F-1 Race ist ein Rennspiel im Arcade-Stil mit Strecken an Orten auf der ganzen Welt. Sie finden Tracks aus Australien, Kanada, Portugal, Indien, Russland und Ägypten. Das Gameplay wird mithilfe skalierter Bitmaps aus der Perspektive hinter dem Auto betrachtet. Es gibt drei Spielmodi. Im Meisterschaftsmodus nimmst du an einer Reihe von Rennen teil und musst in jedem Rennen den ersten Platz belegen, um zum nächsten zu gelangen. Im Zeitfahrmodus versuchst du die kürzeste Rundenzeit auf der Strecke deiner Wahl zu fahren. Schließlich gibt es noch den Multiplayer-Modus für bis zu vier Fahrer.
F-15 Strike Eagle (USA, Europe)	F-15 Strike Eagle bietet dem Spieler die Möglichkeit, einen F-15-Kampfjet in Missionen zu fliegen, in denen das berühmte Flugzeug tatsächlich eingesetzt wurde. Sie fliegen im Nahen Osten und in Asien, um Ziele am Boden und in der Luft zu zerstören.
F1 Pole Position (USA, Europe)	F1 Pole Position auf GameBoy ist ein Formel-1-Spiel unter dem Namen „Indique“. Im Gegensatz zu dem, was der letzte war, dachte ich, dass es keine Adaption für das SNES-Spiel gibt, sondern ein Spiel der F-1 Hero-Serie, das diesen Namen für die europäische Version erworben hat.
Faceball 2000 (USA)	Faceball 2000 ist ein Ego-Shooter. Sie steuern ein H.A.P.P.Y.F.A.C.E. oder ein holographisch unterstütztes physisches Muster, das für eine aktive computergestützte Einschiffung bereitgestellt wird. Die Grafiken bestehen aus flachen, schattierten Korridoren. Feinde sind alle einfache geometrische Formen mit Smileys darauf. Obwohl die Grafiken einfach sind, ermöglichen sie völlige Bewegungsfreiheit, ähnlich wie Wolfenstein 3-D. Es gibt zwei Spielmodi. Zunächst gibt es einen Einzelspielermodus, in dem Ihr Ziel darin besteht, den Ausgang zu jedem Level zu finden. In diesem Modus gibt es 70 Labyrinthe. Der zweite Modus ist die Multiplayer-Arena. Für den Game Boy: In diesem Modus können bis zu 4 Game Boys miteinander verbunden werden.
Family Jockey (Japan)	Family Jockey ist ein Pferderennspiel für das Nintendo Famicom. Sie können zwischen einem Ein-Spieler- oder Zwei-Spieler-Simultanmodus wählen. Zu Beginn müssen Sie ein Pferd auswählen. Pferde haben unterschiedliche Fähigkeitsniveaus wie Geschwindigkeit, Ausdauer oder Sprung. Während des Rennens werden die Pferde und die Strecke von oben angezeigt. Durch den Einsatz der Peitsche erhöhst du die Geschwindigkeit deines Pferdes, was wiederum zu einem Energieverlust führt und daher mit Vorsicht eingesetzt werden muss. Es gibt zwei verschiedene Oberflächentypen (Rasen und Erde) und einige Parcours haben Hindernisse, über die man springen muss. Um mit dem Spiel fortfahren zu können, müssen Sie in jedem Rennen mindestens unter den ersten vier sein. Eine höhere Platzierung erhöht das Preisgeld. Ein Modus, der sich neben dem reinen Rennteil auf ein sogenanntes „Familienspiel“ konzentriert, das neben dem Rennteil auch einen Wettteil beinhaltet.
Family Jockey 2 - Meiba no Kettou (Japan)	Als direkter Nachfolger von Family Jockey greift dieses Modul die Grundlagen seines Vorgängers auf und verbessert dessen Inhalt. Der Schwerpunkt lag auf der Managementseite, von Sportwetten bis zum Kauf des zukünftigen Champions. Produktionsseitig gewinnt die Grafik an Finesse und Realismus. Was die Musik betrifft, ist sie erneut von Norihiko Togashi signiert. Zur Interaktion gibt es jedoch nichts zu berichten, da die Bestellungen identisch bleiben.
Famista 2 (Japan)	Zwei Jahre nach Famista ersetzte Namco das Cover durch einen zweiten Teil. Die Grundlagen bleiben unverändert, mit der Ausnahme, dass der Inhalt bereichert wurde. Allerdings haben sich die Entwickler auf ihre Errungenschaften verlassen und eine grafische Verbesserung ist nicht zu verzeichnen. Das sehr unterhaltsame Spiel zu zweit wird Baseball-Fans jedoch weiterhin begeistern. Eine gute Gelegenheit, das Link-Kabel herauszuholen.
Famista 3 (Japan)	Diese letzte Komponente, zweifellos die erfolgreichste der drei, ist mit dem Namcot Barcode Boy kompatibel, einem Zubehörteil, das das Scannen von Barcodes ermöglicht, um Sportler mit verbesserten Leistungen zu gewinnen. Abgesehen von dieser Option macht die Umsetzung einen kleinen Schritt nach vorne, mit mehr geleckten Grafiken. Es ist auch möglich, mehrere Etappen zu wählen. Die Musik stammt von Hiromi Shibano. Lustiges Detail: Wir bemerken hier einen kleinen Auftritt von Pac-Man ...
Fastest Lap (USA)	In diesem Spiel schlüpfen Sie in die Rolle eines F1-Rennfahrers, der die Spitze erreichen will. Sie müssen Qualifikationsrunden absolvieren, bevor Sie an den größten F1-Rennen teilnehmen können. Die Rennen finden von oben nach unten statt. Sie können den Motor und die Reifen Ihres Autos je nach Strecke, auf der Sie fahren, modifizieren und haben die Wahl, eines der vier Hauptteams zu vertreten.
Felix the Cat (USA, Europe)	Felix The Cat für den GameBoy! Die clevere Katze ist zu allem bereit! Springe, fliege und schwimme in Felix The Cat für den GameBoy durch abwechslungsreiche Levels um deine Freundin Kitty aus den klauen des garstigen Professors zu befreien. Dieser will sie nur für Felix´ Tasche rausrücken. Leg ihm das Handwerk! Was kann seine Tasche denn nicht? Felix The Cat für den GameBoy!
Ferrari Grand Prix Challenge (USA, Europe)	Der Spieler schlüpft in die Rolle eines Ferrari-Teamfahrers, dessen Ziel es ist, während der Standardsaison mit 16 Runden F1-Champion zu werden. Der Spieler tritt gegen 25 Computergegner an, die verschiedene F1-Teams repräsentieren. Jede Runde besteht aus einem Qualifikationsrennen (1 Runde) und einem Hauptrennen (5 Runden). Das Qualifikationsrennen bestimmt, wo das Fahrzeug des Spielers zu Beginn des Hauptrennens platziert wird. Der Spieler wird mit Punkten belohnt, die seine Platzierung am Ende eines Hauptrennens bestimmen, wobei mehr Punkte für die höhere Platzierung im Rennen vergeben werden. Außerdem kann der Spieler während eines Rennens einen Boxenstopp einlegen, um seine abgenutzten Reifen zu wechseln und aufzutanken, was das Spielen eines Minispiels beinhaltet. Es gibt auch einen Übungsmodus, in dem der Spieler die Anzahl der Übungsrunden auswählen kann, die er üben möchte.
Fidgetts, The (USA, Europe) (En,Fr,De,Es,It,Nl,Sv)	The Fidgetts ist ein Side-Scrolling-Plattformspiel im gleichen Stil wie The Lost Vikings. Der Spieler kann zwischen zwei Fidgetts wechseln, um Hindernisse zu überwinden. Einer der Fidgetts kann höher springen, um sonst unzugängliche Objekte oder Orte zu erreichen. Fidgetts können Gegenstände heben und fallen lassen, um Hindernisse zu überwinden. In jedem Level muss der Spieler beide Fidgetts zum Ausgang bringen, bevor die Zeit abläuft. Es gibt Fallen und Feinde, die dazu führen können, dass Fidgetts Leben verlieren oder ihnen Schaden zufügen.
FIFA - Road to World Cup 98 (Europe) (SGB Enhanced)	Die 98er Edition der FIFA-Reihe für den Game Boy unterscheidet sich kaum von ihrem unmittelbaren Vorgänger desselben Entwicklers. Es verfügt über die gleichen isometrischen Gameplay-Grafiken, die gleichen Teams (51 Nationalmannschaften plus die All-Star-THQ-Tornados) und die gleichen Spielmodi: Freundschaftsspiele, Turniere (Gruppenphase plus K.-o.-Phase), Playoffs (nur die K.-o.-Phase) und a Ligamodus. Änderungen sind ein völlig neues Menü-Frontend und überarbeitete Steuerelemente. Insbesondere unterscheiden die beiden Tasten des Game Boy nicht mehr zwischen der Stärke von Schüssen, wobei die Wahl zwischen einem Abstoß und einem Pass ganz von der Situation abhängt; Die Tasten für Pässe und Kicks sind jetzt unterschiedlich.
FIFA International Soccer (USA, Europe) (En,Fr,De,Es) (SGB Enhanced)	Dies ist das erste Fifa-Spiel, das 1993 auf dem GameBoy veröffentlicht wurde. Es gibt nur einen möglichen Modus: Anstoß. Anschließend können Sie gegen einen Computer oder gegen einen Freund spielen. In diesem Spiel können Sie nur nationale Auswahlen auswählen (mit Ausnahme des EA Allstars-Bonusteams). Es werden keine echten Spielernamen verwendet, das Gleiche gilt für Stadien (es gibt nur ein bespielbares Stadion) und Schiedsrichter. In diesem Spiel gibt es keinen Kommentator, es wird lediglich eine Animation auf dem Bildschirm angezeigt, wenn Sie ein Tor erzielen.
FIFA Soccer 96 (USA, Europe) (En,Fr,De,Es) (SGB Enhanced)	FIFA Soccer 96 ist eine Fußballsimulation. Das Spiel umfasst elf Ligen aus der ganzen Welt, von den unbekannten Spielern der malaysischen Liga bis zu den gefeierten Stars der englischen und italienischen Liga. Außerdem sind 59 internationale Mannschaften vertreten, und es ist möglich, die gewünschten Mannschaften in Freundschaftsspielen gegeneinander antreten zu lassen, oder Sie können auch wählen, ob Sie an nationalen oder internationalen Turnieren wie der Weltmeisterschaft teilnehmen möchten. Wenn Sie mit der Zusammensetzung der verschiedenen Teams nicht zufrieden sind, können Sie über den benutzerdefinierten Teamersteller Ihr eigenes Traumteam erstellen. Der britische Kommentator John Motson kommentiert alle Vorfälle und Ereignisse auf dem Spielfeld in Echtzeit. Der Umgebungskommentar ist vielfältig und Systeme mit mehr als der Mindestspeicherkapazität erhalten zusätzliche Kommentarphrasen. Die Virtual Stadium-Technologie verfügt über zahlreiche vordefinierte Kamerawinkel.
FIFA Soccer 97 (USA, Europe) (SGB Enhanced)	Diese Version von FIFA '97 unterscheidet sich von ihren Konsolenversionen. Abgesehen von den offensichtlichen Grafik- und Soundeinschränkungen enthält diese Version keine nationalen Ligen, sondern bietet stattdessen 51 internationale Teams zur Auswahl sowie die All-Star-THQ-Tornados. Es bietet immer noch die traditionellen Spielmodi Exhibition, Tournament, Playoff und League sowie die Standardregeln und -bewegungen aus der Welt des Fußballs (gelbe und rote Karten, Sliding Tackles und blitzschnelle Torwartreaktionen).
Fighting Simulator 2 in 1 - Flying Warriors (USA, Europe)	Es handelt sich um einen Kampfsimulator, der 7 verschiedene Kontaktsportarten bietet, darunter Kung Fu und Boxen. Darüber hinaus finden Sie Flying Warriors, ein Side-Scrolling-Actionspiel, in dem Sie die Abenteuer des Superhelden Rick gegen seinen Feind, den Dunklen Drachen, verfolgen.
Final Fantasy Adventure (USA)	„Mystic Quest“ versetzt den Spieler in die Rolle eines gefangenen Gladiators, der seiner Gefangenschaft entkommt und auf seiner Reise eine höhere Bestimmung entdeckt. Das Geschehen wird aus der Vogelperspektive dargestellt, und Kämpfe finden in Echtzeit statt, wobei Gegner und Spielfiguren ohne Unterbrechung agieren. In Dungeons müssen Rätsel gelöst werden, um voranzukommen. Der Spieler kann bei einem Stufenaufstieg die Attribute seines Charakters wie Stärke oder Ausdauer gezielt verbessern. Neue Ausrüstungen und Waffen ermöglichen nicht nur stärkeren Schutz und Angriffe, sondern auch den Zugang zu neuen Gebieten, beispielsweise durch das Fällen von Bäumen mit einer Axt oder das Überqueren von Abgründen mit einer Peitsche. Die monochrome Pixelgrafik verwendet verschiedene Tönungen zur Unterscheidung von Vorder- und Hintergrund, und die musikalische Untermalung von Kenji Ito und Nobuo Uematsu trägt zur Atmosphäre bei. Der Spielstand kann jederzeit gespeichert und wieder aufgenommen werden, was den Spielfluss erleichtert.
Final Fantasy Legend II (USA)	Der zweite Teil der Final Fantasy Legend-Reihe steigert die Detailtiefe im Gameplay und in der Grafik gegenüber dem Original. Die größten Änderungen betreffen die Charakterklassen und Gruppenmitglieder. Ähnlich wie bei FFL können Sie beim Starten einer Partie Legends II Ihren Hauptcharakter aus Menschen, Monstern, Mutanten und einer neuen Klasse auswählen: Robotern. Von hier aus stellen Sie Ihre 4-köpfige Gruppe aus denselben Charakterklassen zusammen. Während des Spiels begleiten dich spezielle Nebencharaktere im Kampf, um dabei zu helfen, bestimmte Feinde zu besiegen. Die andere Verbesserung liegt in der Strategie. In FFL erhältst du nach jedem Kampf Erfahrungspunkte, steigerst deine Stärke usw. In FFLII erhältst du unterschiedliche Punkte und Fähigkeiten, je nachdem, wie du den Feind besiegt hast. Wenn Sie mit einem Schwert gewinnen, erhöht sich Ihre Stärke. Wenn du Magie verwendest, erhöht sich dein Mana. Dies fügt einen strategischeren Ansatz zum Besiegen von Feinden hinzu.
Final Fantasy Legend III (USA)	„Final Fantasy Legend III“ erzählt von einer großen Flut, die Städte in Vergangenheit, Gegenwart und Zukunft zerstört hat. Der Spieler führt eine Gruppe aus vier Charakteren, reist durch die Zeit und sammelt Teile des Schiffs Talon, um den Feind zu besiegen, der die Flut ausgelöst hat. Entscheidungen in einer Zeitlinie beeinflussen Ereignisse in anderen. Charaktere können sich weiterentwickeln, indem sie nach Kämpfen gefundene Gegenstände nutzen, um sich in Monster oder Roboter zu verwandeln. Erfahrungspunkte wurden durch ein System ersetzt, bei dem magische Steine gewählt werden, die den Charakteren bestimmte Magien dauerhaft verleihen.
Final Fantasy Legend, The (USA)	Legend, der erste „Final Fantasy“-Titel für den Game Boy, ermöglicht Ihnen die Auswahl aus 8 verschiedenen Charakteren, vom üblichen männlichen oder weiblichen Menschen bis hin zu Zombie, Werratte, Redbull (nicht das Getränk), Clipper oder mutiertem Mann oder Frau. Ganz gleich, wofür Sie sich entscheiden, das Ziel bleibt dasselbe: Erhöhen Sie Ihre Erfahrungspunkte und Fähigkeiten, indem Sie viele verschiedene Feinde im ganzen Land besiegen. Ähnlich wie in der alten (und neuen) FF-Serie können Sie Mitglieder auswählen, die sich Ihrer Gruppe und der bevorstehenden Quest anschließen (entweder Krieger, Mutanten oder Kreaturen). Für jeden Charakter ist die Anzahl der verfügbaren Bewegungen während jedes Kampfes begrenzt und nach jedem Kampf werden Erfahrungspunkte gesammelt, wodurch Ausdauer, Kraft usw. erhöht werden.
Final Reverse (Japan) (En)	Dieses Shoot'em Up ist ziemlich einzigartig. Hier geht es in der Tat nicht darum, Level zu überqueren, indem man feindliche Schiffe zerstört, sondern darum, mit einem Rivalen an einem Ort zu konkurrieren, der auf eine geschlossene Arena hinausläuft. Letztlich läuft Final Reverse auf eine Mischung aus Arkanoid und Snke hinaus, in dem Maße, dass die Verschiebungslinien manchmal durchgesetzt werden. Ein zu zweit spielbarer Titel, sicherlich besonders, aber nicht uninteressant.
Fire Fighter (Europe)	In diesem Spiel schlüpfen Sie in die Rolle eines Feuerwehrmanns, der Babys aus brennenden Gebäuden retten muss. Das Gameplay beinhaltet, dass Sie mit Ihrem Schlauch Feuer löschen, um vorbeizukommen und die Babys zu retten. Es gibt verschiedene Dinge, die Ihnen Schaden zufügen können, darunter aufziehbare Spielzeugsoldaten und Jack-in-the-Boxes, die Sie mit Ihrer Feueraxt töten können. Die Babys werden gerettet, indem Sie sie einzeln abholen und in Ihren LKW zurückbringen. In jedem Level gibt es mehr Babys zu retten und mehr Feinde töten. Da die Häuser außerdem mehrere Stockwerke haben, muss man viel zurückverfolgen, um alle Babys zu retten.
Fish Dude (USA)	Fish Dude ist ein Actionspiel. Der Spieler ist &quot;Fish Dude&quot;, ein mittelgroßer Fisch in einem kleinen Wassergebiet. Die Gesetze der Natur sind brutal: &quot;Fressen oder gefressen werden&quot;. Der Spieler muss andere, kleinere Fische fressen und stärkeren Feinden ausweichen: größeren Fischen und Vögeln. Wenn unser Held, Fish Dude, viele Fische isst, wird er stärker und kann sich erfolgreich gegen größere Fische verteidigen. Der Spieler hat nur 3 Leben. Wenn er sie alle verliert, ist das Spiel vorbei.
Fist of the North Star (USA)	Hierbei handelt es sich um ein „Beat-'em-up“-Plattformspiel, das auf der Anime-Serie Hokuto no Ken basiert. Laut der im Handbuch erwähnten Geschichte muss Kenshirou, die Hauptfigur, die Menschen vor dem bösen Kaiserhimmel retten. Das Spiel selbst bietet jedoch keinerlei Story, dafür aber jede Menge Plattform-Action. Sie müssen schnell durch die Level rennen (es gibt ein Zeitlimit), Ihre Feinde schlagen und treten, damit sie wegfliegen oder explodieren, gelegentlich einen Boss treffen, geheime Bereiche hinter Türen besuchen und verschiedene Power-Ups sammeln. Dies ist tatsächlich das zweite Spiel der Serie; der erste wurde nie außerhalb Japans veröffentlicht.
Flappy Special (Japan) (En)	Flappy Special ist eine Portierung von Flappy. Der Hauptunterschied besteht darin, dass das Spiel über zwei Spielmodi mit jeweils 80 Levels verfügt: einer ist rätselorientiert, während der andere mehr Feinde enthält. Die Levels selbst sind eine Mischung aus den Levels der PC-88- und NES-Versionen. Das Spiel selbst ist ein Puzzlespiel, bei dem der Spieler einen Maulwurf steuert, der einen blauen Stein an eine speziell markierte Stelle schieben muss. Der Stein lässt sich nur schieben, nicht aber ziehen. Während Flappy sich nicht um die Schwerkraft kümmert, tun es die blauen und roten Steine schon: Sie fallen herunter, wenn sie von einer Kante gestoßen werden. Dies muss verwendet werden, um den Weg für den blauen Stein freizumachen und Feinde zu vernichten, die versuchen, Flappy zu verletzen. Sie zu berühren oder von einem Stein zerquetscht zu werden, führt zum Verlust eines Lebens.
Flash, The (USA, Europe)	Basierend auf der TV-Show von 1990 ist The Flash ein Side-Scrolling-Plattform-/Kampfspiel mit dem schnellsten Mann der Welt. Der Spieler muss den Flash durch dreizehn Level führen und den Trickster daran hindern, die Stadt in die Luft zu jagen. Flash rennt von links nach rechts und muss mithilfe seiner Sprung- und Schlagfähigkeiten Bomben entschärfen, Schläger verprügeln, Hindernisse überwinden und Bosse bekämpfen, während er jedes Level innerhalb eines Zeitlimits abschließt.
Fleet Commander VS. (Japan)	Dieser ausschließlich japanische Titel konzentriert sich auf Seekämpfe in Form eines rundenbasierten Strategiespiels, in dem der Spieler seine Schiffe (und Flugzeuge) positioniert, in der Hoffnung, die seines Rivalen zu besiegen. Es stehen mehrere Karten zur Verfügung und der Inhalt ist recht großzügig. Die Kabelverbindung ermöglicht Teile zu zweit. Ein Titel, der Zen-Spielern vorbehalten ist, darunter auch Japanern ...
Flintstones, The (USA, Europe)	Das für den Gameboy erhältliche Jump'n'Run-Spiel The Flintstones ist eine Adaption des Films Die Flintstones aus dem Jahr 1994, der wiederum auf die gleichnamige Zeichentrickserie zurückgeht. Das Design ist also dem Film und nicht dem Zeichentrickfilm treu geblieben. Mit Keulen oder steinernen Bowlingkugeln beseitigen Sie die Feinde, die sich Ihnen in der prähistorischen Welt der Familie Feuerstein in den Weg stellen. Jedes Level ist zeitlich begrenzt.
Flintstones, The - King Rock Treasure Island (USA, Europe)	Fred Flintstone entdeckt eine Schatzkarte und begibt sich auf ein Abenteuer, um die Beute zu finden. Er reist durch sieben gefährliche Level, während er auf einem Dinosaurier reitet oder dieses Feuersteinmobil fährt. Hilf Fred, gefährliche Orte zu überqueren, durch gefährliche Gewässer zu navigieren und sich gegen böse Hasen, schreckliche Gürteltiere und fliegende Fische zu verteidigen! Ihre Belohnung wird der verborgene Schatz und ein tolles Abenteuer sein!
Flipull (USA)	Flipull ist ein Arcade-Logikspiel, bei dem das Hauptziel darin besteht, so viele Blöcke wie möglich auf dem Spielfeld zu zerstören. Je mehr Blöcke du zerstörst, desto mehr Punkte sammelst du. Von Level zu Level steigt die Anzahl der Blöcke und damit auch der Schwierigkeitsgrad. Das Spiel enthält mehr als 100 Level und bietet auch die Möglichkeit, neue Level hinzuzufügen. Das Spiel unterstützt mehrere Skins.
Football International (Europe)	Football International für GameBoy ist ein Fußballspiel, bei dem der Spieler aus 24 Nationalmannschaften auswählen kann, um am Weltmeisterschaftsturnier teilzunehmen und die begehrte Trophäe zu gewinnen. Ermöglicht die Option, allein oder mit einem anderen Spieler im Einzelspiel- oder Weltmeisterschaftsmodus zu spielen, taktische Auswahl und Spieldauer, bei Spielen mit Draufsicht.
Foreman for Real (USA, Europe)	Foreman For Real ist ein Boxspiel-Video aus dem Jahr 1995 auf dem Game Boy. Das Spiel wurde von Software Creations entwickelt und von Acclaim bearbeitet. Das Gameplay ähnelt dem klassischen Genre „Punch-out!“
Fortified Zone (USA, Europe)	Masato und Mizuki sind beide Teil eines Kommandos, das den Auftrag hat, eine feindliche Festung zu zerstören und alle Insassen zu töten. Heimlichkeit ist Ihr Verbündeter, denn es ist leicht, entdeckt und gefangen genommen zu werden. Das erwartet dich in dem Actionspiel Fortified Zone für den Gameboy.
Frank Thomas Big Hurt Baseball (USA, Europe)	Der Baseballspieler Frank Thomas lizenzierte eines der ersten Baseballspiele, das bewegungserfasste 3D-Grafiken und mehrere Kamerawinkel verwendete. 28 Stadien wurden in 3D gerendert und jedes weist seine eigenen sichtbaren und signifikanten Unterschiede auf. Es gibt 6 verschiedene Spielmodi, die sowohl einzelne Freundschaftsspiele als auch ganze Saisons in den Playoffs ermöglichen. Es gibt auch einen Home-Run-Derby-Modus, bei dem der Spieler den Ball aus dem Boden werfen kann, um Punkte zu sammeln. Sie können Pitcher und Batter basierend auf ihren Statistiken und ihrer Form auswählen. Die Bowling-Optionen bestimmen den Wurf, mit Fastballs und Curveballs sowie einer präziseren Einstellung von Tempo und Höhe. Das Fielding ist optional – überlassen Sie dies am besten zunächst dem Computer. Sie können die Infield- und Outfield-Tiefe und -Verschiebung jederzeit ändern.
Franky, Joe & Dirk - On the Tiles (Europe) (En,Fr,De,Es,It,Nl)	Franky, Joe & Dirk: On The Tiles ist ein Puzzlespiel für GameBoy. Es nutzt das Prinzip des Puzzlespiels „Taquin“, bei dem Sie ein in mehrere gemischte Teile geteiltes Bild rekonstruieren müssen, indem Sie diese gleichen Teile über einen leeren Raum verschieben.
Frogger (USA)	Ihre Aufgabe in diesem Arcade-Spiel ist es, einen Frosch über eine tückische Straße und einen Fluss zu führen und ihn oben auf dem Bildschirm in Sicherheit zu bringen. Beide Abschnitte bergen eine Vielzahl von Gefahren, von denen jeder den Frosch tötet und Sie bei Kontakt das Leben kostet. Die Straße ist voller Autos und Lastwagen mit unterschiedlichen Geschwindigkeiten. Das Flusswasser selbst ist tödlich, ebenso wie die Schlangen, die auf späteren Ebenen darin herumschwirren. Frogger muss die Anordnung aus Baumstämmen, Schildkröten (die nur für kurze Zeit dort sind) und Alligatoren verwenden (aber sich von ihren Gesichtern fernhalten) und dann in eine der offenen Heimzellen springen, idealerweise in eine, in der sich eine Fliege befindet, um zusätzliche Punkte zu erhalten . Sobald alle Löcher gefüllt sind, geht es zum nächsten, schwierigeren Level.
From TV Animation Slam Dunk - Gakeppuchi no Kesshou League (Japan) (SGB Enhanced)	Dies ist eine Spieladaption eines beliebten Anime, der auf Basketball basiert. Das Spiel wird gespielt, indem Symbole zum Passen, Schießen und Blocken ausgewählt werden. Das Spiel bietet flüssige Animationen. Ein Simulationsspiel vom Typ Tsubasa-kun. Die Entwicklung des Basketballspiels wird so weit wie möglich vereinfacht. Es ist leicht zu verstehen. Sogar ein Amateur-Basketballspieler kann dieses Spiel genießen. Außerdem ist es ziemlich cool, wie es die Grafiken der Originalserie originalgetreu wiedergibt.
From TV Animation Slam Dunk 2 - Zenkoku e no Tip Off (Japan) (SGB Enhanced)	Fortsetzung des Actionspiels des beliebten Basketball-Manga „Slam Dunk“. Das Spiel besteht aus Bewegungen auf einem Bildschirm, auf dem Sie das gesamte Spielfeld sehen können, und Einzelkämpfen auf dem Bildschirm. Passen, Schießen und Abprallen können im Minispiel-Stil genossen werden. Das Spielen von Multiplayer-Sportarten auf einer Handheld-Konsole kann ziemlich frustrierend sein, aber dies ist ein innovatives System, das das Problem beseitigt, dass Spieler zu anhänglich und schwierig zu spielen sind. Sobald Sie das Timing gefunden haben, werden Sie schießen.
Fushigi no Dungeon - Fuurai no Shiren GB - Tsukikage Mura no Kaibutsu (Japan) (SGB Enhanced)	Nach der Veröffentlichung von „Mysterious Dungeon 2: Furai no Shiren“ von Super Nintendo wurde im November 1996 das neue „Mysterious Dungeon Furai no Shiren GB ~ Tsukikagemura no Kaibutsu~“ auf dem Game Boy veröffentlicht. Dabei handelt es sich ebenfalls um die gleiche Serie. Shiren &quot;, die Geschichte und die Umgebung sind völlig anders. Shiren, der sich von Koppa von seinem Begleiter Itachi getrennt hat, wird auf dem Weg nach Koppa in einem Dorf namens „Tsukikagemura“ festgehalten. Ein monströser Terrorist lebt in einem Llamado Paso „Paso de Kuyo“ rund um die Aldea, es heißt, dass er in dieser Aldea Kinder opfert! Shiren, eine Wanderin, stand auf, um die Monstrositäten zu zerstören. Aufgrund der einfachen Spielbarkeit „jederzeit“ und „zu jeder Zeit“, exklusiv für die Game Boy-Version, erfreut sich dieses Programm großer Beliebtheit und zieht viele Fans an.
G Arms - Operation Gundam (Japan)	G-Arms: Operation Gundam ist ein von Bandai veröffentlichtes Actionspiel, das 1991 in Japan veröffentlicht wurde. Das erste Action-Shooter-Spiel der SD Gundam-Reihe. Jede Phase hat ihre eigene Strategie und die Phase wird gelöscht, wenn die Strategie abgeschlossen ist. Es gibt auch ein Simulationselement, bei dem Sie Schiffe unter Berücksichtigung des Geländes und der Leistung der mobilen Anzüge wechseln.
Game & Watch Gallery (USA) (SGB Enhanced)	Die Game & Watch Gallery ist die erste tragbare Kollektion der populären 1980er Handheld Spiele, die den bekannten Mr. Game & Watch, sowie Mario und seine Freunde ins Rampenlicht rückt. Die Sammlung umfasst vier beliebte Titel aus der Game & Watch Serie, jeweils mit einer klassischen und modernen Version jedes Spiels: Octopus, Fire, Manhole und Oil Panic. Jeder Modus bietet zwei Schwierigkeitsstufen: Einfach und Schwer. Umso höher dein Punktestand, desto mehr neue Boni werden in der Gallery Corner freigeschaltet. Diese enthalten Erscheinungsdaten, Bilder und Animationen, welche dir die ausführliche Geschichte von Gunpei Yokoi's Game & Watch Handheld-Konsolen näher bringt.
Game Boy Camera Gold (USA) (SGB Enhanced)	Die Game Boy Camera wurde mit vier Spielen ausgeliefert: * Ball ist ein Jonglierspiel, das den alten Game & Watch-Spielen ähnelt. * Space Fever II ist eine Fortsetzung/Hommage an das Nintendo-Arcade-Spiel Space Fever aus dem Jahr 1979. * Mit DJ kannst du deine eigene Musik erstellen. * Run! Run! Run! ist ein Sprintspiel, bei dem du um den ersten Platz bis zur Ziellinie rennen musst.
Game Boy Gallery - 5 Games in 1 (Europe) (SGB Enhanced)	Dieses Spiel enthält fünf klassische Game & Watch-Spiele: Ball, Vermin, Flagman, Manhole und Cement Factory. Ball versetzt Sie in die Rolle eines Zirkusjongleurs, in Vermin sind Sie ein Schädlingsbekämpfer, der versucht, Maulwürfe unter Kontrolle zu halten. Flagman ist ein Spiel, in dem Sie die vom Flagman angezeigten Zahlenfolgen wiederholen müssen. In Manhole müssen Sie verhindern, dass Fußgänger herunterfallen, nachdem die Kanaldeckel entfernt wurden. Schließlich müssen Sie in Cement Factory den Zement von oben nach unten in der Fabrik bewegen, ohne dass die Zementtanks überladen werden.
Game Boy Gallery 2 (Japan) (SGB Enhanced)	Game & Watch Gallery 2 (in Japan als Game Boy Gallery 2 und in Australien als Game Boy Gallery 3 bekannt) ist das dritte von fünf Spielen der Game Boy Gallery/Game & Watch Gallery-Reihe. Es wurde 1997 in Japan und 1998 in den USA für den Game Boy veröffentlicht und später 1998 für den Game Boy Color in den USA, Europa und Australien. Es enthält viele Spiele aus der Game & Watch-Reihe und umfasst sowohl die klassische Version als auch brandneue Mario-Remakes mit Charakteren, Gegenständen, Levels und mehr aus der Mario-Videospielreihe.
Game Boy Wars (Japan)	Im zweiten Teil von Nintendos Wars-Reihe treten zwei Parteien gegeneinander an: Es ist die Armee des Roten Sterns gegen die Armee des Weißen Mondes in rundenbasierten Schlachten auf 16 Karten, die im Gegensatz zum Vorgängerspiel in sechseckigen Gittern angeordnet sind. Auf jeder Karte besteht das Ziel darin, entweder alle feindlichen Streitkräfte zu vernichten oder die Hauptstadt des Feindes zu erobern. Es stehen 24 verschiedene Truppentypen zur Verfügung, denen unterschiedliche Befehle erteilt werden können, vom Angriff feindlicher Einheiten über die Unterstützung befreundeter Einheiten bis hin zur Belagerung oder Eroberung feindlicher Städte oder Anlagen.
Game Boy Wars Turbo (Japan) (SGB Enhanced)	Game Boy Wars Turbo ist eine verbesserte Version des ursprünglichen Game Boy Wars, das am 24. Juni 1997 veröffentlicht wurde. Die wichtigste Neuerung in Game Boy Wars Turbo besteht darin, dass die CPU jetzt über einen besseren Entscheidungsalgorithmus während ihrer Runden verfügt, was Schlachten ermöglicht um schneller voranzukommen als im Original. Turbo bietet außerdem 50 neue Karten sowie Super Game Boy-Unterstützung. Eine alternative Version von Game Boy Wars Turbo wurde als Werbegeschenk von Weekly Famitsu mit einer Reihe von Karten veröffentlicht, die von Lesern des Magazins eingereicht wurden.
Game de Hakken!! Tamagotchi - Osutchi to Mesutchi (Japan) (SGB Enhanced)	Eine Game Boy-Version von „Tamagotchi Male and Female“, die auch im Schlüsselanhängerspiel veröffentlicht wurde. Die Patrone verfügt über einen eingebauten Akku und es ist möglich, den gleichen Echtzeit-Trainingsmodus wie beim Original auszuwählen.
Game of Harmony, The (USA)	Dieses strategische Action-Puzzlespiel bietet originelles Gameplay. Sie steuern ein Raumschiff auf einem Globus, den Sie drehen und über den Bildschirm bewegen können. Sie müssen Kugeln in andere gleichfarbige Kugeln stoßen, um alle Kugeln vom Bildschirm zu entfernen. Der Bildschirm hat keine Ränder, daher können Kugeln über die Seite des Bildschirms geschoben werden, was Ihre taktische Reichweite erhöht. Wenn man verschiedenfarbige Kugeln ineinander stößt, entstehen kleinere Schoten, die man schnell aufheben muss, um Energie zu spenden, sonst verwandeln sie sich in Kugeln und man muss sie ebenfalls loswerden. Viele der Globen sind über Schnüre mit anderen Globen (oder dem Schiff) verbunden, und die Level-Layouts enthalten Barrieren als Hindernisse (und Abprallpunkte), was die Newtonsche Physik komplexer macht.
Gamera - Daikaijuu Kuuchuu Kessen (Japan) (SGB Enhanced)	Das Spiel ist im Wesentlichen ein rundenbasierter Kampf, ähnlich den Pokémon-Spielen für dieselbe Konsole. Sein Kampfsystem ähnelt dem eines RPG-Spiels, aber ansonsten enden die Ähnlichkeiten hier. Die meisten Angriffe basieren auf Tastenkombinationen, aber das Spiel bietet eine Liste von Kombinationen für den unerfahreneren Spieler. Gameras Feinde sind Gyaos, Guiron und Viras. Im letzten Kampf des Spiels tritt Gamera schließlich gegen einen Klon seiner selbst an. Die Spielsprache ist Japanisch, es gibt jedoch eine englische Fanübersetzung.
Ganbare Goemon - Sarawareta Ebisumaru (Japan)	Erster tragbarer Titel in der Ganbare Goemon-Reihe, der die verrückten Abenteuer des mystischen Ninja Goemon erzählt, während er im feudalen Japan und darüber hinaus gegen das Böse kämpft. In diesem Titel hat ein Feind unseres Helden Goemons Kumpel Ebisumaru entführt und nun liegt es an Goemon, ihn zu retten und diese neue Bedrohung zu besiegen. Das Spiel spielt sich als Action-RPG-Lite ab, das aus einer Top-Down-Perspektive gespielt wird, ähnlich wie klassische Zelda-Spiele. Ihr Ziel besteht darin, von Stadt zu Stadt zu reisen und Quests von verschiedenen NPCs zu erhalten, bei denen es hauptsächlich darum geht, Gegenstände aus Leveln voller Feinde zu holen. Als Belohnung erhältst du Hinweise, die dir bei deiner Hauptaufgabe helfen, sowie verbesserte Waffen und Gegenstände, die Goemons Fähigkeiten verbessern.
Ganso!! Yancha Maru (Japan)	Eines Tages trainiert Kid Niki, der radikalste aller Ninjas, im feudalen Japan in seiner Ninja-Schule. Plötzlich wird ein vorbeifliegender Vogel von einem Pfeil getroffen und landet vor Nikis Füßen. Beigefügt ist eine Notiz, in der erklärt wird, dass Nikis Freundin, Prinzessin Margo, vom bösen Steinzauberer entführt wurde. Mit dem Ruf „Werde dir helfen!“ Niki durchbricht die Mauer seiner Schule und macht sich auf die Suche nach der Rettung von Margo.
Gargoyle's Quest (USA, Europe)	Vor vielen Jahren wurde das freundliche Königreich Ghoul von ausserirdischen Kräften erobert, die nur unter dem Namen &quot;Zerstörer&quot; bekannt waren. Es gelang den Zerstören beinahe das Königreich Ghoul in Besitz zu nehmen, doch ein unglaubliches Feuer, das vom Himmel kam, machte den Bösewichten den Garaus. Das Geheimnis dieses mächtigen Feuers ging mit den Jahren verloren und die Zerstörer sind für einen weiteren Angriff zurückgekommen. Der einzige, der das Königreich Ghoul retten könnte, ist der Alleinerbe des &quot;Red Gargoyle&quot;, der das magische Feuer zurückbringen kann. Da Du Firebrand, der Wächter des Königreichs bist, musst Du den Erben des magischen Feuers ausfindig machen und den Frieden für das Reich wieder herstellen.
Gauntlet II (USA, Europe)	Basierend auf dem Arcade-Spiel ist Gauntlet II dem Original sehr ähnlich. Bis zu vier Spieler (ein Zauberer, ein Krieger, ein Elf und eine Walküre) bahnen sich ihren Weg durch verschiedene Labyrinthe, sammeln Schätze und Zaubertränke und wehren verschiedenartige Kreaturen und Geister ab.
GB Genjin Land - Viva! Chikkun Oukoku (Japan)	GB Genjin Land: ¡Viva! Chikkun Kingdom, in China als Bonk's Adventure Land Kingdom bekannt, ist ein Action-Videospiel, das am 22. April 1994 von Hudson Soft für Game Boy in Japan und China veröffentlicht wurde (DMG-215 CHN). Dies ist ein einzigartiger Eintrag in der Bonk-Reihe, die aus mehreren Minispielen besteht, bei denen es sich um ein Spiel auf Standardplattformen mit Nebenveröffentlichung handelt.
GB Pachi-Slot Hisshouhou! Jr. (Japan)	GB Pachi-Slot Hisshouhou! Jr. ist ein Pachislot-Spiel, das von echten Pachislot-Maschinen wie Mr. Magic, Super Bunny Girl, Aladdin Gold, Super Heavy Metal A und Super Planet inspiriert ist. Das Spiel bietet zwei Modi: Strategie und Kampf. Lässt man im ersten Spiel die Automaten frei spielen, bietet das zweite einen Story-Modus, in dem man durch das Spielen an den verschiedenen Automaten Geld sammeln muss, um Zugang zu neuen Bereichen zu erhalten.
GBKiss Mini Games (Japan)	Ab dem 6. März 1998 ermöglichte das GB Kiss Link Modem von Hudson Soft Spielern den Zugriff auf herunterladbare Internetinhalte und das Versenden von Nachrichten zwischen Freunden über eine Reihe kompatibler Spiele mit integrierten Infrarotanschlüssen, wie z. B. Nectaris GB, die japanischen Versionen von Robopon für den Game Boy Color, wie die GB Kiss Minigames-Kassette, die mit dem GB Kiss Link Modem geliefert wurde. Das Link-Modem ist über den Correo-Verkauf erhältlich.
Gear Works (USA, Europe)	Dieses Top-Down-Puzzlespiel beginnt mit einem Bildschirm mit einer Reihe roter Zahnräder an verschiedenen Stellen des Bildschirms und einem Gitter aus Stiften (die in späteren Levels weniger vollständig werden). Ihre Aufgabe in jedem Level besteht darin, mehrere Zahnräder in drei unterschiedlichen Größen zu verwenden, um sicherzustellen, dass alle Zahnräder miteinander verbunden sind. All dies muss abgeschlossen sein, bevor der Motor überhitzt. Zwei Kreaturen mit dem seltsamen Namen „Poffins“ machen das Leben schwieriger. Bei einer davon werden die Stifte entfernt, bei der anderen wird der Motor noch weiter überhitzt. Sie können aus dem Weg geschossen werden oder mit Zahnrädern versehen werden, um sie aufzuhalten. Es gibt auch eine Bonusrunde, bei der es sich um einen Fruchtautomaten handelt, nur mit Zahnrädern und anderen Dingen aus dem Spiel statt Früchten.
Gegege no Kitarou - Youkai Souzoushu Arawaru! (Japan) (SGB Enhanced)	Gegege no Kitarou: Youkai Souzoushu Arawaru! ist ein Rollenspiel, das 1996 exklusiv in Japan veröffentlicht wurde. Eine Adaption des Mangas Gegege no Kitarou. Sie spielen einen kleinen Jungen, der sich als Youkai, eine Art Geist, entpuppt. Sein Ziel ist es, dafür zu sorgen, dass Menschen und Youkais gut miteinander auskommen. Die Erkundung in der Draufsicht ist der Hauptteil des Spiels. Die anderen Phasen des Spiels sind rundenbasierte Schlachten, in denen Sie eine Strategie anwenden müssen, um Feinde loszuwerden.
Gekitou Power Modeller (Japan) (SGB Enhanced)	Sie spielen die Rolle eines kleinen Jungen, der die Welt entdecken und mit seinen Freunden mit deren Spielzeugen konkurrieren muss. Die Software lässt den Spieler dann in diese Schlägereien eintauchen, die wie echte 2D-Kampfspiele ablaufen. Es ist daher möglich, die Spielzeuge zu spielen, um den Gegner durch Tritte, Schläge und Spezialangriffe zu treffen. Schließlich kann der Held verschiedene Informationen von den NPCs, die er trifft, erhalten oder in den Läden neues Spielzeug oder Ausrüstung für seine Neuheiten kaufen, wobei Erkundungen in Power Quest – Gekitou Power Modeler eine wichtige Rolle spielen.
Gem Gem (Japan)	In diesem Spiel schlüpfen Sie in die Rolle eines Helden, der sich seinen Weg durch labyrinthische Umgebungen bahnen muss. Auf deinem Weg versuchen zufällig auftauchende Kreaturen, dir den Weg zu versperren. Sie müssen sie besiegen, indem Sie das zufällige Stein-Schere-Papier-Spiel, das als Kampfphase dient, erfolgreich abschließen. Jedes dieser drei Elemente kann verbessert werden, indem Schätze auf den Leichen der bekämpften Monster gefunden werden.
Genjin Collection (Japan) (SGB Enhanced)	Genjin Collection ist ein von Hudson veröffentlichtes Miscellaneous-Spiel, das 1996 in Japan veröffentlicht wurde. Die Genjin Collection ist einfach eine Sammlung der drei GB Genjin-Spiele GB Genjin, GB Genjin 2 und GB Genjin Land.
Genjin Cottsu (Japan) (SGB Enhanced)	Ein seltsames Plattformspiel, in dem Sie als Cottsu, ein Höhlenmensch-Schläger, spielen. Ihre Mission ist es, 6 Teile für eine spezielle Ultra-Trommel zu finden. Während der Etappen sammelst du Musiknoten und schlägst Feinde mit der Faust oder einem Schläger. Ein Schlag und du verlierst den Schläger oder, wenn du keinen Schläger hast, verlierst du ein Leben. Manchmal kann die Treffererkennung bei Picks schwierig sein. In den Totenköpfen sind auch Musiknoten versteckt, aber seien Sie vorsichtig, wenn Sie zweimal die falschen Noten treffen, verlieren Sie den Schläger. Nach 4 Levels musst du Schlagzeug spielen... Wenn du dabei alle Noten verlierst, musst du mit dem letzten Level erneut beginnen. Die Trommelsequenzen werden nach jedem Schritt länger.
Genki Bakuhatsu Gambaruger (Japan)	Nachdem Jin Hyuga, Asuka Tsukishiro und Kouji Hoshiyama vom Imperio del Mal zerstört wurden, sahen sie Hinobori. In der Stadt Aozora (einem Dorf neben der Stadt Hinobori, in der Jin und seine Freunde leben) will Toubei seinen Freund Kotaro in der Kunst der Ninjas ausbilden, doch eine Bombe wird versehentlich Gokuark, einen großen Dämonenkönig der Welt, freilassen los Demonios, dass Eldran diesen Inhalt hat. Eldran beschließt, einen Container zu kaufen, aber einer seiner Sirenen entkommt der Umgebung und hat nun die Absicht, einen Liebhaber zu befreien.
George Foreman's KO Boxing (USA, Europe)	George Foreman's KO Boxing ist ein 1992 für den Game Boy veröffentlichtes Box-Videospiel mit dem Champion George Foreman. Das Spiel wurde von Beam Software entwickelt und von Acclaim Entertainment veröffentlicht.
Gerry Anderson's Thunderbirds (Japan)	Basierend auf dem 2004 veröffentlichten Live-Actionfilm (der wiederum auf der Serie aus den 1960er-Jahren mit Marionetten basierte) spielen „Thunderbirds“ Alan, Tin-Tin und Fermat in den Hauptrollen, drei Kinder, deren Vormunde Teil des International Rescue-Teams sind. Der Spieler übernimmt die Kontrolle über alle drei Kinder, während sie eine Ausbildung absolvieren, und ist dann gezwungen, um die Welt zu reisen, um Mitglieder von International Rescue vor einem bösen Bösewicht namens The Hood zu retten. Das Spiel findet an Orten wie der International Rescue Island, in Afrika und sogar im Weltraum statt. Jeder der drei Charaktere verfügt über seine eigenen einzigartigen Fähigkeiten, die der Spieler nutzen muss, um Rätsel zu lösen und durch ein Level voranzukommen. Alan verfügt über Kraft und Sprungfähigkeit, Tin-Tin verfügt über telekinetische Kräfte, mit denen er Objekte bewegen kann, und Fermat kann Computer hacken und durch Löcher rollen. Während der Großteil des Gameplays hauptsächlich aus dem Lösen von Rätseln aus der Vogelperspektive besteht, gibt es auch Flug-Action-Sequenzen, in denen der Spieler eines der vielen als Thunderbirds bekannten Fahrzeuge steuern kann.
Getaway, The - High Speed II (USA)	Eine tragbare Version des Flipperautomaten von William. Das Grundspiel besteht aus einem Flipperbrett mit Rennthemen wie Straßen und Auffahrten, bei dem verschiedene Stoßstangen und Ziele getroffen werden, um eine höhere Punktzahl zu erzielen. Es gibt auch ein Minispiel, wenn der Spieler eine spezielle Rampe auf dem Spielbrett erreichen kann, die ihn zu einem Fahrspiel führt, etwa OutRun, bei dem er dem Verkehr ausweicht, um Punkte zu sammeln. Das Spiel ist zu Ende, sobald der Spieler das Versteck erreicht und versucht, die Verfolgung der Polizisten mit verschiedenen Methoden zu vermeiden, einschließlich mehrerer Bälle, um sie zu verwirren.
Ghostbusters II (USA, Europe)	Ghostbusters II basiert lose auf dem gleichnamigen Film und zeigt Virgo the Carpathian in New York City. Er fängt Dianas Baby und es liegt an den Ghostbusters, es zurückzubekommen. Um dies zu erreichen, müssen die Ghostbusters: Igon, Ray, Peter und Winston Virgo durch die Gerichtssäle, die Kanalisation, die Wohnungen, die U-Bahn und das Kunstmuseum jagen.
GI King! - Sanbiki no Yosouya (Japan)	Hierbei handelt es sich um eine Software zur Vorhersage von Pferderennen, mit der Sie eine Reihe von Pferdezahlen und eine Reihe von Pferdezahlen vorhersagen können, indem Sie einfach Daten aus Pferderennzeitschriften und anderen Quellen eingeben. Sie können Vorhersagen in drei verschiedenen Modi treffen: „Main“, „Medio“ und „Large“. Die Tatsache, dass Sie sehr unterschiedliche Vorhersagen treffen können, für den Haupt-, Mittel- und Großmodus, auch wenn es sich um einen Liebhaber handelt, der selbst eine abenteuerlustigere Person in Frage stellt.
Ginga - Card & Puzzle Collection (Japan) (En,Ja)	Ginga ist eine Sammlung lehrreicher Minispiele. Fantasie: Dieses Spiel wird in einem 6x6-Quadranten gespielt. Sie müssen auf eine Baldosa klicken, die Sie umdrehen, aber die anderen Baldosas ragen mit ihr heraus / Druck: In der Mitte, in der sich Fantasma befindet, muss der Spieler auf zwei Baldosas klicken, um zum Rennen zu gelangen / Ziel: Esta vez, las piedras se colocan en ein 10x10 Quadrant. Nehmen Sie die Steine ​​von den Punkten und bewegen Sie sie über die Ränder der Dateien/Array: In diesem Spiel hat der Spieler einen 8x8-Quadranten und präsentiert ihn seinen Dateien. Die meisten dieser Dateien müssen mit einem der Player geteilt werden. Eine korrekte Kombination von Dateien, die verloren gehen, und jede Datei, die verschwindet, wird auf 500 reduziert. Das Element fehlt, bevor die Tabelle entfernt wird. Variante des Klassikers Problema del Jinete.
Go Go Ackman (Japan) (SGB Enhanced)	Ackman ist nicht das, was man einen guten Menschen nennen würde. Seine Aufgabe ist es, für den Dämonenlord zu morden und Seelen zu stehlen. Der Engel Tenshi hat es sich zur Aufgabe gemacht, Ackmans schändlichen Machenschaften ein Ende zu setzen, und schickt eine Armee von Engeln und angeheuerten Attentätern, um Ackman endgültig auszuschalten. Das ist auch gut so, denn Ackman langweilte sich, ohne jemanden zu töten. Go Go Ackman ist ein scrollendes Plattformspiel mit dem Titelhelden Ackman. Ackman kann eine Energiewelle aus der Ferne schlagen und aufladen, und er kann auch auf einige Feinde springen, um sie zu betäuben, bevor er in sie hineinläuft und sie in ein gleitendes Projektil verwandelt. Ackman kann bis zu drei Bomben tragen, die den Bildschirm von Feinden befreien können, und kann auch eine Waffe tragen, entweder ein Schwert, einen Bumerang oder eine Pistole, die jedoch verloren geht, wenn Ackman getroffen wird. Die Levels sind linear, erlauben aber dennoch etwas Erkundung, um Waffen und Gegenstände zu finden, die abseits der ausgetretenen Pfade versteckt sind.
Go! Go! Hitchhike (Japan) (SGB Enhanced)	Ein Sugoroku-Spiel mit ungewöhnlichem Setting, mit dem Ziel, per Anhalter von Athen nach London zu reisen. Es ist notwendig, die Figuren beim Roulette voranzutreiben und verschiedene Parameter wie Körperkraft und Besitzgeld zu verwalten. Per Anhalter zu fahren ist hart.
Go! Go! Tank (USA)	Eine friedliche Nation wurde von einer feindlichen Armee überfallen, und Sie müssen Ihren eigenen Streitkräften per Flugzeug den Weg freimachen. Sie müssen Ihren Panzer zum Ende jeder Stufe führen, indem Sie Kisten mit einem Haken an der Unterseite Ihres Flugzeugs anordnen und feindliche Flugzeuge und Batterien abschießen, die ihn bedrohen. Der Panzer rollt von selbst vorwärts und klettert an jeder Wand hoch, die nur einen Block hoch ist. Bei allen höheren Mauern prallt er dagegen, dreht sich um und erleidet Schaden. Wenn Ihr Panzer zu viel Schaden erleidet, wird er zerstört und das Spiel ist vorbei. Wenn Sie getroffen werden, verlieren Sie ein Flugzeug, und wenn Ihnen die Flugzeuge ausgehen, ist das Spiel ebenfalls vorbei. Es gibt mehrere spezielle Gegenstände, die Ihnen auf Ihrem Weg helfen, darunter ein Energiehaken, mit dem Sie den Panzer direkt tragen können, eine Bombe, die alle Feinde auf dem Bildschirm zerstören kann, und eine Option, die einen zweiten Plan nach Ihrem Plan folgen und Ihre Aktionen nachahmen lässt. Das Spiel umfasst zehn Level sowie einen kooperativen Modus für zwei Spieler (zwei Flugzeuge), wenn es über ein Verbindungskabel gespielt wird.
Goal! (USA)	Ziel! auf GameBoy ist die Adaption des berühmten Fußballspiels, das 1988 auf NES veröffentlicht wurde; diese Portierung auf GameBoy wurde 1993 veröffentlicht.
God Medicine - Fantasy Sekai no Tanjou (Japan)	God Medicine: Fantasy Sekai no Tanjou ist ein Rollenspiel-Videospiel für den Game Boy. Das Spiel wurde 1993 von Konami nur in Japan veröffentlicht. Das Spiel wurde 1998 über den Nintendo Power-Dienst erneut veröffentlicht, unterstützte Super Game Boy und enthielt ein Bestiarium für angetroffene Monster. diese Version hieß God Medicine: Fukkokuban. Eine Videospielfirma wollte Phantom, ihr neues Rollenspiel, veröffentlichen, doch die Firma wird auf mysteriöse Weise zerstört. Noah, Ken und Miki sind drei RPG-Fans, die davon enttäuscht sind. Als sie umherwandern, stoßen sie auf eine Hütte, in der sich ein großer Dämon befindet, der gegen drei Krieger kämpft.
God Medicine - Fukkokuban (Japan) (SGB Enhanced)	Die Geschichte des Spiels spielt im Wesentlichen in einem Videospiel namens Brave Youngters vs. Das ultimative Böse. Obwohl die Handlung humorvolle Momente enthalten kann, ist das Gameplay auch sehr klischeehaft. Gehen Sie insgesamt über das Gameplay hinaus, Sie werden mit einer erfrischenden Handlung belohnt.
Godzilla (USA, Europe)	Godzilla ist ein Videospiel, das von Compile basierend auf dem Godzilla-Franchise entwickelt wurde und erstmals 1990 für Game Boy veröffentlicht wurde. Es ist eine Portierung des MSX-Spiels Gojira-Kun von 1985. Das Spiel enthält Charakterdesigns aus den Filmen der Showa-Ära der Franchise.
Golf (World)	Golf verfügt über zwei herausfordernde 18-Loch-Plätze, auf denen die Spieler eine Runde Golf spielen können und die es den Spielern ermöglichen, einen Schläger auszuwählen, die Haltung anzupassen und den Schwung zu kontrollieren. Das Spiel bietet drei abwechselnde Ansichten; eine Fernansicht des gesamten Lochs von oben, eine Mitteldistanzansicht von der aktuellen Position des Balls aus und eine Nahansicht des Grüns von oben. Zu den Spielmodi gehören 1 Spieler oder 2 Spieler mit einem Verbindungskabel.
Gradius - The Interstellar Assault (USA)	Nemesis 2 (Gradius 2 in Japan) ist ein seitlich scrollender Shoot-em-up. Das Gameplay ist größtenteils ähnlich wie bei Gradius. Das vom Spieler gesteuerte Schiff kann zwischen drei Hauptwaffen wechseln: Rakete, Double und Laser. Zusätzliche Waffen wie verschiedene Arten von Lasern, Napalm-Raketen, Reflexring und Rückstrahl können als Power-Ups gesammelt und ausgerüstet werden. Darüber hinaus können spezielle Power-Ups erworben werden, deren Wirkung von der Verlangsamung der Gegner bis hin zur kurzzeitigen Verwandlung des Metalion in eine unbesiegbare bohrerähnliche Maschine reicht. Auf die Bosskämpfe folgen optionale Mini-Etappen, die dem Spieler bei erfolgreichem Abschluss neue Waffen gewähren.
Grander Musashi RV (Japan) (SGB Enhanced)	Musashi Kazama und seine Freunde Mio und Suguru setzen ihre Reise durch die Welt in einer Reihe von geheimnisvollen Fantasy-Objekten unter den „Legenders“-Filmen fort, darunter legendäre Charaktere, die ihnen helfen können, die Fische zu erobern. Wenn ein Embargo übermäßig angewendet wird, wird es Zerstörung oder Hoffnung hervorrufen. Es wird gesagt, dass die Legenders diejenigen waren, die sie gefangen haben und die Welt verändern könnten. Aus Schande konkurrierte Musashi mit anderen Fischern, die einen Legender erbeuten wollten.
Great Greed (USA)	Great Greed ist ein Rollenspiel, das 1993 auf GameBoy erschien. Dieses Spiel wurde von einer ganzen Welt verwüstet. Bio-Hazard Harry ist bereit, einen neuen Planeten zu verschmutzen. Im Namen von Sierra Sam ist es für Sie der König von Greene, ihn zu verhaften und zu retten. Angriff auf Monsterbataillone mit einem einzigartigen Kampf-Interaktionssystem.
Gremlins 2 - The New Batch (World)	Gremlins 2: The New Batch ist ein Action-/Spielvideo, das 1991 von Sunsoft für den Game Boy entwickelt und bearbeitet wurde. Es wurde vom Film Gremlins 2, der neuen Generation, inspiriert. Sie müssen Gizmo, den Gentleman, in seinen Abenteuern mit seinen „verdoppelten bösen Absichten“ verwöhnen.
HAL Wrestling (USA)	Hal Wrestling ist ein 2D-Wrestling Ableger der Fire Pro Wrestling-Serie. Der Spieler kämpft in eins-gegen-Eins-Matches (das Spiel hat zwei Arten von Matches: Einzelmatch und 4 vs 4 Elimination Match) gegen einen CPU-gesteuerten Gegner. Die Charaktere verwenden verschiedene Wrestling-Würfe, Griffe, etc.
Hammerin' Harry (Europe)	Hammerin' Harry: Ghost Building Company&quot; ist die Fortsetzung von &quot;Hammerin' Harry&quot;. In dieser Folge muss Harry nicht nur gegen Arbeiter kämpfen. Er muss eine Armee von Geistern in einer Reihe von Umgebungen besiegen, darunter eine Baustelle, eine Kanalisation, ein Luftschiff, ein Dschungel und schließlich das Hauptquartier, wo er auf die böse Geisterbaumaschine trifft. Anstatt seinen Hammer zu benutzen, kann Harry eine Kugel mit Stacheln bekommen, die mehr Schaden anrichtet als der Hammer. Es gibt fünf Etappen, an deren Ende Harry jeweils gegen einen Endgegner kämpft. Nach Abschluss eines Abschnitts wechselt das Spiel von einem Beat-em-up zu einem horizontalen Shooter, in dem Harry durch die Luft fliegt, Gegner in der Luft besiegt und gefährlichen Objekten ausweicht.
Harvest Moon GB (USA) (SGB Enhanced)	Harvest Moon ist eine Landwirtschaftssimulation, in der Sie im Laufe eines Jahres eine Farm aufbauen und unterhalten müssen, während Sie gleichzeitig auf Ihr Budget und sich selbst achten müssen. Sie haben die Möglichkeit, Nutztiere, Feldfrüchte und andere Vorräte, die Sie haben, zu kaufen, zu verkaufen und zu pflegen. Sie können mit vielen Einwohnern der Stadt und anderen Bauern Handel treiben. Wenn Sie den Game Boy eines Freundes verknüpfen, können Sie auch Gegenstände zwischen Spielern tauschen. Die örtlichen Geschäfte bieten zahlreiche Artikel an, die Sie bei Ihrer Suche unterstützen, natürlich gegen Aufpreis. Und wenn Sie Zeit haben, können Sie in der Stadt auf der Suche nach etwas Spaß abseits der Arbeit herumschlendern.
Hatris (Japan, USA) (En)	Hatris spielt sich ähnlich wie das original Tetris. Die Spielobjekte, die vom oberen Rand des Bildschirms fallen, müssen in bestimmten Mustern angeordnet werden, um Punkte zu sammeln und den Spielbereich frei zu halten. In Hatris fallen Hüte verschiedener Stile vom oberen Rand des Bildschirms und sammeln sich am unteren Rand an. Um Hüte aus dem Spielbereich zu entfernen, müssen fünf Hüte des gleichen Stils gestapelt werden. Unterschiedliche Hutstile lassen sich unterschiedlich stapeln.
Hayaoshi Quiz - Ouza Ketteisen (Japan) (SGB Enhanced)	Ein Quizspiel, das darauf abzielt, 5 Wochen lang zu gewinnen, indem man schnell Quizfragen aus 8 Genres beantwortet. Es war ein fünfwöchiger Sieg, aber wenn die Bedingungen erfüllt sind, wartet ein Quizspiel mit dem letzten Boss und es wird ziemlich hart.
Heavyweight Championship Boxing (USA)	Heavyweight Championship Boxing ist ein Boxspiel mit sechs Athleten, alle mit unterschiedlichen Stärken und Nachteilen. Nachdem man sich für einen von ihnen entschieden hat, besteht das Ziel darin, den Rest zu besiegen und den Titel zu holen. Allerdings kann der Spieler die Punkte des Sportlers auf die Fähigkeiten Schnelligkeit, Kraft und Gesundheit neu verteilen. Während eines Kampfes besteht das Ziel darin, die Gesundheit des Gegners durch Bewegungen wie Aufwärtshaken oder normale Schläge zu verringern. Die Perspektive ist entweder First-Person- oder Third-Person-Perspektive.
Heiankyo Alien (USA)	Vor 1000 Jahren wurde die Stadt Kyo von Außerirdischen verschlungen. Ein Kebiishi (Chevalier du Passé) wurde mit der Verteidigung der Stadt beauftragt. Das Spiel beginnt in einem Labyrinth oder führt zu Außerirdischen. Alles, was Sie sagen müssen, ist, die Krippe nicht zu betreten, und der Kebiishi muss über den Cheminée gehen. Wenn ein Außerirdischer in einer schwierigen Situation gegraben wird, wird er einen Moment lang festgehalten. Wenn der Ausserirdische sich in seinem Inneren aufhält, müssen Sie ihn dem Eindringling zuführen. Wenn alle Außerirdischen eintreten, gehen Sie auf das nächste Niveau.
Heisei Tensai Bakabon (Japan)	Dieses Spiel ist die Adaption von Tensai Bakabon, einem Meisterwerk der japanischen Animationsgeschichte, gezeichnet von Fujio Akatsuka, Japans beliebtestem Comedy-Künstler. „Tensai Bakabon“ wurde erstmals 1967 veröffentlicht. Bakabon Papa, die Hauptfigur der Geschichte, hat eine einzigartige Persönlichkeit. Wohin er und sein Sohn Bakabon auch gehen, sie erregen mit ihren seltsamen Ideen einen Sturm. Niemand weiß, ob sie dumm oder schlau sind. Wie in der Serie finden Sie viele außergewöhnliche Charaktere, die Sie unterhalten werden...
Heracles no Eikou - Ugokidashita Kamigami (Japan)	Heracles no Eikou: Ugokidashita Kamigami ist ein Spin-off der „Gloria de Heracles“-Reihe für den Gameboy und stellt eine direkte Fortsetzung des ersten Spiels dar. Der Titel wurde von SAS Sakata veröffentlicht und am 27. Dezember 1992 von Data East in Japan veröffentlicht. Eine englische Übersetzung für Liebhaber, veröffentlicht von HTI im Jahr 2012 unter dem Titel „The Glory of Heracles: Snap Story“.
Hercules (USA, Europe) (SGB Enhanced)	Sie sind Herkules ... der stärkste Mann auf Erden. Nachdem Sie von Ihrer wahren Herkunft erfahren haben, werden Sie vom mächtigen Zeus darüber informiert, dass kein Sterblicher den Göttern beitreten darf, wenn er sich nicht als Held erwiesen hat. So beginnt das Abenteuer. Tun Sie, was Sie müssen, um jede Ihrer tödlichen Prüfungen zu bestehen, ein wahrer Held zu werden und Ihren rechtmäßigen Platz auf dem Olymp einzunehmen!
Hero Shuugou!! Pinball Party (Japan)	Hero Shuugou Pinball Party ist ein japanisches virtuelles Flipperspiel für den Game Boy mit aufeinanderfolgenden Jaleco-Helden. „Ninja Jajamaru-kun“ Jajamaru, „Buta-san“ Buta-san usw. wird auftauchen. Der Titel kann alleine oder zu zweit gespielt werden und bietet zwei Hauptspielmodi. Im ersten Modus, dem Normalmodus, können Sie den Ball in einer Maschine schwingen, die auf drei Bildschirme aufgeteilt ist. Ziel ist es, so viele Elemente wie möglich zu treffen, um so viele Punkte wie möglich zu gewinnen. Im zweiten Modus namens Extra-Modus müssen Sie die gleiche Mission erfüllen, aber wissen, wie man mit sich bewegenden Elementen umgeht. In Pinball Party ist die Geschwindigkeit der Kugel im Vergleich zu anderen Spielen des Genres relativ hoch.
Hiden Inyou Kikouhou - Ca Da (Japan)	Du spielst eine Figur, die ihre Farbe ändert, je nachdem, welche Bälle sie berührt. Diese Zustände ermöglichen es ihr, die entsprechenden Farbpfeile zu benutzen, um sehr hoch zu springen und alle kleinen Bälle zu erreichen. Dadurch wird die Tür zur nächsten Stufe geöffnet. Obwohl es in Ca Da Feinde gibt, ist es nicht möglich, zu sterben. Sie schleudern dich nur zurück. Cada enthält mehrere Maps mit jeweils 10 Bildern und bietet ein System von Wörtern, die als Speicherpunkte dienen.
Higashio Osamu Kanshuu Pro Yakyuu Stadium '91 (Japan)	Dies ist ein Baseballspiel, das auf dem japanischen Profifußball basiert und vom alten Spieler der Seibu Lions, Osamu Higashio, betreut wird. Alle Spieler traten mit echten Zahlen auf, was 1991 nicht üblich war. Bei diesem Spiel wählen Sie zunächst die Höhe aus Wählen Sie die Schaltfläche, die Sie berühren möchten, mit der Schaltfläche des Kreuzes aus und drücken Sie dann die Taste, um die Leiste auf dem Bildschirm zu bewegen. Die Stange bewegt sich zuerst, bevor sie sich bewegt, sobald der Knopf in seiner Ausgangsposition pulsiert, um die Geschwindigkeit des Balls zu bestimmen (sobald die Pumpe nachlässt, desto schneller wird sie). Drücken Sie kontinuierlich die A-Taste in die Richtung, in die Sie werfen möchten, um die Geschwindigkeit und Geschwindigkeit des Balls zu bestimmen, und beginnen Sie mit dem Werfen.
Higashio Osamu Kanshuu Pro Yakyuu Stadium '92 (Japan)	Dies ist das zweite Fußballspiel unter der Leitung des ehemaligen Profifußballspielers Osamu Higashio, der in die Welt des großen Fußballs eingestiegen ist. Alle Zahlen der Mannschaften und Spieler sind reale Zahlen. Die Wurfmethode des Pitchers ist einzigartig und wird häufig bei Golfspielen verwendet. Sie bestimmt die Wurfkraft, bevor über den Cambio-Grad entschieden wird. Es macht Spaß und unterscheidet sich von den orthodoxen Fußballspielen des Pasado. Die während des Spiels erscheinenden Demo-Animationen sind nicht sehr störend und korrekt. Ohne Embargo führt dies zu einer Belästigung, wenn Sie akostumbras.
High Stakes Gambling (USA)	Riskieren Sie alles in Live-Casino-Action! Checken Sie in Ihr Lieblingshotel ein, treffen Sie sich mit Freunden in der Lobby und schon kann es losgehen! NnSchließen Sie! Blackjack, Slots, Roulette, Craps und Seven Card Stud Poker versprechen Ruhm und Reichtum. Setzen Sie Ihre Einsätze in eine ernsthafte Bankroll ein und schießen Sie auf das 10-Millionen-Dollar-Ziel! NnIhr Begleiter gibt Ihnen Gewinnchancen, Ratschläge und Regeln. Selbst Anfänger können diese realistischen Casinospiele beherrschen. Setzen Sie Ihr Geld auf die Linie und vertrauen Sie Lady Luck. Es ist eine Alles-oder-Nichts-Fahrt nach Vegas!
Hit the Ice - VHL - The Official Video Hockey League (USA, Europe)	Hit the Ice ist ein Hockeyspiel, das auf Williams' Arcade-Spiel von 1990 basiert. Strafen gibt es in diesem Spiel nicht, und es gibt keinen Platz für Weicheier. Obwohl das Ziel immer darin besteht, den Puck in das Tor der gegnerischen Mannschaft zu bringen, hat jede Mannschaft nur drei Spieler und es ist möglich, einen Superschuss zu machen, der hart genug ist, um den Torwart mit dem Puck ins Netz zu schicken.
Hitori de Dekirumon! - Cooking Densetsu (Japan)	Cooking Densetsu ist ein kochbasiertes Rollenspiel für den GameBoy. Es ist ein kurzes und einfaches Spiel mit einer unterhaltsamen Prämisse. Die Kämpfe werden im Quizshow-Stil ausgetragen. Wenn Sie also kein Japanisch sprechen, werden Sie mit diesem Aspekt etwas zu kämpfen haben. Sie können das Spiel jedoch auch dann gewinnen, wenn Sie in den Kämpfen schlecht abschneiden. Der Gesamtschwierigkeitsgrad ist sehr niedrig, vor allem weil einige Ihrer Rezepte (die in diesem Spiel als Zaubersprüche verwendet werden) Ihnen im Grunde unendlich viele HP geben und einige Kampfoptionen Ihnen die richtigen Antworten auf Quizfragen verraten. Mai kocht mit ihren Freunden Yajama und Ojama in der Küche, als sie einen Brief von einem Dämon erhält, der ihr mitteilt, dass er ihren Bruder entführt hat. Mai muss acht verschiedene Welten zum Thema Essen erkunden und acht Charaktere retten, um in das Schloss des Dämonenkönigs einzudringen und ihren Bruder zu retten.
Home Alone (USA, Europe)	Kevin bleibt allein zu Hause, während seine Familie woanders die Feiertage feiert. Unglücklicherweise sind zwei Einbrecher in das Haus eingedrungen, um ihm Gesellschaft zu leisten. Kevin muss vermeiden, von den Einbrechern erwischt zu werden, während er alle Familiengegenstände einsammelt und in Sicherheit bringt. Um ihn bei seiner Suche zu unterstützen, hat Kevin eine Schleuder und eine Wasserpistole dabei, aber ebenso wichtig ist der richtige Umgang mit der Umgebung – eine an der richtigen Stelle platzierte Bananenschale oder eine Bowlingkugel auf einem Schrank helfen Kevin bei seiner Sache gegen die Räuber.
Home Alone 2 - Lost in New York (USA, Europe)	Kevin McAllister basiert lose auf dem gleichnamigen Film und ist ohne seine Eltern in New York City angekommen. Er checkt jedoch in einem Hotel ein und beginnt Spaß zu haben. Es dauert nicht lange, bis das Hotel herausfindet, dass er gestohlene Kreditkarten verwendet, und beginnt, ihn herumzujagen! Darüber hinaus sind Harry und Marv, die Einbrecher, die er einst besiegt hat, in der Stadt und auf der Suche nach Rache. Home Alone 2 ist ein Side-Scroller. Der Spieler steuert Kevin McAllister und muss über Feinde und Hindernisse springen, während er Gegenstände einsammelt. Zu diesen Gegenständen gehören Gesundheitsboni und eine Vielzahl von Waffen. Kevins gesamte Gesundheit zu verlieren oder „erwischt“ zu werden, wird ein Leben kosten. Der Spieler beginnt mit drei Leben zum Spielen.
Hon Shougi (Japan) (SGB Enhanced)	Hierbei handelt es sich um eine vollständige Shogi-Software, mit der Sie das Spielprotokoll während des Spiels speichern können. Der Spielbericht kann jederzeit wiederholt werden, und der Spielbericht kann beliebig viele Züge vor- oder zurückgehen, auch während des Spiels.
Hong Kong (Japan)	Hongkong ist eine Shanghai-Variante, bei der die Spieler bestimmte Spielsteine aus einem Muster entfernen müssen. Der Spieler kann auswählen, aus welchem Muster (von Pyramiden und Sanduhren bis hin zu komplexeren Designs) die Kacheln gezogen werden sollen, und einen dreibuchstabigen Code eingeben, der mehrere tausend mögliche Kombinationen der Kacheln innerhalb dieses Musters bietet. Anstatt paarweise Kacheln am Rand des Musters zu entfernen, um an vergrabene Kacheln zu gelangen, wie es in Shanghai üblich ist, kann der Spieler ein beliebiges Kachel auf dem Spielbrett auswählen, solange es dem vom Spiel gewünschten Plättchen entspricht.
Honmei Boy (Japan)	Software zur Vorhersage von Pferderennen mit Dateneingabe. Es verfügt über ein System, das die Dateneingabe in kurzer Zeit zwischen den Rennen ermöglicht. Darüber hinaus sind drei Arten von Vorhersagen möglich: Big Hole, Normal und Stiff „Pop, Pop, Pop und Entry“. Ist das wirklich alles? Der Eintrag ist so einfach, dass man sich Sorgen machen muss. Ich bin sicher, das ist der größte Vorteil. Bleibt nur noch, sich auf NICHIBUTSU zu verlassen. Für diejenigen, die nicht viel über Pferderennen wissen, ist es schön, das Gefühl einer Vorhersage erleben zu können.
Honoo no Toukyuuji - Dodge Danpei (Japan)	Honoo no Doukyuuji: Dodge Danpei ist ein Gefängnisballspiel, das auf einem Shounen-Manga einer Schulballmannschaft basiert. Verkauft in verschiedenen Konsolen im Jahr 1992, jedes Jahr eine Woche mit ihren verschiedenen Immobilien. Das Spiel begann auf ähnliche Weise wie andere „Action“-Spiele wie Super Dodgeball von Techno, das Spiel bot jedoch verschiedene Modi, die auf der Geschichte basierten. Das Spiel beginnt zum Beispiel mit einem Duell zwischen den beiden, bei dem jeder Kämpfer fünf Tore hat, bevor er kämpfen kann.
Hook (USA)	Hook auf dem Gameboy ist ein Jump'n'Run-Spiel, das vom Film Hook: Captain Hooks Revenge inspiriert wurde. Der Spieler schlüpft in die Rolle von Peter Banning (der erwachsene Peter Pan) und muss seine Kinder retten, die von Captain Hook entführt wurden. In 11 Levels durchquerst du Dörfer, Ebenen und Wälder und nutzt deine besonderen Kräfte, um den Kindern ihre Freiheit zurückzugeben.
Hudson Hawk (USA)	Hudson Hawk ist ein Actionspiel für den Gameboy, das auf dem gleichnamigen Film basiert. Sie verkörpern einen gerissenen Dieb namens Hudson Hawk. Ihre Mission besteht darin, drei Kunstwerke von Da Vinci zu stehlen. Aber Vorsicht, das wird nicht so einfach sein, denn Sicherheitskräfte und Hunde versperren Ihnen den Weg!
Hugo (Europe) (SGB Enhanced)	Hugo für den GameBoy! Der Telefonspaß für zu Hause! Hugo muß in Hugo für den GameBoy 27 Level in einem Schloss voller Gefahren und Hindernissen bewältigen um seine Hugoline zu befreien. Nur mit Geschick und Kombinationsvermögen kann Hugo die labyrinthähnliche Festung mit seinen vielen Monstern bezwingen. Garantiert besser zu bedienen als die Fernsehshow! Hugo für den GameBoy! Original GameBoy Spiele können Sie auch mit dem GameBoy Color und dem GameBoy Advance (GBA SP) spielen. Dann sogar in Farbe!
Hugo 2 (Germany)	Hugo 2 für den GameBoy: Der niedliche Kobold kehrt zurück! Spiele die bekannte TV-Show nach! Rette deine Liebste aus den Klauen Hexanas! 5 verschiedene Herausforderungen, 3 Schwierigkeitsgrade, Spiele in Hugo 2 für den GameBoy die originalen Spiele der Fernseh-Show: Wald-, Snowboard-, Schwimmer-, Eishöhle-Level und Hexenendspiel Wunderschöne Grafiken mit allen Charakteren aus der Hugo-Welt.
Humans, The (USA)	Deine Aufgabe in diesem Action-Puzzle ist es, den prähistorischen Menschen zu helfen, sich weiterzuentwickeln, indem du ihnen hilfst, Werkzeuge, das Rad, Waffen oder sogar das Feuer zu entdecken. Jede Ebene im Spiel hat eine bestimmte Aufgabe, die Ihnen dabei helfen soll, und Sie bekommen eine Reihe von Charakteren zugeteilt, die die Aufgabe erfüllen müssen. Der Spieler kann von einer Person zur anderen wechseln, während er die Charaktere durch die scrollenden Rätsel bewegt, und Teamarbeit ist für den Erfolg unerlässlich.
Hunchback of Notre Dame, The - 5 Foolishly Fun Topsy Turvy Games (USA, Europe) (SGB Enhanced)	WILLKOMMEN AUF DER FOOLS' PARTY! Diese Adaption von „Der Glöckner von Notre Dame“ für den Game Boy bietet Ihnen die Möglichkeit, 5 Minispiele mit Charakteren aus dem Erfolgsfilm mit zunehmendem Schwierigkeitsgrad zu spielen.
Hunt for Red October, The (USA, Europe)	Basierend auf dem gleichnamigen Film baute die Sowjetunion heimlich ein U-Boot der Typhoon-Klasse mit nuklearer Schlagfähigkeit. Diese Kriegsmaschine wurde „Roter Oktober“ genannt. Während des Probelaufs hat der Kapitän Marko Ramius das U-Boot samt Besatzung entführt. Sie planen, in die Vereinigten Staaten überzulaufen. Natürlich darf eine solche Waffe nicht in die Pläne der Amerikaner geraten, und so wird den sowjetischen Streitkräften der Befehl erteilt, den Roten Oktober zu vernichten. Du kontrollierst den Roten Oktober auf seinem Weg in die Freiheit. Das Spiel spielt sich als Unterwasser-Sidescroller ab. Das U-Boot „Roter Oktober“ kann sich in jede von vier Richtungen bewegen. Der A-Knopf feuert Torpedos horizontal nach rechts ab und der B-Knopf feuert Raketen vertikal nach oben ab. Zusätzlich kann der Caterpillar-Antrieb (Unsichtbarkeit) für kurze Zeit aktiviert werden. Der Spieler kann auch eine ECM-Explosion aktivieren, die alle Angriffswaffen in der Nähe zerstört. Auf dem Bildschirm werden jederzeit Panzerung (Gesundheit) und Kraft (Kraftstoff) angezeigt. Sollte beides zur Neige gehen, droht die Zerstörung des Roten Oktobers. Power-Ups zum Erhöhen oder Verringern der Leistung von Raketen und Torpedos können durch die Zerstörung von Feinden gefunden werden.
Hyper Black Bass '95 (Japan) (En,Ja)	Hyper Black Bass '95 ist ein Angelspiel aus der Black Bass-Reihe, das von Black Label Game entwickelt und veröffentlicht und 1995 nur in Japan auf dem Game Boy veröffentlicht wurde. Es enthält die meisten Elemente von Hyper Blass Back, das drei Jahre zuvor auf derselben Nintendo-Konsole veröffentlicht wurde. Das Prinzip bleibt bestehen, in verschiedenen, hier eher steinigen Gebieten, große Fische zu fangen, um ein Turnier zu gewinnen. Die Angelbedingungen variieren je nach dem Tag, an dem das Wild aktiv ist.
Hyper Lode Runner (World) (Rev 1)	Hyper Lode Runner spielt sich ähnlich wie Lode Runner. Du musst auf Ziegelsteinplattformen herumlaufen und alles Gold einsammeln, während du Feinden, den so genannten Mad Monks, ausweichst, die jeden deiner Schritte verfolgen. Du kannst Blöcke zappen, um temporäre Löcher zu schaffen, in denen Feinde gefangen sind oder durch die du zu den darunter liegenden Plattformen entkommen kannst. Um die Levels interessanter zu machen, gibt es Leitern und vertikale Seile, die du erklimmen kannst, aber auch die Feinde können diese benutzen. Es gibt 50 Levels zu spielen, und es gibt auch einen Editor und einen VS-Modus.
In Your Face (USA)	In Your Face ist eines der ersten Basketballspiele, das für ein tragbares System veröffentlicht wurde. Das Spiel ermöglicht den Ein- oder Zwei-Spieler-Modus. Jeder Modus besteht aus zwei verschiedenen Spielmodi: „1 gegen 1“ oder „2 gegen 2“. Jeder der Modi ermöglicht: Charakterauswahl: vier Charaktere verfügbar. Regelauswahl: Losers Out (wenn Ihr Gegner punktet, bekommen Sie den Ball) und Winners Out (wenn Sie punkten, behalten Sie den Ball). Zeit oder Ergebnis: Minuten (1, 3, 5 oder 10 Minuten); Punkte (10, 15, 20 oder 25 Punkte).
Incredible Crash Dummies, The (USA, Europe)	Die Spieler starten als Crashtest-Dummy. Sie werden in Levels mit zahlreichen Gefahren wie Autos und Feuerbällen getestet, um innerhalb der festgelegten Zeit Fortschritte zu erzielen.
Indiana Jones and the Last Crusade (USA, Europe)	Indiana Jones and the Last Crusade unterscheidet sich von den beiden anderen gleichnamigen Spielen dadurch, dass es eine Mischung aus verschiedenen Genres wie Plattform-Action, Motorradrennen, Rätsellösen und sogar einigen Abenteuerelementen ist. In „Indiana Jones und der letzte Kreuzzug“ schlüpfst du in die Rolle von Indy auf seiner Suche nach dem Heiligen Gral, aber dieses Mal entscheidest du, welchen Schritt er in jedem Teil seiner Suche unternehmen wird. Beispielsweise erhält man gleich zu Beginn ein Tagebuch über den Gral von Indys Vater, der sich in Venedig aufhält. Gleichzeitig erhalten Sie ein Telegramm von Marcus, in dem er Ihnen mitteilt, dass sich das Kreuz von Coronado in Portugal auf einem Schiff namens Coronado befindet und er dort Indy treffen wird. Sie müssen also zuerst entscheiden, was Sie tun möchten: nach Venedig gehen und nach dem Gral und Ihrem Vater suchen oder nach Portugal gehen, um Marcus und das Kreuz von Coronado zu finden.
Indien dans la Ville, Un (Europe) (SGB Enhanced)	Little Indian in Big City, auch bekannt als Little Indian, Big City, auch bekannt als An Indian in the City, ist der englische Titel eines französischen Films, Un indien dans la ville, den ich noch nie gesehen oder gehört habe. Es erhielt in ausgewählten Bereichen eine (anscheinend schreckliche) englische Synchronisation und wurde sogar in das (zumindest für Amerikaner und andere Englisch-Muttersprachler) bekanntere „Jungle 2 Jungle“ adaptiert. Ja, der Tim-Allen-Film mit dem Dschungeljungen. Aber während „Jungle 2 Jungle“ nie eine Videospieladaption erhielt, gab es für „Little Indian in Big City“ eine Adaption. Das macht Sinn, wenn man bedenkt, dass es von der ebenfalls französischen Videospielfirma Titus adaptiert wurde.
Initial D Gaiden (Japan) (SGB Enhanced)	Initial D Gaiden oder Kashiramoji D Gaiden sind ein Spiel auf dem Game Boy, adaptiert von berühmten Mangas. Es erschien ausschließlich in Japan im Jahr 1998. Es ermöglichte die Teilnahme an Kursen in Irland und wurde in der Szene mit den verschiedenen Protagonisten der Serie, insbesondere Itsuki, der zweiten Manga-Persönlichkeit, in Szene gesetzt. Während der Entwicklung der Geschichte mit einem großartigen Comic konterte das Spiel mit den Charakteren der ersten Etappen der Originalgeschichte. Zusätzliche Boliden mit besonderen Merkmalen sind nicht verfügbar.
International Superstar Soccer (USA, Europe) (SGB Enhanced)	International Superstar Soccer debarque auf GameBoy. In diesem Spiel konnten Sie eine von 36 Nationalmannschaften in einem internationalen Coupe spielen. Sie können die Parameter wie die Spieldauer von 3, 5, 7 Minuten und weitere Schwierigkeitsparameter ändern und die Tasten aktivieren oder deaktivieren.
Ippatsu Gyakuten! DX Bakenou (Japan)	Ippatsu Gyakuten! DX Bakenou ist eines der berühmtesten Hippie-Spiele von Paris, das erstmals auf dem Game Boy exklusiv in Japan erhältlich war.
Iron Man X-O Manowar in Heavy Metal (USA, Europe) (SGB Enhanced)	Die Metalltitanen Iron Man und X-O Manowar kommen zum ersten Mal zusammen, um eine schwere kosmische Krise zu bewältigen! Es ist eine apokalyptische Kernschmelze voller wilder Action mit der ultimativen Superheldenkraft und dem ultimativen Realismus! Mit bidirektionaler Feuerkraft, Bruststrahl-Explosionen, Mehrfachtreffer-Kombos und Z-Achsen-Schießen, ultimativen Bosskämpfen und verbesserter Waffenkraft!
Ishida Yoshio Tsumego Paradise (Japan)	Tsumego-Software unter der Aufsicht von Yoshio Ishida, der den Ehrentitel des 24. Honjobo trägt. Alle 100 Titel von Tsumego werden aufgezeichnet, und wenn Sie richtig antworten, wird die Erklärung angezeigt. Darüber hinaus wird jedes Mal, wenn Sie eine Frage lösen, die Stärke der Stärke beurteilt, und Sie können das Wachstum der Stärke der Stärke spüren.
Ishido - The Way of Stones (USA)	Ishido ist ein Solitaire-Brettspiel, das mit Spielsteinen gespielt wird (wie Shanghai). Das Ziel besteht darin, alle Spielsteine auf dem Spielbrett zu platzieren und durch Einhaltung bestimmter Spielregeln die höchstmögliche Punktzahl zu erzielen. Es ist ein Solitärspiel. Es gibt Spielweisen, die den Punktestand dramatisch erhöhen können, was dem Spiel einen sehr strategischen Charakter verleiht. Darüber hinaus kann der Spieler bei Bedarf eine Orakellesung erhalten, indem er eine Frage stellt. Die Frage wird beantwortet, wenn der Spieler ein sehr elegantes Spiel macht (4-Wege-Match). Außerdem gibt es einen „Baukasten“, mit dem Spieler ihre eigenen Kacheln und Hintergründe erstellen können. Aber das Spiel kommt mit zahlreichen Kachelsätzen und Hintergründen.
Itsudemo! Nyan to Wonderful (Japan) (SGB Enhanced)	Itsudemo! Nyan to Wonderful ist ein Strategiespiel, das von Yoshidayama Workshop entwickelt und von Banpresto veröffentlicht wurde, das 1998 in Japan veröffentlicht wurde.
J.League Big Wave Soccer (Japan) (SGB Enhanced)	Dies ist die Gameboy-Version des berühmten J.League-Fußballspiels mit echten Namen. Sie können sogar Ihre eigenen Spieler erstellen, um dem Team beizutreten und an den Spielen teilzunehmen.
J.League Fighting Soccer - The King of Ace Strikers (Japan)	J-League Fighting Soccer: The King of Ace Strikers ist ein exklusiv in Japan erhältliches Fußballsimulationsvideospiel für den Game Boy und Family Computer. Die Game Boy-Version (veröffentlicht fast fünf Monate vor Beginn der Eröffnungssaison der J. League) war der erste offiziell von der J. League lizenzierte Titel.
J.League Live 95 (Japan) (SGB Enhanced)	Sie bieten zahlreiche fiktive Ausrüstungsgegenstände an und umfassen auch verschiedene Spielmodi wie Freundschaftsspiel oder Championat, die Sie bis zum Kursbeginn zischen können. Im Spiel sind verschiedene Aktionen möglich, z. B. Passe, Shoot oder Tacle. Alle Kinder haben ihren Namen. Das Spiel bietet drei verschiedene Modi, nicht eine Saison mit 14 Ausrüstungen, nicht zwei neue Ausrüstungen in diesem Jahr.
J.League Winning Goal (Japan)	J.League Winning Goal ist ein Fußballspiel für den Game Boy. In dieser besonders schnellen Situation haben Sie die Wahl zwischen 12 Teams, um sich über Freundschaftsspiele oder Ligastreitigkeiten zu streiten. Das Spiel beginnt mit dem Anblick und Sie kontrollieren die Angriffsgeschwindigkeit mit der Möglichkeit, den Ballon an Ihre Kollegen weiterzugeben oder einen Rahmen oder eine Klappe einzuspannen. In der Verteidigung ist es das Spiel, das Sie vor dem Ballon spielen, den Sie mit jeder möglichen Aktion kontrollieren müssen, um den Besitz des Ballons zu vertreiben.
Jack Nicklaus Golf (USA, Europe)	Unter dem großartigen Namen des Golfspiels schlagen wir Ihnen die Golfsimulation vor, die realistischer und mit mehr Funktionen für den Game Boy ausgestattet ist! Spielen Sie zu zweit auf dem Kurs von Jack Nicklaus oder schaffen Sie eine unbegrenzte Anzahl von Ihren eigenen Kursen. Ein Vier-Joch-Teilnehmer kann Anfänger und Experte sein. Sie können alle Aktionsdetails kontrollieren. Die Funktion des Passe-Mots ermöglicht es Ihnen, immer eine Pause einzulegen. Wenn Sie kurz davor stehen, die Besten zu beleidigen, ist JACK NICKLAUS GOLF Ihr Spiel!
James Bond 007 (USA, Europe) (SGB Enhanced)	Bond ist wieder mittendrin und reist dieses Mal durch die östliche Hemisphäre, um einen Elite-Waffenschmuggelring zu stoppen. Dazu muss Bond alle verfügbaren Waffen und Geräte nutzen, darunter die bewährte Laseruhr, Pistolen, Ak-47 und mehr. Bond wird auch die Gelegenheit haben, das Casino zu besuchen, wo Sie etwas Geld für Blackjack und Ähnliches ausgeben können, während einige der berühmtesten Bond-Bösewichte auftauchen, in der Hoffnung, den Geheimagenten daran zu hindern, seine Aufgabe zu erfüllen.
Jankenman (Japan)	Jankenman ist ein seitlich verunreinigtes Actionspiel, das auf einer Animationsserie basiert. Das Spiel ist zu Ende, als der Chef im Anschluss daran vergeblich war. Achtung, wenn Sie von einem Feind berührt werden, nehmen die Temperaturen schneller ab ...
Janshirou (Japan)	Janshirou ist ein generisches Brettspiel-basiertes Videospiel, das das intensive Strategiespiel Mahjong abdeckt! Ihr Ziel ist es, die 13 Kacheln in Ihrer Hand zu verwenden, plus eine, die Sie ziehen oder Ihre Gegner verwerfen können, um einige verschiedene Hände zu erstellen. Das Endziel ist es, &quot;Mahjong&quot; zu bekommen - die Verwendung all dieser Kacheln in verschiedenen Händen oder Verschmelzungen, ohne die Sets zu &quot;überlappen&quot;. Diese werden offensichtlich auf zwei Dingen basieren. Zuerst ist der Wert der Kachel - ob es &quot;eins&quot;, &quot;zwei&quot; ist, was auch immer. Mit den Circle- und Bamboo-Anzügen ist das einfach - zählen Sie einfach die Anzahl der Figuren dort!
Janshirou II - Sekai Saikyou no Janshi (Japan)	Janshirou II: Sekai Saikyou no Janshi ist ein von Sammy Studios veröffentlichtes Kartenspiel, das 1994 in Japan veröffentlicht wurde. Ein Mahjong-Spiel, in dem der Protagonist darum kämpft, das World Mahjong Tournament zu gewinnen. Sie können auch drei verschiedene Minispiele spielen, darunter Pferderennen. Sie können auch gegen andere Spieler spielen, indem Sie ein Kabel anschließen. Das Vier-Spieler-System ist vielleicht nicht perfekt, aber die einzige Möglichkeit, wirklich zu spielen, ist der Zwei-Spieler-VS-Modus.
Jantaku Boy (Japan)	Jantaku Boy ist ein klassisches Mahjong-Spiel für vier Spieler für den Game Boy, das 1992 exklusiv in Japan veröffentlicht wurde und bei dem Sie über detaillierte Regeln wie die Anwesenheit oder Abwesenheit von Inspector Gourmet und die Anwesenheit oder Abwesenheit von Furiten Reach entscheiden können. Sie können den normalen Modus oder Minispiele genießen.
Jeep Jamboree - Off-Road Adventure (USA)	Hey Abtrünniger, jetzt erlebst du das ultimative Offroad-Rennabenteuer in einem rauen und turbulenten Rennen bis zur Ziellinie auf einer von über 22 authentischen Jeep Jamboree-Strecken deiner Wahl. Mit diesen leistungsstarken Funktionen werden Sie sich im Jeep 4x4-Himmel befinden: 2-Spieler-Game-Boy-Game-Link: Warum einfach gegen 20 Fremde antreten, wenn Sie ein direktes Kopf-an-Kopf-Rennen gegen einen skrupellosen Freund genießen können?! Drei Arten von Rennsaisonen: Kurz-, Mittel- oder Meisterschaftssaison (Übungs-Jeep-Jamborees sind ebenfalls verfügbar). Strecken, die immer schwieriger werden: Versuchen Sie einfach, auf dem Weg zu bleiben, während Sie sich durch Schlamm, gefährliche Straßenverhältnisse und 20 straßenfressende Konkurrenten kämpfen, die Sie am liebsten von der Strecke abbringen würden.
Jelly Boy (Europe)	Jelly Boy ist ein gallertartiger, humanoider rosa Klecks auf einer Mission durch seltsame Welten. Auf seiner Suche reist er durch Landschaften wie riesige Spielzeugfabriken und arktische Schneefelder und stellt sich allen möglichen gefährlichen Feinden und Hindernissen. Er kann springen und eine große Faust aus seinem Bauch schießen (schließlich ist er ein Klecks). Darüber hinaus verfügen verschiedene Level über spezielle Power-Ups, die es dem Blob ermöglichen, unterschiedliche Formen anzunehmen, die unter bestimmten Umständen nützlich sind. Dazu gehören ein Heißluftballon (um zu besonderen Gegenständen zu schweben), ein Hammer (um blockierende Blöcke zu zertrümmern), ein U-Boot (um effektiver durch ein Unterwasser-Bonuslevel zu navigieren), ein Skateboard (um innerhalb einer Frist durch ein Level zu rasen), und ein Pogo-Stick (für besonders hohe Sprünge). Allerdings sind nicht alle Power-Ups nützlich. Ein Gegenstand verwandelt Jelly Boy in einen Block, sodass er sich mehrere Sekunden lang nicht bewegen kann.
Jeopardy! (USA)	Jetzt können Sie jederzeit und überall Amerikas beliebtestes Antwort- und Fragespiel spielen! Dieses tolle Spielepaket vereint große Köpfe in einer kleinen Box – treten Sie gegen einen Freund an, messen Sie Ihre Intelligenz mit dem Computer oder testen Sie zum Spaß allein Ihr Gedächtnis. Es ähnelt in jeder Hinsicht der rasanten TV-Show: Daily Doubles, Final Jeopardy!, sogar die eigentliche Titelmusik gibt Ihnen das Gefühl, wirklich dabei zu sein!
Jeopardy! - Platinum Edition (USA) (SGB Enhanced)	Jeder liebt JEOPARDY!, Amerikas beliebtestes Fernsehspiel. GameTek hat in diesem Spiel mehr als 1.500 neue Antworten und Fragen zusammengestellt, die direkt aus den Archiven der TV-Show stammen.
Jeopardy! - Sports Edition (USA)	Wenn Sie ein Sportfan sind oder eine Herausforderung mögen, ist diese Ausgabe von Jeopardy genau das Richtige für Sie! Zeigen Sie Ihr Wissen über Baseball, Basketball, Fußball, Hockey, Boxen, Golf, Pferderennen, Olympische Spiele und viele andere Sportarten, indem Sie über 1700 Fragen aus allen Kategorien beantworten.
Jeopardy! - Teen Tournament (USA) (SGB Enhanced)	Jeder liebt JEOPARDY! Und jetzt können Teenager diese neue Teen Tournament-Ausgabe des GameTek-Klassikers spielen. Wir haben über 1.500 neue Antworten und Fragen in dieses Spielpaket gepackt, in Kategorien, die Kinder kennen, von Tieren über US-Bundesstaaten und TV-Trivia bis hin zu Spielzeug und Spielen. GEFAHR! ist auch eine unterhaltsame Möglichkeit, das, was Kinder in der Schule lernen, mit Kategorien wie „Synonyme“, „Geographie“, „Die Erde“ und „Zellen“ zu vertiefen. Treten Sie gegen einen Freund an, messen Sie Ihren Verstand mit dem Computer oder testen Sie zum Spaß alleine Ihr Gedächtnis. Es ist genau wie die rasante TV-Show: Daily Doubles, Final JEOPARDY! und die eigentliche Titelmusik, damit Sie das Gefühl haben, wirklich dabei zu sein!
Jetsons, The - Robot Panic (USA, Europe)	Orbit City wird von wilden Robotern angegriffen und nur die Jetsons können sie aufhalten! Mit Hilfe seiner Familie stürmt George Jetson los, um den Roboteranführer zu besiegen und den Tag zu retten!
Jikuu Senki Mu (Japan)	Es gab einst einen Kontinent namens „Kontinent Mu“, auf dem der König des Landes Prinas regieren konnte. Irgendwann machte König Lars II. plötzlich den Nehruismus, der bis dahin die Staatsreligion gewesen war, zu einer Religion, anstatt Max Education zur Staatsreligion zu machen. Kurz nachdem Neils Leute den heiligen Ort verfolgt hatten, verschwand die Königin von Prinna plötzlich. Auch das neugeborene Kind des Königs wurde von jemandem entführt. Nach der Bekehrung tauchten in verschiedenen Teilen des Kontinents Monster auf. Die Leute sagten, die verbannten Neils manipulierten Dämonen. Das geht schon seit 16 Jahren so. Die Monster, die ihre Streitkräfte weiter ausbauten, drangen schließlich in das Schloss der Prinzessin ein. Der schwer verletzte König wird in das Grenzdorf „Elie“ gehen.
Jimmy Connors Tennis (USA, Europe)	Yannick Noah, eine symbolträchtige Figur des französischen Tennis, bietet Ihnen heute die Möglichkeit, wie die größten Tennisprofis zu trainieren. Werden Sie dank einer Tennissimulation auf hohem Niveau die Nummer 1 auf dem Platz der prestigeträchtigsten Turniere!
Jinsei Game Densetsu (Japan)	Jinsei Game Densetsu ist ein Kartenspiel ähnlich dem Mesa-Spiel „Das Spiel des Lebens“ oder „Das Spiel des Lebens“, das von der Advance Communication Company ins Leben gerufen und von Takara veröffentlicht wurde, der 1991 in Japan veröffentlicht wurde. Adaptiert von der Meisterin Unsterbliches Spiel im Mesa-Stil Sugoroku, „Das Spiel des Lebens“, ursprünglicher Schöpfer. Das Szenario wurde von einer Fantasie inspiriert. Der König, der das Land regieren wollte, kündigte an, dass der Trono sich der Person anschließt, die mehr Geld in das Land geschickt hat. Es handelt sich um eine Geschichte des Ausstiegs, bei der die Personen, die von der Ankündigung, in die Augen zu konvertieren, erblickt wurden, besprochen wurden.
Joe & Mac (USA)	In Joe & Mac: Caveman Ninja für GameBoy übernimmst Du die Aufgabe die entführten Mädchen vom rivalisierenden Stamm zurückzuholen! Kämpfe, laufe, springe und klettere durch verschiedenste steinzeitliche Level und räume deine Gegner aus dem Weg. Nutze dazu in Joe & Mac: Caveman Ninja für GameBoy verschiedenste Waffen - von der Keule bis zum Boomerang steht Dir einiges zur Auswahl! Nutze deine Muskeln und zeige, welcher Stamm in Joe & Mac: Caveman Ninja für GameBoy das Sagen hat!
Jordan vs Bird - One on One (USA, Europe)	Michael Jordan von den Chicago Bulls und Larry Bird von den Boston Celtics waren die einzigen beiden Spieler im Spiel, was dem Spieler die Teilnahme an einem Eins-gegen-eins-Basketballspiel ermöglichte. Zu den Minispielen gehörten ein Slam-Dunk-Wettbewerb (mit Jordan) und ein Drei-Punkte-Wettbewerb (mit Bird).
Judge Dredd (USA, Europe)	Judge Dredd ist ein Plattform-Actionspiel, das auf der gleichnamigen britischen Comicfigur und dem Film aus dem Jahr 1995 basiert, der diesen Namen in den Schatten stellte. Da es sich bei dem Spiel um eine Multi-System-Version handelte, entspricht es der Standardformel „Sprung/Schieß/Ente“ für die Konsole, fügt jedoch einige einzigartige Wendungen hinzu, wie z. B. das Verwunden von Feinden, sodass diese kapitulieren und verhaftet werden können. Die ersten Level folgen der Handlung des Films, in der der futuristische Anwalt Richter Dredd angeklagt und in die Strafkolonie Aspen geschickt wird, aus der er fliehen und seine Unschuld beweisen muss. Nach dem Kampf an der Spitze der Freiheitsstatue, der den Film beendete, geht das Spiel mit Levels und Charakteren weiter, die vom Comic inspiriert sind, und gipfelt in einem Kampf gegen die Dunklen Richter auf Deadworld.
Jungle Book, The (World) (Disney Classic Games)	Begleite Mogli auf einer abenteuerlichen Reise durch den Dschungel, und hilf ihm bei der Suche nach der Menschensiedlung. Atemberaubende Animationen sorgen in den 10 Leveln und 3 Schwierigkeitsgraden für Spielspaß jeden Alters.
Jungle no Ouja Tar-chan (Japan) (SGB Enhanced)	Der gleichnamige Comic, der in „Weekly Shonen Jump“ veröffentlicht wurde, wurde in ein Spiel umgewandelt. Die Hauptfigur Tar-chan begibt sich auf eine Reise, um an eine superstarke dünne Medizin zu kommen. Er sammelt Informationen auf dem Draufsichtbildschirm und kämpft auf dem Seitenansichtbildschirm gegen Feinde.
Jungle Strike (USA)	Einige Zeit nach Operation Desert Strike droht Ibn Kilbaba, der Sohn von Kilbaba Sr., Amerika auszulöschen. Nachdem sein Vater getötet wurde, verjagten die Menschen, die einst unter seiner Kontrolle standen, den Sohn – zusammen mit dem Geld seines Vaters und dessen Nuklearwaffenprogramm. Kilbaba, noch rücksichtsloser als sein Vater, dürstet nach Rache für dessen Tod und schwört, das Blut der Amerikaner zu vergießen, die ihn getötet haben. Bereits bewaffnet heuert Kilbaba Carlos Ortega an, um ihm beim Aufbau des Nuklearwaffenprogramms tief in Südamerika zu helfen. Ortega, der berüchtigtste Drogenbaron der Welt, sinnt ebenfalls nach Vergeltung. Mit seiner eigenen Privatarmee, ausgerüstet mit modernster Waffentechnologie, ist er bereit, um jeden Preis gegen Amerika zu kämpfen.
Jungle Wars (Japan)	Das Ziel dieses befehlsbasierten Rollenspiels ist es, Jungle Dad zu retten, der vom bösen Goat Squad entführt wurde, und den Frieden im Dschungel wiederherzustellen. Erweitern Sie Ihr Team um Sasuke, den Saru und Mio, die Magie anwenden können, und Ihre Abenteuer werden sich im Dschungel und in der Stadt entfalten
Jurassic Park (World) (Limited Run Games)	Ein Spiel basierend auf dem Erfolgsfilm Jurassic Park. Das Spiel beginnt, kurz nachdem der T-Rex den Van des Besuchers in seine Grube stößt. Sie spielen die Rolle von Dr. Alan Grant, also müssen Sie Tim und Lex finden, sie zum Besucherzentrum bringen und alle von der Insel holen. Aber dieses Mal wird es nicht halb so einfach sein wie im Film. Das Spiel ist in zwei Missionen aufgeteilt, die auf zwei verschiedene Arten gespielt werden. Die erste Mission besteht darin, Tim und Lex zu ihrem Großvater zurückzubringen und wird (fast ausschließlich) aus der Top-Down-Perspektive gespielt. Bei der zweiten Mission geht es darum, den Strom wieder in Betrieb zu nehmen und lebend zurückzukehren, damit jeder die Insel verlassen kann, und wird wie ein FPS (Ego-Shooter) gespielt.
Jurassic Park Part 2 - The Chaos Continues (World) (En,Fr,De,It) (Limited Run Games)	Ein Jahr ist vergangen und die Dinosaurier des Jurassic Park sind noch am Leben. Kehre als Dr. Grant in Jurassic Park Part 2 The Chaos Continues für den GameBoy in den Park zurück. Neue Spezies und noch mehr Action erwarten dich! Willkommen am anderen Ende der Nahrungskette! Jurassic Park Part 2 The Chaos Continues für den GameBoy!
Kachiuma Yosou Keiba Kizoku (Japan)	Software zur Vorhersage von Pferderennen, mit der Sie das Siegerpferd auf der Grundlage bekannter Blutlinien und des Biorhythmus der Jockeys vorhersagen können. Wählen Sie einfach ein Pferd oder einen Namen mit dem Cursor aus und Sie können das Rennen ganz einfach vorhersagen. Die körperliche Verfassung des Reiters hängt von seinem Biorhythmus ab. Der Zustand des Pferdes liegt außerhalb der Daten. Am Ende entscheidet das Blut über den Sieger! Es scheint mit dem gleichen Glauben geschaffen worden zu sein. Wenn Sie etwas nachvollziehen können, werden Sie es lieben.
Kachiuma Yosou Keiba Kizoku EX '94 (Japan)	&quot;Kachiuma Yosou Keiba Kizoku Ex '94&quot; ou &quot;Katsuba Yosou Keiba Kizoku EX '94&quot; fait suite à &quot;Kachiuma Yosou Keiba Kizoku&quot; sorti sur Game Boy quelque temps auparavant. Le principe reste le même : prédire des courses hippiques selon divers paramètres: jockeys, temps des courses précédentes, données sur les chevaux, etc. Dans ce deuxième volet, de nouveaux chevaux concourent. Toutes les données de vrais jockeys sont enregistrées. Le texte est plus grand que dans la version précédente et la notation kanji facilite la lecture à l'écran.
Kachiuma Yosou Keiba Kizoku EX '95 (Japan)	Dies ist die neueste Datenversion der Vorhersagesoftware für Pferderennen, die sich durch eine hohe Genauigkeit auszeichnet. Geben Sie einfach einfache Details ein, wie den Vater und den Jockey des Pferdes, und die Software wird anhand der Pferderennzeitung als Referenz das siegreiche Pferd vorhersagen. Das Eintippen der Daten kann man sich doch nicht sparen, oder? So ist das. Als ich die Daten eingab und sie mit den Ergebnissen früherer Rennen verglich, stellte ich tatsächlich fest, dass einige der härteren Rennen genau auf dem richtigen Weg waren. Dass der Biorhythmus als schwebendes Element genutzt wird, ist in vielerlei Hinsicht gut.
Kaeru no Tame ni Kane wa Naru (Japan)	In einem weit entfernten Land pflegen zwei Prinzen, Richard und der Prinz von Sablé (der Protagonist des Spiels), seit ihrer Kindheit eine freundschaftliche Rivalität. Eines Tages kommt ein Bote aus dem benachbarten Königreich, um die beiden Prinzen zu warnen. König Delarin fiel in das Mille-Feuille-Königreich ein und nahm Prinzessin Tiramisu gefangen. Von diesem Moment an brach Prinz Richard, der die Gelegenheit sah, die Gunst der Prinzessin zu gewinnen, eilig mit dem Boot auf, um sie zu retten. Der Prinz von Sablé verfolgt ihn in diesem Abenteuer. Während dieser Reise verwandeln sich die beiden Prinzen bei ihren Recherchen in Frösche.
Kaijuu Ou Gojira (Japan)	Das Spiel zeichnet sich dadurch aus, dass es fast jedes Monster aus der Godzilla-Reihe bis zum Zeitpunkt seiner Veröffentlichung enthält. Auch wenn es im Spiel keine erkennbare Geschichte gibt, ist die Grundannahme, dass in ganz Japan Hunderte von Monstern aufgetaucht sind und Godzilla der Einzige ist, der sie alle besiegen kann. Die menschlichen Armeen werden versuchen, den Amoklauf von Godzilla und den anderen Monstern zu stoppen. Das Spiel endet mit einem letzten Kampf zwischen Godzilla und Super MechaGodzilla, aus dem Godzilla als Sieger hervorgeht und seinen Titel als König der Monster behält.
Kaisen Game - Navyblue 90 (Japan)	Navy Blue 90 auf dem Game Boy ist die zweite Episode einer Saga von Seeschlachtspielen, die exklusiv in Japan veröffentlicht wird. In diesem Werk haben Sie eine größere Auswahl an Booten, aus denen Sie auf einer Rasterkarte frei wählen können. Anschließend versuchen Sie rundenbasiert, die gesamte gegnerische Flotte zu zerstören. Dafür stehen Ihnen klassische und unbegrenzte Raketen, aber auch zusätzliche und neue Waffen in diesem Bereich (größere Raketen, Flugzeuge, Radare) zur Verfügung. Die Software bietet einen Zwei-Spieler-Modus und ein Passwortspeichersystem.
Kamen Rider SD - Hashire! Mighty Riders (Japan)	Kamen Rider SD Hashire! Mighty Riders für den Game Boy ist ein Rennspiel, das 1993 exklusiv in Japan veröffentlicht wurde und auf dem gleichnamigen Manga von Shōtarō Ishinomori basiert.
Kandume Monsters (Japan) (SGB Enhanced)	Kandume Monsters ist ein Simulations- und Zuchtspiel. Der Spieler muss Monster züchten und sie ausbilden, um die besten Kämpfer der Region zu werden. Sie können Monster mit einem mysteriösen Edelstein namens „Edelstein“ ausrüsten und verschiedene Techniken anwenden.
Karakuri Kengou Den Musashi Lord (Japan)	Basierend auf der gleichnamigen japanischen Anime-Serie ist Karakuri Kengōden: Musashi Lord ein Actionspiel, das die Reise von Musashi, einem angeblichen „Trickroboter“, durch das mittelalterliche Japan in der Hoffnung, ein Kampfkünstler zu werden, erzählt. Erstklassig. Während Musashi durch die sieben Gebiete des Spiels reist, muss er stets auf der Hut sein vor allen Feinden und einer Reihe von Rätseln, die ihn stecken lassen können, wenn er nicht die richtige Lösung findet.
Karamuchou no Daijiken (Japan) (SGB Enhanced)	Dies ist die Stadt Karamoo, in der die Figur der Anzeige lebt. In diesem 100-stufigen Seitenansichtsspiel finden Sie alle möglichen seltsamen Objekte und Fallen. Sammle die „Türen“ so schnell wie möglich ein, um ins „Süßigkeitenland“ zurückzukehren.
Kaseki Sousei Reborn (Japan) (SGB Enhanced)	Kaseki Sousei Reborn auf dem Game Boy ist ein Rollenspiel, das 1998 exklusiv in Japan veröffentlicht wurde. Ganz ähnlich wie Pokémon können Sie mit der App in die Rolle eines jungen Mannes schlüpfen, der sich aufmacht, die Welt mit seiner Schaufel, einem Tier und anderen zu erkunden all seinen Mut. Der erste ermöglicht es ihm, Schätze zu heben, während der zweite ihn vor feindlichen Kreaturen schützt. Das Monster sammelt Erfahrung und wird im Laufe der Kämpfe immer mächtiger. In Kaseki Sousei Reborn gibt es zwei Spielphasen: die in den Dörfern, in denen keine Bedrohung besteht und in denen man einkaufen kann, und die in den Kerkern. Währenddessen sind Feinde auf dem Bildschirm sichtbar und bewegen sich mit jeder Ihrer Aktionen ein Feld vorwärts, wie in einem klassischen Dungeon-RPG.
Kattobi Road (Japan)	Kattobi Road ist ein Rennspiel, das 1993 exklusiv in Japan veröffentlicht wurde. Der Titel bietet viele Fahrzeugtypen wie Formel 1 oder Sportwagen und Lastwagen. Das Gameplay von Kattobi Road erfordert das Spielen mit Schaltgetriebe.
Keitai Keiba Eight Special (Japan)	Keitai Keiba Eight Special ist ein Spiel, in dem man Pferderennen vorhersagen muss. Es hat zwei Spielmodi: den einfachen Modus und den erweiterten Modus. Sie können die im einfachen Modus eingegebenen Daten auch speichern und sie im erweiterten Modus verwenden. Obwohl es vom Super Nintendo portiert wurde, wurde es im Gegensatz zum Original gut aufgenommen, da es einfacher war, mit einem Game Boy überall (z. B. auf der Rennbahn) Vorhersagen zu treffen.
Ken Griffey Jr. Presents Major League Baseball (USA, Europe) (SGB Enhanced)	Ken Griffey Jr Presents Major League Baseball ist eine Baseball-Simulation mit Ken Griffey Jr. von den „Nintendo Owned“ Seattle Mariners. Dieses lizenzierte Spiel ermöglicht es Ihnen, mit allen 28 Major League-Teams in ihren eigenen Stadien und mit über 700 Spielernamen (keine Ähnlichkeiten) zu spielen. Sie steuern Ihren Pitcher oder Batter sowie Ihre Feldspieler. Das Spiel ermöglicht es Ihnen, eine Saison mit 26, 78 oder 162 Spielen zu spielen und zu speichern.
Kenyuu Densetsu Yaiba (Japan)	Kenyuu Densetsu Yaiba auf dem Game Boy ist ein Spiel, das vom gleichnamigen Manga und Anime von Aoyama Gosho, dem Schöpfer von Detective Conan, inspiriert wurde. Es handelt sich um ein klassisches Action-Plattformspiel, das 1994 von Banpresto entwickelt und veröffentlicht wurde. Yaiba ist ein junger Samurai von etwa zehn Jahren, der von seinem Vater Kenjûrô im Dschungel aufgezogen wird und ein Stadtleben voller Entdeckungen führen wird. Das Spiel folgt den Pyramid- und Emerald-Bögen aus dem Manga (die nicht in einen Anime umgewandelt wurden). Auch in diesem Spiel ist es in Kapitel unterteilt, denen der Spieler vom zweiten bis zum sechsten nach Belieben folgen kann. Am Ende jedes dieser Kapitel erwartet ihn ein Boss.
Kid Dracula (USA, Europe)	Steuere den Helden Kid Dracula, Star des mystischen Transsilvanien. Mit seinem Humor und seinen Zauberfähigkeiten ist er der coolste Vampir, den die Welt je gesehen hat! In diesem Spiel kämpfst und hüpfst Du durch vielseitige und spannende Level und kannst mit 7 unterschiedlichen Zaubern Deine Gegner besiegen. Zusätzlich kann sich Kid Dracula in eine Fledermaus-Form verwandeln und fliegen! Dank mehrerer Spielmodi wird Dir nie langweilig.
Kid Icarus - Of Myths and Monsters (USA, Europe)	Den Anfang machte Kid Icarus für NES (jetzt in der 3D Classics-Reihe für Nintendo 3DS), in dem der Engelskrieger Pit gegen Medusas Truppen ankämpfte. Fünf Jahre später feierte Pit seine Rückkehr in Kid Icarus: Von Mythen und Monstern für den Game Boy. Hier wird das ursprünglich vertikal scrollende Action-Spiel zu einem seitlich scrollenden Action-Abenteuer erweitert, in dem Pit sich den Lakaien des mysteriösen Dämonen Orcos gegenüberstellt. Es sollte 20 Jahre dauern, bis Pit sich wieder in die Lüfte schwingen würde ? in Kid Icarus: Uprising für Nintendo 3DS!
Kidou Keisatsu Patlabor - Nerawareta Machi 1990 (Japan)	Patlabor: The Mobile Police auf dem Game Boy ist eine Software, die Action und Rollenspiel kombiniert. Am Steuer eines Polizei-Mechas müssen Sie die Ordnung in der Stadt aufrechterhalten. Bei Kontakt mit gegnerischer Panzerung beginnt ein rundenbasierter Kampfmodus. Nachdem fünf Angriffsarten ausgewählt wurden, wird das Schicksal der Konfrontation entsprechend den Eigenschaften jedes einzelnen Protagonisten entschieden. Das Spiel regt zum Erkunden an, um alle Gegner ausfindig zu machen und Zugangspunkte zu Codes zu finden, um den Fortschritt zu speichern.
Killer Instinct (USA, Europe) (SGB Enhanced)	Acht deiner Lieblingskämpfer der Arcade Version von Killer Instinct haben sich in Killer Instinct versammelt um sich im ultimativen Kampfturnier bis aufs Blut zu bekämpfen. Auch auf dem GameBoy besticht Killer Instinct mit seinen großartigen Combos und Strategien.
King of Fighters '95, The (USA) (SGB Enhanced)	Die erste Fortsetzung der King of Fighters-Reihe beginnt ein Jahr nach dem Ende des ersten Turniers. Wieder einmal erhalten Kämpfer aus aller Welt eine mysteriöse Einladung zu einem teambasierten Kampfturnier. Und genau wie letztes Jahr scheint der berüchtigte Kriminelle Rugal Bernstein dahinter zu stecken, der offenbar von den Toten auferstanden ist, um erneut für Chaos zu sorgen ... The King of Fighters '95 stellt Kyo Kusanagis Rivalen Iori Yagami vor und macht Kyo fest zum Hauptcharakter für den Rest der Serie. Das Gameplay von The King of Fighters '95 ist im Wesentlichen unverändert gegenüber dem Vorgängertitel, führt jedoch das „Team-Edit“-Konzept ein, das als Standardmerkmal der Serie bleiben würde. Mit der Funktion „Team bearbeiten“ ist es möglich, ein völlig individuelles Team mit einem der verfügbaren Kämpfer zu erstellen oder auf Wunsch eines der Standardteams zu verwenden.
King of Fighters, The - Heat of Battle (Europe) (SGB Enhanced)	The King of Fighters: Heat of Battle! 27 der besten Kampfhelden von SNK liefern sich Handgreiflichkeiten! Nur King of Fighters ermöglicht es Ihnen, Ihre Lieblingscharaktere in spannenden Teams zu kombinieren. Probieren Sie endlose Kombinationen aus und erklimmen Sie die Spitze mit dem härtesten Team von allen! Über 2.900 mögliche Teamkombinationen mit der Team-Edit-Funktion. Es ist zu viel!
Kingdom Crusade (USA)	Deine Suche, mutiger Held, ist äußerst dringend. Das Schicksal des Königreichs liegt in Ihren Händen. Sie müssen Ihren Feind besiegen, indem Sie die Kontrolle über seine Armee und seine Festungen übernehmen. Setzen Sie Ihre Armee mit Bedacht ein, denn obwohl Sie über eine eigene Legion aus Zauberern, Riesen, Paladinen und Rittern verfügen, ist die feindliche Armee ähnlich ausgerüstet und wird auf ihrem eigenen Kreuzzug kämpfen. Viel Glück und möge Merlins mystische Stirn Sie auf Ihrem Weg begleiten.
Kingyo Chuuihou! - Wapiko no Wakuwaku Stamp Rally! (Japan)	In diesem Spiel wird in der Inaka-Schule eine Briefmarkenjagd organisiert, und Wapiko, die Spielerfigur, möchte als Erste alle Briefmarken sammeln. Der Spieler steuert Wapiko durch die Schule und versucht, eine festgelegte Anzahl von Minispielen abzuschließen, die während der Interaktion mit NPCs oder bestimmten Räumen gespielt werden können. Durch das Abschließen eines Minispiels erhalten Sie einen Stempel, der gegen Punkte eingetauscht werden kann. Sobald eine bestimmte Punktzahl erreicht ist, muss der Spieler ins Fitnessstudio gehen, um das letzte Minispiel auszuprobieren.
Kingyo Chuuihou! 2 - Gyopi-chan o Sagase! (Japan)	Kingyo Chuuihou! 2 Gyopichan o Sagase! ist das zweite Videospielwerk der Manga-Serie Kingyo Chuuihou!, das ein Jahr nach Wapiko no Wakuwaku Stamp Rally! veröffentlicht wurde. Das Ziel dieses Actionspiels ist es, den entführten Gyopi-chan zu finden. Wenn Sie durch das Schulgebäude gehen, startet plötzlich ein Minispiel und Sie können die Geschichte vorantreiben, indem Sie sie abschließen. Im Verlauf der Geschichte gibt es Szenen, in denen Minispiele beginnen und so weiter. Neben dem Story-Modus gibt es auch einen Modus, in dem Sie nur die Minispiele genießen können, einen Spielmodus, in dem Sie die Zukunft erzählen können, und einen Telefonmodus, in dem Sie die Geburtstage und Telefonnummern Ihrer Freunde aufzeichnen können.
Kinin Koumaroku Oni (Japan)	Kininkou Maroku Oni ​​​​ist ein von WinkySoft entwickeltes und von Banpresto veröffentlichtes Rollenspiel, das 1990 in Japan veröffentlicht wurde. Es handelt sich um ein historisches Rollenspiel, das in Japan spielt. Die Hauptfigur ist ein Ninja, der Dämonengöttern Blut entzieht und sich jederzeit in einen „Mahou Doji“-Dämon verwandeln kann. Das Ziel dieses Spiels ist es, das Geheimnis Ihrer Geburt zu enthüllen, das von Geheimnissen umgeben ist. Alle feindlichen Charaktere in diesem Spiel sind im japanischen Stil, wie zum Beispiel Geister und Monster. Sie können in 2D spielen, indem Sie sich aufs Land wagen.
Kinnikuman - The Dream Match (Japan)	Kinnikuman: The Dream Match ist ein Wrestlingspiel, das auf der Anime-Serie Kinnikuman basiert. Es enthält sechs der beliebtesten Charaktere aus den frühen Stadien der Saga: Kinnikuman, Terryman, Robin Mask, Ramenman, Brocken Jr. und Warsman. Zu Beginn des Spiels können die Spieler einen von ihnen auswählen und müssen alle anderen in zufälliger Reihenfolge besiegen. Während des Kampfes kann der Kämpfer Schläge, „fliegende Tritte“ oder Spezialbewegungen ausführen (für die es am unteren Bildschirmrand eine Leiste gibt, die angibt, ob sie verwendet werden können oder nicht).
Kirby's Block Ball (USA, Europe) (SGB Enhanced)	König Dedede stiehlt die fünf funkelnden Sterne und versteckt sie in seinem Schloss. Kirby fliegt mit seinem Warpstern nach Blockwelt und fordert jedes Level heraus, um Dedede zu erreichen. Das Spielfeld enthält eine Vielzahl von Blöcken und mit Kirby's Rolltechnik musst du ihn mit Pinball-Flippern in Bewegung versetzen, um die Blöcke auf dem Feld zu zerstören. Jedes Level enthält mehr und mehr Blöcke und nach ein paar Runden forderst du einen Boss, in einem Eins gegen Eins Match heraus.
Kirby's Dream Land (USA, Europe)	Kirby fliegt, hüpft und rennt durch's Dream Land und ist erstklassig spielbar. Mittlerweile schon ein Klassiker, vor allem gut für die Jüngeren geeignet. Hier kommt Kirby! Hungrig bahnt er sich seinen Weg durch gigantische Burgen und Höhlen, dunkle Verliese und Wälder. Da bleibt keine Zeit zum Träumen! Hier mußt Du schnell handeln.
Kirby's Dream Land 2 (USA, Europe) (SGB Enhanced)	Irgendwo inmitten des Dreamland befinden sich die sieben geheimnisvollen Regenbogen-Inseln. Wundervolle Regenbogen-Brücken ragen weit in den Himmel hinein. Doch plötzlich verblassen ihre Farben und die Brücken verschwinden. Nun bist Du gefragt! Begleite Kirby auf seinem Weg, um das mysteriöse Regenbogenschwert zu finden und gegen den boshaften Dark Matter anzutreten. Begleitet wirst Du dabei von treuen Freunden, die Dir unglaubliche Fähigkeiten verleihen. Ein Abenteuer, das seinesgleichen sucht!
Kirby's Pinball Land (USA, Europe)	Die coole Tomate Kwirk ist in ein großes Schlamassel geraten. Jemand seine geliebte Tammy in eine Falle gelockt und eingesperrt! Kwirk ist die einzige Tomate mit genug Ketchup in den Armen um der verpuzzleten Situation Herr zu werden. Mit ihm rätselst du dich durch verzwickte Situationen, verschiebst jede Menge Blöcke und weichst so mancher Fallgrube aus. Immer neue Labyrinthe werden sich dir in den Weg stellen. Also pack dir deine Sonnenbrille, bring die Birne in Fahrt und rette Tammy. Du bist ihre einzige Chance!
Kirby's Star Stacker (USA, Europe) (SGB Enhanced)	Kirbys Star Stacker ist ein Tetris-ähnliches Puzzle-Spiel. Es gibt verschiedene Spielmodi, wie z. B. Zeitspiel (Time Trial), Herausforderung (Challenge) und Geschichte (Story Mode), aber die Grundidee des Spiels ist dieselbe: Du musst Sternenblöcke (Star Block) zwischen zwei Freund-Blöcken (Friend Blocks) entweder horizontal oder vertikal stapeln. Die Freund-Blöcke und alle Sternblöcke dazwischen werden dann aus dem Spiel entfernt. Ähnlich wie bei Tetris fallen Gruppen von Blöcken in den Behälter, der zwei der folgenden Typen enthält: Sternblöcke: Der wichtigste Block, da alle Spielarten darauf beruhen. Stapel diese Blöcke zwischen zwei Freund-Blöcke entweder horizontal oder vertikal, und sie werden gelöscht. Je mehr Sterne entfallen, desto mehr Punkte sammelst du. Freund-Blöcke: Diese Blöcke haben Bilder von Kirbys Freunden - Rick der Hamster, Kine der Fish und Coo die Eule (alles von Kirby's Dream Land 2). Ordne zwei von jedem zu, um sie aus dem Bildschirm zu entfernen. Alle Sternblöcke zwischen den beiden Zeichenblöcken werden ebenfalls gelöscht.
Kitchen Panic (Japan)	Kitchen Panic ist ein 2D-Plattformspiel mit einer Kartoffel in der Hauptrolle. Eine Armee von Dosen und anderen Lebensmitteln hat die Küche übernommen und Potato muss sie aufhalten! Jedes umfangreiche Level ist sowohl auf Erkundung als auch auf Geschwindigkeit ausgelegt, da es in jedem Level zehn versteckte Kanister mit Spezialsauce gibt, aber das Spiel merkt sich auch Ihre beste Zeit in jedem Level. Potato verfügt über eine einzigartige Spezialfähigkeit, die ihm dabei hilft: Er kann sich im Freien wie ein bestimmter Igel drehen und seine Kraft nutzen, um sich weiter und schneller zu bewegen, als er rennen kann. Es gibt auch eine Reihe von Power-Ups, wie zum Beispiel Ice Potato und Rocket Potato. Das Spiel besteht aus mehreren Zonen mit jeweils 6 Leveln. Am Ende jeder Zone muss sich Potato einem Bossgegner zum Thema Essen stellen.
Kiteretsu Daihyakka - Bouken Ooedo Juraki (Japan)	Kiteretsu Daihyakka – Bouken Ooedo Juraki ist ein Side-Scrolling-Actionspiel, das auf einer Anime-Fernsehserie basiert. Sie steuern Korosuke durch die acht Welten, die er durchqueren muss, um seine entführten Freunde zu retten.
Kizuchi da Quiz da Gen-san da! (Japan)	Kizuchi da Quiz da Gen-san da! ist ein Quizspiel, das 1992 nur in Japan für den Game Boy veröffentlicht wurde und in der Welt von Hammerin' Harry spielt. Dies ist ein einfaches Quizspiel, bestehend aus Fragen mit 3 oder 4 Antwortmöglichkeiten. Der Spieler muss auf dem Sugoroku-Brett automatisch von Feld zu Feld vorrücken und die 10 Fragen beantworten, die jedes Feld bietet. Es ist notwendig, das Vorhandensein von Lebenspunkten zu berücksichtigen, die dem Gameplay innewohnen und die, wenn sie von 100 auf 0 sinken, den Spieler dazu zwingen, sich einem Spielende zu stellen. Wenn Sie eine der Fragen im aktuellen Quiz falsch beantworten, werden Ihnen zehn Lebenspunkte abgezogen, aber zehn weitere erhalten Sie, wenn Sie es schaffen, den Fragebogen um ein Kästchen auszufüllen, im Vergleich zu zwanzig, wenn alle zehn Antworten richtig sind. Am Ende des Spielplans wird der Spieler vom Boss erwartet. Eine virtuelle Geldfunktion ist ebenfalls enthalten und ermöglicht den Kauf von Gegenständen, die während des Spiels verwendet werden können.
Klax (USA) (Mindscape)	Bei einem Action-/Puzzlespiel besteht das Ziel darin, fallende Kacheln verschiedener Farben einzufangen und Reihen, Spalten oder Diagonalen einer einzigen Farbe zu erstellen. Für jedes Level muss ein anderes Muster erstellt werden, und die Kacheln fallen im Verlauf des Spiels schneller, mehr auf einmal und in immer mehr Farben.
Klustar (Europe) (Proto)	Klustar: ein Puzzle-Spiel, Arbeiten Sie Ihren Weg, indem Sie die Teile in den richtigen Kombinationen drehen, ist, die sich bewegenden Teile zu sammeln, um ein solides Quadrat von Blöcken zu bilden. Das Spiel endet, wenn die Münzgruppe so groß wird, dass sie nicht in den Bildschirm gelangen kann.
Knight Quest (USA)	Sie übernehmen die Kontrolle über einen jungen Mann namens Will, der Ritter werden möchte. Nachdem er seine erste Quest für den König erfolgreich abgeschlossen hat, darf er ihm als Ritter dienen und weitere Quests annehmen, bei denen er das Land von Monstern und bösen Zauberern befreien muss. Knight Quest ist ein Einzelspieler-Rollenspiel mit rundenbasierten Schlachten. Sie können das Land erkunden, Häuser, Gasthöfe und Geschäfte betreten, um sich auszuruhen, Materialien zu kaufen oder Informationen über Ihre aktuelle Suche zu erhalten. Feinde sind sichtbar und jedes Mal, wenn Sie sich einem nähern, gelangen Sie in den Kampfmodus. Es gibt verschiedene Arten von Angriffen namens „Schwalbe“, „Möwe“, „Falke“ und „Adler“, die verschiedenen Feinden unterschiedlich viel Schaden zufügen.
Koi wa Kakehiki (Japan)	Ein Reflexionsspiel gegen den Computer. Ein schwarz-weißes Schachbrett im Format 6x6 bewegt sich abwechselnd um eine Linie nach der anderen. Wenn der Spieler in seinem Zug einen weißen Weg vom Jungen oben links zum Mädchen unten rechts verbindet, gewinnt er. Wenn der Computer den schwarzen Pfad vom Jungen oben rechts mit dem Mädchen unten links verbindet, verliert der Spieler.
Konami GB Collection Vol.1 (Japan) (SGB Enhanced)	Diese Zusammenstellung enthält vier Konami-Titel auf einem Modul: Castlevania: The Adventure Gradius (a retitled Nemesis) Konami Racing Probotector Jedes Spiel ist vollständig mit dem Game Boy Color und dem Game Boy kompatibel.
Konami GB Collection Vol.2 (Japan) (SGB Enhanced)	Dieser Nachfolger zur Konami GB Collection Vol. 1 enthält vier Konami-Titel gebündelt auf einem Modul: Block Game Frogger Parodius Track and Field Alle Spiele können in Farbe auf dem GBC oder in Schwarzweiß auf dem Original-Game-Boy-Handheld gespielt werden.
Konami GB Collection Vol.3 (Japan) (SGB Enhanced)	Dieser Nachfolger zur Konami GB Collection Vol. 2 enthält vier Titel im Arcade-Stil, die in einem Modul zusammengefasst sind: Bikers Guttang Gottung Mystical Ninja Pop'n Twinbee
Konami GB Collection Vol.4 (Japan) (SGB Enhanced)	Dieser Nachfolger zur Konami GB Collection Vol. 3 enthält: Antarctic Adventure Castlevania II: Belmont's Revenge Gradius II: Return of the Hero Yie Ar Kung-Fu
Konchuu Hakase (Japan) (SGB Enhanced)	Konchuu Hakase ist ein Insektenfangspiel (eine sehr beliebte Aktivität bei japanischen Kindern) in einem grafischen Stil, der an die ersten Pokémon-Spiele erinnert. Es ist notwendig, die gesammelten Gegenstände wie Schaufeln und Netze je nach Insekten auszutauschen. Es ist auch möglich, gefangene Insekten zu züchten.
Koro Dice (Japan) (En)	Korodice ist ein Puzzlespiel, bei dem Sie einen Zeiger steuern, der einen Würfel auf einem quadratischen Brett bewegt. Ihre Mission besteht darin, die Würfel in die richtige Position zu ihrem endgültigen Feld zu bringen, den Weg nicht durch die festen Blöcke zu blockieren und die Felder, die die Würfel in eine andere Position drehen, zu Ihrem Vorteil zu nutzen.
Koukiatsu Boy (Japan) (SGB Enhanced)	Der Hochdruckkönig und der Tiefdruckkönig leben in der himmlischen Welt. Eines Tages sieht der König des Tiefdrucks, wie die Erde durch Menschen verseucht wird, und um Sanktionen zu verhängen, zerstört er das Gleichgewicht zwischen Hoch- und Tiefdruckgebiet. Dadurch sind etwa 90 % der Erde von Wolken bedeckt. Neben dem Menschen gibt es viele Pflanzen, die auf der Erde leben. Wir müssen etwas tun, um diese Sanktion zu stoppen! Dann stand Koukiatsu Boy, der Enkel des Überdruckkönigs, auf.
Krusty's Fun House (USA, Europe)	Krusty the Clown's Fun House has been overrun by rats. You must help him to herd the rats into trap machines to clear them out. In order to do so, Krusty must manipulate his environment to set up pathways so that the rats are headed in the right direction. Objects that Krusty move around include blocks, fans, and pipe pieces. The trap machines are operated by other recognizable Simpson's characters: Bart, Homer, Sideshow Mel, and Corporal Punishment.
Kuma no Puutarou - Takara Sagashi da Ooiri Game Battle! (Japan) (SGB Enhanced)	Ein gleichnamiges Comic-Spiel, das auch animiert war. Ziel ist es, den Schatz zu finden, während „Kuma no Putaro“ 8 Arten von Minispielen abschließt. Abhängig vom Ergebnis des Minispiels ändern sich der Schatz und die „Punchline“, die letztendlich erhalten werden können.
Kung-Fu Master (USA, Europe)	Kung-Fu Master basiert lose auf einem Film und ist ein Side-Scrolling-Actionspiel für einen oder zwei Spieler, die abwechselnd an der Reihe sind. Mr. Sie befindet sich im obersten Stockwerk von Mr. Xs Schloss und Thomas muss sich seinen Weg nach oben erkämpfen. Das wird natürlich nicht einfach sein, da es auf jeder Etage viele Gegner gibt, an denen man vorbeikommt, und am Ende jedes Levels einen Boss gibt. Thomas kann sich nach links und rechts bewegen, springen, sich ducken sowie schlagen und treten. Feindliche Projektile wie Messer können in die Luft getreten werden, um sie auf den Feind abzuprallen. Im obersten Stockwerk wohnt Herr X selbst.
Kuusou Kagaku Sekai Gulliver Boy - Kuusou Kagaku Puzzle Purittopon!! (Japan) (SGB Enhanced)	Es handelt sich um ein Puzzlespiel, bei dem Sie vier gleichfarbige Blöcke, sogenannte Mini-Vorbereitungen, so anordnen müssen, dass sie verschwinden. Mit den Switch-Kapseln lassen sich Superbomben mit vielfältigen Effekten erschaffen. Sie haben den grundlegenden Nervenkitzel eines fallenden Spiels bis zum Abschlag. Die Charaktere haben nichts mit dem Inhalt des Spiels zu tun. Die Spielregeln mögen kompliziert erscheinen, aber wenn Sie ohne zu klagen spielen, können Sie es in 5 Minuten meistern. Allerdings fühlt es sich etwas übertrieben und unnatürlich an.
Kwirk - He's A-maze-ing! (USA, Europe)	Kwirk hat 3 Spielmodi: Going Up?, Heading Out?, und Vs. Mode, jeder mit seinen eigenen Regeln. Das Ziel ist es, in jedem Raum vom einem Ende zu den Treppen am anderen zu gelangen, indem man Drehkreuze bewegt, Blöcke verschiebt und Löcher mit Blöcken füllt.
Lamborghini American Challenge (USA, Europe)	Beginnen Sie mit einem einfachen Lamborghini und 6.000 US-Dollar. Ihr Ziel ist es, durch Erfolge auf 60 Rennstrecken in den Vereinigten Staaten an die Spitze der vier Rennsport-Divisionen aufzusteigen. In jeder Division gibt es 20 konkurrierende Rennfahrer, von denen jeweils bis zu drei in jedem Rennen gegeneinander antreten. An den Rennen nehmen auch viele lokale Fahrer teil (die Ihnen und den anderen Meisterschaftsfahrern entscheidende Positionen wegnehmen können), Sonntagsfahrer, die mit normaler Geschwindigkeit fahren, und die Polizei. Vor jedem Rennen werden Sie über die Qualität der Einheimischen und die Wahrscheinlichkeit einer Polizeipräsenz informiert.
Last Action Hero (USA, Europe)	Last Action Hero für den Gameboy basiert auf dem gleichnamigen Film mit Arnold Schwarzenegger in der Hauptrolle. Du bist Jack Slater, ein Actionheld, der alles daran setzen muss, den grausamen Benedict daran zu hindern, das magische Kinoticket zu stehlen, mit dem man von der Leinwand in die Realität wechseln kann.
Lawnmower Man, The (Europe)	„The Lawnmower Man“ ist das Spiel, das auf dem gleichnamigen Film aus dem Jahr 1992 basiert (der wiederum lose auf einer Kurzgeschichte von Stephen King basiert) und in dem Pierce Brosnan, der vor Bonds Berühmtheit bekannt war, Dr. Lawrence Angelo spielt, einen Wissenschaftler, der für Virtual Space Industries in „Project 5“ arbeitet „, eine geheime Forschung, die versucht, die Intelligenz von Primaten mithilfe von Psychopharmaka und VR-Training zu steigern.
Lazlos' Leap (USA)	Irgendwo in Mitteleuropa saß Professor Laslos allein ... verloren in einem von ihm selbst geschaffenen Spiel. Je mehr dieser Mathematiker und Game Boy-Spieler über seinen nächsten Zug nachdachte, desto tiefer rutschte er ins Denken. Sein Spiel ist heute als &quot;Lazlos' Leap&quot; bekannt. Was für ein Gedankenspiel! Puzzle Nr. 100 ist das herausforderndste von allen. Lassen Sie sich Zeit, so lange die Batterien reichen. Versuchen Sie Ihr Bestes bei 100 verblüffenden Rätseln mit einem schachbrettartigen Spiel. Jedes Puzzle zeigt ein einzigartiges Murmelmuster, in dem Sie springen und alle Murmeln auf dem Brett eliminieren müssen. Es gibt einen Haken... die letzte Murmel muss in der Mitte des Bretts landen. Ein Batterieschutz speichert zwei separate Spiele und vergleicht Ihr Ergebnis mit dem von Professor Lazlos gesetzten Par.
Legend - Ashita e no Tsubasa (Japan)	Legend ist die Fortsetzung des gleichnamigen Spiels für das SNES. Das Königreich Tovakia wird von Chaos und Verzweiflung heimgesucht. Nach mehreren Attentatsversuchen wird der Bruder des Königs ins Exil geschickt. Während seines Exils erlernt er jedoch die dunklen Künste der Zauberei. Er beschwört einen Dämon, der ihn bei seinem Streben nach der Herrschaft über Tovakia unterstützt. Als es ihm gelingt, den König zu entführen, liegt es an den Protagonisten, ihn und Tovakia vor dem bösen Bruder zu retten. Sie können einen von drei Charakteren spielen: Axel (Allround-Charakter), Tara (schnell und gut im Umgang mit leichten Waffen) und Karo (langsam, aber stark und gut im Umgang mit schweren Waffen). In diesem 3D-Beat 'em Up finden Sie eine große Auswahl an Waffen und Feinden. Neben den üblichen mittelalterlichen Waffen gibt es verschiedene Fernzauber, mit denen Sie dem Feind Schaden zufügen können. Es gibt 5 Level, die durchgespielt werden müssen, und jedes Level endet mit einem Boss.
Legend of the River King GB (USA) (SGB Enhanced)	Stürze dich in ein einzigartiges Rollenspiel-Abenteuer! In Legend of the River King musst du als junger Angler einen mystischen Fisch suchen, um deine kranke Schwester zu heilen. Durchstehe ein gefährliches Abenteuer, angle an Strömen, Flüssen und Stromschnellen. Verkaufe deine Fische auf den örtlichen Märkten, um Ausrüstung zu kaufen, und stelle dich den Raubtieren, die versuchen, deinen Fang zu stehlen. Du kannst außerdem einen virtuellen Fisch aufziehen und ihm beim Wachsen zusehen. Dabei kannst du sogar Zeuge werden, wie er sich in eine andere Art verwandelt. Es ist ein aquatisches Abenteuer, das deine Tapferkeit, dein Herz und dein Können mit der Angel auf die Probe stellen wird!
Legend of Zelda, The - Link's Awakening (USA, Europe)	In The Legend of Zelda: Link's Awakening strandet Link nach einem Schiffbruch auf der geheimnisvollen Insel Cocolint. Um wieder nach Hause zu gelangen, muss er acht magische Instrumente finden und den schlafenden Windfisch erwecken. Dabei erkundet er eine traumartige Welt voller Rätsel, Dungeons und skurriler Figuren. Doch je näher er seinem Ziel kommt, desto mehr verschwimmen die Grenzen zwischen Traum und Wirklichkeit.
Legend of Zelda, The - Link's Awakening DX (USA, Europe) (Proto) (1998-11-08)	Links neueste Herausforderung spielt auf der geheimnisvollen Insel Koholint, einem Ort, an dem Träume und Realität aufeinanderprallen. Als Schiffbrüchiger muss Link einen Weg finden, um von der Insel zu entkommen und in seine geliebte Heimat Hyrule zurückzukehren. Das wird keine leichte Aufgabe sein.rnrnDie Bewohner der Insel haben keine Ahnung von der Außenwelt. Ein Wesen, eine sprechende Eule, könnte die Lösung für Links Dilemma kennen. Link muss zunächst acht Dungeons voller tückischer Monster und kniffliger Fallen bewältigen. Sein Ziel: die acht Instrumente der Sirenen zu finden und den allmächtigen Windfisch zu erwecken, der über die Insel herrscht.
Lemmings (USA)	Ihre Aufgabe ist es, die Lemminge in 120 rasanten Rätselleveln zu retten. Diese Kreaturen laufen einfach blind durch die Welt in der Hoffnung, am Ende des Levels in Sicherheit zu gelangen – leider gibt es in diesen Levels neben anderen Gefahren auch steile Abgründe, Lücken im Boden, Barrieren und Flüsse. Sie steuern nicht einen einzelnen Lemming, sondern ein Fadenkreuz, das über jeden Lemming bewegt werden kann. Unten finden Sie eine Auswahl an Funktionen, die einem Lemming zugewiesen werden können, darunter Klettern, Schweben und Schlagen. Sie müssen klicken, um die entsprechende Funktion auszuwählen, und dann auf das Lemming klicken, um es zu aktivieren. Jedes Level bietet eine andere Bandbreite an Fähigkeiten, eine andere Anzahl an Lemmingen und einen anderen Zielprozentsatz für den Fortschritt.
Lemmings 2 - The Tribes (Europe)	Lemmings 2 - The Tribes: Gehorsam bis zum Tod. Gesteuert wird das Spiel größtenteils über das Steuerkreuz des Pads. Damit bewegt ihr eine Art Mauszeiger mit der ihr die einzelnen Werkzeuge euerer Lemminge auswählt und über den B Knopf dem gewünschten Lemming zuweist. Meiner Meinung nach lässt sich das Spiel aber viel einfacher mit der,in dem Spiel Mario-Paint mitgelieferten Maus, steuern. Damit könnt ihr nämlich den Mauszeiger viel schneller und vor allem präziser bewegen. Jeder der 12 Handlungsorte bringt seine eigene dazu passende Hintergrundmusik mit sich mit. Sei es nun traditionelle schottische Musik mit dem Dudelsack in den Schottischen Highlands oder Zirkusmusik eben im Zirkus. Auch die Hauptfiguren geben ihren Ton von sich, so dass man immer schön hört wenn sie krepieren. So gibt es z.B. einen schönen schleimigen Sound wenn ein Abgrund zu tief war und virtueller Lemmingmatsch auf dem Boden liegt. Zeitlos gutes Gameplay mit 120 Level.
Lethal Weapon (USA, Europe)	In diesem Spiel, das auf der Filmreihe basiert, können Sie wählen, ob Sie als Martin Riggs oder Roger Murtaugh spielen möchten, um vier Hauptmissionen abzuschließen, bevor Sie eine fünfte Bonusmission abschließen. Für jede Mission können Sie den am besten geeigneten Charakter auswählen, laufen, springen und schwimmen, die Gegner treten oder erschießen. Sie müssen Verbrechen in Ihrem geliebten L.A. stoppen.
Lingo (Europe) (En,Fr,De,Nl)	Lingo ist eine digitale Version der gleichnamigen Fernsehspielshow. Wie in der Spielshow besteht das Ziel darin, Wörter mit fünf Buchstaben zu erraten. Es wird nur der erste Buchstabe angegeben. Sie haben mehrere Versuche und in jedem von ihnen markieren Sie die Buchstaben, die richtig platziert sind, und diejenigen, die im Wort vorkommen, aber an einer anderen Stelle. Innerhalb der Worte können Sie blind einen Ball aus einem Pool nehmen. Es gibt 17 nummerierte Kugeln, die den Zahlen auf einer Bingokarte entsprechen. Es gibt einen Ball mit einem Fragezeichen, der es den Spielern ermöglicht, nach Belieben eine Zahl zu wählen. Wenn Spieler eine Reihe oder Spalte abschließen, erhalten sie Bonuspunkte.
Lion King, The (World) (Disney Classic Games)	„Der König der Löwen“ ist die Gameboy-Adaption des 1994 erschienenen Disney-Films. Sie reisen mit Simba durch die Savanne, von seinem jüngsten Alter bis zu seiner Rückkehr zum Löwenstamm als Erwachsener. Alle Charaktere und Passagen des Films sind vorhanden, ebenso wie die Musik, die nostalgische Fans völlig in die Welt eines Disney-Klassikers eintauchen lässt.
Little Master - Raikuban no Densetsu (Japan)	Sie spielen als Krieger namens Rim Ryukeban und müssen das Königreich Reinak beschützen, indem Sie die verschiedenen von Ihrem Herrscher vorgeschlagenen Missionen erfüllen. Während des Kampfes können Sie Ihre Einheiten auf einem Raster bewegen und dabei ihre Stärken und Schwächen berücksichtigen. Sie können Einheiten auch kombinieren, um einen leistungsstarken Begleiter zu erstellen. Die Animation der Kampfszenen ist flüssig.
Little Master 2 - Raikou no Kishi (Japan)	Little Master 2: Raikou no Kishi ist eine Fortsetzung des Vorgängerspiels Little Master: Raikuban no Densetsu. Dieses Game-Boy-Spiel gilt als das Meisterwerk der Serie. Das Grundsystem bleibt dasselbe, aber die Levelobergrenze wurde von 8 auf 16 erhöht. Obwohl die Einheitentypen zugenommen haben, wurden einige Charaktere entfernt. Die Anzahl der Karten hat sich mehr als verdoppelt. Darüber hinaus wurde in diesem Werk ein automatisches Speichersystem hinzugefügt, wodurch das spezielle Töten des Feindes noch bedrohlicher wird. Die Grafik wurde weiter verfeinert.
Little Mermaid, The (USA)	Ariel, die kleine Meerjungfrau, die zum Menschen wurde, und Eric, der Prinz des Landes, sind unsterblich verliebt. Aber Ariels Freunde stecken in großen Schwierigkeiten! Ursula, die böse Hexe des Meeres, hat alle Wasserlebewesen verzaubert. Wenn Ursula nicht aufgehalten wird, wird sie den Ozean erobern! Um ihre Freunde zu retten, taucht Ariel ins Meer und wird wieder eine Meerjungfrau. Aber das Wasser ist voller Quallen, Hummer, Aale und Kugelfische. Ariel fängt schnell den wilden Fisch, während er taucht und springt, um der Gefahr zu entkommen. In Ursulas Palast greift die böse Hexe mit ihren heimtückischsten Tricks an. Kann Ariel sie rechtzeitig besiegen, um das Meer zu retten?
Lock n' Chase (World)	Es gibt Geld, das nur darauf wartet, geschnappt zu werden. Seien Sie ein Ass in Lock'N Chase. Dieses klassische Arcade-Spiel lädt Sie ein, in die Rolle eines Diebes zu schlüpfen, der versucht, viel Geld zu verdienen, indem er sein Gewicht in Gold einsammelt. Gehen Sie durch Gassen und verlassen Sie sie, während Sie unterwegs Münzen einsammeln. Vielleicht haben Sie Glück und finden einen zusätzlichen Schatz. Aber es ist nie einfach, auf der falschen Seite des Gesetzes zu stehen, denn die Polizei ist Ihnen dicht auf den Fersen. Wenn Sie denken, dass sie zu nahe kommen, versuchen Sie es mit einer Schiebetür oder Power-Up-Gegenständen, um ihre Verfolgung zu blockieren. Denken Sie, dass Sie einen sauberen Urlaub schaffen können? Testen Sie Ihre Fähigkeiten in Lock'N Chase.
Looney Tunes (USA, Europe)	In diesem Side-Scrolling-Spiel kann der Spieler verschiedene Looney Tunes-Charaktere und ihre unterschiedlichen Fähigkeiten steuern, um durch die insgesamt sieben Level zu kommen. Der Spieler kann Daffy Duck (mit einem Frisbee werfend, um Feinde im Mario-Stil zu besiegen), Tweety Bird (Sylvester im ganzen Level ausweichen), Porky Pig (ein Doppeldecker-Flugzeug steuern, um Feinde abzuschießen), Taz (eigentlich nur ein Bonusspiel, in dem er so viele Steaks als möglich in 60 Sekunden einsammeln muss), Speedy Gonzalez (Geistern und Gespenstern in einem Spukhaus ausweichen), Roadrunner (natürlich auf der Flucht vor seinem Erzfeind, Wile E. Coyote) und schließlich Bugs Bunny (ähnlicher Spielablauf wie bei Daffy). Übersetzt mit www.DeepL.com/Translator (kostenlose Version)
Looney Tunes 2 - Tasmanian Devil in Island Chase (USA, Europe)	Eines Abends erzählt Taz' Vater eine faszinierende Geschichte. Irgendwo auf Tazmanien gibt es ein verlorenes Tal, und in diesem Tal nistet ein riesiger Seevogel, so groß, dass eines seiner Eier eine Familie ein Jahr lang ernähren könnte! Denken Sie nur an das Omelett, das man daraus machen könnte! So ist Taz fasziniert und macht sich auf die Suche nach einem dieser Eier, bevor sein Vater die Geschichte überhaupt zu Ende gelesen hat ... Taz kann springen, einen Kreiselsprung und einen Kreiselangriff ausführen. Fressen Sie Brathähnchen, um neue Energie zu tanken. Sammeln Sie zusätzliche Punkte, indem Sie sich schnell durch die Level bewegen – es gibt sechs Stufen und jede Stufe besteht aus zwei Runden. Es gibt noch ein paar andere Artikel und Pickups wie zum Beispiel: Frühling: Boings Taz bis zu hohen Felsvorsprüngen. Blöcke: zerstörbar. 1-UP: Extraleben. Star: Unverwundbarkeit. Es sei denn, Sie stoßen auf eine Bombe. Bombe: hält was es verspricht.
Loopz (World)	Loopz ist ein von Ian Upton entworfenes Puzzle-Videospiel, das Spielprinzip liegt zwischen Tetris und Pipe Mania. Auf einer rechteckigen Schürze erscheinen nacheinander Stücke unterschiedlicher Form. Ziel des Spiels ist es, die Spielsteine ​​verschwinden zu lassen, indem man sie so anordnet, dass sie Schleifen, also geschlossene Kreisläufe, bilden.
Lost World, The - Jurassic Park (USA, Europe) (SGB Enhanced)	Das auf dem zweiten Jurassic Park-Film basierende Handheld-Spiel versetzt den Spieler in die Lage eines Agenten der InGen Corporation, der zur Isla Sorna, auch bekannt als „Site B“, geschickt wird, wo Dinosaurier noch immer frei herumlaufen. In jedem der acht Level müssen eine Reihe von Gegenständen (Dinosauriereier, Computerdisketten oder DNA-Proben) eingesammelt werden, um das Level zu beenden. Das Gameplay besteht hauptsächlich aus Laufen, Springen und Klettern durch die großen plattformähnlichen Levels. Doch in den Dschungeln und Höhlen der Insel warten viele Feinde: Sowohl verschiedene Dinosaurierarten, darunter Tyrannosaurus Rex und Velociraptor, als auch menschliche Feinde, Mitarbeiter von InGens Rivalen BioSyn. Der Spieler kann sich mit Tritten und Schlägen, einer Pistole oder einem Granatwerfer verteidigen. Munition und Gesundheits-Power-Ups finden Sie in Kisten, die über die Level verteilt sind.
Lucky Luke (Europe) (En,Fr,De,Es)	Basierend auf der berühmten Comicserie über den guten Cowboy Lucky Luke. Im Spiel musst du als Lucky Luke vier Dalton-Brüder verhaften? Averell, William, Jack und Joe. Auf Ihrer Mission werden Sie von Level zu Level Fortschritte machen und mit Ihrem Revolver auf böse Cowboys, Gefängnisbrecher und böse Indianer schießen. Sammeln von Kugeln, Dynamit, Sheriffsternen und anderen nützlichen Gegenständen; Laufen, Springen, Ducken und Klettern. Die Standorte variieren von Festungen, Städten und Gefängnissen bis hin zu Minen, Zügen und Saloons mit Geistern. Auf jedem Level musst du unterschiedliche Aufgaben erledigen, um voranzukommen? entweder um einen Bankdirektor zu befreien oder um drei Nuggets für den Bergmann zu sammeln, um Nitroglyzerin zu erhalten, oder um ein Totem für Apachen zu bauen usw. Am Ende einiger Level konfrontiert man den großen Boss, oft ist es der der Daltons.
Lucle (Japan, Europe) (En)	In LUCLE steuert der Spieler ein Raumschiff, das auf einem fremden Planeten gestrandet ist. Um es zu verlassen, muss es ein Energiefeld pro Level finden. Das größte Problem ist der Bau des Schiffes: zwei runde Cockpits, verbunden mit einer steifen Stange. Eines der Cockpits ist immer fest, während das andere darum herum gedreht werden kann. Durch den Wechsel zwischen den beiden Cockpits bewegt sich das Schiff auf der Ebene, aber dadurch wird es natürlich schwieriger, durch enge Passagen zu navigieren. Es gibt nützliche Power-Ups zum Sammeln, wie einen Kompass und Hindernisse, die nicht berührt werden sollten. Jedes Level muss innerhalb eines Zeitlimits gelöst werden und es gibt keine begrenzte Anzahl an Leben.
Lunar Lander (Japan) (En)	Lunar Lander ist ein Weltraumerkundungsspiel, das auf drei verschiedenen Phasen basiert: Start: Steuern Sie Ihr Space Shuttle in den Weltraum, indem Sie den auf dem Bildschirm angezeigten Führungspfeilen folgen. Wenn Sie das Shuttle nicht gemäß den Signalen zentrieren, wird Ihr Fortschritt verlangsamt und Ihnen geht der Treibstoff aus, bevor Sie die Schwerkraft der Erde verlassen. Landung: Diese Stufe ähnelt stark dem alten Spiel vom Typ „Lunar Lander“, das in den frühen Achtzigern beliebt war. Aus einer Mondkarte wird einer von acht Landeplätzen ausgewählt. Auf dem Landebildschirm müssen Sie Ihr Landegerät vorsichtig durch die höhlenartigen Krater zu den Landeplätzen steuern. Je nach Schwierigkeitsgrad sind unterschiedliche Landeplätze unterschiedlich viele Punkte wert.
Madden 95 (USA, Europe) (SGB Enhanced)	Madden NFL 95 auf dem Gameboy bietet Ihnen die Möglichkeit, mit allen NFL-Teams von 1994 zu spielen. Sie können zwischen dem einfachen Spiel, dem Championnat, den Playoffs oder der Zugabe zum Super Bowl wählen. Das Spiel ermöglicht es Ihnen, die klimatischen Bedingungen in den Quellen zu wählen, in denen Sie spielen möchten. Enfin hat sich für eine sehr interessante Zugabe zu diesem Simulationsgenre entschieden, plus ein paar Segenswünsche für die Infligierten!
Madden 96 (USA, Europe) (SGB Enhanced)	Die Madden-Fußballserie erscheint mit Madden 96 zum zweiten Mal auf dem Game Boy. Das Spiel orientiert sich eng an seinem unmittelbaren Vorgänger. Wie das frühere Spiel ist dieses Spiel nicht von der NFL lizenziert und enthält generische Teamnamen, jedoch mit Teams, Statistiken und Zeitplänen, die auf der NFL-Saison 1995 basieren. Es werden sowohl die neuen Expansionsteams Carolina und Jacksonville als auch Regeländerungen wie die Two-Point-Conversion berücksichtigt. Die Spielmodi wurden gegenüber dem Vorgänger gekürzt: Die einzigen verbleibenden sind Ausstellung, Saison und Playoffs. Zusätzlich zu den 30 regulären Teams gibt es ein All-Madden-Team, das nur in Ausstellungsspielen eingesetzt wird. Die meisten Features des Vorgängers kehren zurück: wählbare Spiellänge (20, 40 oder 60 Minuten), frei definierbare Akustiktöne, Timeouts und detaillierte Statistiken. Das Playbook wurde überarbeitet, es sind nun Auswechslungen für alle Positionen möglich und das Spiel bietet erstmals eine Quarterback-Rede.
Madden 97 (USA) (SGB Enhanced)	Madden NFL 97 ist ein American-Football-Spiel für den Gameboy. Finden Sie mehr als hundert offizielle Mannschaften der National Football League, aber auch legendäre Teams. Nehmen Sie Ihren Favoriten mit zum Super Bowl oder spielen Sie seine gesamte NFL-Saison und Playoffs noch einmal.
Maerchen Club (Japan)	Dieses Brettspiel ist wie eine Kombination aus Shogi und Kartenkampf. Sie bewegen Ihre eigenen Figuren und besiegen die Figuren des gegnerischen Königs, um das Spiel zu beenden. Sie können auch gegen andere Spieler spielen. „Bewege deine Figuren wie Schach und kämpfe, wenn du auf einen Feind triffst. Das Spiel spielt sich wie ein Kartenauswahl-Rollenspiel. Es gibt Ninjas, Drachen, Kaninchen, Spielzeugsoldaten und Spielzeugroboter. Es gibt keine Verbindung zwischen den verschiedenen Arten von Figuren, und sie.“ Sie sind alle völlig durcheinander. Aber gerade das macht den Spaß. Es ist schwer, sich an die Persönlichkeit der Stücke zu erinnern.
Magic Knight Rayearth (Japan) (SGB Enhanced)	Es handelt sich um ein Action-Rollenspiel-Videospiel, das auf der gleichnamigen Anime-Serie basiert.
Magical Taruruuto-kun (Japan)	Magical Taruruuto-kun (oder Magical Taluluto) auf dem Game Boy ist ein Plattformspiel, das an den gleichnamigen Manga von Tatsuya Egawa Ende der 80er Jahre angelehnt ist. In dieser horizontal scrollenden App schlüpfen Sie in die Rolle des Helden, der dabei Level durchqueren muss Vermeiden Sie die vielen Fallen und Abgründe. Bei seiner Suche hilft ihm sein kleiner geflügelter Kumpel, dem er verschiedene Anweisungen geben kann, um Sie zu beschützen, aber auch anzugreifen. Letzteres bietet sogar ein Ski-Abfahrt-Minispiel.
Magical Taruruuto-kun 2 - Raibaa Zone Panic!! (Japan)	Es ist ein Action- und Puzzlespiel, in dem Tarluto-kun der Protagonist ist. Das Ziel besteht darin, die Reivers zu besiegen, die die Stadt zerstört haben, und ihr ihren früheren Glanz zurückzugeben. Es ist ein durchschnittliches Actionspiel, aber das Setting der Karten im Diablo-Stil ist frisch und macht Spaß. Es ist nicht übermäßig verdreht oder banal, und das macht es so gut. Allerdings hätte die Karte zu Beginn etwas einfacher sein können. Auch das Aufheben des Takoyaki ist etwas mühsam.
Magnetic Soccer (Europe)	Magnetic Soccer basiert auf Tischfußball (und nicht auf Magnetfußball, wie der Name schon sagt): Jede Mannschaft besteht aus acht Athleten, die in vier Reihen (1-2-3-2) aufgeteilt sind. Diese Reihen können nach links und rechts bewegt werden (im Gegensatz zum echten Spiel werden alle Reihen gleichzeitig bewegt) und gedreht, um den Ball zu schießen. Spieler können den Ball auch stoppen und kraftvolle Schüsse ausführen, die gegnerische Athleten (außer dem Torwart) außer Gefecht setzen, wenn sie getroffen werden. Das Ziel besteht darin, mehr Tore zu erzielen als der Gegner; Ein Unentschieden führt zu einem Elfmeterschießen. Das Spiel bietet verschiedene Spieloptionen, darunter drei verschiedene Oberflächen, Mehrspielermodus, einen Trainingsmodus ohne gegnerisches Team, einen Zuschauermodus für KI-Spiele und drei Schwierigkeitsgrade.
Mahoujin GuruGuru - Yuusha to Kukuri no Daibouken (Japan) (SGB Enhanced)	Obwohl es sich um ein Rollenspiel handelt, liegt die Originalität dieses Titels darin, dass die Kämpfe in Form von Minispielen stattfinden. Darüber hinaus gibt es einen Szenariomodus und einen Modus, in dem Sie die Minispiele nur in Zusammenstellungsform genießen können. Grundsätzlich verläuft die Handlung entsprechend der Originalgeschichte. Das Spiel besteht aus 13 Runden zum Erkunden und Sie können wählen, ob Sie Nike oder Kukuri spielen möchten. Mahōjin Guru ist im Grunde ein Gag-Manga und die Grafik und die Gesamtatmosphäre des Spiels spiegeln dies gut wider. Allerdings ist der Schwierigkeitsgrad der Minispiele selbst nicht hoch; Wenn Sie ein RPG-Fan sind, sind Sie vielleicht ein wenig unzufrieden damit, dass es zu schnell endet.
Makaimura Gaiden - The Demon Darkness (Japan)	Firebrand ist ein junger Krieger in Ausbildung aus der Stadt Etruria. Eines Tages, während Firebrand in einer kleinen, alternativen Dimension trainiert, erscheint plötzlich das Schwarze Licht und zerstört sein Zuhause. Als er erfolgreich von seiner Ausbildung zurückkehrt, wird ihm kurz vor seinem Tod von einem anderen Ghul gesagt, er solle zum König eilen. Nachdem er Nagus besiegt hat, kann Firebrand sich mit König Morock treffen, der Firebrand darüber informiert, dass er am Rande des Todes steht. Bevor er stirbt, gibt er Firebrand den Fingernagel des Gespensts und Firebrand begibt sich auf eine Reise, um das Geheimnis des Schwarzlichts zu lüften.
Malibu Beach Volleyball (USA)	Beim Malibu Beach Volleyball können Spieler in zwei Beachvolleyballspielen zu zweit gegeneinander antreten. Spieler können wählen, ob sie als Herren- oder Damenmannschaft aus vier verschiedenen Ländern spielen möchten: den Vereinigten Staaten von Amerika, Japan, Italien und Brasilien. Die Spieler können wählen, ob sie ein Match spielen möchten, das entweder aus einem Spiel oder einem Best-of-Three-Spiel besteht. Das Spielprinzip beinhaltet die typischen Regeln für Volleyball. Die Spieler versuchen, Punkte zu erzielen, indem sie den Ball auf der gegnerischen Spielfeldseite landen lassen. Typische Volleyballbewegungen wie das Anstoßen des Balls und das Stoßen sind ebenfalls vorhanden. Das Spiel endet, wenn die Punktzahl einer Mannschaft eine festgelegte Punktzahl erreicht. Mit den Optionen kann der Player die Musik ein- oder ausschalten.
Mani 4 in 1 - Tetris + Alleyway + Yakuman + Tennis (China) (Ja)	Das ist gar nicht so seltsam: Es handelt sich um einen lizenzierten Multicart, der speziell für den chinesischen Markt entwickelt wurde und vier Tomy-Spiele enthält: Ganbaruga, Raijinou, Zoids und Miracle Adventure von Esparks. Es wurde tatsächlich von Mani, dem Nintendo-Distributor in Hongkong, veröffentlicht (obwohl sein Name nicht auf der Verpackung steht), wobei mindestens ein weiteres Taito-Spiele enthielt. Vermutlich war dies ein offizieller Versuch, mit den Piraten-Multikarten zu konkurrieren, die den Markt überschwemmen, aber angesichts der Tatsache, dass sie fast nie zu sehen sind und Piraten überall sind, scheint der Erfolg minimal gewesen zu sein. Es ist interessant, dass Mani es in China hergestellt hat, da alle lizenzierten Game Boy-Spiele in anderen Regionen von Nintendo in Japan hergestellt wurden.
Marble Madness (USA, Europe)	Eine Adaption des Arcade-Spiels. Marble Madness ist ein abstraktes Labyrinthspiel für einen oder zwei Spieler, je nach Plattform. Ziel ist es, eine kleine Glasmurmel durch ein dreidimensionales Labyrinth zu führen und die Ziellinie zu erreichen, bevor die Zeit abgelaufen ist. Die Sekunden, die auf der Stoppuhr verbleiben, wenn die Ziellinie überquert wird, werden auf das nächste Level übertragen. Neben der Aufgabe, die Murmel über gefährliche Stege und Rampen zu navigieren, gibt es zahlreiche Hindernisse und feindliche Kreaturen, die versuchen, das Vorankommen der Murmel zu verlangsamen oder sie vom Rand einer Plattform zu stürzen, wodurch noch mehr wertvolle Sekunden verloren gehen, bis eine Ersatzmurmel auftaucht.
Mario's Picross (USA, Europe) (SGB Enhanced)	Nonogramme sind Zahlenrätsel, bei denen Logik zur Lösungsfindung eingesetzt wird. An den Seiten des Spielfeldgitters sind Hinweise angebracht, die dem Spieler sagen, wie viele Felder er in jeder Zeile und Spalte ausfüllen muss. Mit Logik kann der Spieler genau herausfinden, welche Quadrate des Gitters er füllen muss. Der Denkprozess ähnelt dem Lösen von Sudoku-Rätseln. Mario's Picross (aus PICture CROSSword) ist Nintendos Version von Nonograms. In diesem Spiel übernimmt Mario die Rolle eines Archäologen, der die Quadrate auf jedem Spielfeld wegmeißelt. Das Ergebnis ist ein kleines Bild. Es gibt 256 verschiedene Rätsel zu lösen, aufgeteilt in vier Parcours mit steigendem Schwierigkeitsgrad.
Maru's Mission (USA)	Verkörpere den Ninja Maru in diesem Actionspiel, das du auf einer Reise durch die Welt gemacht hast. Als Maru mit ihrer kleinen Freundin Cori zusammenkam, rief ein Samoura-Mechaniker Muramasa zum Schweigen und schenkte ihr Glück. Im Laufe der Abenteuer von Maru, um zurückzublicken und sich zu retten, muss sie sich einer bestimmten Anzahl mythologischer Ungeheuer stellen, die alle neuen mächtigen Waffen der Eitelkeiten erwerben. Mit Hilfe der durch ihre Feinde verlorenen Indizes folgt Maru einer Piste, deren Menü sechs verschiedene Ebenen durchquert – und die von Insekten aus Amerika und den Wüsten von Ägypten befallenen Wälder umfasst. Hilf unseren Helden auf ihrer Mission, als sie Cori retten mussten.
Masakari Densetsu - Kintarou Action Hen (Japan)	Ein Side-Scrolling-Actionspiel mit Kintaro, dem Helden der klassischen Geschichte. Kintaro rennt von zu Hause weg, um seinen Vater zu finden, und vernichtet die Bösewichte. Es ist ein Actionspiel im Mario-Stil. Kintaro benimmt sich mitten auf einer Bühne schlecht und wird wütend, nachdem er die Bühne geräumt hat. Wir fragen uns, was er als nächstes anstellen wird. Der Schwierigkeitsgrad ist etwas hoch, aber nicht so schlimm.
Masakari Densetsu - Kintarou RPG Hen (Japan) (SGB Enhanced)	Kintaro, eine bekannte Figur aus alten Sagen, ist zum Helden eines Rollenspiels geworden. Das Ziel des Spielers ist es, die entführte Prinzessin Kaguya zu retten. Die animierten Kampfszenen sind ein Muss.
Master Karateka (Japan) (En)	Als Karate-Meister und einziger Überlebender Ihres Dorfes müssen Sie sich dem bösen Akuma stellen und seine Armee besiegen, um Ihre geliebte Mariko zu retten und sich zu rächen. Master Karateka ist eine erweiterte Version von Karateka, in der Sie die Rolle eines Meister-Karateka übernehmen, der mehrere Bildschirme durchläuft und gegen Akumas Schergen kämpft, bis er den Endgegner erreicht. Ihre Waffen sind Ihre Hände und Füße, die Schläge und Tritte ausführen, deren Höhe mit den Richtungssteuerungen verändert werden kann. Diese Gameboy-Version ersetzt alle Grafiken und reduziert die Action auf den kleinen Bildschirm, mit verschiedenen Feinden und Herausforderungen. Darüber hinaus können Sie die Statistiken Ihres Helden zu Beginn des Spiels anpassen, um sie besser an Ihren Kampfstil anzupassen.
Maui Mallard in Cold Shadow (USA)	Wenn er sich in einen Ninja verwandelt, solltest du dich besser ducken! Spiele als Maui. Spiele als Ninja. Spiele als Maui. Spiele als Ninja. Versuch, nicht den Überblick zu verlieren. Finde das verschwundene Shabuhm-Shabuhm-Idol, bevor dein Inselparadies in die Luft fliegt! 40 Stunden intensives Gameplay. Also pack jede Menge Attitüde ein. Und deine Insektenkanone. Stell dich MudDrakes, verrottenden Piraten, Enten-Zombies, Amazonen-Kriegerinnen und einer Horde schlecht gelaunter Mitläufer. Lache der Gefahr ins Gesicht – ob auf dem Gipfel eines Vulkans, auf dem Meeresgrund, im Reich der Toten oder auf den Ninja-Trainingsplätzen. Und dann verschwinde so schnell wie möglich! Lebe jedes Level, als wäre es dein letztes – denn das könnte es sein!
Maus, Die (Europe) (En,Fr,De,Es)	Die Maus ist ein von Bit Managers entwickeltes und von Infogrames veröffentlichtes Puzzlespiel, das 1997 in Europa veröffentlicht wurde.
Max (Europe)	In Max, der Fortsetzung von The Adventures of Star Saver, übernimmt der Spieler die Kontrolle über Max und muss die Galaxie vor dem bösen Draco retten. Er muss sieben Planeten befreien, die sieben Side-Scrolling-Plattformebenen entsprechen. Neben der Fähigkeit zu schießen und zu springen hat er auch ein Kletterseil, das vertikal nach oben geschossen werden kann, sich in die Level-Architektur einfügt und Max nach oben zieht. Nach dem dritten Kontakt mit den zahlreichen Feinden oder ihren Kugeln stirbt Max. Power-Ups bestehen aus zwei Upgrades für die Waffe.
Medarot - Kabuto Version (Japan) (SGB Enhanced)	Das Spiel folgt Hikaru Agata in ihren frühen Teenagerjahren. Als Hikaru eines Tages mit seinem Hund Bonaparte im Park spazieren geht, erschreckt der Hund ein Mitglied der Roborobo-Gang, das dabei eine Medaille fallen lässt. Hikaru holt die Medaille ab, aber als er sie beim örtlichen Select-Büro abliefern will, wird ihm gesagt, dass er sie behalten kann. Hikaru erhält von seinem Vater ein Tinpet und einen Satz Teile, der dann sein erster Medabot wird. Während des Spiels kämpft Hikaru gegen viele Mitglieder der Roborobo-Bande, die in der Stadt Ärger verursachen, darunter eines, das einen falschen Hai einsetzt, um Strandbesucher zu erschrecken. Als Reaktion darauf führt die Roborobo-Bande immer hinterhältigere und dramatischere Komplotte gegen Hikaru durch, in der Hoffnung, die Medaille mit Gewalt von ihm zurückzubekommen.
Medarot - Kuwagata Version (Japan) (SGB Enhanced)	Das Spiel folgt Hikaru Agata in ihren frühen Teenagerjahren. Als er eines Tages mit seinem Hund Bonaparte im Park spazieren geht, erschreckt er ein Mitglied der Roborobos-Bande, das eine Medaille fallen lässt. Hikaru holt die Medaille ab, aber als er sie im örtlichen Select-Büro zurückgeben will, wird ihm gesagt, dass er sie behalten kann. Hikaru erhält von seinem Vater einen Tinpet und einen Satz Ersatzteile, der dann sein erster Medabot wird. Während des Spiels kämpft Hikaru gegen viele Mitglieder der Roborobo-Bande, die in der Stadt für Ärger sorgen, darunter gegen eines, das einen künstlichen Hai einsetzt, um die Strandbesucher zu erschrecken. Als Reaktion darauf schmiedet die Roborobo-Bande immer hinterhältigere und dramatischere Intrigen gegen Hikaru in der Hoffnung, ihm die Medaille mit Gewalt wegzunehmen.
Medarot - Parts Collection (Japan) (SGB Enhanced)	Die Hauptfigur befindet sich in einer Umgebung, die einem Traum gleicht. Es handelt sich um eine Reihe von Begleitspielen, die sich hauptsächlich auf Roboter und den Erhalt von Medaparts und Medaillen für Medabots konzentrieren. Jedes Spiel enthält alle Teile und Medaillen, die in separaten Versionen der zugehörigen Titel erschienen sind, und kann zwischen den Hauptspielen ausgetauscht werden, um die Sammlung zu vervollständigen.
Medarot - Parts Collection 2 (Japan) (SGB Enhanced)	Wie sein Vorgänger vereint Medarot: Parts Collection 2 alle Inhalte der beiden Versionen des ersten Medabots Game Boy (Kuwagata-Version und Kabuto-Version). Auch wenn letzteres eine andere Handlung basierend auf einer neuen Hauptfigur bietet, haben Sie immer die Möglichkeit, Ihre Sammlung an Medabots zu erweitern und diese auf eine der beiden Basisversionen zu übertragen.
Mega Man - Dr. Wily's Revenge (USA)	Mega Man ist die Roboter-Kreation von Dr. Light, während sein erbitterter Erzfeind Dr. Wily in unzähligen Spielen versucht, Ärger mit seinen eigenen seltsamen Robotern zu verursachen. Als Mega Man rennst und springst du durch futuristische Level, schießt mit deinem Blaster auf Schurken und besiegst jeden einzelnen der Robot Master von Dr. Wily. Wenn du sie besiegst, kannst du ihre Fähigkeiten übernehmen, was dir einen Vorteil gegenüber anderen Arten von bösen Robotern verschafft. In dieser Game-Boy-Version muss Mega Man gegen Ice Man, Electric Man, Cut Man und Fire Man kämpfen. Nachdem er diese vier besiegt hat, tritt er gegen Quick Man, Heat Man, Bubble Man und Flash Man an. Und danach kommt der Weltraumknoten von Dr. Wily. Das klingt nach viel, aber Passwörter werden deinen Fortschritt speichern, wenn du bestimmte Meilensteine erreichst.
Mega Man II (USA)	Nachdem er die sechs Roboter von Dr. Light besiegt hatte, die der schurkische Dr. Wily in Mega Man umprogrammiert hatte, schien die Welt in Sicherheit zu sein. Aber es sollte nicht sein. Dr. Wily ist aus dem Gefängnis entkommen und wütender als je zuvor. Dieses Mal erschafft er acht neue Robotermeister, um die Welt zu erobern und Mega Man zu vernichten! Ist die Welt dem Untergang geweiht? Mega Man 2 ist die Fortsetzung des NES-Spiels Mega Man. In diesem Spiel sind Metal Man, Air Man, Bubble Man, Quick Man, Crash Man, Flash Man, Heat Man und Wood Man Dr. Wilys acht preisgekrönte Kreationen, die ausgesandt wurden, um die Welt zu erobern. Wenn Mega Man diese Bosse besiegt, kann er ihre Kräfte stehlen und sie für sich nutzen. Jeder Robotermeister ist gegen die Waffe eines anderen schwach, und durch Experimentieren kann Mega Man die Oberhand gewinnen, indem er die Waffe einsetzt, gegen die er verwundbar ist. Zu den weiteren Ergänzungen des Spiels gehören der „E-Tank“ – ein Gegenstand, der jederzeit verwendet werden kann, um die Energie von Mega Man vollständig aufzufüllen, und ein Passwortsystem, das es den Spielern ermöglicht, ihr Spiel fortzusetzen, indem sie aufzeichnen, welche Robotermeister besiegt wurden und wie viele E-Tanks sie haben. Mega Man 2 entfernt außerdem das Punktesystem aus dem Originalspiel.
Mega Man III (USA)	Mega Man 3 ist ein traditionelles Side-Scrolling-Plattformspiel: Sie springen von Stein zu Stein und meiden dabei Gruben und schießende Roboter. Es ist in jeder Hinsicht den anderen Mega Man-Spielen ziemlich ähnlich; Dies ist jedoch das erste Mal, dass Sie einen Kumpel bekommen. Es ist auch das erste Mal, dass Sie rutschen statt nur laufen dürfen. Rush ist Ihr Hund, der Ihnen hilft, indem er Ihnen bei Bedarf andere Transportmittel anbietet. Er beginnt mit der „Rush Coil“-Fähigkeit, die Sie wie ein Sprungbrett an den oberen Bildschirmrand schleudert; später erlangt er die Fähigkeit „Rush Jet“, sich in eine gelenkte, schwebende Plattform zu verwandeln, die Sie überallhin bringt; Außerdem erhält er die Fähigkeit „Rush Marine“, ein U-Boot, das genau wie der Jet funktioniert, außer unter Wasser und mit der zusätzlichen Fähigkeit, aus dem Wasser zu hüpfen (man kann tatsächlich springen, während man im Jet sitzt, aber der Jet schwebt weiterhin darunter).
Mega Man IV (USA)	Im Jahr 20XX ... Dr. Wily ist in das örtliche Robotermuseum eingebrochen und hat die Leichen seiner zuvor zerstörten Robotermeister gestohlen. Jetzt hat er sie zurückgebracht, um sich an Mega Man zu rächen! Was noch schlimmer ist, Wily plant, mit einer massiven Laserkanone aus dem Weltraum die Erde in Stücke zu sprengen! Mega Man muss sich mit seinen Freunden zusammenschließen, um Dr. Wily aufzuhalten, bevor die Erde zerstört wird! Mega Man IV enthält Elemente von Mega Man 4 und 5 (NES) und ist exklusiv bei Game Boy erhältlich.
Mega Man V (USA) (SGB Enhanced)	Aus den kosmischen Weiten des Weltraums kommt die größte Bedrohung der Menschheit. Horden von außerirdischen Robotern haben sich vom Himmel geschwärmt, und alle Waffen der Erde sind machtlos, um ihren rasenden Raubzug zu stoppen. In Mega Man V / 5 für GameBoy liegt nun die einzige Hoffnung, diese außerirdischen Eindringlinge zu stoppen, bei einem Mann - Mega Man! Mach Dich bereit für neue Welten voller Aufregung als Mega Man und starte einen Angriff auf die Alien-Armada! Auf geht's in die Schlacht in Mega Man V / 5 für GameBoy! Durchsuche die Galaxie nach außerirdischen Edelsteinen und baue die ultimative &quot;Mega Arm&quot;-Waffe. Erledige die Eindringlinge und schicke sie zurück nach Alpha Centauri in Mega Man V / 5 für GameBoy!
Megalit (USA, Europe)	Le But de Megalit ist eine Erfolgsserie mit über sechs Touren und mehr Schwierigkeitsgraden. Jede Tour wird in fünf Etappen aufgeteilt. Um den Helden zu kontrollieren, der sich in einer Pierre-Runde verwandelt hat, müssen Sie ein aus Blockblöcken bestehendes Montikel neu positionieren, damit jedes einzelne Stück den Boden berühren kann. Es kann sein, dass die Blöcke nicht auf dem gleichen Niveau sind, aber sie müssen sofort auf die Wirkung stoßen und der Spieler kann das Niveau automatisch erreichen. Megalit bietet zwei Schwierigkeitsstufen: Easy und Quest. Der Quest-Modus ordnet das Gehäuse in einem schwierigeren Modell neu und verfügt über eine zeitlich begrenzte Zeitspanne in der Zeit, in der sich der Speicher befindet. Die Spielkartusche verfügt über eine Funktion, die es Ihnen ermöglicht, bis zu einem zuvor freigegebenen Level zurückzugewinnen.
Megami Tensei Gaiden - Last Bible (Japan)	Megami Tensei Gaiden: Last Bible ist ein von Multimedia Intelligence Transfer entwickeltes und von Sega veröffentlichtes Rollenspiel, das 1994 in Japan veröffentlicht wurde. Es ist der neueste Titel der beliebten RPG-Reihe „Megami Tensei“. Neben dem normalen Story-Modus gibt es auch einen Modus, in dem Sie gegen die Dämonen Ihrer Freunde spielen können. Eine winzige Version von Megami Tensei. Die Karte ist klein und die Geschichte etwas gezwungen, was wahrscheinlich an der begrenzten Kapazität des Game Boy liegt.
Megami Tensei Gaiden - Last Bible II (Japan)	Der König von Magoku (Dämonenland) ist besorgt. In dieser Nacht wurde im Königreich nur ein Baby geboren. Alten Prophezeiungen zufolge ist es das Zeichen einer Wiederbelebung einer göttlichen Macht namens Gryas ... Fünfzehn Jahre später. Du bist Yuri, ein junger Schüler der Kräfte von Gaia. Der König von Magoku hat seine Diener geschickt, um Leute zu rekrutieren, die sich der bevorstehenden Wiederbelebung von Gryas stellen und ihn vernichten sollen. Yuri und seine Freunde beschließen, sich den Rekruten anzuschließen, ohne zu wissen, was dieses Abenteuer bringen wird ... Im Gegensatz zu den meisten Megaten-Spielen spielt „Last Bible II“ in einer Fantasiewelt, auf einem Planeten Gaia mit mittelalterlicher Kultur. Sie können Dämonen, denen Sie in Zufallsschlachten begegnen, rekrutieren und sie dann herbeirufen, damit sie für Sie kämpfen. Die Mondphase beeinflusst die Gespräche mit den Dämonen und Sie müssen die richtigen Antworten auf ihre Fragen wählen, um sie zu rekrutieren.
Meitantei Conan - Chika Yuuenchi Satsujin Jiken (Japan) (SGB Enhanced)	Meitantei Conan: Chika Yuuenchi Satsujin Jiken ist ein Abenteuerspiel für den Game Boy, eine Adaption des Mangas von Gōshō Aoyama (hier bekannt als Detective Conan). Du schlüpfst in die Rolle von Conan Edogawa, dem ehemaligen High-School-Detektiv Shinichi Kudo, der ein kleiner Junge wurde, nachdem er eine Droge genommen hatte, die sein Leben beenden sollte und die er von Männern in Schwarz mit Gewalt einnehmen musste. Mit Hilfe von Ran Mouri, der Tochter des Detektivs Kogoro Mouri, müssen Sie eine Reihe von Ermittlungen lösen.
Meitantei Conan - Giwaku no Gouka Ressha (Japan) (SGB Enhanced)	Meitantei Conan: Giwaku no Gouka Ressha ist die Fortsetzung von Meitantei Conan: Chika Yuuenchi Satsujin Jiken, das ebenfalls für den Game Boy veröffentlicht wurde. Dieses Spiel übernimmt viele Elemente seines Vorgängers. Nach dem Vorfall im Vergnügungspark wird Kogoro Mouri (zusammen mit Ran und Conan) eingeladen, an der Einführung des brandneuen japanischen Luxuszuges teilzunehmen. Während sie sich alle auf die Reise freuen, entdeckt Kogoro einen Mord an Bord des Zuges. Insgesamt gibt es drei Szenarien (je nach gewähltem Ziel) und Enden, die je nach getroffener Wahl unterschiedlich ausfallen.
Mercenary Force (USA, Europe)	Kämpfe im ungewöhnlichen Shoot Em Up Mercenary Force für den GameBoy gegen die Terrorherrschaft des Dark Lord. Wähle aus einer Auswahl von Söldnern um dir deine optimale Kombination zu schaffen und besiege die bösen Horden!
Metal Masters (World) (Limited Run Games)	Metal Masters auf GameBoy ist ein Roboterkampfspiel. Das Spiel steuert einen Roboter, der Startroboter ist ein sehr einfaches Modell, und das Spiel kann durch die im Spiel vergebenen Credits „verbessert“ werden. Es gibt vier Zonen auf den Quellen: Jeder Roboter ist Klasse, das Corps, die Bras Gauche, die Bras Droit und die Jambes. Es gibt zusätzliche Kombinationen verschiedener Parteien, die dem Roboter möglicherweise zugute kommen, um einen optimalen Kampfstatus zu erreichen. Bei einem Kampf wird jede Zone, die hier erwähnt wird, von ihrem eigenen Computercomputer vertreten. Das Ziel Ihres Spiels besteht darin, die Computer vor Ort zu schützen.
Metroid II - Return of Samus (World)	In Metroid II: Return of Samus reist Samus Aran auf den Heimatplaneten der Metroids, SR388, um die gefährlichen Kreaturen ein für alle Mal auszurotten. In einem weit verzweigten Höhlensystem jagst du jede einzelne Evolutionsstufe der Metroids, sammelst Upgrades wie die Spinnenkugel oder den Plasma-Strahl und kämpfst dich immer tiefer in das feindliche Terrain. Nur wer entschlossen und gut ausgerüstet ist, kann die Bedrohung endgültig beseitigen.
Mick & Mack as the Global Gladiators (USA) (Proto) (1994-01-18)	Mick & Mack as the Global Gladiators ist ein Plattformspiel von Virgin Games. Im Spiel spielen die Helden Mick und Mack, die in ein Comicbuch von Ronald McDonald hineingezogen werden. Das Spiel hat ein Umweltthema, wobei die Protagonisten gegen Feinde und Maschinen kämpfen, die Umweltverschmutzung darstellen. Die Waffen von Mick und Mack ähneln stark den „Super Soaker“-Wasserpistolen. Diese Portierung des Spiels für Mega Drive/Genesis wurde aus unbekannten Gründen nie fertiggestellt.
Mickey Mouse - Magic Wands! (USA, Europe) (SGB Enhanced)	Eines Tages gingen Mickey und seine Freunde in einem Wald spazieren. Sie waren so abgelenkt von all der natürlichen Schönheit, die sie umgab, dass sie sich verirrten. Schon bald entdeckten sie ein Spukschloss. „Das ist das Schloss der Hexe Yashja“, sagten sie einander. „Wenn man einmal hineinkommt, kann man nie mehr entkommen! Das Schloss ist voller Tricks und Fallen und sogar Zauberstäbe, um Eis und Feuer zu erzeugen. Näher kommen wir nicht!“ All dieses Geschwätz weckte Yashja aus ihrem Schlaf. „Also! Wer wagt es, meinen Schlaf zu stören?“ Sie schrie. „Ihr sollt alle bezahlen!“ Plötzlich öffnete sich unter Mickeys Freunden ein klaffendes Loch und sie fielen alle hinein. Jetzt muss Mickey seine Freunde retten, die nun von der Hexe gefangen gehalten werden! Um seine Freunde zu retten, muss Mickey Puzzleteile sammeln, die Bilder seiner Disney-Freunde vervollständigen, darunter Minnie Mouse, Donald Duck, Goofy und sogar unbekannte Charaktere wie Grandma Duck aus der Comic-Reihe. Dazu muss Mickey seinen Zauberstab über Kristalle schwenken, die nicht nur Teile des Bildes, sondern auch Gegenstände und gelegentlich sogar einen Feind verbergen. Jedes große Level besteht aus zehn kleinen Leveln, in denen jeweils mindestens ein Bild fertiggestellt werden muss. In jeder zehnten Phase gibt es einen Endgegner, den es zu besiegen gilt. Außerdem zeigt das Bild, das in der zehnten Phase jedes Levels fertiggestellt werden muss, die Disney-Figur, die vom Endboss dieses Levels gefangen gehalten wird.
Mickey's Dangerous Chase (USA)	Al Katzone, der Bösewicht mit den flinken Pfoten, hat Minnies Geburtstagsgeschenk geklaut. Doch Mickey ist ihm dicht auf den Fersen. Ein wildes Katz- und Mausspiel beginnt. Geschickte Taktik verschafft Dir den entscheidenden Vorsprung!
Mickey's Ultimate Challenge (USA, Europe)	Eines Nachts, als Mickey (oder Minnie) im Bett lag und ein Märchenbuch las, begann er sich zu fragen, wie es wäre, in einem fernen Land, in einem Zauberschloss, zu leben. Während er einschlief, erwachte er im Königreich Beanwick, das ständig von Erdbeben heimgesucht wird. Dann bietet er seine Hilfe an, um das Geheimnis hinter diesen Erdbeben zu lösen. Mickey's Ultimate Challenge ist ein Puzzlespiel, bei dem der Spieler entweder Mickey oder Minnie zum Spielen auswählt. Sie finden im Königreich fünf Charaktere aus dem Disney-Universum und werden aufgefordert, ihnen bei verschiedenen Aufgaben zu helfen. Jede Aufgabe ist ein anderes Rätsel, das von einem bestimmten Charakter vorgegeben wird. Daisy bittet zum Beispiel um Hilfe beim Reinigen der an der Wand hängenden Gemälde des Schlosses. Bei der Aufgabe handelt es sich eigentlich um ein Memory-Spiel, bei dem Mickey oder Minnie die passenden Bilderpaare reinigen müssen.
Micro Machines (USA, Europe)	Wenn es Sie langweilt, Formel-1-Autos, Rallye-Wagen oder MotoGP-Motorräder in ihrer natürlichen Umgebung zu fahren, könnte die Micro Machines-Serie etwas für Sie sein. Es geht darum, mit Miniaturen, die bestimmte Fahrzeugtypen darstellen, auf einem bestimmten Terrain, das sich rund um das Haus befindet, Rennen zu fahren. Die Sportwagen fahren auf dem Schreibtisch, die Geländewagen im Sandkasten, die Formel-1-Autos auf dem Snookertisch und so weiter. Diese Levels waren sehr abwechslungsreich. Der Snooker-Tisch hat eine aufgemalte Bahn, die allerdings (wie die meisten Levels) variieren kann, und man musste durch die Taschen und über den Rand des Tisches rasen. Auch Panzer fuhren Rennen, wobei man die Chance hatte, seinen Gegner auszuschalten, wenn er direkt vor einem stand. Die Desktop-Levels enthalten Ordner, über die man springen muss, Bleistiftanspitzer, denen man ausweichen muss, und jede Menge visuelle Gags in den offenen Hausaufgaben.
Micro Machines 2 - Turbo Tournament (Europe)	Micro Machines 2: Turbo Tournament ist das zweite Spiel in der Micro Machines-Serie. Wie sein Vorgänger versetzt es den Spieler hinter das Lenkrad eines extrem kleinen Autos. Die Rennen finden an Orten wie einem Tisch, einem Baumhaus und vielen mehr statt. Die CD-ROM-Version enthält CD-Audio-Musik, während die Mega Drive (Genesis)-Version ein spezielles Modul bietet, mit dem Spieler zwei zusätzliche Controller an die Konsole anschließen können, um Vierspieler-Spiele zu ermöglichen. Die Anzahl der Strecken variiert je nach Version des Spiels. Die Diskettenversion enthält drei Strecken, die CD-Version fünf, Game Gear 19, Game Boy 37, und die Special Edition sowie die SNES- und Genesis-Version haben 50. Micro Machines 2: Turbo Tournament ist ein Rennspiel, entwickelt von Codemasters und veröffentlicht von Ocean, das 1996 in Europa erschienen ist.
Midori no Makibaou (Japan) (SGB Enhanced)	Midori no Makibao auf dem Game Boy ist eine Adaption des gleichnamigen japanischen Mangas von Tsunomaru aus dem Jahr 1994. Sie spielen als Maultier, das um jeden Preis Pferderennen gewinnen will. Man kann die Software also als ein Rennspiel betrachten, bei dem man die Ausdauer seines Reittiers kontrollieren muss, um die Tour nicht mit leeren Batterien zu beenden. Midori no Makibao ist sehr skriptbasiert und enthält wichtige Managementelemente zwischen den Ereignissen.
Mighty Morphin Power Rangers (USA, Europe) (SGB Enhanced)	In Mighty Morphin Power Rangers kann der Spieler in 7 Leveln als einer der Ranger (Jason, Trini, Billy, Kimberly und Zack) spielen. Mit Ausnahme der letzten Level lässt der Spieler in allen anderen Levels auswählen, was der Ranger will. Jeder hat seinen eigenen, einzigartigen „Super-Move“. Am Ende verwandelt sich automatisch die Person, die der Spieler spielen möchte, und am Ende jedes Levels muss der Spieler gegen den Boss kämpfen.
Mighty Morphin Power Rangers - The Movie (USA, Europe) (SGB Enhanced)	Dieses Spiel basiert lose auf dem gleichnamigen Film, in dem der Spieler in einem Side-Scrolling-Beat-Em-Up die Kontrolle über den gelben, schwarzen, rosafarbenen, blauen, roten oder weißen Ranger übernehmen kann, um zu stoppen der böse Ivan Ooze, der versucht, das Universum zu kontrollieren. Es gibt sechs verschiedene Level zum Spielen, jedes mit seinen eigenen Standardhindernissen und Feinden, Bossen auf mittlerem Level und natürlich Endbossen, die von Mordant, Lord Zedd bis hin zu Ivan Ooze selbst reichen. Es gibt keine Waffen, die verwendet werden können, stattdessen muss sich der Spieler auf Tritte und Schläge verlassen, um Feinde zu besiegen und zurückgelassene Gesundheitsgegenstände aufzusammeln. Darüber hinaus sind die Yellow, Black, Pink Rangers extrem schnell und können in höhere Bereiche springen, sind aber schwächer als Blue, Red, White Rangers, die viel stärker sind, denen aber die Geschwindigkeit und Sprungfähigkeiten der anderen Rangers fehlen. Spieler können ihre Gesundheit wieder auffüllen, indem sie Herz- und Kraftsymbole aufsammeln, um ihre Morphing-Anzeige zu erhöhen. Sobald der Morphing-Meter gefüllt ist, erhöht er die Kraft, die Angriffsfähigkeiten, die Geschwindigkeit und die Sprungfähigkeiten des Rangers.
Mikeneko Holmes no Kishidou (Japan)	Mikeneko Holmes no Kishidou ist ein Text-Abenteuerspiel auf dem Gameboy nach dem siebten Roman von Jirō Akagawa, der das Universum der berühmten Kriminalromanreihe von Sir Arthur Conan Doyle aufgreift. Sie spielen als Mikeneko Holmes, eine Katzendetektivin, die einen Mordfall untersuchen muss, der in einem prächtigen Palast in Deutschland stattfindet.
Milon's Secret Castle (USA, Europe)	Milon's Secret Castle ist ein 2D-Plattformspiel für GB. Du verkörperst Milon, einen jungen Bewohner des Königshauses von Hudson, der mit Hilfe einer einfachen magischen Pistole die reine Eliza von einem schrecklichen Magier in den Griff bekommt. Darüber hinaus haben Sie ein magisches Instrument zurückgeholt, das es den Bewohnern ermöglicht, zwischen uns zu sprechen. Der Titel bietet zusätzlich zu den Erkundungsphasen noch mehr Rätsel und Rätsel.
Miner 2049er Starring Bounty Bob (USA)	Der Spieler steuert Bounty Bob, einen Charakter, der in einer radioaktiven Zukunft die Tiefen einer unterirdischen Mine erkundet. Er kann beim Gehen den Boden zerkratzen und muss den verstrahlten Monstern um ihn herum ausweichen oder sie vernichten. Die Level bestehen aus Balken, Leitern, Schiebeplattformen und Teleportern. Der Spieler muss jedes Stück Boden abkratzen, um das nächste Level zu erreichen. Das Spiel hat je nach Version zehn oder elf.
Minesweeper - Soukaitei (Japan) (En)	Minesweeper ist ein Einzelspieler-Puzzlespiel. Das Ziel des Spiels besteht darin, mithilfe von Hinweisen über die Anzahl benachbarter Minen in jedem Feld ein rechteckiges Spielfeld mit versteckten „Minen“ zu räumen, ohne eine davon zur Explosion zu bringen.
Mini 4 Boy II (Japan) (SGB Enhanced)	Mini-4 Boy II: Final Evolution ist ein von J-Wing veröffentlichtes Strategiespiel, das 1997 in Japan veröffentlicht wurde.
Mini Yonku GB Let's & Go!! (Japan) (SGB Enhanced)	Ein Strategiespiel basierend auf dem Manga/Anime Bakusou Kyodai Let's & Go!! Das Ziel besteht darin, jeden Saisonpokal zu gewinnen und den Grand Slam zu erreichen, indem man Sieger der vielen anderen Turniere im Spiel wird.
Mini Yonku GB Let's & Go!! - All-Star Battle Max (Japan) (SGB Enhanced)	Dieses Spiel ist eine Fortsetzung von Mini Yonku GB Let's & Go!! und behält das gleiche System bei: Haltbarkeit der Fahrzeugelemente, Verstärkung, Austausch von Teilen über kabelgebundene Kommunikation und die Existenz versteckter Teile, die nur durch Austausch erhältlich sind. Wie der Name schon sagt, erscheinen am Ende des Spiels Goky, Retsuya und Marina, die Hauptfiguren von MAX, der Fortsetzung von WGP.
Mini-Putt (Japan) (En)	Mini Putt ist ein Minigolfspiel, das 4 Golfplätze bietet: Deluxe, Classic, Traditional und Challenge. Bis zu 4 Spieler können an jedem Loch auf jedem Platz eine Runde spielen oder üben. Jeder Kurs bietet seinen eigenen Schwierigkeitsgrad. Deluxe und Challenge bieten herausfordernde Hügel und Streckenlayouts. Die Challenge ist der schwierigste Kurs. Der Klassiker bietet animierte Brücken und andere Hindernisse. „Traditionell“ ist Ihr Standard-Minigolfplatz, der gut platzierte Bankschläge erfordert.
Miracle Adventure of Esparks - Ushinawareta Seiseki Perivron (Japan)	Miracle Adventure Of Esparks ist ein Actionspiel, das von Sun L entwickelt und von Tomy Corporation veröffentlicht wurde und 1992 in Japan veröffentlicht wurde.
Missile Command (USA, Europe)	Verteidigen Sie Städte auf der ganzen Welt gegen einen Alien-Angriff aus der Luft. Es handelt sich um ein Remake des Arcade-Spiels aus den 70er Jahren mit 3D-Grafik, Counter-Strike-Funktionen, neuen Gegnern und Power-Ups sowie Multiplayer-Funktionalität. Das Spiel kann im Classic-Modus gespielt werden, bei dem das Gameplay nur geringfügig überarbeitet wurde. Der Ultimate-Modus bietet neue Grafiken, Schauplätze und andere Einschränkungen.
Mogu Mogu Gombo - Harukanaru Chou Ryouri Densetsu (Japan) (SGB Enhanced)	Mogumogu Gombo: Harukanaru Chou Ryouri Densetsu ist ein Rollenspiel, das auf einer Kinderkochsendung namens Mogumogu GOMBO basiert, die von 1993 bis 2003 im japanischen Fernsehen ausgestrahlt wurde. Das Spiel selbst hat wenig mit der Show zu tun, auf der es basiert inspiriert, wenn nicht die Anwesenheit von Charakteren, die von den Moderatoren und der Beziehung zum Kochen inspiriert wurden. Das Szenario handelt von einem Charakter, der seine Mutter retten will, die von Piraten entführt wurde. Es gibt mehrere zu kontrollierende Charaktere, die einzeln kämpfen. Sie können den Charakter jederzeit während des Kampfes ändern. Die von den Moderatoren der Originalserie inspirierten Charaktere kämpfen Hand in Hand, während die Feen, die wir später im Spiel treffen, Magie einsetzen. Nahrung und Zutaten sind in diesem Spiel sehr wichtig: Um ihre Magie nutzen zu können, brauchen Feen Nahrung, und diese wird durch die Zubereitung von Mahlzeiten aus Zutaten gewonnen, die sie durch siegreiche Schlachten erhalten.
Mogura de Pon! (Japan)	Mogura de Pon! ist ein sehr entspannendes Partyspiel, da es Sie dazu einlädt, alle Tiere, die aus ihren Löchern kommen, mit einem Hammer zu schlagen. Sie müssen in den acht möglichen Richtungen und dem Mittelpunkt schnell agieren, um möglichst viele Punkte zu sammeln. Mogura de Pon umfasst zwei Einzelspielermodi, einen Zweispielermodus, mehrere Umgebungen sowie die Wahl zwischen drei Schwierigkeitsmodi, die die Geschwindigkeit des Erscheinens und die Anzahl der zu treffenden Ziele ändern.
Mole Mania (USA, Europe) (SGB Enhanced)	In diesem klassischen Action-Knobelspiel, welches vom berühmten Shigeru Miyamoto entwickelt wurde, muss Muddy Mole seine Familie vor dem bösen Bauern Jinbe retten. Dein Ziel ist es, Muddy durch jeden Level zum Ausgang zu führen. Das ist leichter gesagt als getan! Gegner, Hindernisse und ein vertrackter Levelaufbau stellen sich dir in den Weg. Glücklicherweise kann Muddy sich unter die Erde graben und so neue Pfade freilegen. Halte außerdem nach Bonus-Abschnitten Ausschau, in denen du es Jinbe heimzahlen kannst!
Momotarou Collection (Japan) (SGB Enhanced)	Momotarou Collection ist eine Zusammenstellung von zwei Spielen aus der Momotarou-Reihe: Super Momotarou Dentetsu II und Momotarou Dengeki. Momotarou Dengeki, in dem Sie Momotaro spielen, einen Helden der japanischen Folklore, der sich in einer Welt voller Kreaturen weiterentwickeln muss, um sich von dem Bösen zu befreien, das ihn festhält. Mit horizontalem Scrollen lädt Sie die App dazu ein, unterwegs alle Boni zu finden, um verschiedene Kostüme für den Helden zu finden: Vogel, Katze; oder ganz nackt! Wie in der Legende hat Momotaro Pfirsiche, die er auf Gegner werfen kann, um sie zu besiegen. Super Momotarou Dentetsu II ist ein Brettspiel, das die Charaktere der Momotarou Densetsu-Rollenspiele verwendet. Das Ziel besteht darin, nach dem Würfeln von Feld zu Feld auf dem Spielbrett zu reisen und reich zu werden. Um dies zu erreichen, müssen Investitionen in Unternehmen entlang der Reise erfolgen, die mit der Bahn, dem Schiff oder dem Flugzeug erfolgt.
Momotarou Collection 2 (Japan) (SGB Enhanced)	Momotarou Collection 2 ist eine Zusammenstellung zweier Spiele aus der Momotarou-Reihe: Momotarou Densetsu Gaiden und Momotarou Dengeki 2. Momotarou Densetsu Gaiden ist ein Rollenspiel, das für den Game Boy veröffentlicht wurde. Es erzählt Geschichten aus der japanischen Folklore. Hier haben Sie die Möglichkeit, einen der drei Charaktere der Geschichte zu steuern: Yashahime, die Tochter des Königs der Unterwelt, Binbougami, der berüchtigte Dieb und Urashima, der legendäre Sünder, der sich nach der Rettung einer Schildkröte mit dem Drachenclan anfreundete . Wenn Sie sich für einen seiner Charaktere entscheiden, erleben Sie ein ganz eigenes Abenteuer. Momotarou Dengeki: Momotaro Thunderbolt 2 für Game Boy ist die Fortsetzung. In diesem Werk kann sich der Avatar erneut in ein Tier verwandeln, um Beweglichkeit und Fähigkeiten zu erlangen. Der immer noch verwendete Angelwurf ermöglicht es Ihnen, Feinde zu besiegen und bei richtiger Anwendung viel Geld zu gewinnen.
Momotarou Dengeki (Japan)	Hudsons beliebter Charakter Momotaro erscheint in diesem Actionspiel. Das Ziel des Spiels ist es, Feinde zu besiegen und die sechs von Dämonen besetzten Regionen zurückzuerobern. Dieses Spiel basiert auf der PC Engine-Version und ist einfach zu spielen. Bei der Verwandlung von Momotaro muss man nicht wie in der PC Engine-Version blind werden, es ist also ein Spiel, das etwas mehr Nerven erfordert.
Momotarou Dengeki 2 (Japan) (SGB Enhanced)	Dies ist der zweite Teil des Actionspiels mit der Figur Momotaro. Verwandle dich mit deinen Spezialfähigkeiten in einen Hund, einen Affen oder einen Fasan und besiege den König der Unterwelt. Die Spielphasen sind zwar im Allgemeinen lang, aber in kleine Abschnitte unterteilt, sodass keine Langeweile aufkommt. Sie werden sich nicht davon abhalten lassen, weiterzuspielen...
Momotarou Densetsu Gaiden (Japan)	Momotaou Densetsu Gaiden erzählt Geschichten aus der japanischen Folklore. Hier haben Sie die Möglichkeit, einen der drei Charaktere der Geschichte zu steuern: Yashahime, die Tochter des Königs der Unterwelt, Binbougami, der berüchtigte Dieb und Urashima, der legendäre Sünder, der sich nach der Rettung einer Schildkröte mit dem Drachenclan anfreundete . Wenn Sie sich für einen seiner Charaktere entscheiden, erleben Sie ein ganz eigenes Abenteuer. Auf dem Programm: Erkundung von Dörfern, Höhlen und Dungeons, das Sammeln von Informationen von NPCs sowie rundenbasierte Kämpfe, die die Statistiken Ihres Charakters verbessern.
Momotarou Dentetsu jr. - Zenkoku Ramen Meguri no Maki (Japan) (SGB Enhanced)	Momotaro Dentetsu auf dem Game Boy ist ein Brettspiel mit den Charakteren der Momotarou Densetsu-Reihe, einer in Japan sehr beliebten Reihe brettspielartiger Videospiele; bei dem die Spieler mit der Bahn, dem Schiff und dem Flugzeug reisen und versuchen, durch Geschäftstransaktionen Wohlstand zu erlangen. Die Spielmechanik wird oft mit den Brettspielen Sugoroku und Monopoly verglichen.
Money Idol Exchanger (Japan) (SGB Enhanced)	Wie bei Tetris müssen Sie Elemente auf festen Bildschirmen zusammenbauen, um sie zu zerstören und maximale Punkte zu erzielen. Dabei handelt es sich bei den Elementen um Einzelteile, die entsprechend ihrem Wert zusammengesetzt werden müssen. Durch den Zusammenbau von 5 Stücken von 1 entsteht ein 5er-Stück, das wiederum mit seinen Gegenstücken usw. zusammengesetzt werden kann. Der Wert der gesammelten Punkte entspricht dem der Münzen. Handeln Sie schnell, denn die Zeit wird knapp: Der Bildschirm wird schnell von Teilen überschwemmt.
Monopoly (USA)	Dies ist eine Adaption des Monopoly-Brettspiels für Computer, die alle Aspekte des Gameplays vollständig reproduziert. Spielerbewegungen können als 3D-Animationen dargestellt werden, diese können jedoch optional für diejenigen ausgeschaltet werden, die keine Animationen sehen möchten. Es können bis zu 6 Spieler gleichzeitig spielen und es kann über das Internet gespielt werden. Die Musik liegt im MIDI-Format mit WAV-Soundeffekten vor. Wirf Würfel, drehe dich auf dem Brett und vergiss nicht, Spaß zu haben, während du an GO! vorbeikommst.
Monster Maker (Japan)	Monster Maker ist die erste Game Boy-Folge einer JRPG-Saga, die auf dem gleichnamigen Karten-Franchise basiert. Nachdem Sie den Charakter ausgewählt haben, den Sie spielen möchten, müssen Sie zusammen mit dem Rest Ihres Teams die Welt vor einer Armee von Monstern retten, die sie erobern wollen. Dazu müssen Sie jeden Bereich der Weltkarte freischalten und in klassischen rundenbasierten Schlachten gegen Monster kämpfen.
Monster Maker - Barcode Saga (Japan)	Monster Maker: Barcode Saga war eines der wenigen Spiele, die mit dem Game Boy Barcode Boy-Zubehör kompatibel waren. Das Scannen von Spielkarten und anderen Barcodes würde es dem Spieler ermöglichen, verschiedene Funktionen im Spiel zu nutzen. Den mit den Süßigkeiten gelieferten Barcode lesen, einen Charakter hervorbringen, ein Krieger des Lichts werden und gegen die Armee der Dunkelheit kämpfen. Bilden Sie ein Team mit Charakteren und bewegen Sie sie über das Feld, um zu kämpfen.
Monster Maker 2 - Uru no Hiken (Japan)	Der dritte Teil des kartenbasierten Dungeon-Adventure-Rollenspiels. Die Geschichte besteht darin, dass das Geheimnis der Geburt des Schatzes von Ur, dem wichtigsten Objekt des vorherigen Spiels, gelüftet wird. Die Geschichte ist auf die Japaner zugeschnitten und Leute, die die FF-Serie mögen, werden großes Interesse daran haben. Das Weitergeben von Karten beim Durchlaufen von Dungeons ist nützlich, da man anhand der Anwesenheit oder Abwesenheit der Karten leicht erkennen kann, ob man schon einmal dort war.
Monster Max (Europe) (En,Fr,De,Es,It,Nl)	Ein mächtiger Mensch namens Krond erobert den Monsterplaneten, verbietet jegliche Musik und erklärt sich selbst zum König. Max, ein Monster-Rockmusiker, beschließt, sich zu wehren. Um den bösen Monarchen zu besiegen, nimmt er an der Ausbildung an der Mega Hero Academy teil. Monster Max ist ein surreales isometrisches Abenteuer des gleichen Duos, das den 8-Bit-Klassiker Head Over Heels entwickelt hat. Es überrascht nicht, dass es diesem Spiel in Bezug auf Steuerung und allgemeinem Design sehr ähnlich ist und grafisch nahezu identisch ist. Der Charakter bewegt sich durch eine bizarre Landschaft, in der er Objekte sammeln und verwenden muss (entweder mit der A- oder B-Taste), um Missionsziele zu erreichen.
Monster Race (Japan) (SGB Enhanced)	In dieser App von Pokémon Fashion schlüpfen Sie in die Rolle eines jungen Mannes, der alles über das Rennen mit kleinen Monstern lernt, um Schritt für Schritt der Beste zu werden. Jedes Lebewesen hat seine eigenen Eigenschaften und es liegt an Ihnen als Trainer, es effizienter zu machen, um der beste Trainer aller Zeiten zu werden.
Monster Race Okawari (Japan) (SGB Enhanced)	In dieser App, die Pokémon sehr ähnelt, schlüpfen Sie in die Rolle eines jungen Mannes, der alles über das Rennen mit kleinen Monstern lernt, um Schritt für Schritt der Beste zu werden. Jedes Lebewesen hat seine eigenen Eigenschaften und es liegt an Ihnen als Trainer, es effizienter zu machen, um der beste Trainer aller Zeiten zu werden. Erkunde die Welt, sammle Kreaturen und verbessere sie, um den Sieg zu erringen.
Monster Truck (Japan) (En)	Monster Truck auf dem Game Boy ist ein atypisches Rennspiel, da es Ihnen ermöglicht, große Fahrzeuge zu fahren, die in der Lage sind, die größten Hindernisse zu überwinden. Ziel des Spiels ist es also, die Strecken auf dem ersten Platz zu beenden, indem Sie Ihre Geschwindigkeit und die Position Ihrer Maschine so anpassen, dass Sie möglichst wenig Zeit mit Baumstämmen, riesigen Steinen und anderen Objekten verschwenden, die Sie verlangsamen. Während eines Rennens ist es auch möglich, Konkurrenten anzurempeln, indem man sie schlägt, um sie an Geschwindigkeit zu verlieren. Passen Sie nur auf, dass Sie Ihren Monstertruck nicht zu sehr beschädigen, indem Sie diese Technik übermäßig anwenden. Schließlich umfasst die Software ein System zum Kauf neuer Teile, um die Leistung des Autos zu verbessern. Der Titel wurde ausschließlich in Japan veröffentlicht.
Monster Truck Wars (USA, Europe)	USHRA Monster Truck Wars ist ein Top-Down-Rennspiel, bei dem Monstertrucks das bevorzugte Fahrzeug sind. Der Spieler kann aus sechs einzigartigen Trucks mit jeweils eigenen Eigenschaften wählen und auf verschiedenen kurvenreichen Strecken Rennen fahren – vorausgesetzt, der Spieler kann sich für das Rennen qualifizieren! Je besser der Spieler in Rennen abschneidet, desto mehr Geld kann er sammeln, um Upgrades zu kaufen und seinen Monstertruck zu reparieren. Es gibt auch Power-Ups, die durch das Zerquetschen von Autos erhalten werden, die über den gesamten Parcours verteilt sind. Es gibt drei Schwierigkeitsstufen.
Montezuma's Return! (Europe) (En,Fr,De,Es,It)	Max Montezuma ist ein Soldat, der zufällig auch ein Nachkomme eines legendären aztekischen Kaisers ist. Eines Tages stürzt Max' Flugzeug auf einer unbekannten, einsamen Insel ab. Max entdeckt dort antike Ruinen und wagt sich an deren Erkundung, wobei er versucht, das Geheimnis der Vergangenheit mit den Ereignissen der Gegenwart zu verbinden. Montezuma's Return ist eine Fortsetzung von Montezuma's Revenge und konzentriert sich ebenfalls auf das Plattform-Gameplay, das das Lösen von Rätseln, das Vermeiden von Hindernissen und das Bekämpfen von Feinden umfasst. Im Gegensatz zu seinem Vorgänger handelt es sich um ein 3D-Spiel aus der Ego-Perspektive. Der Spieler kann beim Bewegen der Kamera die Füße des Protagonisten sehen, um einen präzisen Plattformsprung zu ermöglichen.
Mortal Kombat & Mortal Kombat II (USA, Europe)	Vor fünfhundert Jahren wurde ein uraltes und angesehenes Shaolin-Kampfturnier, das alle 50 Jahre stattfand, von einem bösen und älteren Zauberer namens Shang Tsung korrumpiert. Shang wurde von Prinz Goro begleitet, einem Krieger der Shokan-Rasse (ein vierarmiger halb Mensch / halb Drache). Da Shang wusste, dass wenn zehn Turniere hintereinander vom Outworld-Champion gewonnen würden, das Erdreich vom Bösen erobert und in die Dunkelheit fallen würde, trat er in Goro ein und ließ ihn den großen Kung Lao besiegen. Goro ist seit fünfhundert Jahren der unbesiegte Kampfmeister. Als das letzte erforderliche Turnier näher rückt, beschließt Raiden, Donnergott und Beschützer des Erdreichs, die Waage zugunsten der Menschen zu kippen. Sieben Kämpfer betreten die Arena auf Shang Tsungs mysteriöser Insel: Shaolin-Krieger Liu Kang, Special Die Einsatzkräfte Sonya Blade, der Söldnerschläger Kano, der berühmte Schauspieler Johnny Cage, der eisschwingende Lin Kuei-Krieger Sub-Zero und sein untoter Gegner Scorpion sowie Raiden selbst.
Mortal Kombat (USA, Europe)	Vor fünfhundert Jahren wurde ein altes und angesehenes Shaolin-Kampfturnier, das alle 50 Jahre stattfand, von einem bösen und alten Zauberer namens Shang Tsung korrumpiert. Shang wurde von Prinz Goro begleitet, einem Krieger der Shokan-Rasse (ein vierarmiger Halbmensch/Halbdrache). Da Shang wusste, dass das Erdreich vom Bösen erobert und in die Dunkelheit versinken würde, wenn der Outworld-Champion zehn Turniere in Folge gewinnen würde, nahm er an Goro am Turnier teil und ließ ihn den großen Kung Lao besiegen. Goro ist seit fünfhundert Jahren der ungeschlagene Kampfchampion. Als das letzte erforderliche Turnier näher rückt, beschließt Raiden, Donnergott und Beschützer des Erdreichs, einen Plan, um den Ausschlag zugunsten der Menschen zu geben. Sieben Kämpfer betreten die Arena auf Shang Tsungs geheimnisvoller Insel: Shaolin-Krieger Liu Kang, Spezialeinheiten Agentin Sonya Blade, der Söldner-Schläger Kano, der nach Ruhm strebende Schauspieler Johnny Cage, der eisschwingende Lin-Kuei-Krieger Sub-Zero und sein untoter Widersacher Scorpion sowie Raiden selbst.
Mortal Kombat 3 (USA, Europe)	Shao Kahn hat gewonnen. Die Erdenwelt existiert nicht mehr. Um seine Königin Sindel wiederzubeleben, hat der Kaiser Shao Kahn das Outworld-Turnier aus Mortal Kombat 2 als Ablenkung genutzt, während seine Schattenpriester seine gefallene Königin auf der Erde wiederbeleben. Sobald ausgeführt, verbindet die dimensionale Brücke zwischen den beiden Reichen sich und ermöglicht es Kahns Auslöschungskommandos, die Erde zu überfallen, zu zerstören und die Seelen der Bevölkerung zu versklaven.
Mortal Kombat II (USA, Europe)	Die Mortal Kombat-Kämpfer und mehrere neue Kämpfer kehren zu einem Turnier zurück, das vom bösen Shang Tsung aus der Außenwelt veranstaltet wird. Die Action ist wie zuvor eine Eins-gegen-Eins-Action und bekannt für ihr hohes Maß an Gewalt und Blut (im Gegensatz zur bereinigten Nintendo-Version). Es gibt 5 Schwierigkeitsstufen und optionale Credits sowie den üblichen Zwei-Spieler-Modus einschließlich Duellen mit denselben Charakteren. Um das Hauptturnier zu gewinnen, muss der Spieler alle anderen menschlichen Spieler besiegen, bevor er gegen Shang Tsung, Kintaro und schließlich Shao Kahn antritt. Den Spielern steht eine Reihe von Schlägen und Tritten sowie fliegende Tritte, Aufwärtshaken, Roundhouses und Spezialbewegungen zur Verfügung, die für jeden Spieler unterschiedlich sind. Dazu gehören Würfe, Aufwärtshaken, Langstreckengeschosse, Fahrradtritte und eine Teleportfunktion.
Motocross Maniacs (USA)	Willst du es in Motocross Maniacs für den GameBoy bis zur karierten Flagge schaffen? Dann brauchst du höchste, intensive Konzentration, um an hunderten von Hindernissen vorbeizukommen. Du brauchst auch jede Menge Geschicklichkeit um den Tank aufzufüllen der dich zum Sieg powert. In Motocross Maniacs für den GameBoy gibt es 8 Meisterschaftsstrecken und 3 Herausforderungsstrecken.
Mouse Trap Hotel (USA)	In Mouse Trap Hotel übernimmt der Spieler die Kontrolle über die Maus Maxie, die seine Freundin besuchen möchte. Leider befindet sie sich im Penthouse eines Hotels und Maxie im Keller. Das Ziel besteht darin, das Penthouse zu erreichen, indem man mehrere Level löst und den Ausgang findet. Bei diesen Levels handelt es sich um seitlich scrollende Levels, es sind jedoch auch vertikale Bewegungen erforderlich. Gameplaytechnisch gibt es keine Besonderheiten: Der Spieler springt über Plattformen und weicht Fallen und Feinden aus, um keine Lebensenergie zu verlieren. Zu oft getroffen zu werden, führt zum Verlust eines Lebens. Die einzige Möglichkeit, Feinde zu zerstören, besteht darin, sie mit Maxies Schwanz zu treffen. Power-Ups gewähren entweder ein Extraleben, eine Schwanzverbesserung (Reichweite) oder Bonuspunkte.
Mr. Chin's Gourmet Paradise (USA)	In diesem Actionspiel jagt Mr. Chin seine Lieblingsleckereien. Er ist extra aus China angereist, um so viele saftige Pfirsiche wie möglich zu essen, bevor jemand anderes herausfindet, wie man diesen einzigartigen Leckerbissen isst. Als Mr. Chin müssen Sie die mysteriösen Momos verfolgen und sie mit Ihrem Demo-Strahl in Pfirsiche verwandeln. Also beeilen Sie sich und rennen, springen, zappen und essen Sie so viele Pfirsiche wie möglich, bevor Sie als ihr Abendessen landen.
Mr. Do! (USA)	Sie steuern einen Clown mit dem Namen „Mr. Do!“. Mr. Do ist in seinem Garten und hat die Kirschen, die er suchte, abgeholt. Des monstres s'y baladent, and ne laisseront pas Mr. Beruhigen Sie sich bei der Versammlung. Wenn ein Monstrum Mr. Do berührt, wird er geliebt, und der Spieler kann ein Leben führen. Jedes Mal, wenn ein Cheminée auf der Durchquerung des Gartens angelegt wurde, gelangt man bis zum oberen Rand des Gebäudes und vorbei am Zentrum. Die Ungeheuer könnten nicht dazu führen, dass die Chemins kurz vor der Explosion stehen. Mr. Do ist in der Lage, neue Wege zu gehen, und hat nur eine Minute Zeit, um sich zu verabschieden.
Mr. Go no Baken Tekichuu Jutsu (Japan)	Mr. Go no Baken Tekichuu Jutsu ist eines der wenigen Strategiespiele für den Game Boy, die von Pferderennen und Wetten inspiriert sind. Wird für Vorhersagen von Pferderennen verwendet, nicht für Spiele. Datensoftware, die es Ihnen ermöglicht, die Quoten des Rennens, das Sie vorhersagen möchten, und die Anzahl der Rennen, die Sie durchführen möchten, einzugeben und dann den Charakter des Rennens und die zu kaufenden Produkte vorherzusagen.
Mr. Nutz (Europe)	Du bist das coole Eichhörnchen des Titels und musst den bösen Yeti besiegen, bevor er die ganze Welt einfriert. Bei Ihrer Suche erkunden Sie viele Gebiete wie einen Wald, ein Hexenhäuschen, einen Vulkan, die Wolken, einen Zirkus ... Mr. Nutz ist ein Plattformspiel, in dem Nutz auf Feinde springen muss, um sie zu töten. Auch sein Schwanz lässt sich steuern. Sie bewegen sich mithilfe von Felsvorsprüngen, Leitern, Brücken und Plattformen durch die Level. Es gibt einige einfache Rätsel, bei denen es um die Manipulation von Objekten geht.
Ms. Pac-Man (USA)	1982 wurde mit seiner Freundin, Frau Pac-Man, eine Fortsetzung des unglaublich beliebten Pac-Man vorgestellt. Diese Fortsetzung setzte das Gameplay &quot;Iss die Punkte / vermeide die Geister&quot; des Originalspiels fort, fügte jedoch neue Funktionen hinzu.Wie ihr Freund versucht Frau Pac-Man, vier verschiedene und herausfordernde Labyrinthe zu beseitigen, die mit Punkten und sich ständig bewegenden springenden Früchten gefüllt sind, während sie Inky, Blinky, Pinky und Sue aus dem Weg geht. Eine Berührung von einem dieser Geister bedeutet für Frau Pac-Man einen Verlust an Leben.Überlebe ein paar Runden des Spiels und der Spieler wird mit humorvollen Pausen verwöhnt, die die wachsende romantische Beziehung zwischen Pac-Man und Frau Pac-Man zeigen, die bis zur Ankunft von &quot;Junior&quot; führt.
Muhammad Ali Heavyweight Boxing (USA, Europe)	Muhammad Ali Heavyweight Boxing ist, wie der Name schon sagt, ein Boxspiel mit dem dreifachen Weltmeister im Schwergewicht. Das Spiel zeigt von Sprites gezeichnete 2D-Boxer in einem 3D-Ring (dem sogenannten „FreeCam“-3D-System), wobei sich die Boxer um 360° um den Ring bewegen. Ein oder zwei Spieler können die Anzahl der Runden (bis zu 15), die Rundenlänge (bis zu 5 Minuten) und die Häufigkeit, mit der ein Kämpfer ausgeschaltet werden muss, um T.K.O. zu werden, wählen. und die Anzahl der Schiedsrichterzählungen (bis zu 10). Es gibt zwei Spielmodi: Exhibition (das gegen den Computer oder eins gegen eins mit zwei Spielern gespielt werden kann) und den Turniermodus (Einzelspieler). Spieler können zwischen neun fiktiven Kämpfern und Muhammad Ali selbst wählen.
Mulan (USA) (SGB Enhanced)	Fearless und Feisty Begleiten Sie Mulan bei ihrem Versuch, die Ehre ihres Familiennamens zurückzugewinnen. Als Soldatin verkleidet reist Mulan zum Trainingslager der kaiserlichen Armee, um zu beweisen, dass sie kampfbereit ist. Anschließend muss sie sich daran machen, das Imperium zu retten, indem sie Rätsel löst, Feinde bekämpft und schließlich Shan-Yu in der letzten Konfrontation besiegt. - Stundenlanges actiongeladenes Gameplay - Viele Ihrer Lieblingscharaktere aus dem Film - Abwechslungsreiches Gameplay, einschließlich Schlachten, Schwimmen und „Shieldboarding“ – Ein Passwortsystem zum Speichern Ihres Fortschritts
Mysterium (USA)	Du kamst zum berühmten Alchemisten Hermetrix und wurdest als Lehrling angenommen. Die Aufgabe eines Alchemisten besteht darin, Metalle und Mineralien auf magische Weise in Gold und andere Gegenstände umzuwandeln. Hermetrix hat Sie in das Mysterium geschickt, ein dreidimensionales Labyrinth aus Korridoren, um Sie zu testen. Sie müssen Metalle und Mineralien in Becken aus Quecksilber, Wasser, Feuer und Säure kombinieren, um alles zu schaffen, was Sie brauchen. Wenn Sie die Alchemie beherrschen, können Sie die Abschlussprüfung bestehen. Sie müssen eine Zivilisation von Riesen wie Cadmia retten, die Alchemistin, die es vor Ihnen versucht hat.
Mystical Ninja Starring Goemon (USA) (SGB Enhanced)	Ach nein! Der böse Schädelkönig und seine Armee böser Piraten planen, das alte Japan zu übernehmen! Nur Goemon, Ebisumaru, Sasuke und Yae stellen sich ihnen in den Weg. Kämpfen Sie sich durch Gadget Castle, The Black Ship Skull, The Demon Cave und Skeleton Island, während Sie sich dem Schädelkönig höchstpersönlich stellen. Mystical Ninja Starring Goemon ist ein Overhead-Actionspiel mit leichten RPG-Elementen, ähnlich wie Link's Awakening. Spieler erkunden Städte, Dungeons, Burgen und mehr, suchen nach Schatztruhen und greifen Feinde an. Es gibt auch Geschäfte und Gasthöfe, in denen Sie Gegenstände kaufen oder sich ausruhen können, um wieder zu Kräften zu kommen. Am Ende jedes Levels wartet ein Boss auf Sie. Um sie zu besiegen, müssen Sie jedoch an einem Minispiel namens „The Surprise Match“ teilnehmen. Bei diesen Minispielen handelt es sich normalerweise um eine Art Button-Mashing oder eine Variation eines Memory-Match-Spiels.
Nada Asatarou & Kojima Takeo no Jissen Mahjong Kyoushitsu (Japan) (SGB Enhanced)	Nada Asatarou & Kojima Takeo no Jissen Mahjong Kyoushitsu ist nach Asataro Nada und Takeo Kojima von der Japan Professional Mahjong League benannt. Das Spiel folgt dem Prinzip von Nada Asatarou no Power Mahjong: Tsugi no Itte 100-dai und bietet die Möglichkeit, Mahjong-Aufgaben zu beantworten, um eine Note (Dan) zu erhalten. Auch hier steht ein Zwei-Spieler-Modus zur Verfügung.
Nada Asatarou no Powerful Mahjong - Tsugi no Itte 100 Dai (Japan)	Nada Asatarou no Leistungsstarkes Mahjong: Tsugi no Itte 100-dai ist ein Game Boy-Spiel, das von Affect entwickelt und von Yojigen veröffentlicht wurde und nur in Japan veröffentlicht wurde. Das Spiel fordert Sie auf, Mahjong-Aufgaben zu beantworten, indem Sie den besten Zug für eine bestimmte Phase des Spiels finden. Insgesamt werden während eines Spiels 20 von 127 in der Datenbank enthaltenen Fragen gestellt. Zusätzlich zum Spiel gegen Menschen können Sie den Modus „Nächster Zug 100 Fragen“ auswählen, um 100 Fragen zu lösen, die von Asataro Nada, dem Präsidenten der Japan Professional Mahjong League, erstellt wurden. Der Spieler hat die Wahl, mit einer vorgegebenen Zeit zu spielen oder nicht, und abhängig von seinen Ergebnissen wird ihm ein Mahjong-Spielerrang zuerkannt. Darüber hinaus können Sie im Zwei-Spieler-Modus im traditionellen Mahjong gegen einen Freund antreten.
Nail 'n Scale (USA, Europe)	Nail'N Scale ist eine Mischung aus Jump'n Run und Puzzlespiel. Der Spielercharakter kann springen und Nägel auf seine Feinde werfen. Abgesehen davon, dass sie Feinde töten, können Nägel auch als Plattform dienen, wenn sie in Blöcke geworfen werden. Manche Blöcke können zerstört werden, wenn man einen Nagel hineinwirft und auf den Nagel springt, während andere Blöcke nicht einmal von den Nägeln durchdrungen werden können. Im Laufe des Spiels werden die Levels immer komplizierter und es werden neue Arten von Nägeln verfügbar, beispielsweise Sprengnägel, die besonders widerstandsfähige Blöcke entfernen.
Nakajima Satoru - F-1 Hero GB - World Championship '91 (Japan)	Nakajima Satoru Kanshū F-1 Hero GB ist eines der verschiedenen Formel-1-Spiele, die von Satoru Nakajima empfohlen und von Varie veröffentlicht werden. Es basiert lose auf der Formel-1-Saison 1991. Das Gameplay ist dem Game Boy's F-1 Race und Nakajima Satoru F-1 Hero sehr ähnlich, der Schwierigkeitsgrad ist jedoch höher. Da der Streckenplan nicht auf dem Bildschirm angezeigt wird, bedeutet dies, dass sich der Spieler jede Runde vollständig merken muss, um nicht von der Strecke abzukommen oder mit den Werbetafeln zu kollidieren.
Namco Classic (Japan)	Namco Classic ist eigentlich ein Golfspiel. Letzterer ist sehr präzise, ​​da er viele Parameter bietet, wie z. B. 19 Schlägeroptionen, den Schusswinkel, seine Kraft und die Wahl der genauen Stelle, an der der Ball getroffen wird. Es bietet auch einen Spielmodus, um gegen die besten Spieler der Welt anzutreten. Wie in der Realität fehlt nur noch ein Zeuge, der im Voraus anzeigt, wie weit der Ball nach einem Schuss zurückgelegt wird, was einige Unannehmlichkeiten verursachen kann!
Namco Gallery Vol.2 (Japan) (SGB Enhanced)	Namco Gallery Vol. 2 ist die zweite von drei Compilation-Cartridges, die Namco für den Game Boy hergestellt hat. Sie sind alle Super Game Boy-kompatibel. Jede Kassette enthält 4 Spiele. Dieser Band enthält folgende Spiele: Galaxian Dig Dug The Tower of Druaga Famista 4 (Baseball)
Namco Gallery Vol.3 (Japan) (SGB Enhanced)	Namco Gallery Vol. 3 ist eine Sammlung von Games die Namco für den GameBoy erstellt hat. Jedes Volume enthält 4 Spiele. Dieses Vol. 3 enthält folgende: Sky KidnnBabel no Tou (Turm von Babel)nnTennis für die ganze FamiliennJantaku Boy (Mahjong)
Nangoku Shounen Papuwa-kun - Ganmadan no Yabou (Japan)	Dies ist ein solides kleines Action-Puzzlespiel, das auf einer alten Comic-Manga-/Anime-Serie basiert. Das Ziel dieses Spiels ist es, alle Blöcke in einem Level mit einem Schlag zu zerstören (nachdem die Schlagkraft mit der A-Taste aufgeladen wurde). Die Blöcke regenerieren sich nach einigen Sekunden, wenn Sie es nicht geschafft haben, sie alle auf einmal zu entfernen. Indem Sie die Läufe in die richtige Position schieben und ziehen – und dabei Feinden ausweichen – können Sie die Schockwelle von Papuwas Schlag dazu zwingen, sich in verschiedene Richtungen zu teilen. Indem Sie nicht alle Blöcke mit dem ersten Schlag zerstören, haben Sie tatsächlich die Möglichkeit, bestimmte Gegenstände zu sammeln, die für Bosskämpfe nützlich sein können. Diese finden alle 5 Etappen statt. Die Textsequenzen, die oft zwischen den Levels vorkommen, sind ziemlich amüsant und könnten als einer der besten Teile dieses Spiels angesehen werden.
Nanonote (Japan)	Nanonote ist eine Software für den Gameboy, die 1992 von Konami nur für den japanischen Markt entwickelt und veröffentlicht wurde. Es bietet ein elektronisches Notizbuch für Schulkinder, das vom Trend der Zeit inspiriert ist. Der Benutzer kann die in seinen Prüfungen erzielten Noten aufzeichnen, Berechnungen durchführen, sein Tagebuch erstellen, Notizen machen, seine persönlichen Daten notieren oder sogar die Wahrsagerin spielen. Beachten Sie, dass der Benutzer ein persönliches vierstelliges Passwort erstellen kann.
Navy SEALs (USA, Europe)	Navy Seals basiert auf dem gleichnamigen Film aus dem Jahr 1990, das Spiel wurde im nächsten Jahr von Ocean auf den Game Boy adaptiert. Die Manövrierfähigkeit der Navy Seals ist besonders wichtig: Sie können nicht müde werden, zu fliegen oder zu lügen, und Sie haben es geschafft oder nicht, aber das ist mehr. Es ist unmöglich, sich in der Luft oder in der Diagonale zu bewegen, da sie bestimmte Passagen großartig machen. Es ist unmöglich, auch nur in der Luft zu ermüden. Im Nachhinein konnte Ihre Persönlichkeit die Plattenform und die Plattenform zusammenbauen und sich auf die Haut und den Rücken stützen, so dass der Hauptteil des Spiels des Genres nicht für immer vorbei war und sich auf den Weg zu einem bestimmten Prince of Persia machte.
Navyblue 98 (Japan)	Navy Blue 98 auf dem Game Boy ist die dritte und letzte Episode einer Saga von Seeschlachtspielen, die ausschließlich in Japan veröffentlicht wird. In diesem Werk haben Sie eine große Auswahl an Booten zur freien Auswahl auf einer Rasterkarte. Anschließend versuchen Sie rundenbasiert, die gesamte gegnerische Flotte zu zerstören. Dafür stehen Ihnen klassische und unbegrenzte Raketen, aber auch zusätzliche und neue Waffen in dieser Hinsicht (größere Raketen, Kampfflugzeuge, Radare) zur Verfügung. Dieses Werk, das mehr Skripte enthält als die vorherigen Episoden, bietet einen Zwei-Spieler-Modus und ein System zum Speichern von Passwörtern.
NBA All-Star Challenge (USA, Europe)	Die NBA All-Star Challenge bietet Einzel-Basketball mit NBA-Spielern der Saison 1991–1992. Es stehen fünf verschiedene Spielmodi zur Verfügung: ein Einzelspiel, ein Freiwurfwettbewerb, ein 3-Punkte-Shootout, ein H.O.R.S.E. Wettbewerb und ein Einzelturnier. Sie können aus 27 Spielern (einer aus jedem NBA-Team) wählen, darunter Michael Jordan, Larry Bird, Patrick Ewing, Karl Malone und David Robinson. Jeder Modus kann auch von zwei Spielern gespielt werden.
NBA All-Star Challenge 2 (USA, Europe)	Erlebe eine der 27 All-Stars der NBA im Rahmen der NBA All Star Challenge auf dem Game Boy. Dies ist ein neues Spiel mit Clyde Drexler, Dominique Wilkins, Chris Mullin, Hakeem Olajuwon, Dikembe Mutombo und anderen! Sechs Spielmodi, die Sie besuchen können: - Slam Dunk-Wettbewerb - 3-Punkte-Shootout - Eins-gegen-Eins - Freiwurf-Wettbewerb - Präzisions-Showdown - NBA-All-Star-Turnier - Sie können Ihre Freunde auch bei einem Kampf mit dem Game Boy Link beleidigen!
NBA Jam (USA, Europe)	NBA Jam ist ein Zwei-gegen-Zwei-Basketballspiel. Sie können gegen jedes NBA-Team spielen und als Spieler wie Barkley, Starks, Pippen und Grant spielen. Jeder menschliche Spieler kontrolliert einen einzelnen Spieler. Wählen Sie Ihren Kader also mit Bedacht aus, um die Fähigkeiten Ihrer Teamkollegen zu berücksichtigen. Das Spiel ist aktionsorientiert und die Spieler können unrealistische Slam-Dunks ausführen. Vollständige Leistungsstatistiken werden automatisch aufgezeichnet. Es gelten die Spieluhr und die 3-Punkte-Linie, andere Regeln werden jedoch weitgehend außer Acht gelassen.
NBA Jam - Tournament Edition (USA, Europe)	Die NBA JAM Tournament Edition bietet Ihnen mehr atemberaubende Slam-Dunking-Spannung als je zuvor! Mehr als doppelt so viele NBA TE-Superstars, mehr als doppelt so viele geheime Charaktere, Hot Spots, Super Jam Power-Ups und – oh mein Gott – neun brandneue, randrasselnde Slam Dunks sowie alle Original-Jams!
NBA Live 96 (USA, Europe) (SGB Enhanced)	Diese Handheld-Version des Konsolen-Spiels unterscheidet sich in Grafik und Gameplay. Es enthält zwar die vollständige NBA-Lizenz einschließlich Teamnamen und Logos, jedoch keine echten Spielernamen, sondern authentische Nummern. Es gibt auch nur zwei Standardfarben für Teams (Schwarzweiß) und eine begrenzte Anzahl von Offensiv- und Defensivspielen, die ausgewählt werden können. Es gibt einen Ausstellungs-, Saison- und Playoff-Modus. In Playoffs wird dem Spieler jedoch automatisch ein Team zugewiesen und er kann kein eigenes auswählen. Spieler können auch drei Schwierigkeitsstufen haben
Nectaris GB (Japan) (SGB Enhanced)	Ein Strategie-Kriegsspiel, das auf einem Hexfeld stattfindet.
Nekketsu Koukou Dodgeball-bu - Kyouteki! Dodge Soldier no Maki (Japan)	Eine Game Boy-Version des gleichnamigen Spiels, veröffentlicht auf dem NES. Der Antagonist Todo kehrt zurück, um Kuniokun herauszufordern. Die Geschichte handelt von einem Zusammenstoß zwischen sechs Baseball-Kämpferteams unter der Führung von Todo. Zusätzlich zum Einzelspieler- und Wettkampfmodus können sich Spieler über den „Mecha Butsuri“-Modus freuen, bei dem die Spieler so lange mit Bällen aufeinander einschlagen, bis ihnen die Energie ausgeht.
Nekketsu! Beach Volley Da yo Kunio-kun (Japan) (SGB Enhanced)	Die Nekketsu-Bande wagt sich an die Strände, um am großen Beachvolleyballturnier teilzunehmen. Wie bei anderen Spielen der Franchise unterscheidet sich die Spielmechanik von üblichen Volleyballspielen: Es wurden Beat'em-Up-Elemente aus der Kunio-kun-Franchise integriert. Es stehen acht Paare zur Auswahl und Sie können die gewünschten Waffen (Bomben), Dopingmaterialien und andere Faktoren auswählen. Das Spiel beinhaltet einen Einspielermodus, in dem zwei Paare gegeneinander antreten, sowie einen Zweispieler-VS-Modus für die Cable Link-Funktion.
Nekojara Monogatari (Japan)	Ein ungewöhnliches Szenario, in dem der Protagonist eines Morgens aufwacht und feststellt, dass er sich in eine Katze verwandelt hat. Das Ziel besteht darin, das Relikt von Catland zu bergen und dafür einen Trank zu erhalten, der ihn wieder in einen Menschen verwandelt. Der Feldbildschirm und die Kampfszenen werden in 3D angezeigt. Neben Katzen tauchen in diesem Fantasy-Rollenspiel noch viele weitere niedliche Tiere auf.
Nemesis (USA)	Nemesis ist die erste Portierung des Arcade-Klassikers &quot;Gradius&quot; für den Game Boy. Es handelt sich also um ein klassisches Side-Scroller Shoot 'em up. Du steuerst Dein Raumschiff durch 5 unterschiedlich gestaltete Level voller beweglicher Feinde und stationärer Geschütze. Dabei kannst Du Power-Ups einsammeln und Deine Spielweise individuell anpassen, in dem Du entscheidest, wann und wofür Du Deine gesammelten Power-Ups einsetzt. Wie schon beim Spielhallen-Klassiker folgt jesed Level einem Gestaltungsthema: Vom Friedhof bis zur Organic-Welt, die ein bisschen an H.R.Giger erinnert, ist einiges dabei. Die Levels können in beliebiger Reihenfolge gespielt werden. Um die Credits zu sehen, muss aber die Reihenfolge eingehalten werden. Die Schwierigkeit ist sehr hoch, der Spielspaß trotzdem nicht sehr lang, denn es sind - wie schon gesagt - nur 5 Level, die die Highlights aus Gradius wieder aufleben lassen.
Nettou Garou Densetsu 2 - Aratanaru Tatakai (Japan) (SGB Enhanced)	Die drei einsamen Wölfe kehren zurück, um im Battle Royale „Sultan of Slugs“ gegen neue Gegner anzutreten. Nach einem Jahr in der Ausbildung, in der sie Körper aus Stahl schmieden, erobern Andy, Joe und Terry die Welt. Der ultimative Kampf, aufgeladen mit der Kraft von NEO-GEOs 100 Mega Shock. Fatal Fury 2! Jeder Spieler kann aus den 8 Helden denselben Charakter auswählen. Spezialangriffe explodieren mit mehr Action. 3D-Kämpfe bringen Sie auf die nächste Stufe in der Entwicklung des Kampfspiels. Einfache Manövrierfähigkeit und realistische Choreografie.
Nettou Real Bout Garou Densetsu Special (Japan) (SGB Enhanced)	Die höchste Kraftprobe wartet auf Sie! 19 der heißesten Helden von Fatal Fury kollidieren! Ein Jahr nach dem furchterregenden Abschluss von &quot;Real Bout&quot; bereiten sich die hungrigen Wölfe auf eine neue Schlacht vor, &quot;Real Bout Special&quot; - das wichtigste kämpferische Testgelände!
Nettou Samurai Spirits - Zankurou Musouken (Japan) (SGB Enhanced)	Dieses Kampfspiel spielt im Japan des Mittelalters. Zankuro Minazuki, auch Dämon genannt, terrorisiert die Provinzregionen, indem er alle abgelegenen Dörfer angreift und plündert. 12 Samurai, Experten im Umgang mit Klingenwaffen, vereinen ihre Kräfte mit einem einzigen Ziel: den Dämon zu neutralisieren.
New Chessmaster, The (USA, Europe)	Verabschieden Sie sich von verlorenen Münzen und langsamen Gegnern. Mit THE NEW CHESSMASTER können Sie in einem von 16 verschiedenen Schwierigkeitsgraden spielen, vom Anfänger bis zum Großmeister. Ein Lehrmodus erleichtert es Ihnen, alle möglichen Züge zu untersuchen, sodass Sie jedes Szenario durchspielen und dann umkehren können. Sie können jederzeit pausieren und später zurückkehren, ohne das Spielbrett neu installieren zu müssen. Spielen Sie gegen den Computer oder einen menschlichen Gegner im umfassendsten verfügbaren Schachspiel. Egal, ob Sie einen Schachbegleiter, einen passenden Gegner oder einen Trainer suchen, THE NEW CHESSMASTER ist die perfekte Lösung.
NFL Football (USA)	NFL Football ist ein American-Football-Spiel, das 1990 auf dem Gameboy veröffentlicht und von Konami entwickelt wurde.
NFL Quarterback Club (USA, Europe)	Der NFL Quarterback Club ist kein Football-Standardspiel. Neben anderen Teilnehmern der Partys wählte der Spieler 13 verschiedene NFL-QuarterBacks aus: Jeff Simet, Steve Young, Mark Rypien, Boomer Esiason, Bernie Kosar, John Elway, Warren Moon, Jim Everett, Randall Cunningham, Jim Harbaugh, Troja. Aikman oder Jim Kelly nahmen an vier Übungsreihen teil, in denen sie ihre Fähigkeit, ihre Beweglichkeit und die Präzision des Lancers gegen einen anderen QuarterBack testeten. Der QB muss die anderen Spieler auf den Wettbewerb aufmerksam machen und zu einem anderen Spieler gleichzeitig gehen und den Prozess wiederholen.
NFL Quarterback Club 96 (USA, Europe)	NFL Quarterback Club 96 ist ein American-Football-Videospiel, das 1995 für den Game Boy veröffentlicht wurde. Das Spiel wurde von Iguana Entertainment, Inc. entwickelt und dann von Acclaim Entertainment, Inc. veröffentlicht.
NFL Quarterback Club II (USA, Europe)	NFL Quarterback Club II ist ein von Condor entwickeltes und von Acclaim Japan veröffentlichtes Sportspiel, das 1995 veröffentlicht wurde.
NHL 96 (USA, Europe) (SGB Enhanced)	Der Puck hält hier! Setzen Sie Ihren Helm auf und schnallen Sie Ihre Schlittschuhe fest, denn das ist Eishockey, kein schönes Hockey, sondern ein schneller und wilder Angriff auf Ihre Sinne, bei dem Ausreißer mit knochenerschütternden Bodychecks beantwortet werden und das Fünf-Loch eher wie ein Knopfloch aussieht. Laufen Sie schneller, halten Sie schneller an, richten Sie den Puck aus und lassen Sie ihn fliegen – das ist das ultimative halsbrecherische, glühende Sport-Actionerlebnis!
NHL Hockey 95 (USA, Europe) (SGB Enhanced)	NHL 95 ist ein Eishockey-Videospiel, das 1995 für den Game Boy veröffentlicht wurde. Das Spiel wurde von Electronic Arts entwickelt und dann von EA Sports veröffentlicht. Alexei Kovalev erscheint auf dem Cover des NHL 95-Spiels.
Nichibutsu Mahjong - Yoshimoto Gekijou (Japan)	Ein Mahjong-Spiel für den Game Boy, das auf einer Comedy-Truppe basiert.
Nigel Mansell's World Championship Racing (USA)	Das Timing hat Gremlin mit dieser lizenzierten Formel-1-Simulation ein Lächeln ins Gesicht gezaubert, da Nigels langes Streben nach einer Meisterschaft endlich erfolgreich war. Das Spiel war irgendwo zwischen einer vollwertigen Simulation wie F1 GP und Actionspielen wie Continental Circus angesiedelt. An jedem Rennen nahmen nur 12 Autos teil, die zwischen 3 und 20 Runden dauern konnten. Vor jedem Rennen können Sie den Abtrieb des Flügels, das Übersetzungsverhältnis, die Reifenauswahl und die Auswahl der Kraftstoffmenge anpassen – Boxenstopps gehören bei längeren Rennen zur Standardausstattung. Die 16-Bit-Versionen verfügen über einen einzigartigen „Improve With Mansell“-Modus, in dem eine digitalisierte Version von Nigels Kopf in der oberen Ecke des Bildschirms erscheint und Anweisungen und Lob gibt.
Nihon Daihyou Team - Eikou no Eleven (Japan) (SGB Enhanced)	Nippon Daihyou Team: Eikou no Eleven ist ein Fußballspiel für den Game Boy, das sich auf die japanische Nationalmannschaft und ihre Teilnahme an der Weltmeisterschaft 1998 in Frankreich konzentriert. Es enthält die echten Namen aller 32 Spieler, die die japanische Nationalmannschaft repräsentieren. Zu den drei Hauptspielmodi gehören: - Japanische Nationalmannschaft, bei der der Spieler die japanische Mannschaft steuert, um den Pokal zu gewinnen, indem er gegen verschiedene gegnerische Nationalmannschaften antritt; - World Challenge-Modus, in dem der Spieler aus qualifizierten asiatischen Nationalmannschaften auswählen kann, um zu versuchen, den Pokal zu gewinnen; - Freier Wettbewerb, der ein einziges Spiel zwischen zwei qualifizierten Nationalmannschaften ermöglicht; dieser Modus ermöglicht Zusammenstöße zwischen zwei Spielern oder gegen den Computer. Darüber hinaus bietet Nippon Daihyou Team: Eikou no Eleven mehrere anpassbare Einstellungen und ein Passwortspeichersystem.
Nihon Daihyou Team France de Ganbare! - J.League Supporter Soccer (Japan) (SGB Enhanced)	Eine vollständige Simulation der J-League von 1998. Sie sind das 12. Mitglied des Teams und müssen das Team Ihres Landes unterstützen. Es gibt zwei Menüs: „Datenbankmodus“ und „Französischer Pokal“. Im „Datenbankmodus“ können Sie die J.League-Rangliste 1998, Formationen, Anzahl der Spiele, Siege, Niederlagen, erzielte Tore, kassierte Tore und Teamnamen eingeben und speichern. Spieler. Im „Französischen Pokal“ können Sie Trainer oder Spieler der japanischen Nationalmannschaft werden und versuchen, den französischen Pokal zu gewinnen. Sie können auch Ihr eigenes Team aus Originalmitgliedern zusammenstellen und durch Kommunikation gegen Ihre Freunde spielen. Tatsächlich können Sie Ihr Team aus den 18 J-League-Teams auswählen und nach Frankreich reisen, um unter den 32 Teams der Welt um den ersten Platz zu kämpfen. Jetzt können Sie das 12. Fanmitglied werden und die japanische Nationalmannschaft unterstützen.
Nikkan Berutomo Club (Japan) (SGB Enhanced)	Hier haben wir es mit einer von Beepern (oder Pagern) inspirierten Software zu tun. Das Prinzip bestand darin, Nachrichten zu empfangen, aber nicht zu senden, was die Schwachstelle des Pagers darstellte. Die Software versuchte, dieses Kommunikationssystem auf dem Game Boy einzuführen, allerdings nur in Japan, wo das Prinzip darin bestand, mit einer weiblichen Figur über Nachrichten zu chatten. Der Nikkan Berutomo Club ist eher symbolisch als unterhaltsam und eine Art Hommage an eine Zeit, als eine bestimmte Art der Kommunikation bei seinem Publikum in aller Munde war.
Ninja Boy (USA, Europe)	Ninja Boy basiert auf Super Chinese. Daher kontrollieren die Spieler einen jungen Kung-Fu-Helden aus der Vogelperspektive und können sich nach oben, unten, links und rechts bewegen und angreifen. Die Spieler verwenden die Schlag- und Tritt-Fähigkeiten des Helden, um Feinde zu besiegen. Die Spieler können auch Waffen und andere Gegenstände finden, die im Spiel verstreut sind, um sie gegen die Feindeshorden einzusetzen. Nachdem eine bestimmte Anzahl von Feinden besiegt wurde, können die Spieler in einen Ausgang laufen und zum nächsten Level gelangen. Mit fortschreitenden Leveln werden die schwierigen Feinde zahlreicher.
Ninja Boy 2 (USA, Europe)	Ninja Boy 2 ist ein Rollen- und Actionspiel, das dem Ninja Boy-Spiel entspricht. Im vorangegangenen Spiel war die Welt kurz davor, und eine intergalaktische Konferenz wurde beantragt. Die entfremdeten Versandten waren von der Venus umgeben und wurden von allen Würdenträgern entbunden; Er verkündet die Dirigeanten der gesamten Galaxie im Prozess. Plusieurs-Führer außerirdischer Persönlichkeiten haben ihre Leutnants verlassen, um die legitime Rache zu erhalten. Die Ninja-Kämpfer Jack und Ryu helfen den Bewohnern von Futureland vergeblich den außerirdischen Oberbefehlshabern, indem sie seit Null ein räumliches Objekt erschaffen. Obwohl sie gute Absichten hatten, versuchten Ryu und Jack, sich auf alle Planeten zu stürzen, um ihre räumlichen Fähigkeiten zu verbessern.
Ninja Gaiden Shadow (USA)	Shadow Warrior für GameBoy erzählt die Geschichte vom jungen Ninja Ryu, der sich auf die Suche nach dem Mörder seines Vaters begibt. Mach dich bereit für eine epische Geschichte voller Geheimnissen und Wendungen. Nutze als Ryu verschieden Kampftechniken und sammle Power-Ups um deine Gegner in Shadow Warrior für GameBoy aus dem Weg zu räumen. Entdecke abwechslungsreiche Level die dich durch Städte, Dschungellandschaften und schneebedeckte Schlösser führen. Kannst du das dunkle Geheimnis von Shadow Warrior für GameBoy aufdecken?
Ninja Taro (USA)	Hohes Abenteuer im Fernen Osten! Es ist die Ära des Feudalkrieges in Japan. Ein Shogun kämpft darum, die Provinzen zu vereinen, braucht aber Hilfe. Gerüchten zufolge soll sein schurkischer Erzrivale tot sein, doch eine gnadenlose Legion der Anarchie plagt weiterhin das Land. Wenn er tot ist, wer könnte dann die bösen Mächte anführen, die Japan daran hindern, Frieden und Ordnung zu erreichen? Dieses Chaos muss gestoppt werden! Aus den Reihen der Phantom-Sekte kommt Ninja Taro zur Hilfe des Shoguns. Mit der List eines Diebes, dem Können eines Meisters und einem legendären Schwert muss er sich auf den Weg machen, die Diener des Bösen zu zähmen und das Rätsel zu lösen, das das Imperium vereinen wird!
Ninku (Japan) (SGB Enhanced)	Ninku auf dem Game Boy ist eine Kampfsoftware, die aus dem gleichnamigen Manga von Kōji Kiriyama adaptiert wurde. Die Besonderheit dieses Titels besteht darin, dass es sich um ein stark geskriptetes Kampfspiel mit zahlreichen Dialogen und Szenen handelt, die die Herausforderungen der Duelle darstellen, die das Manga-Szenario nachzeichnen. Alle Charaktere der Serie sind im Laufe des Spiels spielbar, angefangen beim zwölfjährigen Helden Fuusuke. Die Auseinandersetzungen finden auf derselben horizontalen Ebene statt und es ist möglich, Kombinationen aus Tritten und Schlägen sowie Sprüngen und Spezialangriffen auszuführen.
Ninku Dai-2-dan - Ninku Sensou Hen (Japan) (SGB Enhanced)	Ninku Dai 2-dan: Ninku Sensou-hen folgt Ninku auf dem Game Boy. Im Gegensatz zu seinem Vorgänger ist es kein Kampfspiel, sondern ein Brettspiel (oder genauer gesagt ein Sugoroku). Das Spiel bietet vier verschiedene Story-Modi, in denen es zu Auseinandersetzungen kommt. Sie müssen einen Würfel werfen, um Aktionen wie das Aufheben von Gegenständen, Training oder Kämpfen auszuführen.
Nintama Rantarou GB (Japan) (SGB Enhanced)	Sie spielen den jungen Helden der Serie namens Rantarō, der Schüler der Ninja-Schule ist. In der Art eines klassischen Rollenspiels wird er hier dazu geführt, die Welt zu erkunden, Dungeons und Dörfer zu besuchen sowie mit zahlreichen Charakteren zu chatten, um verschiedene Informationen zu sammeln. Zufällige Zusammenstöße auf der Weltkarte finden in Echtzeit statt und ermöglichen es Ihnen, Geld und Erfahrungspunkte einzusacken, die Ihrem Avatar beim Fortschritt helfen.
Nintendo World Cup (USA, Europe)	Dieses Fußballspiel wurde zu der Zeit entwickelt, als Nintendo seinen Vier-Spieler-Adapter vorstellte, und war wahrscheinlich für vier Spieler konzipiert. Dies wird deutlich, wenn Sie sich dafür entscheiden, mit zwei oder mehr Spielern zu spielen. Dann können Sie zwischen vielen verschiedenen Bodenschichten wie Eis, Gras und Stein wählen, was den Wiederspielwert erhöht. Wenn Sie ein Einzelspielerspiel spielen, nehmen Sie an der Weltmeisterschaft als eines der besten Fußballländer seiner Zeit teil und treffen auf Länder in einer festen Reihenfolge. Kamerun im ersten Spiel und im Finale gegen Westdeutschland. In der altmodischen Manier verliert man, wenn man ein Unentschieden spielt, es gibt überhaupt keine Verlängerung. Im Spiel steuerst du immer nur einen Charakter, den du vor Spielbeginn auswählst. Anschließend können Sie Ihren Teamkollegen einfache Befehle erteilen, z. B. Passen, Tackling und Schießen. Auch Ihre Bewegungen sind auf diese Bewegungen beschränkt. Das Spiel ist völlig gesetzeswidrig, also zögern Sie nicht, Tacklings mit dem Ellbogen auszuführen, ohne ein Augenzwinkern des Schiedsrichters. Wahrscheinlich wurde es auf diese Weise gemacht, um es lustiger zu machen, gegen Freunde zu spielen.
Nobunaga's Ambition (USA)	Im 16. Jahrhundert war Japan in der Sengoku-Zeit in zahlreiche Feudalstaaten unterteilt, die jeweils von einem Daimyo regiert wurden. Viele träumten davon, das Land zu erobern, Shogun zu werden und das ganze Land zu regieren. Einer dieser Daimyos war der ehrgeizige Nobunaga Oda, ein erbarmungsloser Herrscher und ein berühmter Stratege. Die Spieler schlüpfen in die Rolle von Nobunaga Oda oder einem der vielen anderen Daimyos und versuchen, Japan zu erobern. Nobunaga's Ambition ist ein rundenbasiertes Strategiespiel, das in verschiedenen Modi gespielt werden kann. Zu Beginn wählen die Spieler entweder ein Szenario mit 17 Regionen oder ein größeres Szenario mit 50 Regionen. Dann muss der Spieler einen Daimyo auswählen, dessen Attribute in mehreren Kategorien bewertet werden: Alter, Gesundheit, Ehrgeiz, Glück, Charme und IQ. Im Laufe des Spiels ändern sich diese Werte je nach den Ereignissen im Spiel.
Nontan to Issho - Kurukuru Puzzle (Japan)	Nontan to Issho: Kuru Kuru Puzzle ist ein Spiel, das auf einer Anime-Serie und einem Kinderbuch basiert und die Geschichte eines jungen Kätzchens und seiner Tierfreunde erzählt. Hierbei handelt es sich um ein Blockpuzzlespiel im Tetris- und Baku-Baku-Tier-Stil, bei dem das Ziel darin besteht, Blöcke so zu stapeln, dass die passenden Blöcke verbunden werden und somit verschwinden. Anders als bei Tetris-Spielen können die Blöcke jedoch nicht gedreht, sondern auf den Kopf gestellt werden, sodass andere Blöcke auf der Rückseite erscheinen. Es gibt auch die üblichen Bonusblöcke, die ganze Reihen eliminieren, wie es in diesem Genre üblich ist. Es gibt auch einen Zwei-Spieler-Modus, obwohl sich die Aktionen eines Spielers im Gegensatz zu dem, was normalerweise bei Puzzlespielen für zwei Spieler geschieht, nicht direkt auf den anderen auswirken (z. B. wenn mehr Blöcke auf den Bildschirm Ihres Gegners fallen, nachdem Sie einen ziemlich hohen Wert erreicht haben). Punktzahl).
Noobow (Japan)	Noobow auf dem Game Boy ist ein Spiel, in dem Sie als großes humanoides Wesen spielen, das große Schwierigkeiten hat, sich zu bewegen. Dies ist ein japanisches Schokoladenmaskottchen. Ziel des Spiels ist es, Gegenstände zu sammeln und sie dort einzusetzen, wo sie benötigt werden, um zu verhindern, dass Sonne und Regen miteinander kämpfen. Nachdem die Gegenstände an den richtigen Orten verwendet wurden, verschwinden sie, um zu bestätigen, dass die Spieler die richtige Wahl getroffen haben. Es gibt 7 Level im Spiel und Noobow wird sich immer weigern, sein Leben in Gefahr zu bringen. Der Abschluss jedes Levels erfolgt durch das Erreichen des Ziels und das Helfen der dort wartenden Charaktere. Das Ziel jedes Levels ist es, einen Weg zum Ausgang zu finden. Dazu müssen Sie Dekorationselemente verwenden, die alle einen bestimmten Zweck haben. Die Software enthält kein Speichersystem, keinen 2-Spieler-Modus oder ein Punkte- oder Belohnungssystem.
Oddworld Adventures (USA, Europe)	In diesem Sidescroller spielst du als Abe aus Oddworld: Abe's Oddysee. Sie müssen die Paramiten und Schorf davor bewahren, von Ruptured Farms in Nahrung umgewandelt zu werden. Sie müssen zur äußeren Tempeltür gelangen und diese aufschließen, alle Tempellichter anzünden und dann durch den Tempel gehen, um die Paramiten und Krusten zu retten. Dabei handelt es sich im Wesentlichen um ein Side-Scrolling-Rätsellösungsspiel. Sie werden Fleisch verwenden, um Paramiten abzulenken, Steine verwenden, um Sprengstoffe zu zerstören, hypnotische Gesänge verwenden, um einen Slig zu kontrollieren (welche Waffe Sie dann verwenden können) und Hebel für verschiedene Aufgaben verwenden. Manchmal schleicht man sich einfach an einem Feind oder Paramiten vorbei.
Olympic Summer Games (USA, Europe) (SGB Enhanced)	Olympic Summer Games ist das offizielle 16-Bit-Videospiel der Olympischen Spiele 1996 in Atlanta, der dritte und letzte offizielle IOC-Titel, der auf der Konsole veröffentlicht wurde. Ein typischer Button-Mamper umfasst 10 Disziplinen (100-m-Sprint, 110-m-Hürdenlauf, Stabhochsprung, Weitsprung, Dreisprung, Speerwurf, Hochsprung, Diskuswurf, Skeet und Bogenschießen) und 32 Länder auf der ganzen Welt nehmen an benutzerdefinierten oder vollständigen Olympischen Spielen teil, oder einfach nur üben. Bei den Sprint-Wettbewerben können zwei Spieler gegeneinander antreten, und insgesamt können acht Spieler am selben Spiel teilnehmen. Drei Schwierigkeitsgrade ermöglichen kompetitive Events sowohl für Anfänger als auch für Veteranen des Genres.
Oni II - Oni Densetsu (Japan)	Oni II – Innin Densetsu für Game Boy ist das zweite Werk einer langen Rollenspiel-Saga, die von Banpresto veröffentlicht wurde. Die Software versetzt Sie in die Rolle eines jungen Samurai, der sein Kriegerteam zusammenstellen muss, und bietet Ihnen ein Abenteuer voller Erkundungen und Auseinandersetzungen. Einige Jahre nach dem Kampf zwischen dem legendären Dämonengott Makai Doji und dem bösen Dämon mit großer magischer Kraft. Auch der Junge aus Kyo Town war zum Kämpfen bestimmt. Alle Geheimnisse werden von „Oni Shinobu Maroku“ gelüftet. Wie bei den meisten Titeln des Genres müssen Sie einen offenen Modus erkunden, der mit zahlreichen zu rettenden Dörfern und Dungeons übersät ist, die von ihren bösen Präsenzen befreit werden müssen. Die Kämpfe finden rundenbasiert statt und ermöglichen es Ihnen, Geld zu verdienen, um in den Läden bessere Ausrüstung zu kaufen, sowie Erfahrungspunkte, die die Statistiken des Helden verbessern.
Oni III - Kuro no Hakaishin (Japan)	Es gab eine Zeit, in der die wilden Schlachten der Vergangenheit als legendär galten. Doch heute, im Jahr 300, ist ein Siegel kurz davor, gebrochen zu werden. In einem Dorf gibt es ein kleines Lagerhaus. Es heißt, dass die Tür niemals geöffnet werden darf. Tokoyamaru, der von seinem Großvater, der ein Antiquitätengeschäft führte, aufgezogen wurde, öffnet die Tür. Hat er diese Situation selbst herbeigeführt oder ist es Schicksal? Die Quelle des Bösen, der schwarze Gott der Zerstörung, ist hier. Nur der legendäre Dämon &quot;Mafuu Doji&quot;, der einst die Menschen aus den Klauen des Bösen gerettet hat, als die Welt kurz davor war, in der Dunkelheit zu versinken, kann ihn besiegen. Wird der legendäre &quot;Mafuu Doji&quot; nun, da sich die Welt erneut in einer Krise befindet, jemals wieder zum Leben erweckt werden? Und was wird das Schicksal von Tokohamaru sein?
Oni IV - Kijin no Ketsuzoku (Japan)	Oni IV – Kishin no Ketsuzoku ist das vierte und vorletzte Werk einer großartigen Rollenspielsaga, die von Banpresto für den Game Boy veröffentlicht wurde. Der Titel versetzt Sie in die Rolle eines jungen Samurai, der sich beweisen muss, und bietet Ihnen ein Abenteuer voller Erkundungen und Konfrontationen. Wie bei den meisten Titeln des Genres erkunden Sie einen offenen Modus mit zahlreichen Dörfern, die Sie besuchen können, und Dungeons, die Sie von ihren bösen Präsenzen befreien müssen. Die Kämpfe finden rundenbasiert statt und ermöglichen es Ihnen, Geld zu verdienen, um in den Läden bessere Ausrüstung zu kaufen, sowie Erfahrungspunkte, die die Statistiken des Helden verbessern. Die Charaktere, die in „ONI II“ auftraten, sind ebenfalls anwesend.
Oni V - Oni wo Tsugumono (Japan) (SGB Enhanced)	Oni V – Innin wo Tsugumono für Game Boy ist das fünfte und letzte Werk einer großartigen Rollenspielsaga, die von Banpresto veröffentlicht wurde. Die Software versetzt Sie in die Rolle eines jungen Kriegers, der sich auf drei Ebenen in einen Dämon verwandeln kann und die Gründe untersuchen muss, die dazu geführt haben, dass dämonische Kreaturen das Dorf angreifen. Sie bietet Ihnen ein Abenteuer voller Erkundungen und Kämpfe. Alle Hauptfiguren der anderen Werke sind anwesend. Wie bei den meisten Titeln des Genres erwartet Sie ein offener Modus mit zahlreichen Dörfern, die es zu retten gilt, und Dungeons, die von ihren bösen Präsenzen befreit werden müssen. Die Kämpfe finden rundenbasiert statt und ermöglichen es Ihnen, Geld zu verdienen, um in den Läden bessere Ausrüstung zu kaufen, sowie Erfahrungspunkte, die die Statistiken des Helden verbessern. Schlägereien finden allein oder in Gruppen gegen Horden von Feinden statt, die vom Spieler Strategie erfordern.
Onigashima Pachinkoten (Japan)	Ein Dämon, der aus dem Wunsch der Menschen nach Geld erschaffen wurde. Er eröffnete einen Pachinko-Salon und sagte: „Pachinko ist der beste Weg, Geld zu verdienen!“ Darüber hinaus begann er, mit missbräuchlichen Geschäften Geld zu verdienen, beispielsweise indem er gute Kunden an Pachinko-Automaten gefangen hielt. Die 18. Generation von Momotaro rettet die am Tisch gefangenen Diener und begibt sich auf eine Reise, um die Dämonen auszurotten.
Operation C (USA)	Operation C ist eine Game Boy Nachfolge der beliebten NES Titel Contra und Super C. Es ist im wesentlichen ein Shooter bei dem du einen Rambo ähnlichen Charakter verkörperst, der alles was ihm in die Quere kommt umschießt, Waffen Upgrades und Boni einsammelt. Das Spiel führt den Charakter der Black Viper in die oft durcheinandergebrachte Kontinuität der Serie ein. Black Viper kehrte später im Nintendo DS-Titel Contra 4 als Hauptschurke zurück. Das Spiel bietet nur fünf Level, von denen zwei aus einer Overhead-Perspektive ähnlich wie Super C gespielt werden. Die Operation C zeichnet sich auch durch die aufrüstbare Spread Gun (von drei auf fünf Schuss) und die Einführung der Hunter Gun aus. Es gibt auch gelegentliche Plattformelemente wie springende Puzzles, bewegliche Plattformen usw. und den obligatorischen Endgegner.
Othello (Europe)	Othello ist die Adaption des gleichnamigen Brettspiels. Jeder Spieler versucht, das Spielbrett mit möglichst vielen Scheiben seiner Farbe zu füllen. In jeder Runde legt der Spieler eine Scheibe auf das Spielbrett und wählt einen Ort aus, an dem die Scheiben des Gegners zwischen zwei seiner Scheiben gefangen werden. Die gefangenen Scheiben nehmen die Farbe des Spielers an. Das Spiel endet, wenn das Spielbrett gefüllt ist oder die Zeit abgelaufen ist, und der Spieler mit den meisten Scheiben seiner Farbe auf dem Spielbrett gewinnt. Es können zwei Spieler gegeneinander oder ein Spieler gegen den Computer spielen.
Othello World (Japan) (SGB Enhanced)	Othello World ist ein Puzzlespiel, das auf dem gleichnamigen Brettspiel basiert und dessen Prinzip darin besteht, Ihre Spielfiguren auf einem einfarbigen Spielfeld auf Feldern zu platzieren, auf denen sich die Spielfiguren des gegnerischen Spielers befinden, bis alle Felder besetzt sind oder keiner der Spieler dies schafft in der nächsten Runde spielen. Als Sieger gilt, wer als erster die meisten Spielfiguren auf dem Spielbrett hat. In dieser Version können Sie gegen einen zweiten Spieler spielen und die Dauer Ihrer Züge wählen. Das Spiel ist in mehrere Welten unterteilt, in denen es immer schwieriger werdende CPU-Gegner gibt, die ihren Ursprung in Märchen, Alice im Wunderland und den Werken von Shakespeare haben. Jede Welt hat fünf Gegner und wenn man drei von ihnen besiegt, wird die nächste Welt freigeschaltet. Das Spiel verfügt über Passwörter zum Fortfahren, die zwischen den Welten vergeben werden. Der letzte Gegner ist eine göttliche Figur namens Tamenori, benannt nach dem japanischen Meister Othello Hideshi Tamenori.
Otogibanashi Taisen (Japan) (SGB Enhanced)	Otogi Banashi Taisen ist ein von Sun L entwickeltes und von Yojigen veröffentlichtes Rollenspiel, das 1995 in Japan veröffentlicht wurde. In diesem Rollenspiel begibt sich der Protagonist mit Kintarou und anderen Freunden auf ein Abenteuer, um ein Märchen wiederherzustellen Der Inhalt wurde geändert. Der Kampf ist ein Befehlsauswahltyp für die Seitenansicht. Das Spiel ist ein kleines Rollenspiel mit kleinen Feldern und Dungeons, und die Tatsache, dass man beim Gehen plötzlich Gegenstände finden kann, ist eher beunruhigend und wenig überzeugend als aufregend. Auch die Bedeutung des Torii-Tors, an dem bei der Untersuchung Menschen und Feinde erscheinen, ist ein Rätsel. Unangenehm ist, dass man trotz tragbarem Spiel nur an Speicherpunkten speichern kann.
Otto's Ottifanten - Baby Bruno's Alptraum (Europe) (En,Fr,De,Es)	Baby Bruno hatte einen Albtraum! Ein Zauberer hat seinen Teddy Honk aufgelöst und er wird möglicherweise nie wieder gesehen. Nur Sie können ihm helfen, den Teddybären zu retten. Aber dafür brauchst du Baby Bruno, um den mysteriösen Zylinder zu betreten, wo du auf fiese Fallen, Hindernisse und Feinde triffst. Stürzen Sie sich ins Abenteuer und „knacken“ Sie ein Level nach dem anderen: Wandern Sie durch einen geheimen Wald, in dem jeder Baum ein Hindernis darstellt. Betreten Sie eine Burg voller Tricks und Fallstricke – und dringen Sie in den Kerker vor, in dem Honk gefangen ist.
Out of Gas (USA)	Sie fliegen im Weltraum umher, als Ihnen plötzlich der Treibstoff ausgeht. Das Spiel wird von oben nach unten gespielt. Das Gameplay ist nicht sehr weit von Asteroids entfernt, wo Sie der Pilot eines Schiffes sind und Level für Level abschließen müssen. In jedem Level besteht Ihr Ziel darin, Benzin zu bekommen, indem Sie auf die in den Levels verstreuten G-Zeichen schießen. In einigen Levels müssen Sie die Schilder in einer speziellen Reihenfolge abschießen. Die Level müssen rechtzeitig abgeschlossen werden und man muss auch auf feindliches Feuer achten.
Oyatsu Quiz Mogu Mogu Q (Japan) (SGB Enhanced)	Morgen ist ein lustiger Ausflugstag. Du bist ein Mädchen und bist gekommen, um einen Snack zu kaufen, aber du hast dein kostbares Geld verloren. Sie müssen zu dem Gebäude gehen, wo Sie eine große Süßigkeit erhalten können, wenn Sie das Quiz beantworten. Sie müssen zu dem Gebäude gehen, wo Sie die besten Süßigkeiten bekommen können. „Pocky“, „Rizos“, „Koala March“, „Choco Balls“ und 300 weitere beliebte Snacks nehmen an einem Wettbewerb teil! Beantworten Sie die von den sieben exklusiven Sachbearbeitern in den Bereichen Schokolade und Snacks vorgeschlagenen Tests und Sie werden mit hilfreichen Artikeln belohnt.
Pac-Attack (USA) (SGB Enhanced)	Pac-Attack basiert auf Namcos ausschließlich japanischem Arcade-Puzzlespiel Cosmo Gang the Puzzle und ähnelt vielen Block-Drop-Puzzlespielen aus dieser Zeit, wie zum Beispiel Puyo Puyo. Ziel des Spiels ist es, Geister zu platzieren und Pac-Man nach drei Teilen (die auch einen oder zwei Blöcke enthalten können) dazu zu bringen, so viele Geister wie möglich zu fressen, um das Spielfeld aufzuräumen. Die Richtung von Pac-Man wird zufällig zwischen links und rechts gewählt, aber wenn er sich auf dem Spielfeld bewegt (natürlich nachdem Sie ihn platziert haben), stößt er gegen einen Block oder eine „Wand“ auf dem Spielfeld seine Richtung ändern.
Pac-In-Time (USA) (SGB Enhanced)	In Pac-In-Time für den GameBoy begibt sich Pac Man auf ein Abenteuer durch Zeit und Raum. Hier geht es mal nicht ums fressen sondern ums Punkte sammeln. Nutze Pac´s einzigartige Fähigkeiten um das Ende jedes Levels zu erreichen!
Pac-Man (USA)	In einem der beliebtesten und einflussreichsten Spiele der 1980er Jahre, muss sich Pac-Man durch ein Labyrinth arbeiten, um dieses von den verschiedenen Punkten und Früchten zu befreien. Pac-Mans wird dabei ständig von vier Geistern herausgefordert: dem blauen Geist Bashful (Inky), dem roten Geist Shadow (Blinky), dem rosa Geist Speedy (Pinky) und dem orangefarbenen Geist Pokey (Clyde). Eine Berührung bedeutet für Pac-Man einen Verlust an Leben. Pac-Man kann seinen Verfolgern den Spieß umdrehen, indem er die vier Energizer im Labyrinth isst. Während dieser Zeit werden die Geister blau und Pac-Man kann sie für Bonuspunkte essen. Dies dauert nur eine begrenzte Zeit, da die Augen des Geistes zurück zu ihrer mittleren Box schweben und sich regenerieren, um Pac-Man erneut zu verfolgen. Überlebe ein paar Runden Gameplay und werde mit humorvollen Pausen zwischen Pac-Man und den Geistern verwöhnt.
Pachi-Slot Hisshou Guide GB (Japan) (SGB Enhanced)	Ein Pachislot-Spiel, das in voller Zusammenarbeit mit Pachislot Essential Guide, einem auf Pachislot spezialisierten Magazin, erstellt wurde. Das Spiel verfügt über sechs originale Pachislot-Automaten, die gegenüber den echten modifiziert wurden. Es ist voller nützlicher Informationen. Der Name der tatsächlichen Maschine erscheint nicht im Spiel, aber es scheint, dass diejenigen, die das Spiel verstehen, es verstehen können. Dies soll eine Strategie für Spielautomaten sein, kann aber auch auf echte Automaten angewendet werden. Sie können es im Zug spielen, dann zu einem Pachislot-Laden gehen und das echte Spiel spielen ... Es ist interaktiver und macht mehr Spaß als Strategievideos.
Pachi-Slot Kids (Japan)	Pachi-Slot Kids ist eines von mehreren Pachinko-Spielen für den Game Boy, die von Coconuts Japan entwickelt wurden. Darin steuert der Spieler George, einen kleinen Jungen, der davon träumt, Pachinko zu spielen, der aber noch nicht alt genug ist, um ein Pachinko-Casino zu betreten. Eines Tages stößt er auf einen alten, verstaubten Pachinko, den er mit nach Hause nehmen möchte. Nachdem er es gereinigt hat, kommt ein seltsamer alter Mann heraus und stellt sich dem kleinen Jungen vor. Es stellt sich heraus, dass es sich um eine Art wohlmeinenden Pachinko-Geist handelt, der anbietet, George seinen sehnlichsten Wunsch zu erfüllen. Doch ein Mann, der die ganze Szene gesehen hatte, brach in das Haus des Jungen ein, um seinen Fund mitzunehmen. George muss alles tun, um eines Tages sein Eigentum wiederzuerlangen, und das mit vielen Spielen an diesen japanischen Spielautomaten.
Pachi-Slot Kids 2 (Japan)	Pachi-Slot Kids 2 ist der zweite Teil der Pachi-Slot Kids-Reihe. Von nun an verfolgen wir die Geschichte von Maiko, einem kleinen Jungen, der von einer amerikanischen Mutter und einem japanischen Vater geboren wurde, dessen Mutter kürzlich starb. Während sie Maiko immer anvertraut hatte, dass ihr Vater kurz nach der Geburt ihres Kindes gestorben war, hinterließ sie nach seinem Tod ein Foto von sich, auf dem ihr in einer an Maiko adressierten Notiz mitgeteilt wurde, dass ihr Vater immer noch irgendwo in Japan lebt genießt unglaubliches Glück bei Pachinko. Maiko, jetzt allein, beschließt, sein Land nach Japan zu verlassen, in der Hoffnung, seinen Vater zu finden. Dazu muss er Pachinko probieren.
Pachi-Slot Kids 3 (Japan)	Jedes Jahr findet in Bitao City ein Pachislot-Turnier für Grundschulkinder statt. Doch jedes Jahr scheint sich nach den sechs Turniertagen ein mysteriöser Vorfall zu ereignen. Ein Mädchen namens Chocolat nimmt am Wettbewerb teil, aber es scheint, dass sie das nächste Opfer des jährlichen Vorfalls sein wird. Sie steuern den Jungen, der durch die Teilnahme an Pachislot-Spielen dieses Rätsel lösen kann. Sie können drei Modi genießen: einen Szenariomodus, einen Modus, in dem nur Pachislot gespielt wird, und einen Kampfmodus mit einem Computer. Es gibt acht Arten von Pachislot-Maschinen.
Pachi-Slot World Cup '94 (Japan)	Dies ist ein Pachislot-Spiel, bei dem Spieler an einem globalen Pachislot-Turnier teilnehmen und um den Sieg kämpfen. Es gibt auch einen Strategiemodus, in dem Sie mit jedem Modell spielen können, bis Sie zufrieden sind. Es ist überraschend zu wissen, dass Pachislot auch eine Weltmeisterschaft hat! Diese Art der kurzfristigen Motivation wird geschätzt, denn wenn Sie sich nicht wirklich für Pachislot interessieren, neigen Sie dazu, nachlässig zu spielen. Überraschenderweise kann man die Spulen auf dem LCD-Bildschirm gut erkennen. Auch das System ist gut organisiert.
Pachinko CR Daiku no Gen-san GB (Japan) (SGB Enhanced)	Ein Standard-Pachinko-Spiel, ähnlich wie Pachio-kun. Der Spieler nimmt an einem Pachinko-Turnier mit 8 Teilnehmern teil, bei dem drei Siege ausreichen, um ihn zu überwinden. Mit dieser Pachinko-Software können Sie die beliebte Pachinko-Maschine „Carpenter's Gen-san“ genießen. Das Spiel kann in zwei Modi gespielt werden: im kostenlosen Modus, in dem Sie frei spielen können, und im Turniermodus, in dem Sie versuchen können, ein Turnier zu gewinnen.
Pachinko Data Card - Chou Ataru-kun (Japan) (SGB Enhanced)	Das Wichtigste bei der Pachinko-Strategie... Es geht um Information und Analyse. Diese Software ist mit detaillierten Daten für die gängigsten Modelle ausgestattet, und Sie können auch Ihre eigenen Daten in den Game Boy eingeben, um Ihre eigenen Wohnzimmerdaten zu erstellen, Ihre Einnahmen und Ausgaben zu verwalten und viele andere Möglichkeiten zur Nutzung dieser Software zu nutzen. Es besteht kein Zweifel, dass Ihr Pachinko-Leben mit „Cho Ataru Comi“, ausgestattet mit verschiedenen Funktionen, zufriedenstellender wird.
Pachinko Kaguya Hime (Japan)	Dies ist nach Pachinko Saiyuki der dritte Teil der beliebten Pachinko-Geschichtenreihe. Prinzessin Kaguya hört auf, Pachinko zu spielen, um ihrer Ehe mit dem törichten Lord zu entkommen, und holt Hoshinoko ab. Die Person, die es versteht, muss verstehen, dass es üblich ist. Anscheinend sind die Nägel etwas zu weich, aber es ist genau die richtige Balance, um Stress abzubauen, wenn man wirklich locker ist. Dennoch ist diese Serie perfekt für den Game Boy, oder?
Pachinko Monogatari Gaiden (Japan) (SGB Enhanced)	Dies ist ein Pachinko-Spiel mit einem ungewöhnlichen Story-Modus, in dem Sie zum Manager eines Pachinko-Raums werden und über die Verwaltung des Raums nachdenken. Natürlich können Sie auch Pachinko und Pachislot spielen. Da es in diesem Spiel nur wenige Situationen, Szenarien und Elemente gibt, handelt es sich nicht um eine vollwertige Simulation, aber die Kostengünstigkeit und die einfache Spielbarkeit sind denen des Game Boy sehr ähnlich. Es handelt sich um eine einfache Simulation, die Sie schnell spielen können, ohne sich hinsetzen und Zeit nehmen zu müssen. Natürlich gibt es eine Möglichkeit, mit einer Pachinko-Maschine zu spielen, aber diese ist nicht sehr gut.
Pachinko Saiyuuki (Japan)	Das für Japan typische Kokosnuss-Pachinko-Spiel. Son Goku, der im vorherigen Spiel eine aktive Rolle spielte, wird aus Wut des Pazifisten in eine Pachinko-Maschine eingesperrt. Dann rettet ihn der Priester Sanzo und eine Geschichte im RPG-Stil beginnt. Der Feind, den es anzugreifen gilt, ist der Stierdämonenkönig. Wenn der verfluchte Außenposten gestoppt werden kann, wird die Straße nach Jersey geöffnet.
Pachinko Time (Japan)	Pachinko Time entführt Sie in den japanischen Pachinko-Wahnsinn, bei dem Sie zahlreiche Bälle auf ein stark vom Flipper inspiriertes Brett werfen müssen, um Behälter zu erreichen, die Punkte bringen. Das Spiel besteht aus 100 verschiedenen Tischen, an denen Sie jeweils eine bestimmte Punktzahl erreichen müssen, bevor Ihnen die Murmeln ausgehen. Jeder Bereich der Weltkarte des Spiels enthält eine unterschiedliche Anzahl von Tischen; Wenn Sie drei abgeschlossen haben, erhalten Sie Zugang zu neuen Bereichen voller neuer Tische.
Pachio-kun (Japan)	Pachio-kun ist der zweite Teil einer langen Reihe von Spielen für den Game Boy, der Pachinko Time vorausging. Dies ist ein Pachinko-Videospiel, das nur in Japan veröffentlicht wurde. Die Geschichte besagt, dass Pachio, die Hauptfigur, Ginko, der Tochter des großen Königs Pachinko, zu Hilfe eilte, die zuvor vom König von Animeland gefangen genommen worden war. Dazu müssen Sie sich an Pachinko versuchen.
Pachio-kun - Puzzle Castle (Japan)	Der bekannte Pachio-kun ist in einem Actionspiel aufgetaucht. Richten Sie die Blöcke horizontal und vertikal an der Gesichtsform der Figur aus, damit sie verschwinden. Zwei Spieler können gegeneinander spielen. Kombiniert die Ideen von Othello und Columns. Nehmen Sie sich beim Platzieren der Blöcke Zeit, mit dem Ziel, sie umzudrehen. Wenn Ihre Strategie erfolgreich ist, werden Sie lächeln. Dabei handelt es sich um ein statisches Spiel, das das genaue Gegenteil des reflexorientierten dynamischen Fallspiels der Puyo-Serie ist. Du kannst nicht anders, als zu lächeln. Denn die Frage ist hier. Bitte machen Sie keine Fehler.
Pachio-kun 2 (Japan)	Dies ist die zweite Game Boy-Version des Pachinko-Spiels mit Pachio-kun. Ziel des Spiels ist es, acht Maschinen auf dem Planeten Death Planet zu stoppen und Ginko-san vor einer unheilbaren Krankheit zu retten.
Pachio-kun 3 (Japan)	Pachio-kun 3 ist der vierte Teil der Pachio-kun-Reihe für Game Boy. Pachio muss nun alles tun, um Ginko zu heiraten und der Schwiegersohn des großen Königs Pachinko zu werden. Dafür gibt es nichts Einfacheres: Spielen Sie Spielautomaten! Diesmal besteht das Ziel darin, nach drei versteckten „Blumen“ zu suchen und gleichzeitig die Pachinko-Tische anzuhalten und zu zerstören, die Ihnen den Weg versperren.
Pachio-kun Game Gallery (Japan)	Die Pachio-kun Game Gallery ist eine Game Boy-Zusammenstellung der folgenden Spiele: Pachio-kun, Pachio-kun 2, Pachio-kun 3 und Pachio-kun Puzzle Castle. Insgesamt gibt es 24 verschiedene Pachinko-Plattformen.
Pagemaster, The (USA) (SGB Enhanced)	The Pagemaster wurde in Verbindung mit dem 1994 erschienenen Macaulay Culkin-Film (teils Action, teils Zeichentrick) veröffentlicht. Führen Sie Ihre Spielfigur durch eine Reihe von Levels, die auf thematischen Büchern basieren und von Horror- über Abenteuer- bis hin zu Fantasy-Welten reichen. Du kannst Magie einsetzen und Feinde zu Tode stampfen, indem du ihnen auf den Kopf springst. Zu den Gegnern gehören Fledermäuse, fliegende Bücher, Riesenhände, Geister, Piraten und viele mehr.
Painter Momopie (Japan)	In Painter Momopie hat der Spieler die wichtige Aufgabe, alle Böden im Schloss zu reinigen. Das Schloss ist in mehrere Räume unterteilt, die nacheinander innerhalb einer vorgegebenen Zeit fertiggestellt werden müssen. Diese Räume sind unterschiedlich gestaltet, mit offenen Räumen, engen Korridoren oder Sackgassen, und sie sind alle schmutzig. Um die Bodenfliesen zu reinigen, gehen Sie einfach darüber und wenn alle sauber sind, ist das Level abgeschlossen. Allerdings gibt es auch Geister, die durch die Räume wandern und den Spieler bei Berührung töten. Der Protagonist hat Zugang zu magischen Zaubersprüchen, die bestimmte Vorteile bringen. Jeder Zauber kostet eine bestimmte Anzahl an Magiepunkten.
Palamedes (Europe)	Das Ziel von Palamedes besteht darin, den Bildschirm freizuräumen, der sich Zeile für Zeile mit Würfeln füllt. Der Spieler steuert eine kleine Figur am unteren Bildschirmrand, die sich nur von links nach rechts bewegen kann und einen Würfel in der Hand hält, den er mit der B-Taste drehen und mit dem er auf die Würfel werfen kann, die vom oberen Bildschirmrand fallen Knopf A. Wenn der vom Spieler geworfene Würfel einen Würfel mit der gleichen Augenzahl berührt, verschwinden diese beiden Würfel.
Panel Action Bingo (USA)	Panel Actionn Bingo ist ein Strategiespiel auf GameBoy, das auf dem Prinzip von „Bingo Loto“ basiert. Der Spieler kontrolliert einen Vogel, der einer Katze gegenübersteht, auf einer einzelnen Bingokarte und muss eine Reihe, eine Spalte oder eine Diagonale haben, um ein BINGO zu bilden und das Spiel zu gewinnen. Da der Vogel und die Katze nicht das gleiche Feld haben können, müssen Sie damit rechnen, schnell die richtigen Felder zu beanspruchen.
Panel no Ninja Kesamaru (Japan)	Panel no Ninja Kesamaru auf dem Game Boy ist ein Puzzlespiel mit festem Bildschirm, das 1992 exklusiv in Japan veröffentlicht wurde. Es ermöglicht Ihnen, in die Rolle eines kleinen Ninja zu schlüpfen, der den Weg aus jeder Stufe finden muss. Dazu kann er die Plättchen, auf denen er läuft, umdrehen, um sich seinen Weg zu bahnen und Boni, den Schlüssel sowie die Ausgangstür zu finden. Es geht darum, die optimale Route zu finden und Fallstricke und Abgründe zu vermeiden.
Paperboy (USA, Europe)	Das Ziel von Paperboy ist es, Papiere an Ihre Kunden zu liefern und gleichzeitig den Häusern Ihrer Nichtkunden größtmöglichen Schaden zuzufügen. Erschwerend kommt hinzu, dass Ihnen zahlreiche Hindernisse im Weg stehen, darunter Bauarbeiter, gefährliche Reifen, Skateboarder, Hunde und Katzen, Autos und gelegentlich sogar ein Tornado.
Paperboy 2 (USA, Europe)	Du bist ein Zeitungsjunge. Steigen Sie auf Ihr Fahrrad. Vermeiden Sie Hindernisse auf der Straße, wie Hunde, Autos und im Grunde alles, was Sie sich vorstellen können. Verdammt, manche Leute schießen mit Kanonenkugeln auf dich! Und achten Sie am besten darauf, nur die richtigen Häuser mit Papieren zu bewerfen! (Und bei Leuten macht das Spaß :)
Parasol Henbee (Japan)	Wenn du durch deine Feinde Schaden erleidest, verlierst du Energie: Deine Bewegungsgeschwindigkeit und deine Sprungfähigkeit nehmen ab. In diesem Zustand wird es sehr schwierig sein, das Spiel fortzusetzen. Glücklicherweise kann die Hauptfigur „Henbe“ „Gegenstände“ wie zum Beispiel Reisbällchen und Äpfel essen, um ihre Kräfte zu erhalten. Verwenden Sie Ihren Regenschirm, um im Verlauf des Spiels Hindernissen auszuweichen.
Parasol Stars - Rainbow Islands II (Europe)	Parasol Stars: The Story of Rainbow Island II ist ein Action-/Adventure-Spiel, das 1991 für den GameBoy veröffentlicht wurde. Dies ist die dritte Episode der Bubble Bobble-Reihe. Im Gegensatz zu Bubble Bobble und Rainbow Islands wurde das Spiel nicht in Spielhallen veröffentlicht. In diesem neuen Abenteuer müssen Bub und Bob, die ihre menschliche Gestalt aus der vorherigen Episode beibehalten haben, mithilfe ihres multifunktionalen magischen Regenschirms in 70 Levels den schrecklichen „Chaostikahn“ besiegen und Feinde loswerden.
Parodius (Europe)	Dabei handelt es sich größtenteils um eine Parodie auf Gradius (auf manchen Systemen Nemesis), mit etwas Anklang an andere Shoot-em-Ups wie Twinbee. Die Serie ist auf zahlreichen Plattformen verfügbar. Das Spiel ist ein von rechts nach links scrollendes Shoot-Em-Up. Sie können aus 4 verschiedenen fliegenden Kreaturen mit unterschiedlichen Waffen wählen. Sie müssen 7 Abschnitte abschließen, von denen jeder am Ende einen Boss hat. Sie können bei beiden beginnen, müssen aber jedes Level abschließen, um zur letzten Stufe zu gelangen.
Peetan (Japan)	Peetan ist ein Puzzlespiel, bei dem Sie als Huhn spielen können. Dieses Geflügel hat die edle Aufgabe, seine Küken aus den Fängen eines Wolfes zu retten. Dazu müssen Sie Eier auf Plattformen legen, die die kleinen gelben Kreaturen durch eine Pendelbewegung ausstoßen. Wir müssen schnell handeln, bevor sie verschlungen werden. Es ist möglich, das Raubtier zu betäuben, indem man Eier direkt darauf legt. Die Software unterbricht die verschiedenen Tische mit Bonusphasen, in denen Sie Eier einsammeln müssen, die aus verschiedenen Rohren fallen.
Peke to Poko no Daruman Busters (Japan)	In diesem Spiel müssen Blöcke von links nach rechts und umgekehrt bewegt werden, um sie zu zerstören und die Kreatur in die Mitte des Bildschirms fallen zu lassen. Bei Kontakt verschwinden nur ähnlich aussehende Blöcke. Je mehr Level der Spieler abschließt, desto höher steigt der Schwierigkeitsgrad. In den Optionen ist es möglich, die Art der Musik, die Spielgeschwindigkeit und den anfänglichen Schwierigkeitsgrad zu konfigurieren.
Penguin Land (Japan)	In Penguin Land musst du einen Pinguin steuern, der versucht, sein Ei auf den Boden des Levels zu bringen, während du dich durch das Eis durchschlägst, um dorthin zu gelangen. Spezielle Eier- und Pinguinblöcke können die Sache erleichtern, während Eisbären und herabfallende Felsen Sie mit Sicherheit aufhalten werden.
Penguin Wars (USA)	Sind Sie bereit, sich ein paar tierische Possen zu gönnen? Um mit einigen lebenslustigen Charakteren zu konkurrieren? Dann ist PENGUIN WARS das richtige Spiel für Sie! Die Action hört nie auf, wenn Sie versuchen, zehn Bälle über das Spielfeld zu rollen, während Ihr verrückter Gegner dasselbe versucht. Pitcht sie! Weiche ihnen aus! Sie werden keine Sekunde zum Ausruhen haben, sobald dieses Spiel beginnt!
Penta Dragon (Japan)	Penta Dragon ist eine Action-Software für den Game Boy. Letzteres versetzt Sie in die Lage eines drakonischen Kriegers, der im Shoot'em-Up-Stil zahlreiche Wellen von Feinden eliminieren muss. In diesem Top-View-Titel gilt es, zahlreiche Tränke zu sammeln, um sich selbst zu heilen oder die verschiedenen Kraftboni zu sammeln. Dadurch können Sie die Feuerkraft variieren und erhöhen, um allen Kreaturen entgegenzutreten, den harmlosesten ebenso wie den schrecklichsten Bossen.
PGA European Tour (USA, Europe) (SGB Enhanced)	PGA European Tour für den GameBoy! Das Golf Turnier kommt nach Europa! Fröhne dem Rasensport im aufwendig produzierten PGA European Tour für den GameBoy. 5 Kurse und 60 europäische Profis stehen zur Auswahl. Sei die Nummer eins! Bleib unter Par! PGA European Tour für den GameBoy!
PGA Tour 96 (USA, Europe) (SGB Enhanced)	PGA Tour 96 für den Game Boy ist der zweite und letzte Teil der EA Sports-Golfserie für Nintendos Handheld-Konsole, nach PGA European Tour. Im Vergleich zu anderen Versionen bietet es eine andere Auswahl an Spielmodi, lizenzierten Golfspielern und Golfplätzen und hat auch einen eigenen Grafikstil. Das Spiel umfasst fünf lizenzierte Golfplätze: Avenel, Woodlands, Scottsdale, Summerlin und Sawgrass. Die verfügbaren Spielmodi sind „Practice“, „Tournament“ und „Skins Challenge“. Es können bis zu zwei Spieler spielen, wobei beliebige Kombinationen aus menschlichen Spielern und KI-Spielern möglich sind. Zwei menschliche Spieler können abwechselnd auf einem Game Boy spielen, und es ist auch möglich, KI-Spielern beim Spielen zuzusehen.
Picross 2 (Japan) (SGB Enhanced)	Picross 2 ist die Fortsetzung des Game Boy-Puzzlespiels Mario's Picross, das nur in Japan veröffentlicht wurde. Ihr Ziel ist es, das verborgene Bild in jedem Gitter freizulegen, indem Sie die richtigen Quadrate abziehen. Hinweise an den Rändern des Gitters helfen Ihnen zu bestimmen, welche Quadrate abgeschnitten und welche in Ruhe gelassen werden sollten. Die Rätsel sind viel anspruchsvoller als die in Marios Picross – die einfachen Rätsel bestehen aus einem 15x15-Raster, während die Standard-Picross-Rätsel aus vier miteinander verbundenen 15x15-Rätseln bestehen und Abschnitt für Abschnitt gelöst werden.
Pierre le Chef is... Out to Lunch (Europe)	Betreten Sie eine verrückte Welt, in der die Elemente der internationalen Küche ein Rezept für eine Katastrophe bilden! Die Zutaten, die Sie für köstliche Zubereitungen benötigen, sind Amok gelaufen ... Sie müssen sie jagen und einsammeln, bevor sie Hackfleisch aus Ihnen machen! Jedes der mehreren Level ist an einem exotischen Ort angesiedelt, wo Sie eine spezielle Zutat finden, die für die Vervollständigung jedes Gerichts erforderlich ist.
Pinball - Revenge of the 'Gator (USA, Europe)	Pinball: Revenge of the Gator ist eine rasante Flipper-Simulation, die einen Tisch voller Tricks und Fallen im perfekten Taschenformat bietet. Es gibt vier scrollende Bildschirme und drei Bonus-Level, an denen du dich festbeißen kannst. Befördere den Ball an bestimmte Stellen, um Extrakugeln und Multiplikatoren zu erhalten. Aber lass die Kugel nicht durch, sonst wird sie vom hungrigen Alligator verschlungen. Du kannst dir auch einen Freund schnappen und im Zweispieler-Modus abwechselnd um den Highscore spielen.
Pinball Deluxe (Europe)	Pinball Deluxe kombiniert die Tische von Pinball Dreams und Pinball Fantasies auf einer Kassette. Diese Flipperspiele wurden ursprünglich auf Commodore Amiga veröffentlicht, aber später auf andere Systeme portiert. Bei Pinball Deluxe für den GameBoy können Sie zwischen sieben Tischen wählen.
Pinball Dreams (USA, Europe)	Das erste einer Reihe von Flipperspielen von 21st Century und Digital Illusions mit vier Tischen zu Themen wie dem Wilden Westen für Steel Wheel, Weltraumraketen für Ignition, einem verwunschenen Friedhof für Nightmare und Popmusik für Beat Box. Die tragbaren Versionen für Game Boy und Game Gear verfügen nur über drei der vier ursprünglichen Tische, da Beat Box entfernt wurde.
Pinball Fantasies (USA, Europe)	Nach dem Erfolg von Pinball Dreams auf mehreren Systemen wurde eine Fortsetzung mit vier neuen Tischen erstellt. Das Gameplay ist im Wesentlichen das gleiche wie im ersten Spiel, mit realistischer Physik, Mehrspieler-Optionen und einer Highscore-Tabelle. Die Tische sind Partyland, Speed Devils, Billion Dollar Gameshow und Stones 'n' Bones, darunter ein Vergnügungspark, Rennwagen, eine kitschige Spielshow und ein Friedhof. Jeder hat eine Reihe von Rampen, Combos, Lichtsequenzen und Ziele zum Abschießen sowie allgemeine Themen, die weniger von echten Tischen beeinflusst werden als die in Pinball Dreams.
Pinball Mania (Europe)	Digital Illusions war am vierten Titel der Flipper-Serie von 21st Century nicht beteiligt, diese Version wurde stattdessen vom erfahrenen Flipper-Spielehersteller Spidersoft entwickelt. Es werden vier Flipper-Tische vorgestellt: Kick Off dreht sich um Fußball, Jail Break spielt in einem Gefängnis, Tarantula spiegelt den Namen und das Logo von Spidersoft wider, da es eine wuchernde Spinne zeigt, und Jackpot dreht sich um Glücksspiel. Es gibt eine Reihe von Lichtern, die aktiviert werden müssen, Rampen, um den Ball durchzuleiten, und Flipper, um ihn im Spiel zu halten. Multiball kann auf bestimmte Arten aktiviert werden, um einen zweiten Ball ins Spiel zu bringen. Die Flipper sind nicht so stark wie in früheren Spielen der Serie.
Pingu - Sekai de 1ban Genki na Penguin (Japan)	Willkommen bei „Pingu“ für den Gameboy, veröffentlicht von B-AI im Jahr 1993. Pingu ist eine britisch-schweizerische Stop-Motion-Knetanimation, die auf der ganzen Welt bekannt ist. Es ist ein bisschen wie ein Lieblingsfilm von Shaun das Schaf, mit dem Fehlen einer erforderlichen Sprache, was ihn in allen Regionen beliebt macht. Pingu ist ein Pinguin, der mit seiner Familie und seinen Freunden in der Antarktis lebt. Normalerweise erzählen sie Geschichten über Fische, aber Pingu ist ein kleiner Junge und lässt sich auf alle möglichen Abenteuer ein. Das Spiel wurde nur in Japan veröffentlicht, aber die Story-Elemente müssen nicht verstanden werden, sodass auch nicht-japanische Spieler es problemlos spielen können. Das Spiel richtet sich an ein junges Publikum.
Pinocchio (USA)	Reisen Sie als Geppetto, die lebende Holzpuppe des Zimmermanns, Pinocchio, wie er es in seinem Disney-Animationsfilm tat, der selbst auf einem Kinderroman basierte. Lassen Sie Pinocchio durch alle vertrauten Orte rennen, springen und treten, einschließlich des Inneren eines Wals, und tun Sie genug gute Taten, um der echte Menschenjunge zu werden, der er schon immer sein wollte. Ein Standard-Disney-Plattformer.
Pipe Dream (USA)	In jedem Level dieses abstrakten Puzzlespiels muss der Spieler ein Netzwerk aus Rohren aufbauen, damit eine nicht näher bezeichnete Substanz namens „Flooz“ durch so viele Rohre wie möglich fließen kann. Die Stücke werden in zufälliger Reihenfolge angeboten, und es gibt sieben verschiedene Arten – gerade Linien, die horizontal oder vertikal verlaufen, Ecken, die sich in jede der vier Richtungen drehen, und überkreuzte Stücke, die den Boden horizontal und vertikal gerade überqueren. Jeder davon kann von beiden Seiten betreten werden. Wenn der Schlauch auf eine Lücke oder ein Stück trifft, in das das vorherige Stück nicht fließen kann, ist das Rohr fertig.
Pit-Fighter (USA, Europe)	Pit-Fighter ist ein 3rd-Person-Kampfspiel mit digitalisierten Grafiken von echten Kämpfern und Zoom-Effekten. Die Spieler wählen einen von drei Kämpfern (Buzz, Ty oder Kato), um gegen jeden anzutreten, der es wagt. Am Ende eines Kampfes erhalten die Spieler individuell einen K.o.-Bonus, einen Brutalitätsbonus und eine Kampftasche. Jeder dritte Kampf ist ein Grudge Match, bei dem die Spieler die Fähigkeiten des anderen testen. Der letzte Überlebende ist der Gewinner dieses Kampfes mit drei Knockdowns. Die Spieler kämpfen sich zum Eliminationsmatch durch, um zu entscheiden, wer die Gelegenheit gewinnt, den Champion, den Masked Warrior, zu entthronen.
Play Action Football (USA)	Spielen Sie Action Football auf dem GameBoy, einem American-Football-Spiel, bei dem Sie zwischen 8 Teams wählen können, die aus echten Spielern der Football-Saison 1989 bestehen. Ihr Ziel wird es sein, Spiele zu gewinnen und so den Power Bowl zu gewinnen.
Pocahontas (USA, Europe) (SGB Enhanced)	Pocahontas für den Gameboy ist ein Jump'n'Run-Spiel, das auf dem Film von Walt Disney basiert. Der Spieler schlüpft in die Rolle von Pocahontas, die zusammen mit ihrem Freund Meeko alles tun muss, um die gefährdeten Tiere zu retten. Mit der Kraft des &quot;Tiergeistes&quot; ausgestattet, muss die Indianerin den Krieg zwischen ihrem Volk und den Männern von John Smith verhindern, indem sie mehrere Levels durchläuft, die der Handlung des Films folgen.
Pocket Bass Fishing (Japan)	Genießen Sie uneingeschränktes Angeln in gemächlichem Tempo. Dies ist ein Spiel, bei dem der Gewinner unter bestimmten Bedingungen alles bekommt. Ihre Gegner sind die gleichen 12 Spieler, die Sie kennen und lieben. Treten Sie in einem Turnier gegen andere Charaktere an, um in 8 Stunden die meisten 5 Barsche zu fangen. Versuchen Sie, der Gewinner zu sein.
Pocket Battle (Japan)	Pocket Battle ist ein Strategie- und Rollenspiel, eine Comic-Simulation, die kleine Männer in einer Fantasiewelt zeigt. Sie nutzen Krieger und Mönche, um Ihr Territorium zu erweitern. Charakterdesign von Gen Sato. Das Spiel implementiert ein Gruppensystem ähnlich dem von Dragon Quest. Es verfügt über einen Einzelspieler-Kampagnenmodus mit zehn Kapiteln, einen Freispielmodus sowie Zwei-Spieler-Funktionalität über ein Kommunikationskabel.
Pocket Bomberman (Europe) (SGB Enhanced)	Im Gegensatz zur Draufsicht anderer Bomberman-Titel bietet Pocket Bomberman ein seitlich verlaufendes Plattform-Gameplay. Wie bei anderen Bomberman-Spielen muss Bomberman alle Feinde in jedem Level besiegen, um weiterzukommen. Das Spiel bietet insgesamt 5 Welten mit 25 Levels. Jede Welt folgt einem anderen Thema, darunter Wald, Unterwasser, Wolkendecken und eine dunkle Unterwelt. Am Ende jeder Welt gibt es einen Bosskampf. Es gibt ein Minispiel namens Jump Mode, in dem die Spieler Bomberman durch einen einfachen, mittleren oder schweren Parcours führen müssen. Bomberman springt ständig und der Spieler kann in diesem Modus nur Bomben platzieren.
Pocket Densha (Japan) (SGB Enhanced)	Der perfekte Zugsimulator für Fahrten im und außerhalb des Zuges, auch für die Kleinsten! Du bist Lokführer, der Traum eines jeden Kindes und Erwachsenen, und du fährst nicht nur auf den Schienen, du musst die Zeit, die Geschwindigkeit und viele andere Dinge respektieren. Nutzen Sie Ihre Fähigkeiten, um den Zug so schnell fahren zu lassen, wie Sie möchten.
Pocket Family GB (Japan) (SGB Enhanced)	Sie sind Hausbesitzer und müssen sich um eine Idiotenfamilie kümmern, die in Ihr Haus eingezogen ist. Kümmere dich um sie und sie werden zur besten Familie heranwachsen, die du je gekannt hast. Es stehen über 200 Charaktere zur Auswahl – führen Sie Ihre Familie und verwandeln Sie sie in großartige Charaktere!
Pocket Golf (Japan)	Pocket Golf ist ein Golfspiel für Game Boy (Pocket), das für Schläge und Putts aus großer Entfernung ausschließlich die Top-Down-Perspektive verwendet. Das Spiel unterstützt den Einzelspielermodus, in dem Sie Ihre Fähigkeiten in einem 1-gegen-1-Spiel oder Turnier gegen einen KI-Spieler testen können, und den 2-Spieler-Modus über Link Cable, in dem Sie im Matchplay-Modus oder Zählspiel gegeneinander antreten können. Während der Golfplatz den größten Teil des Bildschirms einnimmt, werden auf der rechten Seite Ihr Charakter und die Kraft angezeigt, mit der Sie den Ball schlagen, sowie eine Übersicht über das aktuelle Loch oder die Windrichtung, den ausgewählten Schläger und eine Art Gelände Ihr Ball ist gerade eingeschaltet.
Pocket Kanjirou (Japan) (SGB Enhanced)	Haben Sie keine Angst vor der Kanji-Prüfung, ab heute sind Sie ein Kanji-Arzt! Mit dem Taschendrucker können Sie Aufkleber mit Kanji-Zeichen erstellen. Dieses Buch enthält alle Informationen, die Sie über die 1006 Zeichen wissen müssen, die Sie in der Grundschule lernen werden. Wir bringen Ihnen alle Bedeutungen, Texturen und Beispiele von Wörtern bei. Es gibt sogar eine Animation zur Strichreihenfolge. Der Bombentest ist hart! Wenn Sie einen Taschendrucker haben, können Sie alle Arten von Schriften und Zeichen drucken. Oh, und vergiss es nicht. Sie können das Kommunikationskabel sogar nutzen, um um Bewertungen zu kämpfen!
Pocket Kyoro-chan (Japan) (SGB Enhanced)	Kyoro-chan, bekannt für Morinagas Choco Ball, hat endlich ihren Auftritt auf dem Game Boy. Durch die Kommunikation mit dem freundlichen Kyoro-chan können Sie Freundschaften mit den einzigartigen Charakteren schließen, die im Spiel auftauchen, verschiedene Events abschließen und die lustigen und aufregenden Minispiele ausprobieren, die Ihnen nur Kyoro-chan bieten kann. Bei so vielen lustigen Dingen, die es zu tun gibt, werden Sie sehr zufrieden sein!
Pocket Love (Japan) (SGB Enhanced)	Pocket Love für Game Boy ist ein Simulationsspiel, das Sie in die Lage eines Oberstufenschülers im zweiten Jahr versetzt. Alles beginnt am ersten Schultag, dem 14. April, und endet an Weihnachten, wenn Sie am 25. Dezember einer der Heldinnen des Spiels Ihre Liebe erklärt haben. Zu Beginn jeder Woche sollten Sie zwei Aktivitäten/Themen auswählen, an denen Sie arbeiten und die Sie an jedem Tag verbessern möchten. Die ausgewählte Aktivität erhöht die entsprechenden Statistiken (z. B. erhöht das Lernen Ihr Wissen, während die Reinigung Ihres persönlichen Bereichs Ihr Hygieneniveau verbessert).
Pocket Love 2 (Japan) (SGB Enhanced)	Pocket Love 2 ist ein Liebesleben-Simulationsspiel, das auf das erste Werk folgt, das ebenfalls auf dem Nintendo-Laptop veröffentlicht wurde. Diese Fortsetzung spielt zwei Monate nach den Ereignissen des Vorgängers und erhöht den Schwierigkeitsgrad. Dann ist es schwieriger, ein Happy End zu bekommen. Darüber hinaus behält Pocket Story 2 die Charaktere aus dem ersten Teil bei, achtet aber darauf, neue Heldinnen für neue Lieben hinzuzufügen.
Pocket Mahjong (Japan)	Pocket Mahjong ist die ultimative Version eines virtuellen Mahjong-Spiels, das Ihnen den Nervenkitzel eines echten Spiels bietet! Sowohl Kinder als auch Erwachsene können jederzeit und überall den Spaß am Mahjong genießen.
Pocket Monsters - Midori (Japan) (SGB Enhanced)	Pocket Monsters Grün (Poketto Monsuta Midori) erschien zusammen mit Pocket Monsters Aka (Poketto Monsuta Aka) in Japan. Die Spiele erschienen niemals außerhalb Japans. Die japanischen Spiele Midori und Aka unterscheiden sich etwas gegenüber der Blauen Edition und der Roten Edition, die in Europa und den USA erschienen. Die westlichen Versionen basieren auf der japanischen Spezialfassung Ao, welches das dritte Pokémon-Spiel ist, das in Japan erschien. Diese Version wurde noch etwas verbessert gegenüber Midori und Aka.
Pocket Puyo Puyo Tsuu (Japan) (SGB Enhanced)	Dies ist die Game Boy-Version des berühmten „Puyo Puyo Dori“. Neben drei verschiedenen Modi, darunter Toton Puyo Puyo, können Sie auch ein Vier-Spieler-Spiel mit zwei Computern und zwei Menschen spielen. Sie können auch gegen zwei Computer und zwei Menschen spielen. Das Ziel besteht darin, vier gleichfarbige Puyos einander berühren zu lassen, damit sie verschwinden. Wenn andere Puyos derselben Farbe damit verbunden sind, verschwinden diese ebenfalls. Es ist möglich, zu zweit zu spielen und den Gegner durch Mehrfachkombinationen zu behindern. Im Story-Modus können Sie Arle anführen, der gegen zahlreiche Feinde kämpfen muss.
Pocket Shougi (Japan) (SGB Enhanced)	In Pocket Shogi haben Sie die Möglichkeit, in Shogi-Spielen gegen 12 verschiedene Gegner anzutreten. Als Gegner können Sie 12 Charaktere unterschiedlicher Schwierigkeitsgrade auswählen. Das Spiel kann auch mit Vorgaben wie „fliegendes Auto“ oder „Quadrat“ gespielt werden. Am Ende jedes Spiels können Sie den Fortschritt des gespielten Spiels nur einmal verfolgen.
Pocket Stadium (Japan)	Dies ist das erste Baseball-Simulationsspiel für den Game Boy und nicht voller Action. Beim Werfen gibt der Fänger Anweisungen zur Art und Flugbahn des Balls, und beim Schlagen muss der Spieler vorhersagen, auf welchen Ball er zielen soll, und dabei den Schwerpunkt auf die Taktik legen. Jeder Pitcher hat eine begrenzte Auswahl an Würfen, die er werfen kann, und jeder Schlagmann hat eine andere Bandbreite an Vorhersagen.
Pokemon - Blue Version (USA, Europe) (SGB Enhanced)	Der stille Held der Roten Edition und der Blauen Edition ist ein Junge aus Alabastia (Masara Town, engl.: Pallet Town). Nachdem er alleine die Stadt verlassen will, warnt eine Stimme den Spieler, zu stoppen. Professor Eich, ein berühmter Pokémon-Forscher, erklärt dem Spieler, dass viele wilde Pokémon da draußen leben, und dass es deshalb gefährlich sei alleine da &quot;raus&quot; zu gehen. Er nimmt den Spieler mit in sein Labor, wo dieser Eichs Enkel kennenlernt, der ebenfalls ein Pokémon-Trainer werden möchte. Der Spieler und sein Rivale werden beide dazu aufgefordert, sich ein Starter-Pokémon (Glumanda, Schiggy oder Bisasam) auszusuchen. Der Rivale fordert den Spieler danach zu einem Kampf mit den gerade erhaltenen Pokémon heraus. Dies wird er im Spielverlauf noch öfter tun.
Pokemon - Red Version (USA, Europe) (SGB Enhanced)	Der stille Held der Roten Edition und der Blauen Edition ist ein Junge aus Alabastia (Masara Town, engl.: Pallet Town). Nachdem er alleine die Stadt verlassen will, warnt eine Stimme den Spieler, zu stoppen. Professor Eich, ein berühmter Pokémon-Forscher, erklärt dem Spieler, dass viele wilde Pokémon da draußen leben, und dass es deshalb gefährlich sei alleine da &quot;raus&quot; zu gehen. Er nimmt den Spieler mit in sein Labor, wo dieser Eichs Enkel kennenlernt, der ebenfalls ein Pokémon-Trainer werden möchte. Der Spieler und sein Rivale werden beide dazu aufgefordert, sich ein Starter-Pokémon (Glumanda, Schiggy oder Bisasam) auszusuchen. Der Rivale fordert den Spieler danach zu einem Kampf mit den gerade erhaltenen Pokémon heraus. Dies wird er im Spielverlauf noch öfter tun.
Pokemon - Yellow Version - Special Pikachu Edition (USA, Europe) (CGB+SGB Enhanced)	Die Handlung und die Spielmechanik der Gelben Edition ist weitestgehend dieselbe wie in der Roten Edition und der Blauen Edition, bietet aber auch einige Änderungen auf, die das Spiel der Animeserie (Pokémon (Anime)) näherbringen. Wie Ash Ketchum im Anime erhält auch der Spieler Pikachu als sein Start-Pokémon.
Pokonyan! - Yume no Daibouken (Japan) (SGB Enhanced)	Ein seitlich scrollendes Abenteuer-Plattformspiel, in dem Sie Poconyan steuern, ein seltsames waschbärenähnliches Tier, das Hindernissen ausweichen und Feinde töten muss, um alle Level des Spiels zu beenden.
Ponta to Hinako no Chindouchuu - Yuujou Hen (Japan)	Ausgestattet mit horizontalem Scrollen ermöglicht uns die Software, als Waschbär in Begleitung eines kleinen Vogels zu spielen. Beide müssen durch geistlose psychedelische Universen reisen, um zu versuchen, die böse Macht zu besiegen, die in ihnen wohnt. Um sich zu verteidigen, besitzt das Tier einen Fächer, den es gegen seine Feinde schwingt. Wenn es getroffen wird, versucht der Vogel es zu retten, um zum Angriff zurückzukehren. Die Level enden mit dem traditionellen Bosskampf. Ponta zu Hinako no Chindouchuu: Yuutou Hen verfügt über ein Passwortsystem, um den Fortschritt zu speichern.
Pop'n TwinBee (Europe)	Pop'n Twinbee ist eine neue Episode der Twinbee-Saga, die erstmals 1986 unter dem Namen Stinger erschien. Du steuerst die beiden Schiffe Twinbee und Winbee zusammen mit einem Freund und musst einem kleinen Mädchen helfen, dessen Vater ein Wissenschaftler ist, der den Verstand verloren hat und versucht, die Welt zu erobern. Um ihre Waffen zu verbessern, musst du auf die erscheinenden Glocken schießen und sie einsammeln, wenn die Farbe mit der gewünschten Rakete übereinstimmt.
Popeye (Japan) (En)	Popeye ist ein 1990 exklusiv in Japan veröffentlichtes Puzzlespiel. In verschiedenen Szenen schlüpfst du in die Rolle des berühmten Spinat-Essers. Das Ziel besteht darin, Olive und dann die kleine Mimosa in Labyrinthen zu finden. Sie müssen aufpassen, dass Sie weder Brutus in die Quere kommen, der versucht, Sie in die Enge zu treiben, noch Gontran, der den Boden mit Hamburgern übersät und Ihnen den Weg versperrt. Glücklicherweise stehen in jeder Etappe Spinatdosen zur Verfügung, die Ihnen dabei helfen, sich gegen diesen Tyrannen zu wehren und sich so Ihrem geliebten Menschen anzuschließen.
Popeye 2 (USA)	Popeye 2 auf dem Game Boy ist ein Plattformspiel mit klassischem Gameplay, in dem der Spieler die berühmte Figur Popeye spielt. Olive, Popeyes Frau, hat eine Schatzkarte gefunden. Unsere beiden Turteltauben machen sich dann auf den Weg, um den Meeren zu trotzen, bis Brutus eintrifft: der ewige große Bösewicht, der Olive entführt und die Schatzkarte stiehlt.
Populous (Europe)	Populous auf dem Game Boy ist ein Strategiespiel, das Sie im Auftrag des Schöpfers vorschlagen können. Kommandiere eine Zivilisation und wehre dich gegen die Bevölkerung, die ihr Schicksal bedroht. Als Dieu konnten Sie über 500 Monate lang Reliefs in Ihrem Land modellieren, ihre Truppen befehligen, Ihre Truppen befehligen und Helden herstellen, um die Massen zu beeinflussen usw.
Power Mission (USA)	Power Mission ist ein rundenbasiertes Strategiespiel, das auf hoher See spielt. Beide Spieler wählen eine von fünf Flotten, die aus Kombinationen von acht verschiedenen Einheiten bestehen. Die verschiedenen Arten von Einheiten haben unterschiedliche Eigenschaften wie Angriffsstärke oder Reichweite. Zu Beginn einer Schlacht platzieren beide Kontrahenten ihre Einheiten auf ihrer eigenen Hälfte des Schlachtfelds. Dann haben sie in jeder Runde eine bestimmte Anzahl von Zügen zur Verfügung, die sie zum Bewegen der Einheiten, zum Auskundschaften oder zum Angreifen nutzen können. Die Position der gegnerischen Einheiten ist unbekannt, bis eine eigene Einheit in Reichweite ist und ihr Radar einsetzt. Das Ziel ist es, die gegnerische Flotte vollständig zu zerstören. Im Einzelspielermodus müssen alle elf Karten der Reihe nach durchgespielt werden.
Power Pro GB (Japan) (SGB Enhanced)	Power Pro GB ist ein Baseballspiel, in dem die sympathischen &quot;Pawapuro&quot;, die kleinen, pummeligen Baseballspieler, die in allen Episoden vorkommen, die Hauptrolle spielen. Das Spielprinzip ist klassisch, aber äußerst präzise. Im Angriff muss man sich positionieren und ein gutes Timing haben, um einen guten Schlag zu landen. Vor dem Schlagmann wird ein Rechteck angezeigt, das den Bereich abgrenzt, in dem der Pitcher den Ball platzieren kann, ohne dass er ein Foul begeht, und ein kleines Quadrat, das wie ein Visier die Stelle anzeigt, an der man schlagen wird. Am oberen Bildschirmrand befindet sich eine Spiegelansicht, in der der Schlagmann von vorne und der Fänger der gegnerischen Mannschaft von hinten zu sehen ist: Man muss beobachten, wo der Fänger seinen Handschuh platziert, um eine Vorstellung davon zu bekommen, wohin der Werfer werfen wird. In der Verteidigung müssen Sie rennen, tauchen und den Ball schnell zurückwerfen, um die Gegner zu eliminieren, die den Ball getroffen haben.
Power Racer (USA)	Power Racer ist ein Rennspiel mit vielen Pac-Man-Elementen. Sie steuern ein kleines Auto, das verschiedene Pellets einsammeln muss, während Sie vermeiden, das gegnerische Auto zu treffen, das in die entgegengesetzte Richtung fährt, alles in der Draufsicht.
Prehistorik Man (USA, Europe)	In „Prehistorik Man“ übernimmt der Spieler die Kontrolle über einen Neandertaler, der sich auf eine Reise durch verschiedene Level begibt und Lebensmittel sammelt, um sein Dorf auf das bald bevorstehende Herbstfest vorzubereiten. Unterwegs trifft der Spieler auf eine Reihe von Feinden, darunter Spinnen, Riesenratten und sogar den mächtigen T-Rex. Insgesamt gibt es fünf Level und der Spieler kann seine Waffen im Laufe des Spiels zu Äxten und Schlägeln aufrüsten sowie einen Drachenflieger erwerben, der dem Spieler den Vorteil des Fliegens und des Zurücklegens großer Entfernungen verschafft. Das Hauptziel des Spiels besteht darin, Feinde zu besiegen, Lebensmittel einzusammeln und sich am Ende jedes Levels einem Boss zu stellen.
Pri Pri - Primitive Princess! (Japan) (En)	Pri Pri: Primitive Prinzessin! ist ein Puzzlespiel mit festem Bildschirm, in dem Sie Blöcke mit einem Hammer zerschlagen und neu erstellen müssen (wobei Sie auf die begrenzte Anzahl von Kreationen achten müssen), Leitern hoch- und runtersteigen und Kristalle von jeder Stufe sammeln müssen, um eine Leiter zu bauen, die Sie dorthin führt das nächste Level. Alle Monster, die Ihr Ziel behindern, können begraben werden, indem Sie ein Loch graben und sie hineinwerfen.
Primal Rage (USA, Europe)	Ein Meteor traf die Erde und verursachte großes Chaos. Sieben Götter aus der Antike sind erwacht und versuchen nun, die Kontrolle über die postapokalyptische Welt zu übernehmen. Primal Rage ist ein Eins-gegen-Eins-Kampfspiel mit Dinosauriern und Riesenaffen als Kämpfern. Die Grafiken werden mit digitalisierten Stop-Motion-Animationen erstellt. Das Gameplay ähnelt Mortal Kombat insofern, als es aus einer seitlichen Perspektive betrachtet wird und am Ende des Kampfes tödliche Finishing-Moves beinhaltet.
Prince of Persia (USA)	Prince of Persia ist ein Plattform spiel, das im Nahen Osten spielt. Der Spieler steuert den Prinzen von Persien, der gehen, rennen, sich ducken, springen, sich festhalten und mit dem Schwert kämpfen kann. Ziel ist es, alle Level abzuschließen, um die Prinzessin in der vorgegebenen Zeit - einer Stunde - zu befreien. Jeder Level besteht aus einem Dungeon, der immer größer wird und mit Hindernissen gespickt ist (Abgründe, Platten, die unter den Füßen nachgeben, Stacheln, die aus dem Boden ragen).
Pro Mahjong Kiwame GB (Japan) (SGB Enhanced)	Es bietet verschiedene Spielmodi, darunter „Normal“, bei dem Sie nach den Parametern Ihrer Wahl frei gegen einen Gegner unter neun echten japanischen Mahjong-Spielern antreten können, „Challenge“ mit drei Turnieren in verschiedenen Formaten sowie „Theisen“ für ein Duell gegen einen anderen menschlichen Spieler.
Prophecy - The Viking Child (USA)	Ein cartoonhafter Side-Scroller, in dem Sie, wie der Titel schon sagt, ein Wikingerkind spielen, das seine Freunde und Familie befreien will, die von dem bösen Gott Loki in den großen Hallen von Walhalla gefangen gehalten werden. Kämpfen Sie sich durch 16 Levels mit unterschiedlichen Szenarien, darunter mittelalterliche Burgen und Berge. Die Levels sind mit Läden übersät, in denen Sie Tränke und andere magische Gegenstände kaufen können, die Ihnen beim Vorankommen helfen. Bevor du gegen den dunklen Lord Loki antrittst, musst du die acht dunklen Lehrlinge besiegen. Insgesamt handelt es sich um einen hervorragenden Jump'n'Run-/Puzzle-Hybrid, der allen Fans des Genres gefallen dürfte, nicht zuletzt wegen der langen Levels, die Sie durchlaufen müssen.
Punisher, The - The Ultimate Payback (USA)	The Punisher: Ultimate Payback auf dem Gameboy ist die Adaption der Marvel-Comics. In diesem Shooter auf Schienen können Sie als Frank Castle spielen und die Straßen der Stadt aufräumen. Richten Sie das Visier aus, um Feinde abzuschießen und Kugeln auszuweichen, indem Sie sich nach rechts oder links bewegen. Es können mehrere Boni gesammelt werden, um das Arsenal oder die Gesundheit zu verbessern.
Purikura Pocket - Fukanzen Joshikousei Manual (Japan) (SGB Enhanced)	Purikura Pocket – Fukanzen Joshikousei Manual für Game Boy ist ein modernes Rollenspiel, in dem Sie als junges Mädchen spielen. Mit einem Spieldesign, das dem von Pokemon ähnelt, können Sie mit Purikura Pocket den physischen Zustand Ihres Avatars verwalten, der zu Beginn des Spiels nach Ihren Wünschen gestaltet werden muss. Außerdem trifft die junge Frau auf andere Charaktere, auf die sie frei zwischen drei Alternativen reagieren muss, was den Verlauf des Szenarios beeinflusst. Viele zufällige Ereignisse ähneln Kämpfen in klassischen Rollenspielen. Der Unterschied besteht darin, dass es sich dabei um alltägliche Handlungen handelt: Telefon klingelt, Leute, die uns anrufen usw. Dies ist die erste Episode einer Trilogie, die exklusiv auf dem Game Boy veröffentlicht wird
Purikura Pocket 2 - Kareshi Kaizou Daisakusen (Japan) (SGB Enhanced)	Purikura Pocket 2 – Kareshi Kaizou Daisakusen ist ein Abenteuer-Rollenspiel und der Nachfolger von Purikura Pocket – Fukanzen Joshikousei-Manual. In diesem zweiten Teil ist die Individualisierung der Heldin weniger ausgeprägt und es ist nicht mehr möglich, sich wie in klassischen Rollenspielen frei zu bewegen. Andererseits geht der Titel tiefer auf die Managementelemente ein, da der Spieler gebeten wird, dem jungen Mädchen beim Lernen zu helfen, seine Bemühungen in diesem oder jenem Bereich zu lenken und dafür zu sorgen, dass ihre geistige und körperliche Verfassung in optimalen Zustand ist. Purikura Pocket 2 erschien im selben Jahr wie sein Vorgänger und wurde nur in Japan vertrieben.
Purikura Pocket 3 - Talent Debut Daisakusen (Japan) (SGB Enhanced)	Ein Simulationsspiel, bei dem das Ziel darin besteht, ein Mädchen im dritten Jahr an der High School zu einem Talent zu erziehen. Integrieren Sie eine gute Balance zwischen Schule, Spaß und Talenttraining.
Puyo Puyo (Japan) (SGB Enhanced)	Puyo Puyo ist ein in Japan veröffentlichtes Puzzlespiel. Das Spiel ist weitgehend von Tetris inspiriert und enthält keine einfachen Balken, sondern kleine Lebewesen namens Puyos. Das Ziel ist einfach: Kombinieren Sie mindestens 4 Puyos derselben Farbe, um sie verschwinden zu lassen. Mit zunehmendem Fortschritt erhöht sich die Geschwindigkeit und es erscheinen neue Farben von Puyos. Ihr Ziel ist es, die höchste Punktzahl zu erreichen, ohne dass sich Puyos ansammeln, was dazu führt, dass Sie das Spiel verlieren, wenn sie den Bildschirm vollständig ausfüllen. Wir bemerken das Vorhandensein eines Zwei-Spieler-Modus, der das Spiel noch etwas aufpeppt.
Puzzle Nintama Rantarou GB (Japan) (SGB Enhanced)	Puzzlespiel ähnlich wie Doktor Mario und Tetris, bei dem Sie die gleichfarbigen Teile, die von oben fallen, zusammenbringen müssen, um sie verschwinden zu lassen und sie an den computergesteuerten Spieler zu schicken.
Puzznic (Japan) (En)	Die Herausforderung in jedem Level von Puzznic besteht darin, eine Auswahl von Blöcken an ihren Platz zu manövrieren, um sie alle zu beseitigen, indem man sie mit Blöcken desselben Designs in Kontakt bringt. Sie steuern ein Fadenkreuz, das einen Block nach links oder rechts bewegen kann, was dazu führen kann, dass er herunterfällt, wenn sich unter dem Platz, den er einnehmen würde, kein Block befindet. Es gibt viele Komplikationen beim Lösen der Level. Das Verschieben von Plattformen bedeutet, dass Sie einen Block zu einem bestimmten Zeitpunkt oder in einer bestimmten Reihenfolge verschieben müssen, um zu verhindern, dass er blockiert wird. In manchen Situationen gibt es eine ungerade Anzahl einer bestimmten Art von Blöcken – um diese zu lösen, müssen zwei der Blöcke einen Abstand voneinander entfernt positioniert werden, so dass ein Zug dazu führt, dass eine Figur mit zwei anderen in Kontakt kommt und alle drei sofort entfernt werden.
Pyramids of Ra (USA)	In diesem Spiel steuerst du einen abenteuerlustigen Archäologen, den du durch ein Labyrinth aus Gräbern navigierst. Jedes Level besteht aus Kacheln, die alle zerbrochen werden müssen, um zum nächsten Level zu gelangen. Um die Kacheln zu zerbrechen, müssen Sie zuerst auf der Kachel landen und dann abspringen, sodass sie zerbröckelt. Der knifflige Teil dieses Spiels besteht darin, dass Sie zuerst alle Spielsteine zerschlagen und dann zum Startstein zurückkehren müssen, bevor Sie weitermachen können.
Q Billion (USA)	In Q Billion spielen Sie eine Maus, die ein Spielfeld voller Steinstapel ausgleichen muss. Dazu muss die Maus auf einen Stapel klettern und einen höheren, benachbarten Stapel schieben, sodass die Plättchen herunterfallen, bis keine Plättchen mehr übereinander gestapelt sind. Oft liegen Stapel nicht nebeneinander, was die Maus dazu zwingt, ein Plättchen neben den Stapel zu schieben, um etwas zum Stehen zu haben. Da die Maus so schwach ist, kann sie nur eine einzelne Kachel bewegen. Dies erfordert viel Jonglieren, denn um einen Stapel von drei Spielsteinen (dargestellt durch eine 3 in einem Quadrat) zu bewegen, muss ein einzelner Spielstein neben einem Stapel von zwei Spielsteinen verschoben werden, und dann muss ein weiterer Spielstein auf die andere Seite verschoben werden des kleinen Stapels und schieben Sie das oberste Plättchen des Stapels auf das einzelne Plättchen, um neben dem Dreierstapel einen Zweierstapel zu bilden.
Q-bert for Game Boy (USA, Europe)	Q*bert ist eine Umsetzung des beliebten Arcade-Spiels. Das Ziel besteht darin, alle Kacheln einer Pyramide in die Zielfarbe zu ändern. Dazu führst du Q*bert um die Pyramide und jedes Plättchen, auf das er springt, ändert seine Farbe. In frühen Levels ändert ein einziger Hüpfer das Plättchen in die gewünschte Farbe, aber in späteren Levels müssen Sie möglicherweise mehrmals auf ein Plättchen hüpfen oder es sogar vermeiden, mehrmals auf ein Plättchen zu hüpfen! Viele verschiedene Kreaturen, darunter die Schlange Coily, Slick und Sam sowie fallende Bälle, versuchen, Q*bert aufzuhalten. Am Rand des Bretts befinden sich schwebende Scheiben; Wenn Q*bert auf eine dieser Scheiben springt, während die Schlange sie verfolgt, fällt die Schlange vom Brett, während Q*bert sicher nach oben transportiert wird.
QIX (World)	In diesem Spiel führst du einen Marker, der Rechtecke und andere seltsame Objekte zeichnen muss, um dein Territorium zu beanspruchen, du kannst diese Rechtecke entweder schnell oder langsam zeichnen. Wenn du die Rechtecke mit der &quot;langsamen&quot; Methode zeichnest, bekommst du die meisten Punkte. Sobald du ein Rechteck gezeichnet hast, wird es eingefärbt, um zu zeigen, dass du dein Gebiet beansprucht hast. Während du die Rechtecke zeichnest, musst du auf Qix (ausgesprochen &quot;Kicks&quot;) achten, Qix sind die Reihe von farbigen Linien, die über den Bildschirm krabbeln. Zusätzlich zu den Qix musst du auch den Sparks ausweichen, die sich um die Grenze herum bewegen, sowie allen Linien, die Sie gezogen haben, und auch die Zündschnur, die sich entlang der Linie bewegt, die Sie ziehen. Sobald Sie genug Territorium erobert haben, gelangen Sie in den nächsten Level.
Quarth (USA, Europe)	Quarth ist ein typisches Puzzle-/Arcade-Spiel. Quarth kann von rechts nach links bewegt werden, während der Bildschirm nach unten scrollt. Das Spielfeld ist mit verschiedenen Blöcken gefüllt, und Ihr Ziel ist es, sie so auszufüllen, dass sie vollständige Rechtecke oder Quadrate bilden. Erst wenn Ihnen diese Mission gelingt, verschwinden die betroffenen Blöcke. Neue &quot;ungeformte&quot; Blöcke erscheinen, während das Spielfeld nach unten scrollt, so dass Sie jederzeit in voller Aktion spielen können. Sobald eine Reihe von Blöcken die untere Linie erreicht, ist das Spiel vorbei. Dann haben Sie 10 Sekunden Zeit, um zu entscheiden, ob Sie das Level fortsetzen möchten. Jedes Level besteht aus 9 Bereichen, und Sie gelangen in das nächste Level, sobald Sie den letzten Bereich verlassen haben. Der Battle-Modus ist ein Modus für zwei Spieler.
Quiz Nihon Mukashibanashi - Athena no Hatena (Japan)	Quiz Nihon Mukashi Banashi: Athena no Hatena ist ein Quizspiel für den Game Boy, das in mehreren Kapiteln Antworten auf verschiedene Quizfragen zu verschiedenen und unterschiedlichen Themen bietet. Jedes Kapitel basiert auf einer Geschichte aus der japanischen Folklore, aus der der Chef stammt, der die letzte Frage stellt. Eine Passwortfunktion ermöglicht es dem Spieler, einen Spielabschnitt jederzeit fortzusetzen.
Quiz Sekai wa Show by Shoubai!! (Japan)	Quiz Sekai wa Show von Shoubai!! ist ein von Sun L entwickeltes und von Takara veröffentlichtes Quizspiel, das 1992 in Japan veröffentlicht wurde. Eine Adaption des Quiz für den Game Boy. Es gibt drei Quick-Push-Optionen, einen speziellen Wettbewerb, vier Lügner-Optionen und so weiter, und Sie können genau wie in der Show entscheiden, wie viel Geld Sie bei Millionen von Slots ausgeben möchten. Gibt es in Pachinko-Salons in Malaysia Studentenrabatte? Ich weiß es nicht. Die Fragen sind alle seltsam und müssen durch Intuition beantwortet werden. Es geht nicht darum, Ihr Wissen zu testen, sondern darum, sich die Antwort anzuhören und darüber zu lachen. So können Sie diese Software genießen. Hier. So etwas ist auch möglich, oder?
R-Type (USA, Europe)	R-TYPE – einer der beliebtesten Arcade-Shooter aller Zeiten in einer pixelgenauen Umsetzung! Zerstörte POW-Kapseln setzen eines von sechs verschiedenen Extra-Items zum Aufrüsten des eigenen R-9-Jägers frei. Die Force, ein hoch entwickeltes Angriffsmodul, ist ein unerlässliches Hilfsmittel im Kampf gegen die außerirdische Bedrohung: Geschickte Piloten koppeln sie von ihrem R-9 ab und schicken sie auf Gegnerjagd oder bestücken sie mit zahlreichen Extrawaffen wie Reflektor-Laser, Luft-Boden- oder Flugabwehrraketen. Ein längerer Druck auf den Feuerknopf aktiviert die Beam-Kanone: Wer es schafft, diese mächtige Wunderwaffe lange genug aufzuladen, entfesselt einen Energiestoß, in dem jeder Widerstand verglüht! Die unbestrittenen Höhepunkte dieses Meisterwerks sind die bildschirmfüllenden Endgegner und der legendäre dritte Level, in dem der Spieler allein gegen ein monströses Schlachtschiff bestehen muss.
R-Type II (Europe)	Der zweite R-Type bietet mehr von der gleichen Shoot-Em-Up-Action. Das Gameplay ist identisch mit dem vorherigen R-Type, außer dass Sie jetzt über zwei neue Waffen verfügen. Es gibt sechs Level mit ähnlichen Themen wie im vorherigen Spiel. Zu den bemerkenswerten Teilen gehören eine Unterwasserschlacht in Level 2 und eine riesige Bydo-Flotte in Level 3. Der Game Boy-Version von R-Type 2 fehlen ein Level und die beiden neuen Waffen aus dem ursprünglichen Arcade-Spiel.
Race Days (USA)	Mit Race Days kann der Spieler auf einer Kassette an zwei verschiedenen Arten von Rennen teilnehmen: Dirty Racing und 4 Wheel Drive. Dirty Racing ist eine Draufsicht mit Autos im Grand-Prix-Stil, ähnlich wie Micro Machines, auf einer Reihe von Strecken, während man Hindernissen ausweicht und Gegner ausschaltet. 4 Wheel Drive ist eine Perspektive hinter dem Lenkrad, ähnlich wie NASCAR Fast Tracks auf einer Reihe von Offroad-Strecken mit Hügeln, Unebenheiten und scharfen Kurven, während man versucht, Gegner zu überholen. Der Spieler wird außerdem durch Pfeile oben auf der Windschutzscheibe vor bevorstehenden scharfen Kurven gewarnt. Über das GameLink-Kabel können auch zwei Freunde gegeneinander antreten.
Race Drivin' (USA, Europe)	Race Drivin' ist eine Fortsetzung des Fahrsimulators Hard Drivin'. Der Spielablauf ähnelt dem ersten Spiel. Der Spieler muss Runden auf der Rennstrecke absolvieren, bevor ein Timer abläuft. Rund um die Strecke gibt es mehrere Kontrollpunkte, die die Zeit des Spielers beim Passieren verlängern. Race Drivin' hat drei Kurse, einer davon ist die Strecke von Hard Drivin'. Es gibt eine neue Super-Stunt-Strecke und eine Autocross-Strecke. Der Spieler kann außerdem aus drei Fahrzeugtypen wählen.
Racing Damashii (Japan)	Racing Damashii ist ein Motorradrennspiel mit sechs Strecken. Der Spieler muss auf den Schaden (durch Balken dargestellt) des Motorrads (durch Unfälle) und den Reifenzustand (beim Verlassen der Straße) achten. Wenn einer der beiden Balken weg ist, ist das Rennen beendet, Reparaturen werden jedoch während der Boxenstopps durchgeführt. Die beiden Spielmodi für den Einzelspielermodus sind Trainingsrennen und eine Meisterschaft, bei der Punkte für gute Endplatzierungen vergeben werden. Diese können in Verbesserungen des Motorrads reinvestiert werden. Die Perspektive ist 3D, wobei die Kamera hinter dem Fahrzeug des Spielers fixiert ist.
Radar Mission (USA, Europe)	Radar Mission ist größtenteils ein Battleship-Brettspielklon mit zwei Spielmodi. Das erste ist sehr gut erkennbar und verfügt über eine Karte zum Auswählen und Platzieren der Schiffe. Dann wird das Spiel gespielt, indem Quadrate ausgewählt werden (z. B. A5). Es gibt mehrere verschiedene Schiffe, von den Fünf-Hit-Flugzeugträgern bis zu den Zwei-Hit-Kreuzern, in späteren Leveln sogar einen Kampfjet. Der zweite Modus ist eher ein Side-Scrolling-Shooter. Der Spieler steuert ein U-Boot und versucht, die feindliche Flotte zu zerstören, bevor sie das Schiff des Spielers ausschalten. Entweder schaltet der Spieler alle Schlachtschiffe aus, wodurch das feindliche U-Boot kapituliert, oder er zerstört das U-Boot direkt, um das Level zu beenden. Beim Untertauchen erscheint eine Radaransicht, die die Schiffe des Spielers zusammen mit den Feinden zeigt und so eine strategische Pause zur Planung des Angriffs bietet.
Raging Fighter (USA, Europe)	Raging Fighter ist ein Kampfspiel, bei dem man gegeneinander antritt. Das Hintergrundszenario ist die Omega-Liga, die den besten Kämpfer des Universums ausfindig machen soll. Jeder der sieben Kämpfer verfügt über eine Vielzahl von Schlägen und Tötungen - welche ausgeführt werden, hängt davon ab, welche Richtungen auf dem D-Pad gedrückt werden. Jeder Kämpfer unterscheidet sich von den anderen durch zwei Spezialangriffe, die durch Drücken der richtigen Tastenkombination ausgelöst werden, und durch einige Statistiken wie Geschwindigkeit oder Verteidigung. Neben dem Story-Modus kann der Spieler auch an einem Trainingsmodus mit einem unbeweglichen Gegner, einem Turnier oder an Zwei-Spieler-Matches teilnehmen. Gewinner eines Matches ist derjenige, der zwei von drei Runden gewinnt.
Rampart (USA, Europe)	Rampart ist die Gameboy-Umsetzung des Strategiespiels, das 1990 für Arcade-Terminals erschienen ist. Nachdem du aus vier Möglichkeiten einen Platz für deine Burg ausgewählt hast, platzierst du Kanonen, um dich gegen die Schiffe zu verteidigen, die dich bombardieren. Nach jeder Schlacht hast du einige Sekunden Zeit, um deine Stadtmauern wieder aufzubauen, bevor ein neuer Angriff erfolgt. Dazu erscheinen Blöcke in verschiedenen Formen im Tetris-Stil, die du kombinieren musst, ohne eine Lücke zu hinterlassen.
Ranma 1-2 (Japan)	Die erste Spieladaption des beliebten Mangas „Ranma 12“. Ein komisches Action-Puzzle mit niedrigem Schwierigkeitsgrad. Es handelt sich um eine Art Software, die das Gehirn anstelle der Fingerspitzen nutzt, und Benutzer, insbesondere Fans von Rumiko Takahashi, beeilten sich, sie zu spielen. Die Verkäufe sind nicht so groß, aber dieses Werk ist bei Anime-Fans und jüngeren Generationen sehr beliebt.
Ranma 1-2 - Kakugeki Mondou!! (Japan)	Ein Abenteuerspiel basierend auf einem beliebten Manga. Das Spiel bietet eine Kampfszene, in der Spieler gegen Feinde kämpfen und dabei die Reihenfolge berücksichtigen, in der sie ihre Bewegungen ausführen. Es gibt viele auffällige Spezialbewegungen, die aus dem ursprünglichen Manga bekannt sind. Sie verdienen Punkte durch Schlachten und Prüfungen und weisen diese Ihren Fähigkeiten zu. Der Reiz dieses Spiels scheint in der Zuweisung von Fähigkeiten zu liegen. Es ist ein einzigartiger Game Boy-Titel, der den intellektuellen Spaß daran, herauszufinden, wie man feindliche Charaktere besiegt, mit dem Spaß an der Entwicklung von Ranma verbindet.
Ranma 1-2 - Netsuretsu Kakutou Hen (Japan)	Ein Abenteuerspiel basierend auf dem beliebten Comic „Ranma 12“. Alle Charaktere aus der Originalgeschichte, einschließlich Ranma, erscheinen im Spiel. In den Kampfszenen wird es zum Actionspiel. Es gibt einige Actionszenen, in denen Ranmas Kampftechniken zum Einsatz kommen, und die Handlung ist einzigartig für Ranma. Aber es ist ärgerlich, dass der Charakter jedes Mal, wenn er von einem Gebiet in ein anderes wechselt, gezwungen ist, ununterbrochen durch ein Wohngebiet zu laufen. Auch wenn dies nicht der Fall ist, müssen Sie umziehen, um Informationen zu sammeln, oder? Hmmm.
Ray-Thunder (Japan)	Im Jahr 209X gerät der Hauptcomputer des Kontrollzentrums der Central Intelligence Agency plötzlich außer Kontrolle und die Stadt Tokio sieht aus wie ein furchterregender Betondschungel, in dem wütende Sicherheitsroboter Menschen angreifen. Die Regierung entsendet ein spezielles Kampfteam, um die Funktionsfähigkeit des Kontrollzentrums wiederherzustellen. Ray-Thunder ist ein Shooter, der Sie in dreidimensionale Labyrinthe eintauchen lässt. Nachdem Sie Ihren Roboter aus drei Maschinen ausgewählt haben, tauchen Sie in mehrere Labyrinthe ein, aus denen Sie nur entkommen können, indem Sie Gegner finden und eliminieren. Dank der Karte ist es möglich, sich zurechtzufinden und die Ziele zu lokalisieren. Neben diesem Ziel ist es notwendig, die kleinsten Ecken und Winkel jedes Gebiets zu durchsuchen, um den Treibstoff zu finden, den Sie für Ihre Reisen und zum Auffüllen Ihrer Gesundheit benötigen. Ray-Thunder wird exklusiv in Japan veröffentlicht und verfügt über einen 2-Spieler-Modus.
Real Ghostbusters, The (USA)	The Real Ghostbusters, in Europa als Garfield Labyrinth und in Japan als Mickey Mouse IV: Mahou no Labyrinth bekannt, ist ein Puzzle-/Plattformspiel. Die Geschichte ist ganz einfach: Venkman (oder Garfield und Odie oder Mickey und Mini Mouse, je nachdem, welche Version Sie spielen) gehen eines Tages über eine Brücke, ein Ziegelstein löst sich und Venkman/Garfield/Mickey fällt in eine tiefe Grube, was endet in einem bizarren Labyrinth, dem Venkman/Garfield/Mickey entkommen müssen. Abgesehen davon gibt es kein weiteres Ziel, der Spieler muss lediglich in jedem Level den Ausgang finden. Neben der Anreise muss auch der Ausgang entriegelt werden. Für Letzteres muss der Spieler alle Edelsteine im Level sammeln. Jedes Level enthält verschiedene Fallen und Feinde, die es zu meiden gilt. Bei den Rätseln geht es darum, Schlüssel zum Absenken von Brücken oder zum Öffnen von Türen zu finden, Teleporter zu nutzen und vor allem: Blöcke wegzubohren. Praktischerweise findet der Spieler zu Beginn des Spiels einen Presslufthammer, mit dem er Wege zu bestimmten Bereichen und Gegenständen schaffen muss, ohne den Weg hin oder zurück zu versperren. Es gibt auch ein Inventar zur Aufbewahrung von Gegenständen wie Schlüsseln und Bomben (die zum Töten von Feinden verwendet werden). Der Protagonist verfügt über einen Gesundheitsbalken und kann mehrere Treffer einstecken, bevor er ein Leben verliert, aber es gibt auch ein Zeitlimit für jedes Level.
Ren & Stimpy Show, The - Space Cadet Adventures (USA)	The Ren And Stimpy Show – Space Cadet Adventures: Bereiten Sie sich auf ein Abenteuer mit Commander Ren Hoek und seinem treuen Begleiter Cadet Stimpy vor. Erkunden Sie mit unseren Helden riesige außerirdische Welten, während sie unbekannte Regionen des Weltraums durchstreifen, um das intergalaktische Böse zu bekämpfen. Gibt es intelligentes Leben im Universum?
Ren & Stimpy Show, The - Veediots! (USA, Europe)	Die Show von Ren y Stimpy: Veediots! Es ist ein Videospiel, das auf der Serie der Zeichentrickfilme Ren & Stimpy von Nickelodeon basiert. Es wurde 1993 von THQ für das Super Nintendo Entertainment System herausgebracht und für den Game Boy verkauft. Ren und Stimpy sind in ihrem Fernsehprogramm versunken und wollen wissen, was sie wollen. Die vier Ebenen sind in einzelne Episoden der Fernsehserie unterteilt.
Renju Club - Gomoku Narabe (Japan) (SGB Enhanced)	Renju Club: Gomoku Narabe ist ein Brettspiel, das auf dem Spiel Renju basiert, der professionellen Variante des japanischen Spiels Gomoku. Renju wird mit schwarzen und weißen Steinen auf einem Goban gespielt, auf dem ein Gitter aus 15 horizontalen und 15 vertikalen Linien gezeichnet ist, die 225 Schnittpunkte festlegen. Renju beseitigt die „perfekte Spiel“-Situation von Gomoku, indem er spezielle Bedingungen für den ersten Spieler (schwarz) hinzufügt. Das Ziel des Spiels besteht darin, fünf Steine ​​in einer Reihe aufzustellen, egal ob man auf der weißen oder schwarzen Seite steht, oder, wenn man auf der weißen Seite steht, den Spieler mit den schwarzen Steinen zu einer im Renju verbotenen Bewegung zu zwingen.
Rentaiou (Japan)	Software zur Vorhersage von Pferderennen, die Rennergebnisse basierend auf 10 Eingabedaten wie Streckenlänge und Streckenbedingungen vorhersagt. Die Grunddaten sind vorab aufbereitet und ermöglichen so eine einfache Eingabe. Es ist ein benutzerfreundliches Tool zur Vorhersage von Pferderennen, genau wie ein elektronisches Notizbuch. Im Grunde müssen Sie lediglich die Daten Ihres Lieblingspferdes eingeben. Es ist einfach zu bedienen.
Reservoir Rat (Europe) (En,Fr,De,Es,It)	Herr Raz war früher ein schrecklicher Killer. Glücklicherweise fand er seine Freundin Loretta Mozzarella und stoppte den Mord. Als er ein neues Kapitel in seinem Leben aufschlug, zogen er und Loretta aufs Land und gründeten stattdessen eine Farm. Als jedoch der Mafia-Don Marlon Mozzarella herausfand, dass seine Tochter verschwunden war, wurde er wütend und befahl seinen Schergen, sie abzuholen. Wenn Mr. Raz seine Freundin also jemals wiedersehen will, bleibt ihm nichts anderes übrig, als wieder zu seiner Waffe zu greifen und in die Stadt zu fahren.
Riddick Bowe Boxing (USA)	Riddick Bowe Boxing ist ein weiteres der vielen Boxspiele, die damals veröffentlicht wurden, allerdings mit subtilen Unterschieden. Das HUD enthält Schadens- und Energieanzeigen sowie einen Miniaturring oben auf dem Bildschirm, der nützlich ist, um die Position des Spielers im Ring zu sehen, damit er nicht so leicht in die Ecke gedrängt wird. Spieler können im Standardmodus 1-Spieler vs. CPU, 1-Spieler vs. 2-Spieler oder sogar im Karrieremodus antreten, in dem vier voreingestellte Kämpfer zur Auswahl stehen und die Möglichkeit besteht, eigene Boxer zu erstellen. Die Karriere beginnt auf Platz 25 der Rangliste und die Spieler arbeiten sich langsam die Rangliste hinauf und gehen zwischen den Kämpfen ins Fitnessstudio, um Statistiken aufzubauen, um schließlich gegen „Big Daddy“ höchstpersönlich, Riddick Bowe, anzutreten. Das Spiel ist praktisch eine Kopie von Evander Holyfields Real Deal Boxing, abgesehen vom Grafikstil und den enthaltenen Kämpfern.
Ring Rage (USA)	Ring Rage ist ein Standard-Wrestlingspiel, nur ohne den Glanz und Glamour lizenzierter Spiele. Es besteht die Möglichkeit 5 imaginäre Fänger zu wählen, sie mit ihrem eigenen Stil zu begleiten und am Wettbewerb als Champion der TWF (Taito Wrestling Federation) teilzunehmen.
Road Rash (USA, Europe)	Road Rash ist ein aggressives Motorradrennspiel, bei dem der Spieler die Rolle eines Motorradfahrers übernimmt, der an einer Reihe illegaler Rennen quer durch die USA teilnimmt. Beginnend am Ende des Feldes ist es immer das Ziel, auf einer geraden Strecke als Erster ins Ziel zu kommen und die zu überholen andere Biker. Dies wird erreicht, indem man sehr gut fährt oder es schmutzig spielt und Gegner mit Knüppeln, Brechstangen oder bloßen Händen von ihren Motorrädern schlägt. Die anderen Rennfahrer wehren sich auf ähnliche Weise und es gibt auch Gefahren. Alle Rennen finden auf der normalen Straße mit normalem Verkehr und der Polizei sowie gelegentlichen Ölteppichen und streunenden Kühen statt. Indem du Rennen gewinnst, kannst du in eine stärkere Division aufsteigen und Geld verdienen, mit dem du dir ein besseres Motorrad kaufen kannst. Immer wenn Sie von Ihrem Motorrad gestoßen oder angefahren werden, müssen Sie zurück zu Ihrem Motorrad laufen und verlieren wertvolle Zeit.
Roadster (Japan) (En)	Roadster ermöglicht es dem Spieler, einen Sportwagen auf verschiedenen Terrains zu fahren (Stadt, Land, Berg, Rallye, Gymkhana). Im Übungsmodus können Spieler alleine auf einem der sechzehn verfügbaren Tracks üben. Der wichtigste verfügbare Modus ist der Rennmodus. In diesem Modus wählt der Spieler die Anzahl der Rennen aus, an denen er teilnehmen möchte (5, 10, 15 oder 20), und tritt dann gegen 5 Konkurrenten an, um den besten Platz zu belegen und das Rennen zu gewinnen mehr Punkte möglich.
Robin Hood - Prince of Thieves (USA)	Robin Hood: Prince Of Thieves ist ein Abenteuerspiel, das Sie dazu einlädt, den 1991 erschienenen Film mit Kevin Costner noch einmal zu erleben. Die Handlung folgt fast genau der des Films, was sie zur Hauptstärke der Kassette macht.
RoboCop (USA)	Du bist Alex Murphy, alias Robocop. Dein Aufrag: Verteidige in Robocop für den GameBoy das Recht in den Straßen von Old Detroit gegen eine Horde bis an die Zähne bewaffneter, brutaler Feinde - Menschen wie auch Maschinen -- und bringe den mächtigen MIND zur Strecke. Du hast alles in der Hand, was du brauchst, um Ordnung in die Straßen zu bringen. Mach Dampf und pass gut auf dich auf.
RoboCop 2 (USA, Europe)	RoboCop 2 ist ein missionsbasiertes Plattformspiel. Missionen haben verschiedene Ziele, wie das Zerstören von Nuke-Drogenbehältern oder das Töten aller Feinde. Wenn du nicht genug zerstört/getötet hast, wirst du zu einer Trainingsmission transportiert, die ein Shoot'em Up aus der Ego-Perspektive ist. Solltest du auch das Training nicht bestehen, musst du zum Anfang der vorherigen Mission zurückkehren. Erfolgreich abgeschlossene Missionen oder ausreichend Punkte im Training erlauben dir, zur nächsten Stufe zu gelangen. Im Gegensatz zum ersten RoboCop gibt es keine Zeitbegrenzung, und du kannst springen.
RoboCop Versus The Terminator (USA)	Robocop vs. Terminator auf dem Game Boy ist ein Actionspiel, das das Universum von zwei langen gleichnamigen Spielen kombiniert. Die Geschichte begann unter den Soldaten von John Connor und enthüllte, dass Skynet eine Ausgabe der vom Hersteller Robocop verwendeten kybernetischen Technologie sei. In diesem Jahr kämpfte er im Widerstand und unterstützte Connor, um die Menschlichkeit der Maschinen zu retten.
Rock'n! Monster!! (Japan) (SGB Enhanced)	Es handelt sich um ein Puzzlespiel, bei dem Sie die fallenden Blöcke nacheinander so manipulieren müssen, dass sie verschwinden, indem Sie vier gleichfarbige Blöcke aneinanderreihen. Das Spiel ist eine Variation von Puyo, nur mit ein paar anderen Tricks, aber es ist ziemlich gut. Wenn Sie einen Block räumen, werden die HP Ihres Gegners reduziert, was ihm eine RPG-Atmosphäre verleiht. Ein Triumph des Managements. Wenn man es mit dem Super Game Boy spielt, macht es sehr viel Spaß.
Rod Land (World) (Retro-Bit)	Rodland ist ein Actionspiel für GameBoy. Die Software umfasst 40 Bildschirme, in denen Sie alle bösen Feinde ausschalten müssen. Für jeden getöteten Gegner erhalten Sie einen Bonus, den Sie nutzen können, um andere Feinde mit Spezialbewegungen zu töten.
Roger Clemens' MVP Baseball (USA)	Roger Clemens' MVP Baseball ist ein Baseballspiel für GameBoy. Finden Sie mehr als 25 Teams aus der Meisterschaft und spielen Sie ein einzelnes Spiel oder die gesamte Playoff-Saison. Jeder Spieler hat seine eigenen Statistiken und im Zwei-Spieler-Modus können Sie gegen einen Freund antreten.
Rolan's Curse (USA)	Einst wurde das Volk von Rolan vom bösen Herrscher König Barius terrorisiert, bevor er in einer Burg tief im Wald eingesperrt wurde. Als der König viele Jahre später freigelassen wurde, ließ er sofort Legionen regenerierender Monster auf die Bürger des Landes los. Jetzt wird ein Held (oder zwei, wenn Sie es im Mehrspielermodus spielen) benötigt, um ihn und seine Schergen zu besiegen. Das Spiel ist ein aktionsbasiertes Rollenspiel, das mit einer isometrischen Perspektive gespielt wird. Während Sie sich durch feindliches Gebiet kämpfen, stehen Ihnen zwei Waffen zur Verfügung: das Schwert, mit dem Sie das Spiel starten, und ein Feuerstab, der Feuerbälle wirft. Sie finden auch einige Gegenstände, die Sie verwenden können, z. B. eine magische Axt, mit der Sie blockierte Passagen freimachen können, einen Chamonon-Ring, der Sie zu einem Teil des Geländes macht, und einen Schild, der Ihnen bei der Verteidigung hilft.
Rolan's Curse II (USA)	Es handelt sich um die Rollenfolge von Rolan's Curse. Le Roi Barius ist eine weitere Aufgabe, die Welt zu erobern. Ray und drei andere Abenteurer waren auf der Reise, um eine Zeit lang ihre Eroberungspläne zu erfüllen.
Rugrats Movie, The (USA) (SGB Enhanced)	The Rugrats Movie ist ein traditionelles 2D-Plattformspiel, das auf dem gleichnamigen Film von 1998 basiert, der wiederum auf der mit einem Daytime Emmy ausgezeichneten Zeichentrickserie basiert. Im Spiel ist Tommy Pickles' kleiner Bruder (Dil) spurlos verschwunden und es liegt an den Rugrats, ein Ersatzbaby für Dil Pickles zu finden. Das Spiel bietet acht Level, darunter Pickles Haus, das Krankenhaus, Wälder und antike Ruinen. In zwei Leveln fahren Sie den Reptar Wagon in einer Draufsicht, aber der Rest bietet standardmäßiges Side-Scrolling-Plattform-Gameplay. In jedem Level muss der Spieler bestimmte Gegenstände sammeln und den Ausgang erreichen, bevor die Zeit abläuft.
Sagaia (World) (Darius Cozmic Revelation)	Vor langer Zeit verfiel der Planet Darius, aber Proco und Tiat von Darius brachten einen neuen Planeten hervor und nannten ihn Orga. Nach vielen Jahrhunderten erhalten Proco Jr. und Tiat Young eine seltsame Radiosendung aus der Galaxis. Sie entdecken, dass es sich bei der Radiosendung um ein Mayday-Signal eines anderen Nachkommen von Darius handelt. Sie besteigen die Silverhawk und bereiten sich darauf vor, eine böse Macht zu besiegen und in die Galaxie zu reisen. Darius II, oder Sagaia, wie es im Westen genannt wird, ist der zweite Teil von Taitos Shoot 'em Up-Serie. Seine Hauptunterscheidungsmerkmale sind das nichtlineare Levelsystem und die Feinde, bei denen es sich um verschiedene Arten von Meeresfrüchten handelt.
Saigo no Nindou (Japan) (En)	Saigo no Nindou auf dem Game Boy ist ein Beat'em-All-Spiel, bei dem Sie als Ninja spielen können. In diesem horizontal scrollenden Spiel durchquerst du die Level, indem du alle Feinde zerschneidest, die dir im Weg stehen. Dafür stehen Ihnen ein Katana und mehrere Wurfwaffen (Shuriken, Bomben, Enterhaken) zur Verfügung. Es ist auch möglich, den Avatar zu teilen oder die Reichweite seiner Schläge zu erhöhen, dank unterschiedlicher Boni, die je nach Level wiederhergestellt werden können. Diese enden mit einem traditionellen Chef.
Sakigake!! Otoko Juku - Meioutou Kessen (Japan)	Sakigake!! Otokojuku: Meikoushima Kessen ist ein von Yutaka veröffentlichtes Actionspiel, das 1990 in Japan veröffentlicht wurde. Momotaro und die anderen Mitglieder von Otokojuku begeben sich auf die Insel Meiou, um Todo Hyouei, einen teuflischen Bösewicht und Organisator des Tento Gorinbukai, zu besiegen. Um Hyoue zu besiegen, müssen sie das Große Turnier gewinnen. Zusätzlich zum standardmäßigen „Tento Five Rings Mode“ gibt es auch ein „Tento Five Rings Grand Battle Tournament“, bei dem Spieler alleine kämpfen. Es ist auch möglich, mit der Kommunikation zu spielen.
Same Game (Japan) (SGB Enhanced)	Bei „Same Game“ muss der Spieler das gesamte Spielfeld von allen farbigen Feldern befreien, indem er mindestens zwei benachbarte Felder auswählt. Je nach Schwierigkeitsgrad unterscheiden sich das Spielfeld und die Anzahl der Farben (von 5x5 mit 3 Farben bis 20x15 mit 4 Farben). Sobald ein Satz ausgewählt ist, wird er entfernt und die verbleibenden Zellen werden „konsolidiert“ (Zellen darüber fallen, Zellen werden nach links verschoben, wenn horizontaler Platz vorhanden ist). Dies bedeutet auch, dass die mögliche Menge zerstört wird, wenn sich Zellen bewegen. Sobald der Spieler alle Felder entfernt hat, endet das Spiel. Bleibt nur noch eine Zelle übrig, ist das Spiel verloren.
Samurai Shodown (USA, Europe) (SGB Enhanced)	Samurai Shodown für Game Boy ist ein Kampfspiel, das im Japan des 18. Jahrhunderts spielt. Der Titel beinhaltet Modifikationen im Vergleich zu den Klassikern des Genres wie den Einsatz von Klingenwaffen, ein Zoomsystem sowie eine POW-Anzeige, die sich im Verlauf des Kampfes füllt und mächtige Angriffe freischaltet.
Sangokushi - Game Boy Ban (Japan)	Es handelt sich um eine Simulation der Warring States-Zeit, die zu einem festen Bestandteil des PCs und von Famicom geworden ist. Dieses Mal wurde zusätzlich zu den traditionellen sechseckigen Schlachten ein Kampf zwischen Kriegsherren hinzugefügt, bei dem der Gewinner alles bekommt. Im Vergleich zur normalen Version von Sanguozhi wurde die Anzahl der Länder reduziert und die Kämpfe vereinfacht. Mit anderen Worten: Es handelt sich um eine Lite-Version von Sanguozhi, die für den Game Boy entwickelt wurde. Allerdings ist der Erfolgsgrad nicht gering. Wir haben viele Dinge erlebt, die wir in der normalen Version nicht tun konnten
Sanrio Carnival (Japan)	Sanrio Carnival auf dem Game Boy. Es handelt sich um ein Tetris-ähnliches Spiel, bei dem Sie identische Symbole aneinanderreihen müssen, um zur nächsten Stufe zu gelangen. Wir hoffen, dass die Hintergrundmusik in Ihrem Kopf ankommt: Sie ist dafür gemacht!
Sanrio Carnival 2 (Japan)	Sanrio Carnival 2 auf dem Game Boy ist ein Puzzlespiel, das auf der Grundlage der Hello Kitty-Lizenz adaptiert wurde. Der Titel kann alleine oder zu zweit gespielt werden und enthält mehrere Minispiele, darunter einen ganz besonderen Ziegelbrecher. Letzteres ermöglicht es Ihnen, einen Charakter zu spielen, der horizontal auf Blöcke trifft, die vom oberen Bildschirmrand kommen. Das Ziel besteht dann darin, sie in Gruppen von mindestens drei Spielern zu stapeln, um sie zu zerstören und so viele Punkte wie möglich einzuheimsen. Auch Sanrio Carnival 2 lädt zu Neckereien ein.
Sanrio Uranai Party (Japan)	In diesem Spiel kann der Spieler entweder sein Schicksal kennen (in Geld-, Liebes-, Gesundheits- oder anderen Angelegenheiten) oder seine Kompatibilität mit einer anderen Person testen, sei es in Freundschaft oder Liebe. Der Spieler muss sein Geburtsdatum, sein Geschlecht und seine Blutgruppe eingeben, bevor ihm die Zukunft diktiert wird. Wenn die Daten eingegeben werden, führen die Sanrio-Charaktere Hello Kitty und Bad Tatamaru Kompatibilität bzw. Wahrsagerei durch. Die einzugebenden Daten sind sehr klein, sodass Sie Ihre Zukunft leicht vorhersagen können.
Scotland Yard (Japan)	Scotland Yard ist eine originalgetreue Computerversion des beliebten gleichnamigen Brettspiels, das von Cryo in Zusammenarbeit mit Ravensburger (Herausgeber des Brettspiels) entwickelt wurde: Mr. X, ein fester Bestandteil der englischen „Most Wanted“-Liste, ist in London auf der Flucht. Wird Scotland Yard ihn finden und gefangen nehmen, bevor die Zeit abläuft? Insgesamt ist Scotland Yard ein Spiel, bei dem logische Schlussfolgerungen und strategische Planung wichtiger sind als Glück. Sie können entweder als Mr. X oder als Detektiv spielen, alleine gegen den Computer oder mit Freunden.
SD Gundam - SD Sengokuden - Kunitori Monogatari (Japan)	SD Gundam – SD Sengokuden: Kunitori Monogatari für den Game Boy ist ein Action- und Taktikspiel, das nur in Japan veröffentlicht wurde. In dieser ersten Folge der SD-Sengokuden-Saga, eine Adaption aus dem Anime Gundam Mobile Suit, geht es darum, bestimmte Gebiete des feudalen Japans gegen eine Samurai-Armee zu erobern. Während Ihre Truppen auf den Feldern des Territoriums vorrücken, werden Sie in Echtzeit mit Mitgliedern des gegnerischen Teams konfrontiert. Im Kampf müssen Sie Ausweichsprünge ausführen und unerbittlich mit dem Katana oder der Hellebarde zuschlagen, um den Sieg zu erringen. Die Software bietet einen Zwei-Spieler-Modus.
SD Gundam Gaiden - Lacroan' Heroes (Japan)	Das Spiel hat die Originalität, die berühmte Lizenz auf die Codes des klassischen Rollenspiels zu übertragen, nämlich die Erkundung mittelalterlicher Fantasy-Territorien, die Notwendigkeit, mit zahlreichen Nicht-Spieler-Charakteren zu diskutieren, um Informationen zu sammeln und Einkäufe zu tätigen, oder sogar die Kämpfe, um sich weiterzuentwickeln Dein Charakter. SD Gundam Gaiden: Lacroan' Heroes bietet das Abenteuer nur einem Einzelspieler. 7 kleine Szenarien ergeben die große Geschichte.
SD Hiryuu no Ken Gaiden (Japan) (SGB Enhanced)	SD Hiryu no Ken Gaiden ist ein von Culture Brain veröffentlichtes Kampfspiel, das 1995 exklusiv in Japan veröffentlicht wurde. Diese Game Boy-Version von „SD Hiryu no Ken“ stellt Techniken wie „Super Defense“ originalgetreu nach, bei denen es darum geht, den Angriff zu ergreifen Gegner und verwandeln Sie ihn in einen Gegenangriff. Sie können auch über eine Kabelverbindung gegen andere Spieler spielen. In diesem Titel sind 15 Zeichen verfügbar! Es hat das gleiche System wie Hiryu no Ken und die Bewegungen sind ziemlich schnell. Es gibt nur wenige Techniken, die aber einfach anzuwenden sind.
SD Hiryuu no Ken Gaiden 2 (Japan) (SGB Enhanced)	SD Hiryu no Ken Gaiden 2 ist ein Kampfspiel, das nur in Japan für den Game Boy veröffentlicht wurde. Der zweite Teil der emblematischen Lizenz des Culture Brain Studios, SD Hiryu no Ken Gaiden 2, verbessert das Rezept des ersten Werks. Somit bietet es mehr Charaktere auf insgesamt 18. Außerdem sind die Animationen etwas abwechslungsreicher und der Schwierigkeitsgrad steigt noch einmal. SD Hiryu no Ken Gaiden 2 bietet endlich einen Zwei-Spieler-Modus.
SD Lupin Sansei - Kinko Yaburi Daisakusen (Japan)	In diesem Spiel schlüpfen Sie in die Rolle eines Diebes, der in jedem Level den Safe finden und öffnen muss. Dafür verfügt er über besondere Fähigkeiten. Indem er sich Quadrat für Quadrat entwickelt, muss er die Topographie verändern und mit den Elementen der Umgebung interagieren, um den Polizeikräften, die ihn gefangen nehmen wollen, auszuweichen und ihnen Fallen zu stellen. Das Spiel enthält fünf verschiedene Welten, die wiederum aus zahlreichen Levels mit steigendem Schwierigkeitsgrad bestehen.
SD Sengokuden 2 - Tenka Touitsu Hen (Japan)	Dieses Werk ermöglicht es Ihnen nun, mehr Truppen auf dem Territorium zu kontrollieren, immer mit dem Ziel, es zu erobern, indem Sie die gegnerische Armee dezimieren. Die Einstellungen sind voller zusätzlicher Details, wie zum Beispiel Bäume, die scheinbar in 3D angezeigt werden. Außerdem sind die Echtzeit-Kampfarenen etwas größer und verfügen über Ecken und Winkel zum Verstecken. Trotz dieser Ergänzungen ist die künstliche Intelligenz nicht auf dem neuesten Stand, was den Zugriff auf den Titel sehr einfach macht. Endlich ist der Zwei-Spieler-Modus wieder vorhanden.
SD Sengokuden 3 - Chijou Saikyou Hen (Japan)	SD Gundam – SD Sengokuden 3: Chijou Saikyouhen auf dem Game Boy ist die dritte und letzte Episode der von Bandaï produzierten und vom Anime Gundam Mobile Suit inspirierten Action-/Strategiespielsaga. Dieser Teil greift das Grundprinzip auf, ein bestimmtes Gebiet zu erobern, indem man seine Truppen Zug für Zug positioniert. Wenn es zur Konfrontation kommt, finden die Kämpfe in Echtzeit statt. Anschließend müssen Sie den feindlichen Roboter-Samurai mit begrenzten Projektilen und dem Säbel besiegen. Diese Episode greift die Ergänzungen des zweiten Werks auf, ohne die Saga wirklich voranzutreiben. Es sollte jedoch der Fortschritt der künstlichen Intelligenz beachtet werden, der sich nicht mehr so ​​anormal verhält wie in SD Sengokuden 2.
Sea Battle (Europe) (En,Fr,De,Es)	In Schiffe Versenken verteilen zwei Spieler Schiffe unterschiedlicher Größe auf einem quadratischen Spielfeld. In jeder Runde erraten die Spieler die Koordinaten des feindlichen Schiffes. Wenn er Recht hat, wird ein Teil des Schiffes zerstört. Ein Spieler gewinnt, wenn alle Schiffe des Gegners zerstört sind. Der einzige Unterschied zum Original ist eine dreidimensionale Darstellung des Spielfeldes, es gibt keine Ergänzungen zu den Regeln.
seaQuest DSV (USA, Europe) (SGB Enhanced)	Basierend auf der ersten Staffel der gleichnamigen TV-Serie ist Ihr Charakter ein Offizier der UEO: The United Earth Oceans Organization. Sie beginnen das Spiel in einer Trainingssimulation, die nach erfolgreichem Abschluss Ihren Übergang zur Besatzung der seaQuest DSV sicherstellt, wo Sie aufgefordert werden, die gleichen Aufgaben zu erfüllen. Ihre Aufgabe besteht in erster Linie darin, das Tieftauchschiff seaQuest auf der Unterwasserkarte zu verschiedenen „Missionsgebieten“ zu navigieren, wo Sie aufgefordert werden, die Bordfahrzeuge zur Erledigung einer Aufgabe einzusetzen. Typische Einsätze umfassen Bergungseinsätze, Rettungseinsätze, die Entwaffnung von Unterwassersprengstoffen, die Beseitigung von Feinden und Erkundungen. Schäden an Unterwassereigentum werden von Ihrem Budget abgezogen und die Erreichung von Zielen zählt dazu. Das Geld muss für den Nachschub an Waffen und den Kauf zusätzlicher Fahrzeuge verwendet werden. Unterwasser ist ein gefährlicher Ort. Zu den Fahrzeugen, die Ihnen zur Verfügung stehen, gehört Speeder, Stinger, Seekrabbe, Sea Truck usw.
Seisenshi - Saint Paradise - Saikyou no Senshitachi (Japan)	Diese tragbare Adaption, die nur in Japan unter dem Namen Seitôshi Saint Paradise veröffentlicht wurde, ist ein Rollenspiel der alten Schule: rundenbasierte Kämpfe, übermäßige Zufallskämpfe und der notwendige Levelaufstieg. Während des Kampfes können Sie bis zu 4 Ritter steuern, und wir finden die Spezialangriffe jedes einzelnen: Pegasus-Meteoriten, Nebelketten ... Auf Szenarioebene zeichnet das Spiel auch die Saga des Heiligtums nach.
Selection I & II - Erabareshi Mono & Ankoku no Fuuin (Japan) (SGB Enhanced)	Dies ist eine Zusammenstellung zweier Teile eines von Kemco veröffentlichten Rollenspiels, auch bekannt als „The Sword of Hope“, Teil 1 und Teil 2. Auswahl I Erabareshi Mono: Eine böse Zauberei bedeckt die Erde. Ein monströser Drache, der den König besessen hat, regiert nun hinter einer Armee abscheulicher Kreaturen. Du bist der Auserwählte, der Fürst des Schicksals, der den wahren Monarchen retten und sein Königreich wiederherstellen muss. Auswahl II Ankoku no Fuuin: Spielen Sie als junger Prinz Theo von Riccar und begeben Sie sich auf die Suche nach der Wahrheit hinter einem Geheimnis, das das Königreich bedroht. Während des Abenteuers finden Sie viele Orte und Gegenstände sowie Freunde, die darauf warten, Ihnen auf dem Weg zur Seite zu stehen.
Sensible Soccer - European Champions (Europe)	Sensible Soccer: European Champions ist ein Sportspiel, das von Sensible Software entwickelt und von Sony Imagesoft veröffentlicht wurde und 1993 in Europa veröffentlicht wurde.
Serpent (USA)	In der fernen Zukunft ist der beliebteste Einzelsport Serpent. Bei diesem Spiel für zwei Spieler steuern beide Spieler ihre Fahrzeuge, die die Form von Schlangen haben. Um zu gewinnen, müssen sich die Spieler gegenseitig den Weg abschneiden, indem sie den anderen mit ihrem Schwanz umzingeln. Das Spiel lehnt sich an das klassische Spiel Snake an, wandelt es aber in ein Multiplayer-Spiel um. Wenn die Spieler mit ihren Schwänzen geschlossene Bereiche bilden, erzeugen sie Power-Ups wie Raketen, die auf den Gegner abgefeuert werden können.
Shanghai (USA)	Shanghai ist eine der ersten Videospieladaptionen des Kachelspiels mit den chinesischen Mahjong-Steinen – im Wesentlichen ein Puzzlespiel, das wenig mit echten Mahjong-Regeln zu tun hat. Das Gameplay umfasst 144 Kacheln, von denen jedes unterschiedliche Bilder darstellt, die entfernt werden müssen, indem man sie zu Paaren zusammenfügt. Die Fliesen sind in einem Gittermuster angeordnet, das zur Mitte hin höher ist. Ein Plättchen kann nur entfernt werden, wenn auf mindestens einer Seite kein Plättchen daneben liegt. Diese Computerimplementierung kann ein zufälliges Brettlayout generieren und bietet fünf voreingestellte Herausforderungen, von denen einige ein Zeitlimit von fünf oder zehn Minuten haben, sowie einen Mehrspielermodus.
Shanghai Pocket (Japan) (SGB Enhanced)	Shanghai Pocket ist ein Denkspiel für den Gameboy. Das Spiel bietet dir eine Variante des Mah Jong-Spiels. Ein asiatisches Spiel, bei dem Dominosteine gestapelt werden und das Ziel darin besteht, die Dominosteine paarweise zu entfernen, bis keine mehr übrig sind. Sie müssen also die Dominosteine paarweise gruppieren, vorausgesetzt, sie tragen eine identische Grafik. Ein subtiles Spiel, bei dem man die Dominosteine nicht in beliebiger Reihenfolge entfernen darf, um nicht in eine Sackgasse zu geraten.
Shaq Fu (USA) (SGB Enhanced)	Shaq Fu ist ein Kampfspiel mit Shaquille O'Neal, einem der größten Basketballspieler aller Zeiten, in der Hauptrolle. Während Shaq zu einem Benefizspiel reist, wird er in eine andere Dimension gezogen, wo ihn ein alter Mann bittet, seinen Enkel zu retten. Um dies zu erreichen, muss er sich dann elf Kreaturen stellen.
Shikinjou (Japan)	Shikinjou, oder Shikinjoh, ist ein von Mahjong Solitaire und Sokoban inspiriertes Puzzlespiel. Wie die meisten Mahjong Solitaire-Varianten hat es seinen Namen von einer Region in China: in diesem Fall dem ehemaligen Kaiserpalast von China, auch bekannt als Verbotene Stadt. Das Ziel des Spiels ist es, den Protagonisten, der standardmäßig ein Jiang Shi ist, zum Ausgang zu bringen. Dazu muss er Mahjong-Steine aus dem Weg schieben. Die meisten Mahjong-Steine verschwinden, sobald sie einen oder mehrere Steine desselben Typs berühren, und diese Steine verschwinden dann auch mit. Einige, wie die Drachen- oder Windplättchen, sind Barrikaden, die jedes Plättchen, das mit ihnen in Berührung kommt, in eine andere Barrikade verwandeln.
Shin Keiba Kizoku Pocket Jockey (Japan) (SGB Enhanced)	Software zur Vorhersage von Pferderennen, mit der Sie durch Eingabe von Renndaten das siegreiche Pferd vorhersagen können. Im Rennpferd-Trainingsmodus können Sie sogar über ein Kommunikationskabel gegen Ihre Freunde spielen!
Shin Nihon Pro Wrestling - Toukon Sanjuushi (Japan)	Shin Nippon Pro Wrestling: Toukon Sanjushi für Game Boy ist ein Wrestling-Spiel, das exklusiv in Japan veröffentlicht wird. Das Spiel bietet drei Kämpfer mit ähnlichem Gameplay und bietet strategische Kämpfe, in denen Sie den Gegner niederschlagen und ihn mindestens drei Sekunden lang blockieren müssen. Alle Schläge sind erlaubt: Schläge, Tritte, Bodenangriffe usw. Das Ziel besteht darin, den Teilnehmer ins Wanken zu bringen, indem seine Ausdaueranzeige geleert wird, um den Sieg zu erringen. Bei Shin Nippon Pro Wrestling: Toukon Sanjushi fehlt ein Zwei-Spieler-Modus. Der tragbare Kampfgeist von New Japan Pro Wrestling in Ihren Händen!
Shin SD Gundam Gaiden - Knight Gundam Monogatari (Japan) (SGB Enhanced)	Shin SD Gundam Gaiden: Knight Gundam Monogatari auf dem Game Boy ist ein Rollenspiel, das auf dem Universum der Mobile Suit Gundam-Serie und insbesondere Super Deformed Gundam basiert. Die 1994 ausschließlich in Japan veröffentlichte Software ist The Legend of Zelda: A Link to the Past sehr ähnlich, insbesondere in Bezug auf Grafik, Fortschritt und Gameplay. Sie spielen also als Gundam, der eine Quest abschließen muss, indem er eine riesige Welt voller Monster erkundet. Ihr Charakter kann sich je nach Umständen und Levelfortschritt unterschiedlich ausrüsten, um immer mächtiger zu werden. Um voranzukommen, ist es wichtig, das Gebiet zu erobern und mit den verschiedenen Nicht-Spieler-Charakteren zu diskutieren, um wichtige Daten zu sammeln.
Shinri Game 2, The - Oosaka Hen (Japan)	Das Shinri Game 2 bietet weiterhin an, nach einer Reihe von Fragen ein psychologisches Profil für Sie zu erstellen, um Ihnen zu sagen, ob Sie der gestresste Typ sind oder nicht, und das Spiel wird erneut versuchen, Ihre Chancen auf einen „Abschluss“ einzuschätzen. Der Inhalt (die Geschichte) des psychologischen Spiels hat nicht ausschließlich etwas mit Osaka zu tun. Es gibt auch einen Modus namens „Osaka Degree Check“, mit dem Sie die Einzigartigkeit der Einwohner Osakas messen können. Das Design der Software ist völlig psychedelisch, mit Farbverläufen und geometrischen Formen. Der Bonus dieser Version ist also der berühmte „Magical Trip“, es sind tatsächlich mehrere „Megademos“. Die nach Themen geordneten Demos enthüllen neue visuelle Effekte, Plasmaeffekte und andere Verzerrungen geometrischer Formen.
Shinri Game, The (Japan)	Das Shinri-Spiel ist eine Software für Hellsehen/Psychoanalytiker. Sie müssen eine Reihe von Fragen beantworten, die in mehrere Kategorien unterteilt sind. Jede dieser Fragen ist illustriert. Einige versetzen Sie in Alltagssituationen und fordern Sie auf, Entscheidungen zu treffen, andere fordern Sie auf, Entscheidungen zu treffen, die es Ihnen ermöglichen, Ihre Einstellungen zu definieren. Dann erstellt ein Psychologe, der wie eine Karikatur Freuds aussieht, Ihr psychologisches Profil. Sie können auch paarweise nacheinander eine Reihe von Fragen beantworten und dann ein Liebesverträglichkeitsprofil erstellen. Als Bonus finden Sie schließlich ein „Omikuji“, Vorhersagen auf Papieren, die Sie zufällig aus einer Holzkiste in japanischen Tempeln ziehen.
Shinseiki GPX - Cyber Formula (Japan)	Dieses Hybridspiel ist die Adaption von Future GPX Cyber ​​​​Formula, einer 1991 in Japan ausgestrahlten Fernsehserie mit 37 Folgen. Es verwendet die Charaktere aus dem Originalwerk, jeder mit seinen eigenen Eigenschaften, und präsentiert sich eher wie ein Rollenspiel als wie ein Rennspiel. Die Bewegungen werden Schritt für Schritt ausgeführt und jeder Abschnitt der Strecke führt zu einem kleinen Kampf zwischen den Teilnehmern.
Shippuu! Iron Leaguer (Japan)	Ein Roboter-Anime wurde in ein Actionspiel verwandelt. Boss-Konfrontationsszenen ähneln Kämpfen in Sportarten wie Baseball und Football. Es ist schwer, weiterzumachen, wenn die Hauptfigur, Magnum Ace, tot ist. Während Sie herausfinden, wie man Magnum Ace verwendet, sind die Karten nicht zu schwer, sodass die Action auf dem Game Boy nicht zu hart ist.
Shisenshou - Match-Mania (Japan) (En)	Shisenshou: Match-Mania für Game Boy ist ein Shisenshou-Spiel, eine Variante von Mahjong Solitaire. Hier werden die Mahjong-Steine ​​auf ein Brett geklebt. Das Ziel besteht darin, alle Spielsteine ​​zu entfernen, es können jedoch nur zwei gleiche Spielsteine ​​entfernt werden. Die Eliminierung eines Dachziegelpaares liegt jedoch an dem Weg, der einen Dachziegel vom anderen trennt: Tatsächlich kann ein Weg bis zu drei horizontale oder vertikale Segmente haben und darf nicht über andere Dachziegel führen. Diese Version beinhaltet einen normalen Modus mit 50 zu lösenden Rätseln sowie einen Herausforderungsmodus, in dem der Spieler gegen die Uhr spielt.
Shougi (Japan)	Die erste Shogi-Software für den Game Boy. Es verfügt über einen Zwei-Spieler-Modus, der das Spielen ohne Verwendung eines Kommunikationskabels ermöglicht, und einen „?Shogi“-Modus, bei dem der König des Gegners unsichtbar ist, ist innovativ. Im Spiel gegen den Computer kann der Schwierigkeitsgrad angepasst werden in fünf Stufen angepasst. Die Grafik ist etwas schwierig, da die Teile durch einen einzelnen Charakter dargestellt werden.
Shougi Saikyou (Japan) (SGB Enhanced)	Es stehen zwei Spielmodi zur Verfügung: ein freier Spielmodus und ein Story-Modus. Im Freispielmodus kann der Spieler den Schwierigkeitsgrad des Gegners wählen und bietet am Ende des Spiels eine Wiederholung des Spiels an. Im Story-Modus nimmt der Spieler an einfachen Shogi-Spielen teil, aber am Ende ist jeder Spieler dabei gefragte Fragen. Hierbei handelt es sich nicht um Einzelantwortfragen, sondern um eine Art „psychologischen Test“, an dessen Ende der Spieler eine Punktzahl erhält. Der Spieler hat auch die Möglichkeit, den allgemeinen Schwierigkeitsgrad des Spiels zu konfigurieren.
Shounen Ashibe - Yuuenchi Panic (Japan)	Shounen Ashibe: Yuuenchi Panic ist ein Rollenspiel für den Game Boy, das vom Manga und Anime Shounen Ashibe inspiriert wurde. In diesem Spiel müssen Sie vier verschiedene kleine Szenarien absolvieren, um das Spiel abzuschließen. Sie steuern Ashibe, die Hauptfigur, während er mit Goma und seinen beiden Freunden, die nach und nach die Plätze tauschen, ein Abenteuer in einem Vergnügungspark unternimmt.
Shuyaku Sentai Irem Fighter (Japan)	Shuyaku Sentai Irem Fighter ist ein Strategiespiel, das exklusiv in Japan für den Game Boy veröffentlicht wurde. Es enthält Charaktere aus vier Irem-Franchises: R-Type, Mr. Heli, Ninja Spirit und Hammerin' Harry. Die Kampfszenen gegen Feinde sind Kartenkämpfe.
Side Pocket (World)	Das Hauptziel besteht darin, verschiedene Städte in den USA zu durchqueren und die vorgegebenen Punkte zu erreichen, um weiterzukommen. Aber denken Sie daran: Sie haben nur 16 Bälle und jeder Fehler kann tödlich sein! Das Spiel verfügt außerdem über Modi für 2 Spieler mit zwei Varianten: 2P Pocket Game (der traditionelle Modus) und 2P 9-Ball Game, bei dem es darum geht, 9 Bälle zu versenken, bevor der andere Spieler sie zuerst macht. Wenn Sie möchten, testen Sie Ihr Ziel im Trick Game oder hören Sie sogar Ihr Lieblingslied in der Jukebox. Nach Abschluss jeder Stufe (und etwas Glück) erscheint eine Bonusstufe sowie die Chance, zusätzliche Bälle zu verdienen. Sie benötigen lediglich ein gutes Ziel im Parkettblock!
Simpsons, The - Bart & the Beanstalk (USA, Europe)	Die Simpsons: Bart und die Bohnenranke ist ein Actionspiel für den Gameboy. Wie in der Geschichte „Jack und die Bohnenranke“ findet Bart, nachdem er die Bohnen gepflanzt und auf die gewachsenen Zweige geklettert ist, eine Welt vor, die anders ist als die, die er kennt.
Simpsons, The - Bart vs. the Juggernauts (USA, Europe)	Bart vs. The Juggernauts ist ein Videospiel, das 1992 für den Game Boy veröffentlicht wurde. Dieses von Imagineering entwickelte und von Acclaim veröffentlichte Spiel basiert auf der Fernsehserie Die Simpsons. Dieses Spiel ist eine Parodie auf die American Gladiators-Show.
Simpsons, The - Itchy & Scratchy - Miniature Golf Madness (USA, Europe)	Itchy and Scratchy in Miniature Golf Madness ist ein Minigolf-Videospiel, das 1993 für den Game Boy veröffentlicht wurde. Dieses von Beam Software entwickelte und von Acclaim veröffentlichte Spiel basiert auf der Serie „Die Simpsons“ mit den Charakteren Itchy und Scratchy. Es ist das letzte Spiel, das für den Game Boy veröffentlicht wurde. Der Spieler übernimmt die Kontrolle über Scratchy und spielt verschiedene Minigolfplätze, während er Itchys Angriffen ausweicht.
Skate or Die - Bad 'N Rad (USA)	Skate Or Die: Bad'N Rad ist ein Jump'N Run, das aus 7 Leveln besteht, von denen drei aus der Top-Down-Perspektive gespielt werden. Die Side-Scrolling-Levels funktionieren wie andere Jump'N Runs, da du Hindernissen ausweichen und Feinde töten musst, indem du auf sie springst. Da man jedoch mit einem Skateboard unterwegs ist, spielt die Geschwindigkeit eine wichtige Rolle, da man nicht sofort anhalten kann und manchmal mit voller Geschwindigkeit fahren muss, um größere Sprünge zu bewältigen. Die Top-Down-Level ähneln eher anderen Skate´Or Die-Spielen, da Unebenheiten dein Fahrverhalten beeinflussen, während du versuchst, Hindernissen, Feinden und tödlichen Stacheln auszuweichen.
Skate or Die - Tour de Thrash (USA)	Skate or Die: Tour de Trash für den Gameboy bietet dir ein Ticket für eine Weltreise mit den Profis auf dem Skateboard. Beweisen Sie sich unter Gleichgesinnten, indem Sie unter der Sonne Kaliforniens, in Bagdad, auf den Osterinseln oder in Hanoi unglaubliche Tricks ausführen.
Small Soldiers (USA, Europe) (SGB Enhanced)	Small Soldiers ist ein Third-Person-Actionspiel, das zeitgleich mit dem gleichnamigen Film veröffentlicht wurde. Anstatt sich mit den Spielzeugkommandos und Gorgoniten aus dem Film zu befassen, setzt das Spiel die Charaktere in einer imaginären Umgebung ein, wie auf der Rückseite der Verpackung der Spielzeugfiguren beschrieben. Es verfügt über vierzehn Einzelspieler-Action-Levels, einige mit dem Gorgonite Archer, andere mit dem Kommando Chip Hazard. Sie übernehmen die Rolle von Archer, der seine Welt gegen eine Invasion der Kommandos verteidigen muss. Sie können rennen, springen, Felsvorsprünge erklimmen und mit einem Blaster kämpfen. In vielen Levels geht es darum, gefangene Gorgoniten zu befreien, die dir dann beim Kampf helfen. Der Mehrspielermodus umfasst zwei Kopf-an-Kopf-Zwei-Spieler-Chip-gegen-Bogenschützen-Modi, in denen Sie entweder Flaggen erobern oder eine bestimmte Anzahl an Splittern erhalten müssen.
Smurfs Nightmare, The (Europe) (En,Fr,De,Es)	The Smurfs' Nightmare ist ein Plattformspiel, das für den Gameboy veröffentlicht wurde. In einer Vollmondnacht verhängte Gargamel, der lebenslange Feind der Schlümpfe, einen schrecklichen Zauber über das Dorf unserer Freunde. Alle Schlümpfe sind dann Gefangene ihrer schlimmsten Albträume. Nur der starke Schlumpf bleibt verschont und muss sich in die Albträume begeben, um seine Kameraden zu retten.
Smurfs Travel the World, The (Europe) (En,Fr,De,Es)	Die Schlümpfe reisen um die Welt für den GameBoy! Schlumpf dich um den Globus! Der Neugierschlumpf und Schlumpfine haben in Die Schlümpfe reisen um die Welt für den GameBoy den Zauberkristall zerbrochen. Dadurch wurden sie in die verschiedensten Weltgegenden verschlumpft, wo die Umweltverschmutzung wütet! Hilf ihnen die Erde vom Müll zu säubern, und sammle alle Kristalle auf Deinem Weg ein. Gib acht, denn manche sind gut behütet! Du wirst sie Seehunden am Nordpol, Indianern in Nordamerika und Kraken im Meer abluchsen müssen. Wenn du all diese Gefahren und viele mehr überstanden hast, kannst du in Die Schlümpfe reisen um die Welt für den GameBoy wohlverdient ins Dorf zurückschlumpfen. Schlumpf die Erde sauber! Die Schlümpfe reisen um die Welt für den GameBoy!
Smurfs, The (Europe) (En,Fr,De,Es)	Schlumpfe sich, wer kann! Gurgelhals hat 4 Schlümpfe entführt. Schlumpf Dich durch Fun-Level mit erstklassiger Zeichentrickfilm-Qualität, und schalte Deine vielfältigen Gegner in alter Schlumpfmanier aus!
Sneaky Snakes (USA, Europe)	Als Sonia Snake vom Nasty Nibbler entführt wird, können nur zwei Schlangen sie retten! Es liegt an Attila und Dschingis, sich durch sechzehn knifflige Level zu kämpfen, dabei bösen Fallen auszuweichen und die Ausgänge zu öffnen, indem sie sich auf die Waage stellen, um die Ausgangstür zu öffnen. Sneaky Snakes ist eine Pseudo-Fortsetzung des NES-Spiels Snake, Rattle 'n Roll. Allerdings handelt es sich bei dem Spiel dieses Mal nicht um ein isometrisches Spielfeld, sondern um ein standardmäßiges Side-Scrolling-Plattformspiel. Spieler können als Attila spielen (oder sich als Dschingis mit einem Freund zusammenschließen und gleichzeitig mit ihm spielen) und verschiedene knifflige Level meistern.
Snoopy no Hajimete no Otsukai (Japan) (SGB Enhanced)	Ein Action-Puzzle, bei dem Sie den beliebten Charakter Snoopy steuern. Sie müssen Snoopy zum Laden führen, indem Sie ihm Anweisungen geben, und ihn dann zum Ziel führen, nachdem Sie ihm eine Mission gegeben haben.
Snoopy's Magic Show (USA, Europe)	Snoopy der Große hat sich verzaubert und nun machen magische Bälle die Gegend unsicher. Er muss in Snoopy´s Magic Show für den GameBoy die Bälle aufhalten und Woodstock vor ihnen retten. 100 Level voller sich ständig verändernder Barrieren erwarten dich!
Snow Bros. Jr. (World) (En) (Limited Run Games)	Snow Bros Jr. ist ein Plattformspiel für den Game Boy, das als Abfolge von Tischen mit festem Bildschirm präsentiert wird. Das Ziel besteht darin, alle Feinde in jedem Level zu eliminieren, dank der Schneebrüder, die über magische Kräfte verfügen, die mit Kälte und Schnee verbunden sind. Nick und Tom werden versuchen, den bösen König Scorch zu finden, der für die Entführung ihrer Prinzessinnen verantwortlich ist.
Soccer Mania (USA)	Soccer Mania ist ein Fußballspiel mit Cartoon-Grafik. Im Spiel sind sechs Mannschaften vertreten (Japan, USA, Brasilien, England, Deutschland und Frankreich) und der Spieler wählt eine davon aus. Das Ziel besteht darin, eine Meisterschaft zu gewinnen, indem alle anderen fünf Teams besiegt werden, gefolgt von einem Endspiel gegen das All-Star-Team. Es wird jeweils nur ein Teil des Spielfelds angezeigt und der Rest des Spielfelds scrollt – die Tore sind vertikal positioniert.
SolarStriker (World)	Sie steuern das Ultra-Hochleistungs-Kampfschiff SolarStriker. Es ist Ihre Mission, die Hauptbasis von Reticulon anzugreifen und zu zerstören. Es gibt sechs vertikale Scroll-Stufen, die Sie durchlaufen müssen, um Reticulon zu zerstören. Jede Stufe steht unter der Kontrolle eines Bosses, der zerstört werden muss, um das Gebiet zu räumen. Einer der ersten Shooter für GameBoy.
Soldam (Japan)	Soldam ist ein Puzzlespiel, das 1993 in Japan auf dem Game Boy veröffentlicht wurde. Der Titel ist eine Mischung aus Tetris und dem Brettspiel Othello. Ihre Aufgabe besteht also darin, Gruppen schwarzer oder weißer Früchte zu platzieren, um Linien oder Diagonalen derselben Farbe zu erzeugen, um sie zu entfernen und die Punkte einzustecken. Wenn die Struktur vom oberen Bildschirmrand fällt, können Sie sie drehen, um Ihre Strategie zu perfektionieren. Wenn eine Etappe zu lange dauert, erscheint gelegentlich ein Feind, der Bomben wirft, die die Farbe der Früchte verändern und den Fortschritt behindern. Eine Stufe ist abgeschlossen, wenn alle Früchte vom Spielbrett entfernt wurden. Die Software enthält zwei Solo-Modi, mit denen Sie das Aussehen der Blöcke ändern können, sowie einen Versus-Modus.
Solitaire FunPak (USA, Europe)	Solitaire FunPak ist ein tragbares Solitärspiel. Es gibt 12 verschiedene Solitärformen (Klondike, Tripeaks, Pyramid, Cruel, Freecell, Golf, Canfield, Aces Up, Scorpion, Poker, Stonewall und Florentine). Es gibt auch einen Turniermodus, in dem Spieler an Standardspielen, einer vollständigen Meisterschaft, einem benutzerdefinierten Spiel oder einem benutzerdefinierten Spiel mit Zeitlimit teilnehmen können. Die besten Ergebnisse werden in der Hall of Fame gespeichert.
Solomon's Club (USA)	Solomon's Club ist eine Fortsetzung von Solomon's Key, das ein ähnliches Gameplay bietet, das Plattformspiele mit Puzzle-Elementen kombiniert. Es gibt fünf Ebenen mit jeweils zehn Räumen. In jedem Zimmer müssen Sie den Schlüssel abholen und zum Ausgang gehen. Sie können links und rechts von Ihnen oder in der Hocke unten links und unten rechts Blöcke erstellen oder entfernen. Sie können diese Blöcke als Plattform zum Klettern oder zum Blockieren von Feinden oder zum Abfeuern von Bällen verwenden. Sie können Blöcke auch zerschlagen, indem Sie von unten springen, beispielsweise durch einen Kopfstoß. Es gibt mehrere Feinde, wie zum Beispiel feuerspeiende Drachen, schießende Wasserspeier und Geister. Sammle Glocken, um Feen als Bonuspunkte aus dem Ausgang zu befreien, und sammle Münzen, um sie in Geschäften auszugeben. In einigen Zimmern gibt es einen Shop, in dem Sie Gegenstände wie Feuerbälle oder Hämmer kaufen können.
Soreyuke!! Kid (Japan)	Ein Action-Puzzle-Spiel, in dem wir den Clown Kid bei seiner Mission steuern, die 8 Schlüssel jeder Stufe einzusammeln und dabei Feinden auszuweichen, um schließlich die Ausgangstür zu öffnen und das Level abzuschließen.
Space Invaders (Japan) (En)	Diese Version von Space Invaders basiert auf dem Arcade-Spiel Space Invaders DX von 1994, es fehlt jedoch ein Modus dieses Spiels. Was bleibt, ist der klassische Modus, in dem der Spieler den Typ des Arcade-Schranks (aufrecht, schwarz-weiß usw.) als Hintergrund für die Aktion sowie den Versus-Modus für zwei Spieler auswählen kann. Der Versus-Modus ist ein geteilter Bildschirm. Jeder Spieler versucht zu überleben und mehr Eindringlinge als der Gegner zu eliminieren. Die Game Boy-Version bietet sowohl Ein- als auch Zwei-Spieler-Modi mit den üblichen Game Boy-Tönen (Schwarz und Grau). Wenn Sie den Wagen jedoch an einen Super Game Boy anschließen, können Sie das Spiel in allen vier Gehäusetypen der SNES-Version spielen.
Space Invaders (USA) (SGB Enhanced)	Diese Version von Space Invaders basiert auf dem Arcade-Spiel Space Invaders DX von 1994, es fehlt jedoch ein Modus dieses Spiels. Was bleibt, ist der klassische Modus, in dem der Spieler den Typ des Arcade-Schranks (aufrecht, schwarz-weiß usw.) als Hintergrund für die Aktion sowie den Versus-Modus für zwei Spieler auswählen kann. Der Versus-Modus ist ein geteilter Bildschirm. Jeder Spieler versucht zu überleben und mehr Eindringlinge als der Gegner zu eliminieren. Die Game Boy-Version bietet sowohl Ein- als auch Zwei-Spieler-Modi mit den üblichen Game Boy-Tönen (Schwarz und Grau). Wenn Sie den Wagen jedoch an einen Super Game Boy anschließen, können Sie das Spiel in allen vier Gehäusetypen der SNES-Version spielen.
Spanky's Quest (USA)	Spanky's Quest ist ein Spiel über einen Affen, der beschließt, ein Picknick zu machen. Auf seinem Weg durch den Wald sieht er eine Hexe am Himmel und aus dem Nichts beginnen Ziegelsteine, einen Turm rund um die Gegend, in der sich Spanky befindet, zu errichten. Die Hexe fordert Spanky auf, zum letzten Turm zu kommen, und sie wird ihn befreien, aber bevor sie fliegt Dann verwandelt sie die Früchte in seinem Rucksack in lebende Fruchtmonster. Ohne es zu wissen, lässt sie einen Zauberball fallen, der sich bereit erklärt, Spanky bei seiner Suche zu helfen. Ziel des Spiels ist es, alle sechs Türme zu überwinden, die aus 10 Leveln und einem Bosskampf bestehen. Um zum nächsten Level zu gelangen, müssen Sie die Anzahl an Schlüsseln beschaffen, die für die verschlossene Tür erforderlich sind. Schlüssel liegen herum, bis sie von einem Monster aufgehoben werden. In diesem Fall musst du deinen Ball auf sie werfen, um sie zu bekommen. Der Ball ist für verschiedene Angriffe geeignet: Baseball, Fußball, Volleyball und Basketball. Um einen stärkeren Ball zu erhalten, muss der Ball auf Spankeys Kopf aufprallen. Spanky erhält außerdem verschiedene Hüte, die ihm eine bestimmte Kraft verleihen, bis er diese verliert oder das Level endet.
Speedball 2 - Brutal Deluxe (USA, Europe)	Da es im Grunde genommen sehr einfach ist, erfordert das Spiel Reflexe und Gelassenheit. In der Tat schreitet sein Fortschritt voran und seine Gegner sind schnell und mächtig. Ich möchte die Verteidiger ausschließen, die Bonne Passes adressieren, den Porteur des Ballons in gutem Moment angreifen und den Bonus teilweise aus den nicht verfügbaren Dingen herausholen.
Speedy Gonzales (USA, Europe)	Speedy Gonzales ist ein Plattformspiel, in dem der Spieler die Looney Tunes-Figur Speedy Gonzales steuert. Der Spieler kann in den Side-Scrolling-Levels laufen. Ziel ist es, den Ausgang zu erreichen, ohne dass die Leben ausgehen. Wenn Speedy mit Gefahren wie Feinden, Grubenfallen und scharfen Stacheln in Kontakt kommt, gehen Leben verloren. Speedy kann durch das Sammeln von Münzen Punkte sammeln. Das Spiel übernimmt auch Elemente von Sonic. Speedy kann schneller und sogar kopfüber in Loopings laufen, nachdem er auf Stoßstangen gestoßen ist. Speedy kann auch höher springen, indem er auf die Köpfe von Pinguinen springt, und wenn er schnell ist, kann er durch bestimmte Wände rennen.
Spider-Man - X-Men - Arcade's Revenge (USA, Europe)	Spider-Man und seine mutierten Freunde brauchen Ihre Hilfe, um aus Arcades teuflischem Vergnügungspark zu entkommen – im Kampf gegen Killerclowns, hungrige Piranhas, tödliche Schicksalsbälle und tödliche Roboternachbildungen von Superschurken wie Carnage und Juggernaut! Bedeuten Spideys Netze, Wolverines Klauen, Gambits Energiekarten, Storms Blitze und Cyclops optische Explosionen das SPIEL AUS für Arcade? Das hängt von dir ab!!
Spider-Man 2 (USA, Europe)	In Spider-Man 2 für den Gameboy wacht Peter Parker eines Tages auf und erfährt, dass Spider-Man des Diebstahls beschuldigt wird. Er muss nun herausfinden, wer ihn beschuldigt und vor allem, was ihm vorgeworfen wird, da er absolut nichts Falsches getan hat! Dieses Action-Plattform-Spiel baut auf den Grundlagen des ersten Teils auf und schickt dich mit Spinnennetzen gegen das Verbrechen vor.
Spider-Man 3 - Invasion of the Spider-Slayers (USA, Europe)	Spidey steckt in einem Netz voller Schwierigkeiten! Die messerscharfen, bolzenfeuernden, mechanoiden Spinnenjäger wollen ihn rutschen und in Stücke reißen! Electro und Scorpion versuchen, ihn mit Stromblitzen zu braten! Aber Spider-Sense auf dem Bildschirm und verheerende neue Kampfbewegungen bedeuten, dass es noch nicht vorbei ist ... bis Spidey es sagt!
Spirou (Europe) (En,Fr,De,Es) (SGB Enhanced)	Spirou ist ein Plattform-Side-Scroller, der auf dem beliebten französisch-belgischen Comicstrip Spirou et Fantasio basiert. Die Geschichte beginnt in New York, wo der berühmte Erfinder Graf von Champignac seine neuesten Erfindungen vorstellen will. Auch die Journalisten Spirou und Fantasio, die treuesten Freunde des Grafen, sind anwesend. Plötzlich erscheint eine böse Roboterfrau, Cyanida (ursprünglich Cyanure genannt), von der bekannt ist, dass sie von Plänen zur Versklavung der Menschheit besessen ist, und entführt den Wissenschaftler! Wir dürfen keine Zeit verlieren, also eilen Spirou und sein Eichhörnchen Spip zur Rettung, während Fantasio zurückbleibt, um nach weiteren Informationen zu suchen. Der Spieler kontrolliert Spirou.
Splitz (Europe)	Splitz ist ein Remake des PC-Spiels „Split Personalities“ aus dem Jahr 1986. Das Gameplay ist im Wesentlichen das gleiche wie dieses Spiel und ähnelt einem Schiebepuzzlespiel, verfügt jedoch über andere Bilder. Im Gegensatz zu herkömmlichen Schiebepuzzles liegen nicht alle Teile von Anfang an auf dem Brett, sondern werden vom Spieler in die obere linke Ecke des Bretts geworfen. Die Teile können dann horizontal oder vertikal verschoben werden, um ein Bild zu erzeugen, das jederzeit per Knopfdruck angezeigt werden kann. Das Spiel ist zeitlich begrenzt und wenn ein Rätsel nicht schnell genug gelöst wird, geht eines von drei Leben verloren.
Sports Collection (Japan)	Sports Collection ist eine Sammlung der folgenden Spiele: Indianapolis 500: The Simulation Starbyte Super Soccer Tie Break
Sports Illustrated - Championship Football & Baseball (USA)	Sports Illustrated präsentiert Ihnen zwei beliebte Sportereignisse auf einem Cover. Erleben Sie die ununterbrochene Action des Profifußballs, während Sie gegen ein starkes gegnerisches Team antreten oder einen Baseballverein im Major-League-Stil zur Meisterschaft führen. Es liegt an Ihnen, die richtigen Entscheidungen zu treffen und Ihr Team an die Spitze der Konkurrenz zu führen.
Sports Illustrated - Golf Classic (USA) (SGB Enhanced)	Schnappen Sie sich Ihre Schläger und machen Sie sich auf den Weg zum Golf Classic-Platz! Dieses Spiel beinhaltet Autocaddy, Windfaktor, Schlägerwahl und volle Kontrolle über jeden Aspekt Ihres Schlags: Richtung, Spin, Kraft usw. Es stehen Ihnen zwei verschiedene 18-Loch-Plätze mit unterschiedlichen Schwierigkeiten und Hindernissen zur Verfügung.
Sports Illustrated for Kids - The Ultimate Triple Dare! (USA)	Meistere die Straßen, die Pisten und die drei heißesten Sportarten! Überprüfen Sie dies! Hast du das Zeug dazu, Schnee zu zerkleinern? Kommst du mit der Halfpipe zurecht? Kann man mit einem BMX Kies pumpen? Sie wissen, dass Sie es können – beweisen Sie es! Wählen Sie Ihren Herausforderer und Ihre Sportart: Snowboarden im Slalom oder in der Halfpipe, Skateboarden auf der Straße oder in der Tube oder Mountainbike-Rennen auf einem Trail oder Berg. Wenn Sie richtig heiß sind, probieren Sie den Triple Dare Triathlon mit einer großen Portion aller drei Sportarten! Authentische Bewegungen und Action – peppen Sie das Ganze mit einigen tollen Stunts auf, um zusätzliche Styling-Punkte zu erhalten. Komm schon – probiere einen Backside Alley-Oop auf deinem Board – wir fordern dich heraus! Wenn Sie es richtig machen, könnten Sie am Ende ein echter „Sports Illustrated For Kids HotShot“ werden!
Spot - The Cool Adventure (USA)	Cool Spot auf dem Gameboy ist ein farbiges Plattenspiel mit der Bezeichnung „cool attitude“. Sie verkörpern das Maskottchen der Marke 7up. Das Ziel besteht darin, ein Maximum an Bouchons zu sammeln, um das Niveau zu überqueren und an die Kette heranzukommen.
Spot - The Video Game (USA)	Ein Puzzlespiel, bei dem es sich lose um die Lizenz des 7Up-Erfrischungsgetränks handelt. Das Gameplay umfasst bis zu 4 Spieler, die entweder Menschen oder Computer sein können und jeweils Flecken einer bestimmten Farbe einnehmen. Sie beginnen an gegenüberliegenden Ecken und bewegen sich abwechselnd, indem sie entweder einen ihrer Punkte „reproduzieren“, um einen weiteren auf einem angrenzenden Feld zu bilden, oder indem sie einen Sprung machen und dabei das Feld verlieren, das Sie hatten, aber zwei Felder wegnehmen.
Spud's Adventure (USA)	&quot;Spud's Adventure&quot; é um jogo de aventura lançado para Game Boy em 1991. No jogo, você controla um personagem chamado Spud, que é um pequeno tubérculo em busca de sua terra natal, Potato Land. Para completar sua missão, Spud deve explorar uma variedade de áreas, enfrentar inimigos e resolver quebra-cabeças ao longo do caminho. O jogo foi muito elogiado por sua trilha sonora cativante, gráficos coloridos e jogabilidade desafiadora. Se você é fã de jogos de plataforma com elementos de aventura, definitivamente deve experimentar &quot;Spud's Adventure&quot;!
Spy vs Spy - Operation Boobytrap (USA)	Die Spieler schlüpfen in die Rolle eines Spions in Weiß (oder Schwarz) und begeben sich auf eine Mission, um an vier verschiedene Orte zu gehen und vier Gegenstände einzusammeln: eine CD, einen Reisepass, einen Schlüssel und eine Summe Bargeld (sowie eine Aktentasche zur Aufbewahrung). diese Dinge). Aber es gibt einen Haken: Ein anderer Spion ist ebenfalls auf derselben Mission. Die Spieler müssen ihn aus dem Weg fegen und die Gegenstände einsammeln, bevor er es tut!
Square Deal - The Game of Two-Dimensional Poker (USA)	Square Deal, in Japan auch als Cadillac II bekannt, ist ein von Hect entwickeltes und veröffentlichtes Spiel, das 1990 in Japan veröffentlicht wurde.
Star Sweep (Japan) (SGB Enhanced)	In diesem Spiel, das entfernt an Tetris erinnert, sammeln die Spieler Punkte, indem sie Sternblöcke eliminieren. Ein Sternblock ist ein farbiges Rechteck, das an einem Ende mit einem Stern markiert ist. Diese Blöcke verschwinden, wenn die Sterne zweier Blöcke derselben Farbe einander berühren. Im Spiel erheben sich Sternblöcke und Hindernisse vom unteren Bildschirmrand, während der Spieler einen Cursor dreht, der bestimmt, wo zusätzliche Sternblöcke ins Spiel kommen. Das Spiel verfügt über einen Einzelspielermodus und einen Wettbewerbsmodus sowie einen Story-Modus mit Bossen und einer gelinde gesagt seltsamen Handlung: Oberflächlich betrachtet scheint das Spiel tatsächlich ein Sport zu sein, bei dem Kinder eine Kreatur namens Sternenschwein mit Stöcken zerfleischen, um sie dazu zu bringen, Sternenblöcke zu erbrechen ...
Star Trek - 25th Anniversary (USA, Europe)	Diese Veröffentlichung im Jahr 1991 sollte mit dem 25. Jahrestag der Fernsehserie der 60er Jahre zusammenfallen. Die Handlung dieses Treks basiert auf einer riesigen „Weltuntergangsmaschine“, die Schiffe, Planeten und andere wertvolle Dinge im Raum der Föderation zerstört. Die Föderation hat eine Waffe konstruiert, um die Weltuntergangsmaschine zu besiegen, aber die Klingonen glauben, dass sie gegen sie eingesetzt wird. Also stehlen sie die Waffe und zerlegen sie in 12 Teile, die über 3 Planeten verteilt sind. Es liegt an der Besatzung der Enterprise, zu den drei Planeten zu reisen, alle zwölf Teile der Waffe zu bergen und schließlich die Weltuntergangsmaschine zu stoppen. Es gibt zwei Spielmodi. Zunächst gibt es ein Side-Scrolling-Shoot-Em-Up, bei dem Sie die Enterprise durch Asteroidenfelder und feindliche Flotten steuern. Zweitens gibt es ein Overhead-View-Spiel, bei dem Sie Captain Kirk um den Planeten manövrieren, um die Teile der Waffe einzusammeln.
Star Trek - The Next Generation (USA, Europe)	Kadetten der Sternenflottenakademie müssen einen Teil ihres Unterrichts im Raumschiffsimulator absolvieren. Dieses Jahr ist eine Simulation der U.S.S. Unternehmen. Als Ersatz für Jean-Luc Picard übernehmen die Kadetten die Rolle des Kapitäns und müssen dann auf verschiedene Besatzungsmitglieder (Funktionen des Schiffes) zugreifen, um eine Reihe von geskripteten Missionen abzuschließen. Star Trek: The Next Generation ist in eine Reihe von Missionen unterteilt. Die Spieler starten auf dem Hauptbildschirm der Brücke und können von dort aus auf Navigation, Taktik, Betrieb, Technik, Transportsysteme und Missionskontrolle zugreifen. Minispiele werden manchmal verwendet, um bestimmte Schiffsfunktionen auszuführen (z. B. die Umleitung der Energie auf die Schilde).
Star Trek Generations - Beyond the Nexus (USA) (SGB Enhanced)	Das Spiel folgte weitgehend der Handlung des Films Star Trek Generations. Die Spieler steuern ihr Schiff aus der Ego-Perspektive, bewegen sich zwischen Markierungen oder nutzen Phaser und später Photonentorpedos, um feindliche Schiffe anzugreifen. Stehende Levels werden aus der Top-Down-Perspektive gespielt und beinhalten entweder Phaser-Kämpfe oder das Durchqueren von Labyrinthen. Die restlichen Level bestehen aus einfachen Rätseln wie dem Zuordnen von Symbolen.
Star Wars (World) (Limited Run Games)	Dieses Gameboy-Spiel basiert größtenteils auf dem Film &quot;Eine neue Hoffnung&quot; aus der Star-Wars-Saga, der 1977 veröffentlicht wurde. Es vereint viele verschiedene Spielstile, ist aber hauptsächlich ein horizontal scrollendes Jump'n'Run-Spiel. Das Spiel beginnt auf Tatooine, wo Sie in die Rolle von Luke Skywalker schlüpfen. Später haben Sie die Möglichkeit, Prinzessin Leia und Han Solo zu steuern.
Star Wars - The Empire Strikes Back (World) (Limited Run Games)	Basierend auf dem Film, daher ist die Handlung im Grunde dieselbe. Sie spielen als Luke Skywalker und müssen mit Ihren Blaster-, Lichtschwert- und Machtfähigkeiten durch Hoth, Echo Base, Dagobah, Bespin und Cloud City reisen. Unterwegs tauchen Feinde wie Darth Vader und Boba Fett auf, während R2, Yoda und Obi-Wan auftauchen und Ihnen Hinweise auf die Schwächen der Feinde geben. Halten Sie auch Ausschau nach Dingen, die Sie im Film nicht sehen, wie zum Beispiel dem Versuch, Slave 1 (Boba Fetts Schiff) zu besiegen und gegen Cloud Cars zu kämpfen.
Stargate (USA, Europe)	Stargate für Gameboy ist ein Action-/Plattformspiel, das auf dem gleichnamigen Film von Roland Emmerich basiert. Der Spieler spielt Colonel O'Neil und seine erste Mission besteht darin, sein Team sowie Doktor Jackson zu finden, während sie das Sternentor überquert haben, um den fernen Wüstenplaneten Abydos zu erreichen. Dann wird es notwendig sein, den Angriff gegen Râ und seine Truppen zu leiten, in der Hoffnung, heil zur Erde zurückzukehren.
StarHawk (World) (Limited Run Games)	Die Geschichte von StarHawk handelt von einer bösen außerirdischen Rasse, die alles erobern will. Der Spieler steuert ein Raumschiff, dessen übergeordnete Aufgabe darin besteht, sie alle zu töten. Es handelt sich um einen Side-Scrolling-Shooter, bei dem sich das Raumschiff von links nach rechts bewegt, während es auf feindliche Formationen trifft. Jeder Treffer oder Kontakt mit der Umwelt bedeutet den sofortigen Tod, aber solange noch Leben übrig sind, kommt das Schiff sofort zurück. Power-Ups verbessern das Waffensystem oder verleihen ein Extraleben. Es gibt fünf Level mit jeweils einem Boss und zwei Schwierigkeitsstufen.
Stop That Roach! (USA)	Stop That Roach! ist ein rundenbasiertes Strategiespiel, bei dem der Spieler in jedem Level eine Reihe von Kakerlaken eliminieren muss. Der Spieler hat fünf Spielzüge, in denen er eine bestimmte Anzahl an Plättchen bewegen, Fallen aufstellen, die Kakerlaken mit dem Fuß erschrecken, auf sie treten, sie mit einem Besen schlagen oder sie mit einem Insektizid besprühen kann. Als nächstes sind die Kakerlaken an der Reihe, deren Handlungen durch genaue Regeln vorgegeben sind. Wenn die Insekten entkommen oder das Futterstück erreichen können, das Sie schützen sollen, verlieren Sie die Runde. Der Sieg ist erreicht, wenn alle Kakerlaken entweder getötet oder gefangen werden. Das Spiel enthält ein ausführliches Tutorial mit Erklärungen aller Spielmechaniken.
Street Fighter II (USA, Europe) (SGB Enhanced)	Vor den beeindruckenden Grafiken, 3D-Animationen und 30 Treffer-Kombo-Angriffen gab es den einfachen Drachenfaustschlag und Feuerball. In dieser stark vereinfachten Version des originalen Street Fighter II-Arcadespiels kannst du aus einer ausgewählten Gruppe von Kriegern wählen, darunter Ryu, Ken, Guile, Blanka, M. Bison, Chun Li, Zangief, Balrog und Sagat, von denen jeder einen einzigartigen Kampfstil und spezielle Angriffe besitzt. Spiele den Einzelspieler-Arcademodus und kämpfe dich durch jeden Charakter im Spiel bis zum Endboss Bison durch oder spiele im Zwei-Spieler-Modus gegen einen Freund.
Street Racer (USA, Europe)	Street Racer ist ein Kart-Rennspiel, das Super Mario Kart ähnelt. Bis zu vier Spieler können im Splitscreen spielen. Gibt es keine menschlichen Gegner, kann der Spieler in drei Ligen gegen sieben Computergegner fahren. Wenn der Spieler die erste Liga gewinnt, kann er in der zweiten spielen und so weiter. Das Spiel verfügt über acht verschiedene Fahrzeuge mit unterschiedlichen Fähigkeiten in Bezug auf Geschwindigkeit, Eile oder Widerstand. Auf den Strecken gibt es auch einige Power-Ups wie Bomben, Nitrotreibstoff und Gesundheitspakete.
Sumo Fighter (USA)	Ungeachtet dessen, was der Titel vermuten lässt, ist Sumo Fighter kein Sportspiel, sondern ein seitlich scrollendes Plattformspiel. Der Spieler schlüpft in die Rolle eines Sumo-Ringers, der fünf Level (mit jeweils drei Leveln und einem Boss) durchqueren muss, um seine entführte Freundin zu retten. Der Protagonist verfügt über zwei Angriffsmöglichkeiten: seine Fäuste und einen Stampfangriff, der zusätzlich zum Schaden Feinde betäuben kann. Erfahrungspunkte werden für das Töten von Feinden, das Lösen versteckter Minispiele und das Sammeln von Power-Ups wie Gesundheitserfrischungen oder vorübergehende Unbesiegbarkeit vergeben. Letztendlich führt dies zu einem Levelaufstieg und der Spieler kann wählen, ob er einen der beiden Angriffe verbessern oder seine maximale Gesundheit erhöhen möchte. Die Minispiele sind Sumo-Ringen, Armdrücken und Daumendrücken. Bei allen handelt es sich um Reaktionstests, bei denen eine Taste gedrückt werden muss, um die Bewegung des Cursors nach links und rechts an der richtigen Stelle zu stoppen.
Sunsoft Grand Prix (Europe)	Fahren Sie auf der härtesten Rennstrecke gegen die härtesten Fahrer der Welt. Auf Kurs zu bleiben bedeutet, Haarnadelkurven und atemberaubende Kurven zu überwinden, während Sie versuchen, im dichten Verkehr den Geschwindigkeitsweltrekord aufzustellen.
Super B-Daman - Fighting Phoenix (Japan) (SGB Enhanced)	Super B-Daman: Fighting Phoenix ist eine Zusammenstellung von Minispielen, die es Ihnen ermöglichen, mit der Figur Bomberman viele Variationen des Bowlings auszuprobieren. Bei einigen Ereignissen müssen Sie beispielsweise Bälle auf Bomben werfen, damit diese alle auf einmal explodieren. Eine weitere Herausforderung besteht darin, so viele Bälle wie möglich in die Löcher zu werfen und dabei den Fallen auszuweichen, die auf den Protagonisten fallen.
Super Battletank (USA)	Super Battletank: War in the Gulf ist eine Panzersimulation für 1 Person. Die Kinder sitzen im Cockpit eines Panzers M1 Abrams. Die Befehle können während des Fahrens beschleunigt, abgebremst, in die Luft gefahren und in die Luft gefahren werden, der Kanon des Pferdes in die Luft und in die Luft verschoben, mit dem Arm ermüdet und die Karte überprüft werden. Aber du musst dich an die Stelle deiner Feinde stellen, dich mit dem Kanon von Abrams in Einklang bringen und ihn ermüden, um ihn zu vernichten. Jede Mission deckt eine große Zone ab, und der Spieler muss die Karte während der Zeit konsultieren, um sich an die Enden seiner Freunde zu wenden. Der Charakter M1 Abrams verfügt außerdem über zwei Spezialwaffen: Der Laser ist mächtiger als der normale Kanon, und der Rauchrahmen ermöglicht das Abfeuern.
Super Bikkuriman - Densetsu no Sekiban (Japan)	Phoenix und Tiki kämpften und erforschten die Lithographie, um die vorrückenden Akuma-Streitkräfte zu besiegen, die vorhatten, die Welt zu erobern. Ein neuer Feind versuchte jedoch, die Lithographie zu übernehmen, was Phoenix und Tiki dazu zwang, sich dieser neuen Bedrohung zu stellen. Während der Schlacht werden Phoenix und Tiki in die antike Zeit Tenchikyuus geschickt und die Lithographie aus dieser Zeit wird zerstört. Wenn es nicht repariert wird, wird sich die Zukunft verändern und die Welt wird ruinieren. Im „Charakobatti“-Versus-Modus können zwei Spieler als BikkuriMan-Charaktere in einem sich drehenden Minispiel, ähnlich wie bei Beyblade, gegeneinander antreten.
Super Black Bass (USA)	Super Black Bass ist ein Barsch-Angelspiel, bei dem Spieler an vier verschiedenen Seeturnieren teilnehmen können. Der Spieler kann angeln in: Skywater Lake (Local Amateur), Clear Lake (Amateur), Murphy Lake (Pro) und Bluestone Lake (Super Bass), wobei das Ziel darin besteht, vor einem bestimmten Zeitlimit Barsche einer bestimmten Gewichtsgrenze zu fangen.
Super Black Bass Pocket 2 (Japan) (SGB Enhanced)	Super Black Bass Pocket 2, die Fortsetzung des ersten Opus für den Game Boy, ist ein Angelspiel. Die Software bietet die Möglichkeit, die Ränge zu erklimmen, bis man den ersten Platz im Angelwettbewerb erreicht, bei dem man gewichtsmäßig mehr Fische fangen muss als die Konkurrenten. An Bord Ihres Bootes wählen Sie zunächst den Ort aus, an dem Sie Ihre Angel auswerfen möchten. Nachdem Sie die Ausrüstung (Rute, Köder usw.) sorgfältig ausgewählt haben, müssen Sie die Fische mit einer Fähigkeit anlocken, die nur Sie beherrschen. An die Ruten, fertig, angeln. Die Super Black Bass Pocket-Spiele wurden ausschließlich in Japan veröffentlicht.
Super Breakout (USA)	Super Breakout bietet ein ähnliches Spielprinzip wie das Original, aber mit neuen Varianten. Ihr Ziel ist es, so viele Punkte wie möglich zu erzielen, indem Sie die Ziegelsteine am oberen Bildschirmrand zerstören. Dazu müssen Sie mit dem Schläger am unteren Bildschirmrand einen hüpfenden Ball innerhalb des Spielfelds halten. Es sind vier Spielvarianten enthalten. Die erste heißt &quot;Breakout&quot; und wird wie das Originalspiel gespielt.
Super Chase H.Q. (USA, Europe)	Super Chase Hauptquartier ist eine erweiterte Fortsetzung von Chase H.Q. Wie üblich müssen Sie auf das Fahrzeug eines Kriminellen zufahren, der bekanntermaßen in ein Verbrechen verwickelt ist, und dabei vorbeifahrenden Autos ausweichen, um Punkte zu sammeln. Ihr Auto ist außerdem mit drei Turbos ausgestattet, was nützlich sein kann, wenn Sie sich weit hinter dem Fahrzeug befinden. Aber dieses Mal sind nicht nur Autos die einzigen Dinge, um die Sie sich Sorgen machen müssen. Sie werden auch auf Fahrräder stoßen, die auf Sie schießen oder Brandbomben werfen, sowie auf Autos, die in die falsche Richtung fahren. (Wenn Sie gegen eines davon prallen, werden Sie durch die Luft geschleudert.) Ganz zu schweigen von anderen Hindernissen wie Barrikaden.
Super Chinese Fighter GB (Japan) (SGB Enhanced)	Super Chinese Fighter GB ist ein 2D-Kampfvideospiel für den Game Boy, das 1996 von Culture Brain veröffentlicht wurde. Es ist Teil der Super Chinese-Reihe. Wie Super Chinese Fighter für das SNES ermöglicht Fighter GB den Spielern die Teilnahme an Kampfspielschlachten mit Charakteren aus den Super Chinese-Spielen, darunter Jack und Ryu. Das Spiel hat 12 verschiedene Kämpfer. Spieler können „Super-Techniken“ für ihre Spezialangriffe nutzen und diese mit ihrer „Super-Verteidigung“ blockieren. Dieses Spiel verfügt für ein Game Boy-Spiel über ein hohes Maß an Animationen und Kampfbewegungen und es ist möglich, Kombos zu liefern, die mehr als 10 Schadenstreffer verursachen.
Super Chinese Land 1-2-3' (Japan) (SGB Enhanced)	Zusammenstellung, die drei Titel aus der „Super Chinese“-Saga auf einer Kassette vereint. Beim ersten Spiel handelt es sich um Action-Spiele, bei denen um das Abschließen von Szenarien gekämpft wird, beim zweiten und dritten Spiel handelt es sich um Action-Rollenspiele (Action-RPGS).
Super Chinese Land 3 (Japan) (SGB Enhanced)	Super Chinese Land 3 ist ein Action-Rollenspiel, das exklusiv in Japan veröffentlicht wird. Während das erste Werk ein reines Beat'em All war, setzt dieser Teil die Absichten der zweiten Episode fort, indem er Rollenspielcharakteristika integriert, da die Ninjas Jack und Ryu eine neue Umgebung erkunden müssen, die mit ihrer Karte, ihren Dörfern, Dungeons und anderen Dingen ausgestattet ist -Spielercharaktere zum Befragen. Der Held muss Geld einstecken, um seine Ausrüstung zu verbessern und Erfahrungspunkte zu sammeln, um härter zu werden. Super Chinese Land 3 kann alleine oder zu zweit gespielt werden und bietet dennoch Echtzeitkämpfe wie jedes andere Beat'em-All.
Super Hunchback (USA)	Quasimodo schnallt sich ein letztes Mal seinen treuen Buckel um, um seine Geliebte, die immerwährend gefährdete Esmeralda, zu retten, diesmal gefangen genommen von einem neuen Schurken, dem schrecklichen Halfenpounder. Sie müssen rennen, springen und Obst essen (kann Unterernährung einen Buckel verursachen? Kann die Ernährung das rückgängig machen?), und zwar durch eine abwechslungsreiche Reihe von Plattformumgebungen, wobei Sie über rollende Baumstämme springen (und auf rollende Baumstämme springen), die Sie kurzzeitig betäuben, wenn Sie Ihren Sprung nebeln, und durch stachelige Gruben, die Sie genauso sicher aufspießen wie im Original, an Seilen schwingen und das Ende jedes Levels signalisieren, indem Sie dort eigens zu diesem Zweck eine riesige Glocke läuten. Da unser Kumpel Quasi aus Paris und nicht aus Krypton stammt und nicht groß wird, wenn er Pilze isst, muss man daraus schließen, dass es die amüsanten Leerlaufanimationen und versteckten Bonuslevel sind, die diesem Spiel das Präfix &quot;Super&quot; verleihen.
Super James Pond (Europe)	Dr. Maybes gefährlich zwielichtige Pläne zur Weltherrschaft gehen weiter. In einem zähen Versuch, die größte Spielzeugfabrik der Welt zu sabotieren, platzierte er Pinguinbomben in Spielzeugfabriken am Nordpol. James Pond kommt als RoboCod in einem weiteren großartigen Meeresabenteuer zur Rettung! Mit einem riesigen Spielbereich – über 2.500 Bildschirmen voller actiongeladenem Gameplay; 8 riesige Level, jedes mit vielen Abschnitten.
Super Kick Off (Europe) (En,Fr,De,It,Nl)	Super Kick Off ist ein Fußballspiel. Dieses Videospiel umfasst 40 Mannschaften (16 Nationalmannschaften und 24 Vereine). Es enthält einen Editor, mit dem Sie Ihre eigenen Spieler und Teams erstellen können. Es umfasst die folgenden Spielmodi: Meisterschaft, Einzelspiel, Training, Pokal und internationale Modi (Freundschaftsspiel, Pokal und Meisterschaft). Das Training ermöglicht es Ihnen, Schießen, Passen, Torschüsse und sogar Dribblings zu üben.
Super Mario Land (World)	In Marios bejubeltem Debüt auf dem Game Boy verschlägt es den wendigen Klempner in unbekannte Lande: Sarasaland, in dem das böse Weltraumungeheuer Tatanga die Menschen hypnotisiert und Prinzessin Daisy entführt hat! Das Gameplay mit seiner gelungenen Mischung aus Jump'n'Run und Power-Ups ist zwar zu Anfang vertraut, doch Super Mario Land ist durch die Einbindung von Fahrzeugen wie Flugzeug und U-Boot, mit denen sich Mario fortbewegen kann, einzigartig. An Land, zu Wasser und in der Luft wirst du dein ganzes Geschick brauchen, um die vier Königreiche von Sarasaland zu durchqueren. Denn nur so kannst du den hinterhältigen Tatanga besiegen und Daisy retten.
Super Mario Land 2 - 6 Golden Coins (USA, Europe)	Super Mario Land 2 für GameBoy ist Marios größtes Abenteuer, das er je auf dem Game Boy erlebt hat. Sein Erzrivale Wario hat sich im Mario Land eingenistet und treibt sein übles Spiel. Dem muss ein Ende gesetzt werden! Allerdings nur mit den sechs Goldmünzen kann Mario in Super Mario Land 2 für GameBoy die Tore zu seinem eigenen Schloss öffnen. Und diese sagenhaften Münzen hat Wario gut versteckt! Unzählige Horden von Monstern lauern Mario in neuen faszinierenden Welten auf. Superpilz, Feuerblume und Stern geben Mario die Super Power, die ihm hilft, dieses actiongeladene Abenteuer heil zu überstehen. Findet er dann die magische Möhre wird Mario in Super Mario Land 2 für GameBoy sogar zum ohrenschwingenden Flughasen.
Super Momotarou Dentetsu (Japan)	Dies ist eine Game Boy-Version eines Spiels, das auf der NES-Engine und auf dem PC sehr beliebt war. Der Schauplatz des Spiels ist überall in Japan verteilt. Mithilfe eines Würfels reisen Sie mit dem Zug quer durch das Land und wollen ein reicher Mensch werden. Indem Sie als Erster an Ihrem Ziel ankommen, können Sie viel Geld verdienen und Immobilien kaufen, um Ihr Vermögen zu vergrößern.
Super Momotarou Dentetsu II (Japan)	Dies ist ein Brettspiel mit dem berühmten Momotaro. Auch das im Vorgängerspiel beliebte Positionswechselsystem wurde auf dieses Spiel übertragen und es erscheinen erstmals auch neue Karten. Das Lustige an diesem Spiel ist seine Bösgläubigkeit. Es gibt sehr schlechte KI-Charaktere, NPCs (Nicht-Spieler-Charaktere), die aus dem Nichts auftauchen, und natürlich sind die Karten sehr schlecht. Wenn Sie es wirklich spielen, möchten Sie den Kerl neben Ihnen schlagen. Eine Portierung, die im Vergleich zur Super Nintendo-Version gut abschneidet.
Super Off Road (USA, Europe)	Betreten Sie die Welt des Offroad-Rennens, während vier Fahrzeuge auf einer Reihe von Strecken, die auf umgekehrten und umgekehrten Versionen einer Kernauswahl basieren, gegeneinander antreten. Ruhm, Ruhm und in Bikinis gekleidete Frauen warten auf Ihre Siege und der Geschmack von Dreck erwartet Sie, wenn Sie scheitern. Lassen Sie sich von einem Computerauto schlagen und Sie verlieren einen Ihrer 3 Credits.
Super Pachinko Taisen (Japan) (SGB Enhanced)	Ein Pachinko-Spiel, portiert vom Super Nintendo Entertainment System. Ultraman, Kamen Rider und andere Helden kämpfen unter dem Pachinko-Tisch. Es gibt keine schwierige Strategie oder Arbeit. Es mag eintönig erscheinen, aber das ist der Reiz des Spiels. Es ist ein Spiel mit einem sehr seltsamen Geschmack. Es scheint für den Game Boy geeignet zu sein. Es scheint gut zu sein, um die Zeit totzuschlagen. Wenn Sie Wert auf ein tolles Tragegefühl legen, kann es etwas schwer sein.
Super R.C. Pro-Am (USA, Europe)	Super R.C. Pro-Am ist das Game Boy-Update des klassischen ferngesteuerten Autospiels von Rare. 4 Computer- oder menschliche Rennfahrer versuchen, so schnell wie möglich über die Strecke zu kommen und dabei Gefahren wie Ölteppichen und Verkehrskegeln auszuweichen. Es gibt auch Waffen, mit denen Sie die anderen Autos vorübergehend außer Gefecht setzen können. Das Ziel des Spiels ist es, die auf den Gleisen gefundenen Buchstabensymbole zu sammeln, die „NINTENDO“ bedeuten. Durch das Sammeln der Buchstaben können Sie in schnellere Autos aufsteigen und schließlich die Meisterschaft gewinnen.
Super Robot Taisen (Japan)	Super Robot Taisen ist ein Actionspiel voller Strategie auf dem Gameboy. Sie steuern eine Armee organischer Roboter, die auf dem Planeten der Superroboter leben. Die Bewohner dieses Sterns werden von einem galaktischen Monster namens Gil Gil Gan angegriffen und vergiftet, das die Kontrolle über sie übernimmt. Die Spieloberfläche stellt eine Weltkarte dar, auf der Sie Ihre Roboter bewegen und Kampfbefehle erteilen, die Runde für Runde abgespielt werden. Jeder Roboter hat seine Eigenschaften.
Super Scrabble (USA)	Bei allem, was Super Scrabble zu bieten hat, wird selbst der traditionellste Scrabble-Spieler vor Freude lächeln. Beobachten Sie, wie der Computer sein über 40.000 Wörter umfassendes Wörterbuch scannt! ZOOMEN Sie auf einen beliebigen Teil des Spielbretts, um eine Nahaufnahme zu erhalten. Denken Sie, dass Ihr Gegner versucht, einen schnellen Angriff zu erzielen? Fordern Sie das Wort heraus! Sie versuchen nicht mehr, Ihre Buchstaben zu verwenden? Verwenden Sie die DUMP-Option, um sie zu ersetzen! 5 Schwierigkeitsstufen und 4 verschiedene Spieloptionen machen jedes Spiel zu einer atemberaubenden Herausforderung!
Super Star Wars - Return of the Jedi (USA, Europe) (SGB Enhanced)	Sie wählen Ihren Charakter aus dem Film (Luke Skywalker, Han Solo, Prinzessin Leia oder Chewbacca) vor jedem Level aus, da jeder über unterschiedliche Fähigkeiten verfügt, und versuchen, Level basierend auf den Filmszenen zu meistern, in denen Sie Lichtschwerter, Blaster oder Armbrüste usw. schwingen . abhängig von Ihrer Charakterwahl. Das Gameplay besteht aus Standard-Plattform-Action, aufgepeppt mit einigen leicht unterschiedlichen (spieltechnischen) Sequenzen. Rase in einem Speeder zum Palast von Jabba the Hutt, kämpfe dich durch die Schergen von Jabba the Hutt, bevor du Jabba selbst tötest, steuere Speeder-Bikes und den Millennium Falcon und vieles mehr.
Super Street Basketball (Japan) (En)	Super Street Basketball ist ein Basketballspiel, das 1992 exklusiv in Japan auf dem Game Boy veröffentlicht wurde. Die Software bietet nur Zwei-gegen-Zwei-Konfrontationen, bei denen Sie geschickt zwischen den Spielern wechseln müssen, um die gegnerische Verteidigung zu durchkreuzen und Tore zu erzielen. Körbe durch eine Fertigkeit Mini Spiel. Letzteres erfordert das Drücken der Taste zum richtigen Zeitpunkt, wenn der Cursor den oberen Rand einer Leistungsanzeige erreicht. Mit den Optionen können Sie den Schwierigkeitsgrad der KI sowie die Anzahl der für den Sieg erforderlichen Punkte konfigurieren.
Super Street Basketball 2 (Japan) (En) (SGB Enhanced)	Ein Basketballspiel, das auf dem beliebten Straßenbasketballspiel basiert. Wenn Sie fotografieren, wechselt der Bildschirm zu einer stark vergrößerten Ansicht. Die Steuerung wurde gegenüber dem Vorgängerspiel verbessert!
Superman (USA, Europe) (SGB Enhanced)	Der finstere Lex Luthor ist wieder am Start! Mit seiner mächtigen Waffe, dem LEXOSKEL-5000, wird er vor nichts zurückschrecken, um den Mann aus Stahl zu vernichten und die Kontrolle über Metropolis zu übernehmen. Aber jetzt müssen Sie als Superman in einem Kampf gegen das Böse zu Lande, in der Luft und zu Wasser zur Rettung kommen. Nehmen Sie es mit den mysteriösen Shadow Walkers auf, kämpfen Sie gegen den bedrohlichen Außerirdischen The Preserver, entkommen Sie schwerem Artilleriefeuer und besiegen Sie den LEXOSKEL-5000, bevor Lex Luthors Plan Metropolis für immer verdammt!
Suzuki Aguri no F-1 Super Driving (Japan)	Aguri Suzuki F-1 Super Driving, veröffentlicht als Redline F-1 Racer in Nordamerika sowie in Europa und Japan unter seinem Originaltitel, ist ein Formel-1-Rennsimulator für das Super Nintendo Entertainment System. Das Spiel ist nach dem japanischen Formel-1-Fahrer Aguri Suzuki benannt.
Swamp Thing (USA, Europe)	In den Bayous von Louisiana wird das Labor von Dr. Alec Holland von seinem Rivalen Dr. Anton Arcane angegriffen. Er möchte die Formel für eine Lösung stehlen, an der Dr. Holland arbeitet. Nach der Laborexplosion und dem Kontakt mit der Lösung verwandelt sich Dr. Holland in das Sumpfding. Swamp Thing muss die restlichen Proben der Lösung finden und gegen Dr. Arcane und seine Schergen kämpfen.
Sword of Hope II, The (USA)	The Sword of Hope II erzählt die Geschichte von Prinz Theo, der zusammen mit dem jungen Überlebenden Mute und weiteren Gefährten gegen das Böse antritt. Vor 500 Jahren hatte König Winder den Dämon Zakdos in einem versiegelten Sarg gebannt, doch ein Dieb bricht das Gefängnis auf – Zakdos entkommt, löscht fast den gesamten Clan des Zauberers Colin aus und bringt zusätzlich das Schwert der Hoffnung in seine Gewalt, mit dem einst ein Drache gebannt wurde. Deine Aufgabe ist es, Zakdos zu stoppen und das Schwert zurückzuerlangen, bevor der Drache erwacht. Anders als im Vorgänger steuerst du nun eine Gruppe von bis zu drei Charakteren. Die Welt erkundest du aus der Ich-Perspektive, bewegst dich über Richtungspfeile und nutzt Befehle wie „sehen“, „öffnen“ oder „schlagen“, um mit der Umgebung zu interagieren. Kämpfe laufen rundenbasiert ab – du kannst angreifen, Items oder Magie einsetzen oder die Flucht versuchen.
Sword of Hope, The (USA)	In Sword of Hope übernimmt ein böser Drache die Macht und Kontrolle über den König und droht das ganze Land ins Verderben zu reißen. Er verwandelt die Bewohner des Landes in Bäume und als der kleine Prinz Theo geboren wird, befielt er dem König ihn umzubringen. Theo wird vom Ritter Pascal in Sword of Hope für GameBoy gerettet und in einen Wald gebracht. Dort lebt er 15 Jahre, bis er stark genug ist um sich der Bedrohung entgegen zu stellen.
T2 - The Arcade Game (USA, Europe)	Wie der Titel schon sagt, handelt es sich hierbei um die Eigenkonvertierung des Arcade-Rail-Shooters basierend auf dem Film Terminator 2: Judgement Day. Bis zu zwei Spieler schießen als Roboterkiller, die neu programmiert wurden, um dem menschlichen Widerstand zu dienen, durch zukünftige und gegenwärtige Level.
Taikyoku Renju (Japan) (En,Ja)	Taikyoku Renju ist ein Brettspiel ähnlich Othello oder Reversi, das von Towa Chiki veröffentlicht wurde und 1990 in Japan veröffentlicht wurde. Dabei handelt es sich um ein Spiel, das gegenüber Gomoku-sara verbessert wurde, um weltweit eingesetzt zu werden. Es gibt drei Möglichkeiten zu spielen: gegen den Computer, gegen einen Spieler und gegen Tsume-Renju. Als Hintergrundmusik kann zwischen Pop, Rock, Jazz und Enka gewählt werden.
Tail 'Gator (World) (Limited Run Games)	Tail Gator auf dem Gameboy ist ein Plattformspiel, in dem Sie als Krokodil spielen und sich durch Umgebungen voller Monster bewegen. Sie können nur springen und Ihre Feinde mit dem Schwanz abwischen. Wenn Sie jedoch genügend „P“-Symbole sammeln, können Sie aus der Ferne zuschlagen. Viele Truhen sind verstreut. Es liegt an Ihnen, sie zu öffnen, um Ihre Punktzahl zu erhöhen!
Taito Variety Pack (Japan)	Taito-Zusammenstellung mit 4 Spielen: - Bubble Bobble - Sagaia - Chase H.Q. - Elevator Action
Taiyou no Tenshi Marlowe - Ohanabatake wa Dai-panic (Japan)	Taiyou no Tenshi Marlowe: Ohanabatake wa Dai-Panic! (Sunshine Angel Marlowe: Panic in Bloomland!) ist ein seltsames Spiel. Es handelt sich im Wesentlichen um ein Puzzlespiel, das schwer zu klassifizieren ist. Obwohl das Spiel nur in Japan veröffentlicht wurde, ist es für Nicht-Japanischsprachige vollständig spielbar. Das Einzige, was verloren gehen würde, ist die Kurzgeschichte, aber es gibt einen Fan-Übersetzungspatch für alle, die sich für das Spiel interessieren. Das Spiel besteht aus acht Bereichen, die Sie in beliebiger Reihenfolge abschließen können, um die letzten Bereiche freizuschalten. Jeder Bereich hat insgesamt fünf Phasen, die abgeschlossen werden müssen, bevor Sie den Bereich räumen und mit dem nächsten fortfahren können. Das Ziel jeder Phase besteht darin, alle Blumen zum Blühen zu bringen und gleichzeitig Feinden auszuweichen und zu verhindern, dass sie Ihre Arbeit zerstören.
Taiyou no Yuusha - Fighbird GB (Japan)	Das Sonnensystem wird von Außerirdischen unter der Führung von Dryas bedroht, die von einem verrückten menschlichen Wissenschaftler namens Dr. Jango unterstützt werden. Die Space Police Force (SPF) hat die Aufgabe, die böse Energie zu erforschen, die Dryas ausmacht, und die Mechabeasts zu vernichten, die er einsetzt, um die Menschheit auf der Erde oder im Weltraum anzugreifen. Zu Beginn des Spiels hat der Spieler die Wahl zwischen zwei Charakteren: Kenta, ein besonderes Mitglied des FPS und Enkel von Dr. Hiroshi Amano, dem Wissenschaftler, der die Mechanik des FPS entwickelt; oder die Hauptfigur Yuutarou Katori, die menschliche Identität des Weltraumwächters Fighbird.
Takeda Nobuhiro no Ace Striker (Japan)	Ziel! auf GameBoy ist die Adaption des berühmten Fußballspiels, das 1988 auf NES veröffentlicht wurde; diese Portierung auf GameBoy wurde 1993 veröffentlicht.
TaleSpin (USA)	Die Game-Boy-Version dieses Spiels ist ein Side-Scroller, ähnlich der NES-Version, neben den Spielen, die Baloo spielt, und bietet möglicherweise zusätzliche Level-Boni durch das Kit. Diese sechsstufige Version ist jetzt ein Boss à la fin.
Tamagotchi (USA, Europe) (SGB Enhanced)	Tamagotchi ist ein auf dem beliebten Tier basierendes Spiel unter dem gleichen Namen. Sobald Sie einen Arbeitsschritt im Labor ausgewählt haben, können Sie ihn ins Zimmer bringen. Von hier aus sind Sie für Ihren Mitarbeiter verantwortlich. Was bedeutet es für Sie, sich zu ernähren, Medikamente zu kaufen, Ihr Leben lang zu verbringen, Ihren Sohn zu verärgern und ihn zu verweisen oder ihm Glück zu verschaffen – Sie müssen alles tun.
Tarzan - Lord of the Jungle (USA, Europe)	Gemäß afrikanischer Legende wurde ein menschliches Baby im Wald ausgesetzt. Gefunden und von einer weiblichen Affe namens Kala aufgezogen, wuchs es auf und lernte die Wege des Dschungels und die Sprache der Tiere. Jahre später, als John Clayton, Lord von Greystoke, kehrte er nach England zurück, um sein rechtmäßiges Erbe anzutreten. Gelegentlich kehrt er jedoch in die Wildnis zurück, um Tarzan, den Herrn des Dschungels, zu werden. Jetzt ist einer dieser Anlässe gekommen. Tarzan ist mit seiner Frau Lady Jane Greystoke in den Dschungel zurückgekehrt, aber ihr Urlaub endete, als Usanga, der böse Häuptling der Wamabo, Jane entführt, um Tarzan dazu zu zwingen, die sieben Edelsteine zurückzubringen, die aus seinem Stammesschrein gestohlen wurden. Diese Edelsteine werden als Augen des Regenbogens angesehen und repräsentieren jede Farbe des Spektrums. Tarzan hat drei Tage Zeit, um die Edelsteine zu finden, sonst wird Jane von Sheeta, dem Panther des Stammes, gefressen.
Tasmania Story (USA)	„Tasmania Story“ war der zweitbestverkaufte japanische Film der 1990er Jahre und handelte von einem Mann auf der Suche nach dem ausgestorbenen Tasmanischen Tiger und seinem Sohn auf der Suche nach seinem Vater. Das Begleitspiel ist jedoch nichts anderes als ein Remake von Pony Canyons Titel Fruit Panic aus dem Jahr 1984. In einem Single-Screen-Plattformer führst du einen Mann mit Hut von Plattform zu Plattform. Da er nicht alleine springen kann, müssen Sie die Trampoline links und rechts benutzen, um ihn zur rechten Plattform zu bringen, wo er Kakteen, Blumen und andere Pflanzen sammeln kann. Wenn alle Pflanzen gepflückt sind, folgt der nächste Schritt. Was das Spiel schwierig macht, sind die „tasmanischen Teufel“, die Ihren Mann jagen. Indem Sie einen Teufel von oben angreifen oder eine Bombe legen, in die ein Feind eindringen kann, können Sie ihn vorübergehend betäuben.
Taz-Mania 2 (USA)	Taz Mania 2 ist das zweite Game Boy-Spiel, das auf der Zeichentrickserie basiert. Der Spieler übernimmt die Rolle von Taz, der seine Familie befreien muss, die von den beiden Jägern Bull Gator und Axl entführt wurde. Dabei handelt es sich im Grunde um ein Standard-Plattformspiel, bei dem der Spieler 16 Level durchquert, über Lücken springt und Feinden ausweicht. Allerdings wurde das Alleinstellungsmerkmal des Zeichentrickfilms Taz auf das Spiel übertragen: seine Fähigkeit, sich zu drehen. Dadurch erreicht er eine hohe Beschleunigung und ist unverwundbar – aber jede Sekunde raubt ihm einen Teil des zugehörigen Energieriegels. Es kann wieder aufgefüllt werden, indem man unterwegs eines der Power-Ups einsammelt. Jedes Level muss innerhalb eines Zeitlimits gelöst werden und Taz verliert eines von vier Herzen, wenn er von einem Feind getroffen wird oder Wasser berührt.
Tecmo Bowl (USA)	Tecmo Bowl ist eine American-Football-Simulation für den Gameboy. Der Titel bietet zwei Spielmodi: den Action-Modus, in dem du Spiele in Echtzeit auf dem Spielfeld bestreitest, und den Coach-Modus, in dem du ein Team leitest und die Strategie verwalten musst. Das Spiel bietet 12 verschiedene Teams mit echten Spielern, die Sie alleine oder zu zweit spielen können
Teenage Mutant Ninja Turtles - Fall of the Foot Clan (USA)	Einmal mehr müssen die vier Turtles Leonardo, Donatello, Raphael und Michelangelo die Reporterin April O'Neil aus den Fängen von Shredder, Krang und dem Foot Clan befreien. Dabei führt sie ihr Weg durch die Kanalisation, über die Straßen von New York City bis zum Technodrome, der Aufenthaltsstätte des Shredders und ihrer entführten Freundin.
Teenage Mutant Ninja Turtles II - Back from the Sewers (USA)	Teenage Mutant Ninja Turtles II: Back from the Sewers ist das zweite Teenage Mutant Ninja Turtles für den Game Boy. Es ist eine Fortsetzung von Fall of the Foot Clan. Diesmal wurde Splinter von Krang gefangen genommen. Leonardo, Michelangelo, Raphael und Donatello machen sich auf die Suche nach ihrem Meister, bis sie bei Krang und Shredder ankommen.
Teenage Mutant Ninja Turtles III - Radical Rescue (USA)	Turtles 3 - Radical Rescue für den GameBoy ist das &quot;etwas andere&quot; Turtle-Abenteuer. Jeder der &quot;Glorreichen Vier&quot; hat seine besonderen Spezial-Techniken (Verwandlung in einen &quot;schlagkräftigen&quot; Schildkröten-Panzer, Wegbaggern von Grund & Boden, rasanter Nunchacko-Wirbel und flinkes Wände-Erklimmen), die man, je nach Lage der Dinge, einsetzen muss, um voranzukommen. Verschiedene Bonus-Gegenstände müssen gefunden werden. Diese bringen nicht nur verbrauchte Energie zurück, sondern es gibt auch einige, die wichtige Zugänge öffnen. Mike befreit seine Freunde nach und nach. Jeder gerettete Turtle kann dann auch eingesetzt werden. Das ist die Grundvoraussetzung, um die Bosse zu schlagen. Die vier heißen Stages mit einer Vielzahl von verschiedenen Bereichen lassen das Turtles-Herz höher schlagen. Vorsicht: Ein weiter und beschwerlicher Weg wartet auf Sie!
Tekichuu Rush (Japan)	Tekichuu Rush ist ein von Nippon Clary Business veröffentlichtes Pferderennspiel, das 1993 in Japan veröffentlicht wurde. Es handelt sich um eine Vorhersagesoftware für Pferderennen, mit der Sie mithilfe einfacher Operationen das Siegerpferd vorhersagen können. Sie müssen lediglich die Anzahl der Teilnehmer und die Quoten eingeben, und der Computer sagt Ihnen den Gewinner voraus.
Tekkyu Fight! - The Great Battle Gaiden (Japan)	Tekkyu-Kampf! The Great Battle Gaiden ist ein Actionspiel, das von Sun L entwickelt und von Banpresto veröffentlicht wurde. Es wurde 1993 in Japan veröffentlicht. In diesem Spiel haben Sie die Wahl zwischen vier Helden, darunter Gundam und Ultraman. Sie können jederzeit im Spiel die Charaktere wechseln, um Ihren Fortschritt fortzusetzen. Jeder Held verfügt über eine eigene Waffenkombination, mit der Sie die unerwartetsten Situationen meistern können ...
Tenchi o Kurau (Japan)	Ein Rollenspiel basierend auf dem Originalwerk von Hiroshi Motomiya, das in der NES-Version populär wurde. Dies ist ein Hafen von Tenchi wo Kurau. Ziel ist es, feindliche Warlords in 15 chinesischen Provinzen zu besiegen und ganz China zu vereinen. Die NES-Version versuchte eine Simulation daraus zu machen, aber daraus wurde eine Art eigenes Rollenspiel. Das System ist nicht mehr einzigartig, aber es ist gut ausbalanciert und die Geschichte macht Spaß. Es ist auch gut zu wissen, dass es keine Details gibt, wie zum Beispiel, in einer Stadt festzusitzen und nicht umziehen zu können.
Tennis (World)	Tennis für den GameBoy, genau was der Name verspricht! Nintendos eigenes Tennisspiel bietet viel Spaß für alle Altersgruppen. Egal ob beim Aufschlag oder bei angeschnittenen Crossbällen. Tennis für den GameBoy ist das beste Tennisspiel für den GameBoy!
Terminator 2 - Judgment Day (USA, Europe)	Terminator 2: Judgement Day ist ein Third-Person-Action-/Plattformspiel für den Game Boy und wurde von B.I.T.S. entwickelt. Das Spiel ist ein Sidescroller. Der Spieler bewegt sich von links nach rechts, schießt auf Feinde und springt in Plattformphasen über Hindernisse. Es gibt auch zeitlich begrenzte Minispiele, wie das Neuanordnen der Drähte, um einen verbundenen Pfad zu bilden, sowie andere Arten von Levels. Die Level basieren auf Schlüsselszenen aus dem Film. Zu Beginn des Spiels scheint der Spieler in der Zukunft zu sein, wobei Terminatoren den Spieler angreifen und ein Roboter vom Typ Hunter Killer Sprengstoff auf den Spieler wirft.
Tesserae (USA)	Tesserae ist eine 2-D-Kombination aus Rubic's Cube und den fortgeschritteneren Levels von Q-Bert. Einfache, aber farbenfrohe Symbolgrafiken sorgen für endlose Stunden Spielspaß ... Ähnlich wie man MineSweeper oder Tetris am Stück spielen kann, ist dieses Spiel in Ihren Kopf eingedrungen. Das Gameplay bestand darin, Steinchen oder Kacheln von Quadraten über benachbarte Quadrate zu „drehen“. Das Ergebnis würde entweder eine komplexe Kachel erzeugen oder sich aufheben, was zum Löschen einer Kachel führen würde. Ziel war es, die Tafel vollständig zu räumen. Höhere Ebenen wurden durch eine höhere Komplexität der Kacheln und größere Brettrastergrößen gekennzeichnet.
Tetris (Japan) (En)	Tetris für GameBoy ist sehr einfach und doch unglaublich genial! Schnelligkeit und Cleverness sind bei Tetris für GameBoy gefragt. Einzeln vom oberen Rand des rechteckigen Spielfelds herunterfallende, stets aus vier Quadraten zusammengesetzte Formen müssen vom Spieler in 90-Grad Schritten gedreht und so platziert werden, dass sie am unteren Rand horizontale, möglichst lückenlose Reihen bilden. Tetris für GameBoy ist das (Kunst)Werk des russischen Programmierers Alexei Paschitnow und hat schon Millionen von Menschen in den Bann gezogen.
Tetris 2 (USA)	Im Gegensatz zum ursprünglichen Tetris müssen Sie bei Tetris 2 das Feld auf andere Weise von Blöcken befreien. Jedes Spielfeld beginnt mit verschiedenfarbigen Punkten (in diesem Fall schwarz, grau und weiß), wobei jeweils einer in jeder Farbe blinkt. Die Blöcke bestehen aus den gleichen drei Farben. Wenn Sie Blöcke derselben Farbe über oder an der Seite des Punkts anordnen, werden der Punkt und diese Blöcke vom Bildschirm entfernt. Wenn Sie einen blinkenden Punkt löschen, werden alle entsprechenden Punkte derselben Farbe gelöscht. Um die Runde abzuschließen, räumen Sie einfach die Punkte ab, nicht die Blöcke selbst.
Tetris Attack (USA, Europe) (SGB Enhanced)	Nicht alles ist in Ordnung auf Yoshi's Insel! Der hinterhältige König Bowser hat einen Zauber über die Bewohner der Insel geworfen und sie in seine willenlosen Sklaven verwandelt. Nur Yoshi ist von seinen Auswirkungen verschont geblieben, und so muss er sich aufmachen, um seine Freunde zu befreien und Bowser zu besiegen, um den Zauber zu brechen. Tetris Attack ist ein actiongeladenes Puzzlespiel mit den bunt gemischten Charakteren aus Yoshi's Island. Ein Stapel von Blöcken steigt kontinuierlich vom unteren Bildschirmrand nach oben, und der Spieler steuert einen Cursor, der beliebige zwei Blöcke horizontal tauschen kann. Bildet sich eine Reihe oder Spalte aus drei oder mehr Blöcken, werden sie entfernt und können möglicherweise Kombinationen aus neuen Blöcken erzeugen, die an ihrer Stelle fallen. Kombinationen senden große Müllblöcke an deinen Gegner, die durch das Entfernen eines benachbarten Blocks in normalen Blöcke umgewandelt werden müssen.
Tetris Blast (USA, Europe) (SGB Enhanced)	In dieser Version von Tetris ist das grundlegende Element „Die Reihe der Puzzle-Blöcke freiräumen“ immer noch vorhanden, jedoch mit einer zusätzlichen Wendung: In den vielen Blockformen befinden sich Bomben. Durch das Verbinden der Bomben beim Räumen des Spielfelds wie üblich (Erstellen einer Reihe von Blöcken) wird ein größerer Teil des Spielfelds geräumt, wenn die Bomben explodieren. Die üblichen Spielmodi sind enthalten, d. h. Herausforderung, so viele Linien wie möglich abräumen, Zeitfahren, so viele Linien wie möglich abräumen, bevor die Zeit abläuft, und 2-Spieler-Kampf.
Tetris Plus (USA, Europe) (SGB Enhanced)	Dies ist eine weitere aktualisierte Version von Tetris, die für PlayStation, Saturn und Game Boy veröffentlicht wurde. Diese Version bietet den klassischen Modus, den Puzzle-Modus, den Versus-Modus und den Bearbeitungsmodus. Im Puzzle-Modus müssen Sie den Professor retten, der nach oben klettert. Dazu müssen Sie die Blöcke wegräumen und ihn nach unten bringen. Im Versus-Modus treten Sie gegen einen anderen Spieler an. Im Bearbeitungsmodus können Sie Ihre eigenen benutzerdefinierten Ebenen erstellen und speichern.
Tintin - Prisoners of the Sun (Europe) (En,Fr,De)	Prisoners of the Sun ist ein Videospiel, das auf den sieben Kristallkugeln und Prisoners of the Sun aus der Serie The Adventures of Tintin basiert. Es wurde Ende 1997 und 2000 für SNES, Windows, Game Boy und Game Boy Color veröffentlicht. Prisoners of the Sun ist ein Plattformspiel. Der Spieler kontrolliert den Charakter Tim und Struppi um Hindernisse und durch Herausforderungen, um die verschiedenen Ebenen des Spiels zu beenden. Das Gameplay und die Animation dieses Spiels ähneln der früheren Veröffentlichung von Infogrames, Tim und Struppi in Tibet, die 1995 veröffentlicht wurde
Tintin in Tibet (Europe) (En,Fr,De,Nl) (SGB Enhanced)	The Adventures of Tintin erzählt die Geschichte eines Reporters, der keine Angst vor der Gefahr hat. In diesem Spiel, das auf dem Comic basiert, macht Tintin Urlaub in den französischen Alpen und erfährt durch die Zeitung von einem Flugzeugabsturz in der tibetischen Region. Nachts träumt der Reporter, dass sein Freund Chang in dem Flugzeug sitzt und seine Hilfe braucht. Nachdem sich sein Verdacht bestätigt hat, macht sich der junge Mann auf den Weg, um seinen Freund zu retten, indem er progressive Etappen mit Rätseln auf dem Weg bewältigt. Auf der Suche nach Chang müssen Sie Klippen, Felswände und gefährliche Seen erklimmen und mit Ihrem Freund Kapitän Haddock sogar einen Gletscher besteigen.
Tiny Toon Adventures - Babs' Big Break (USA, Europe)	Babs Bunny will in Tiny Toon Adventures - Babs´ Big Break für den GameBoy zum großen Star werden und macht sich auf, auf eine abenteuerliche Reise zum Acme Theater. Montana Max hat allerdings andere Pläne. Er will das Theater in einen riesigen Safe verwandeln um sein Geld zur Schau zu stellen! Halte ihn auf und rette das Theater!
Tiny Toon Adventures - Wacky Sports (USA)	Tiny Toon Adventures: Wacky Sports ist ein von Konami entwickeltes und veröffentlichtes Sportspiel, das 1994 veröffentlicht wurde.
Tiny Toon Adventures 2 - Montana's Movie Madness (USA, Europe)	In Acme Acres hat gerade ein brandneues Kino eröffnet! Aber leider gehört es niemand anderem als dem verwöhnten, reichen Bengel von Acme Acres, Montana Max, und er hat beschlossen, Filme zu machen, in denen er der Held und Buster Bunny sein Erzfeind ist! Natürlich kann Buster dabei nicht still sitzen, also wird er versuchen, ins Kino zu gehen und die Handlung zu ändern, damit Montana seinen schmutzigen Plan, Busters Ruf zu ruinieren, nicht durchsetzen kann! Es liegt alles an Buster! Wenn es ihm gelingt, alle vier Filme, die Monty sich ausgedacht hat, zu ändern, kann er versuchen, sich in einem finalen Showdown mit dem Hasen-zu-...na ja, dem verwöhnten Kind von Montana zu messen! Zeit, loszulegen!
Tip Off (Europe)	Nach dem Erfolg mit Kick Off und seiner Fortsetzung versuchte sich Anco im Basketball. Dieses Basketballspiel hat wie die Kick Off-Spiele eine Top-Down-Ansicht und die Action ist ziemlich temporeich, ein Markenzeichen für viele Fußballspiele des Tages (insbesondere Kick Off). Die Teams im Spiel sind britisch, Sie können sie jedoch mit den integrierten Dienstprogrammen bearbeiten. Das Spiel verfügt außerdem über einen Taktik-Designer und die Möglichkeit, die Ausrüstung jedes Teams zu ändern. Sie können entweder einzelne Spiele oder einen kompletten Ligawettbewerb spielen. Tip Off kann von vier Spielern gleichzeitig gespielt werden, Sie können also im Koop-Modus mit einem Freund gegen den Computer spielen oder einfach gegen einen oder zwei andere Spieler antreten.
Titus the Fox (USA, Europe)	In der internationalen Ausgabe von Lagaf: Les Aventures de Moktar – Band 1: La Zoubida spielst du Titus' Fuchsmaskottchen. Seine geliebte Suzy wurde auf der anderen Seite der Sahara entführt, und um sie zurückzubekommen, muss er 15 Level (mit Codes für jedes Level) durchlaufen, die aus fast 1000 Bildschirmen mit Plattform-Gameplay bestehen und in 8 Richtungen scrollen. Es gibt geheime Räume zu finden und Bosse am Ende jedes Levels. Der Spieler kann auch mit vielen Teilen des Hintergrunds interagieren. Der richtige Einsatz verfügbarer Gegenstände wie Federn und Kisten ist oft entscheidend für den Fortschritt. Auch alternative Transportmittel wie Zauberteppiche und Skateboards kommen zum Einsatz.
Tokio Senki - Eiyuu Retsuden (Japan)	Die vier himmlischen Schattenkönige (nein, nein, es gibt keinen Fehler in der Übersetzung) erschienen plötzlich unter den Dämonen, um Schrecken über die friedlichen Länder von Tokio zu säen (nein, nein, und nein, ich schwöre, es gibt endlich keinen Tippfehler!) ). Eine dunkle Wolke voller Terror und Verwirrung hing über Tokio und teilte es in 16 verschiedene Königreiche, was zu Revierkämpfen unter den Bewohnern führte. Jeder der Monarchen der Regierungen hat es geschafft, eine gemeinsame Basis zu finden, um Frieden und Wohlstand in diese kleine Welt zu bringen ... Wie Sie vielleicht erraten haben, ist Tokio ein bisschen wie das Tokio dieses Strategiespiels. Das Spiel bietet fünf Szenarios mit jeweils eigener Geschichte und unterschiedlichem Schwierigkeitsgrad. Der Inhalt bleibt jedoch grundsätzlich derselbe: Sie müssen Ihre kleine improvisierte Miliz zum Sieg führen.
Tokoro's Mahjong Jr. (Japan) (SGB Enhanced)	Ein Mahjong-Spiel mit urkomischen Charakteren. Jeder der sechs Charaktere hat eine einzigartige Strategie. Es gibt auch einen Modus mit 12 Minispielabschnitten. Erstens ist das System, das die Punktzahl berechnen kann, sehr praktisch. Außerdem handelt es sich um ein Spiel für vier Spieler, der Bildschirm ist jedoch horizontal in vier Abschnitte unterteilt, um die Lesbarkeit zu erleichtern. Dadurch wirken die Fliesen größer.
Tokyo Disneyland - Fantasy Tour (Japan) (SGB Enhanced)	In Tokyo Disneyland: Fantasy Tour hat der Spieler die Wahl, als Mickey, Minnie oder Goofy zu spielen. Beim Reiten auf Attraktionen wie Big Thunder Mountain muss der Spieler Fragen richtig beantworten, ein Level oder ein anderes Minispiel durchlaufen, um im Spiel voranzukommen. Es gibt 15 Arten von Minispielen, die Sie spielen können – insgesamt Spiele .
Tokyo Disneyland - Mickey no Cinderella-jou Mystery Tour (Japan) (SGB Enhanced)	Ein Actionspiel, in dem Mickey Mouse eine aktive Rolle im Cinderella-Schloss von Tokyo Disneyland spielt. Benutze verschiedene Arten von Ballons, um Feinde zu besiegen und Pluto zu retten. Das Spiel richtet sich an Kinder. Sie können den Schwierigkeitsgrad wählen und es gibt einen Raum, in dem Sie beraten werden können. Es vermittelt ein gemütliches Spielgefühl mit Keksen, die gegen Gegenstände eingetauscht werden können.
Tom & Jerry (USA, Europe)	Sie sind wieder dabei. Dieses schöne Katastrophen-Duo Tom & Jerry! Und jetzt, da Jerrys Neffe Tuffy zu Besuch kommt, wird es sicher noch wilder. Als Jerry liegt es an Ihnen, Tom in einem wahnsinnigen Sprint vom Stadtrand in die Sicherheit Ihres Mauselochs zu Hause zu überlisten. In der Zwei-Spieler-Version können Sie oder ein Freund die Rolle von Tuffy spielen, der seinen Onkel Jerry besucht und in die Verfolgungsjagd verwickelt wird!
Tom and Jerry - Frantic Antics! (USA, Europe)	Tom und Jerry: Frantic Antics ist ein Actionspiel, das von Beam Software entwickelt und von Hi-Tech veröffentlicht wurde und 1993 veröffentlicht wurde.
Top Gun - Guts & Glory (USA, Europe)	Ganz lose auf dem Top Gun-Film basierend, steuert der Spieler ein Flugzeug durch zehn verschiedene Level und schaltet feindliche Düsenjäger und Schlachtschiffe mit Raketen und Maschinengewehren in der legendären F-14 Tomcat, F-117A Stealth, MiG-29 Fulcrum oder aus F-16 Falcon. Es gibt verschiedene Spielmodi (Karriere, Luftkampf und Bombenangriff). Vor jeder Mission können die Spieler die Menge der wärmesuchenden Raketen, den Schwierigkeitsgrad und das Kontrollschema bestimmen. Der Fortschritt wird durch Passwörter gespeichert.
Top Rank Tennis (USA)	Top Rank Tennis ist ein Tennisspiel. Die Spieler können zwischen einfachem und doppeltem Spiel wählen. Es gibt zwei Spielmodi: Officiel oder Entraînement. Es gelten die normalen Tennisregeln. Für einen Game Boy-Titel heißt es, dass die Partitur des Spiels so deutlich zu hören ist, dass andere Leute sagen, dass sie „jouer“ und „faute“ sind. Die Geräteklassen sind nicht mehr sicher und der Titel ist nur für vier Personen mit dem Adapter geeignet.
Torpedo Range (USA)	Torpedo Range ist ein 2D-Shooter-Spiel für den Game Boy. Der Spieler steuert ein U-Boot. Das Spiel verfügt über mehrere Modi: Karte (Spieler geht von oben zur nächsten Mission), Shooter (Spieler jagt nach Flugzeugen, Schiffen und anderen U-Booten) und FPP-Shooter (Spieler feuert Torpedos auf Feinde ab und zerstört jeglichen Widerstand). Das U-Boot verfügt über begrenzte Munition und einige Schilde.
Tottemo! Lucky Man - Lucky Cookie Minna Daisuki!! (Japan) (SGB Enhanced)	Tottemo! Luckyman: Lucky Cookie Minna Daisuki!! ist vom Comic-Manga Tottemo inspiriert! veröffentlicht in Weekly Shonen Jump. Ziel des Spiels ist es, in einem Spiel gegen drei Gegner anzutreten und die meisten Aliens zu besiegen. Der Spieler erhält Trophäen, indem er Aliens besiegt oder Bosse auf dem Spielbrett besiegt. Nachdem man sich durch vier verschiedene Level gekämpft hat, gewinnt der Spieler mit den meisten Trophäen das Spiel.
Toxic Crusaders (USA)	Basierend auf Tromas gleichnamiger Zeichentrickserie beschützen die Toxic Crusaders die Stadt Tromaville vor den Plänen des Außerirdischen Dr. Killemoff und seiner Radiation Rangers. Das heißt, bis Killemoff alle Toxic Crusaders bis auf einen gefangen nimmt. Als Toxie musst du Killemoffs Truppen durch 6 Level „aufräumen“ und seine Kameraden retten, bevor es zu spät ist. Das Spiel ist aktionsorientiert. Toxies einzige Fähigkeiten bestehen darin, zu springen und sich durch Feinde hindurchzuschlagen. Er beginnt zunächst mit einer Mop-Waffe, die leicht verloren gehen kann.
Toy Story (USA) (SGB Enhanced)	Begleiten Sie Ihren alten Freund Woody in diesem Side-Scrolling-Abenteuer, um die Spielzeuge von Andys Haus zu retten. Navigieren Sie durch Sids Werkstatt und befreien Sie sich mithilfe Ihrer außerirdischen Freunde von der Klaue. Spaß für alle Altersgruppen.
Track & Field (USA, Europe)	Track & Field für den Game Boy, veröffentlicht von Konami im Jahr 1992. Es wurde in Japan als „Konamic Sports in Barcelona“ veröffentlicht. Nicht alle sind Teil der Leichtathletik, aber alle sind olympische Sportarten. Die Game Boy-Version bietet andere Ereignisse als die anderen Versionen des Spiels. Insgesamt gibt es 11 Disziplinen: 100-m-Lauf, Weitsprung, Hammerwurf, 110-m-Hürdenlauf, Speerwurf, Gewichtheben, Bogenschießen, Dreisprung, Schwimmen, Diskuswurf, Stabhochsprung. Alle erfordern schnelle und zeitlich abgestimmte Arcade-Reflexe. Spielmodi: 1-Event-Modus (schnelles Spiel), Wettbewerb (so etwas wie Story-Modus) und Versus-Modus (Kabelspiel mit einem Freund verbinden).
Track Meet (USA, Europe)	Track Meet schlägt im Geiste der Olympischen Spiele 1992 in Barcelona und Spanien verschiedene Veranstaltungen vor. Es gibt fünf Gegner, die an den Veranstaltungen teilnehmen, wie z. B. die lange Fahrt, die 100 Meter und die Langstreckentauglichkeit. Jeder Teilnehmer ist mit der nötigen Kraft und Fähigkeit dabei, seine Auftritte auf bestimmten Veranstaltungen zu unterstützen oder zu nutzen. Ein Spieler, der mehr Punkte als seine Gegner hatte, war der große Sieger der Olympischen Spiele der Welt.
Trax (USA, Europe)	Trax ist ein Side-Scrolling-Shooter, bei dem Sie in einigen klassischen Action-Levels das Kommando über einen winzigen Panzer übernehmen. Messen Sie Ihre Panzerfähigkeiten mit einem schurkischen Panzermeister, der eine Zerstörungsmaschine erschafft, die das Land übernommen hat. Sie können aus mehreren Winkeln schießen, aber aufgrund der Steuerungseinschränkungen des Game Boy kann Ihr Fahrzeug seinen Turm nur im Uhrzeigersinn drehen. Es gibt ein paar Power-Ups, die Ihre Waffen verstärken, wie zum Beispiel explosive Kanonenkugeln, Schüsse in mehrere Richtungen oder Panzerabwehrgranaten. Das Spiel bietet auch einige Bosskämpfe, während Sie sich durch die verschiedenen Umgebungen des Spiels bewegen: Wald, Wüste, Höhle, Stadt und Panzerfabrik.
Trip World (World) (Limited Run Games)	Dank der Maita-Blume lebt man die der Trip-World in Frieden. Es wird von einem alten Schabubu geschützt, ein Mitglied einer Rasse von häschenartigen Wesen. Die Blume wächst auf dem heiligen Berg, der als Mount Dubious bekannt ist. Doch eines Tages wird der alte Schabubu angegriffen und die Maita-Blume gestohlen. Trip World wird unordentlich und seine Bewohner hören nicht auf, sich gegenseitig zu streiten. Aber es gibt eine Hoffnung in Form des Enkels vom alten Schabubus , Yacopu (auch Yakopoo geschrieben). Der Spieler kontrolliert Yacopu durch fünf Level in diesem Side-Scrolling-Spiel. Die Fähigkeit des jungen Schabubus ist es, sich in verschiedene Formen zu verwandeln. In seiner normalen Form ist er in der Lage zu gehen und zu springen sowie Gegner zu treten, Yacopus primäre Art des Angriffs. Anders als in vielen anderen Spielen, nimmt man keinen Schaden bei Kontakt mit den Feinde, diese schieben Deinen Charakter nur herum. Allerdings könnten bestimmte Feinde Sie angreifen, wenn Sie diese angreifen und treffen, während andere dies von Anfang an tun. Zu jeder Zeit kann der Spieler in die fliegende oder schwimmende Form wechseln. Beim fliegen ist Yacopu in der Lage, Orte zu erreichen, an denen er sonst nicht hinkommen würde, während der fischartige Held am besten für Unterwassergebiete geeignet ist. Sie bekommen auch Power-Ups, die vorübergehend Ihren Charakter neue Kräfte, wie die Feinde mit Saat zu betäuben, hüpfen wie ein Ball oder der Angriff mit einem verlängerten Schweif. Neben den Bergen, gibt es in dem Spiel noch ein Dschungelgebiet, das Meer und eine Burg. In jedem Level musst du einen Bossgegner am Ende besiegen. In der Burg begegnen Sie dann den Endboss, der die Maita-Blume gestohlen hat. Die Blume muss zurückbebracht werden, um den Frieden in der Trip-World zurück zubringen.
True Lies (USA, Europe)	Übernimm das Kommando über den waffenstrotzenden Arnie in diesem von oben nach unten scrollenden Action-Shooter. Arnie bekämpft die Terroristen mit einer Vielzahl von Waffen an allen Schauplätzen aus dem gleichnamigen Film. An jedem Schauplatz haben Sie einen Auftrag, z. B. Daten zu beschaffen oder einen Terroristen gefangen zu nehmen, und müssen sich dabei auf die Suche nach Ihrem Ziel machen, während Sie die Feinde ausschalten und versuchen, die Zahl der Opfer unter der Zivilbevölkerung so gering wie möglich zu halten. Der Schwerpunkt liegt auf Action und Waffen, insbesondere auf Arnolds Lieblingswaffen: Flammenwerfer und die Uzi. Er verfügt auch über eine Tauchrolle, mit der er den Kugeln der Feinde ausweichen und mit gezogenen Waffen zurückkommen kann.
Trump Boy (Japan)	Trump Boy ist ein Game Boy-Spiel, mit dem Sie drei verschiedene Kartenspiele spielen können: Daifugo (ähnlich dem Präsidenten), Speed/Vitesse und das Paarspiel. Es gibt insgesamt fünf verschiedene Gegner mit unterschiedlichen Schwierigkeitsgraden (außer Daifugo, bei dem es keinen Unterschied gibt). Sie können auch über ein Kommunikationskabel gegen Ihre Freunde spielen.
Trump Boy II (Japan)	Die Fortsetzung von Trump Boy auf dem Game Boy erscheint kaum ein halbes Jahr nach dem Vorgänger. Es enthält erneut das Daifugo-Spiel sowie zwei neue Kartenspiele: „Millionaire“, „Page One“ und „7 Arrangements“. Die Software bietet Multiplayer-Gaming-Unterstützung für bis zu vier Spieler und war auch eines der Spiele, die den dafür verfügbaren Adapter direkt beworben haben.
Trump Collection GB (Japan)	Dies ist eine Sammlung von Kartenspielen mit Einzelspieler- und Mehrspielermodus (bis zu 4 Personen). Sie können spielen, ohne Japanisch zu sprechen, wenn Sie die Grundregeln von Spielen wie Poker kennen. Insgesamt gibt es sieben Kartenspiele.
Tsumego Series 1 - Fujisawa Hideyuki Meiyo Kisei (Japan) (SGB Enhanced)	Diese Software enthält Tsumego-Ausgaben, die von Hideyuki Fujisawa, Ehren-Kisei von Nihon Ki-in, sorgfältig ausgewählt wurden. Insgesamt gibt es 100 Fragen und im Testmodus können Sie Ihren Rang anhand der Anzahl der Antworten und der benötigten Zeit beurteilen. Dies ist eine Software zum intensiven Lernen. Es ist für ältere Männer gedacht, die den Game Boy nutzen (obwohl sich Go-Fans angeblich ausbreiten, sodass auch junge Frauen spielen können). Wenn Sie einen falschen Spielzug gemacht haben, hat er Ihnen nicht nur ein X gegeben, sondern Ihnen auch erklärt, warum es falsch war.
Tsumeshougi - Hyakuban Shoubu (Japan)	Es ist ein Spiel, das von Shogi inspiriert ist, einem traditionellen japanischen Strategiespiel, das mit westlichem Schach verwandt ist. Es lädt Sie ein, sich Shogi-Problemen (Tsumeshogi) zu stellen, die Sie lösen müssen. Ein „Probleme“-Modus ermöglicht Ihnen dies, während ein anderer namens „Forschung“ Ihnen die Möglichkeit gibt, Tsumeshogi aus dem vorherigen Modus frei zu studieren. Das Spiel verfügt außerdem über ein Passwortsystem, mit dem man nach einem bestimmten Problem fortfahren kann.
Tsumeshougi - Kanki Godan (Japan) (SGB Enhanced)	Ein Shōgi-Videospiel, ein traditionelles japanisches Strategiespiel, das dem Schach ähnelt. Bei dem Spiel geht es darum, Shōgi-Aufgaben (auch Tsumeshōgi genannt) zu lösen, die denen des Schachs mehr oder weniger ähneln und bei denen der Spieler den König seines Gegners so schnell wie möglich schachmatt setzen muss. Das Spiel hat seinen Namen von Hiromitsu Kamiyoshi, der damals den 5. Dan erreichte. Es enthält insgesamt 103 Tsume Shogi-Fragen. Im „Testmodus“ bestehend aus 6 Fragen können Sie jederzeit Ihre eigene Stärke beurteilen.
Tsumeshougi - Mondai Teikyou Shougi Sekai (Japan)	Es handelt sich um ein Shōgi-Videospiel, ein traditionelles japanisches Strategiespiel, das dem Schach ähnelt. Es schlägt vor, eine Vielzahl von Shōgi-Problemen zu lösen, indem eine bestimmte Anzahl zulässiger Airdrops (Rückkehr einer Figur ins Spiel) eingehalten wird. Enthält über 200 Fragen des monatlichen Shogi-Magazins „Shogi World“. Es gibt zwei Modi: einen „Übungs“-Modus, in dem Sie die Teile frei bewegen und darüber nachdenken können, und einen „Test“-Modus, in dem Sie Ihr Niveau testen können.
Tsuri Sensei (Japan) (SGB Enhanced)	Tsuri Sensei ist ein Angelsimulationsspiel. Ziel ist es, das Iron-Man-Angelturnier zu gewinnen. Die Turnierstandortkarte ändert sich jedes Mal, wenn Sie spielen. Wer den seltensten Fisch fängt, gewinnt die Meisterschaft.
Tumble Pop (USA, Europe)	Aliens jagen, Mutanten vernichten! Räumen Sie auf mit Tumple Pop, einem Labyrinth-/Puzzlespiel voller Außerirdischer, Mutanten und Bösewichte, oh je! - Niedliches, lustiges Thema voller Kinderwunder wie Clowns, Schneemänner, Roboter, Flaschengeister und Drachen! - Sauge die Feinde mit deinem Mega-Sauger auf und schieße sie dann auf andere Feinde! - Superboss am Ende eines jeden Levels! - 2-Spieler über Game Link
Turn and Burn - The F-14 Dogfight Simulator (USA)	In Turn and Burn: The F-14 Dogfight Simulator steuert der Spieler einen F-14-Kampfjäger und muss verschiedene Missionen lösen, z.B. Zerstörung einer feindlichen Basis oder Zerstörung aller feindlichen Flugzeuge in der Umgebung. Trotz des Namens handelt es sich jedoch eher um ein Actionspiel als um eine Simulation. Der Spieler fliegt also durch das Gebiet und nutzt die Waffensysteme – Kanonen, Raketen und ECM (elektronische Gegenmaßnahme zur Abwehr feindlicher Raketen) – um gegnerische Kräfte zu töten. Das Spiel wird aus der Ego-Perspektive gespielt und das Cockpit bietet Informationen wie ein Radar und den Treibstoff, der nachgefüllt werden muss, wenn er zur Neige geht.
Turok - Battle of the Bionosaurs (USA, Europe) (En,Fr,De,Es)	Battle of the Bionosaurs ist eine Ergänzung zu seinem N64- und PC-Pendant Turok: Dinosaur Hunter. Als Turok haben Sie die Aufgabe, gegen Dinosaurier, Cyborgs und rücksichtslose Söldner zu kämpfen, um den endgültigen Sieg über das Böse zu erringen. In den acht Kampfstufen und Zielen erhalten Sie eine große Auswahl an Waffen. Gehen Sie vorsichtig mit den Waffen um, da jeder Gegner unterschiedlich reagiert. Sie können große Level erkunden und ein Passwortsystem verwenden, um Ihren Fortschritt zu speichern.
Turrican (USA, Europe)	Ziel des Spiels ist es, durch eine Welt namens Alterra hindurchzugehen und den Endgegner Morgul zu finden und zu vernichten. Alterra wird beschrieben als eine von Menschen durch Bioengineering geschaffene Lebenswelt in einer nahen Galaxie, wo ein intelligentes künstliches Ökosystem erschaffen wurde (Morgul = Multiple Organism Unit Link) um die Planeten bewohnbar zu machen. Dieses System ist jedoch außer Kontrolle geraten, es wurde durch ein Erdbeben beschädigt und seine Funktionen haben sich daraufhin verselbstständigt. Der Spieler schlüpft in die Rolle des Helden (Turrican) und wird nach Alterra geschickt, um die Kolonie wieder für die Menschheit zurückzugewinnen.
Twin (Japan)	Ein Rollenspiel, das in einer Höhle mit Seitenansicht spielt und einen Blick von oben auf die Gebäude bietet. Der Kampf erfolgt durch Befehlseingaben. Der Spieler begibt sich auf eine Reise, um einen Schatz zu finden, der benötigt wird, um den auferstandenen Dunklen Lord zu versiegeln.
Uchiiwai - Kyoudaijingi no Puzzle Game (Japan)	Uchiiwai: Kyoudaijingi no Puzzle Game ist eine Sonderausgabe des Spiels Splitz mit modifizierter Grafik, die während eines Wettbewerbs in Japan im Dezember 1994 auf 6.000 Exemplare limitiert war und vom Famicom Shop Wanpaku Kozo organisiert wurde. Splitz ist ein Remake des Computerspiels Split Personalities aus dem Jahr 1986. Es ist ein Scroll-Puzzlespiel, aber mit einer Reihe verschiedener Bilder. Im Gegensatz zu anderen Scroll-Puzzlespielen werden nicht alle Teile zu Beginn des Spiels platziert, sondern müssen vom Spieler einzeln entfernt werden. Die Teile können verschoben werden, um das ursprüngliche Bild zu reproduzieren. Spiele unterliegen zeitlichen Beschränkungen und es gibt ein Zeitlimit. Alle Funktionen des Originalspiels werden wiederverwendet. Dazu gehören Türen, die sich öffnen und schließen lassen und mit denen bestimmte Puzzleteile vom Bildschirm entfernt werden können.
Uchuu no Kishi Tekkaman Blade (Japan)	Uchuu no Kishi: Tekkaman Blade (normalerweise übersetzt als „Space Knight: Tekkaman Blade“) ist ein Shoot-'em-up-Spiel, das auf dem gleichnamigen Anime basiert, der ein Relaunch des ursprünglichen Tekkaman-Anime aus den 1970er-Jahren war. Darin ist ein schwertschwingender Mech zu sehen, der darum kämpft, die Erde von der käferähnlichen außerirdischen Rasse namens Radam zu befreien, die die Tekkamen (transformierte menschliche Gefangene) als Fußsoldaten einsetzt. Tekkaman Blade ist ein Actionspiel, das von Sun L entwickelt und von Yutaka veröffentlicht wurde und 1992 in Japan veröffentlicht wurde.
Uchuu Senkan Yamato (Japan)	Eine Simulation basierend auf einem beliebten Anime. Die Spieler führen die Streitkräfte der Erde in ihrem Kampf gegen die Gamilas-Armee um den Planeten Iskandar an. In den Kampfszenen gibt es 3D-Bildschirme. Es ist eine Spieladaption eines beliebten Anime. Im Grunde ist es ein Simulationsspiel, aber es gibt viele Inhalte, wahrscheinlich um die Tatsache hervorzuheben, dass es viele Fans des Originals gibt.
Ultima - Runes of Virtue (USA)	Ultima: Runes of Virtue ist ein Rollenspiel, das von Origin entwickelt und von Pony Canyon veröffentlicht wurde und 1992 veröffentlicht wurde.
Ultima - Runes of Virtue II (USA)	Betreten Sie die Welt von Ultima! Retten Sie die entführten Bürgermeister von Britannia als Shamino der Waldläufer, Magier Mariah, der Barde Lolo oder Dupré der Ritter. Besteigen und erobern Sie Piratenschiffe, besuchen Sie Verliese, Inseln und Burgen und lösen Sie Rätsel in diesem lebhaften Abenteuer!
Ultra Golf (USA)	Ultra Golf ist ein Golfspiel mit zwei Golfplätzen, das entweder im Übungsmodus oder im Turniermodus gespielt werden kann. Der Spieler wählt zunächst die Richtung und den Schläger, dann kommt das klassische „Zwei-Klicks“-System ins Spiel: Ein Symbol bewegt sich im Kreis und seine Position nach dem Drücken des Knopfes beeinflusst die Abdrift und Kraft des Schlages. Es ist wichtig, die Windrichtung zu berücksichtigen.
Ultraman (Japan)	Basierend auf der beliebten Fernsehsendung von 1967 folgt Ultraman direkt der Geschichte des Ausgangsmaterials. Als Ultraman muss der Spieler viele der gleichen Monster besiegen, die auch in der Originalserie auftauchten. Ultraman sieht aus wie ein 1-gegen-1-Kampfspiel und kann seine Gegner treten, schlagen und packen sowie verschiedene Spezialbewegungen ausführen, die eine Ladezeit erfordern. Um seine Gegner zu besiegen, muss Ultraman jedoch seinen sich ständig aufladenden Lebensbalken aufbrauchen, woraufhin er mit seinem stärksten Spezialangriff zuschlägt: dem Specium Beam. Im Verlauf des Spiels finden verschiedene Feinde möglicherweise sogar Möglichkeiten, diesem gewaltigen Angriff auszuweichen, und Ultraman muss sich an den Kampfstil jedes Feindes anpassen ... Jedes Level hat ein Zeitlimit von nur drei Minuten und es gibt drei Leben. Keine Möglichkeit, das zu retten Spiel.
Ultraman Ball (Japan) (SGB Enhanced)	Ultraman Ball zeigt den Tokusatsu-Charakter Ultraman von Tsuburaya Productions und seine Gefährten. Ultraman wird als Held neu interpretiert, der sich in den Ballmodus verwandeln kann und diese neue Kraft nutzt, um seine Freunde zu retten. In seiner standardmäßigen zweibeinigen Form ist Ultraman in der Lage, sich an Wänden festzuhalten und diese durch wiederholtes Springen zu erklimmen. Im Ballmodus kann Ultraman Feinde niederschlagen und an Hängen an Geschwindigkeit gewinnen, um neue Gebiete zu erreichen. Er kann auch hüpfen, wodurch sich auch seine vertikale Höhe erhöht. Durch die Kombination dieser Kräfte kann der Spieler jede Stufe durchlaufen.
Ultraman Chou Toushi Gekiden (Japan) (SGB Enhanced)	Ein in Monthly Comic Bonbon veröffentlichter Manga wurde in ein Actionspiel umgewandelt. Abhängig von der Geschichte können Sie drei Spiele spielen: Action, Schießen und Bosskämpfe, während Sie der Geschichte folgen, damit Ihnen nicht langweilig wird, und der Piepton, wenn Ihr Leben im Bosskampf zu Ende geht, ist gut für Ihr Gefühl Dringlichkeit.
Ultraman Club - Tekikaijuu o Hakken seyo! (Japan)	Das Ziel des Spiels besteht darin, den Boss in der gegnerischen Basis zu besiegen, indem man sich in das Ultraman-Lager und das Kaiju-Lager aufteilt. Es handelt sich um ein Simulationsspiel, bei dem Spieler abwechselnd Einheiten auf einer in Berater unterteilten Karte bewegen. Jedes Lager hat 14 Charaktere mit ihren eigenen Eigenschaften.
Undercover Cops Gaiden - Hakaishin Garumaa (Japan)	Undercover Cops: Gaiden: Hakaishin Garumaa basiert auf dem Arcade-Spiel Undercover Cops von Irem. Aber während dieser Titel ein Beat-em-up war, spielt Hakaishin Garumaa in Form eines rundenbasierten RPG-Brettspiels. Wie in den neuesten Mario Party-Titeln wählen die Spieler zunächst einen von drei verdeckten Ermittlern. Der Spieler beginnt an der Startposition auf dem Spielbrett und muss eines seiner „nummerierten Wertplättchen“ verwenden. Wenn die gewählte Zahl größer als 1 ist, muss der Spieler an einem Spielautomaten gegeneinander antreten und versuchen, einen Wert zu gewinnen, der dem auf dem Plättchen angegebenen Wert entspricht. Anschließend kann der Spieler mit dem Zahlenwert, den er gewonnen hat, Felder auf dem Spielbrett verschieben. In einigen Feldern werden Ereignisse aktiviert, zu denen das Chatten mit Charakteren, der Kauf von Gegenständen und die Teilnahme am Kampf gehören.
Universal Soldier (USA, Europe)	Universal Soldier ist das lizenzierte Videospiel, das auf dem Film von 1992 mit Jean-Claude Van Damme in der Hauptrolle basiert. Sie steuern Van Dammes Charakter, während er sich gegen seinen Zug wendet und versucht, die korrupte Regierungsorganisation zu stürzen, die ihn geschaffen hat. Bei diesem Spiel handelt es sich um eine stark modifizierte Portierung von Turrican II, bei der verschiedene Spieler- und Feind-Sprites und Zwischensequenzen entfernt wurden, um es an den Universal Soldier-Film anzuknüpfen.
Uno - Small World (Japan)	Uno – Small World ist ein Karten- und Puzzlespiel. Der Spieler muss alle seine Karten loswerden. Diese sind entweder von 0 bis 9 nummeriert oder speziell. Spezielle Karten können den Zug an die nächste Person weitergeben, die Richtung ändern, die andere Person zwingen, zwei Karten zu ziehen, einen Joker, der Ihnen die Wahl zwischen den vier Farben ermöglicht, oder einen Joker, der aber auch die nächste Person dazu zwingt, dieses Mal vier Karten zu ziehen. Wenn der Spieler nur noch eine Karte übrig hat, muss er „Uno!“ sagen. Andernfalls muss er zwei Karten ziehen.
Uno 2 - Small World (Japan) (SGB Enhanced)	Uno 2 – Small World ist ein Karten- und Puzzlespiel, das dem gleichen Prinzip wie sein Vorgänger folgt. Der Spieler muss alle seine Karten loswerden. Diese sind entweder von 0 bis 9 nummeriert oder speziell. Spezielle Karten können den Zug an die nächste Person weitergeben, die Richtung ändern, die andere Person zwingen, zwei Karten zu ziehen, einen Joker, der Ihnen die Wahl zwischen den vier Farben ermöglicht, oder einen Joker, der aber auch die nächste Person dazu zwingt, dieses Mal vier Karten zu ziehen. Wenn der Spieler nur noch eine Karte übrig hat, muss er „Uno!“ sagen. Andernfalls muss er zwei Karten ziehen. Das Minispiel „Tauziehen“ wurde hinzugefügt, wobei Elemente wie Verhandlungen und die Übernahme lokaler Regeln beibehalten wurden. Wer zweimal gewinnt, kann spielen und erhält im Gewinnfall einen Gegenstand.
Urban Strike (USA, Europe) (SGB Enhanced)	Urban Strike ist das dritte in der langjährigen Reihe von Helikopter-Actionspielen von EA. Ein böses Genie namens H. R. Malone hat einen Kult gegründet und es geschafft, Millionen von Anhängern zu gewinnen. Malone nutzt seinen Einfluss und Reichtum, um eine Superwaffe zu bauen, mit der er die Regierung stürzen wird. Sie werden sich erneut anziehen und die Kontrolle über verschiedene Hubschraubertypen übernehmen, um Malones bösen Plan zu stoppen. Urban Strike ist das erste und einzige Spiel der Strike-Reihe, das Kämpfe ohne Fahrzeuge beinhaltet. In einigen Leveln verlassen Sie Ihren Hubschrauber und gehen zu Fuß weiter.
Urusei Yatsura - Miss Tomobiki o Sagase! (Japan)	Urusei Yatsura: Miss Tomobiki o Sagase! ist ein von Kid entwickeltes und von Yanoman veröffentlichtes Rollenspiel, das 1992 in Japan veröffentlicht wurde. Ein Rollenspiel, das auf dem beliebten gleichnamigen Comic basiert. Moroboshi Ataru begibt sich auf ein 3D-Dungeon-Abenteuer auf der Suche nach einem Highschool-Mädchen, Miss Tomobiki. In diesem Spiel kommen alle bekannten Charaktere vor. Das Spiel kombiniert auf halbherzige Weise eine Suche nach einem Mädchen und einen 3D-Dungeon-Crawler, passt aber ins Bild. Es scheint genug Gameplay zu haben, um die Fans zu überzeugen. Während die Hauptgeschichte jedoch ausreichend ist, sind die Zweige und Blätter schwach. Die Geschichte neigt dazu, einem Muster zu folgen, daher kann es sich um die Art von Spiel handeln, bei der man Geduld braucht, um fortzufahren.
V-Rally - Championship Edition (Europe) (En,Fr,De)	Ocean hat das Unmögliche möglich gemacht und mit V-Rally für den GameBoy die ganze Faszination des Rally-Sports in ein GameBoy Modul gepackt. Insgesamt 20 verschiedene Strecken in 10 Ländern müssen vom Spieler bewältigt werden, wobei für jeden Kurs auf einen von vier unterschiedlichen Wagen zurückgegriffen werden kann.
Vattle Giuce (Japan) (En)	Vattle Giuce ist ein vertikal scrollender Shooter, bei dem Sie zu Beginn die Wahl zwischen drei Schiffen haben, die nach dem Upgrade jedes anders feuern. Das Spiel besteht aus fünf Levels mit ebenso vielen Bossen und Mittelbossen. Indem Sie das Schiff steuern, können Sie näher an den Boden herankommen, um andere Feinde zu zerstören und im Gegensatz zu den anderen Boni freizusetzen.
Vegas Stakes (USA, Europe) (SGB Enhanced)	In diesem Casino-Simulator haben Sie sich entschieden, ein High Roller zu sein. Ihr Hauptziel, gefolgt von vier Freunden, besteht darin, das Glück zu riskieren und ein High Roller in Las Vegas zu werden, dem Ort der luxuriösen und raffinierten Glücksspielhäuser. Mit nur 1.000 $ in der Tasche können Sie fünf verschiedene Casinos erkunden (The Hideaway, Golden Paradise, Buffalo Head, The 2020 und später, das Laurel Palace) und dabei das Mögliche und Unmögliche tun, um Ihr Bankkonto zu vergrößern und das Ziel von $ zu erreichen 10 Millionen. Um auf dieser Millionärsreise erfolgreich zu sein, haben Sie verschiedene Möglichkeiten, viel Geld zu verdienen: Blackjack, Slots, Roulette, Craps oder Seven-Card Stud Poker. Zufällig chatten einige Leute mit Ihnen, bitten um geliehenes Geld, verkaufen wertvolle Gegenstände und viele andere Leckereien: Je nachdem, wie Sie chatten, können Sie Vorteile (Geld erhöht) oder Schadensersatz (die Hälfte des Geldes wird gestohlen) erhalten. . Während dieser schwierigen „Mission“ wird Ihnen ein Freund (von Ihnen im Casino-Raum ausgewählt) helfen, der Ihnen die Regeln des aktuellen Spiels im Detail erklärt oder einige Wetttipps gibt.
Versus Hero - Kakutou Ou e no Michi (Japan)	Versus Hero: Kakutou Ou e no Michi ist ein von Banpresto veröffentlichtes Lucha-Spiel, das 1992 in Japan auf den Markt kam. Ein Actionspiel mit beliebten Charakteren. Ziel des Spiels ist es, einen der sechs Charaktere auszuwählen und ihn sofort zu vernichten, um der König von Lucha zu werden. Es ist wie: „Wir müssen Strike 2 mit SD verwenden.“ Das System ist das gleiche wie beim Strike 2, aber es ist viel größer. Nur Sie können die Tasten drücken und Sie können sie drücken und loslassen. Es gibt Starttechniken, aber Sie müssen es nicht tun. Potentes. Es ist nicht möglich, dass große Bewegungen mit komplizierten Kontrollen einhergehen. Das öffentliche Ziel ist seine Kinder.
Volley Fire (Japan)	Volley Fire ist ein Shooter mit einfachem Gameplay: Zwei Raumschiffe (in höheren Levels bis zu vier) werden auf der unteren und oberen Seite des Bildschirms platziert und können sich nach links oder rechts bewegen. Beim Versuch, aufeinander zu schießen, können Hindernisse das Schießen verhindern und sich horizontal oder vertikal bewegen.
Wario Blast Featuring Bomberman! (USA, Europe) (SGB Enhanced)	Oh weh, Wario hat einen geheimen Zugang ins Land von Bomberman gefunden! Jetzt will der geldgeile Kriegstreiber das gesamte Land, inklusive Einwohnern und Schätzen für sich beanspruchen. Während er die unterirdischen Labyrinthe erkundet stellen sich ihm tapfere Bombermänner mit explosiven überraschungen entgegen. Wer wird gewinnen? Bomberman oder Wario?
Wario Land - Super Mario Land 3 (World)	Auf der Pfeffer-Insel brodelt in Super Mario Land 3: Wario Land für GameBoy die Gerüchteküche! Wario hat doch tatsächlich vor, den Schatz der Piraten zu klauen, um sich endlich sein eigenes Schloss bauen zu können. Mit Deiner Hilfe kann er die magischen Pötte zertrümmern und so seinen Plan verwirklichen. Die Pötte verwandeln ihn in Drachen-Wario, Stier-Wario oder Jet-Wario. Jede Verwandlung bedeutet in Super Mario Land 3: Wario Land für GameBoy neue, unglaubliche Super Power! Dutzende von Gegnern versuchen sich Wario in den Weg zu stellen, aber mit Deinen Super-Kräften kannst Du ihnen die Suppe gehörig versalzen!
Wario Land II (USA, Europe) (SGB Enhanced)	Captian Syrup und die gefürchtete Black Sugar Gang sind in Warios Schloß eingebrochen und dabei, seine kostbarsten Schätze zu stehlen. Doch da hört der Spaß auf - nicht ohne Grund ist der grinsende Bösewicht der größte Alptraum der Videospielgeschichte! Und ausgerechnet DU darfst diesem Finsterling helfen, seine Dukaten in Sicherheit zu bringen, bevor Schweinebacke Syrup den Schatz findet und verjubelt. Mach Dich auf etwas gefaßt - auf Dich wartet das mit Abstand verrückteste Game Boy-Abenteuer aller Zeiten!
Waterworld (Europe)	Die Sonne. Seit Millionen von Jahren die Quelle des Lebens. Aber für einen Planeten ist die Ursache seines Untergangs. Die Temperatur stieg, die riesigen Eislachen an den Polen schmolzen und die Ozeane stiegen an. Jahrhunderte später lebten nur noch wenige Menschen auf diesem Planeten, der einst Erde hieß. Ein einsamer Seefahrer segelt über die Weiten des Wassers und handelt, um zu überleben. Um zu überleben, ist alles, was diese Menschen tun, an diesem Ort, den sie nur als Wasserwelt kennen.
Wave Race (USA, Europe)	Wave Race für den Game Boy ist ein Wasserrennspiel. Im Rundkursmodus steuern Sie ein persönliches Wasserfahrzeug auf Kursen, die durch Bojen markiert sind. Im Slalommodus müssen Sie durch mehrere auf dem Wasser schwimmende Torsätze manövrieren. Das Gameplay wird aus einer Overhead-Perspektive betrachtet. In jedem Rennen nehmen vier Rennfahrer teil. Sie können entweder von menschlichen Spielern oder von sehr starken KI-gesteuerten Spielern gesteuert werden.
Wayne's World (USA)	Wayne's World ist ein Abenteuerspiel, das auf dem gleichnamigen Film basiert. Das Spiel selbst ist ein klassisches Point-and-Click-Adventure und sollte nicht mit dem auf dem Film basierenden Plattformspiel verwechselt werden. Sie spielen sowohl Wayne als auch Garth und können jederzeit zwischen ihnen wechseln. Die Handlung ist einfach; Um ihre Fernsehsendung zu retten, beschließen Wayne und Garth, einen Pizza-Thon (eine Wohltätigkeitssendung mit Pizza-Thema) zu veranstalten, um Geld zu sammeln. Um den Pizza-Hit abhalten zu können, müssen Wayne und Garth sich auf mehrere Quests begeben, um Gegenstände zu sammeln und Leute einzustellen, die sie für die Show brauchen. Das Abenteuer beinhaltet die Teilnahme an Babe-Jeopardy, den Beitritt zu einer Biker-Gang und das Backen von Pizza. Die Grafiken sind in 2D und der Ton enthält mehrere Beispiele aus dem Film.
WCW - The Main Event (USA, Europe)	WCW: The Main Event ist ein professionelles Wrestling-Videospiel, das 1994 von FCI für das tragbare Videospielsystem Nintendo Game Boy veröffentlicht wurde. Es war erst das zweite Videospiel, das auf World Championship Wrestling basierte, und das erste von zwei, die für eine Handheld-Konsole veröffentlicht wurden.
We're Back! - A Dinosaur's Story (USA, Europe)	Wir sind zurück – Die Geschichte eines Dinosauriers! ist ein Plattformspiel, das auf dem gleichnamigen Film von 1993 basiert. Der Spieler führt den intelligenten Tyrannosaurus Rex durch verschiedene Level voller Hindernisse und Feinde, die es zu bewegen gilt. Rex beißt keine Menschen, aber er kann Steine ​​auf Feinde werfen, bis sie verschwinden.
Wedding Peach - Jamapii Panic (Japan) (SGB Enhanced)	Die beliebte Anime-Figur „Wedding Peach“ wurde in ein Action-Puzzlespiel verwandelt. Verwenden Sie alle Farben, um innerhalb des Zeitlimits alle Panels anzuzeigen und das Szenario anzuzeigen. Die Steuerung ist auf die der Quicks und Volfeeds abgestimmt. Daher ist es notwendig, dass das Objekt bei Verlust nicht tatsächlich verloren geht und die Feinde beiläufig zerstört werden können, um strategisch verfolgt zu werden. Vielleicht ist es interessant, wenn Sie es noch etwas verfeinern müssen ...
Welcome Nakayoshi Park (Japan)	Im Spiel läuft der Spieler durch den Nakayoshi-Park und spielt verschiedene Minispiele. Nachdem sie alle besiegt sind, kann der Spieler Zutritt zu einem Schloss in der Mitte des Parks erhalten. Dieses Spiel enthält neben Sailor Moon-Charakteren mehrere andere Charaktere aus dem Nakayoshi-Magazin.
Wheel of Fortune (USA)	Wheel of Fortune basiert auf der beliebten Spielshow von Merv Griffin. Das Ziel ist das gleiche wie bei der Spielshow, nämlich fehlende Buchstaben zu erraten, um ein Rätsel zu lösen, das dieselben Themen wie in der Show abdeckt, z. B. Ort, Person, Sache, Satz usw. Wie bei der Spielshow die Spieler Drehen Sie das Rad, wählen Sie Konsonanten aus, kaufen Sie Vokale und lösen Sie hoffentlich den Rätselsatz. Das Rad kann in verschiedenen Stärken „gedreht“ werden, indem ein Balken über einen Selektor geschoben wird, und die Chancen, einen Gratisdreh zu erhalten, eine Runde zu verlieren und bankrott zu gehen, bleiben bestehen.
Who Framed Roger Rabbit (USA)	„Wer hat Roger Rabbit umgebracht?“ basiert auf dem gleichnamigen Film. Roger Rabbit lebt in Toontown, wo Zeichentrickfiguren wie er selbst und echte Menschen zusammenleben. Roger wird fälschlicherweise beschuldigt, den mutmaßlichen Liebhaber seiner Frau ermordet zu haben, und muss nun mit Hilfe des Privatdetektivs Eddie Valiant seine Unschuld beweisen. Es handelt sich um ein Actionspiel mit Rätsellösungen. Roger Rabbit kann sich innerhalb von Toontown (und einigen seiner Gebäude) frei bewegen. Der Hauptteil des Spiels besteht darin, mit Menschen zu sprechen, die Roger Hinweise geben, wohin er als Nächstes gehen soll. Außerdem muss er verschiedene Gegenstände sammeln und einsetzen, um im Spiel voranzukommen. Wenn er jedoch durch die Stadt läuft, wird er von Feinden angegriffen, die Rogers Lebensbalken verringern, wenn sie ihn treffen. Es gibt auch einige Bosskämpfe. Einige wenige Gegenstände können eingesetzt werden, um Feinde zu besiegen.
Wild Snake (USA) (SGB Enhanced)	Ein tödliches Schlangennest. Und nur Sie können verhindern, dass sie herauskommen! Manövriere jede neue Schlange so, dass sie eine andere derselben Art berührt und die giftige Viper verschwinden lässt. Klingt einfach? Solange du weiterhin Schlangen kombinierst, hast du die Kontrolle. Aber wenn sich diese giftigen Reptilien bis ganz nach oben drängen, rennen Sie besser um Ihr Leben!
Winner's Horse (Japan)	Es handelt sich um eine Pferderennsoftware, die zwei verschiedene Modi enthält. Es gibt einen Modus, in dem Sie das Siegerpferd vorhersagen können, indem Sie verschiedene Daten aus tatsächlichen Rennen eingeben, und einen Karrieremodus, in dem Sie Ihr Pferd trainieren, es zu Rennen schicken und Preisgelder gewinnen. Das ultimative Ziel des Karrieremodus ist es, eine Milliarde Yen zu gewinnen, um an der Arima Kinen teilzunehmen.
Winter Olympic Games (USA)	Olympische Winterspiele, offizielle Version mit Lizenz der Olympischen Winterspiele in Lillehammer 1994. Dix events havec of parcours réels utilisés à Lillehammer. Affrontez von 1 bis 4 Spielen oder Battez die Rekorde der Olympischen Spiele. Beschlagnahmung zahlt an Vertreter, nicht in Kanada, den Vereinigten Staaten, Frankreich und Japan. Die Sprachen sind nicht Englisch, Französisch, Spanisch, Deutsch und Norwegisch.
Wizardry Gaiden I - Joou no Junan (Japan)	Die Macht des Stabes von Gnilda, dem Artefakt, das die Stadt Llylgamyn schützt, schwindet. Sokusu, die Schwester von Königin Airasu, wurde vor einem Jahr zusammen mit dem bösen Magier Thailand Rossum vermisst. Die Königin hat Abenteurer aufgerufen, Thailan Rossum zu besiegen und ihre Schwester zu finden. Ihre Abenteurergruppe hat diesen Ruf gehört. Wizardry Gaiden ist ein Nebengeschichten-Zauberspiel für den Gameboy. Es handelt sich um einen Originaltitel, der nur auf Japanisch erhältlich ist, und es handelt sich nicht um eine Portierung irgendeiner Computerversion. Sein Entwickler, ASCII, war auch der Entwickler, der die Remakes von Wizardry 1 bis 6 für Famicom und Super Famicom erstellt hat, und als solches behält Wizardry Gaiden weitgehend das gleiche Erscheinungsbild wie andere Konsolentitel der Serie bei. Das Gameplay-System ähnelt am ehesten Wizardry V, mit zusätzlichen Waffen mit großer Reichweite, verbesserten Zaubersprüchen und automatischer Zuordnung.
Wizardry Gaiden II - Kodai Koutei no Noroi (Japan)	Das Spiel findet in der Stadt Al-Mar statt, einer Oase in der östlichen Wüste. Die Trabajadores der Stadt waren unfähig, das Geheimnis der zerstörerischen Ruinen zu enthüllen, aber ohne sie zu verlassen. Die verrückten Tagebücher haben viel Zeit gekostet oder waren vor vielen Jahren gesunken, und die Geheimnisse des Labors sind nur tiefgründig geworden. Wir haben keine auf einer Metallplatte aufgezeichnete Anzeige entdeckt, die den Einwohnern von Al-Mar von dem großen Übel erzählte, an dem sie verzweifelten: Ihre Stadt wurde auf dem Grab des alten Hechicero-Kaisers Harugisu erbaut. Sie können eine Gruppe von sechs Charakteren erstellen, um das Problem als erste Person zu erkunden. Die zufälligen Begegnungen für deine Runden repräsentieren Erfahrungspunkte und Gold, mit denen du die Macht deiner Leute steigern und dein Team verbessern kannst.
Wizardry Gaiden III - Yami no Seiten (Japan)	Die dritte Game Boy-Folge des beliebten 3DRPG. Dieses Mal gibt es mehr Rassen, Berufe und Magie, und Sie können über ein Kommunikationskabel gegen andere Spieler spielen. Dank einer Reihe versteckter Türen und Fallen wurde der Schwierigkeitsgrad noch weiter erhöht, aber Verrückte werden es mit Sicherheit lieben. Dank der Mapping-Funktion ist es perfekt für tragbare Geräte geeignet.
Wizards & Warriors X - The Fortress of Fear (USA, Europe)	Die Ereignisse in Wizards & Warriors X: The Fortress of Fear finden nach den Ereignissen in Ironsword: Wizards & Warriors II statt. Im Spiel ist der Ritterkrieger Kuros zu sehen, „einer der tapfersten Krieger, die jemals das Eisenschwert geführt haben“ und der einzige Mensch, der den bösen Zauberer Malkil besiegt hat. Nach Malkils Niederlage in Ironsword zog er sich für mehr als 17 Jahre zurück, in denen in dieser Zeit niemand etwas von ihm hörte. Dann verschwindet Prinzessin Elaine spurlos, und Kuros glaubt, dass Malkil sie gefangen genommen und in der gefürchteten Festung der Angst in den Wäldern von Zanifer eingesperrt hat. Dann wagt sich Kuros in die Festung der Angst, um Malkil davon abzuhalten, seine bösen Pläne voranzutreiben. Allerdings sind viele Menschen in die Festung der Angst gegangen, aber keiner von ihnen hat überlebt.
Wordtris (USA)	Im Geiste von Tetris kommt Wordtris. Herunterfallende Buchstaben müssen so platziert werden, dass sie Wörter bilden, um sie wegzuräumen. Gelegentlich fallen Bomben, mit denen Sie je nach Bombentyp einen einzelnen Brief oder einen ganzen Stapel wegräumen können. Je größer die Wörter sind, die Sie bilden, desto höhere Punkte erhalten Sie. Wenn Sie genügend Wörter löschen, ohne den Bildschirm zu füllen, gelangen Sie zum nächsten Level.
WordZap (USA)	Word Zap ist ein Puzzlespiel, das von Realtime Associates entwickelt und 1992 von Jaleco Entertainment veröffentlicht wurde. Ziel ist es, aus den angebotenen Buchstaben Wörter zu bilden.
World Beach Volley - 1992 GB Cup (Europe)	World Beach Volley ist, wie der Name schon sagt, eine Beachvolleyball-Simulation, die 1992 auf dem Gameboy veröffentlicht wurde. Das Spiel bietet Ihnen die Möglichkeit, klassische Volleyballspiele zu erleben, mit dem Unterschied, dass Sie hier mit den Füßen im Sand und im Schatten der Palmen Ihrem Lieblingssport nachgehen.
World Bowling (USA)	World Bowling ist ein Bowlingspiel, bei dem der Spieler Bowler aus sechs verschiedenen Ländern (England, China, Japan, Kanada, Frankreich, USA) besiegen muss. Um das Spiel zu gewinnen, müssen alle Spieler nacheinander mit steigender Punkteanforderung (200 bis 250) geschlagen werden – wird der Punktestand einmal verfehlt, geht es wieder auf Null zurück.
World Circuit Series (USA)	World Circuit Series ist die erste tragbare Version des Konami-Klassikers. Es bietet drei Fahrzeugklassen (die Schwierigkeitsgrade darstellen), drei Spielmodi (Training, Einzelrennen und Meisterschaft) und 25 verschiedene Strecken auf der ganzen Welt, von denen einige nur in der entsprechenden Meisterschaft spielbar sind, von der japanischen Formel 3 bis zur F1 World Großer Preis. In jeder Kategorie werden die Strecken länger (was Boxenstopps erzwingt), die Autos werden schneller und die Kurven wechseln von einfachen Kurven mit niedrigem Winkel, die nur leichtes Lenken erfordern, zu Kurven, die etwas Geschick erfordern, um ohne Geschwindigkeitsverlust zu wenden.
World Cup 98 (USA, Europe) (SGB Enhanced)	Das offizielle Spiel der Fußballweltmeisterschaft 1998, die vom 10. Juni bis 12. Juli in Frankreich stattfand, und das erste lizenzierte Weltmeisterschaftsspiel, das von Electronic Arts vertrieben und entwickelt wurde, ausgestattet mit einer verbesserten FIFA 98-Engine, bei der alle 10 Stadien genau nachgebildet sind und alle 32 Teams (plus 8 Teams, die sich nicht qualifiziert haben, aber immer noch zu wichtig sind, um ausgeschlossen zu werden) mit echten Namen und realistischen Outfits.
World Cup USA 94 (Europe) (En,Fr,De,Es,It,Nl,Pt,Sv)	World Cup USA 94 ist ein Top-Down-Fußballspiel, das das gleichnamige Turnier nachbildet. Neben den 24 Mannschaften, die sich für die Weltmeisterschaft qualifiziert haben, können sich auch andere große Fußballnationen wie England, Frankreich und Dänemark anmelden. Das Tackling ist schwierig und das Passspiel ist einfach, was zu einem flüssigen Spielstil von Anfang bis Ende führt. Das Menülayout basiert größtenteils auf Symbolen, wobei das offizielle Maskottchen prominent hervorgehoben ist.
World Heroes 2 Jet (USA, Europe) (SGB Enhanced)	World Heroes 2 JET ist das dritte Spiel in der World Heroes-Serie. Ein drittes Turnier mit Kriegern aus der ganzen Welt (und verschiedenen Zeitaltern) hat begonnen, und es liegt an Ihnen, bis zum Schluss zu kämpfen, um herauszufinden, wer es organisiert. Das Spiel ist ein Upgrade/Verbesserung von World Heroes 2 und enthält viele neue Funktionen: - Zwei neue Kämpfer, Jack und Ryofu, wurden dem Spiel hinzugefügt. - Zwei völlig neue Kampfmodi wurden hinzugefügt: &quot;Entry to the Tournament&quot; (Story-Modus) und &quot;The Forging of Warriors&quot;. - Sie können jetzt in Richtung Ihres Gegners rennen oder von ihm weg. - Wenn Sie und Ihr Feind sich gegenseitig mit einem Angriff gleicher Stärke treffen, frieren Sie einen Moment lang ein und stoßen sich gegenseitig weg. - Es wurden auch völlig neue Bereiche und Musikstücke hinzugefügt.
World Ice Hockey (Japan) (En)	World Ice Hockey ist ein Top-Down-Eishockeyspiel. Der Spieler hat die Wahl zwischen acht Nationalmannschaften (URS, Kanada, Finnland, Deutschland, Tschechische Republik, Schweden, USA und Japan), die entweder ein Freundschaftsspiel oder ein Turnier bestreiten können; Letzteres ist eine Reihe von Spielen, die gewonnen werden müssen. Verschiedene taktische Optionen, die außerdem vor und während des Spiels eingestellt werden können, bieten keine Überraschungen: Wenn der Spieler den Puck hat, ist es möglich, entweder zu passen oder zu schießen. Im umgekehrten Fall kann ein Foul eine sinnvolle Option sein. Manchmal können während der Spiele zwei Spieler gegeneinander kämpfen.
Worms (Europe)	Worms ist ein rundenbasiertes Strategiespiel. Jeder Spieler steuert ein Team aus mehreren Würmern. Im Laufe des Spiels wählen die Spieler abwechselnd einen ihrer Würmer aus. Sie verwenden dann alle verfügbaren Werkzeuge und Waffen, um die Würmer der Gegner anzugreifen und zu töten, wodurch sie das Spiel gewinnen. Der Spieler kann sich auf verschiedene Arten im Gelände bewegen. Jede Runde ist zeitlich begrenzt. Im Spiel gibt es fünfzig verschiedene Waffen. Außerdem gibt es im Spiel auch Fallen, wie Landminen oder explosiven Fässern. Die Würmer können auch durch die Gifte der Waffen oder durch ertränken sterben
WWF King of the Ring (USA, Europe)	WWF King of the Ring ist ein Wrestlingspiel, das die Lizenz der World Wrestling Federation verwendet. Jeder Wrestler verfügt über persönliche Eigenschaften in drei Kategorien: Kraft, Geschwindigkeit und Ausdauer. Die Wrestler teilen sich die gleichen Bewegungen, bestehend aus Schlägen, Tritten, Body Slam, Wurf, Dropkick, Suplex, Stomps, Elbow Drops und einer Bewegung vom Turnbuckle. Es gibt keine charakteristischen Bewegungen, die für jeden Wrestler einzigartig sind. Insgesamt gibt es elf Wrestler: Hulk Hogan, Randy Savage, Lex Luger, Yokozuna, Razor Ramon, Bret Hart, Shawn Michaels, Mr. Perfect, Bam Bam Bigelow, The Undertaker (die letzten beiden fehlen in der GameBoy-Version) und Ein Wrestler, den der Spieler mit benutzerdefinierten Attributen erstellen kann. Das Spiel bietet Einzelspiele, Meisterschaftsspiele, Tag-Team-Spiele und das King of the Ring-Turnier.
WWF Raw (USA, Europe)	WWF Raw ist ein professionelles Wrestling-Spiel mit 10 Superstars der World Wrestling Federation. Zu den Wrestlern, aus denen Sie wählen können, gehören Bret „Hit Man“ Hart, Bam Bam Bigelow, 1-2-3 Kid, Diesel, Doink, Lex Luger, Luna Vachon, Owen Hart, Razor Ramon, Shawn Michaels, Undertaker und Yokozuna. In diesem Spiel versuchen Sie, Ihren Gegner auf der Matte festzunageln, indem Sie seinen Leistungsmesser reduzieren, bis er nicht mehr kämpfen kann. Es müssen zahlreiche Bewegungen ausgeführt werden, darunter Spannschlossmanöver und „illegale“ Handlungen wie das Schlagen des Gegners mit einem Metallklappstuhl. Dieses Spiel unterstützt bis zu 4 gleichzeitige Spieler und verfügt über die folgenden Spielmodi: One-on-One, Tag Team, Bedlam, Survivor Series, Royal Rumble, Raw Endurance Match und Rematch.
WWF Superstars (USA, Europe)	WWF Superstars ist ein lizenziertes Wrestlingspiel. Spieler können zwischen fünf WWF-Superstars wählen: Ultimate Warrior, Hulk Hogan, Macho King Randy Savage, Mr. Perfect und dem Million Dollar Man, um es mit Gegnern im Ring aufzunehmen. Es gibt viele Bewegungen, die von allen Wrestlern ausgeführt werden können: Body Slam, Suplex, Clothesline und andere. Darüber hinaus gibt es für jeden Superstar einzigartige Spezialbewegungen. Über den Game Boy Gamelink können zwei Spieler gegeneinander antreten.
WWF Superstars 2 (USA, Europe)	Ein Wrestling-Spiel mit sechs verschiedenen WWF-Wrestlern. Hulk Hogan, Macho Man Randy Savage, Sid Justice, Jake the Snake Roberts, der Undertaker und der Mountie sind die spielbaren WWF-Superstars. Zu den Spielmodi gehören ein Einzelspiel, ein Tag-Team-Spiel und ein Turnier. Die Kämpfe können entweder in einem normalen Ring oder im Stahlkäfig stattfinden. Der Schwierigkeitsgrad der Computergegner kann auf leicht, mittel oder schwer eingestellt werden. Das Gameplay beinhaltet typische Wrestling-Manöver gegen einen Gegner im Ring. Jeder Wrestler hat einen Energieriegel, der bei einer Verletzung leer wird. Je niedriger ihre Energie, desto größer ist die Wahrscheinlichkeit, dass sie festgehalten werden. Das Ziel des Spiels ist es, den Gegner so lange festzunageln, bis der Schiedsrichter bis drei zählt.
WWF War Zone (USA, Europe)	Betreten Sie die Kriegszone! Über ein Dutzend WWF-Superstars: Stone Cold Steve Austin, Kane and The Undertaker, Shawn Michaels und mehr! 4 ausgefallene Spielmodi: Cage Match! Meisterschaftsherausforderung! VS. und Tag-Team! In- und Out-Ring-Action: Über 40 Bewegungen pro Charakter! Signature- und Finishing-Moves! Fehden, Grollkämpfe und persönliche Rachefeldzüge!
X (Japan)	In X steuert der Spieler einen Raumpanzer, der zu einem anderen Planeten geschickt wird, um die Erde vor einer außerirdischen Invasion zu schützen. Es gibt zehn Missionen mit unterschiedlichen Zielen, die von der Wiederherstellung der Elektrizität über ein Kraftwerk bis hin zu „Such- und Zerstörungsmissionen“ reichen. Der Spieler kann den Panzer frei durch die Welt steuern, es gibt jedoch feindliche Patrouillen, die das Feuer eröffnen. Die Alternative besteht darin, durch unterirdische Tunnel zu gehen, wo es Orte gibt, an denen man den Panzer und seine Waffen auffüllen kann. Der Spieler hat für jede Mission und jedes Schild für den Panzer nur eine begrenzte Zeitspanne. Wenn einer von ihnen aufgebraucht ist, endet das Spiel.
Xenon 2 (USA, Europe)	Xenon 2: Megablast ist ein vertikal scrollender Weltraum-Shooter, in dem Sie mehrere Level voller Feindwellen passieren müssen, die alle mit einer Level-Boss-Kreatur enden. Für jede Gruppe von Feinden, die Sie zerstören, erhalten Sie eine Geldbelohnung. Von Zeit zu Zeit betreten Sie Colins Bargain Basement, wo Sie mit diesem Geld Upgrades für Ihr Schiff kaufen können, z. B. bessere Waffen, Geschwindigkeits- und Gesundheits-Upgrades usw. Einige Upgrades können ebenfalls vorhanden sein während der Levels aufgegriffen werden. Der erste Teil des Spiels fühlt sich organisch an, während es im zweiten Teil des Spiels um mechanische Gegner geht. Da es im Spiel einige labyrinthartige Abschnitte mit Sackgassen gibt, scrollt Ihr Raumschiff rückwärts, wenn Sie die Abwärtstaste gedrückt halten. Das Spiel ist ein typischer Bitmap Brothers-Hit und auch für seinen Soundtrack der britischen Electronica-Gruppe Bomb The Bass bekannt.
Yakuman (Japan)	Eines der vier Original-Game-Boy-Spiele, die für die japanische Veröffentlichung dieses Systems am 21. April 1989 erhältlich waren. Es wurde neben Alleyway, Super Mario Land und Baseball veröffentlicht und zeichnet sich dadurch aus, dass es der einzige der vier japanischen Game-Boy-Starttitel war, die es nie gab außerhalb Japans veröffentlicht. Bei zwei Exemplaren, zwei Game Boys und einem Link-Kabel ist ein Zwei-Spieler-Modus möglich.
Yogi Bear's Gold Rush (USA)	Der Jellystone-Nationalpark ist in Schwierigkeiten und es liegt an Yogi Bear, den Tag zu retten. Das Geld, das nötig ist, um den Park über den Winter hinweg am Laufen zu halten, wurde von einem bösen Geist namens Jake gestohlen, der entschlossen ist, den Park zu schließen, und von ihm irgendwo im Park in zwölf Safes versteckt. Der Spieler muss zu sechs verschiedenen Orten reisen, um diese Safes zu finden (einen Wald, ein Piratenschiff, die Großstadt, eine unterirdische Höhle, den alten Westen und ein finales Showdown mit Jake).
Yomihon Yumegoyomi - Tenjin Kaisen 2 (Japan)	Ein Abenteuerspiel mit RPG-Elementen. Der Protagonist ist Lehrer eines Schultempels und kämpft mit Hilfe der fünf Götter der Tenjin-Welt gegen die Monstrositäten, die die Menschenwelt erobern. Es ist eine ganz andere Art von Spiel. Ist eher ein Abenteuer. Kombiniere in der Kampfszene Karten, um sie zu bewegen. Sie haben ein ganz besonderes Gefühl. Wenn Sie also ein anderes Gefühl haben, ist dies das richtige Spiel für Sie.
Yoshi (USA)	Du musst Mario helfen, sich der Invasion aus der Luft zu stellen! Wenn die Tiere herunterfallen, fangen Sie sie auf Tabletts auf. Wechseln und mischen Sie, um den Tag zu retten! Stapeln Sie zwei Gleiche und beide verschwinden. Oder fangen Sie die gesamte Traube zwischen den Eierschalen ein. Wenn die Eierschalen übereinstimmen, schlüpfen Sie in Yoshi und Ihre Punktzahl steigt! Die Action wird hitziger, da die Charaktere immer schneller fallen. Wenn Ihre Stapel zu hoch werden, ist das Spiel vorbei. Wählen Sie Ihren Schwierigkeitsgrad und spielen Sie um einen Highscore oder fordern Sie einen Freund zu einem direkten Duell heraus! Wenn Sie Dr. Mario lieben, aber bereit für eine völlig neue Herausforderung sind, werden Sie dieses schnelle Action-Puzzlespiel lieben!
Yoshi's Cookie (USA, Europe)	Yoshi's Cookie ist ein schnelles Puzzlespiel. Der Spieler verschiebt zufällig platzierte Kekse in Reihen und Spalten von Keksen mit ähnlichen Mustern. Wenn eine Reihe oder Spalte mit denselben Keksen erfolgreich zusammengesetzt wurde, verschwindet die Linie und der Spieler kann mit einer neuen Reihe oder Spalte arbeiten. Der &quot;Yoshi&quot;-Keks ist sowohl im Einzelspieler- als auch im Mehrspielermodus sehr besonders. Da dieser Keks der Schlüssel für beide Spiele ist, sollte er klug eingesetzt werden.
Yu Yu Hakusho (Japan)	Ein Actionspiel, das auf dem gleichnamigen Manga basiert. Neben einem Modus, in dem Sie die Geschichte des Originals genießen können, gibt es auch einen Kampfmodus, in dem Sie gegen den Computer oder gegen Ihre Freunde eins zu eins spielen können. Die folgenden Steuerelemente stellen tendenziell sicher, dass es sich bei dem Spiel eher um ein Golf- und Correr-Spiel handelt, die aufwändigen Grafiken lassen jedoch eher auf ein Golf- und Correr-Spiel schließen. Von allen Modi sind einige Bewegungen so gut, dass Sie sie ernsthaft genießen können.
Yu Yu Hakusho Dai-2-dan - Ankoku Bujutsukai Hen (Japan)	Es deckt den Bereich zwischen einem Lucha-Spiel basierend auf einem beliebten Manga ab. Hay dos modos: einer, der die ursprüngliche Geschichte markiert, und ein anderer, der Ihren Lieblingsmodus erstellen kann. Der Schwierigkeitsgrad kann für Mädchen angepasst werden. Dies ist ein neuer Punkt, der den Schwierigkeitsgrad für Mädchen erhöht. Es heißt, dass Yu Yu viele weibliche Fans hat. Das könnte gut sein.
Yu Yu Hakusho Dai-3-dan - Makai no Tobira Hen (Japan)	Der dritte Teil des Actionspiels, das auf der beliebten Anime-Serie basiert, ist, was es ist, und das Ziel besteht darin, Sensui zu vernichten, der sich verschworen hat, Menschen zu vernichten. Elige zwischen vier verschiedenen Personen und Fortschritten. Diese Serie ist seltsam, weil die Bewegungen der Charaktere überraschend zart sind. Das System zur Erhöhung der Anzahl der Ausrüstungsgegenstände hilft dabei, das Level der Person zu erhöhen, sodass Sie diese freischalten können. Wir können vermeiden, dass die Argumentation ein wenig leicht zu verstehen ist, aber die Charaktere sind so attraktiv, dass sie dies mit Creces kompensieren.
Yu Yu Hakusho Dai-4-dan - Makai Touitsu Hen (Japan) (SGB Enhanced)	Dies ist der vierte Teil des Kampf-Actionspiels mit Charakteren aus dem beliebten Manga „Yu Yu Hakusho“. Das Spiel verfügt über einen Modus, der der Geschichte der ursprünglichen Geschichte der Vereinigung der magischen Welt folgt.
Yu-Gi-Oh! Duel Monsters (Japan) (SGB Enhanced)	Yu-Gi-Oh Duel Monsters war das erste Spiel in einer Reihe, das Yu-Gi-Oh Dark Duel Stories in den Rest der Welt bringen würde. Es war die erste Spieladaption des Duel Monsters-Spiels aus dem Yu-Gi-Oh-Manga und war eines von 2 Spielen aus dem Franchise für den Game Boy, das andere war Yu-Gi-Oh Capsule Monsters GB. Das Ziel des Spiels ist es, dass der Spieler 5 Stufen von Duell-Monsterschlachten durchläuft, um schließlich Dark Yugi zu besiegen. Um die nächste Stufe der Duellanten freizuschalten, müsste der Spieler jeden Duellanten in dieser Stufe mehrmals hintereinander schlagen.
Zen - Intergalactic Ninja (USA)	Die größte Umweltkatastrophe der Menschheitsgeschichte steht vor der Tür. Aber Sie geben nicht nach, denn Sie sind Zen, ein kaltblütiger Ninja-Krieger, der auf die Erde gekommen ist, um sich Lord Contaminous und seinen heimtückischen Handlangern zu stellen.
Zerd no Densetsu (Japan)	Ein RPG-Abenteuer, das auf dem Planeten Ur spielt, der über 10 Kontinente unterschiedlicher Größe verfügt. Die Mission des Spielers besteht darin, die Welt zu bereisen, sein eigenes Schicksal zu erkunden und seine Aufgaben zu erfüllen. Die Weltanschauung ist so tiefgründig wie ein Fantasy-Roman von Kaoru Kurimoto, und das ist gut so. Die Ereignisse sind zahlreich und die Umgebung ist so gestaltet, dass sie das Interesse des Spielers aufrechterhält.
Zerd no Densetsu 2 - Xerd!! Gishin no Ryouiki (Japan)	Die Welt geriet aufgrund einer Lawine von Dämonen in Verwirrung. Das Prinzip von Keeg unternahm eine Reise, um der Ursache auf den Grund zu gehen. Denn ihr Mann Gudolf engagierte sich für diese Sache. Das Spielsystem ist ein orthodoxes Rollenspiel. Auf dem Weg habe ich meine große Tochter getroffen und Freunde getroffen. Der Protagonist fand sich während des Spiels wieder und er war einer seiner Freunde.
Zettai Muteki Raijin-Oh (Japan)	Eine Adaption des Spiels aus einem beliebten Fernseh-Anime. Eine Gruppe von Grundschülern zog um, um die Tierra del Malvado Imperio Jerk zu schützen. Das Grundspiel ist ein Seitwärtsbewegungs-Actionspiel. Luchan kontert die Dimensionen der Malvadas Bestias eins zu eins. Der Spieler kann drei Maschinen verwenden, einschließlich der kombinierten Maschinen Raisin-O oder God Raisin-O.
Zoids Densetsu (Japan)	Zoids Densetsu ist ein Side-Scrolling-Shoot-'em-up-Spiel, das während Century Zero im Zoids-Universum spielt. Der Spieler muss sich für eine Seite entscheiden: Helic Republic oder Zenebas Empire und dann in einem Mech in die Schlacht stürzen. Das Gameplay ist ein typisches Shoot 'em up: Dein Mech fliegt von links nach rechts, schießt auf Feinde und konfrontiert Bosse am Ende der Etappen. Wenn dein Mech besiegt wird, bestiegst du einen anderen mit unterschiedlichem Aussehen und Waffen.
Zool - Ninja of the 'Nth' Dimension (USA)	Sein Name ist Zool und er ist eine Gremlin-ähnliche Kreatur aus einer anderen Dimension. Er ist gezwungen, auf der Erde zu landen, aber sein einziges Ziel ist es, prestigeträchtigen Rang eines Ninja zu erreichen. Dazu muss Zool durch sechs Welten reisen, die jeweils in drei Stufen unterteilt sind, seine Feinde besiegen und sich dieses Titels würdig erweisen. Zool ist ein rasanter Side-Scrolling-Plattformer. Der Protagonist kann rennen, springen, Wände erklimmen und Feinde erschießen. Power-Ups für Zool sind über die Level verteilt. Dazu gehören lebensverzehrende Herzen, intelligente Bomben, Schilde, stärkere Sprungfähigkeiten und ein Zwillings-Zool. Dieser &quot;Zwilling&quot; imitiert die Bewegungen des Originals einige Sekunden nachdem er sie ausgeführt hat. Im Optionsmenü kann der Spieler den Schwierigkeitsgrad und die Spielgeschwindigkeit (zweimal), die Anzahl der Fortsetzungen und die Hintergrundmusik (Rock oder Funk) ändern.
Zoop (USA, Europe)	Zoop ist ein rasantes Puzzlespiel, bei dem der Spieler farbige Formen, die sich seinem Alter Ego, einer anderen farbigen Form, nähern, eliminiert, bevor sie die Spitze erreichen, ähnlich wie bei Tetris. Um die anderen Formen zu eliminieren, müssen Sie Ihre Figur darauf richten und „feuern“. Wenn die Form die gleiche Farbe wie Ihr Stein hat, wird die Form sowie alle dahinter liegenden Formen derselben Farbe eliminiert, bis Ihr Stein auf einen Stein einer anderen Farbe trifft. Wenn die Form eine andere Farbe hat oder beim Sammeln einer Reihe ähnlicher Formen getroffen wird, tauscht Ihr Spielstein die Farben mit der Form aus.
